Crime ID,Month,Reported by,Falls within,Longitude,Latitude,Location,LSOA code,LSOA name,Crime type,Last outcome category,Context
faf49d8c0211d59bf55bd88573b6a7fb8994f31cfcfe3212f1e4bd4b54ac129c,2026-02,North Yorkshire Police,North Yorkshire Police,-1.766478,53.921828,On or near Southway,E01010768,Bradford 003B,Other theft,Under investigation,
16eb48ba66f008a0444c529ec8860d88b240169bc4fc08af9eeb3249401e409a,2026-02,North Yorkshire Police,North Yorkshire Police,-2.002397,53.870949,On or near Long Gate,E01010855,Bradford 023B,Vehicle crime,Under investigation,
a4ddc7168022cd083c9f5a4d6b09c68be28c2f311d51300da460a6ce883af21f,2026-02,North Yorkshire Police,North Yorkshire Police,-1.723108,53.814061,On or near Lavell Mews,E01010825,Bradford 032C,Burglary,Under investigation,
,2026-02,North Yorkshire Police,North Yorkshire Police,-2.314860,53.799432,On or near Station Road,E01024885,Burnley 004C,Anti-social behaviour,,
41c57f5e1f4e93d9273ae6fb3f5b256f85863451ab9a4148551e8287ea869f42,2026-02,North Yorkshire Police,North Yorkshire Police,-2.537480,54.119264,On or near Main Street,E01027558,Craven 001A,Criminal damage and arson,Under investigation,
64a606259aefb427f06840afba06551841a2ad469e01ffe49ad059f6f5ba6d44,2026-02,North Yorkshire Police,North Yorkshire Police,-2.537480,54.119264,On or near Main Street,E01027558,Craven 001A,Criminal damage and arson,Unable to prosecute suspect,
e039769c006096aceb0f143d7f6db85d4349ddff7684472aab38c8e160e18d38,2026-02,North Yorkshire Police,North Yorkshire Police,-2.537480,54.119264,On or near Main Street,E01027558,Craven 001A,Criminal damage and arson,Under investigation,
ee308410de13650891e713608e1741793b51438df2d94a7e15582165004c2dd5,2026-02,North Yorkshire Police,North Yorkshire Police,-2.545291,54.115229,On or near Eskew Crescent,E01027558,Craven 001A,Criminal damage and arson,Unable to prosecute suspect,
df947a7575910c2fd6e00828d6b6ef25a670cdd7f73c3f9e758b4ebe9b78cfbc,2026-02,North Yorkshire Police,North Yorkshire Police,-2.532158,54.144443,On or near Duke Street,E01027558,Craven 001A,Drugs,Under investigation,
70698ff0a49231004c7c5649b8817a9e7dc645a633199fbea986fb7d253e1708,2026-02,North Yorkshire Police,North Yorkshire Police,-2.536419,54.125892,On or near Burton Road,E01027558,Craven 001A,Other theft,Investigation complete; no suspect identified,
2e3ba889c9b5e11fef59e9122498387a1382b1e2d1816650427cad6c6f844121,2026-02,North Yorkshire Police,North Yorkshire Police,-2.545291,54.115229,On or near Eskew Crescent,E01027558,Craven 001A,Public order,Formal action is not in the public interest,
afe4e685bb43cdba6f84a70ddb3273daea4d80bf533e2b5b848652371ea3bb49,2026-02,North Yorkshire Police,North Yorkshire Police,-2.537319,54.122176,On or near Yewtree Drive,E01027558,Craven 001A,Vehicle crime,Investigation complete; no suspect identified,
32729eccdfe1863c5eeaff6396122cfaa1814eb36f0395662e7d593f7280fb90,2026-02,North Yorkshire Police,North Yorkshire Police,-2.537480,54.119264,On or near Main Street,E01027558,Craven 001A,Violence and sexual offences,Under investigation,
4884506cc666ff909734cb6d6177435fb56b5a970b98d95649723a88c7a32cb0,2026-02,North Yorkshire Police,North Yorkshire Police,-2.537480,54.119264,On or near Main Street,E01027558,Craven 001A,Violence and sexual offences,Unable to prosecute suspect,
dc076162d41727fdb435a80239e779eda0522e1a11ad3f1bb00e1b90529f48b5,2026-02,North Yorkshire Police,North Yorkshire Police,-2.537480,54.119264,On or near Main Street,E01027558,Craven 001A,Violence and sexual offences,Unable to prosecute suspect,
c322906be1ef0c3398ca8c9655cd7b7660fa9bc7fc20f94b8126351e52245ea4,2026-02,North Yorkshire Police,North Yorkshire Police,-2.537480,54.119264,On or near Main Street,E01027558,Craven 001A,Violence and sexual offences,Under investigation,
8699922d9d4cfa663f03756e8d37a224a7f51d7b8d56906ba8005dcd0c178c2c,2026-02,North Yorkshire Police,North Yorkshire Police,-2.537480,54.119264,On or near Main Street,E01027558,Craven 001A,Violence and sexual offences,Unable to prosecute suspect,
e897130b5e20ce8757a75303836cf68c623c79e9f480fbd9b4d689522cc06423,2026-02,North Yorkshire Police,North Yorkshire Police,-2.537480,54.119264,On or near Main Street,E01027558,Craven 001A,Violence and sexual offences,Under investigation,
2d002a2b26acbc7dd16604ab651da2714a441b3d6af0f33a0df1964410657ac2,2026-02,North Yorkshire Police,North Yorkshire Police,-2.545291,54.115229,On or near Eskew Crescent,E01027558,Craven 001A,Violence and sexual offences,Under investigation,
16a2ecd6fce10f36b18abfe405ef8c36823a71cfa3d17994384a25b208018a45,2026-02,North Yorkshire Police,North Yorkshire Police,-2.537048,54.121097,On or near Sports/Recreation Area,E01027558,Craven 001A,Violence and sexual offences,Unable to prosecute suspect,
,2026-02,North Yorkshire Police,North Yorkshire Police,-2.510762,54.118778,On or near Parking Area,E01027559,Craven 001B,Anti-social behaviour,,
,2026-02,North Yorkshire Police,North Yorkshire Police,-2.506713,54.119199,On or near Highcroft,E01027559,Craven 001B,Anti-social behaviour,,
2f94641b0ae58e3482c445ca9b225f664e3de2718f4b82291d3cfe757758d89b,2026-02,North Yorkshire Police,North Yorkshire Police,-2.507382,54.120122,On or near Butterbergh,E01027559,Craven 001B,Other theft,Under investigation,
897b10583f1b6b51e46b88faed22424e002950de1375e257cd28aeb2e2aed5d0,2026-02,North Yorkshire Police,North Yorkshire Police,-2.513759,54.113723,On or near Mayfield Road,E01027559,Craven 001B,Vehicle crime,Under investigation,
5e064cebafa762623e71df245baa62ce05bbe639a119b95f4f0895f8919cd979,2026-02,North Yorkshire Police,North Yorkshire Police,-2.512538,54.113926,On or near Wenning Avenue,E01027559,Craven 001B,Vehicle crime,Investigation complete; no suspect identified,
92152b0f049d58e11530efe04816885473a4980b981d047bba77c6a8b8e0aa5f,2026-02,North Yorkshire Police,North Yorkshire Police,-2.509503,54.118177,On or near Supermarket,E01027559,Craven 001B,Violence and sexual offences,Under investigation,
2c2352e37a2462149efd11d6d35b4c55d69ad47bb3364041596bf0b14b416b55,2026-02,North Yorkshire Police,North Yorkshire Police,-2.458082,54.152891,On or near Fell Lane,E01027570,Craven 001D,Burglary,Under investigation,
02c1e6afc558ce379b05f97734cec6dac53a03c99d5db912700d9d4ef097809a,2026-02,North Yorkshire Police,North Yorkshire Police,-2.467021,54.149963,On or near Low Demesne Close,E01027570,Craven 001D,Burglary,Under investigation,
822f9467e71cedfe344694b46fb48571165a7d53bdd93efa547f38857d3e8f7f,2026-02,North Yorkshire Police,North Yorkshire Police,-2.468121,54.153805,On or near Supermarket,E01027570,Craven 001D,Criminal damage and arson,Investigation complete; no suspect identified,
413104fa1d2bf66355b0b2769108e7f0daa7c4ef72840636685a49a2fdda4009,2026-02,North Yorkshire Police,North Yorkshire Police,-2.398714,54.192162,On or near Low Sleights Road,E01027570,Craven 001D,Criminal damage and arson,Investigation complete; no suspect identified,
64bacacb70e845356f5a8d3667c55904bbdad05659f8ffcf6fb53c82ab311c10,2026-02,North Yorkshire Police,North Yorkshire Police,-2.468091,54.147100,On or near New Village,E01027570,Craven 001D,Other theft,Under investigation,
ca9e4b93fc4ba9fc13d8a0cbde70720ac8756f8d9287aeb080df121235304b14,2026-02,North Yorkshire Police,North Yorkshire Police,-2.469428,54.146134,On or near Supermarket,E01027570,Craven 001D,Other theft,Under investigation,
dbe4a7808e3ec100c1bf57f448c161e3f6edd3fd34809aebbd6394aa80b6564a,2026-02,North Yorkshire Police,North Yorkshire Police,-2.468882,54.150647,On or near Back Gate,E01027570,Craven 001D,Violence and sexual offences,Unable to prosecute suspect,
8d982d02656dc877da90536278c8e9d48fe7dae7d1e24c3ea82a2b27483e1ef6,2026-02,North Yorkshire Police,North Yorkshire Police,-2.468091,54.147100,On or near New Village,E01027570,Craven 001D,Violence and sexual offences,Under investigation,
aa5a5713565f6600a7678abd26f81fddfa2661191686da2d935331c437ff34db,2026-02,North Yorkshire Police,North Yorkshire Police,-2.469180,54.151302,On or near Burnmoor Crescent,E01027570,Craven 001D,Violence and sexual offences,Under investigation,
6a8894dd30a7317dd69f0106971bba8ac13e29a240dff55e209654a0ca0b04f3,2026-02,North Yorkshire Police,North Yorkshire Police,-2.469180,54.151302,On or near Burnmoor Crescent,E01027570,Craven 001D,Violence and sexual offences,Under investigation,
f1a97351d9b6b7b5d213a073a74abad407e6b03e48addd5c0352c9253a398b50,2026-02,North Yorkshire Police,North Yorkshire Police,-2.468091,54.147100,On or near New Village,E01027570,Craven 001D,Other crime,Under investigation,
,2026-02,North Yorkshire Police,North Yorkshire Police,-2.252949,54.018882,On or near Jubilee Croft,E01027568,Craven 003A,Anti-social behaviour,,
bdf2468991e339467890fdf36a3551c69529476b345410f385084888378c43bc,2026-02,North Yorkshire Police,North Yorkshire Police,-2.228337,54.006025,On or near Kendal Road,E01027568,Craven 003A,Criminal damage and arson,Investigation complete; no suspect identified,
3fcf82ded8408f9e8b9b369822f0c33bf5497d2722454dbfbb7b6b0f41209bb2,2026-02,North Yorkshire Police,North Yorkshire Police,-2.290663,54.143605,On or near Parking Area,E01027571,Craven 003B,Burglary,Investigation complete; no suspect identified,
4fad19c3ec6817a03b84024a0a71a70a215816d4ed2b6bf6a361f06407d2a8d4,2026-02,North Yorkshire Police,North Yorkshire Police,-2.289896,54.145862,On or near Parking Area,E01027571,Craven 003B,Burglary,Under investigation,
494d4bc89948eee928b953a321c7718fd7f63b8e9636821af9e16eb1caeded00,2026-02,North Yorkshire Police,North Yorkshire Police,-2.291177,54.066411,On or near Bankwell Close,E01027571,Craven 003B,Violence and sexual offences,Under investigation,
02de4430376a4d31f6bd5957da037e88c5ad919e1996924b2b0aa0d30d7f61c7,2026-02,North Yorkshire Police,North Yorkshire Police,-2.287316,54.069243,On or near Riversdale,E01027571,Craven 003B,Violence and sexual offences,Under investigation,
3d6b5de0bd7732ebedcab274780f288c85ac41525ca9034e1a1f0af21082c143,2026-02,North Yorkshire Police,North Yorkshire Police,-2.290328,54.071779,On or near Church Street,E01027571,Craven 003B,Violence and sexual offences,Under investigation,
3220ab93637e9282d7ff4c9fe6d3a82620b44c5b8244dfdf56317d40d8f33f56,2026-02,North Yorkshire Police,North Yorkshire Police,-2.287316,54.069243,On or near Riversdale,E01027571,Craven 003B,Violence and sexual offences,Under investigation,
bb3d39ccf994b2cc02de8d44bc89a7e858b42d8409e0ee34f9c1e11d29e93a4e,2026-02,North Yorkshire Police,North Yorkshire Police,-2.273769,54.102870,On or near Goat Lane,E01027571,Craven 003B,Violence and sexual offences,Unable to prosecute suspect,
,2026-02,North Yorkshire Police,North Yorkshire Police,-2.274466,54.081011,On or near New Street,E01027572,Craven 003C,Anti-social behaviour,,
231d224e1d88ff9df6dc1791106b87856e098477f9e02b5f065a55e47c9cbf4f,2026-02,North Yorkshire Police,North Yorkshire Police,-2.282695,54.068400,On or near Supermarket,E01027572,Craven 003C,Shoplifting,Investigation complete; no suspect identified,
358e6e8296ee5967e7f1e8b33835692754ecaf29807ecf31591b5608018deb61,2026-02,North Yorkshire Police,North Yorkshire Police,-2.281139,54.071064,On or near Tillman Close,E01027572,Craven 003C,Violence and sexual offences,Under investigation,
d003681ea6f0ffdea9aa39c53c1654feecf3b2c1952058b487397d1e1d05ddef,2026-02,North Yorkshire Police,North Yorkshire Police,-2.276290,54.068019,On or near Delaney Court,E01027572,Craven 003C,Violence and sexual offences,Unable to prosecute suspect,
2c05b9d224449ca7259e63ea3afb54dc5b5f7a41dc446737c4b373bd15a09ef0,2026-02,North Yorkshire Police,North Yorkshire Police,-2.284746,54.071163,On or near Riverside View,E01027572,Craven 003C,Violence and sexual offences,Under investigation,
1077b0f30064e9233cc320b16d6516b7bf82e4279b2f779c8fbf33ab5e29f9dc,2026-02,North Yorkshire Police,North Yorkshire Police,-2.276600,54.068594,On or near Market Place,E01027572,Craven 003C,Violence and sexual offences,Under investigation,
,2026-02,North Yorkshire Police,North Yorkshire Police,-2.332908,54.032285,On or near Old Oliver Lane,E01027573,Craven 003D,Anti-social behaviour,,
d32fbbff3788ff1f9d8c3b5ea8aa41aa2ec8164a1ea9d163ab40caca593da270,2026-02,North Yorkshire Police,North Yorkshire Police,-2.243348,53.984829,On or near Brook Lane,E01027573,Craven 003D,Burglary,Under investigation,
49f0a93031205d9cc52b13bbf1f52584edae8aefbbe7e838cad437665102bec0,2026-02,North Yorkshire Police,North Yorkshire Police,-2.335417,53.996911,On or near Clover Leaf,E01027573,Craven 003D,Other theft,Investigation complete; no suspect identified,
e08abde607974ba9fce094d7ed49cc144d64149a9e9e69bc0222c4cc5470eb1d,2026-02,North Yorkshire Police,North Yorkshire Police,-1.996519,53.961861,On or near Elsey Close,E01027574,Craven 005A,Violence and sexual offences,Under investigation,
9e37fd603ccb0a5edb97c96f5c2fe6f73de64d3ff1338bb476d1d737bfb19597,2026-02,North Yorkshire Police,North Yorkshire Police,-2.004338,53.964647,On or near Kingsway,E01027574,Craven 005A,Violence and sexual offences,Unable to prosecute suspect,
df40e4faa8fa26a8b3a6358660fd5fe3cd177943958e4841fd5ba7a44e750200,2026-02,North Yorkshire Police,North Yorkshire Police,-2.008606,53.965222,On or near Regent Road,E01027574,Craven 005A,Violence and sexual offences,Under investigation,
b71513bbd47b870c6de06e93caead48896e94dbc33bf10ac8d8cd2643f86752c,2026-02,North Yorkshire Police,North Yorkshire Police,-2.001823,53.958436,On or near Aldersley Avenue,E01027575,Craven 005B,Violence and sexual offences,Under investigation,
,2026-02,North Yorkshire Police,North Yorkshire Police,-2.019885,53.963342,On or near Prospect Place,E01027577,Craven 005C,Anti-social behaviour,,
,2026-02,North Yorkshire Police,North Yorkshire Police,-2.015190,53.960916,On or near Court Lane,E01027577,Craven 005C,Anti-social behaviour,,
3419960850c78af4c01bfc3311b9fd457ec06b0b7ca51bd653bb49a61dd0e727,2026-02,North Yorkshire Police,North Yorkshire Police,-2.015601,53.960817,On or near Providence Place,E01027577,Craven 005C,Criminal damage and arson,Investigation complete; no suspect identified,
d2c9b08432848779484818be55d5bed737fc29330faf5cd80ad4cb42bfff02f2,2026-02,North Yorkshire Police,North Yorkshire Police,-2.016195,53.960988,On or near Kendals Yard,E01027577,Craven 005C,Drugs,Under investigation,
dc8c0a78d3b0f5a12461c92343451844b0c2a4752f185d980d9ed0c598ad9399,2026-02,North Yorkshire Police,North Yorkshire Police,-2.017674,53.961545,On or near Hallam'S Yard,E01027577,Craven 005C,Other theft,Under investigation,
806a2c07e7d12facb0136b4aa5f055381305000c10f94cf66bdd934f2ce31b43,2026-02,North Yorkshire Police,North Yorkshire Police,-2.017674,53.961545,On or near Hallam'S Yard,E01027577,Craven 005C,Other theft,Under investigation,
f000ced8fc04e5e8442de6f6499ab995978e1b8f6515312518e73b8ae3bb79a9,2026-02,North Yorkshire Police,North Yorkshire Police,-2.024275,53.963647,On or near Gainsborough Court,E01027577,Craven 005C,Possession of weapons,Action to be taken by another organisation,
f777232b3087723e62b08c92f4e884b8eb9fbd91d5087f06df2cf9cf89444dfb,2026-02,North Yorkshire Police,North Yorkshire Police,-2.024275,53.963647,On or near Gainsborough Court,E01027577,Craven 005C,Possession of weapons,Under investigation,
f000ced8fc04e5e8442de6f6499ab995978e1b8f6515312518e73b8ae3bb79a9,2026-02,North Yorkshire Police,North Yorkshire Police,-2.024275,53.963647,On or near Gainsborough Court,E01027577,Craven 005C,Possession of weapons,Under investigation,
d8c6594b127e67a152052b203f01ae4fac524c24c0d76cc381e963cf760ee081,2026-02,North Yorkshire Police,North Yorkshire Police,-2.024275,53.963647,On or near Gainsborough Court,E01027577,Craven 005C,Possession of weapons,Under investigation,
d8c6594b127e67a152052b203f01ae4fac524c24c0d76cc381e963cf760ee081,2026-02,North Yorkshire Police,North Yorkshire Police,-2.024275,53.963647,On or near Gainsborough Court,E01027577,Craven 005C,Possession of weapons,Action to be taken by another organisation,
f777232b3087723e62b08c92f4e884b8eb9fbd91d5087f06df2cf9cf89444dfb,2026-02,North Yorkshire Police,North Yorkshire Police,-2.024275,53.963647,On or near Gainsborough Court,E01027577,Craven 005C,Possession of weapons,Action to be taken by another organisation,
55164099927f7e6b23091cb3b6d1abf2416d72c9194ce3a9ba7d4872468c8463,2026-02,North Yorkshire Police,North Yorkshire Police,-2.018299,53.961311,On or near Canal Yard,E01027577,Craven 005C,Public order,Under investigation,
ae557abc1a66896ea8ab57df2c4d2d9b317b1d0865f169656e11d6943be62582,2026-02,North Yorkshire Police,North Yorkshire Police,-2.016546,53.960071,On or near Brookside,E01027577,Craven 005C,Public order,Under investigation,
18a9ea29a13db918456cb3e50c6598b6e8da018d321bd01e73caae8200b647ff,2026-02,North Yorkshire Police,North Yorkshire Police,-2.015190,53.960916,On or near Court Lane,E01027577,Craven 005C,Public order,Investigation complete; no suspect identified,
a8235f47f207a0cc091f1dc3aaac770a2162d1beb787ad22e4050cd9eb6cce07,2026-02,North Yorkshire Police,North Yorkshire Police,-2.014155,53.961908,On or near Shopping Area,E01027577,Craven 005C,Shoplifting,Under investigation,
98d1dda6ac15fd98a9962d99a9a48e45187f4a91201f5c7e1610a8d098e16f50,2026-02,North Yorkshire Police,North Yorkshire Police,-2.015891,53.961752,On or near Shopping Area,E01027577,Craven 005C,Shoplifting,Investigation complete; no suspect identified,
20446abcc5be9383544407b18d5419e2e51881a37e19b5c7f7f3269baa4e55b6,2026-02,North Yorkshire Police,North Yorkshire Police,-2.016730,53.963217,On or near Mill Bridge,E01027577,Craven 005C,Violence and sexual offences,Under investigation,
1abcb5ef27a15dccdee57072b50ef14481af8b8680220926c74e677b8067f5a0,2026-02,North Yorkshire Police,North Yorkshire Police,-2.018299,53.961311,On or near Canal Yard,E01027577,Craven 005C,Violence and sexual offences,Under investigation,
05b7d6d0eb07586f86f7cb8f1837211ae4e115bc663520d1c5ea86448b0569c3,2026-02,North Yorkshire Police,North Yorkshire Police,-2.016546,53.960071,On or near Brookside,E01027577,Craven 005C,Violence and sexual offences,Under investigation,
09c189a4394bbcae4490b96755f743c2b7f196bd86ebb26791b6f1dada5d1b2a,2026-02,North Yorkshire Police,North Yorkshire Police,-2.015891,53.961752,On or near Shopping Area,E01027577,Craven 005C,Violence and sexual offences,Under investigation,
fdacf1ac4979ca2153b2009a41c90ea2c8e51356035d97de520d7d25a521285c,2026-02,North Yorkshire Police,North Yorkshire Police,-2.020296,53.961562,On or near Bridge Street,E01027577,Craven 005C,Violence and sexual offences,Under investigation,
6c8f0810d4eb486350874c8e4dbaa9dc88199edd915e2c81f4a4aaf1f5d9ca1d,2026-02,North Yorkshire Police,North Yorkshire Police,-2.025462,53.960788,On or near Hayton Way,E01027577,Craven 005C,Violence and sexual offences,Under investigation,
,2026-02,North Yorkshire Police,North Yorkshire Police,-2.004688,53.957160,On or near Whinny Gill Road,E01027579,Craven 005D,Anti-social behaviour,,
113db7b70c61ee27d28518c88ec2a84c64aae0a2854696600d64c3a32bda722a,2026-02,North Yorkshire Police,North Yorkshire Police,-2.016270,53.957330,On or near Sidgwick Court,E01027578,Craven 006A,Burglary,Investigation complete; no suspect identified,
17f04a6f9a8b498e2b4dc6f9d84f06f2e0cefcb307d34832ed270b2e9adabfd4,2026-02,North Yorkshire Police,North Yorkshire Police,-2.013832,53.958112,On or near Russell Street,E01027578,Craven 006A,Criminal damage and arson,Investigation complete; no suspect identified,
e782a6f95e62d9f41c29a26772695add7bba986e1fbf4c284a96169dd0e2c19f,2026-02,North Yorkshire Police,North Yorkshire Police,-2.015765,53.952279,On or near Roughaw Road,E01027580,Craven 006B,Public order,Under investigation,
714a0d70a1a82aafdb00dec52451a8d4d5a9ffde8262084a38227740dec7158a,2026-02,North Yorkshire Police,North Yorkshire Police,-2.014364,53.952665,On or near Beamsley Court,E01027580,Craven 006B,Violence and sexual offences,Unable to prosecute suspect,
,2026-02,North Yorkshire Police,North Yorkshire Police,-2.018312,53.956278,On or near Southfield Terrace,E01027582,Craven 006D,Anti-social behaviour,,
,2026-02,North Yorkshire Police,North Yorkshire Police,-2.021680,53.957553,On or near Supermarket,E01027582,Craven 006D,Anti-social behaviour,,
,2026-02,North Yorkshire Police,North Yorkshire Police,-2.023171,53.951568,On or near Burnside Crescent,E01027582,Craven 006D,Anti-social behaviour,,
6223eaf63721fd2b21598a3d87a06d6ef0926ba2312c41e84078d18191599cd9,2026-02,North Yorkshire Police,North Yorkshire Police,-2.019912,53.956332,On or near Petrol Station,E01027582,Craven 006D,Robbery,Under investigation,
30407f00fd6b7056835f74ee9c2613a7a2acfc5b5ae550c6c1463c6ddb973cc2,2026-02,North Yorkshire Police,North Yorkshire Police,-2.021680,53.957553,On or near Supermarket,E01027582,Craven 006D,Shoplifting,Under investigation,
fe0bdc3384e1228ad02293d9845beaef67b8f7fd81882ccc614e73831f7fda78,2026-02,North Yorkshire Police,North Yorkshire Police,-2.021680,53.957553,On or near Supermarket,E01027582,Craven 006D,Shoplifting,Under investigation,
01f5f50b329d1ab342822134fe2b7abe3330f15a7366d97d0ec9a52200bf8467,2026-02,North Yorkshire Police,North Yorkshire Police,-2.021680,53.957553,On or near Supermarket,E01027582,Craven 006D,Shoplifting,Under investigation,
1b05fccbfb27bc8fb05fc0f7e24e6ad1c8be089951a31f7e5ad6c1e0d54753e6,2026-02,North Yorkshire Police,North Yorkshire Police,-2.024694,53.951720,On or near Willow Way,E01027582,Craven 006D,Violence and sexual offences,Under investigation,
0be9884af499dfe21d33d25f41ff194c643063b9439e318dd430672bff04c7b4,2026-02,North Yorkshire Police,North Yorkshire Police,-2.013127,53.944469,On or near Parking Area,E01027582,Craven 006D,Violence and sexual offences,Under investigation,
a53ef50c9373505c2e12f76b623a1c0db5e1a30e58dc506a127171132fe1dc92,2026-02,North Yorkshire Police,North Yorkshire Police,-2.013234,53.945287,On or near Parking Area,E01027582,Craven 006D,Other crime,Under investigation,
2db2080e6749775c5ed53cd09395a7562c4183490feaf3055f8ea0329c49a08d,2026-02,North Yorkshire Police,North Yorkshire Police,-2.036691,53.957101,On or near Station View,E01034956,Craven 006E,Drugs,Further investigation is not in the public interest,
d0acc34b496c76275669a694ebbc44b654900119df64f3bf8496ada7d4e1b473,2026-02,North Yorkshire Police,North Yorkshire Police,-2.036691,53.957101,On or near Station View,E01034956,Craven 006E,Violence and sexual offences,Under investigation,
b9989008231cdeb800d67176fe4939ef85289c1be2486155e9ff38743df90403,2026-02,North Yorkshire Police,North Yorkshire Police,-2.032867,53.958701,On or near Pendle Street,E01034956,Craven 006E,Violence and sexual offences,Under investigation,
e309df64d746ab7f7a61d1081bd820cc934f26a80fc69a3d4a2198f719542ec1,2026-02,North Yorkshire Police,North Yorkshire Police,-2.036691,53.957101,On or near Station View,E01034956,Craven 006E,Violence and sexual offences,Under investigation,
b0b67faa07c3e8dbf80defb76d33d5958a89ffe816dbc1888a1b4ba77009b31c,2026-02,North Yorkshire Police,North Yorkshire Police,-2.036691,53.957101,On or near Station View,E01034956,Craven 006E,Violence and sexual offences,Under investigation,
1ae8d45be71ac2223aac0a271bfa1ed950dcda9e5443f364240175d37cd14dc3,2026-02,North Yorkshire Police,North Yorkshire Police,-2.036691,53.957101,On or near Station View,E01034956,Craven 006E,Violence and sexual offences,Under investigation,
,2026-02,North Yorkshire Police,North Yorkshire Police,-2.018718,53.958964,On or near Bus/Coach Station,E01034957,Craven 006F,Anti-social behaviour,,
,2026-02,North Yorkshire Police,North Yorkshire Police,-2.019228,53.960071,On or near Coach Street Yard,E01034957,Craven 006F,Anti-social behaviour,,
,2026-02,North Yorkshire Police,North Yorkshire Police,-2.018718,53.958964,On or near Bus/Coach Station,E01034957,Craven 006F,Anti-social behaviour,,
ea79710a9e08281973d09bfb98066b989a066eb3491a0c4675086b507c840a5c,2026-02,North Yorkshire Police,North Yorkshire Police,-2.018718,53.958964,On or near Bus/Coach Station,E01034957,Craven 006F,Criminal damage and arson,Investigation complete; no suspect identified,
5c2af2b78da47bd1542dd33cdd1efba256e10093820114678affa36cd0f55205,2026-02,North Yorkshire Police,North Yorkshire Police,-2.018718,53.958964,On or near Bus/Coach Station,E01034957,Craven 006F,Criminal damage and arson,Under investigation,
0158dc64c08f15ac67d683270db0595faf5f6f1b7b383c0da57c77d75f28f9aa,2026-02,North Yorkshire Police,North Yorkshire Police,-2.023998,53.958713,On or near Supermarket,E01034957,Craven 006F,Other theft,Under investigation,
1a52969a84721772c4dd968cd7f9a91efc78b0bbe8f5effa9b50ec25abc049b8,2026-02,North Yorkshire Police,North Yorkshire Police,-2.018161,53.960188,On or near Swadford Street,E01034957,Craven 006F,Other theft,Under investigation,
8bcbe2c3c8e1bb99504d4b806c6dea4cdd1c92a309c46f677013453cf1998c34,2026-02,North Yorkshire Police,North Yorkshire Police,-2.017749,53.957491,On or near Lower Union Street,E01034957,Craven 006F,Public order,Under investigation,
99392b7bfecfc3b8c3626c2823eccee07bc396b7fdab04fffe30f72dd403a367,2026-02,North Yorkshire Police,North Yorkshire Police,-2.022627,53.960394,On or near Brewery Lane,E01034957,Craven 006F,Public order,Unable to prosecute suspect,
3d273cf0a1c7c8aea518d581f7942f8871778259b45babb180cbba0d571221ba,2026-02,North Yorkshire Police,North Yorkshire Police,-2.023998,53.958713,On or near Supermarket,E01034957,Craven 006F,Robbery,Under investigation,
6b087292790e924e31b64a3baa45ab6f874eca1af710355573f6597eba001a36,2026-02,North Yorkshire Police,North Yorkshire Police,-2.018718,53.958964,On or near Bus/Coach Station,E01034957,Craven 006F,Violence and sexual offences,Under investigation,
e962463e6a7ac04f1321a699afd0a966b8ea4ce78807c9852e940af4c35fa8de,2026-02,North Yorkshire Police,North Yorkshire Police,-2.019699,53.957680,On or near Church View,E01034957,Craven 006F,Violence and sexual offences,Under investigation,
534d057ed70355148ea344cbb3b2497178d658548d19004c36807b0edc0df165,2026-02,North Yorkshire Police,North Yorkshire Police,-2.018718,53.958964,On or near Bus/Coach Station,E01034957,Craven 006F,Violence and sexual offences,Under investigation,
af46d539642bcc332ef23644920427586ea25aa4d63d6dbd20c4ec2a323ee142,2026-02,North Yorkshire Police,North Yorkshire Police,-2.018718,53.958964,On or near Bus/Coach Station,E01034957,Craven 006F,Violence and sexual offences,Under investigation,
4a81965b7a12e85105983f5cedba419dfa75ba017dd5f96ec45a9ad225a09186,2026-02,North Yorkshire Police,North Yorkshire Police,-2.020919,53.959136,On or near Cavendish Street,E01034957,Craven 006F,Violence and sexual offences,Under investigation,
1123115cc9d03839fb341ec204501d3e3e1cecc054f89ba68cbf38af1066aed1,2026-02,North Yorkshire Police,North Yorkshire Police,-2.018161,53.960188,On or near Swadford Street,E01034957,Craven 006F,Violence and sexual offences,Under investigation,
164e46c5cf3e1189cb250e26f46077abc30315ffbe8aff1283b5f549d8df359d,2026-02,North Yorkshire Police,North Yorkshire Police,-2.018718,53.958964,On or near Bus/Coach Station,E01034957,Craven 006F,Violence and sexual offences,Under investigation,
10e91bc41146fdcc433ff74d78be038d708011837ae4711ff5c2bbb04863ca42,2026-02,North Yorkshire Police,North Yorkshire Police,-2.018968,53.958471,On or near Thanets Court,E01034957,Craven 006F,Violence and sexual offences,Under investigation,
84145b4aacd44af3a79bfa7743e70fe73fe1a7cdd3f3fb5d30738b8e890834d5,2026-02,North Yorkshire Police,North Yorkshire Police,-2.018161,53.960188,On or near Swadford Street,E01034957,Craven 006F,Violence and sexual offences,Unable to prosecute suspect,
,2026-02,North Yorkshire Police,North Yorkshire Police,-2.016864,53.919060,On or near Meadow Lane,E01027556,Craven 007A,Anti-social behaviour,,
e6cfd57cc7fcb96587a2f7c962d2eecd395f9a03ecacc8df671259a728095327,2026-02,North Yorkshire Police,North Yorkshire Police,-2.090777,53.908727,On or near Winter Gap Lane,E01027556,Craven 007A,Criminal damage and arson,Under investigation,
9fa31be92606e8d482b2a2f67abcbbe4f951e230318b234d42137f2b1efc3edb,2026-02,North Yorkshire Police,North Yorkshire Police,-2.067366,53.908868,On or near Sidegate Lane,E01027556,Craven 007A,Violence and sexual offences,Under investigation,
2b3884399f4c5619c6e9bb1f8b73ececd8e045a769ef78dd094d632bed89013c,2026-02,North Yorkshire Police,North Yorkshire Police,-2.016864,53.919060,On or near Meadow Lane,E01027556,Craven 007A,Violence and sexual offences,Awaiting court outcome,
57234442ff9a9df023400a26e8379480e42b6c2f28f51484fe9911eb950ecd82,2026-02,North Yorkshire Police,North Yorkshire Police,-2.080995,53.911592,On or near Calf Wood Lane,E01027556,Craven 007A,Violence and sexual offences,Under investigation,
61511ab66ae9a4b4040ca1dfe26a1fbcd0efb8099be820ae3ea924719ee9063b,2026-02,North Yorkshire Police,North Yorkshire Police,-2.051048,53.908642,On or near Stansfield Brow,E01027556,Craven 007A,Violence and sexual offences,Under investigation,
0e88ea576eca6835c4c79e46e87e97377082776a23d40150d4f40d132bf045a3,2026-02,North Yorkshire Police,North Yorkshire Police,-2.067366,53.908868,On or near Sidegate Lane,E01027556,Craven 007A,Violence and sexual offences,Under investigation,
c66533a6b133530afcbce857941442cdc85b48ed1d1306951e28fb657da91b2f,2026-02,North Yorkshire Police,North Yorkshire Police,-2.051048,53.908642,On or near Stansfield Brow,E01027556,Craven 007A,Violence and sexual offences,Unable to prosecute suspect,
,2026-02,North Yorkshire Police,North Yorkshire Police,-2.039427,53.885674,On or near Victoria Road,E01027560,Craven 007B,Anti-social behaviour,,
f2b6d400c5b8f1bac5e6c1dc5eeaee801895db48fd40187cb7350584e4e6b8fe,2026-02,North Yorkshire Police,North Yorkshire Police,-2.036614,53.886529,On or near Collinge Road,E01027560,Craven 007B,Criminal damage and arson,Awaiting court outcome,
9d49f1990e0432eae70d0e3a2882173a04ca3c27b08c15fe42934081b13259a0,2026-02,North Yorkshire Police,North Yorkshire Police,-2.040204,53.886545,On or near Mill Croft,E01027560,Craven 007B,Criminal damage and arson,Under investigation,
896b51769c756066c2ff12b82668efa1b510217434006efc3b889f41032fd164,2026-02,North Yorkshire Police,North Yorkshire Police,-2.085737,53.892768,On or near Tom Lane,E01027560,Craven 007B,Other theft,Investigation complete; no suspect identified,
de77e4063133c6dd91ea64a79be63f8b7b306945ce8ee5eb65172cefe11cfef6,2026-02,North Yorkshire Police,North Yorkshire Police,-2.044534,53.880846,On or near Old Lane,E01027560,Craven 007B,Other theft,Under investigation,
448f4b8068c22beed0548e478979999be2193331aceede9b35d75a4e38cca52f,2026-02,North Yorkshire Police,North Yorkshire Police,-2.052980,53.895196,On or near Cow Lane,E01027560,Craven 007B,Vehicle crime,Under investigation,
967058bd1d78dacc5aea71e368e3f050e5dde4dbf2409a4d24fd8cf0b6a8576b,2026-02,North Yorkshire Police,North Yorkshire Police,-2.036614,53.886529,On or near Collinge Road,E01027560,Craven 007B,Violence and sexual offences,Under investigation,
,2026-02,North Yorkshire Police,North Yorkshire Police,-2.104127,53.981813,On or near Goffa Mill,E01027563,Craven 007C,Anti-social behaviour,,
,2026-02,North Yorkshire Police,North Yorkshire Police,-2.106422,53.984741,On or near Higherlands Close,E01027563,Craven 007C,Anti-social behaviour,,
,2026-02,North Yorkshire Police,North Yorkshire Police,-2.107839,53.984371,On or near Neville Crescent,E01027563,Craven 007C,Anti-social behaviour,,
,2026-02,North Yorkshire Police,North Yorkshire Police,-2.106387,53.983006,On or near Parking Area,E01027563,Craven 007C,Anti-social behaviour,,
2f8954905b0c3946047962134945056138428ab6151dc79bb0b7a8b1b0e8cc45,2026-02,North Yorkshire Police,North Yorkshire Police,-2.106291,53.981236,On or near Church Croft,E01027563,Craven 007C,Burglary,Under investigation,
415cc5a77c4d36903a3d64db585f9c28503bb4edfec688dcb57ce81e7c0d27c3,2026-02,North Yorkshire Police,North Yorkshire Police,-2.107839,53.984371,On or near Neville Crescent,E01027563,Craven 007C,Criminal damage and arson,Investigation complete; no suspect identified,
45838caa4b7b885850c2b1d90a12f010f735ee4c5b19c62125aae0330ad220b5,2026-02,North Yorkshire Police,North Yorkshire Police,-2.107929,53.984003,On or near Neville Road,E01027563,Craven 007C,Criminal damage and arson,Under investigation,
2765f4a66b9434fbf711b82cd44f5d7ce5fac0ee286f116c3e92ed09c1891387,2026-02,North Yorkshire Police,North Yorkshire Police,-2.100199,53.984603,On or near Skipton Road,E01027563,Craven 007C,Public order,Under investigation,
7bf50dfb0e913fe13cd7f2b735a5981eaf1f8d16c6aef899eabbae36471f599a,2026-02,North Yorkshire Police,North Yorkshire Police,-2.090488,53.957944,On or near Gargrave Road,E01027586,Craven 007D,Burglary,Investigation complete; no suspect identified,
b11b619e4a5d8ac2e4d58d9028f2e66e8a44693bf5e9098d95907373e7f430a7,2026-02,North Yorkshire Police,North Yorkshire Police,-2.043153,53.942871,On or near New Street,E01027586,Craven 007D,Public order,Under investigation,
bfcdb119980e333aea247fc276efa28200020d54c20ee819b0ca6c254eea4cda,2026-02,North Yorkshire Police,North Yorkshire Police,-1.993719,53.932219,On or near College Road,E01027555,Craven 008A,Burglary,Under investigation,
0bb4bce723041babd36d554031c498eddc8aacf8d0910dba765b7aedd90f03aa,2026-02,North Yorkshire Police,North Yorkshire Police,-2.014667,53.942251,On or near ,E01027555,Craven 008A,Violence and sexual offences,Unable to prosecute suspect,
60f244a261562a02f5c400e2c771c37aefbd88dbe9670bb83baa662089ffe5ab,2026-02,North Yorkshire Police,North Yorkshire Police,-2.014667,53.942251,On or near ,E01027555,Craven 008A,Violence and sexual offences,Unable to prosecute suspect,
ad14fa3460d91b473b3238b452d27d33dc6f6dfd34a42d11d20d90b972fb39de,2026-02,North Yorkshire Police,North Yorkshire Police,-1.996293,53.935886,On or near High Bradley Lane,E01027555,Craven 008A,Violence and sexual offences,Under investigation,
d3c456a644d6046414020294cdbfeb0bf65f6dc56b78bde02237537cdd5f88c0,2026-02,North Yorkshire Police,North Yorkshire Police,-1.994603,53.931392,On or near Lidget Croft,E01027555,Craven 008A,Violence and sexual offences,Under investigation,
20e7d0fa42c350f81ed727772668c3d247c5d5bd350907f541aadbd14230b498,2026-02,North Yorkshire Police,North Yorkshire Police,-1.990497,53.901364,On or near Hall Street,E01027564,Craven 008B,Criminal damage and arson,Investigation complete; no suspect identified,
71faa2a67114ee2c2562339130ee799c87c168fa117ca2d686fab0a7c1c18c55,2026-02,North Yorkshire Police,North Yorkshire Police,-1.991897,53.901094,On or near Main Street,E01027564,Craven 008B,Public order,Under investigation,
c58cc63a3f328e17294656a83190c13991db0a3eb704273220a75cb5339fbab6,2026-02,North Yorkshire Police,North Yorkshire Police,-1.991897,53.901094,On or near Main Street,E01027564,Craven 008B,Public order,Under investigation,
a1aaaaedb9947bc89e9e761a2177f051f1f332554c00b82fbc4c1cccba263af1,2026-02,North Yorkshire Police,North Yorkshire Police,-1.992552,53.900564,On or near Ash Street,E01027564,Craven 008B,Shoplifting,Local resolution,
86433455ab40f0a7f10b6ce0e578baf1ef3b87260488078219e869128ee640eb,2026-02,North Yorkshire Police,North Yorkshire Police,-1.991669,53.901445,On or near Ivy Place,E01027564,Craven 008B,Violence and sexual offences,Under investigation,
3e2a7db3221327cd1161c3e3bd3bf92a572ce283f02204d0a9eaac7075572461,2026-02,North Yorkshire Police,North Yorkshire Police,-1.993191,53.900330,On or near Beech Street,E01027564,Craven 008B,Violence and sexual offences,Unable to prosecute suspect,
525d0b6644cbd661dfe5455c31cc3b91e050386491ebf41668b0b63b9bdede87,2026-02,North Yorkshire Police,North Yorkshire Police,-1.993191,53.900330,On or near Beech Street,E01027564,Craven 008B,Violence and sexual offences,Unable to prosecute suspect,
8c7e605781c510f3c91eead3640c19c8bfed9b3b79d8cd69c43f30304782a052,2026-02,North Yorkshire Police,North Yorkshire Police,-1.988259,53.903530,On or near Station Grove,E01027565,Craven 008C,Criminal damage and arson,Under investigation,
f5d6fe16ca87029ca3aa9877bf62080fc626608d584ff6184fa6b65a5159a5f8,2026-02,North Yorkshire Police,North Yorkshire Police,-1.989447,53.902784,On or near Newby Street,E01027565,Craven 008C,Other theft,Investigation complete; no suspect identified,
d7793379c69ce1555880471a4d1ae70c26961695485662b5a4a2c8999d13975c,2026-02,North Yorkshire Police,North Yorkshire Police,-1.989447,53.902784,On or near Newby Street,E01027565,Craven 008C,Other theft,Unable to prosecute suspect,
,2026-02,North Yorkshire Police,North Yorkshire Police,-1.997772,53.901166,On or near Beanlands Place,E01027566,Craven 008D,Anti-social behaviour,,
2157afbef8b1f685f2fec110513a79dbd89d47f3050b230c4fbdaf152a98174a,2026-02,North Yorkshire Police,North Yorkshire Police,-2.003403,53.899989,On or near Hayfield View,E01027566,Craven 008D,Other theft,Investigation complete; no suspect identified,
,2026-02,North Yorkshire Police,North Yorkshire Police,-1.989586,53.894875,On or near Gordon Street,E01027583,Craven 008E,Anti-social behaviour,,
6eea584841f898b1f7eb3aac474dd6248283f1c65f49aeb1ff91f129d29412e8,2026-02,North Yorkshire Police,North Yorkshire Police,-1.988383,53.895072,On or near Spencer Street,E01027583,Craven 008E,Vehicle crime,Under investigation,
11b73a9fbf84e447a839602b94e87ff0607cfe53bd5b85dafa2c5e0abc66bc64,2026-02,North Yorkshire Police,North Yorkshire Police,-1.986846,53.895719,On or near Crofters Mill,E01027583,Craven 008E,Violence and sexual offences,Unable to prosecute suspect,
fcbf6a8f0dd9912551af6c18e842c4cd9cef8ee9d5cf03ca6c6202a4c8ea3035,2026-02,North Yorkshire Police,North Yorkshire Police,-1.985964,53.894479,On or near Dixon Street,E01027583,Craven 008E,Violence and sexual offences,Under investigation,
869c3bd37eb5e4e755163ab028d668af6d71406b1daaf49f5f70552896d5bf8e,2026-02,North Yorkshire Police,North Yorkshire Police,-1.995232,53.888772,On or near Lumb Croft,E01027584,Craven 008F,Burglary,Under investigation,
5fffb03a0179e07b91fa14c427b2406a1a1433ac0249d53b353471825065ba05,2026-02,North Yorkshire Police,North Yorkshire Police,-1.994562,53.888179,On or near West Lane,E01027584,Craven 008F,Burglary,Under investigation,
aac6a3eb3142b0a716aaf2b3483ac548b40e5a1620e2a4aa9e42705fbb24bf0a,2026-02,North Yorkshire Police,North Yorkshire Police,-1.988491,53.891621,On or near Harper Grove,E01027584,Craven 008F,Other theft,Under investigation,
ea9f45952c3eee76bc1d98a716f8708f5fdab7a238a20d269bb757ac115a2c2c,2026-02,North Yorkshire Police,North Yorkshire Police,-1.995232,53.888772,On or near Lumb Croft,E01027584,Craven 008F,Vehicle crime,Under investigation,
865f77944f9701d1852cb62cc8fb976963e16e87bbdc6b7c5b9b94d4d08456c3,2026-02,North Yorkshire Police,North Yorkshire Police,-2.017769,53.897831,On or near Jackson Row,E01027584,Craven 008F,Violence and sexual offences,Unable to prosecute suspect,
83644373857bc60881acc205333e985c57509e3c12ca076cbe5060b0f46cfaff,2026-02,North Yorkshire Police,North Yorkshire Police,-2.016306,54.074208,On or near Sports/Recreation Area,E01027585,Craven 009A,Burglary,Under investigation,
93dde44c5262e50abae315cae048ddebc037343a9621f226ffe0f093dae8fcde,2026-02,North Yorkshire Police,North Yorkshire Police,-2.040520,54.147645,On or near Whernside Turf Road,E01027585,Craven 009A,Other theft,Investigation complete; no suspect identified,
de7d5dddfac069c21c97ef58c8597da3bc39cf6f1051e0a12f8051757f3617ca,2026-02,North Yorkshire Police,North Yorkshire Police,-1.994357,54.068993,On or near Barden Fell View,E01027567,Craven 009B,Criminal damage and arson,Under investigation,
76f98fd22b8bd824c953fb5ca247e544ab87ee9b4c5b844d37799164f4295781,2026-02,North Yorkshire Police,North Yorkshire Police,-1.998987,54.064850,On or near Church Road,E01027567,Craven 009B,Violence and sexual offences,Under investigation,
cd56739382778db1d62800eecc3e74548d970c36c82e74ef1e2805939256fb63,2026-02,North Yorkshire Police,North Yorkshire Police,-1.997153,54.074098,On or near Chapel Fold,E01027567,Craven 009B,Violence and sexual offences,Under investigation,
ac784d6ef4d7ed9525f7b8156fefec833ba48ecad224bbc969e6d35defb2174f,2026-02,North Yorkshire Police,North Yorkshire Police,-2.005956,54.077334,On or near Grass Wood Court,E01027567,Craven 009B,Other crime,Under investigation,
29ebc99c094ff8165c57f9967a0551306528694704ca276580d55a86bab1be47,2026-02,North Yorkshire Police,North Yorkshire Police,-2.159206,53.986112,On or near Moorber Lane,E01027562,Craven 009C,Other theft,Under investigation,
97774a365ebcf4f31e784fe3a737d75ca49fe0e3f494fd475ccc9f1790433efa,2026-02,North Yorkshire Police,North Yorkshire Police,-1.893029,53.980526,On or near Parking Area,E01027557,Craven 009D,Criminal damage and arson,Investigation complete; no suspect identified,
5a7378435350399ba2ca1271294657141ea43eecc9b28fa9c3088c02a95ea375,2026-02,North Yorkshire Police,North Yorkshire Police,-1.993698,53.975621,On or near Bow Bridge Drive,E01027561,Craven 009E,Burglary,Under investigation,
47a7b2b6947e192e4384449c0f8449c4c0c0ab22691d990913cc96db72024076,2026-02,North Yorkshire Police,North Yorkshire Police,-1.974451,53.986188,On or near Hunters Croft,E01027561,Craven 009E,Criminal damage and arson,Under investigation,
219d6ae1eae98bedac2630941beede496112cb7ec6c6719f66ed20dfc699e318,2026-02,North Yorkshire Police,North Yorkshire Police,-1.995177,53.975540,On or near Brackenley Grove,E01027561,Craven 009E,Violence and sexual offences,Under investigation,
8c7813ab54827d52fb63256a17bc6ad1b6d8510add80f545a9506476c8c3f95d,2026-02,North Yorkshire Police,North Yorkshire Police,-1.995177,53.975540,On or near Brackenley Grove,E01027561,Craven 009E,Violence and sexual offences,Under investigation,
e48205cbdd9abdf863076851535afcf8c28570334ebd6ecd0db142c7b602cc36,2026-02,North Yorkshire Police,North Yorkshire Police,-2.033388,53.961856,On or near Sports/Recreation Area,E01027576,Craven 009F,Other theft,Investigation complete; no suspect identified,
71ca4d362f06d01f1ae82eff338b3e6c20a10f581fc1b1fe2636f954645059e3,2026-02,North Yorkshire Police,North Yorkshire Police,-2.030433,53.963834,On or near Rockwood Close,E01027576,Craven 009F,Violence and sexual offences,Unable to prosecute suspect,
88659069b39e3026915da775a39a8c544b86f295b3b83a86b26c3687fc2f1312,2026-02,North Yorkshire Police,North Yorkshire Police,-2.004385,53.970327,On or near Crag View,E01027576,Craven 009F,Other crime,Under investigation,
226e491721a2ee5b6a217b38004167cb4e0ec43758a882078bf2c2b5fcb66d55,2026-02,North Yorkshire Police,North Yorkshire Police,-1.549468,54.476472,On or near Sports/Recreation Area,E01012339,Darlington 015B,Criminal damage and arson,Under investigation,
a44e6938bca9703895039b49b9003ac2173cebadf0969af61817408d97a19e86,2026-02,North Yorkshire Police,North Yorkshire Police,0.259261,52.401354,On or near Priests Meadow Court,E01018032,East Cambridgeshire 003D,Violence and sexual offences,Under investigation,
635485b48eaf79d23140d7a624253357b114c55d0682e6238088475dc72bc2dd,2026-02,North Yorkshire Police,North Yorkshire Police,-1.110188,54.426306,On or near Parking Area,E01027591,Hambleton 001A,Burglary,Under investigation,
78af4b430eaecf899b143e9fbd8f933ebc87d853a920e74a3c4c8530d718fbda,2026-02,North Yorkshire Police,North Yorkshire Police,-1.119633,54.424299,On or near Parking Area,E01027591,Hambleton 001A,Public order,Under investigation,
,2026-02,North Yorkshire Police,North Yorkshire Police,-1.133246,54.488423,On or near Supermarket,E01027597,Hambleton 001B,Anti-social behaviour,,
,2026-02,North Yorkshire Police,North Yorkshire Police,-1.133246,54.488423,On or near Supermarket,E01027597,Hambleton 001B,Anti-social behaviour,,
,2026-02,North Yorkshire Police,North Yorkshire Police,-1.132134,54.488433,On or near Parking Area,E01027597,Hambleton 001B,Anti-social behaviour,,
,2026-02,North Yorkshire Police,North Yorkshire Police,-1.133246,54.488423,On or near Supermarket,E01027597,Hambleton 001B,Anti-social behaviour,,
,2026-02,North Yorkshire Police,North Yorkshire Police,-1.133246,54.488423,On or near Supermarket,E01027597,Hambleton 001B,Anti-social behaviour,,
,2026-02,North Yorkshire Police,North Yorkshire Police,-1.133246,54.488423,On or near Supermarket,E01027597,Hambleton 001B,Anti-social behaviour,,
,2026-02,North Yorkshire Police,North Yorkshire Police,-1.133246,54.488423,On or near Supermarket,E01027597,Hambleton 001B,Anti-social behaviour,,
,2026-02,North Yorkshire Police,North Yorkshire Police,-1.133246,54.488423,On or near Supermarket,E01027597,Hambleton 001B,Anti-social behaviour,,
,2026-02,North Yorkshire Police,North Yorkshire Police,-1.133246,54.488423,On or near Supermarket,E01027597,Hambleton 001B,Anti-social behaviour,,
,2026-02,North Yorkshire Police,North Yorkshire Police,-1.132134,54.488433,On or near Parking Area,E01027597,Hambleton 001B,Anti-social behaviour,,
,2026-02,North Yorkshire Police,North Yorkshire Police,-1.133246,54.488423,On or near Supermarket,E01027597,Hambleton 001B,Anti-social behaviour,,
,2026-02,North Yorkshire Police,North Yorkshire Police,-1.132134,54.488433,On or near Parking Area,E01027597,Hambleton 001B,Anti-social behaviour,,
,2026-02,North Yorkshire Police,North Yorkshire Police,-1.133246,54.488423,On or near Supermarket,E01027597,Hambleton 001B,Anti-social behaviour,,
a1509aabe620fcffa58ebe35a155b7cff14cc12bcad519fb3f1fc99b7d1c25c0,2026-02,North Yorkshire Police,North Yorkshire Police,-1.132134,54.488433,On or near Parking Area,E01027597,Hambleton 001B,Criminal damage and arson,Investigation complete; no suspect identified,
a59202671209bc4db4e5930d5589e0e1e8dfa4473803e56d86d70ff75a7f2345,2026-02,North Yorkshire Police,North Yorkshire Police,-1.133246,54.488423,On or near Supermarket,E01027597,Hambleton 001B,Criminal damage and arson,Investigation complete; no suspect identified,
30e550f7d2ec20ef72ebbf27474be6dc3bf0454f4abad36ad65e06fab4efa5c6,2026-02,North Yorkshire Police,North Yorkshire Police,-1.132134,54.488433,On or near Parking Area,E01027597,Hambleton 001B,Criminal damage and arson,Under investigation,
78d0fb8e710722965a73257bd2d314683e0facb0014a7c75ecc9c6b3a72481f1,2026-02,North Yorkshire Police,North Yorkshire Police,-1.133246,54.488423,On or near Supermarket,E01027597,Hambleton 001B,Criminal damage and arson,Investigation complete; no suspect identified,
a30ab8519e675641eecc3f9cb0334e313c9b569b32ce43f81306df11cc9f199f,2026-02,North Yorkshire Police,North Yorkshire Police,-1.133246,54.488423,On or near Supermarket,E01027597,Hambleton 001B,Other theft,Under investigation,
a9bbae9390911effb545589d1f055cd5364d596754144256a5acd0a9d2d84ffb,2026-02,North Yorkshire Police,North Yorkshire Police,-1.133246,54.488423,On or near Supermarket,E01027597,Hambleton 001B,Public order,Under investigation,
b735cbf01651c25da7021c2f208ddb17c57855812ab749e6b2802e69159f2ac2,2026-02,North Yorkshire Police,North Yorkshire Police,-1.133246,54.488423,On or near Supermarket,E01027597,Hambleton 001B,Public order,Under investigation,
48c03b3158bc72d0aec990a6693e38710c15a63a99da0db039f52df05f99ffe4,2026-02,North Yorkshire Police,North Yorkshire Police,-1.133246,54.488423,On or near Supermarket,E01027597,Hambleton 001B,Shoplifting,Investigation complete; no suspect identified,
99fa2697a645e437de529f8a4a528016dd4ad3687f48166c0b8a48b0fe77a3cb,2026-02,North Yorkshire Police,North Yorkshire Police,-1.132134,54.488433,On or near Parking Area,E01027597,Hambleton 001B,Violence and sexual offences,Under investigation,
9b2b8b44ff8fcd50a6c00e85632d3b18ae472726db8ddd90dff79ab04a5ebf30,2026-02,North Yorkshire Police,North Yorkshire Police,-1.132134,54.488433,On or near Parking Area,E01027597,Hambleton 001B,Violence and sexual offences,Investigation complete; no suspect identified,
1e6047139bbb7d86525955c95e80a1b2adf8137d84167e416dbb049454975618,2026-02,North Yorkshire Police,North Yorkshire Police,-1.133246,54.488423,On or near Supermarket,E01027597,Hambleton 001B,Violence and sexual offences,Under investigation,
,2026-02,North Yorkshire Police,North Yorkshire Police,-1.132764,54.491493,On or near Frankfield Mews,E01027599,Hambleton 001C,Anti-social behaviour,,
,2026-02,North Yorkshire Police,North Yorkshire Police,-1.139251,54.488403,On or near Holly Garth Close,E01027599,Hambleton 001C,Anti-social behaviour,,
,2026-02,North Yorkshire Police,North Yorkshire Police,-1.138750,54.492434,On or near Linden Close,E01027599,Hambleton 001C,Anti-social behaviour,,
,2026-02,North Yorkshire Police,North Yorkshire Police,-1.136599,54.489004,On or near High Street,E01027599,Hambleton 001C,Anti-social behaviour,,
,2026-02,North Yorkshire Police,North Yorkshire Police,-1.139251,54.488403,On or near Holly Garth Close,E01027599,Hambleton 001C,Anti-social behaviour,,
,2026-02,North Yorkshire Police,North Yorkshire Police,-1.138750,54.492434,On or near Linden Close,E01027599,Hambleton 001C,Anti-social behaviour,,
5cf7edc79785ecc5d160cc5daef1c5781185d379f63f5519d7b9a3dc9d651c9f,2026-02,North Yorkshire Police,North Yorkshire Police,-1.138495,54.489134,On or near Beech Close,E01027599,Hambleton 001C,Violence and sexual offences,Under investigation,
dd9d69fda267dace793e0a8a43c02983a566b77516f21a9295a72d86926f9135,2026-02,North Yorkshire Police,North Yorkshire Police,-1.131750,54.494182,On or near California Grove,E01027599,Hambleton 001C,Violence and sexual offences,Under investigation,
,2026-02,North Yorkshire Police,North Yorkshire Police,-1.181347,54.468453,On or near ,E01027623,Hambleton 001D,Anti-social behaviour,,
13842707fa27559225703e9cdca9174e8539e2eb2db8acc87a5e338a953c916f,2026-02,North Yorkshire Police,North Yorkshire Police,-1.184244,54.468538,On or near Glebe Road,E01027623,Hambleton 001D,Public order,Unable to prosecute suspect,
783dba655a3a2df772ce0aa6c625e66e5b3febb4bbf4b4cdfd480d0c3e9864f7,2026-02,North Yorkshire Police,North Yorkshire Police,-1.184244,54.468538,On or near Glebe Road,E01027623,Hambleton 001D,Public order,Further investigation is not in the public interest,
9356afc2f0ed7663f3f0eba50df97cb2bf7bce5e6fd67f17068be4403e8537d3,2026-02,North Yorkshire Police,North Yorkshire Police,-1.186117,54.472146,On or near Supermarket,E01027623,Hambleton 001D,Shoplifting,Under investigation,
,2026-02,North Yorkshire Police,North Yorkshire Police,-1.202088,54.470518,On or near Hebron Court,E01027625,Hambleton 001E,Anti-social behaviour,,
,2026-02,North Yorkshire Police,North Yorkshire Police,-1.193341,54.469660,On or near Police Station,E01027625,Hambleton 001E,Anti-social behaviour,,
,2026-02,North Yorkshire Police,North Yorkshire Police,-1.193341,54.469660,On or near Police Station,E01027625,Hambleton 001E,Anti-social behaviour,,
,2026-02,North Yorkshire Police,North Yorkshire Police,-1.199181,54.469276,On or near Allen Grove,E01027625,Hambleton 001E,Anti-social behaviour,,
,2026-02,North Yorkshire Police,North Yorkshire Police,-1.192254,54.470021,On or near High Street,E01027625,Hambleton 001E,Anti-social behaviour,,
,2026-02,North Yorkshire Police,North Yorkshire Police,-1.192254,54.470021,On or near High Street,E01027625,Hambleton 001E,Anti-social behaviour,,
b13a9706c2814f5b3ab9de9f70ad6b7634ae2e6a7ddacf0db26be3fdf986b0ef,2026-02,North Yorkshire Police,North Yorkshire Police,-1.192254,54.470021,On or near High Street,E01027625,Hambleton 001E,Public order,Under investigation,
08ca59c9c700297a139ff2abc4c86e946b165c0f26057da11433df21ec281e46,2026-02,North Yorkshire Police,North Yorkshire Police,-1.191513,54.470025,On or near Parking Area,E01027625,Hambleton 001E,Public order,Unable to prosecute suspect,
9b173769b0a7844f15096bd1784d8ff7612d31099897e5d13eb661ec2127ed1f,2026-02,North Yorkshire Police,North Yorkshire Police,-1.193341,54.469660,On or near Police Station,E01027625,Hambleton 001E,Shoplifting,Investigation complete; no suspect identified,
909b4655d841063e34624bc873755ff8a3075edeff6ca7bbb60def0d8ef027f2,2026-02,North Yorkshire Police,North Yorkshire Police,-1.193341,54.469660,On or near Police Station,E01027625,Hambleton 001E,Shoplifting,Under investigation,
af23c7dc619b729e1002a68ffa81cf5d7bb2d959b9e2567fd55edda665ae852f,2026-02,North Yorkshire Police,North Yorkshire Police,-1.193341,54.469660,On or near Police Station,E01027625,Hambleton 001E,Shoplifting,Under investigation,
89b5667778f2cb27cc19dca69a15ab6937ef5fcaa210e7e5a14d5178875956f0,2026-02,North Yorkshire Police,North Yorkshire Police,-1.200380,54.467109,On or near Riversdene,E01027625,Hambleton 001E,Vehicle crime,Investigation complete; no suspect identified,
10900566fc7b708637bea48cdc7b6f60888e6edd8c1946d14631a1d41fb889db,2026-02,North Yorkshire Police,North Yorkshire Police,-1.202088,54.470518,On or near Hebron Court,E01027625,Hambleton 001E,Violence and sexual offences,Under investigation,
d9be517c05a2e08d5c3bee2320c1369a458b7d69613ed4f195caf53af6e5c9fd,2026-02,North Yorkshire Police,North Yorkshire Police,-1.203209,54.469222,On or near Apple Tree Road,E01027625,Hambleton 001E,Violence and sexual offences,Under investigation,
90094c05a720b8506a8817d62489ce36e5f43474a0b5dc97fb4c08591c9d5355,2026-02,North Yorkshire Police,North Yorkshire Police,-1.141470,54.488616,On or near Bridge Street,E01027598,Hambleton 002A,Violence and sexual offences,Under investigation,
25bed9e65c1d9119e1d2039127dc4b512f31b222317c165cfee340588509c8c7,2026-02,North Yorkshire Police,North Yorkshire Police,-1.133953,54.494431,On or near Churchill Close,E01027598,Hambleton 002A,Violence and sexual offences,Under investigation,
938ec184670f74a082a55b8343e74537f0dc7da5c77184a4c6c61abf8b4ae500,2026-02,North Yorkshire Police,North Yorkshire Police,-1.278626,54.458012,On or near Greenlands,E01027618,Hambleton 002B,Burglary,Under investigation,
7992b444a71f59ff8f103b3d5072e15d7dfc00cac8299b75f695833316609764,2026-02,North Yorkshire Police,North Yorkshire Police,-1.265926,54.458168,On or near ,E01027618,Hambleton 002B,Burglary,Under investigation,
2e287b1faef2339d7ce9e33b68d55094a82e6361ce12d6e6abad88d16c0cb403,2026-02,North Yorkshire Police,North Yorkshire Police,-1.264038,54.437602,On or near ,E01027618,Hambleton 002B,Violence and sexual offences,Under investigation,
,2026-02,North Yorkshire Police,North Yorkshire Police,-1.176958,54.483318,On or near Stanley Grove,E01027624,Hambleton 002C,Anti-social behaviour,,
e7cef70aae6cc5bcea0ab3c469abe20f295f27fed847e21bb852bc83b42a6525,2026-02,North Yorkshire Police,North Yorkshire Police,-1.186913,54.477903,On or near Dalewood Walk,E01027624,Hambleton 002C,Violence and sexual offences,Under investigation,
e7cef70aae6cc5bcea0ab3c469abe20f295f27fed847e21bb852bc83b42a6525,2026-02,North Yorkshire Police,North Yorkshire Police,-1.186913,54.477903,On or near Dalewood Walk,E01027624,Hambleton 002C,Violence and sexual offences,Investigation complete; no suspect identified,
,2026-02,North Yorkshire Police,North Yorkshire Police,-1.217682,54.504016,On or near Bromley Lane,E01027626,Hambleton 002D,Anti-social behaviour,,
0d631d5b110742a2c06d1231977d1941068e6dafe26d84522de23bc52906ae43,2026-02,North Yorkshire Police,North Yorkshire Police,-1.214011,54.500568,On or near Sneck Gate Lane,E01027626,Hambleton 002D,Criminal damage and arson,Investigation complete; no suspect identified,
13025e8d110b3f77751405b0b132ab868897472cdb3cccffe80f437ff51cd062,2026-02,North Yorkshire Police,North Yorkshire Police,-1.236106,54.485728,On or near Hilton Road,E01027626,Hambleton 002D,Other theft,Under investigation,
1ce8417c940f4286892d2a4bd771b10879ec430703e96e3e1183d460ccc83649,2026-02,North Yorkshire Police,North Yorkshire Police,-1.241473,54.494345,On or near Well Lane,E01027626,Hambleton 002D,Violence and sexual offences,Under investigation,
275d4a6db77072af5e2c6b59509efbd93e683b520078aa968cc097341f95ce34,2026-02,North Yorkshire Police,North Yorkshire Police,-1.229334,54.484679,On or near Tanton Close,E01027626,Hambleton 002D,Violence and sexual offences,Under investigation,
df32ab6488414cb3a0a25bcf6c6500ac624acf4c968fc6d948928b80612bc124,2026-02,North Yorkshire Police,North Yorkshire Police,-1.241473,54.494345,On or near Well Lane,E01027626,Hambleton 002D,Violence and sexual offences,Under investigation,
dd0bcdc2145bbe2698f3ec0281bed3a40e166301f8eac223f46cda6b08abb80e,2026-02,North Yorkshire Police,North Yorkshire Police,-1.128914,54.370216,On or near ,E01027627,Hambleton 002E,Burglary,Under investigation,
5756e695120fb6d1e42f23e79b6d5548518d7f62bd2114b5bd332058e35cacde,2026-02,North Yorkshire Police,North Yorkshire Police,-1.320478,54.424247,On or near Parking Area,E01027627,Hambleton 002E,Other theft,Local resolution,
3c750509508bf5eda99af6668b14469983869872cde59273393fce4c58102d7a,2026-02,North Yorkshire Police,North Yorkshire Police,-1.313695,54.401252,On or near ,E01027627,Hambleton 002E,Other theft,Under investigation,
285731d4171f61365c49a0025ed24893405094fb18aa1c8873f840e26dd1576f,2026-02,North Yorkshire Police,North Yorkshire Police,-1.254297,54.414852,On or near Whorlton Lane,E01027627,Hambleton 002E,Violence and sexual offences,Under investigation,
,2026-02,North Yorkshire Police,North Yorkshire Police,-1.422089,54.362108,On or near Cockpit Hill,E01027590,Hambleton 003A,Anti-social behaviour,,
,2026-02,North Yorkshire Police,North Yorkshire Police,-1.424585,54.360790,On or near The Green,E01027590,Hambleton 003A,Anti-social behaviour,,
795a960bd8262ebb1f0cafd08d4fa28aafc38ff74637766126701aeb7ac2fe1b,2026-02,North Yorkshire Police,North Yorkshire Police,-1.419741,54.361647,On or near Danelaw Gardens,E01027590,Hambleton 003A,Criminal damage and arson,Unable to prosecute suspect,
32c0595797a29405cfbd01d622aebce63bdb42ec7b99d4e9208bfcbf67816df8,2026-02,North Yorkshire Police,North Yorkshire Police,-1.432712,54.355067,On or near De Ferrers Road,E01027590,Hambleton 003A,Other theft,Investigation complete; no suspect identified,
3cf80a67844e030629255835691cb178104e902ada4667f4eb2f0e6a254a9974,2026-02,North Yorkshire Police,North Yorkshire Police,-1.425797,54.360071,On or near Sports/Recreation Area,E01027590,Hambleton 003A,Public order,Unable to prosecute suspect,
140a21bc64f532d414174ffded2c6583427263c0f0101a351f46a06f8b66b8d5,2026-02,North Yorkshire Police,North Yorkshire Police,-1.428657,54.360108,On or near Lodge Lane,E01027590,Hambleton 003A,Violence and sexual offences,Under investigation,
7dbfbd3c9c0cfec8edc1604c4904731a7fc2935b2fc1df2e44cd503b6c0e9ea1,2026-02,North Yorkshire Police,North Yorkshire Police,-1.424585,54.360790,On or near The Green,E01027590,Hambleton 003A,Violence and sexual offences,Under investigation,
6986aa019f1bd47b58bf7bbf9dc5ffb0f3079801cae05c6ef108b2df7a305744,2026-02,North Yorkshire Police,North Yorkshire Police,-1.424585,54.360790,On or near The Green,E01027590,Hambleton 003A,Violence and sexual offences,Under investigation,
140a21bc64f532d414174ffded2c6583427263c0f0101a351f46a06f8b66b8d5,2026-02,North Yorkshire Police,North Yorkshire Police,-1.428657,54.360108,On or near Lodge Lane,E01027590,Hambleton 003A,Violence and sexual offences,Under investigation,
40fb671644ad5038269c399cc200cbfa229d323ddf40da5519ea837b877b5c63,2026-02,North Yorkshire Police,North Yorkshire Police,-1.430484,54.357043,On or near Hilton Close,E01027590,Hambleton 003A,Violence and sexual offences,Under investigation,
7fe5f59ac9fb7e20d6412927a311bb8562f03a6277061a67d9b801404bc476b5,2026-02,North Yorkshire Police,North Yorkshire Police,-1.431598,54.355538,On or near De Bruce Road,E01027590,Hambleton 003A,Violence and sexual offences,Under investigation,
a68508cc02b34b19d553e7ace390a17f744c00218d454653bb105e4bba931d51,2026-02,North Yorkshire Police,North Yorkshire Police,-1.431598,54.355538,On or near De Bruce Road,E01027590,Hambleton 003A,Violence and sexual offences,Under investigation,
0a41b2553381849e4cd3ccec2b0f09f8b30f02f723537db6b7071f3349a8dd66,2026-02,North Yorkshire Police,North Yorkshire Police,-1.393561,54.481947,On or near De Brus Close,E01027592,Hambleton 003B,Other theft,Investigation complete; no suspect identified,
e21c40ef3aff07369c7f3abbbfe8ac1e898a8e084ae671b50c479cea5ab2b8e6,2026-02,North Yorkshire Police,North Yorkshire Police,-1.528944,54.423334,On or near St Mary'S Close,E01027592,Hambleton 003B,Violence and sexual offences,Under investigation,
bb0e31e1179526dcedfd96a4d4fed0da2474e751fbec37e288879a5d8066a947,2026-02,North Yorkshire Police,North Yorkshire Police,-1.523639,54.422271,On or near Wycliffe Road,E01027592,Hambleton 003B,Violence and sexual offences,Under investigation,
be2eae5e8ca962ce51632da0196e2cbb924ca7e51e73f8389c7076521e58b572,2026-02,North Yorkshire Police,North Yorkshire Police,-1.543811,54.419652,On or near Park/Open Space,E01027592,Hambleton 003B,Violence and sexual offences,Under investigation,
733421b6fa2ab60b8cafa849cecd95a7a6a5eb5f9f92856b730a8b01854a8f61,2026-02,North Yorkshire Police,North Yorkshire Police,-1.336217,54.329600,On or near Parking Area,E01027613,Hambleton 003C,Burglary,Under investigation,
5180175001601a2587b9f2c67ed978e0a2e2ff0f04aee3b1865831928440dc00,2026-02,North Yorkshire Police,North Yorkshire Police,-1.298148,54.366331,On or near South End,E01027613,Hambleton 003C,Other theft,Under investigation,
088180fc1cddae192abf2a508620b0930fdf9274c52af7f09c3b520e665efc03,2026-02,North Yorkshire Police,North Yorkshire Police,-1.372262,54.363463,On or near Parking Area,E01027613,Hambleton 003C,Vehicle crime,Under investigation,
2e5cceeb80f7e29bfde3238ef4bd6710f211beb94ca10cbcca61c3fd34b56974,2026-02,North Yorkshire Police,North Yorkshire Police,-1.351714,54.366954,On or near Parking Area,E01027613,Hambleton 003C,Violence and sexual offences,Under investigation,
efaac439e163fb03cd6018978f76479741c8d5caeb09a24283175dcde02c820f,2026-02,North Yorkshire Police,North Yorkshire Police,-1.307779,54.332639,On or near Cart Riggin,E01027613,Hambleton 003C,Violence and sexual offences,Under investigation,
dae673765e33c303aa6be996c80cb04f60ffd139d0120b0a42c76bf5d8b44739,2026-02,North Yorkshire Police,North Yorkshire Police,-1.307779,54.332639,On or near Cart Riggin,E01027613,Hambleton 003C,Violence and sexual offences,Under investigation,
,2026-02,North Yorkshire Police,North Yorkshire Police,-1.541293,54.326275,On or near The Parklands,E01027603,Hambleton 005A,Anti-social behaviour,,
,2026-02,North Yorkshire Police,North Yorkshire Police,-1.554701,54.301997,On or near Leeming Lane,E01027603,Hambleton 005A,Anti-social behaviour,,
,2026-02,North Yorkshire Police,North Yorkshire Police,-1.558160,54.304742,On or near Foundry Way,E01027603,Hambleton 005A,Anti-social behaviour,,
,2026-02,North Yorkshire Police,North Yorkshire Police,-1.557590,54.306312,On or near Glebe Square,E01027603,Hambleton 005A,Anti-social behaviour,,
627fe39f9f39f5236d4666009b3c213fee1d800b542b674684967c5f4829f78c,2026-02,North Yorkshire Police,North Yorkshire Police,-1.565463,54.305847,On or near Plews Way,E01027603,Hambleton 005A,Bicycle theft,Under investigation,
e2bd9d50173a74d640062bebdd0b9ea7904f3fe51946587c6dcfa0181234242f,2026-02,North Yorkshire Police,North Yorkshire Police,-1.541293,54.326275,On or near The Parklands,E01027603,Hambleton 005A,Criminal damage and arson,Under investigation,
5f46cdeedec1dfbac4ee013390194e77f3b77ddc9d67d1644afed787eb27658c,2026-02,North Yorkshire Police,North Yorkshire Police,-1.569121,54.311808,On or near ,E01027603,Hambleton 005A,Possession of weapons,Under investigation,
fdae8ba27f7bdf88a0717f4165a22aa2d48bd0c8dd7890ba35026b999d89ca07,2026-02,North Yorkshire Police,North Yorkshire Police,-1.559216,54.304865,On or near Supermarket,E01027603,Hambleton 005A,Shoplifting,Investigation complete; no suspect identified,
db8270e7a9091c5ee3f2ce89bdaea8878feb1214720acf408deadc1eba2297ae,2026-02,North Yorkshire Police,North Yorkshire Police,-1.550721,54.354198,On or near Lowfield Lane,E01027603,Hambleton 005A,Violence and sexual offences,Under investigation,
334462da0647dd34b887fe5581f849ad3d400d176922851c8b1d4f98a41f4acd,2026-02,North Yorkshire Police,North Yorkshire Police,-1.557590,54.306312,On or near Glebe Square,E01027603,Hambleton 005A,Violence and sexual offences,Under investigation,
3e66325b6be6effc21fe587a67971fec9067f1ec00bfb206d15e532bf0dec466,2026-02,North Yorkshire Police,North Yorkshire Police,-1.561687,54.306947,On or near Petrol Station,E01027603,Hambleton 005A,Other crime,Under investigation,
cf7481590ad0a975678db0fb7799db3a5f7b2d5e69a2148ccbfd6ac188bf6df4,2026-02,North Yorkshire Police,North Yorkshire Police,-1.550721,54.354198,On or near Lowfield Lane,E01027603,Hambleton 005A,Other crime,Under investigation,
,2026-02,North Yorkshire Police,North Yorkshire Police,-1.499087,54.323645,On or near St Helens Drive,E01027604,Hambleton 005B,Anti-social behaviour,,
a21fb0d608f36874a77e9d95265d455da0e3117a81806f600f931a364e151c0b,2026-02,North Yorkshire Police,North Yorkshire Police,-1.473587,54.346014,On or near Mounstrall Lane,E01027604,Hambleton 005B,Violence and sexual offences,Unable to prosecute suspect,
e885df0303dd51c54b978cac6b30c57a1f6e214d1558365de88826c191c36919,2026-02,North Yorkshire Police,North Yorkshire Police,-1.446551,54.328269,On or near Supermarket,E01027615,Hambleton 005E,Shoplifting,Investigation complete; no suspect identified,
fb90a1dd41829e311b99f65de0085d10a22e8c180dbb30b380ad515f4d0a8b7f,2026-02,North Yorkshire Police,North Yorkshire Police,-1.588406,54.284501,On or near Mowbray Crescent,E01027587,Hambleton 006A,Criminal damage and arson,Unable to prosecute suspect,
2cab54e8a12aec82f7df3b3781fed41c28d688c7477c2b65b0a22b388d498902,2026-02,North Yorkshire Police,North Yorkshire Police,-1.590200,54.284804,On or near College Court,E01027587,Hambleton 006A,Public order,Under investigation,
2940b79a910573a3259cb17e4db6aa7637e02195a4e9dc9e5ee1f9a7aa5bc6ad,2026-02,North Yorkshire Police,North Yorkshire Police,-1.587902,54.285695,On or near Tom Hall Court,E01027587,Hambleton 006A,Vehicle crime,Under investigation,
096219be032e8247d6b248f2dd0c65a100561d3ba4ba72559f886368eac04d55,2026-02,North Yorkshire Police,North Yorkshire Police,-1.597352,54.283831,On or near Calvert Way,E01027587,Hambleton 006A,Vehicle crime,Under investigation,
55ead45d07db5a86d6544c0a5621f1e7342837ca6ec68b69d8e7f4066235a4c2,2026-02,North Yorkshire Police,North Yorkshire Police,-1.597352,54.283831,On or near Calvert Way,E01027587,Hambleton 006A,Violence and sexual offences,Under investigation,
,2026-02,North Yorkshire Police,North Yorkshire Police,-1.593470,54.289695,On or near Parking Area,E01027588,Hambleton 006B,Anti-social behaviour,,
,2026-02,North Yorkshire Police,North Yorkshire Police,-1.591068,54.288689,On or near Parking Area,E01027588,Hambleton 006B,Anti-social behaviour,,
bc41650f3138467ceaf32c45d7462e2174914dfdd9ff135795a360b92e9f401b,2026-02,North Yorkshire Police,North Yorkshire Police,-1.593470,54.289695,On or near Parking Area,E01027588,Hambleton 006B,Public order,Under investigation,
6972d82e2d04b78cfba557aece0380db78d1ef610c3f555eb48bcf2b2bedb467,2026-02,North Yorkshire Police,North Yorkshire Police,-1.592834,54.288758,On or near Supermarket,E01027588,Hambleton 006B,Shoplifting,Investigation complete; no suspect identified,
491c7fc5355e2c1f8a81f66b4266b884fcb4a056afb99cd9717e59b9013cf925,2026-02,North Yorkshire Police,North Yorkshire Police,-1.592834,54.288758,On or near Supermarket,E01027588,Hambleton 006B,Shoplifting,Investigation complete; no suspect identified,
aef04c34b0bf4cc30f107a40abc5e6549efe2d5d3164d6ea94f6b7b9c56eaf10,2026-02,North Yorkshire Police,North Yorkshire Police,-1.586708,54.283795,On or near Iddison Drive,E01027588,Hambleton 006B,Vehicle crime,Under investigation,
c66fffdb714cec25c7af9ef7dbc9354b36090f4ce8380ab944d2dfcd45a4ee99,2026-02,North Yorkshire Police,North Yorkshire Police,-1.585328,54.281992,On or near Peirse Close,E01027588,Hambleton 006B,Violence and sexual offences,Unable to prosecute suspect,
e52e2e9fb33f9495e868f2cbe3484f2bc0de9ff13cc67459b0c204279a81c9d7,2026-02,North Yorkshire Police,North Yorkshire Police,-1.583539,54.282705,On or near Nattrass Walk,E01027588,Hambleton 006B,Violence and sexual offences,Under investigation,
90ad89ab05ee3eec0b582e32d72a5362197fe5b3f5a092c1532ccda07c6f2f23,2026-02,North Yorkshire Police,North Yorkshire Police,-1.592418,54.288820,On or near Market Place,E01027588,Hambleton 006B,Violence and sexual offences,Under investigation,
e52e2e9fb33f9495e868f2cbe3484f2bc0de9ff13cc67459b0c204279a81c9d7,2026-02,North Yorkshire Police,North Yorkshire Police,-1.583539,54.282705,On or near Nattrass Walk,E01027588,Hambleton 006B,Violence and sexual offences,Under investigation,
84fef38a824110ad6e22584ed8c02c94a049ad206003db92a9dc904a1bef8ebd,2026-02,North Yorkshire Police,North Yorkshire Police,-1.583375,54.289894,On or near Otterbeck Way,E01027589,Hambleton 006C,Violence and sexual offences,Under investigation,
d304bed41ce80bd0343ed644437a931bfe607eb0b7d47b43a647061889ba5db6,2026-02,North Yorkshire Police,North Yorkshire Police,-1.590561,54.288670,On or near Bridge Street,E01027589,Hambleton 006C,Violence and sexual offences,Under investigation,
84fef38a824110ad6e22584ed8c02c94a049ad206003db92a9dc904a1bef8ebd,2026-02,North Yorkshire Police,North Yorkshire Police,-1.583375,54.289894,On or near Otterbeck Way,E01027589,Hambleton 006C,Violence and sexual offences,Unable to prosecute suspect,
298cf128d6df1e1bf225466bcd2db378c9646c9c0bc18ed8341465ffd72e02ea,2026-02,North Yorkshire Police,North Yorkshire Police,-1.590561,54.288670,On or near Bridge Street,E01027589,Hambleton 006C,Violence and sexual offences,Under investigation,
,2026-02,North Yorkshire Police,North Yorkshire Police,-1.653059,54.256826,On or near Halfpenny House Lane,E01027593,Hambleton 006D,Anti-social behaviour,,
31a369475826560e65602f8dfde2a3ab0581984996f2933b0fb830c83067b37a,2026-02,North Yorkshire Police,North Yorkshire Police,-1.626201,54.303866,On or near Petrol Station,E01027593,Hambleton 006D,Other theft,Unable to prosecute suspect,
f3fab3aa51db358106e511d676381e7c7d99f060da80dbb4fbce3686b3138a46,2026-02,North Yorkshire Police,North Yorkshire Police,-1.629231,54.307039,On or near Blacksmith Bank,E01027593,Hambleton 006D,Public order,Under investigation,
03c336ad14a8e64f28bbd1eb9d03ee6536fa09f7de2c6140f846f488bf99d1e3,2026-02,North Yorkshire Police,North Yorkshire Police,-1.636990,54.284504,On or near Cowling Lane,E01027593,Hambleton 006D,Public order,Under investigation,
dfa947217ac71c0f729691e50359dbe2e5b8bf543ffbd9f2040c2541dcb76afc,2026-02,North Yorkshire Police,North Yorkshire Police,-1.592575,54.232389,On or near Bedale Road,E01027628,Hambleton 007B,Violence and sexual offences,Under investigation,
69ff7a94d1f86cfe4bd8b70ca40d28bb649d1238f0d635133e39e1cf14800521,2026-02,North Yorkshire Police,North Yorkshire Police,-1.479718,54.228297,On or near Sinderby Lane,E01027628,Hambleton 007B,Violence and sexual offences,Under investigation,
651d5e04f31c14c9762ac5266b0097abcaae90a0d0a3b4fa81a88970130d80e2,2026-02,North Yorkshire Police,North Yorkshire Police,-1.472653,54.215923,On or near ,E01027628,Hambleton 007B,Violence and sexual offences,Unable to prosecute suspect,
36556620868ee959c7e4101133b0aa161f354f602faacfeb89548f8ef6f7ace3,2026-02,North Yorkshire Police,North Yorkshire Police,-1.575090,54.218587,On or near The Croft,E01027628,Hambleton 007B,Other crime,Under investigation,
a5f2b17d3aeb0c4f85644f6dcc2552d44897afbba43e5063dfde180d8fe79b8e,2026-02,North Yorkshire Police,North Yorkshire Police,-1.425619,54.257854,On or near Green Lane,E01027633,Hambleton 007C,Violence and sexual offences,Unable to prosecute suspect,
c149c1bcab7955c53634f9013301833f2b534b08429a960e0a43d400c2487bf6,2026-02,North Yorkshire Police,North Yorkshire Police,-1.401399,54.288419,On or near Back Lane,E01027633,Hambleton 007C,Violence and sexual offences,Under investigation,
e440f62a7092c54be13bd6364da7606500a5f0db8bd30cebbbabb202037c7ef0,2026-02,North Yorkshire Police,North Yorkshire Police,-1.552014,54.276328,On or near Exelby Close,E01034958,Hambleton 007F,Other theft,Under investigation,
b3fc3aeda48e4a01b72790719d175b1e21198d54ce02851feaf8c3ccc99595b0,2026-02,North Yorkshire Police,North Yorkshire Police,-1.516633,54.291856,On or near Hawthorn Close,E01034958,Hambleton 007F,Violence and sexual offences,Under investigation,
,2026-02,North Yorkshire Police,North Yorkshire Police,-1.342099,54.231687,On or near Chapel Street,E01027620,Hambleton 008A,Anti-social behaviour,,
,2026-02,North Yorkshire Police,North Yorkshire Police,-1.340490,54.231588,On or near Parking Area,E01027620,Hambleton 008A,Anti-social behaviour,,
,2026-02,North Yorkshire Police,North Yorkshire Police,-1.340490,54.231588,On or near Parking Area,E01027620,Hambleton 008A,Anti-social behaviour,,
,2026-02,North Yorkshire Police,North Yorkshire Police,-1.342099,54.231687,On or near Chapel Street,E01027620,Hambleton 008A,Anti-social behaviour,,
,2026-02,North Yorkshire Police,North Yorkshire Police,-1.340490,54.231588,On or near Parking Area,E01027620,Hambleton 008A,Anti-social behaviour,,
,2026-02,North Yorkshire Police,North Yorkshire Police,-1.342099,54.231687,On or near Chapel Street,E01027620,Hambleton 008A,Anti-social behaviour,,
,2026-02,North Yorkshire Police,North Yorkshire Police,-1.340490,54.231588,On or near Parking Area,E01027620,Hambleton 008A,Anti-social behaviour,,
,2026-02,North Yorkshire Police,North Yorkshire Police,-1.341611,54.226705,On or near Silver Street,E01027620,Hambleton 008A,Anti-social behaviour,,
,2026-02,North Yorkshire Police,North Yorkshire Police,-1.340490,54.231588,On or near Parking Area,E01027620,Hambleton 008A,Anti-social behaviour,,
e3e86ccefcc05db88bfeab0123b814573d697c0dad991d7ac4d0abe3ab9b10ee,2026-02,North Yorkshire Police,North Yorkshire Police,-1.341611,54.226705,On or near Silver Street,E01027620,Hambleton 008A,Burglary,Under investigation,
8344472e608e2749113b2ad169155d96c20c4ed93698bea8604813b0b1e125c4,2026-02,North Yorkshire Police,North Yorkshire Police,-1.340490,54.231588,On or near Parking Area,E01027620,Hambleton 008A,Criminal damage and arson,Under investigation,
7a2dbc468d1a6860ca41ae4e1c243782f7b02363165e612a95c37147c01b0666,2026-02,North Yorkshire Police,North Yorkshire Police,-1.342099,54.231687,On or near Chapel Street,E01027620,Hambleton 008A,Criminal damage and arson,Under investigation,
9adb90299d3bcaef7b34fe87dd1c5638a9933e66c0525935bde9717f45ad8005,2026-02,North Yorkshire Police,North Yorkshire Police,-1.342099,54.231687,On or near Chapel Street,E01027620,Hambleton 008A,Drugs,Under investigation,
5479de19fb46ecec2ee32e9744ffed537e06239182cb27a268f8c3304358ef41,2026-02,North Yorkshire Police,North Yorkshire Police,-1.347454,54.230683,On or near Supermarket,E01027620,Hambleton 008A,Shoplifting,Under investigation,
394abf23cccd4d7656007998cdbc7b0b5c13f293204fef2ada675e2a806664f0,2026-02,North Yorkshire Police,North Yorkshire Police,-1.348049,54.228888,On or near Melbourne Place,E01027620,Hambleton 008A,Violence and sexual offences,Unable to prosecute suspect,
cc5be199e75fb513eb3b3daeb90fd5f5f0f101ef61a5ff36dbab32e8f8abed2c,2026-02,North Yorkshire Police,North Yorkshire Police,-1.350879,54.230377,On or near Racecourse Mews,E01027620,Hambleton 008A,Violence and sexual offences,Under investigation,
ca0a62de9864f954d1a6679306b3ac7c269e85b1add3f0bea7f2d057a8cbc812,2026-02,North Yorkshire Police,North Yorkshire Police,-1.355092,54.228755,On or near Robb Close,E01027620,Hambleton 008A,Violence and sexual offences,Under investigation,
db9c416ab8c2cffcfc22bfe8dd0096fadf4caaf9b5ffddbc327b2702ae07658e,2026-02,North Yorkshire Police,North Yorkshire Police,-1.351392,54.228406,On or near Admirals Court,E01027620,Hambleton 008A,Violence and sexual offences,Unable to prosecute suspect,
d88508b5942417d72967b5272e7a107f39cdd13be055e6e330319e96ec8b19e7,2026-02,North Yorkshire Police,North Yorkshire Police,-1.345672,54.230790,On or near Topcliffe Road,E01027620,Hambleton 008A,Violence and sexual offences,Under investigation,
559b53df6b1cfb90f9f525a72e83087731edd2cdd4de492c874d82dddd0f720e,2026-02,North Yorkshire Police,North Yorkshire Police,-1.350879,54.230377,On or near Racecourse Mews,E01027620,Hambleton 008A,Violence and sexual offences,Under investigation,
,2026-02,North Yorkshire Police,North Yorkshire Police,-1.348193,54.237328,On or near Gallows Lane,E01027630,Hambleton 008B,Anti-social behaviour,,
,2026-02,North Yorkshire Police,North Yorkshire Police,-1.340647,54.232290,On or near Parking Area,E01027630,Hambleton 008B,Anti-social behaviour,,
,2026-02,North Yorkshire Police,North Yorkshire Police,-1.348193,54.237328,On or near Gallows Lane,E01027630,Hambleton 008B,Anti-social behaviour,,
,2026-02,North Yorkshire Police,North Yorkshire Police,-1.341981,54.233313,On or near Millgate,E01027630,Hambleton 008B,Anti-social behaviour,,
,2026-02,North Yorkshire Police,North Yorkshire Police,-1.341981,54.233313,On or near Millgate,E01027630,Hambleton 008B,Anti-social behaviour,,
,2026-02,North Yorkshire Police,North Yorkshire Police,-1.348193,54.237328,On or near Gallows Lane,E01027630,Hambleton 008B,Anti-social behaviour,,
427173eb683e27f6404b26bac6f89f1aaa512b6d373d457371000cddc381d505,2026-02,North Yorkshire Police,North Yorkshire Police,-1.345226,54.233825,On or near Kirkgate,E01027630,Hambleton 008B,Burglary,Under investigation,
4484841ecadc2cd0ab69df20dec592ad614105fbeaee07e0864d8cceea027baa,2026-02,North Yorkshire Police,North Yorkshire Police,-1.349177,54.237181,On or near Norby,E01027630,Hambleton 008B,Criminal damage and arson,Under investigation,
056af2d679b42fe5325ca98d623668a6ac852472200f1d7b614462d76c4c8259,2026-02,North Yorkshire Police,North Yorkshire Police,-1.341981,54.233313,On or near Millgate,E01027630,Hambleton 008B,Shoplifting,Under investigation,
f2b96434e1ad78456f55d891a2f0f7a9d3883f09cedb03cd7a443ecbc66af362,2026-02,North Yorkshire Police,North Yorkshire Police,-1.341981,54.233313,On or near Millgate,E01027630,Hambleton 008B,Shoplifting,Under investigation,
c17f6ec4e1dfebff0e27288c7d1bf8d7ba791ea053b5ee696a68823d817a9cc7,2026-02,North Yorkshire Police,North Yorkshire Police,-1.348193,54.237328,On or near Gallows Lane,E01027630,Hambleton 008B,Violence and sexual offences,Under investigation,
,2026-02,North Yorkshire Police,North Yorkshire Police,-1.333566,54.239504,On or near Herriot Way,E01027631,Hambleton 008C,Anti-social behaviour,,
,2026-02,North Yorkshire Police,North Yorkshire Police,-1.338203,54.237409,On or near St Mary'S Way,E01027631,Hambleton 008C,Anti-social behaviour,,
,2026-02,North Yorkshire Police,North Yorkshire Police,-1.341514,54.236636,On or near Wensleydale Mews,E01027631,Hambleton 008C,Anti-social behaviour,,
467e39d06cfe1bec66b762ff2552e51fcc8414a497b23660ed903aa21503ad02,2026-02,North Yorkshire Police,North Yorkshire Police,-1.335621,54.239605,On or near Darrowby Close,E01027631,Hambleton 008C,Criminal damage and arson,Investigation complete; no suspect identified,
2d32cad7fa23a4ebccc2c874603fb5d42807bae499e59e955e5d6350d23f058a,2026-02,North Yorkshire Police,North Yorkshire Police,-1.334939,54.244306,On or near Parking Area,E01027631,Hambleton 008C,Drugs,Under investigation,
27dbef1d502ddd1b127db1974f8b8514a9f6dd277af9ab53b0ca94aa02b5aead,2026-02,North Yorkshire Police,North Yorkshire Police,-1.337294,54.237637,On or near St Mary'S Close,E01027631,Hambleton 008C,Violence and sexual offences,Unable to prosecute suspect,
392506719aff877bc3542cd21d72887b77ef94456d4b1e72473f08f13f25240a,2026-02,North Yorkshire Police,North Yorkshire Police,-1.337294,54.237637,On or near St Mary'S Close,E01027631,Hambleton 008C,Violence and sexual offences,Unable to prosecute suspect,
93437b89f440ebcbefb5fd5b79192e058eb067c8735715259a0551907c1c5c10,2026-02,North Yorkshire Police,North Yorkshire Police,-1.338926,54.236316,On or near Johnson Close,E01027631,Hambleton 008C,Violence and sexual offences,Under investigation,
78774f78efb89237e5b6ba8380d5926a44d8454d7b74370453ffe7abb8d914c2,2026-02,North Yorkshire Police,North Yorkshire Police,-1.331288,54.238054,On or near Faven Field Road,E01027631,Hambleton 008C,Violence and sexual offences,Under investigation,
3e1b3c8142cd4c68589b836978c4d3427d2ab2478c8ec46b8c7cad0c9bea68ea,2026-02,North Yorkshire Police,North Yorkshire Police,-1.337294,54.237637,On or near St Mary'S Close,E01027631,Hambleton 008C,Violence and sexual offences,Unable to prosecute suspect,
b65c6c8cf07ab82cc9fc23046c39b6507dfab606d062175ea739c25bec847d2b,2026-02,North Yorkshire Police,North Yorkshire Police,-1.388547,54.226773,On or near Carlton Road,E01027632,Hambleton 008D,Burglary,Under investigation,
96870a3ac9e0e79a48d823f97b198159ff5bd27e917fa2b1c5616bf3458dd3bb,2026-02,North Yorkshire Police,North Yorkshire Police,-1.280432,54.280020,On or near Ingdale Lane,E01027637,Hambleton 008E,Criminal damage and arson,Under investigation,
fba5095cf9e6ab2bf83a85f935544e9483047208a48b6e68005a001e8d2dfd33,2026-02,North Yorkshire Police,North Yorkshire Police,-1.342093,54.298652,On or near Back Lane,E01027637,Hambleton 008E,Drugs,Under investigation,
fef84161b21145169a401790729b733111a88763e29c0a3cb2b9e324b9da2d1d,2026-02,North Yorkshire Police,North Yorkshire Police,-1.342090,54.296873,On or near Gate Lane,E01027637,Hambleton 008E,Public order,Under investigation,
5bb594d9b1a7adfa196ac107f22066f6c572b62d6e54bae8f29425a6cf2c04b3,2026-02,North Yorkshire Police,North Yorkshire Police,-1.280432,54.280020,On or near Ingdale Lane,E01027637,Hambleton 008E,Public order,Under investigation,
c642a342484c8543ebe8609b4ba14335fc5585522105c9441483ec9dc043abc7,2026-02,North Yorkshire Police,North Yorkshire Police,-1.338792,54.283131,On or near Swan Lane,E01027637,Hambleton 008E,Violence and sexual offences,Under investigation,
7dbb65dca09960b8be80f8d746cc1e6e7a56cf2d4a392a21a43dc54820fd2a37,2026-02,North Yorkshire Police,North Yorkshire Police,-1.256853,54.236629,On or near Melbourne Drive,E01027637,Hambleton 008E,Violence and sexual offences,Under investigation,
,2026-02,North Yorkshire Police,North Yorkshire Police,-1.328692,54.235415,On or near Newlands Court,E01027629,Hambleton 009B,Anti-social behaviour,,
,2026-02,North Yorkshire Police,North Yorkshire Police,-1.330042,54.236366,On or near Gormire Close,E01027629,Hambleton 009B,Anti-social behaviour,,
706fbfb50faa324447ef492ab6a3d7af855ac7a3a58700f4319348bf1b5d3a0f,2026-02,North Yorkshire Police,North Yorkshire Police,-1.338095,54.236464,On or near The Orchard,E01027629,Hambleton 009B,Violence and sexual offences,Under investigation,
706fbfb50faa324447ef492ab6a3d7af855ac7a3a58700f4319348bf1b5d3a0f,2026-02,North Yorkshire Police,North Yorkshire Police,-1.338095,54.236464,On or near The Orchard,E01027629,Hambleton 009B,Violence and sexual offences,Under investigation,
94a5c338d6465d6dcab04b462f8b6c4795644a4399f427608f8b15e539a97b6b,2026-02,North Yorkshire Police,North Yorkshire Police,-1.332697,54.235356,On or near Hambleton Court,E01027629,Hambleton 009B,Other crime,Further investigation is not in the public interest,
5b976766ec58ee3d0c414c806bfa3a5f82519d64e6e14256fda0c66596de6dd9,2026-02,North Yorkshire Police,North Yorkshire Police,-1.300683,54.171156,On or near Sports/Recreation Area,E01027635,Hambleton 009C,Public order,Unable to prosecute suspect,
575a54851e928f105bbf0a84d36ce69fd9a8f6ab13921325d3fddc906485d923,2026-02,North Yorkshire Police,North Yorkshire Police,-1.362891,54.181540,On or near Dalton Lane,E01027635,Hambleton 009C,Violence and sexual offences,Under investigation,
9745a6c814d093d5b348fda9c2c8bfecae54bb0f195f0f49989a0ccee010b43a,2026-02,North Yorkshire Police,North Yorkshire Police,-1.300683,54.171156,On or near Sports/Recreation Area,E01027635,Hambleton 009C,Violence and sexual offences,Under investigation,
eba4826b626832f8915a7e804c3f3bf2ca0ecc023405fc775900d7a68f3a704c,2026-02,North Yorkshire Police,North Yorkshire Police,-1.380942,54.206054,On or near Raf Topcliffe,E01027635,Hambleton 009C,Violence and sexual offences,Under investigation,
54cd11a2faad747f01dab8cfc05f6f147f32dcdd83bf8921c79ab3a23c34ae74,2026-02,North Yorkshire Police,North Yorkshire Police,-1.338919,54.182014,On or near Farefield Close,E01027635,Hambleton 009C,Violence and sexual offences,Under investigation,
432760b1fdc6caa60ec48aada5f7110998add71b431cbb177737a3f125c8bf10,2026-02,North Yorkshire Police,North Yorkshire Police,-1.406802,54.200953,On or near Woodland View,E01027635,Hambleton 009C,Violence and sexual offences,Under investigation,
c5fc874c380ea1b456c77c4e974683d68c9278076c1a8792da3674e3ffdbb26c,2026-02,North Yorkshire Police,North Yorkshire Police,-1.387279,54.178710,On or near Deans Square,E01027635,Hambleton 009C,Other crime,Under investigation,
,2026-02,North Yorkshire Police,North Yorkshire Police,-1.236436,54.182360,On or near Back Lane,E01027636,Hambleton 009D,Anti-social behaviour,,
d6d204d36700d51b6d8ccec299a8e3ffe3e7767e04c764bb69ddd5943cb6cb06,2026-02,North Yorkshire Police,North Yorkshire Police,-1.214623,54.168244,On or near Amplecarr,E01027636,Hambleton 009D,Public order,Under investigation,
d3d68a018201f36834cb050c3af25a1eb22125748fb8f263f563a6cfc2d4990b,2026-02,North Yorkshire Police,North Yorkshire Police,-1.312650,54.218419,On or near York Road,E01027636,Hambleton 009D,Violence and sexual offences,Under investigation,
f7345e0885e11b4e845b1f47c73aed2f4718f50eb02d30ca57ddeec10c0f549c,2026-02,North Yorkshire Police,North Yorkshire Police,-1.277658,54.207618,On or near Park/Open Space,E01027636,Hambleton 009D,Violence and sexual offences,Under investigation,
5fac1283bbe20cf9595bada25c04149de77ddcb595d930dadfaf5312165bfe11,2026-02,North Yorkshire Police,North Yorkshire Police,-1.349749,54.220322,On or near Acacia Drive,E01034959,Hambleton 009E,Burglary,Under investigation,
bede7eee28b8cb0896b14e9fb00c8241d01981e8bdf41c8a29078680a802ad45,2026-02,North Yorkshire Police,North Yorkshire Police,-1.359393,54.221969,On or near Oak Drive,E01034959,Hambleton 009E,Public order,Awaiting court outcome,
ec7374b0b0d59b63a1779b3e999a7d627d404f1442729f824f443371b28172a8,2026-02,North Yorkshire Police,North Yorkshire Police,-1.356522,54.228565,On or near The Dialstone,E01034959,Hambleton 009E,Public order,Under investigation,
a221e655ffcb2f93ea9306bf87a021dec3afe63d56a7455dd6f59a1da45749b7,2026-02,North Yorkshire Police,North Yorkshire Police,-1.356546,54.227981,On or near Lochranza Road,E01034959,Hambleton 009E,Vehicle crime,Under investigation,
bf0686e18ba7f4d04d74eebd1876c6d38d0fb861bdab082682d4ea0a73e559b4,2026-02,North Yorkshire Police,North Yorkshire Police,-1.359393,54.221969,On or near Oak Drive,E01034959,Hambleton 009E,Violence and sexual offences,Awaiting court outcome,
b97e7884446bec359322a6c5a1622c175375b5ffc141ac8949b1ca7eddb90372,2026-02,North Yorkshire Police,North Yorkshire Police,-1.359393,54.221969,On or near Oak Drive,E01034959,Hambleton 009E,Violence and sexual offences,Under investigation,
6b964bc2fea6d76ba1fc1ea6172d069ae9446ce73d2225444f8ffb736c1751a1,2026-02,North Yorkshire Police,North Yorkshire Police,-1.358680,54.208067,On or near Topcliffe Road,E01034959,Hambleton 009E,Violence and sexual offences,Unable to prosecute suspect,
a6a2f7dcdea0f5080de17fe8647c5977516a41f422065dadfa8abda0e4da1940,2026-02,North Yorkshire Police,North Yorkshire Police,-1.359393,54.221969,On or near Oak Drive,E01034959,Hambleton 009E,Violence and sexual offences,Awaiting court outcome,
52f6fa70fc35bbdf4c39e359771a2107831d1d96dfb4816d8b589a187ac0338d,2026-02,North Yorkshire Police,North Yorkshire Police,-1.359393,54.221969,On or near Oak Drive,E01034959,Hambleton 009E,Violence and sexual offences,Under investigation,
93cb402ab731fcf59d6c6b4c5673452092c4bc957393d6c096214c47475de2f3,2026-02,North Yorkshire Police,North Yorkshire Police,-1.359393,54.221969,On or near Oak Drive,E01034959,Hambleton 009E,Violence and sexual offences,Under investigation,
abf255db9b2a652a908165bc104ce846a41fbc1bc5f270a867c12926743bfdae,2026-02,North Yorkshire Police,North Yorkshire Police,-1.359393,54.221969,On or near Oak Drive,E01034959,Hambleton 009E,Violence and sexual offences,Unable to prosecute suspect,
ad205e42e86a3ad0df7830e99179ad3a54e93d6b1ae6dcac1f26de1de49ec0f3,2026-02,North Yorkshire Police,North Yorkshire Police,-1.359393,54.221969,On or near Oak Drive,E01034959,Hambleton 009E,Violence and sexual offences,Under investigation,
,2026-02,North Yorkshire Police,North Yorkshire Police,-1.348436,54.221848,On or near Sports/Recreation Area,E01034960,Hambleton 009F,Anti-social behaviour,,
,2026-02,North Yorkshire Police,North Yorkshire Police,-1.346310,54.222444,On or near School Garth,E01034960,Hambleton 009F,Anti-social behaviour,,
93df7228f6d2d71c327778993ff883f96d7192a2081a013be195262b162d2a42,2026-02,North Yorkshire Police,North Yorkshire Police,-1.326089,54.225046,On or near ,E01034960,Hambleton 009F,Violence and sexual offences,Unable to prosecute suspect,
cb223d7a4f3de386f808808e220a1575e7f6767ee2e78c3dbd43a2bca7840587,2026-02,North Yorkshire Police,North Yorkshire Police,-1.346310,54.222444,On or near School Garth,E01034960,Hambleton 009F,Violence and sexual offences,Under investigation,
6823ceabdd56e91d57c535fb87a447965520162ecb8f34c8a8bb66e7216f5608,2026-02,North Yorkshire Police,North Yorkshire Police,-1.346310,54.222444,On or near School Garth,E01034960,Hambleton 009F,Violence and sexual offences,Under investigation,
7405247687c5a193b2eef0d0ea9ab4283354df107c41fa782a8ecc6faffe4622,2026-02,North Yorkshire Police,North Yorkshire Police,-1.344473,54.222254,On or near Gravel Hole Lane,E01034960,Hambleton 009F,Violence and sexual offences,Under investigation,
,2026-02,North Yorkshire Police,North Yorkshire Police,-1.186659,54.114834,On or near Hurns Way,E01027594,Hambleton 010A,Anti-social behaviour,,
391cde3524df263d7609f0e4bef0cf94d5491014c9d3bf45261f2b97d53a9f0e,2026-02,North Yorkshire Police,North Yorkshire Police,-1.187675,54.120781,On or near Paradise Field Estate,E01027594,Hambleton 010A,Criminal damage and arson,Under investigation,
d3a432e57bfea6e1019961acb2b2d6bc5fb0b404ce54d32be76523e35cee8a43,2026-02,North Yorkshire Police,North Yorkshire Police,-1.188904,54.118965,On or near St Monicas Court,E01027594,Hambleton 010A,Criminal damage and arson,Under investigation,
a9ad49f5cbb147dd893a27bc94d05a8266f2417d21ab5da84c050ce81a4b92ad,2026-02,North Yorkshire Police,North Yorkshire Police,-1.187484,54.118039,On or near George Long Mews,E01027594,Hambleton 010A,Public order,Under investigation,
e59ad1a461bc7ad088d90e0fd1dba67d3716c6a71393fb84f7e02ba09705a15d,2026-02,North Yorkshire Police,North Yorkshire Police,-1.187706,54.119191,On or near Crabmill Lane,E01027594,Hambleton 010A,Violence and sexual offences,Under investigation,
e59ad1a461bc7ad088d90e0fd1dba67d3716c6a71393fb84f7e02ba09705a15d,2026-02,North Yorkshire Police,North Yorkshire Police,-1.187706,54.119191,On or near Crabmill Lane,E01027594,Hambleton 010A,Violence and sexual offences,Under investigation,
69f3c609b97487f6375034e55b5f395fda11dab91a1b4a3526480233e8fd24ce,2026-02,North Yorkshire Police,North Yorkshire Police,-1.188969,54.121123,On or near Park Close,E01027594,Hambleton 010A,Violence and sexual offences,Under investigation,
7caa5bdd11f4a55c4c00a730f6aca599a74668bbbfe5873a1d239d3e99ccb0ab,2026-02,North Yorkshire Police,North Yorkshire Police,-1.185410,54.116110,On or near Regent Drive,E01027594,Hambleton 010A,Violence and sexual offences,Under investigation,
dac451b2dc3f97f06a4c4f8c7d38cb07c5a29926bc1c7cf92ef779c4af2dffdc,2026-02,North Yorkshire Police,North Yorkshire Police,-1.201364,54.125762,On or near St Johns Meadows,E01027595,Hambleton 010B,Violence and sexual offences,Under investigation,
bcb6e4fcdf01d94fe13073e7fdffd44c51503bbbee43e53fa4b5d5c27f41cd97,2026-02,North Yorkshire Police,North Yorkshire Police,-1.183013,54.117415,On or near Partridge Road,E01027595,Hambleton 010B,Violence and sexual offences,Unable to prosecute suspect,
55ba0bd604574adb6839ca83c43153d71a0b26ed64466d2822248f0f9057e03f,2026-02,North Yorkshire Police,North Yorkshire Police,-1.183013,54.117415,On or near Partridge Road,E01027595,Hambleton 010B,Violence and sexual offences,Unable to prosecute suspect,
3ff87090b9911f30d45273ad9a9540b24d519dc4d4dd3a85c79ff9ee23ee2107,2026-02,North Yorkshire Police,North Yorkshire Police,-1.183013,54.117415,On or near Partridge Road,E01027595,Hambleton 010B,Violence and sexual offences,Unable to prosecute suspect,
dac451b2dc3f97f06a4c4f8c7d38cb07c5a29926bc1c7cf92ef779c4af2dffdc,2026-02,North Yorkshire Police,North Yorkshire Police,-1.201364,54.125762,On or near St Johns Meadows,E01027595,Hambleton 010B,Violence and sexual offences,Under investigation,
227537249d189c5a3ff19e76524be6c87341a01cd1d495cd45a0d9937a96da5d,2026-02,North Yorkshire Police,North Yorkshire Police,-1.184695,54.126055,On or near Cedar Place,E01027596,Hambleton 010C,Other theft,Under investigation,
ed714a168a3c196b9c52d0cff0deee8989cb5dea0da4974b69b95abe08cd71ee,2026-02,North Yorkshire Police,North Yorkshire Police,-1.135114,54.083547,On or near Main Street,E01027601,Hambleton 010D,Burglary,Under investigation,
d5d6a5cfff1e9364b0ac44b140d11f6ccec9419915636ec6aa9e1d32213a3d80,2026-02,North Yorkshire Police,North Yorkshire Police,-1.157694,54.086467,On or near Lea Lane,E01027601,Hambleton 010D,Other theft,Under investigation,
,2026-02,North Yorkshire Police,North Yorkshire Police,-1.113661,54.103227,On or near High Street,E01027622,Hambleton 010E,Anti-social behaviour,,
c9ac020ed9b9e298671730cba77abff95ba1ba82f7d26ff2fbd6636fa397f0ca,2026-02,North Yorkshire Police,North Yorkshire Police,-1.092363,54.141456,On or near Town Street,E01027622,Hambleton 010E,Violence and sexual offences,Under investigation,
9a70f1658f6825157c9542062eba99d399786bc0b8822b6d275c461133ff1071,2026-02,North Yorkshire Police,North Yorkshire Police,-1.039603,54.134584,On or near Low Lane,E01027622,Hambleton 010E,Violence and sexual offences,Under investigation,
,2026-02,North Yorkshire Police,North Yorkshire Police,-1.245825,54.040944,On or near Grange Garth,E01027619,Hambleton 011B,Anti-social behaviour,,
6bfb185a7467b3a1ec8a58d7928ee7ecb69cad418b630ef35cf65a62fb1f49c2,2026-02,North Yorkshire Police,North Yorkshire Police,-1.250466,54.041018,On or near Half Moon Street,E01027619,Hambleton 011B,Violence and sexual offences,Under investigation,
01dd610be5dc39c7d272d44c995f0154e8e2eca0f00394255ed4c22e068e1b90,2026-02,North Yorkshire Police,North Yorkshire Police,-1.157578,54.021960,On or near Burrell'S Lane,E01027619,Hambleton 011B,Violence and sexual offences,Under investigation,
d1f3ed35aa754619c3d62e4e17dface30b6535b70f39cc3d165aa0d20a0d41c9,2026-02,North Yorkshire Police,North Yorkshire Police,-1.191834,54.012281,On or near Bellground Lane,E01027619,Hambleton 011B,Violence and sexual offences,Under investigation,
8f939cb5a01e0d16972075e853358a61b080944c68da2e1623306b81b5731e87,2026-02,North Yorkshire Police,North Yorkshire Police,-1.157558,54.019928,On or near Main Street,E01027619,Hambleton 011B,Violence and sexual offences,Under investigation,
976c5d8f5dbf33f384da7ca736d03c234a1ff78972d7ce2bfd155a5da17363de,2026-02,North Yorkshire Police,North Yorkshire Police,-1.156328,53.995455,On or near Overton Road,E01027619,Hambleton 011B,Violence and sexual offences,Under investigation,
5a9bd6330dd5bc1fadbcf26e516ce5a3c1116cce1d6ac78b9b1fd33f1d37b1b4,2026-02,North Yorkshire Police,North Yorkshire Police,-1.192152,54.078596,On or near Tollerton Road,E01027634,Hambleton 011C,Violence and sexual offences,Under investigation,
8e1a27ab8bb7a6c869b1ee2a3470b884667ccf1171ee9edd18b8547e686dc45a,2026-02,North Yorkshire Police,North Yorkshire Police,-1.431371,54.345229,On or near Winston Court,E01034961,Hambleton 012A,Drugs,Further investigation is not in the public interest,
3896f84565e13eab09a640e90896dd38215172fdb5c75e39d4008c7a5f624acb,2026-02,North Yorkshire Police,North Yorkshire Police,-1.449799,54.348703,On or near Tennant Close,E01034961,Hambleton 012A,Other theft,Investigation complete; no suspect identified,
3dde5973218ae6aab8dd268c7eade754e5929ac54556bed7b1e584a9721f42c6,2026-02,North Yorkshire Police,North Yorkshire Police,-1.432050,54.348432,On or near Supermarket,E01034961,Hambleton 012A,Public order,Under investigation,
d2adae66ee3021e36f42083dcc13d72a1f54d032b2e534a948688daa4cb0c68b,2026-02,North Yorkshire Police,North Yorkshire Police,-1.436036,54.344909,On or near Swain Court,E01034961,Hambleton 012A,Public order,Under investigation,
6ef87fa4947facddafef572788bf1f9b8f9c2b780445beb08b3999a5c7ae2f90,2026-02,North Yorkshire Police,North Yorkshire Police,-1.432050,54.348432,On or near Supermarket,E01034961,Hambleton 012A,Public order,Under investigation,
70c8a0620e347a886c684174f53da01b7d1961948923876fd3b036815fb95536,2026-02,North Yorkshire Police,North Yorkshire Police,-1.437882,54.346059,On or near Shopping Area,E01034961,Hambleton 012A,Shoplifting,Investigation complete; no suspect identified,
1ab903070832aafbbcbf0aad5a09605d83806780b077932e6112212ce441b167,2026-02,North Yorkshire Police,North Yorkshire Police,-1.437882,54.346059,On or near Shopping Area,E01034961,Hambleton 012A,Shoplifting,Investigation complete; no suspect identified,
eafaff3528fcf295da786c1cbe31e44bcf70ec4bf647f0f39f4bcdb8d69b0263,2026-02,North Yorkshire Police,North Yorkshire Police,-1.446108,54.345199,On or near Ben Hyde Way,E01034961,Hambleton 012A,Violence and sexual offences,Under investigation,
1d79bc969b7c648b47d681aeb52b2c28dd59a096d87740f8cd2b85b8dc33eedb,2026-02,North Yorkshire Police,North Yorkshire Police,-1.444639,54.345740,On or near B6271,E01034961,Hambleton 012A,Violence and sexual offences,Unable to prosecute suspect,
529ab5c49f1f6ad2b8f2ac4978903bb81f0a905ce0fc627a7161b9a55ac20c25,2026-02,North Yorkshire Police,North Yorkshire Police,-1.444639,54.345740,On or near B6271,E01034961,Hambleton 012A,Violence and sexual offences,Unable to prosecute suspect,
f8ea178a7640990617aa5633728c8844f892619eb09a4c507becdf304f681b41,2026-02,North Yorkshire Police,North Yorkshire Police,-1.446108,54.345199,On or near Ben Hyde Way,E01034961,Hambleton 012A,Other crime,Under investigation,
,2026-02,North Yorkshire Police,North Yorkshire Police,-1.435411,54.341925,On or near Police Station,E01034962,Hambleton 012B,Anti-social behaviour,,
,2026-02,North Yorkshire Police,North Yorkshire Police,-1.435297,54.343854,On or near Goosecroft Lane,E01034962,Hambleton 012B,Anti-social behaviour,,
599a3414a775b53660bb4284e2ab3a3c221856af86112ab914842c3341e12941,2026-02,North Yorkshire Police,North Yorkshire Police,-1.435297,54.343854,On or near Goosecroft Lane,E01034962,Hambleton 012B,Criminal damage and arson,Under investigation,
1c6e38984ea1ed8f8bc2f99aeace24dda6324f8d514914ef30e68ccab9c18ffa,2026-02,North Yorkshire Police,North Yorkshire Police,-1.438864,54.345084,On or near A167,E01034962,Hambleton 012B,Criminal damage and arson,Under investigation,
b6002c1ae22cc9246f6479622b216fc28b206b94bb1135f29f4bb154cd906217,2026-02,North Yorkshire Police,North Yorkshire Police,-1.441882,54.344892,On or near Finkills Way,E01034962,Hambleton 012B,Drugs,Under investigation,
487137bc1e1c7defb4e327451fd5564e455afdc664da786d28c8eff1bf40ec36,2026-02,North Yorkshire Police,North Yorkshire Police,-1.438864,54.345084,On or near A167,E01034962,Hambleton 012B,Public order,Unable to prosecute suspect,
651cff6062612a105b648ba48bec71d30a391268dfc68e95beb069844e29c42e,2026-02,North Yorkshire Police,North Yorkshire Police,-1.432775,54.342200,On or near Supermarket,E01034962,Hambleton 012B,Public order,Under investigation,
f454b5c1455f6d52684990a5639f6ef55deec8381038f6b5a405e4e7fff53b9d,2026-02,North Yorkshire Police,North Yorkshire Police,-1.439272,54.344043,On or near Supermarket,E01034962,Hambleton 012B,Shoplifting,Investigation complete; no suspect identified,
66e2b0ef3ae44025f5370dc261293f59f57d99dda85d43d0fb7e6494b072b390,2026-02,North Yorkshire Police,North Yorkshire Police,-1.439272,54.344043,On or near Supermarket,E01034962,Hambleton 012B,Shoplifting,Investigation complete; no suspect identified,
0395024f3abc15919c9794777aaacbd4092274fd835cd718b643544dffd1b929,2026-02,North Yorkshire Police,North Yorkshire Police,-1.439272,54.344043,On or near Supermarket,E01034962,Hambleton 012B,Shoplifting,Investigation complete; no suspect identified,
637d54fdbb5a10c7439403adf1cc930ef02aab1cc2ccfd0f35d693c2eb53957e,2026-02,North Yorkshire Police,North Yorkshire Police,-1.438864,54.345084,On or near A167,E01034962,Hambleton 012B,Shoplifting,Investigation complete; no suspect identified,
f41a92aa2e976b9073ca073895552b1be3024f7b78239e2f7ffcc4a4397fae8f,2026-02,North Yorkshire Police,North Yorkshire Police,-1.432775,54.342200,On or near Supermarket,E01034962,Hambleton 012B,Shoplifting,Investigation complete; no suspect identified,
05db7fca55c7301e290457d7b4a020a72c14f9b9288cd4322b920b86b1f8b7ff,2026-02,North Yorkshire Police,North Yorkshire Police,-1.432775,54.342200,On or near Supermarket,E01034962,Hambleton 012B,Shoplifting,Investigation complete; no suspect identified,
828d65bc92cf59b50fb47cb675daa82d7803d77b53f0e26a5ec2606f4f3c1f1a,2026-02,North Yorkshire Police,North Yorkshire Police,-1.432775,54.342200,On or near Supermarket,E01034962,Hambleton 012B,Violence and sexual offences,Under investigation,
6243af76cd5a9d65074b2a367d9756d5d318eb9d327799e867a0f54e132c171c,2026-02,North Yorkshire Police,North Yorkshire Police,-1.439272,54.344043,On or near Supermarket,E01034962,Hambleton 012B,Violence and sexual offences,Under investigation,
1a91da7f6bd95a3c1cba4d823da6204b1c0f003e2b686a8bd6874e23d0b2ef6f,2026-02,North Yorkshire Police,North Yorkshire Police,-1.439272,54.344043,On or near Supermarket,E01034962,Hambleton 012B,Violence and sexual offences,Under investigation,
26a62d33ef219f884778aee4a95ef26851036be6d27580b401a47de0f1d74c20,2026-02,North Yorkshire Police,North Yorkshire Police,-1.438864,54.345084,On or near A167,E01034962,Hambleton 012B,Violence and sexual offences,Unable to prosecute suspect,
30e1b7420df8d4e3b7048e646f5919c3904824a685b31eabcb213e70bfb890df,2026-02,North Yorkshire Police,North Yorkshire Police,-1.439272,54.344043,On or near Supermarket,E01034962,Hambleton 012B,Violence and sexual offences,Under investigation,
fa51fe678e5b639fa15c72feb2cf754fa9c991599a87345aaaebd1331937298e,2026-02,North Yorkshire Police,North Yorkshire Police,-1.444832,54.343970,On or near De Lacy Road,E01034962,Hambleton 012B,Violence and sexual offences,Under investigation,
4de555246f67ea59053721eeba28b7a1c61d98f2c915f637aca46b69ae063eb2,2026-02,North Yorkshire Police,North Yorkshire Police,-1.438864,54.345084,On or near A167,E01034962,Hambleton 012B,Violence and sexual offences,Under investigation,
d675aac9bb7df4e202622953b509403a523f7aa93ef3e92444a16e06bf9dd2bb,2026-02,North Yorkshire Police,North Yorkshire Police,-1.438680,54.342783,On or near Tannery Lane,E01034962,Hambleton 012B,Violence and sexual offences,Under investigation,
a2bf0d446b60578239cad50f7532b0f40c59d2ba0e4ef7b33b0900c4128908af,2026-02,North Yorkshire Police,North Yorkshire Police,-1.439272,54.344043,On or near Supermarket,E01034962,Hambleton 012B,Violence and sexual offences,Under investigation,
,2026-02,North Yorkshire Police,North Yorkshire Police,-1.424817,54.336417,On or near Paterson Crescent,E01027610,Hambleton 012C,Anti-social behaviour,,
,2026-02,North Yorkshire Police,North Yorkshire Police,-1.418977,54.336120,On or near Prospect Place,E01027610,Hambleton 012C,Anti-social behaviour,,
2a24bb7a39d9e7a3eea160d0cb1c013d94e30000a28e33024c9be1b306be41f7,2026-02,North Yorkshire Police,North Yorkshire Police,-1.420907,54.338924,On or near Ashlands Close,E01027610,Hambleton 012C,Other theft,Investigation complete; no suspect identified,
,2026-02,North Yorkshire Police,North Yorkshire Police,-1.419485,54.341027,On or near Sports/Recreation Area,E01027609,Hambleton 012D,Anti-social behaviour,,
771286818c468594cfa9a3fc22d574e7aa497ed9424ee6c977f6caf4ab301929,2026-02,North Yorkshire Police,North Yorkshire Police,-1.417939,54.338874,On or near Bramblefields,E01027609,Hambleton 012D,Criminal damage and arson,Under investigation,
2b390f80ba02521533f0675de52b4ce7938d0269c1b80f6e593da2a5f0184aa5,2026-02,North Yorkshire Police,North Yorkshire Police,-1.419785,54.334497,On or near Knotto Bottom Way,E01027609,Hambleton 012D,Criminal damage and arson,Under investigation,
195047f6c7e1853d51c439167900a580e51858484c2d9bf9f4ad4aab4759a552,2026-02,North Yorkshire Police,North Yorkshire Police,-1.417939,54.338874,On or near Bramblefields,E01027609,Hambleton 012D,Violence and sexual offences,Under investigation,
f65d5efa707e852aa1126fe00f6fea7f656a8e4b0e06c90b9b426d4da4e332f1,2026-02,North Yorkshire Police,North Yorkshire Police,-1.419285,54.333955,On or near Knotto Bottom Close,E01027609,Hambleton 012D,Violence and sexual offences,Under investigation,
264ab688b1acab57cac2eb604e5f82066b6358d6ee44eb9030cf29721440f92d,2026-02,North Yorkshire Police,North Yorkshire Police,-1.419785,54.334497,On or near Knotto Bottom Way,E01027609,Hambleton 012D,Violence and sexual offences,Investigation complete; no suspect identified,
d425ab80d0225fc5ff5fe9ae0fb6ed933e706c9600668c76e5d4b81f9388f36e,2026-02,North Yorkshire Police,North Yorkshire Police,-1.419785,54.334497,On or near Knotto Bottom Way,E01027609,Hambleton 012D,Violence and sexual offences,Under investigation,
480796765349ca472de5111b75cc646c07de207f3a55d0277db5168dc62aec1b,2026-02,North Yorkshire Police,North Yorkshire Police,-1.422082,54.339550,On or near Ashlands Road,E01027609,Hambleton 012D,Violence and sexual offences,Under investigation,
a93a93dcfe18859630183a8d34af9c1d3a4a0900b305236ca83ca6e1a9932690,2026-02,North Yorkshire Police,North Yorkshire Police,-1.418829,54.339031,On or near Bankhead Close,E01027609,Hambleton 012D,Violence and sexual offences,Under investigation,
f65d5efa707e852aa1126fe00f6fea7f656a8e4b0e06c90b9b426d4da4e332f1,2026-02,North Yorkshire Police,North Yorkshire Police,-1.419285,54.333955,On or near Knotto Bottom Close,E01027609,Hambleton 012D,Violence and sexual offences,Under investigation,
b78078bbbf84183578e8446638f4b169015529d2520a95072a51fa806004721b,2026-02,North Yorkshire Police,North Yorkshire Police,-1.431961,54.333683,On or near Pine Grove,E01027606,Hambleton 012E,Burglary,Under investigation,
1d68bb3e0b74323dbb221d9d557068f4339631bd1580fe208bb428966f2ae47d,2026-02,North Yorkshire Police,North Yorkshire Police,-1.432915,54.330245,On or near Mulgrave Drive,E01027606,Hambleton 012E,Other theft,Under investigation,
,2026-02,North Yorkshire Police,North Yorkshire Police,-1.422875,54.343319,On or near Moorview Road,E01027612,Hambleton 013A,Anti-social behaviour,,
,2026-02,North Yorkshire Police,North Yorkshire Police,-1.419010,54.342564,On or near Lewis Close,E01027612,Hambleton 013A,Anti-social behaviour,,
f3e43f877daa7841e76116ba9b9a040cce0496fbf8ab732d0c0c98b83fd1768c,2026-02,North Yorkshire Police,North Yorkshire Police,-1.424555,54.344226,On or near Meadow Lane,E01027612,Hambleton 013A,Bicycle theft,Investigation complete; no suspect identified,
c976de3e6abbad3eed369a9b7837c95a28c309be6dd356496ef9ca548ac1478c,2026-02,North Yorkshire Police,North Yorkshire Police,-1.422875,54.343319,On or near Moorview Road,E01027612,Hambleton 013A,Criminal damage and arson,Investigation complete; no suspect identified,
e541fd9a4ffb830475f3aa51845f51a91478fd4bea88a74f5b186cc231c87675,2026-02,North Yorkshire Police,North Yorkshire Police,-1.420546,54.342715,On or near Scholla View,E01027612,Hambleton 013A,Drugs,Under investigation,
55ca4758905672e2c22f536507778d4e0b1c4bb66befeeb0e48dee0b874e97ac,2026-02,North Yorkshire Police,North Yorkshire Police,-1.430045,54.344306,On or near Byland Place,E01027612,Hambleton 013A,Other theft,Unable to prosecute suspect,
8ef7d95deda6cd4fce754446c4f70dada00e69537608f9f386a77c63821eeaf9,2026-02,North Yorkshire Police,North Yorkshire Police,-1.426622,54.342717,On or near Forest Road,E01027612,Hambleton 013A,Violence and sexual offences,Under investigation,
caefb0c15ffb6765a67aa3a513f5ac8dcf5980a36e993ee229cd7c08f66e1840,2026-02,North Yorkshire Police,North Yorkshire Police,-1.432469,54.342529,On or near Friarage Mount,E01027612,Hambleton 013A,Violence and sexual offences,Under investigation,
c2e207529cd535a99cc4ba30b226320b0be1d745810459603ba1dd51d4dcc7aa,2026-02,North Yorkshire Police,North Yorkshire Police,-1.426329,54.343830,On or near Turker Close,E01027612,Hambleton 013A,Violence and sexual offences,Under investigation,
4e0f38387334e79c509e1d7fc9d83990294a4246404b71c146d04483bd614cce,2026-02,North Yorkshire Police,North Yorkshire Police,-1.432469,54.342529,On or near Friarage Mount,E01027612,Hambleton 013A,Violence and sexual offences,Under investigation,
45074ba5ef5727501490340e1a2ae1f5525356de10af43f8b8611023c50f632f,2026-02,North Yorkshire Police,North Yorkshire Police,-1.422875,54.343319,On or near Moorview Road,E01027612,Hambleton 013A,Violence and sexual offences,Under investigation,
d361629cf8b518872d3e7155bb0b7eec345374ba8e61d2f5fb0b40cb3bd8ee61,2026-02,North Yorkshire Police,North Yorkshire Police,-1.424555,54.344226,On or near Meadow Lane,E01027612,Hambleton 013A,Violence and sexual offences,Under investigation,
,2026-02,North Yorkshire Police,North Yorkshire Police,-1.428050,54.337340,On or near Crosby Gardens,E01027608,Hambleton 013B,Anti-social behaviour,,
,2026-02,North Yorkshire Police,North Yorkshire Police,-1.428050,54.337340,On or near Crosby Gardens,E01027608,Hambleton 013B,Anti-social behaviour,,
,2026-02,North Yorkshire Police,North Yorkshire Police,-1.428050,54.337340,On or near Crosby Gardens,E01027608,Hambleton 013B,Anti-social behaviour,,
,2026-02,North Yorkshire Police,North Yorkshire Police,-1.433780,54.341178,On or near Friarage Street,E01027608,Hambleton 013B,Anti-social behaviour,,
,2026-02,North Yorkshire Police,North Yorkshire Police,-1.433780,54.341178,On or near Friarage Street,E01027608,Hambleton 013B,Anti-social behaviour,,
,2026-02,North Yorkshire Police,North Yorkshire Police,-1.428050,54.337340,On or near Crosby Gardens,E01027608,Hambleton 013B,Anti-social behaviour,,
f1750f34ceac61a6ee8ad0252f93baa6cdf4d189f5deae3f573e21c3192cea18,2026-02,North Yorkshire Police,North Yorkshire Police,-1.431782,54.337709,On or near Supermarket,E01027608,Hambleton 013B,Bicycle theft,Investigation complete; no suspect identified,
823a66476b64e1ccdbcbc49e9a2f39456ced0a76aefb9bf4d95c8d752dd5c488,2026-02,North Yorkshire Police,North Yorkshire Police,-1.431782,54.337709,On or near Supermarket,E01027608,Hambleton 013B,Criminal damage and arson,Under investigation,
aadbe628cdd52d484eec3726f6af3371b7b5042efd723cb54303f81935102c2a,2026-02,North Yorkshire Police,North Yorkshire Police,-1.428050,54.337340,On or near Crosby Gardens,E01027608,Hambleton 013B,Drugs,Under investigation,
222f59a5a32f0d9bff426ad3fd96d8e6823d0ed71985f376883256caafbb91c6,2026-02,North Yorkshire Police,North Yorkshire Police,-1.435137,54.339782,On or near Shopping Area,E01027608,Hambleton 013B,Shoplifting,Investigation complete; no suspect identified,
af225288ed7d3d53d015ad52e2563b357e0b294400a4302441bc093a624c8b2d,2026-02,North Yorkshire Police,North Yorkshire Police,-1.435137,54.339782,On or near Shopping Area,E01027608,Hambleton 013B,Shoplifting,Under investigation,
eb98866b7588ce70145ecfd01bed07e39f63bcb9aa2b3389b0e8a6fa1ea9096a,2026-02,North Yorkshire Police,North Yorkshire Police,-1.428050,54.337340,On or near Crosby Gardens,E01027608,Hambleton 013B,Violence and sexual offences,Under investigation,
4de56b36ab2cbc2ae97b5418264a9a85f6f5c78a5aa3db104fa509659c68a49b,2026-02,North Yorkshire Police,North Yorkshire Police,-1.433780,54.341178,On or near Friarage Street,E01027608,Hambleton 013B,Violence and sexual offences,Under investigation,
cd84db2661e612e5a88d629976f0531b77cad1b5046a9b49a5d5f0e04acaad9a,2026-02,North Yorkshire Police,North Yorkshire Police,-1.433721,54.339324,On or near Shopping Area,E01027608,Hambleton 013B,Violence and sexual offences,Under investigation,
9aa66007f8af32f446d694d309f6040d1c8696b2685821dc09dd6763b0082d45,2026-02,North Yorkshire Police,North Yorkshire Police,-1.433721,54.339324,On or near Shopping Area,E01027608,Hambleton 013B,Violence and sexual offences,Under investigation,
f40f9fccaf257da16e07b88a2e4d9e1a9c5f0b2d39c687cba1d6bf152cb59ce9,2026-02,North Yorkshire Police,North Yorkshire Police,-1.430650,54.340606,On or near Parking Area,E01027608,Hambleton 013B,Violence and sexual offences,Under investigation,
d3c40a18a5cd2a9fbe06f824fe035bab5ceb5bd98a382ace69a1187f1ea2bc93,2026-02,North Yorkshire Police,North Yorkshire Police,-1.433721,54.339324,On or near Shopping Area,E01027608,Hambleton 013B,Violence and sexual offences,Under investigation,
35a31642bc01d432e9976b58b1199e8e4b39a8db37ccb4fb28c6ecec76c5417d,2026-02,North Yorkshire Police,North Yorkshire Police,-1.430161,54.340370,On or near Vicars Croft,E01027608,Hambleton 013B,Violence and sexual offences,Unable to prosecute suspect,
39aa016afda8a291a5e31d0c6c6057b5b75e65908663f99ea3c8b6b4c54b424c,2026-02,North Yorkshire Police,North Yorkshire Police,-1.425414,54.339943,On or near The Crescent,E01027608,Hambleton 013B,Violence and sexual offences,Under investigation,
c19c6bd943349469e610df8b77ee42e2b9e5435e89190565248c720e06d5b287,2026-02,North Yorkshire Police,North Yorkshire Police,-1.433721,54.339324,On or near Shopping Area,E01027608,Hambleton 013B,Violence and sexual offences,Under investigation,
7678f7650d036cf454805f8d6b22e3922de64d89d5e8552e7074ffbdfabc72ae,2026-02,North Yorkshire Police,North Yorkshire Police,-1.434285,54.337981,On or near Shopping Area,E01027608,Hambleton 013B,Violence and sexual offences,Unable to prosecute suspect,
f04390e5c3c2055e3cc634b301f5ee9e5d617a4a7d205d990001285462a3217b,2026-02,North Yorkshire Police,North Yorkshire Police,-1.428050,54.337340,On or near Crosby Gardens,E01027608,Hambleton 013B,Violence and sexual offences,Under investigation,
e151bdc340f37210b7b2063c60489fdaeaf0c6b8ff779f7b3119b45014bc5320,2026-02,North Yorkshire Police,North Yorkshire Police,-1.446363,54.333103,On or near St James Mews,E01027616,Hambleton 013C,Criminal damage and arson,Investigation complete; no suspect identified,
290f6267d6534e8aadf3bec2b384bc9d1c2a9f40ac79cca6c4f2317d012c5f88,2026-02,North Yorkshire Police,North Yorkshire Police,-1.444815,54.332673,On or near Manor Green,E01027616,Hambleton 013C,Public order,Under investigation,
910ba59e5b76815c2db7e9cf177897ccde200652d8117b23707778856a482ed8,2026-02,North Yorkshire Police,North Yorkshire Police,-1.447943,54.335680,On or near Neile Close,E01027616,Hambleton 013C,Violence and sexual offences,Unable to prosecute suspect,
0df192d4282f3685b96d6e3c49cc03cf2f5f3325a78de5728d9e2da060de11f8,2026-02,North Yorkshire Police,North Yorkshire Police,-1.443553,54.331598,On or near Grange Close,E01027616,Hambleton 013C,Violence and sexual offences,Under investigation,
547d0b3e02eb8ad124c75ca4c674d4231cd4eb3094ae8b110ccacc0d42b47391,2026-02,North Yorkshire Police,North Yorkshire Police,-1.442989,54.331281,On or near Petrol Station,E01027616,Hambleton 013C,Violence and sexual offences,Further action is not in the public interest,
f1cda73957cef9e079101459a87a8cffc13b9b0643a52673b107e3dd4e94485e,2026-02,North Yorkshire Police,North Yorkshire Police,-1.437756,54.336074,On or near Beaconsfield Street,E01027605,Hambleton 013D,Violence and sexual offences,Under investigation,
8c73a5662f5b79b07655cdfd8adb64990043627b831bcfb43e962c51439c3aef,2026-02,North Yorkshire Police,North Yorkshire Police,-1.436515,54.336895,On or near Parking Area,E01027605,Hambleton 013D,Violence and sexual offences,Awaiting court outcome,
32c59475b1b6da5993b67fa45fef3fb2e8dbceaaf0c2ff7dea00442a394bddac,2026-02,North Yorkshire Police,North Yorkshire Police,-1.442135,54.336454,On or near Allerton Close,E01027605,Hambleton 013D,Violence and sexual offences,Under investigation,
5036380b5034bfab5d150659a6be09e6e6e1d26e0839f5cb0671c22948e7c6b7,2026-02,North Yorkshire Police,North Yorkshire Police,-1.438546,54.336832,On or near Malpas Drive,E01027605,Hambleton 013D,Violence and sexual offences,Under investigation,
8c73a5662f5b79b07655cdfd8adb64990043627b831bcfb43e962c51439c3aef,2026-02,North Yorkshire Police,North Yorkshire Police,-1.436515,54.336895,On or near Parking Area,E01027605,Hambleton 013D,Violence and sexual offences,Under investigation,
3ec3dc49bca582580416a41e7b0f1fb3eac2b71e97d05ada025dd724817b4ddd,2026-02,North Yorkshire Police,North Yorkshire Police,-1.436515,54.336895,On or near Parking Area,E01027605,Hambleton 013D,Violence and sexual offences,Under investigation,
3ec3dc49bca582580416a41e7b0f1fb3eac2b71e97d05ada025dd724817b4ddd,2026-02,North Yorkshire Police,North Yorkshire Police,-1.436515,54.336895,On or near Parking Area,E01027605,Hambleton 013D,Violence and sexual offences,Under investigation,
a4185f276bf0947da9f06e562897e7628a671554c4cfac40efc9add60026302a,2026-02,North Yorkshire Police,North Yorkshire Police,-1.645799,54.163453,On or near St Andrews Gate,E01027666,Harrogate 001A,Violence and sexual offences,Under investigation,
,2026-02,North Yorkshire Police,North Yorkshire Police,-1.563611,54.187315,On or near Roseberry Green,E01027667,Harrogate 001B,Anti-social behaviour,,
31553a87a928feb542b3efc994599bbb8ecd70b1aea77dcfb8ea847a9ce4c8b8,2026-02,North Yorkshire Police,North Yorkshire Police,-1.560860,54.186649,On or near Watermill Close,E01027667,Harrogate 001B,Burglary,Investigation complete; no suspect identified,
804af225702d07140215626ff9a0b77c4c1d89d1a08c939a373f575e859ae812,2026-02,North Yorkshire Police,North Yorkshire Police,-1.539119,54.154549,On or near Parking Area,E01027667,Harrogate 001B,Violence and sexual offences,Under investigation,
804af225702d07140215626ff9a0b77c4c1d89d1a08c939a373f575e859ae812,2026-02,North Yorkshire Police,North Yorkshire Police,-1.539119,54.154549,On or near Parking Area,E01027667,Harrogate 001B,Violence and sexual offences,Under investigation,
484d8310c088637194131220e072c7abeeb5a3488bc13e577652b333fcce0f09,2026-02,North Yorkshire Police,North Yorkshire Police,-1.562268,54.189718,On or near Beatswell Lawn,E01027667,Harrogate 001B,Violence and sexual offences,Unable to prosecute suspect,
,2026-02,North Yorkshire Police,North Yorkshire Police,-1.658310,54.223210,On or near Supermarket,E01027685,Harrogate 001C,Anti-social behaviour,,
aeb06af352d39b1db4ec0f2db10b88f62e0905d191f23b580bd82ff2838a43da,2026-02,North Yorkshire Police,North Yorkshire Police,-1.655308,54.223246,On or near Sports/Recreation Area,E01027685,Harrogate 001C,Criminal damage and arson,Investigation complete; no suspect identified,
42384c59d7b0f0c3af597c5c07b014f44a327cbde97e26c9c58117e3917869d1,2026-02,North Yorkshire Police,North Yorkshire Police,-1.658310,54.223210,On or near Supermarket,E01027685,Harrogate 001C,Shoplifting,Investigation complete; no suspect identified,
211c2687fff82559f738e7db5d0b662e768848fa5d336cf31e70e2d6af3ecaea,2026-02,North Yorkshire Police,North Yorkshire Police,-1.660792,54.219793,On or near Swinburn Road,E01027685,Harrogate 001C,Violence and sexual offences,Under investigation,
bca3cfe4c18fc00502a06f7aeeb835dfef37a6fd82a52fcb1901c462c4e639d9,2026-02,North Yorkshire Police,North Yorkshire Police,-1.647907,54.180373,On or near Holmfield,E01027686,Harrogate 001D,Public order,Under investigation,
ec53b9502a7997c8a5d7c1c1790b6cc52ceaa322153686b3bf61816841ad32e0,2026-02,North Yorkshire Police,North Yorkshire Police,-1.547321,54.138255,On or near Bellman Walk,E01027712,Harrogate 002A,Possession of weapons,Awaiting court outcome,
38f3c2ff2597de88b6a444e86d7225fe59418cc73c9d5308c503ef06a6e1b587,2026-02,North Yorkshire Police,North Yorkshire Police,-1.550617,54.139112,On or near Doublegates Court,E01027712,Harrogate 002A,Violence and sexual offences,Under investigation,
38f3c2ff2597de88b6a444e86d7225fe59418cc73c9d5308c503ef06a6e1b587,2026-02,North Yorkshire Police,North Yorkshire Police,-1.550617,54.139112,On or near Doublegates Court,E01027712,Harrogate 002A,Violence and sexual offences,Under investigation,
9c5d395f462388e2110b6d57ef9e725c690b64e3a75e9365760d7612b4ed1c86,2026-02,North Yorkshire Police,North Yorkshire Police,-1.545635,54.138428,On or near Ash Bank Close,E01027712,Harrogate 002A,Other crime,Awaiting court outcome,
,2026-02,North Yorkshire Police,North Yorkshire Police,-1.530405,54.134379,On or near Mallorie Court,E01027713,Harrogate 002B,Anti-social behaviour,,
,2026-02,North Yorkshire Police,North Yorkshire Police,-1.525761,54.137163,On or near Supermarket,E01027713,Harrogate 002B,Anti-social behaviour,,
,2026-02,North Yorkshire Police,North Yorkshire Police,-1.527842,54.137722,On or near Parking Area,E01027713,Harrogate 002B,Anti-social behaviour,,
,2026-02,North Yorkshire Police,North Yorkshire Police,-1.524875,54.136191,On or near Westgate,E01027713,Harrogate 002B,Anti-social behaviour,,
ef04933488b814ee47dd6c51637a29bda211d028098389409d5a73c6bef640c8,2026-02,North Yorkshire Police,North Yorkshire Police,-1.525761,54.137163,On or near Supermarket,E01027713,Harrogate 002B,Burglary,Under investigation,
7aacc118521b80be386e098035700102eb4337be0ee66e9b1ca680c0090846c9,2026-02,North Yorkshire Police,North Yorkshire Police,-1.524875,54.136191,On or near Westgate,E01027713,Harrogate 002B,Criminal damage and arson,Under investigation,
9cf394b07cfb781b0d1ebb0f316608fcdf3850f1e2f0aafe6c345d6ec30786db,2026-02,North Yorkshire Police,North Yorkshire Police,-1.535939,54.136351,On or near Aislabie Garth,E01027713,Harrogate 002B,Public order,Under investigation,
a7e7fd21ca1d424430d4dc2432acd5e94903cce8086ccb9e1b789406c9ad0a73,2026-02,North Yorkshire Police,North Yorkshire Police,-1.525761,54.137163,On or near Supermarket,E01027713,Harrogate 002B,Shoplifting,Under investigation,
d184bd52c93f2d537ff88becc782556b8b515f8187e7dfc12fc866ab6ef2e5cd,2026-02,North Yorkshire Police,North Yorkshire Police,-1.525279,54.138314,On or near St Wilfrid'S Road,E01027713,Harrogate 002B,Violence and sexual offences,Unable to prosecute suspect,
ed52dd17606a5746dd7c36a7b9d0c07689f78ae511f905ee13d16909e64b8f95,2026-02,North Yorkshire Police,North Yorkshire Police,-1.525279,54.138314,On or near St Wilfrid'S Road,E01027713,Harrogate 002B,Violence and sexual offences,Under investigation,
c58c212ba646f5f02629ae633603a657cd91c126f7ea0f246e9fc12717bf6c28,2026-02,North Yorkshire Police,North Yorkshire Police,-1.523168,54.142188,On or near Tower Court,E01027714,Harrogate 002C,Criminal damage and arson,Investigation complete; no suspect identified,
fbe628f82cf11fcc5d125359fbbe9f56e222aedb8b31c41c405caf24893c9791,2026-02,North Yorkshire Police,North Yorkshire Police,-1.529398,54.142239,On or near Fairgrey Close,E01027714,Harrogate 002C,Violence and sexual offences,Under investigation,
fea2ec61a0e74c9f013ebf460d41a2119a07526a22626fc35d3fc1429cdb6a4b,2026-02,North Yorkshire Police,North Yorkshire Police,-1.527064,54.141511,On or near Wilkinson Court,E01027714,Harrogate 002C,Violence and sexual offences,Under investigation,
08f86d0914a1fa732e3ef5ebfad1e2458e28b994e9db2dbaa900c5c692ad111c,2026-02,North Yorkshire Police,North Yorkshire Police,-1.523025,54.142655,On or near Robinson Court,E01027714,Harrogate 002C,Violence and sexual offences,Further investigation is not in the public interest,
62b0510dfa7b5216662626c517d964c9c713fec8f516e0dc2089dc4ab37fa3e1,2026-02,North Yorkshire Police,North Yorkshire Police,-1.527064,54.141511,On or near Wilkinson Court,E01027714,Harrogate 002C,Violence and sexual offences,Under investigation,
4d7b03f5fd7d9ecc33bf9b1e7e5e9633d03520bcc0b9e00a1d9e67a94570b4aa,2026-02,North Yorkshire Police,North Yorkshire Police,-1.518776,54.143402,On or near Bridge View Road,E01027714,Harrogate 002C,Violence and sexual offences,Under investigation,
08ce135ee7f83713917249339675746fc396492ba354486e96d8667de71d6405,2026-02,North Yorkshire Police,North Yorkshire Police,-1.545278,54.137519,On or near Ash Bank Avenue,E01027715,Harrogate 002D,Drugs,Local resolution,
728cde6fbc597d86ebbbded009bb1e4d1aec5146f7364379ce751979f22cc902,2026-02,North Yorkshire Police,North Yorkshire Police,-1.545278,54.137519,On or near Ash Bank Avenue,E01027715,Harrogate 002D,Violence and sexual offences,Under investigation,
c52e7331f3dfd9a7d165852e10518d30a1460a58aec57c4637d633845026d0f2,2026-02,North Yorkshire Police,North Yorkshire Police,-1.545278,54.137519,On or near Ash Bank Avenue,E01027715,Harrogate 002D,Violence and sexual offences,Under investigation,
c54edf346d17c0d4c57c30b62422aac2b0ef91ad24394116b518cffc5594b3eb,2026-02,North Yorkshire Police,North Yorkshire Police,-1.555901,54.081566,On or near Beechwood Close,E01027643,Harrogate 003A,Other theft,Under investigation,
cd15ae9d29463097942bfbc75eedfe6520aced765aa2828b0320f78f0c98fcb4,2026-02,North Yorkshire Police,North Yorkshire Police,-1.498032,54.089095,On or near St John'S Crescent,E01027643,Harrogate 003A,Violence and sexual offences,Investigation complete; no suspect identified,
cd15ae9d29463097942bfbc75eedfe6520aced765aa2828b0320f78f0c98fcb4,2026-02,North Yorkshire Police,North Yorkshire Police,-1.498032,54.089095,On or near St John'S Crescent,E01027643,Harrogate 003A,Violence and sexual offences,Under investigation,
,2026-02,North Yorkshire Police,North Yorkshire Police,-1.449743,54.112944,On or near Skelton Lane,E01027688,Harrogate 003B,Anti-social behaviour,,
d9acb432be7c7c44f5139ca708d32ae1c12087c316d01a73ccdcdfbf3bc7669c,2026-02,North Yorkshire Police,North Yorkshire Police,-1.472498,54.143585,On or near Dishforth Road,E01027688,Harrogate 003B,Criminal damage and arson,Investigation complete; no suspect identified,
580fa2f329fff92cbba5d31e6f22afe873a87f81b8df282025ea06a49e9cab19,2026-02,North Yorkshire Police,North Yorkshire Police,-1.424911,54.084544,On or near Thorns Lane,E01027688,Harrogate 003B,Drugs,Under investigation,
14a13c768da7699e246a501154c341cfec27f3e928334330980596b240128c0c,2026-02,North Yorkshire Police,North Yorkshire Police,-1.466225,54.099231,On or near Park/Open Space,E01027688,Harrogate 003B,Public order,Under investigation,
e3c15928b2286d03cf0441f56775e6ddf940e59968b5501e53210949970429aa,2026-02,North Yorkshire Police,North Yorkshire Police,-1.484643,54.135720,On or near Luncarr Lane,E01027688,Harrogate 003B,Violence and sexual offences,Under investigation,
55da8be1f129440e82f91993a404c3f5402d60f7a404b27008332d0781f0956b,2026-02,North Yorkshire Police,North Yorkshire Police,-1.449743,54.112944,On or near Skelton Lane,E01027688,Harrogate 003B,Other crime,Action to be taken by another organisation,
,2026-02,North Yorkshire Police,North Yorkshire Police,-1.488119,54.185265,On or near Honey Garth,E01027736,Harrogate 003C,Anti-social behaviour,,
454a49cdb853a73b9fac4b24123fe08526dca4d9d89aa7618394393042187fb5,2026-02,North Yorkshire Police,North Yorkshire Police,-1.488119,54.185265,On or near Honey Garth,E01027736,Harrogate 003C,Violence and sexual offences,Under investigation,
454a49cdb853a73b9fac4b24123fe08526dca4d9d89aa7618394393042187fb5,2026-02,North Yorkshire Police,North Yorkshire Police,-1.488119,54.185265,On or near Honey Garth,E01027736,Harrogate 003C,Violence and sexual offences,Under investigation,
d310ca9ee24e7e25c530d1307ccfe27230dcbcf0d081cfcb5b7658af6ffbae9a,2026-02,North Yorkshire Police,North Yorkshire Police,-1.444129,54.187263,On or near Wide Howe Lane,E01027736,Harrogate 003C,Violence and sexual offences,Under investigation,
29e4c6576cb6de5a3ffa814dfbd7e6406c90e12d0564704fab344348a847b06a,2026-02,North Yorkshire Police,North Yorkshire Police,-1.444129,54.187263,On or near Wide Howe Lane,E01027736,Harrogate 003C,Violence and sexual offences,Under investigation,
14404121dcf386b28cf374bc971f036d79a506f27ea90fecad03c01532e9abe4,2026-02,North Yorkshire Police,North Yorkshire Police,-1.458056,54.189780,On or near Humphrey Balk Lane,E01027736,Harrogate 003C,Other crime,Under investigation,
,2026-02,North Yorkshire Police,North Yorkshire Police,-1.422988,54.153748,On or near Baynes Drive,E01027737,Harrogate 003D,Anti-social behaviour,,
,2026-02,North Yorkshire Police,North Yorkshire Police,-1.413742,54.155744,On or near Craythorns Lane,E01027737,Harrogate 003D,Anti-social behaviour,,
de77c258497f8f8910f1b0bef5c5efb944d8d53b4941fcf97447dad55322c65e,2026-02,North Yorkshire Police,North Yorkshire Police,-1.408562,54.127048,On or near Highfields Lane,E01027737,Harrogate 003D,Drugs,Under investigation,
505388643a0e8d358bc9a12a4b11c5d1747ed4b8ed6b8e46387a18dbec26c605,2026-02,North Yorkshire Police,North Yorkshire Police,-1.391814,54.171435,On or near Orchard Cottages,E01027737,Harrogate 003D,Violence and sexual offences,Under investigation,
f79e26effb4f3ffe89ff389beeb59626b44d6e02b36fd79a0946937839848f10,2026-02,North Yorkshire Police,North Yorkshire Police,-1.407484,54.135042,On or near The Crescent,E01027737,Harrogate 003D,Violence and sexual offences,Under investigation,
08a4293f4490964dc72959100f9efee8a8d72708f47bd22ca65cc853eeebbbc6,2026-02,North Yorkshire Police,North Yorkshire Police,-1.423467,54.153427,On or near Hamilcar Close,E01027737,Harrogate 003D,Violence and sexual offences,Under investigation,
f662f8bf1c88d8373835f698618d9ad2cf04a39f5a8acb57ac7e86dec4ac58e5,2026-02,North Yorkshire Police,North Yorkshire Police,-1.423467,54.153427,On or near Hamilcar Close,E01027737,Harrogate 003D,Violence and sexual offences,Under investigation,
ed19ed6bb249ca2afc85cfe3afebbb568f62d556df423af0bebcb9704e0b7e0b,2026-02,North Yorkshire Police,North Yorkshire Police,-1.515263,54.138786,On or near Shopping Area,E01027705,Harrogate 004A,Shoplifting,Under investigation,
2a841222377a4b9f7ccbb7032106b5642fa6a43f9a11d23b802b69c68cc23612,2026-02,North Yorkshire Police,North Yorkshire Police,-1.522996,54.140659,On or near Police Station,E01027705,Harrogate 004A,Vehicle crime,Investigation complete; no suspect identified,
e4e17d3240dc9f8b14412019d79b12e83eea6986e5862b9100edeb8cb700545f,2026-02,North Yorkshire Police,North Yorkshire Police,-1.519186,54.142397,On or near North Road,E01027705,Harrogate 004A,Violence and sexual offences,Under investigation,
48b75a6c2af097f1692eb0b1ce3b9579013d4e4b7201a8233fcb63f7abc7dbb8,2026-02,North Yorkshire Police,North Yorkshire Police,-1.519957,54.140557,On or near Princess Road,E01027705,Harrogate 004A,Violence and sexual offences,Under investigation,
,2026-02,North Yorkshire Police,North Yorkshire Police,-1.522760,54.132444,On or near Brewery Lane,E01027706,Harrogate 004B,Anti-social behaviour,,
,2026-02,North Yorkshire Police,North Yorkshire Police,-1.522603,54.135400,On or near Kirkgate,E01027706,Harrogate 004B,Anti-social behaviour,,
,2026-02,North Yorkshire Police,North Yorkshire Police,-1.521506,54.136348,On or near Parking Area,E01027706,Harrogate 004B,Anti-social behaviour,,
,2026-02,North Yorkshire Police,North Yorkshire Police,-1.523357,54.137776,On or near Nightclub,E01027706,Harrogate 004B,Anti-social behaviour,,
,2026-02,North Yorkshire Police,North Yorkshire Police,-1.521761,54.136796,On or near Bus/Coach Station,E01027706,Harrogate 004B,Anti-social behaviour,,
,2026-02,North Yorkshire Police,North Yorkshire Police,-1.522603,54.135400,On or near Kirkgate,E01027706,Harrogate 004B,Anti-social behaviour,,
,2026-02,North Yorkshire Police,North Yorkshire Police,-1.523231,54.136724,On or near Queen Street,E01027706,Harrogate 004B,Anti-social behaviour,,
,2026-02,North Yorkshire Police,North Yorkshire Police,-1.523231,54.136724,On or near Queen Street,E01027706,Harrogate 004B,Anti-social behaviour,,
4490d2a3f7c1c80831bba83a1a0a317c39c8e8346daf308cb720819862060957,2026-02,North Yorkshire Police,North Yorkshire Police,-1.524076,54.135145,On or near Water Skellgate,E01027706,Harrogate 004B,Criminal damage and arson,Under investigation,
2faffefbf4a3682e82a58e30114e235893d38684086e461897bab250e7f8f050,2026-02,North Yorkshire Police,North Yorkshire Police,-1.524076,54.135145,On or near Water Skellgate,E01027706,Harrogate 004B,Other theft,Under investigation,
91617a14da72932b19fbae6caa2dab9846dd3e5a7536280395896dc5b0e3eb2c,2026-02,North Yorkshire Police,North Yorkshire Police,-1.522603,54.135400,On or near Kirkgate,E01027706,Harrogate 004B,Other theft,Under investigation,
91e85eef3e3c75efc99258e96ce4a0cbffc2e07c2f37a779f2ac04078860b85e,2026-02,North Yorkshire Police,North Yorkshire Police,-1.520235,54.132380,On or near Bondgate Green Close,E01027706,Harrogate 004B,Public order,Unable to prosecute suspect,
4ad7d65aa7d126d4ca4ec541dfdfa7c725a3c0979f504fca429c48a75e9030a1,2026-02,North Yorkshire Police,North Yorkshire Police,-1.520235,54.132380,On or near Bondgate Green Close,E01027706,Harrogate 004B,Public order,Unable to prosecute suspect,
c5594e13f429acc21e4166b9eb71e4e124ff506c5af2a27c9e0fedf509444b1c,2026-02,North Yorkshire Police,North Yorkshire Police,-1.523231,54.136724,On or near Queen Street,E01027706,Harrogate 004B,Shoplifting,Under investigation,
6779ea2de286b6f4a718733d0af24358588b791e546d943698cd91771dc53a4c,2026-02,North Yorkshire Police,North Yorkshire Police,-1.523116,54.137406,On or near Old Market Place,E01027706,Harrogate 004B,Shoplifting,Under investigation,
b3281a49062f974412581b9123eab5077420e50f5463b2335c9c12fa5be95c3e,2026-02,North Yorkshire Police,North Yorkshire Police,-1.521506,54.136348,On or near Parking Area,E01027706,Harrogate 004B,Shoplifting,Investigation complete; no suspect identified,
bb118ee43dc3361252b2c742c7b063b2243284de2e677afad74eb94f1991ebf6,2026-02,North Yorkshire Police,North Yorkshire Police,-1.521506,54.136348,On or near Parking Area,E01027706,Harrogate 004B,Shoplifting,Under investigation,
c2bae917fbb77ed72a0f9575c238ac8bbdee1e7337be47460a850768d43b26a0,2026-02,North Yorkshire Police,North Yorkshire Police,-1.525561,54.133704,On or near Barefoot Street,E01027706,Harrogate 004B,Violence and sexual offences,Under investigation,
0ced5483e8dc5342b6fb9ddefc334e705489eca2714bb49ab00eec6138b20eb4,2026-02,North Yorkshire Police,North Yorkshire Police,-1.522603,54.135400,On or near Kirkgate,E01027706,Harrogate 004B,Violence and sexual offences,Under investigation,
39c7c1d00d53acd7a71253ecec82560217fc60a9fd9d779835bf737b1da19307,2026-02,North Yorkshire Police,North Yorkshire Police,-1.522301,54.137772,On or near Finkle Close,E01027706,Harrogate 004B,Violence and sexual offences,Unable to prosecute suspect,
079caf9ea82ab26a3acfa64c9e48c9284449fd6bd1cfc89ee3247a7d78f40d93,2026-02,North Yorkshire Police,North Yorkshire Police,-1.526265,54.132422,On or near South Crescent,E01027706,Harrogate 004B,Violence and sexual offences,Under investigation,
,2026-02,North Yorkshire Police,North Yorkshire Police,-1.519914,54.124407,On or near Gallows Hill Drive,E01027707,Harrogate 004C,Anti-social behaviour,,
,2026-02,North Yorkshire Police,North Yorkshire Police,-1.515746,54.128920,On or near Dallamires Way South,E01027707,Harrogate 004C,Anti-social behaviour,,
38df1ebba4fd2d1b04985799f34809a3e999a0f2a199630878c723aaa6046566,2026-02,North Yorkshire Police,North Yorkshire Police,-1.518751,54.132383,On or near Canal Road,E01027707,Harrogate 004C,Other theft,Unable to prosecute suspect,
463ca859c2036865d299309a524feec3981cc9325e929accb66eda76f0c5d5ab,2026-02,North Yorkshire Police,North Yorkshire Police,-1.510421,54.128844,On or near Kangel Close,E01027707,Harrogate 004C,Other theft,Investigation complete; no suspect identified,
1b82bfe3b84daa7b507c53faf51ff60c0fa085b3d6f86c59eb051717e3cd3d08,2026-02,North Yorkshire Police,North Yorkshire Police,-1.520364,54.125217,On or near Gallows Hill,E01027707,Harrogate 004C,Public order,Under investigation,
891e02e71f8539d34ad8f448ab6f42f7d59f68fb2c4bc9e58993adec6bd113b6,2026-02,North Yorkshire Police,North Yorkshire Police,-1.515923,54.133423,On or near Alma Gardens,E01027707,Harrogate 004C,Public order,Under investigation,
3c7532ca660fed5afeb036437569e31b0b3e70895e2ecbf6637cafef47b59b87,2026-02,North Yorkshire Police,North Yorkshire Police,-1.504092,54.125763,On or near Park/Open Space,E01027707,Harrogate 004C,Vehicle crime,Investigation complete; no suspect identified,
e8dd0810d56a206925643c5c22a814eb6ac62749203135b5965335d5ce7883a4,2026-02,North Yorkshire Police,North Yorkshire Police,-1.509101,54.130546,On or near Skelldale Close,E01027707,Harrogate 004C,Violence and sexual offences,Under investigation,
537c4448fb91002f3289b194a2782d4ee19dab07aa49d6e4a5bb9c394fa783a3,2026-02,North Yorkshire Police,North Yorkshire Police,-1.520194,54.133332,On or near B6265,E01027707,Harrogate 004C,Violence and sexual offences,Under investigation,
,2026-02,North Yorkshire Police,North Yorkshire Police,-1.525490,54.121157,On or near Wheatsheaf Close,E01027708,Harrogate 004D,Anti-social behaviour,,
3a759a5bfaba7626090cfbf8d7dec584a2115c7b662ea7d153de81e93c9e5a63,2026-02,North Yorkshire Police,North Yorkshire Police,-1.536097,54.123571,On or near Kent Close,E01027708,Harrogate 004D,Burglary,Investigation complete; no suspect identified,
3e0cf1fbb47b2561cb6a4faf255edeace1355cc4d565cf8952469d0cacd920eb,2026-02,North Yorkshire Police,North Yorkshire Police,-1.524050,54.121376,On or near Supermarket,E01027708,Harrogate 004D,Shoplifting,Investigation complete; no suspect identified,
e14b131df7de422932398ff4090e5c200fad22bc07af934d61a5a0961d3cac90,2026-02,North Yorkshire Police,North Yorkshire Police,-1.528449,54.121996,On or near Moorside Dale,E01027708,Harrogate 004D,Violence and sexual offences,Under investigation,
c88e8714c0307867720e96a50dcba5c45d438e7f76f0f9fab2f0e2ad7e7c99a3,2026-02,North Yorkshire Police,North Yorkshire Police,-1.532848,54.121330,On or near Southfield Road,E01027708,Harrogate 004D,Violence and sexual offences,Investigation complete; no suspect identified,
afdae63ef1ae95363f5eef8dc7e8c5fbe14596dc1ae33993e5869832594c2543,2026-02,North Yorkshire Police,North Yorkshire Police,-1.537909,54.125753,On or near Red Bank Drive,E01027709,Harrogate 004E,Violence and sexual offences,Under investigation,
4d50a7b71c4531bd7a0b35f22e0d776ca193cf62dbf82084ba88931953b63126,2026-02,North Yorkshire Police,North Yorkshire Police,-1.537909,54.125753,On or near Red Bank Drive,E01027709,Harrogate 004E,Violence and sexual offences,Further investigation is not in the public interest,
fb84a614c716aa4aaaf3c31ac2fb7c93026db8021f1ebe6e68aa1db1845f34a6,2026-02,North Yorkshire Police,North Yorkshire Police,-1.537909,54.125753,On or near Red Bank Drive,E01027709,Harrogate 004E,Violence and sexual offences,Under investigation,
5fa941d8d913531eba2bc58e1c6d278e73845dd705306cf94b569125faf1be98,2026-02,North Yorkshire Police,North Yorkshire Police,-1.533933,54.125522,On or near Carr Close,E01027709,Harrogate 004E,Violence and sexual offences,Under investigation,
756f9007746eb531932a8534e63db736e1e947baa80f05980f514f6033b5da84,2026-02,North Yorkshire Police,North Yorkshire Police,-1.537909,54.125753,On or near Red Bank Drive,E01027709,Harrogate 004E,Violence and sexual offences,Under investigation,
,2026-02,North Yorkshire Police,North Yorkshire Police,-1.527128,54.130493,On or near Bluebell Close,E01027710,Harrogate 004F,Anti-social behaviour,,
c56c810218fc41a8779e7651f9c9f0466e6a6b7215d42afd6e3277c87bf953e5,2026-02,North Yorkshire Police,North Yorkshire Police,-1.534907,54.123252,On or near Rowan Close,E01027710,Harrogate 004F,Public order,Under investigation,
15c35e583ccb16930960cc0cfccd4ba0f65d6f405a36a5c627243eeb2c0b64ce,2026-02,North Yorkshire Police,North Yorkshire Police,-1.534907,54.123252,On or near Rowan Close,E01027710,Harrogate 004F,Violence and sexual offences,Under investigation,
f16fb07c99f3c75138bda492e3b43b2b8b460f9c41850270bb9d1435121a8f06,2026-02,North Yorkshire Police,North Yorkshire Police,-1.527128,54.130493,On or near Bluebell Close,E01027710,Harrogate 004F,Violence and sexual offences,Under investigation,
4dc9182a00e7f20ed0bb3b52046aa5a37780b37e611bca515316b77b89c34e33,2026-02,North Yorkshire Police,North Yorkshire Police,-1.534907,54.123252,On or near Rowan Close,E01027710,Harrogate 004F,Violence and sexual offences,Under investigation,
5778b83cb1afbc7bf38d5986af8696948c0819a82d5600e2674e8750ab89978c,2026-02,North Yorkshire Police,North Yorkshire Police,-1.527125,54.128120,On or near Harewood Road,E01027710,Harrogate 004F,Violence and sexual offences,Under investigation,
3b0b1ff9cc7afd9ad257d34f6a4cb2df7ab5713eb5e5b3fd980cbd60ced8d426,2026-02,North Yorkshire Police,North Yorkshire Police,-1.523010,54.125309,On or near Deep Ghyll Walk,E01027711,Harrogate 004G,Criminal damage and arson,Investigation complete; no suspect identified,
73c53123028bcf94bba025f823fcbc315f16be3676aeedc1108272631e5a737b,2026-02,North Yorkshire Police,North Yorkshire Police,-1.525830,54.128951,On or near Holmefield Road,E01027711,Harrogate 004G,Public order,Under investigation,
19d8dfd9d6c6ad163a957e454a13f33b47b6537dd08a6229581c76e807b19028,2026-02,North Yorkshire Police,North Yorkshire Police,-1.525278,54.127699,On or near King George Road,E01027711,Harrogate 004G,Violence and sexual offences,Under investigation,
,2026-02,North Yorkshire Police,North Yorkshire Police,-1.395439,54.083456,On or near Wetherby Road,E01027644,Harrogate 005A,Anti-social behaviour,,
,2026-02,North Yorkshire Police,North Yorkshire Police,-1.399135,54.086845,On or near Abel Close,E01027644,Harrogate 005A,Anti-social behaviour,,
c2e996e9bea331e8b74c230a113977e84eb8707359e9582f4ffac3e8c98fc472,2026-02,North Yorkshire Police,North Yorkshire Police,-1.397349,54.085859,On or near Supermarket,E01027644,Harrogate 005A,Other theft,Under investigation,
7fb68d62d4fe791f1488b4856c6d1ba9bff8dfab86fe02f0595ee4ebb9451f26,2026-02,North Yorkshire Police,North Yorkshire Police,-1.395378,54.085540,On or near Harness Lane,E01027644,Harrogate 005A,Vehicle crime,Under investigation,
54bed52c1deffa5b0743a783214969bd94885c53637f4e6592a155aae3de1165,2026-02,North Yorkshire Police,North Yorkshire Police,-1.383203,54.093208,On or near Little Ings Lane,E01027644,Harrogate 005A,Violence and sexual offences,Unable to prosecute suspect,
8c3d15bcfab0f10782d6d47fba36a24e07a02cf24410ed0ede4f3bef85afa907,2026-02,North Yorkshire Police,North Yorkshire Police,-1.399280,54.085272,On or near A168,E01027644,Harrogate 005A,Violence and sexual offences,Under investigation,
71fb06673b4ef7b967d5e373013f9e46f8c132782d330d3f972cb9e084c68f7f,2026-02,North Yorkshire Police,North Yorkshire Police,-1.397349,54.085859,On or near Supermarket,E01027644,Harrogate 005A,Violence and sexual offences,Under investigation,
36ec87c1448bbb4e8cb66c195a39ebd5021f151b8793c9f552083b1d684af6f3,2026-02,North Yorkshire Police,North Yorkshire Police,-1.383203,54.093208,On or near Little Ings Lane,E01027644,Harrogate 005A,Violence and sexual offences,Under investigation,
203b4d75027e96615296f4d3328da92c2abfb14631da8f54ceb29b779fc80c23,2026-02,North Yorkshire Police,North Yorkshire Police,-1.395852,54.083458,On or near Ashbourne Close,E01027644,Harrogate 005A,Other crime,Awaiting court outcome,
,2026-02,North Yorkshire Police,North Yorkshire Police,-1.394669,54.095414,On or near Hall Square,E01027645,Harrogate 005B,Anti-social behaviour,,
,2026-02,North Yorkshire Police,North Yorkshire Police,-1.396310,54.091953,On or near New Row,E01027645,Harrogate 005B,Anti-social behaviour,,
138e32263af084b97fe6b244d77f43dadcd0a5226cfa43ee7b4d0f389852044e,2026-02,North Yorkshire Police,North Yorkshire Police,-1.394293,54.095008,On or near Sadlers Court,E01027645,Harrogate 005B,Burglary,Investigation complete; no suspect identified,
d643ea6c5169c2ccee948682a2f5ff88c532ddddb94c96218da36de1a4cc389d,2026-02,North Yorkshire Police,North Yorkshire Police,-1.398541,54.088801,On or near Barnaby Way,E01027645,Harrogate 005B,Other theft,Under investigation,
ecf58cfef23061449ac444c9a3e092820b33aec70c32ee87c0ba09112340e23c,2026-02,North Yorkshire Police,North Yorkshire Police,-1.397832,54.089256,On or near Harclay Garth,E01027645,Harrogate 005B,Violence and sexual offences,Under investigation,
a5e919312b81a871b9b94d8318403efad227cbb380c6ff5bc9e4179a3135abcb,2026-02,North Yorkshire Police,North Yorkshire Police,-1.400752,54.096658,On or near Willow Grove,E01027645,Harrogate 005B,Violence and sexual offences,Unable to prosecute suspect,
53f06a353e9f02a1f7f760c2c4f948a85b71915eeab9e0068a3f338de6fd6356,2026-02,North Yorkshire Police,North Yorkshire Police,-1.397832,54.089256,On or near Harclay Garth,E01027645,Harrogate 005B,Violence and sexual offences,Under investigation,
da89dfcd2b7666ea453ee06ac1d7a229785e0d3e458ac6a2b22997af5523af9a,2026-02,North Yorkshire Police,North Yorkshire Police,-1.397832,54.089256,On or near Harclay Garth,E01027645,Harrogate 005B,Violence and sexual offences,Under investigation,
7bcec961181ae9caeb9a86686b8d2e13137b552667d08e1000c7ba16260d4f7c,2026-02,North Yorkshire Police,North Yorkshire Police,-1.395216,54.094626,On or near High Street,E01027645,Harrogate 005B,Violence and sexual offences,Under investigation,
9db9bfd69647bb7043ca5ff842fae5d4f74641181c53cce2396afc92648b68b5,2026-02,North Yorkshire Police,North Yorkshire Police,-1.400865,54.088830,On or near Hereford Way,E01027645,Harrogate 005B,Violence and sexual offences,Unable to prosecute suspect,
f66cf287c07e1a6ab2fc632f115d0f90c320d2ca9ae63c79358dcb367781bd4b,2026-02,North Yorkshire Police,North Yorkshire Police,-1.397662,54.094611,On or near Horsefair,E01027645,Harrogate 005B,Violence and sexual offences,Under investigation,
16bfc5c5468b268fd9f4854a20ef3436b74e29c8ef83a8d0706584a9f4f425c9,2026-02,North Yorkshire Police,North Yorkshire Police,-1.408835,54.072359,On or near Roecliffe Drive,E01027647,Harrogate 005C,Violence and sexual offences,Under investigation,
,2026-02,North Yorkshire Police,North Yorkshire Police,-1.398562,54.099020,On or near Station Terrace,E01027687,Harrogate 005D,Anti-social behaviour,,
,2026-02,North Yorkshire Police,North Yorkshire Police,-1.398562,54.099020,On or near Station Terrace,E01027687,Harrogate 005D,Anti-social behaviour,,
,2026-02,North Yorkshire Police,North Yorkshire Police,-1.398562,54.099020,On or near Station Terrace,E01027687,Harrogate 005D,Anti-social behaviour,,
b4953e23f8b2c5ef980842261aa2f472a16c44896d7913531ae626ce8477ad32,2026-02,North Yorkshire Police,North Yorkshire Police,-1.396134,54.098801,On or near Petrol Station,E01027687,Harrogate 005D,Drugs,Under investigation,
b4953e23f8b2c5ef980842261aa2f472a16c44896d7913531ae626ce8477ad32,2026-02,North Yorkshire Police,North Yorkshire Police,-1.396134,54.098801,On or near Petrol Station,E01027687,Harrogate 005D,Drugs,Under investigation,
a1dff60e5aea541d05f5abf605bf0bbdaf2ac5316055898942535fd5af887ede,2026-02,North Yorkshire Police,North Yorkshire Police,-1.405572,54.108231,On or near Hillcrest Gardens,E01027687,Harrogate 005D,Other theft,Under investigation,
cdf5a04f4ba96cc93844f141ee38b03de60b8c4b5482b214da9088b223cdf0fe,2026-02,North Yorkshire Police,North Yorkshire Police,-1.408082,54.110221,On or near The Grange,E01027687,Harrogate 005D,Violence and sexual offences,Under investigation,
,2026-02,North Yorkshire Police,North Yorkshire Police,-1.693268,54.056856,On or near Parking Area,E01027681,Harrogate 006A,Anti-social behaviour,,
357842a961ca8dcca67cd5da91e362488488a10463adb69166533b94aae1e6a8,2026-02,North Yorkshire Police,North Yorkshire Police,-1.621210,54.082032,On or near Careless House Lane,E01027681,Harrogate 006A,Other theft,Under investigation,
827846a89cfff1884026efe7e4640ed3a9b2a35d012cb9efffb8eb15b90f128a,2026-02,North Yorkshire Police,North Yorkshire Police,-1.621210,54.082032,On or near Careless House Lane,E01027681,Harrogate 006A,Other theft,Investigation complete; no suspect identified,
64d617718cc35996c92e38be3de24393e5f6bb4bb99c4df1c55dd25375baf852,2026-02,North Yorkshire Police,North Yorkshire Police,-1.691023,54.056671,On or near The Whinfields,E01027681,Harrogate 006A,Other theft,Under investigation,
30161e13e44d0a80e8400199814aa4d587f91bf55ad1e3d0e7f20f074c0e8286,2026-02,North Yorkshire Police,North Yorkshire Police,-1.702551,54.061814,On or near Thomas Gill Road,E01027681,Harrogate 006A,Violence and sexual offences,Under investigation,
7f491cfe67afc870f6d542b0de2a8be05692d58469e48734b841a264bb0dce85,2026-02,North Yorkshire Police,North Yorkshire Police,-1.776687,54.094419,On or near Grange Lane,E01027701,Harrogate 006C,Criminal damage and arson,Investigation complete; no suspect identified,
76f6d55dd0711d80932c2170a7c3042a7b978f3de9450d40624c9571994d9c4a,2026-02,North Yorkshire Police,North Yorkshire Police,-1.774871,54.105210,On or near Back Lane,E01027701,Harrogate 006C,Vehicle crime,Investigation complete; no suspect identified,
8547b904ef25a85331f1f0e013dc233560642c32d1020bbbef220cdbba45b033,2026-02,North Yorkshire Police,North Yorkshire Police,-1.846086,54.156937,On or near Parking Area,E01027701,Harrogate 006C,Violence and sexual offences,Under investigation,
f7c7fc0f11772c4cbc3283f222185366528637b1989adcd0af646849d557a6e4,2026-02,North Yorkshire Police,North Yorkshire Police,-1.737554,54.076068,On or near Harewell Close,E01027701,Harrogate 006C,Violence and sexual offences,Under investigation,
f7c7fc0f11772c4cbc3283f222185366528637b1989adcd0af646849d557a6e4,2026-02,North Yorkshire Police,North Yorkshire Police,-1.737554,54.076068,On or near Harewell Close,E01027701,Harrogate 006C,Violence and sexual offences,Under investigation,
53da1de840c5c45150da78214fb9c865a5b1d173798f3890614aa0e6e3d8beb4,2026-02,North Yorkshire Police,North Yorkshire Police,-1.759243,54.086306,On or near High Street,E01027702,Harrogate 006D,Burglary,Under investigation,
26187f3e86d0dae37891031461298b92c40868cbe238f58fd86e19876d4864af,2026-02,North Yorkshire Police,North Yorkshire Police,-1.477976,54.063323,On or near Park/Open Space,E01027642,Harrogate 007A,Criminal damage and arson,Under investigation,
619bd2159c25835a51107a99e7aa98aca2c05f5e994d29916b59058fbe6a8b69,2026-02,North Yorkshire Police,North Yorkshire Police,-1.530008,54.089691,On or near Parking Area,E01027642,Harrogate 007A,Violence and sexual offences,Unable to prosecute suspect,
2b71469582f16274026f0b2134315e6cdee3cb3fcc6a6d1542a00464c6617b87,2026-02,North Yorkshire Police,North Yorkshire Police,-1.500304,54.069206,On or near Wigby Close,E01027642,Harrogate 007A,Violence and sexual offences,Under investigation,
6241b05548f58e6c70eb1266dc8b70bcf3e1bb8565e2700ee6bdf364d0a11bef,2026-02,North Yorkshire Police,North Yorkshire Police,-1.506693,54.069088,On or near Station Lane,E01027642,Harrogate 007A,Violence and sexual offences,Under investigation,
6241b05548f58e6c70eb1266dc8b70bcf3e1bb8565e2700ee6bdf364d0a11bef,2026-02,North Yorkshire Police,North Yorkshire Police,-1.506693,54.069088,On or near Station Lane,E01027642,Harrogate 007A,Violence and sexual offences,Under investigation,
c8498fa01e43798ba06b2b1efb79e2f43ee830954c7150196466e64b642e51cb,2026-02,North Yorkshire Police,North Yorkshire Police,-1.439489,54.059950,On or near Spellow Crescent,E01027646,Harrogate 007B,Burglary,Under investigation,
460d9dedad9f8dd33c52f97c427dc8836f6a2c62b045db3817b6a07431ac9523,2026-02,North Yorkshire Police,North Yorkshire Police,-1.466779,54.039277,On or near Beech Close,E01027646,Harrogate 007B,Violence and sexual offences,Under investigation,
69a9d2fd5f1a426f4e0f5664d211c7f0a56e8600525247770a17e76ed7752cf8,2026-02,North Yorkshire Police,North Yorkshire Police,-1.485426,54.018030,On or near B6165,E01027674,Harrogate 007C,Other theft,Investigation complete; no suspect identified,
75b105364b6af688f94396bc1762b64b275f952abdf540bb69d2cce56bdc7479,2026-02,North Yorkshire Police,North Yorkshire Police,-1.487003,54.017686,On or near Netheredge Drive,E01027674,Harrogate 007C,Violence and sexual offences,Under investigation,
,2026-02,North Yorkshire Police,North Yorkshire Police,-1.466002,54.020103,On or near Greengate Lane,E01027675,Harrogate 007D,Anti-social behaviour,,
86e95d4419847b51f8a27cc788222f88c2fe129b76e23307bc5e20a0b93eae2c,2026-02,North Yorkshire Police,North Yorkshire Police,-1.466338,54.017668,On or near Park Avenue,E01027675,Harrogate 007D,Violence and sexual offences,Under investigation,
3d780ecd4cea2e933bd7286eb09ccac07136558bbb6b5f99367d8c63b95bfbf4,2026-02,North Yorkshire Police,North Yorkshire Police,-1.458864,54.020524,On or near ,E01027675,Harrogate 007D,Violence and sexual offences,Under investigation,
da26cddebd7a3848a3b6ca96b049b0039c7d8494b9d66638658b584cd2de055b,2026-02,North Yorkshire Police,North Yorkshire Police,-1.542131,54.014619,On or near Peckett'S Way,E01027641,Harrogate 008A,Other theft,Under investigation,
2421b48ceee7f69198b4c8ed6bf929a6bf1dd4d85ae792465c570178fb284b18,2026-02,North Yorkshire Police,North Yorkshire Police,-1.533937,54.014561,On or near Milton Close,E01027641,Harrogate 008A,Vehicle crime,Under investigation,
81070a714049f8828cd63d4276bba9d592e85925d5a1dea2a40674b57fd83c8d,2026-02,North Yorkshire Police,North Yorkshire Police,-1.533937,54.014561,On or near Milton Close,E01027641,Harrogate 008A,Violence and sexual offences,Unable to prosecute suspect,
8d01493aa8cad00f7bcbccd44961907709c3943520a326c144b805152d779360,2026-02,North Yorkshire Police,North Yorkshire Police,-1.545336,54.013220,On or near Old Trough Way,E01027641,Harrogate 008A,Violence and sexual offences,Under investigation,
2bfe3dd0f64b2bfe75b003acac1a202fa593e1603e4d953bd28146d153aa2b6d,2026-02,North Yorkshire Police,North Yorkshire Police,-1.533937,54.014561,On or near Milton Close,E01027641,Harrogate 008A,Violence and sexual offences,Under investigation,
79a4b4f29be83914dc4ddc0e1af01901f770a88ed81221cf33e1c7cbbfa65c84,2026-02,North Yorkshire Police,North Yorkshire Police,-1.533937,54.014561,On or near Milton Close,E01027641,Harrogate 008A,Violence and sexual offences,Unable to prosecute suspect,
bb9f79c05e48b0f26ea19ad4d0449a49224263874a0aff4ebb349e712cb4bd16,2026-02,North Yorkshire Police,North Yorkshire Police,-1.565198,54.023258,On or near ,E01027665,Harrogate 008C,Shoplifting,Under investigation,
4c56f7bc5fbbfeedba4e967e6fdab1a3e1fb79818748fcca478c181ada050ab6,2026-02,North Yorkshire Police,North Yorkshire Police,-1.565025,54.020259,On or near Heather Court,E01027665,Harrogate 008C,Violence and sexual offences,Further investigation is not in the public interest,
b3dae7c91bb2a915248889cec5cb09eefa419a241545408c059007759a3dd6f4,2026-02,North Yorkshire Police,North Yorkshire Police,-1.566419,54.027103,On or near Maltkiln Lane,E01027665,Harrogate 008C,Violence and sexual offences,Under investigation,
,2026-02,North Yorkshire Police,North Yorkshire Police,-1.574310,54.003251,On or near Butterbur Way,E01027722,Harrogate 008D,Anti-social behaviour,,
69b8e5e0b517b6577ff4fa1cfcdc9fbd97f43daef33d444896a05676f4dc1b8e,2026-02,North Yorkshire Police,North Yorkshire Police,-1.572186,54.006596,On or near Tansy Close,E01027722,Harrogate 008D,Burglary,Under investigation,
b7b896b3eee00c92cbc4f91f63525caa9837e26fe3e918fbb0105df0092dabc3,2026-02,North Yorkshire Police,North Yorkshire Police,-1.584930,53.995821,On or near ,E01027722,Harrogate 008D,Violence and sexual offences,Unable to prosecute suspect,
21665c79a18e91cb1b45fc79c2242b3cc79f4c6ff0dd9d845eb10515b99ffd23,2026-02,North Yorkshire Police,North Yorkshire Police,-1.574811,54.006507,On or near Bluebell Walk,E01027722,Harrogate 008D,Violence and sexual offences,Under investigation,
6f9386fd5a5a2daa23ad73157a0f805b6215a298108234f643adce4c9ddacfc4,2026-02,North Yorkshire Police,North Yorkshire Police,-1.574811,54.006507,On or near Bluebell Walk,E01027722,Harrogate 008D,Violence and sexual offences,Under investigation,
62ee7af92a80b65faa54afc0d35ea2682f25524da5c89f9d059f2d0e109dad7d,2026-02,North Yorkshire Police,North Yorkshire Police,-1.574811,54.006507,On or near Bluebell Walk,E01027722,Harrogate 008D,Violence and sexual offences,Under investigation,
,2026-02,North Yorkshire Police,North Yorkshire Police,-1.607421,54.020683,On or near Brookfield Fold,E01034963,Harrogate 008E,Anti-social behaviour,,
f0517b9d024bb5306bf1217cf953010e7cbb1a6359f7657b7734ee878236174c,2026-02,North Yorkshire Police,North Yorkshire Police,-1.603685,54.023285,On or near Sports/Recreation Area,E01034963,Harrogate 008E,Violence and sexual offences,Under investigation,
4fb50261aa68f6382efaf9ced553204bd49e934525cb4536a0faf77469757ca8,2026-02,North Yorkshire Police,North Yorkshire Police,-1.604181,54.019468,On or near Brookfield Garth,E01034963,Harrogate 008E,Violence and sexual offences,Under investigation,
,2026-02,North Yorkshire Police,North Yorkshire Police,-1.569681,54.018622,On or near Grange Close,E01034964,Harrogate 008F,Anti-social behaviour,,
b6aa1048808edb858e601ba3f75f8d364979faa2da38a66954f004694513f7cd,2026-02,North Yorkshire Police,North Yorkshire Police,-1.569847,54.023041,On or near ,E01034964,Harrogate 008F,Violence and sexual offences,Unable to prosecute suspect,
edcfa4b90406dd8c2aa04f5d131860857249fdd6b51a809e790aa3f77a047126,2026-02,North Yorkshire Police,North Yorkshire Police,-1.598317,53.994340,On or near ,E01034964,Harrogate 008F,Violence and sexual offences,Unable to prosecute suspect,
42801694a33c43dd9280a9d405d671a8e5d6287bf74e2381de3fa5f8ab8b97e3,2026-02,North Yorkshire Police,North Yorkshire Police,-1.457370,54.010213,On or near Heathfield Drive,E01027668,Harrogate 009A,Criminal damage and arson,Under investigation,
f90b35d5db8315655b6150393986fffe42e69f2e4a9688d91d8c5230b4f7a7d3,2026-02,North Yorkshire Police,North Yorkshire Police,-1.458017,54.012077,On or near Hambleton Close,E01027668,Harrogate 009A,Criminal damage and arson,Unable to prosecute suspect,
0fa58a418225ba4a09e46c3e31f2c88bb403f6b52e03175188b9018b5593bbe5,2026-02,North Yorkshire Police,North Yorkshire Police,-1.455683,54.007348,On or near Princess Grove,E01027668,Harrogate 009A,Other theft,Under investigation,
8c684449571c182cb3a012772deac3d0bd4b300c4247f1a2d024c9771c6ec7c8,2026-02,North Yorkshire Police,North Yorkshire Police,-1.456842,54.010867,On or near Ethel Crescent,E01027668,Harrogate 009A,Violence and sexual offences,Under investigation,
9fe2fe9184c0f8c0b0c2c374943f350c0bb33d1eb0f1f5a724265b1341a0f319,2026-02,North Yorkshire Police,North Yorkshire Police,-1.458017,54.012077,On or near Hambleton Close,E01027668,Harrogate 009A,Violence and sexual offences,Unable to prosecute suspect,
126e094b6067374d8d6d2c31dcc3322365b43e71670467a865e177e73f253d41,2026-02,North Yorkshire Police,North Yorkshire Police,-1.458017,54.012077,On or near Hambleton Close,E01027668,Harrogate 009A,Violence and sexual offences,Unable to prosecute suspect,
,2026-02,North Yorkshire Police,North Yorkshire Police,-1.465468,54.008155,On or near Park Place,E01027669,Harrogate 009B,Anti-social behaviour,,
,2026-02,North Yorkshire Police,North Yorkshire Police,-1.465468,54.008155,On or near Park Place,E01027669,Harrogate 009B,Anti-social behaviour,,
e06768414927964720536e7a5fad1615ece820949ea5797582aa970df78eeb00,2026-02,North Yorkshire Police,North Yorkshire Police,-1.467412,54.011238,On or near St Margaret'S Garth,E01027669,Harrogate 009B,Burglary,Under investigation,
548df02cbf83e0a235d8bac053aa837dc05310948929b8b76d475a7198677380,2026-02,North Yorkshire Police,North Yorkshire Police,-1.458059,54.010019,On or near Nora Avenue,E01027669,Harrogate 009B,Public order,Under investigation,
05c2173bac8989e1a966767cf84b91cb287e4cdb2f4c5c2237f75618903fdcf1,2026-02,North Yorkshire Police,North Yorkshire Police,-1.465468,54.008155,On or near Park Place,E01027669,Harrogate 009B,Shoplifting,Under investigation,
1098182da1e6226ea11a7b00cf6a06d77c6033b05f9646d742ff1f4c25d4ee20,2026-02,North Yorkshire Police,North Yorkshire Police,-1.462790,54.009932,On or near Charlton Court,E01027669,Harrogate 009B,Vehicle crime,Investigation complete; no suspect identified,
88203c96e59cdeddb82c8eaefd5aff617cc42a5bae0f949483b5557ed71f04ef,2026-02,North Yorkshire Police,North Yorkshire Police,-1.458059,54.010019,On or near Nora Avenue,E01027669,Harrogate 009B,Violence and sexual offences,Unable to prosecute suspect,
7eb25a1794fcc1a7c323e09e5335fcf71722c3b8c15465e21c6bae9ce6804278,2026-02,North Yorkshire Police,North Yorkshire Police,-1.465651,54.011778,On or near Stockwell Road,E01027669,Harrogate 009B,Violence and sexual offences,Unable to prosecute suspect,
6d69e9a39ca9534c3503f6088ef6ba4f08a25a3b11bc52fd4a5435764852303c,2026-02,North Yorkshire Police,North Yorkshire Police,-1.468199,54.009363,On or near Whiteley Yard,E01027669,Harrogate 009B,Violence and sexual offences,Under investigation,
2b003f217aed42c69d8edb91f55ecbc803a74135a761cfade815cf644ec735bd,2026-02,North Yorkshire Police,North Yorkshire Police,-1.458059,54.010019,On or near Nora Avenue,E01027669,Harrogate 009B,Violence and sexual offences,Unable to prosecute suspect,
,2026-02,North Yorkshire Police,North Yorkshire Police,-1.466890,54.006706,On or near Cheapside,E01027673,Harrogate 009C,Anti-social behaviour,,
,2026-02,North Yorkshire Police,North Yorkshire Police,-1.468816,54.008871,On or near Finkle Street,E01027673,Harrogate 009C,Anti-social behaviour,,
,2026-02,North Yorkshire Police,North Yorkshire Police,-1.465358,54.007688,On or near Bus/Coach Station,E01027673,Harrogate 009C,Anti-social behaviour,,
,2026-02,North Yorkshire Police,North Yorkshire Police,-1.466323,54.006901,On or near Parking Area,E01027673,Harrogate 009C,Anti-social behaviour,,
781a8ead5c8b557c17ac7be5480699eead74e22b07a34fd70d6759fee2e7fa6e,2026-02,North Yorkshire Police,North Yorkshire Police,-1.468057,54.008544,On or near Jockey Lane,E01027673,Harrogate 009C,Burglary,Under investigation,
e30dcf4cdc864a764015308f268d1da3d5028ce857b61c208f990fe58137030d,2026-02,North Yorkshire Police,North Yorkshire Police,-1.469930,54.008822,On or near Beech Hill,E01027673,Harrogate 009C,Burglary,Under investigation,
49ffe60048967ceadc40d5f4b526857c2052ad8edc6e18d7a9be0f3760ae2262,2026-02,North Yorkshire Police,North Yorkshire Police,-1.467232,54.008649,On or near Park Square,E01027673,Harrogate 009C,Burglary,Under investigation,
d82f46868e23b43186aa189902c9b574e6f36cc31ee9ecda0f093c9824ed5e2a,2026-02,North Yorkshire Police,North Yorkshire Police,-1.468254,54.007449,On or near Parking Area,E01027673,Harrogate 009C,Criminal damage and arson,Investigation complete; no suspect identified,
b454b4a46b067bb880305bc02537285316c4b35eb7383c3d24f8de5af840e9c6,2026-02,North Yorkshire Police,North Yorkshire Police,-1.467277,54.007534,On or near Castlegate,E01027673,Harrogate 009C,Other theft,Under investigation,
e13c643b9f36e8195f65845043854f16fa8410ddf64c1e99b2a0127a7ab5b279,2026-02,North Yorkshire Police,North Yorkshire Police,-1.465358,54.007688,On or near Bus/Coach Station,E01027673,Harrogate 009C,Robbery,Unable to prosecute suspect,
415411e6682030d1765a11255262adf0d0c875f3d7a7e4f5f1a9af07591ab483,2026-02,North Yorkshire Police,North Yorkshire Police,-1.465358,54.007688,On or near Bus/Coach Station,E01027673,Harrogate 009C,Shoplifting,Under investigation,
e8702b2d00b8304a45efcc73336b26b0f7969137b941a4b66c1c78ae678718f6,2026-02,North Yorkshire Police,North Yorkshire Police,-1.467277,54.007534,On or near Castlegate,E01027673,Harrogate 009C,Violence and sexual offences,Under investigation,
0d783cf8c8ff5113596b233aec00a1e5f9d470b0aaeff4afbb2911ca25dc6a9c,2026-02,North Yorkshire Police,North Yorkshire Police,-1.466890,54.006706,On or near Cheapside,E01027673,Harrogate 009C,Violence and sexual offences,Under investigation,
28a2a24460049450d42961406c4126991b5104a699b79d31699290aebab2dbe9,2026-02,North Yorkshire Police,North Yorkshire Police,-1.468816,54.008871,On or near Finkle Street,E01027673,Harrogate 009C,Violence and sexual offences,Unable to prosecute suspect,
4879941cfda05823d62c43feabd0a240bb7fa572eb9bfcfc87a154e535253087,2026-02,North Yorkshire Police,North Yorkshire Police,-1.468816,54.008871,On or near Finkle Street,E01027673,Harrogate 009C,Violence and sexual offences,Unable to prosecute suspect,
48750992112e9518c8ca8550df607c7efb0daf96cac24ad7b28aea0753d317c2,2026-02,North Yorkshire Police,North Yorkshire Police,-1.468816,54.008871,On or near Finkle Street,E01027673,Harrogate 009C,Violence and sexual offences,Under investigation,
a2ce4bbf81ade100aeae42111a16d760a05474b837f7c81257ab3803a909a9be,2026-02,North Yorkshire Police,North Yorkshire Police,-1.468816,54.008871,On or near Finkle Street,E01027673,Harrogate 009C,Violence and sexual offences,Unable to prosecute suspect,
,2026-02,North Yorkshire Police,North Yorkshire Police,-1.459381,54.015148,On or near Alexandra Park Road,E01027676,Harrogate 009D,Anti-social behaviour,,
495e2e802b482f1245a188ceae08e97c8815d7096ee4c96140de40382f09a829,2026-02,North Yorkshire Police,North Yorkshire Police,-1.459958,54.017712,On or near Orchard Close,E01027676,Harrogate 009D,Bicycle theft,Under investigation,
eb379744d43eaa74133798ea226a01aa6341fe8d4e0423aa06a6a92e4c7a38e4,2026-02,North Yorkshire Police,North Yorkshire Police,-1.462900,54.013276,On or near Frogmire Close,E01027676,Harrogate 009D,Other theft,Unable to prosecute suspect,
142d6225633cff0ae80931d6d43dd32130b1efe433acfe689bb448cbcf54156a,2026-02,North Yorkshire Police,North Yorkshire Police,-1.459748,54.013945,On or near Halfpenny Close,E01027676,Harrogate 009D,Violence and sexual offences,Under investigation,
aba0cca6bf9f4d7773f5a77b5abb135bf3083d502545a05f419d7989d1f416ce,2026-02,North Yorkshire Police,North Yorkshire Police,-1.459748,54.013945,On or near Halfpenny Close,E01027676,Harrogate 009D,Violence and sexual offences,Under investigation,
d4b13a61c04e6536e9768c484641543b361ae98c3dc47eff9aed66b061257690,2026-02,North Yorkshire Police,North Yorkshire Police,-1.459748,54.013945,On or near Halfpenny Close,E01027676,Harrogate 009D,Violence and sexual offences,Under investigation,
aba0cca6bf9f4d7773f5a77b5abb135bf3083d502545a05f419d7989d1f416ce,2026-02,North Yorkshire Police,North Yorkshire Police,-1.459748,54.013945,On or near Halfpenny Close,E01027676,Harrogate 009D,Violence and sexual offences,Under investigation,
e1bfbf5c47498883c90e3de795a5a08d4638d4615dc9ac0c6a23611aa454d0ef,2026-02,North Yorkshire Police,North Yorkshire Police,-1.459748,54.013945,On or near Halfpenny Close,E01027676,Harrogate 009D,Violence and sexual offences,Under investigation,
,2026-02,North Yorkshire Police,North Yorkshire Police,-1.537596,54.006612,On or near Warren Place,E01027638,Harrogate 010A,Anti-social behaviour,,
c4d18ac25051762e2c92a13f90bce8c5dd44ed7010bad007cf95b92666814d81,2026-02,North Yorkshire Police,North Yorkshire Police,-1.540058,54.011708,On or near Knox Road,E01027638,Harrogate 010A,Drugs,Under investigation,
75c293fbc468a901dc69e949f8be4eb310dee078fbe4ecaf083db07f4635e63e,2026-02,North Yorkshire Police,North Yorkshire Police,-1.537596,54.006612,On or near Warren Place,E01027638,Harrogate 010A,Shoplifting,Investigation complete; no suspect identified,
171c27f5405f04380566e98d8c5832aada5729c8b02000f295f513b0359d842b,2026-02,North Yorkshire Police,North Yorkshire Police,-1.537596,54.006612,On or near Warren Place,E01027638,Harrogate 010A,Shoplifting,Investigation complete; no suspect identified,
612bbb3e0d35ec5655cefe48850a30df1b0ee9e0f46888ca477993fbf901c257,2026-02,North Yorkshire Police,North Yorkshire Police,-1.537596,54.006612,On or near Warren Place,E01027638,Harrogate 010A,Shoplifting,Awaiting court outcome,
eb950f651540fe093aba986bb2ea1b2d5fc0cfb006f3363c9699e1504bf59bcf,2026-02,North Yorkshire Police,North Yorkshire Police,-1.537596,54.006612,On or near Warren Place,E01027638,Harrogate 010A,Shoplifting,Investigation complete; no suspect identified,
ee93b7abc6b92683919767cf6a26dbc07b6f04dfaddb525cd96ec4875c30d3ad,2026-02,North Yorkshire Police,North Yorkshire Police,-1.537596,54.006612,On or near Warren Place,E01027638,Harrogate 010A,Shoplifting,Under investigation,
f2ff2c092accb18774c7aacb92c06dfff7fdf79d9cffd8c7f83b04bbdec8c36f,2026-02,North Yorkshire Police,North Yorkshire Police,-1.537596,54.006612,On or near Warren Place,E01027638,Harrogate 010A,Vehicle crime,Under investigation,
,2026-02,North Yorkshire Police,North Yorkshire Police,-1.539873,54.006315,On or near Bilton Grange Close,E01027640,Harrogate 010C,Anti-social behaviour,,
ebb21dc74d77774e4f85c82e9aa4a434fd19df30935a5aa71c20921eca6f8dad,2026-02,North Yorkshire Police,North Yorkshire Police,-1.543082,54.010084,On or near Redhill Close,E01027640,Harrogate 010C,Violence and sexual offences,Under investigation,
234ccb7cab49bf5a229b2ba4043f8468264c7d4b4271f4331d83c819305e3ed7,2026-02,North Yorkshire Police,North Yorkshire Police,-1.540904,54.005501,On or near Skipton Court,E01027640,Harrogate 010C,Other crime,Under investigation,
86b687778090b511326f769e019bd8018e8c43c39956949acb6c40d2f1cb025f,2026-02,North Yorkshire Police,North Yorkshire Police,-1.542985,54.006345,On or near Skipton Crescent,E01027690,Harrogate 010D,Vehicle crime,Under investigation,
50078ae44fb655b005620ee40aca7c304c244b862b6cb08a2c5106c3993c822b,2026-02,North Yorkshire Police,North Yorkshire Police,-1.530726,54.008058,On or near Supermarket,E01027738,Harrogate 010E,Shoplifting,Under investigation,
643c4d72d61dea0b3dafd5b35f41bdbb914d50f6eaf2e787595b8b77a32b97a3,2026-02,North Yorkshire Police,North Yorkshire Police,-1.530726,54.008058,On or near Supermarket,E01027738,Harrogate 010E,Shoplifting,Under investigation,
ce3f9a8dc3856b2cad216be460f77e4e39361c47ed6d701193c249e9d0e44773,2026-02,North Yorkshire Police,North Yorkshire Police,-1.530726,54.008058,On or near Supermarket,E01027738,Harrogate 010E,Shoplifting,Awaiting court outcome,
d303841938af52efe6d3f66dc3295450ab04430f669c21c11210758223c07688,2026-02,North Yorkshire Police,North Yorkshire Police,-1.530726,54.008058,On or near Supermarket,E01027738,Harrogate 010E,Shoplifting,Awaiting court outcome,
48232b7b6fde1bd663f3090d093f956ee532deb3d1c55bbfa4fd0b83472db7a4,2026-02,North Yorkshire Police,North Yorkshire Police,-1.530281,54.008606,On or near Birch Grove,E01027738,Harrogate 010E,Violence and sexual offences,Under investigation,
ef8efb8aaad7ba03936bb87d8ce2df81c2bc7b87c5a46db1a61807f6be7326cc,2026-02,North Yorkshire Police,North Yorkshire Police,-1.530726,54.008058,On or near Supermarket,E01027738,Harrogate 010E,Violence and sexual offences,Under investigation,
9ea84e9504535a4bd92fccd1a8271da12967e218c6e657d07dc05bfc141038f8,2026-02,North Yorkshire Police,North Yorkshire Police,-1.529779,54.007049,On or near Butler Road,E01027738,Harrogate 010E,Violence and sexual offences,Under investigation,
,2026-02,North Yorkshire Police,North Yorkshire Police,-1.536892,54.005414,On or near Petrol Station,E01027739,Harrogate 010F,Anti-social behaviour,,
a9261fff8b913cddd30336ce11c5066766cc84faf4a1f6bedc7970c2afb9e3bc,2026-02,North Yorkshire Police,North Yorkshire Police,-1.533745,54.004449,On or near Cecil Street,E01027739,Harrogate 010F,Other theft,Unable to prosecute suspect,
a112331bc881d9b8815b95ceb4106cc9756e8628636e69bc73166bd4651d1393,2026-02,North Yorkshire Police,North Yorkshire Police,-1.537500,54.005686,On or near Supermarket,E01027739,Harrogate 010F,Robbery,Under investigation,
92c1b93220c0717ea6265910752e244c5ef77e708458a98675b25bd6a4398ae0,2026-02,North Yorkshire Police,North Yorkshire Police,-1.532931,54.006243,On or near King Edward'S Drive,E01027739,Harrogate 010F,Robbery,Under investigation,
1d0e16fe51f43f14fb4ca131ac59316ad1a5ed296f3fe395abf6e712fef6abbc,2026-02,North Yorkshire Police,North Yorkshire Police,-1.532931,54.006243,On or near King Edward'S Drive,E01027739,Harrogate 010F,Shoplifting,Under investigation,
bd8cc5320cf14cdc907623c0eaedf0bffe613b4e2e08de8eac4c099fcbccedc8,2026-02,North Yorkshire Police,North Yorkshire Police,-1.532931,54.006243,On or near King Edward'S Drive,E01027739,Harrogate 010F,Shoplifting,Under investigation,
f5880e9dcf5e120ff888df1dc228043f21d327cbc963f6910016fc64a7714732,2026-02,North Yorkshire Police,North Yorkshire Police,-1.532931,54.006243,On or near King Edward'S Drive,E01027739,Harrogate 010F,Shoplifting,Under investigation,
0ec6ef63d93d333705fe0652481dd094b6202073676290aba8a13417208eece3,2026-02,North Yorkshire Police,North Yorkshire Police,-1.532931,54.006243,On or near King Edward'S Drive,E01027739,Harrogate 010F,Shoplifting,Under investigation,
80cfef5f5e39ecdbe6100812299247d175809047d4a99a9758b7060ec833ea57,2026-02,North Yorkshire Police,North Yorkshire Police,-1.533639,54.005743,On or near Burke Street,E01027739,Harrogate 010F,Theft from the person,Unable to prosecute suspect,
1a1a6b37e1a8a61db3ca83a628e21132ae642da89bf65b6d70744d93f7266e9d,2026-02,North Yorkshire Police,North Yorkshire Police,-1.532931,54.006243,On or near King Edward'S Drive,E01027739,Harrogate 010F,Violence and sexual offences,Unable to prosecute suspect,
fae63db71bf22c9d1ed7cda8977f4a2b2aa183966ad39f58f1bfb4a3a5192378,2026-02,North Yorkshire Police,North Yorkshire Police,-1.523130,54.009413,On or near Eastby Road,E01027741,Harrogate 010G,Burglary,Under investigation,
177ba4eedd44726a51acff307184c77cb750b32626a34e6dd75b8a2c90fb3fda,2026-02,North Yorkshire Police,North Yorkshire Police,-1.524930,54.012207,On or near Sandhill Close,E01027741,Harrogate 010G,Violence and sexual offences,Under investigation,
,2026-02,North Yorkshire Police,North Yorkshire Police,-1.555267,54.004980,On or near Burnside Close,E01027691,Harrogate 011B,Anti-social behaviour,,
,2026-02,North Yorkshire Police,North Yorkshire Police,-1.555267,54.004980,On or near Burnside Close,E01027691,Harrogate 011B,Anti-social behaviour,,
,2026-02,North Yorkshire Police,North Yorkshire Police,-1.555267,54.004980,On or near Burnside Close,E01027691,Harrogate 011B,Anti-social behaviour,,
,2026-02,North Yorkshire Police,North Yorkshire Police,-1.550098,54.007513,On or near Park House Green,E01027691,Harrogate 011B,Anti-social behaviour,,
18d224d2340d4b0d349f0e2c8f77ec10ddd71a8c2126dc4f7a136e302548ae35,2026-02,North Yorkshire Police,North Yorkshire Police,-1.555267,54.004980,On or near Burnside Close,E01027691,Harrogate 011B,Criminal damage and arson,Under investigation,
0dce0c954006002934ada4c0c2033694ac4338bec91e5fe779f90c8985f4705a,2026-02,North Yorkshire Police,North Yorkshire Police,-1.555267,54.004980,On or near Burnside Close,E01027691,Harrogate 011B,Criminal damage and arson,Investigation complete; no suspect identified,
0f89b0e80759f0694c3c1a4247532ff53ee5492685c7b687e52acbfa17bab6e2,2026-02,North Yorkshire Police,North Yorkshire Police,-1.555267,54.004980,On or near Burnside Close,E01027691,Harrogate 011B,Criminal damage and arson,Under investigation,
d4c97ebbcdc4a46c2fd244f099684a679b53efe6b5b45685b244e1a4ed7a3541,2026-02,North Yorkshire Police,North Yorkshire Police,-1.553304,54.005943,On or near Electric Avenue,E01027691,Harrogate 011B,Other theft,Investigation complete; no suspect identified,
68f438b04de25c8ed0e8ecd572e09d596d6ceb1cecb6d916ad26b258f32a587f,2026-02,North Yorkshire Police,North Yorkshire Police,-1.554838,54.008007,On or near Oak Beck Road,E01027691,Harrogate 011B,Shoplifting,Investigation complete; no suspect identified,
ec9597181299854ac5bba6d347793982e91b8d0726211df35cc40e8eaa246687,2026-02,North Yorkshire Police,North Yorkshire Police,-1.550098,54.007513,On or near Park House Green,E01027691,Harrogate 011B,Violence and sexual offences,Under investigation,
f1022cbf1d8f290b23148975336c35c3daf3eaf6f8aad4e3d7f04399ab3929f9,2026-02,North Yorkshire Police,North Yorkshire Police,-1.550538,54.009115,On or near Westville Oval,E01027691,Harrogate 011B,Violence and sexual offences,Under investigation,
7d47db835c1fb10399cea3ece767e81f8946e09a9693ba0c7a5dd7118354b08c,2026-02,North Yorkshire Police,North Yorkshire Police,-1.555267,54.004980,On or near Burnside Close,E01027691,Harrogate 011B,Violence and sexual offences,Under investigation,
3dfd6e7a024c17c0b9a0e01002ab7a71572abe66ff8b232b6e719274b2958adf,2026-02,North Yorkshire Police,North Yorkshire Police,-1.550098,54.007513,On or near Park House Green,E01027691,Harrogate 011B,Violence and sexual offences,Under investigation,
4855c7e17e1b047e2e9f3ab9d9f8233d1ce8b3160a50ea6533f5df7b96cfeb54,2026-02,North Yorkshire Police,North Yorkshire Police,-1.555267,54.004980,On or near Burnside Close,E01027691,Harrogate 011B,Violence and sexual offences,Under investigation,
,2026-02,North Yorkshire Police,North Yorkshire Police,-1.557911,54.005969,On or near Nunnington Crescent,E01027720,Harrogate 011C,Anti-social behaviour,,
5fe74222dc50ea6169eb564f827ec6cfaa123467783dee2a76b377c34718262d,2026-02,North Yorkshire Police,North Yorkshire Police,-1.565308,54.004783,On or near Lincoln Grove,E01027720,Harrogate 011C,Bicycle theft,Investigation complete; no suspect identified,
7c46d7ffef894d6c5dcddafe5f1f69f445ef2b48291bc2864d7f1b60e917a8d5,2026-02,North Yorkshire Police,North Yorkshire Police,-1.564463,54.002461,On or near Little Thorpe Close,E01027720,Harrogate 011C,Drugs,Under investigation,
a7d9de0d3caa918cd6d1241bd21313a666c14b98dc5c3c2e068ad56bfb7369ce,2026-02,North Yorkshire Police,North Yorkshire Police,-1.566724,54.005022,On or near Norwich Drive,E01027720,Harrogate 011C,Violence and sexual offences,Under investigation,
76dba67d0eb130a5fac8eecc6d935c8648bdc54071ec0b457003f534ad8ece9b,2026-02,North Yorkshire Police,North Yorkshire Police,-1.566724,54.005022,On or near Norwich Drive,E01027720,Harrogate 011C,Violence and sexual offences,Under investigation,
febaf344c594c0b29f8376ad4a46229394601d5b341bf3fb8586e12b31467c71,2026-02,North Yorkshire Police,North Yorkshire Police,-1.564535,54.004259,On or near Lichfield Grove,E01027720,Harrogate 011C,Violence and sexual offences,Under investigation,
febaf344c594c0b29f8376ad4a46229394601d5b341bf3fb8586e12b31467c71,2026-02,North Yorkshire Police,North Yorkshire Police,-1.564535,54.004259,On or near Lichfield Grove,E01027720,Harrogate 011C,Violence and sexual offences,Under investigation,
e6760f4027182fa6a949240bd4c743d5eb41e0bb8a85d08b0b737de41137eaa5,2026-02,North Yorkshire Police,North Yorkshire Police,-1.572212,54.001006,On or near Carline Mead,E01027721,Harrogate 011D,Public order,Under investigation,
,2026-02,North Yorkshire Police,North Yorkshire Police,-1.559910,54.003056,On or near Jenny Field Drive,E01027723,Harrogate 011E,Anti-social behaviour,,
870228707a47b37d2b57b3aac045b154f7a13d13fec100e18979b65737e50794,2026-02,North Yorkshire Police,North Yorkshire Police,-1.558128,54.002734,On or near Parking Area,E01027723,Harrogate 011E,Shoplifting,Investigation complete; no suspect identified,
b446dfedf240c229d817944812b83cd64b0a8911b0ff77d6c9e9c185f11e1d0d,2026-02,North Yorkshire Police,North Yorkshire Police,-1.558128,54.002734,On or near Parking Area,E01027723,Harrogate 011E,Shoplifting,Awaiting court outcome,
45befaa34c894fff0fb2b3a1a0de24b6ba9ac9c9da76bfbc46e49759a02f412d,2026-02,North Yorkshire Police,North Yorkshire Police,-1.558128,54.002734,On or near Parking Area,E01027723,Harrogate 011E,Shoplifting,Investigation complete; no suspect identified,
b38c820bf0642a4303afc17f1df19624159828efc0608237198f6e76a73bd8e1,2026-02,North Yorkshire Police,North Yorkshire Police,-1.558128,54.002734,On or near Parking Area,E01027723,Harrogate 011E,Shoplifting,Under investigation,
95e57692c3e2674548719b7d754961aafeeecd5d91459736209ec6d8ed7fe50f,2026-02,North Yorkshire Police,North Yorkshire Police,-1.556678,54.000006,On or near Norwood Grove,E01027723,Harrogate 011E,Violence and sexual offences,Under investigation,
a5b3e5ce660f8016427ce98f9d84998d01cfa9436fef9e2df61f1a82a63d7480,2026-02,North Yorkshire Police,North Yorkshire Police,-1.556678,54.000006,On or near Norwood Grove,E01027723,Harrogate 011E,Violence and sexual offences,Unable to prosecute suspect,
5ef84179e855998651d4e5966b05ed1ed7e83f7dfc84036b313507127acd91d3,2026-02,North Yorkshire Police,North Yorkshire Police,-1.557085,54.001877,On or near Sutton Grange Close,E01027723,Harrogate 011E,Violence and sexual offences,Under investigation,
5ef84179e855998651d4e5966b05ed1ed7e83f7dfc84036b313507127acd91d3,2026-02,North Yorkshire Police,North Yorkshire Police,-1.557085,54.001877,On or near Sutton Grange Close,E01027723,Harrogate 011E,Violence and sexual offences,Under investigation,
77598dc8d253e4a5e1610bb879da20c8ab77a766d8bed609ede9ab1ed9f3058e,2026-02,North Yorkshire Police,North Yorkshire Police,-1.561435,54.004580,On or near Newby Crescent,E01027723,Harrogate 011E,Violence and sexual offences,Under investigation,
ff423e30a467cda8319ad952cb18fd35516243bd8f782451bb033a6dec5e1d18,2026-02,North Yorkshire Police,North Yorkshire Police,-1.559112,54.004913,On or near Harewood Road,E01027723,Harrogate 011E,Other crime,Under investigation,
8c4bf8d8df920e72bea474060fb91897be2bb3d0b66280ef3fc7aef712e6c7c2,2026-02,North Yorkshire Police,North Yorkshire Police,-1.440355,54.007687,On or near ,E01027670,Harrogate 012A,Shoplifting,Under investigation,
1d97b891d82584d863875fd12e2a0e4aeb7d48a0b7dc9cef4c23ce3d296cfb1b,2026-02,North Yorkshire Police,North Yorkshire Police,-1.435251,54.008204,On or near Copper Close,E01027670,Harrogate 012A,Violence and sexual offences,Unable to prosecute suspect,
e0e25abf66897ab8fc227cca8f235f1772923d55a8eaabb99c3108f72790268b,2026-02,North Yorkshire Police,North Yorkshire Police,-1.454782,54.012098,On or near Park Lane,E01027670,Harrogate 012A,Violence and sexual offences,Unable to prosecute suspect,
d94c0c20e8be3fad3910a04dafb087b7b361f1fa3ef007a13ceb44b1f6b57d14,2026-02,North Yorkshire Police,North Yorkshire Police,-1.446670,54.010343,On or near ,E01027670,Harrogate 012A,Violence and sexual offences,Under investigation,
968121f8c05c6f74e0ae699ac4e935d6c0504a2a1787b1d3d98ecefb6f785981,2026-02,North Yorkshire Police,North Yorkshire Police,-1.443117,54.009151,On or near Holly Blue Close,E01027670,Harrogate 012A,Violence and sexual offences,Unable to prosecute suspect,
202b3b565988c63e2f764a677d93a6e4daf0a03f67ecbabadd8add8ba9acb68f,2026-02,North Yorkshire Police,North Yorkshire Police,-1.454782,54.012098,On or near Park Lane,E01027670,Harrogate 012A,Violence and sexual offences,Under investigation,
1db6887016db15688886e5dc15deb7c13e59a32e08c7abfa6082304b9f5c636a,2026-02,North Yorkshire Police,North Yorkshire Police,-1.447563,54.006394,On or near The Chase,E01027670,Harrogate 012A,Violence and sexual offences,Investigation complete; no suspect identified,
,2026-02,North Yorkshire Police,North Yorkshire Police,-1.451228,54.003840,On or near Petrol Station,E01027671,Harrogate 012B,Anti-social behaviour,,
f2f9455e231f88f6587ebe0141a43a09e88a6fa7e141db7759388a4e14c0b263,2026-02,North Yorkshire Police,North Yorkshire Police,-1.443179,53.999938,On or near Shopping Area,E01027671,Harrogate 012B,Shoplifting,Under investigation,
a9e36574592cf28203d5d0ea71f0d75f830cfa808715909cbce826d5f01b34c9,2026-02,North Yorkshire Police,North Yorkshire Police,-1.451671,54.000265,On or near Jervaulx Drive,E01027672,Harrogate 012C,Criminal damage and arson,Investigation complete; no suspect identified,
4c98bd6aba982c07a4545f713e79664c39ca5040d8ce35975f47d22968498597,2026-02,North Yorkshire Police,North Yorkshire Police,-1.463284,54.002403,On or near St Robert'S Road,E01027672,Harrogate 012C,Drugs,Under investigation,
,2026-02,North Yorkshire Police,North Yorkshire Police,-1.493836,53.971665,On or near ,E01027704,Harrogate 012D,Anti-social behaviour,,
faafd6ea32c4ff22b5f7dc6989057b3163e0e385a50a6e58b7aa24a15745661a,2026-02,North Yorkshire Police,North Yorkshire Police,-1.496051,53.974871,On or near Rudding Lane,E01027704,Harrogate 012D,Burglary,Under investigation,
b7cb7eea1862750e17a07dcb289db244bd3c77c736a0233b7769be31b9177695,2026-02,North Yorkshire Police,North Yorkshire Police,-1.480702,53.965935,On or near Pellentine Road,E01027704,Harrogate 012D,Drugs,Under investigation,
b7cb7eea1862750e17a07dcb289db244bd3c77c736a0233b7769be31b9177695,2026-02,North Yorkshire Police,North Yorkshire Police,-1.480702,53.965935,On or near Pellentine Road,E01027704,Harrogate 012D,Drugs,Under investigation,
f24167dd4062f9ea32c4d20eefd41451ac22284761b09fcb5ad7b92f308e00fb,2026-02,North Yorkshire Police,North Yorkshire Police,-1.496051,53.974871,On or near Rudding Lane,E01027704,Harrogate 012D,Other theft,Under investigation,
,2026-02,North Yorkshire Police,North Yorkshire Police,-1.517573,53.993807,On or near Hospital,E01027649,Harrogate 013A,Anti-social behaviour,,
,2026-02,North Yorkshire Police,North Yorkshire Police,-1.517131,53.995144,On or near Newnham Street,E01027649,Harrogate 013A,Anti-social behaviour,,
,2026-02,North Yorkshire Police,North Yorkshire Police,-1.517573,53.993807,On or near Hospital,E01027649,Harrogate 013A,Anti-social behaviour,,
,2026-02,North Yorkshire Police,North Yorkshire Police,-1.517573,53.993807,On or near Hospital,E01027649,Harrogate 013A,Anti-social behaviour,,
c7ffc2f283adb77175cfc68495208219b11b10439826de0aacbcdc7e44b37524,2026-02,North Yorkshire Police,North Yorkshire Police,-1.517573,53.993807,On or near Hospital,E01027649,Harrogate 013A,Criminal damage and arson,Under investigation,
b9b91d7081906b9a80e689919f9fcd517aeea258b90efa27db667e4b88a369bc,2026-02,North Yorkshire Police,North Yorkshire Police,-1.517573,53.993807,On or near Hospital,E01027649,Harrogate 013A,Other theft,Under investigation,
8ef15ad80ef90ad4dcd06b3528da198b474374e3f62a8a80eff1e8d771240be4,2026-02,North Yorkshire Police,North Yorkshire Police,-1.517573,53.993807,On or near Hospital,E01027649,Harrogate 013A,Possession of weapons,Under investigation,
7f258d5bdd5271395e919c993bd3a64fdfb2cf94b0cf5c9b066105e0d65b7d5a,2026-02,North Yorkshire Police,North Yorkshire Police,-1.522847,53.999481,On or near Avondale Road,E01027649,Harrogate 013A,Public order,Under investigation,
fdf88e77957fcd1aa0c7ad906f5816810b47a6cc8cb1da1474a0a4f11d297ad5,2026-02,North Yorkshire Police,North Yorkshire Police,-1.519396,53.995782,On or near Roseville Avenue,E01027649,Harrogate 013A,Violence and sexual offences,Under investigation,
43a8856d89eb5845b1e0513bc78de3e2e7c53584991944cb177003919ed13950,2026-02,North Yorkshire Police,North Yorkshire Police,-1.521938,53.996269,On or near Highgate Park,E01027649,Harrogate 013A,Violence and sexual offences,Under investigation,
26a0f3fe9071dd9cd9c287f43194226cd563cfd03305903b93510b90b021099e,2026-02,North Yorkshire Police,North Yorkshire Police,-1.517573,53.993807,On or near Hospital,E01027649,Harrogate 013A,Violence and sexual offences,Unable to prosecute suspect,
b8676df387902ba22cca30f475a2a68351cf1e703bc6bbcdcfe84d7047246d83,2026-02,North Yorkshire Police,North Yorkshire Police,-1.517184,53.995863,On or near Hurstleigh Terrace,E01027649,Harrogate 013A,Violence and sexual offences,Under investigation,
0b3b88cdfb2a4fc3393ae9804a06c603f4a777add547d94c5e51abaff18a884e,2026-02,North Yorkshire Police,North Yorkshire Police,-1.517131,53.995144,On or near Newnham Street,E01027649,Harrogate 013A,Violence and sexual offences,Under investigation,
d17e1436400db5824d4cab16b0baa86922d74b9767fb72c25813d135a46bb880,2026-02,North Yorkshire Police,North Yorkshire Police,-1.517573,53.993807,On or near Hospital,E01027649,Harrogate 013A,Violence and sexual offences,Under investigation,
4fd7469f4ee1e6e1337c2106b67c0147a5f074793ed4e6d193cd7104b9993c53,2026-02,North Yorkshire Police,North Yorkshire Police,-1.517573,53.993807,On or near Hospital,E01027649,Harrogate 013A,Violence and sexual offences,Under investigation,
d959c2a72d8c274d77a1c80bae7f237f384aef52576e7ceb07dc3c0a53bdef32,2026-02,North Yorkshire Police,North Yorkshire Police,-1.517573,53.993807,On or near Hospital,E01027649,Harrogate 013A,Violence and sexual offences,Under investigation,
2c93873db5e629ab5223791462c30202f0c4d88b99b3557184a32ea74fe7e41e,2026-02,North Yorkshire Police,North Yorkshire Police,-1.517573,53.993807,On or near Hospital,E01027649,Harrogate 013A,Violence and sexual offences,Under investigation,
9a335a7d5d5f27f85e539dd7f9e1b391bfc4fbf47281d53b93b8ea9292beabba,2026-02,North Yorkshire Police,North Yorkshire Police,-1.517573,53.993807,On or near Hospital,E01027649,Harrogate 013A,Violence and sexual offences,Unable to prosecute suspect,
63e04ae490e9e2e4e39670415e612be05cabcae487f469049828f256e7fc6a8f,2026-02,North Yorkshire Police,North Yorkshire Police,-1.512842,54.001800,On or near ,E01027649,Harrogate 013A,Violence and sexual offences,Under investigation,
09fde9d8eb0c5f0366aebadc9e2ae785017b03bd1bc7080c883efafe59f76ed3,2026-02,North Yorkshire Police,North Yorkshire Police,-1.517573,53.993807,On or near Hospital,E01027649,Harrogate 013A,Violence and sexual offences,Unable to prosecute suspect,
fe8c22824f275321ad411ea00309807abfd38b07b3d5bc5c9fa45d41a24c3be7,2026-02,North Yorkshire Police,North Yorkshire Police,-1.517573,53.993807,On or near Hospital,E01027649,Harrogate 013A,Violence and sexual offences,Under investigation,
9d58f0b03e756a63424b3f8148e4cdd662743f3a64464a096bd21dcd10d3c8c0,2026-02,North Yorkshire Police,North Yorkshire Police,-1.517573,53.993807,On or near Hospital,E01027649,Harrogate 013A,Violence and sexual offences,Under investigation,
f11f8facee5878dd92399711a40a192e2d63867126a0417f2cd99c882d5f5bf4,2026-02,North Yorkshire Police,North Yorkshire Police,-1.517573,53.993807,On or near Hospital,E01027649,Harrogate 013A,Violence and sexual offences,Unable to prosecute suspect,
63e04ae490e9e2e4e39670415e612be05cabcae487f469049828f256e7fc6a8f,2026-02,North Yorkshire Police,North Yorkshire Police,-1.512842,54.001800,On or near ,E01027649,Harrogate 013A,Violence and sexual offences,Under investigation,
90e764b34cf8ee25d9c2f4f17ffd3fb4c7df9c668d34f4a9c6b9c6b57689661f,2026-02,North Yorkshire Police,North Yorkshire Police,-1.517131,53.995144,On or near Newnham Street,E01027649,Harrogate 013A,Violence and sexual offences,Under investigation,
,2026-02,North Yorkshire Police,North Yorkshire Police,-1.511063,53.993574,On or near Fairfax Avenue,E01027651,Harrogate 013B,Anti-social behaviour,,
cae66e1ad82d7789b94852c33687b7fe166891563b566b21126be42967d50913,2026-02,North Yorkshire Police,North Yorkshire Police,-1.511063,53.993574,On or near Fairfax Avenue,E01027651,Harrogate 013B,Burglary,Under investigation,
8c139171e62a3fa4cc021011b17b7e8fcf72d0d18d6880e06ed8bcaa48f3c6a3,2026-02,North Yorkshire Police,North Yorkshire Police,-1.511063,53.993574,On or near Fairfax Avenue,E01027651,Harrogate 013B,Criminal damage and arson,Investigation complete; no suspect identified,
56825be75805fe7484a1dda0986a8e820b9fb4709a97712d4c0c987cde32e817,2026-02,North Yorkshire Police,North Yorkshire Police,-1.507756,53.993308,On or near Cawthorn Avenue,E01027651,Harrogate 013B,Criminal damage and arson,Under investigation,
6959d2ae5334eef0599acb64704af0713370b9fc5609fc147b3922a681c01373,2026-02,North Yorkshire Police,North Yorkshire Police,-1.511063,53.993574,On or near Fairfax Avenue,E01027651,Harrogate 013B,Criminal damage and arson,Investigation complete; no suspect identified,
900be44183b9f8dfa835200a3d5c84cfc4a1363590bea0a121cb6b346dba6f17,2026-02,North Yorkshire Police,North Yorkshire Police,-1.511641,53.995050,On or near Tunstall Road,E01027651,Harrogate 013B,Other theft,Under investigation,
6df8bf557b5898938bde509da9c66908154c3808a5aa4e0ac1967f18b4f6bc71,2026-02,North Yorkshire Police,North Yorkshire Police,-1.508844,53.995461,On or near Kennion Road,E01027651,Harrogate 013B,Shoplifting,Under investigation,
8ce59ccfa44f5e0ef18ff4f5c4a11a670a0b973d51d3bbd0b20e1156e654e0da,2026-02,North Yorkshire Police,North Yorkshire Police,-1.512736,53.991405,On or near St Nicholas Road,E01027651,Harrogate 013B,Vehicle crime,Investigation complete; no suspect identified,
8f53ffa23cd90ccf35c1e79a898df7871d271580f7f62322d491ba74fcf0e6ec,2026-02,North Yorkshire Police,North Yorkshire Police,-1.507756,53.993308,On or near Cawthorn Avenue,E01027651,Harrogate 013B,Violence and sexual offences,Under investigation,
bb828ae1498f0b69ee5d66e820ca1ed1440c2ae138cf32893660c2244a566af1,2026-02,North Yorkshire Police,North Yorkshire Police,-1.512781,53.992781,On or near St Patrick'S Way,E01027651,Harrogate 013B,Violence and sexual offences,Under investigation,
60b9b826c19912184e7359b80b15dae5acc13b9bf2c71079321476dd607f9d1d,2026-02,North Yorkshire Police,North Yorkshire Police,-1.510021,53.995286,On or near Stanhope Drive,E01027651,Harrogate 013B,Violence and sexual offences,Under investigation,
f14d118f56fd8038b74c65ce27b051bec7974169f05081108d15ffe9ed3ff72d,2026-02,North Yorkshire Police,North Yorkshire Police,-1.508844,53.995461,On or near Kennion Road,E01027651,Harrogate 013B,Violence and sexual offences,Under investigation,
bb828ae1498f0b69ee5d66e820ca1ed1440c2ae138cf32893660c2244a566af1,2026-02,North Yorkshire Police,North Yorkshire Police,-1.512781,53.992781,On or near St Patrick'S Way,E01027651,Harrogate 013B,Violence and sexual offences,Unable to prosecute suspect,
,2026-02,North Yorkshire Police,North Yorkshire Police,-1.535098,54.002099,On or near Waterloo Street,E01027657,Harrogate 013C,Anti-social behaviour,,
,2026-02,North Yorkshire Police,North Yorkshire Police,-1.535098,54.002099,On or near Waterloo Street,E01027657,Harrogate 013C,Anti-social behaviour,,
c47eb1a9e8ef2fe31a230e8cf1964580089e9a81acb7c691db0d8b60b6d89121,2026-02,North Yorkshire Police,North Yorkshire Police,-1.536174,54.002823,On or near Skipton Street,E01027657,Harrogate 013C,Other theft,Investigation complete; no suspect identified,
23916a9ea542f51ee0eeae039e4411de3589003d3861ee6df716a59fb307b586,2026-02,North Yorkshire Police,North Yorkshire Police,-1.538340,54.000018,On or near Franklin Square,E01027657,Harrogate 013C,Public order,Under investigation,
5e20d2cbb88d10a75d71b3878e409eff4ab719b034d760048241e33228944b76,2026-02,North Yorkshire Police,North Yorkshire Police,-1.535098,54.002099,On or near Waterloo Street,E01027657,Harrogate 013C,Violence and sexual offences,Under investigation,
f53ba2dcac4f226233642f09763b25de6d992a9abcd36d6acfd28381184ef9ab,2026-02,North Yorkshire Police,North Yorkshire Police,-1.533703,53.999964,On or near Ashfield Road,E01027657,Harrogate 013C,Violence and sexual offences,Under investigation,
093492afcbefcea61967fdda1c2904e13ac77b7b6875f35e2f2e6ae3e7b84721,2026-02,North Yorkshire Police,North Yorkshire Police,-1.538340,54.000018,On or near Franklin Square,E01027657,Harrogate 013C,Violence and sexual offences,Under investigation,
811c68709256b971487dd8c296a8e59b6d9c2f6d3cd83c1c14e5f21b2b7fd94d,2026-02,North Yorkshire Police,North Yorkshire Police,-1.528426,54.001274,On or near Grove Park View,E01027658,Harrogate 013D,Criminal damage and arson,Under investigation,
b5e071d748ad09e55596cf209e25d9afbbdd000b256cfe5361ab91950203ef91,2026-02,North Yorkshire Police,North Yorkshire Police,-1.528382,53.998397,On or near Devonshire Square,E01027658,Harrogate 013D,Drugs,Under investigation,
e849f0ff4c8f5a89c6df5db25e9da2f5708f500cb2d64c703366ef338f7935e7,2026-02,North Yorkshire Police,North Yorkshire Police,-1.529914,53.999113,On or near Regent Terrace,E01027658,Harrogate 013D,Other theft,Under investigation,
e8b321526d170093601e922858c0434f22f6c7f91625137da959f8b6bfe5c369,2026-02,North Yorkshire Police,North Yorkshire Police,-1.528426,54.001274,On or near Grove Park View,E01027658,Harrogate 013D,Other theft,Investigation complete; no suspect identified,
71dd4b1cd4387f5dfb2c66eb790bc6ed1fe4c6f09787feb23a101df7c12c0591,2026-02,North Yorkshire Police,North Yorkshire Police,-1.529201,54.000126,On or near Grove Park Walk,E01027658,Harrogate 013D,Violence and sexual offences,Under investigation,
baf9559438b438c32e1ff0daa3c965353c21bed096a2e61cbff15f18ec15c23f,2026-02,North Yorkshire Police,North Yorkshire Police,-1.528218,53.998028,On or near Devonshire Mews,E01027658,Harrogate 013D,Violence and sexual offences,Under investigation,
4bd96b8c5d224fc2d62ae3c7fc5138fe34c02512765fdb43debd32441d76e37a,2026-02,North Yorkshire Police,North Yorkshire Police,-1.526289,53.998659,On or near County Square,E01027658,Harrogate 013D,Violence and sexual offences,Under investigation,
9bb872c4c182b53ab1211800ff24b5878bced90ad0a74e274b3bd8f2f4d5ce3f,2026-02,North Yorkshire Police,North Yorkshire Police,-1.537174,54.004822,On or near Unity Close,E01027692,Harrogate 013E,Criminal damage and arson,Investigation complete; no suspect identified,
1a9eafa936b2d6eb6fae43d90471a856eaab7a6dca1cbb052c9aede333352e42,2026-02,North Yorkshire Police,North Yorkshire Police,-1.537174,54.004822,On or near Unity Close,E01027692,Harrogate 013E,Criminal damage and arson,Investigation complete; no suspect identified,
8cfca0f7726ea110f3588e617ebbd3ae75b29f43f4e56ed7d29b4ae7306f282c,2026-02,North Yorkshire Police,North Yorkshire Police,-1.537964,54.003701,On or near Back Dawson Terrace,E01027692,Harrogate 013E,Other theft,Investigation complete; no suspect identified,
fb64e5df3d65b77f7c5be527b05f56468c59e44f153348e467fb4ce1dcf555c0,2026-02,North Yorkshire Police,North Yorkshire Police,-1.539197,54.001216,On or near West Grove Road,E01027692,Harrogate 013E,Public order,Unable to prosecute suspect,
,2026-02,North Yorkshire Police,North Yorkshire Police,-1.531064,54.002695,On or near Woodfield Drive,E01027740,Harrogate 013F,Anti-social behaviour,,
,2026-02,North Yorkshire Police,North Yorkshire Police,-1.532342,54.002996,On or near Woodfield Gardens,E01027740,Harrogate 013F,Anti-social behaviour,,
,2026-02,North Yorkshire Police,North Yorkshire Police,-1.533029,54.002945,On or near Woodfield Grove,E01027740,Harrogate 013F,Anti-social behaviour,,
,2026-02,North Yorkshire Police,North Yorkshire Police,-1.526242,54.007333,On or near Sports/Recreation Area,E01027740,Harrogate 013F,Anti-social behaviour,,
1b8306c42a77ae9bd25bc49bbe06e01be982b612abb1258e3d5247a0be4f77b0,2026-02,North Yorkshire Police,North Yorkshire Police,-1.520948,54.008138,On or near Dene Park Close,E01027740,Harrogate 013F,Criminal damage and arson,Under investigation,
264eaacffad99ae78f271d2ddbd8b3ff9a5f215b3615dfc2353acfa8a5ed23ab,2026-02,North Yorkshire Police,North Yorkshire Police,-1.531064,54.002695,On or near Woodfield Drive,E01027740,Harrogate 013F,Criminal damage and arson,Under investigation,
6c0a5122a10a71058a3996778f95dc2e21aceb359917972af091cf4e886f0120,2026-02,North Yorkshire Police,North Yorkshire Police,-1.532342,54.002996,On or near Woodfield Gardens,E01027740,Harrogate 013F,Criminal damage and arson,Under investigation,
e8dd560c2584ff7586d75f6ba02995c1ff72d6c56d49c1ba7cc15b1732a955ae,2026-02,North Yorkshire Police,North Yorkshire Police,-1.530156,54.002053,On or near Fox Court,E01027740,Harrogate 013F,Criminal damage and arson,Under investigation,
d14b1b0d0940741fa95dd69c8a1763719dc06a3aad4a81f6e870729c2b6ed557,2026-02,North Yorkshire Police,North Yorkshire Police,-1.531064,54.002695,On or near Woodfield Drive,E01027740,Harrogate 013F,Public order,Under investigation,
22091a9c98df652668c2b2364f017944f92fce5b365d4582d46fb5069fccb28c,2026-02,North Yorkshire Police,North Yorkshire Police,-1.529765,54.002941,On or near Woodfield Place,E01027740,Harrogate 013F,Vehicle crime,Investigation complete; no suspect identified,
0d3d7dac2cb92483db32118048effad84d05d82acc88fb80dabefb52dd2c4800,2026-02,North Yorkshire Police,North Yorkshire Police,-1.523158,54.006996,On or near Dene Park,E01027740,Harrogate 013F,Violence and sexual offences,Under investigation,
9d580f4ab940410077ff765e5b0051790f904082c0483236b9cb50de90ff1100,2026-02,North Yorkshire Police,North Yorkshire Police,-1.533029,54.002945,On or near Woodfield Grove,E01027740,Harrogate 013F,Violence and sexual offences,Under investigation,
2486eaaf651fa100e594cf2c6fc74eaf49bfb4d42380ccde01a0a8a34c970c6b,2026-02,North Yorkshire Police,North Yorkshire Police,-1.529602,54.005143,On or near Elm Road,E01027740,Harrogate 013F,Violence and sexual offences,Under investigation,
c2924ebb1d5c8b5bd52aebfa95687e4b13073c46c645195e8cdd30d5234a8d50,2026-02,North Yorkshire Police,North Yorkshire Police,-1.529602,54.005143,On or near Elm Road,E01027740,Harrogate 013F,Violence and sexual offences,Investigation complete; no suspect identified,
0658cf5142fe4c8dfaabbd01cf5ab4eaf7891c23002aaf392e36281c1d3007c4,2026-02,North Yorkshire Police,North Yorkshire Police,-1.524376,54.007216,On or near Woodfield Road,E01027740,Harrogate 013F,Violence and sexual offences,Under investigation,
f4f563ff302da0d8de5e8b7f72f1092f0f4b8ae8c81b1d92d618fee2459aa034,2026-02,North Yorkshire Police,North Yorkshire Police,-1.507828,53.997614,On or near Nightingale Drive,E01027648,Harrogate 014A,Violence and sexual offences,Unable to prosecute suspect,
,2026-02,North Yorkshire Police,North Yorkshire Police,-1.510804,53.996143,On or near Supermarket,E01027650,Harrogate 014B,Anti-social behaviour,,
e78f75c90fd994e4aca485baa9875d947cffa1dcbbe4687ff8906c921e0de02f,2026-02,North Yorkshire Police,North Yorkshire Police,-1.510199,53.998352,On or near Kendal Road,E01027650,Harrogate 014B,Burglary,Under investigation,
4ce449257d6161006c3cc32749ebeb683a41a085a275b7a5370a68980f521cfc,2026-02,North Yorkshire Police,North Yorkshire Police,-1.514429,53.996589,On or near Leyland Road,E01027650,Harrogate 014B,Criminal damage and arson,Under investigation,
c17b711601999a654c5c9429b4d36a6c68689a0456b5a7fadb12c0b7d06ca8d9,2026-02,North Yorkshire Police,North Yorkshire Police,-1.510245,53.999637,On or near Coniston Road,E01027650,Harrogate 014B,Criminal damage and arson,Investigation complete; no suspect identified,
780a6488aa8bba15a9a411088ce3e287cc3f0ad6b774805827088723fde237d5,2026-02,North Yorkshire Police,North Yorkshire Police,-1.514429,53.996589,On or near Leyland Road,E01027650,Harrogate 014B,Criminal damage and arson,Under investigation,
9990695a597456125bfc269daf8723b3b42ffd8dd49f5702a622c5f9f22f7a8f,2026-02,North Yorkshire Police,North Yorkshire Police,-1.510804,53.996143,On or near Supermarket,E01027650,Harrogate 014B,Public order,Under investigation,
609bfb682fd0d4cff941ec2ae3cea4f42e0215d10804c83a22d78ed15f1cad9e,2026-02,North Yorkshire Police,North Yorkshire Police,-1.510804,53.996143,On or near Supermarket,E01027650,Harrogate 014B,Public order,Under investigation,
9bcb90202ee5f7508028bf51faa8d6340ee3c289f987dca13fa5ccf3a6b702a5,2026-02,North Yorkshire Police,North Yorkshire Police,-1.510804,53.996143,On or near Supermarket,E01027650,Harrogate 014B,Shoplifting,Investigation complete; no suspect identified,
0f8883199f4a949dea594a2d77cc9e9639b55dfba8373c60825a3b1a1758bbc5,2026-02,North Yorkshire Police,North Yorkshire Police,-1.510804,53.996143,On or near Supermarket,E01027650,Harrogate 014B,Shoplifting,Under investigation,
643e142a1c0f2b693f3f49541242bda5d8d27080df42583555028e07f7cbfebd,2026-02,North Yorkshire Police,North Yorkshire Police,-1.510804,53.996143,On or near Supermarket,E01027650,Harrogate 014B,Shoplifting,Awaiting court outcome,
f71d26b218e41fb7207af5119757033a17f2fe780dc6387eb66bc580603f6162,2026-02,North Yorkshire Police,North Yorkshire Police,-1.510804,53.996143,On or near Supermarket,E01027650,Harrogate 014B,Shoplifting,Investigation complete; no suspect identified,
543149b6b5af85aae61ea90ef064eed876726de39fdf8706b28787025a14cfc5,2026-02,North Yorkshire Police,North Yorkshire Police,-1.510804,53.996143,On or near Supermarket,E01027650,Harrogate 014B,Shoplifting,Under investigation,
2b81aebe4ec1ed68f4aa1c239f86439da3ecb090b8eaf0e2a804a8912453b0e7,2026-02,North Yorkshire Police,North Yorkshire Police,-1.514453,53.994567,On or near St Andrew'S Street,E01027650,Harrogate 014B,Vehicle crime,Under investigation,
37ef5b487f7f6966fdf7664c82776bb4948e9e8951999e40fe72a3bb882124e9,2026-02,North Yorkshire Police,North Yorkshire Police,-1.512197,53.997083,On or near Malden Road,E01027650,Harrogate 014B,Violence and sexual offences,Under investigation,
5238250d2ddc5db6be8793a4020090c0f02f6e2556bf05f4b0475b7e4fb439e9,2026-02,North Yorkshire Police,North Yorkshire Police,-1.510804,53.996143,On or near Supermarket,E01027650,Harrogate 014B,Violence and sexual offences,Under investigation,
81ce68d5ba30b0993bfa010fbc5c4bf0269fc36c2be8e0b70f82f7fa065db484,2026-02,North Yorkshire Police,North Yorkshire Police,-1.510877,53.999037,On or near Kirkstone Road,E01027650,Harrogate 014B,Violence and sexual offences,Under investigation,
,2026-02,North Yorkshire Police,North Yorkshire Police,-1.493321,54.002578,On or near Millfield Glade,E01027726,Harrogate 014C,Anti-social behaviour,,
,2026-02,North Yorkshire Police,North Yorkshire Police,-1.504856,54.003803,On or near Rowan Close,E01027726,Harrogate 014C,Anti-social behaviour,,
4bdd719bd3ac32dd1c384fcb185c5a4b577d97c9ba3013f01f01ef7d62a54d85,2026-02,North Yorkshire Police,North Yorkshire Police,-1.493321,54.002578,On or near Millfield Glade,E01027726,Harrogate 014C,Criminal damage and arson,Under investigation,
09a372d4064c1ce43eaf7cb70e0a41ef71a406c69b46aab24d0f2fb677d61b5f,2026-02,North Yorkshire Police,North Yorkshire Police,-1.493321,54.002578,On or near Millfield Glade,E01027726,Harrogate 014C,Criminal damage and arson,Under investigation,
cfe299bf3ecfb6955ea0d334a4e67952af0a252310090413cb3ecb8a0f3b134a,2026-02,North Yorkshire Police,North Yorkshire Police,-1.493321,54.002578,On or near Millfield Glade,E01027726,Harrogate 014C,Criminal damage and arson,Unable to prosecute suspect,
33812e4e03c8f3286e59f5b514b22b0913d79a1b8726a57a7dca276bb0f18980,2026-02,North Yorkshire Police,North Yorkshire Police,-1.497254,54.001597,On or near Avenue Close,E01027726,Harrogate 014C,Other theft,Investigation complete; no suspect identified,
d13f7f56be4fa8cdb87a61e7bcabce61687ee71f96a5dd767e7b34a8ef06f345,2026-02,North Yorkshire Police,North Yorkshire Police,-1.493321,54.002578,On or near Millfield Glade,E01027726,Harrogate 014C,Public order,Investigation complete; no suspect identified,
3cecf080cec1863fef231fda594afb9644b0c8a470c2f0a747ca76f177ddf340,2026-02,North Yorkshire Police,North Yorkshire Police,-1.504856,54.003803,On or near Rowan Close,E01027726,Harrogate 014C,Public order,Under investigation,
c11c9ffcf2b2834498e0218e326e283e50d59ee6ccfa40dec061d28e1acc4243,2026-02,North Yorkshire Police,North Yorkshire Police,-1.502109,54.003819,On or near Allotment Gardens,E01027726,Harrogate 014C,Public order,Under investigation,
4ada13169228ee17467945fc5758be8149825736fb1c6c403adf19d326e2e5c9,2026-02,North Yorkshire Police,North Yorkshire Police,-1.493321,54.002578,On or near Millfield Glade,E01027726,Harrogate 014C,Violence and sexual offences,Under investigation,
4bf5b825c83f1fe142c100fd5f411f9b185474797fc70811e8f71a2d1aae1d39,2026-02,North Yorkshire Police,North Yorkshire Police,-1.507505,54.003005,On or near Beckside Close,E01027727,Harrogate 014D,Other theft,Investigation complete; no suspect identified,
e1e650c5b26b033e2756d7d5da963f5e170be244a838fce0efd7ea66f87c04da,2026-02,North Yorkshire Police,North Yorkshire Police,-1.504570,53.997043,On or near Petrol Station,E01027727,Harrogate 014D,Other theft,Under investigation,
1c30259bb257f87cc3196f858f2703d119778969502fccc50b72bdf23847262c,2026-02,North Yorkshire Police,North Yorkshire Police,-1.504570,53.997043,On or near Petrol Station,E01027727,Harrogate 014D,Shoplifting,Investigation complete; no suspect identified,
df220bff941046802a6f5b2626892dbec3a4f67837c86717613adc967d31417b,2026-02,North Yorkshire Police,North Yorkshire Police,-1.507505,54.003005,On or near Beckside Close,E01027727,Harrogate 014D,Violence and sexual offences,Under investigation,
b7c2efde46e2edb0cc79f9e6beef3741cdf2775eb83178f9cd6fda94a6502654,2026-02,North Yorkshire Police,North Yorkshire Police,-1.500657,53.998950,On or near Starbeck,E01027727,Harrogate 014D,Violence and sexual offences,Under investigation,
f7bede57a32e94e55e743b9241ad442d51d5a9bd942b3c0e6e758212b706e98a,2026-02,North Yorkshire Police,North Yorkshire Police,-1.493531,54.000404,On or near Wentworth Drive,E01027728,Harrogate 014E,Burglary,Investigation complete; no suspect identified,
b5edd63e3a7a3399ad234b95eea2e0f83fd2b4e7efce1523a3a9c41699dc98c7,2026-02,North Yorkshire Police,North Yorkshire Police,-1.494016,53.998150,On or near Forest Close,E01027728,Harrogate 014E,Violence and sexual offences,Under investigation,
,2026-02,North Yorkshire Police,North Yorkshire Police,-1.498091,53.997942,On or near Spa Lane,E01027729,Harrogate 014F,Anti-social behaviour,,
5884771d350455bf4026c7b5099806c15c38610202ce54e124dc4b02a8b1c9fa,2026-02,North Yorkshire Police,North Yorkshire Police,-1.498707,53.998745,On or near Spa Terrace,E01027729,Harrogate 014F,Robbery,Under investigation,
50a143353ef1908d22781f50b4a5ce5f08bde513a014f1c2d34aa1a36048ba28,2026-02,North Yorkshire Police,North Yorkshire Police,-1.498707,53.998745,On or near Spa Terrace,E01027729,Harrogate 014F,Shoplifting,Under investigation,
0e01c0bcda99c450d757c17d26e66a6aff37f9ac8e67fe82a04e78dc44ce09d6,2026-02,North Yorkshire Police,North Yorkshire Police,-1.498707,53.998745,On or near Spa Terrace,E01027729,Harrogate 014F,Shoplifting,Investigation complete; no suspect identified,
f892b3ab1ee961638358c2be5cd79d5d843f33e8f32a4777782d43785701c55f,2026-02,North Yorkshire Police,North Yorkshire Police,-1.499777,53.996062,On or near Prospect Road,E01027729,Harrogate 014F,Vehicle crime,Under investigation,
fc7a35aadc7bd31590f8c0f56c70fc6f2d8b8d87c99b7767f502679a3c8820e3,2026-02,North Yorkshire Police,North Yorkshire Police,-1.501299,53.996338,On or near Avenue Street,E01027729,Harrogate 014F,Violence and sexual offences,Unable to prosecute suspect,
9d7a53acb6dea29edc95403f078ed6ae5a12cfd4acdd79c7ca240d862e2c04b5,2026-02,North Yorkshire Police,North Yorkshire Police,-1.501462,53.996752,On or near Avenue Place,E01027729,Harrogate 014F,Violence and sexual offences,Unable to prosecute suspect,
d73cde431d0b7ce5b0911f2cec0558262e7904266b848736039942095222f270,2026-02,North Yorkshire Police,North Yorkshire Police,-1.498749,53.996534,On or near Sycamore Drive,E01027729,Harrogate 014F,Violence and sexual offences,Under investigation,
,2026-02,North Yorkshire Police,North Yorkshire Police,-1.552149,53.988422,On or near Cliffe Road,E01027652,Harrogate 015A,Anti-social behaviour,,
4f217845b207afdac381ede4d19c27bf50433186e8a6024f84aadca0075086d6,2026-02,North Yorkshire Police,North Yorkshire Police,-1.557782,53.990788,On or near Cornwall Road,E01027652,Harrogate 015A,Other theft,Investigation complete; no suspect identified,
7f885cb1130f6c074acf5660d6736c80aab307034e452feb0dedfad88f8bd57e,2026-02,North Yorkshire Police,North Yorkshire Police,-1.551593,53.987683,On or near West Cliffe Grove,E01027652,Harrogate 015A,Violence and sexual offences,Under investigation,
cfb7eb8684f967c324b1b9943fa7d6ffbac0855f44de6868618072cde8c65ee9,2026-02,North Yorkshire Police,North Yorkshire Police,-1.550410,53.988451,On or near Cold Bath Place,E01027652,Harrogate 015A,Violence and sexual offences,Under investigation,
,2026-02,North Yorkshire Police,North Yorkshire Police,-1.536187,53.996136,On or near Supermarket,E01027659,Harrogate 015C,Anti-social behaviour,,
,2026-02,North Yorkshire Police,North Yorkshire Police,-1.536187,53.996136,On or near Supermarket,E01027659,Harrogate 015C,Anti-social behaviour,,
71ca7ab285860f2125c6cd2238b588e6dc6951d3775d1abd66f77d8d74aac2df,2026-02,North Yorkshire Police,North Yorkshire Police,-1.534535,53.996489,On or near Petrol Station,E01027659,Harrogate 015C,Criminal damage and arson,Under investigation,
ef39c69b2b017201758f0b200ab2280b11b4bec6db4b3f5bce46427bbcb5bf57,2026-02,North Yorkshire Police,North Yorkshire Police,-1.531123,53.998776,On or near Mornington Crescent,E01027659,Harrogate 015C,Drugs,Under investigation,
fa4cb38bae20dd081fab884e438b7f0cf4b5300408abba9b817221587b2c83be,2026-02,North Yorkshire Police,North Yorkshire Police,-1.529704,53.997441,On or near Westmoreland Street,E01027659,Harrogate 015C,Robbery,Under investigation,
3580475877b7abde41517d4e2f0757e5b9b9a5a2e35f6f1152337c33613e0998,2026-02,North Yorkshire Police,North Yorkshire Police,-1.533422,53.995145,On or near Hyde Park Road,E01027659,Harrogate 015C,Violence and sexual offences,Under investigation,
8b49ef2a973969b6995c80966cca504f712aa033de42312faf8226906f2f0b2c,2026-02,North Yorkshire Police,North Yorkshire Police,-1.534535,53.996489,On or near Petrol Station,E01027659,Harrogate 015C,Violence and sexual offences,Under investigation,
f62fac053b4d575b2b837468e42ab3abe9f1dac7388895e5f819a8546971637d,2026-02,North Yorkshire Police,North Yorkshire Police,-1.528944,53.997213,On or near Regent Parade,E01027659,Harrogate 015C,Violence and sexual offences,Under investigation,
3580475877b7abde41517d4e2f0757e5b9b9a5a2e35f6f1152337c33613e0998,2026-02,North Yorkshire Police,North Yorkshire Police,-1.533422,53.995145,On or near Hyde Park Road,E01027659,Harrogate 015C,Violence and sexual offences,Under investigation,
,2026-02,North Yorkshire Police,North Yorkshire Police,-1.543370,53.997619,On or near Springfield Avenue,E01027677,Harrogate 015D,Anti-social behaviour,,
,2026-02,North Yorkshire Police,North Yorkshire Police,-1.541525,53.997549,On or near Parking Area,E01027677,Harrogate 015D,Anti-social behaviour,,
8edbe0faa902861a5c9b8ff9253d443e5212fcf727f46d791df21fcd397d88a2,2026-02,North Yorkshire Police,North Yorkshire Police,-1.540195,53.999261,On or near King'S Road,E01027677,Harrogate 015D,Criminal damage and arson,Investigation complete; no suspect identified,
b8918f2e2c891a4f448f95a429285c764c73d54d7cc3e7f37056dba12e0e7631,2026-02,North Yorkshire Police,North Yorkshire Police,-1.538791,53.999318,On or near Franklin Mount,E01027677,Harrogate 015D,Criminal damage and arson,Unable to prosecute suspect,
9dfd354ee9acb619d044019e25c9c9133b7cf9a3a50c114093af9bde8ba88147,2026-02,North Yorkshire Police,North Yorkshire Police,-1.541525,53.997549,On or near Parking Area,E01027677,Harrogate 015D,Other theft,Under investigation,
6aa403bc92672d116b3bf948cc0092978c285b03369dedd283c2de9120b2865a,2026-02,North Yorkshire Police,North Yorkshire Police,-1.543370,53.997619,On or near Springfield Avenue,E01027677,Harrogate 015D,Public order,Under investigation,
f622fe4fb64883b2e21cdeacd3b5242da7e378ddd39e84687fd81ed50b835203,2026-02,North Yorkshire Police,North Yorkshire Police,-1.545810,53.999174,On or near Hollins Mews,E01027677,Harrogate 015D,Public order,Unable to prosecute suspect,
366c8303090fa6441167aa0852ef277fca5204d523fd05685e4119c9a615a66a,2026-02,North Yorkshire Police,North Yorkshire Police,-1.545503,53.997906,On or near Springfield Mews,E01027677,Harrogate 015D,Violence and sexual offences,Unable to prosecute suspect,
92ef100a65fe7e7e48b796a350dd6ecf1cab2abe06c7a755235797c911783bf3,2026-02,North Yorkshire Police,North Yorkshire Police,-1.545810,53.999174,On or near Hollins Mews,E01027677,Harrogate 015D,Violence and sexual offences,Under investigation,
792d78062aa62ae3f35bfeffda1e6687b454dd302122d018dfe03049da532b70,2026-02,North Yorkshire Police,North Yorkshire Police,-1.545810,53.999174,On or near Hollins Mews,E01027677,Harrogate 015D,Violence and sexual offences,Under investigation,
808e54b7bf17a08b4f286982c2f3202a3c5bbd457e0dbf99d5a2d8ea858ec762,2026-02,North Yorkshire Police,North Yorkshire Police,-1.545810,53.999174,On or near Hollins Mews,E01027677,Harrogate 015D,Violence and sexual offences,Under investigation,
57f431469a87f0416dbb14a232273ecd4101ec652e29173dd317ca42c80d948d,2026-02,North Yorkshire Police,North Yorkshire Police,-1.545810,53.999174,On or near Hollins Mews,E01027677,Harrogate 015D,Violence and sexual offences,Under investigation,
f9ab06bbbb6f5739714792f3760bfeb03548efac1bd415ee5618af4e41040c04,2026-02,North Yorkshire Police,North Yorkshire Police,-1.545810,53.999174,On or near Hollins Mews,E01027677,Harrogate 015D,Violence and sexual offences,Unable to prosecute suspect,
f896a893ef8ca8764ecea1be7753bffa059f4c7f54aa838126c0ebf7bcc1a013,2026-02,North Yorkshire Police,North Yorkshire Police,-1.545810,53.999174,On or near Hollins Mews,E01027677,Harrogate 015D,Violence and sexual offences,Unable to prosecute suspect,
8028297bebabd84ffa8ffea82d68c70cfd73dd4fd377eb6d4b9a3869ca649a30,2026-02,North Yorkshire Police,North Yorkshire Police,-1.545810,53.999174,On or near Hollins Mews,E01027677,Harrogate 015D,Violence and sexual offences,Unable to prosecute suspect,
d7942ca3429dc273ee56f2e1090049cd6d8b7d2267b5387a161e79decbc6d199,2026-02,North Yorkshire Police,North Yorkshire Police,-1.545810,53.999174,On or near Hollins Mews,E01027677,Harrogate 015D,Violence and sexual offences,Unable to prosecute suspect,
be06df2426c90099bd453f1c9ded16febb656c4d33d274199a9ebfc3db9192c3,2026-02,North Yorkshire Police,North Yorkshire Police,-1.545810,53.999174,On or near Hollins Mews,E01027677,Harrogate 015D,Violence and sexual offences,Unable to prosecute suspect,
c82a57066597ef1c968c309631b8e36a94f1d213f6fa6563f8ca1c167f5812e7,2026-02,North Yorkshire Police,North Yorkshire Police,-1.541525,53.997549,On or near Parking Area,E01027677,Harrogate 015D,Violence and sexual offences,Under investigation,
c108115972c7ee35578229f3adcc6cf92ec9921767cd3bf3e3267f3b26dca6aa,2026-02,North Yorkshire Police,North Yorkshire Police,-1.543370,53.997619,On or near Springfield Avenue,E01027677,Harrogate 015D,Violence and sexual offences,Under investigation,
147d254bf618b52b4ca6d8f65dd620e7db61245c2f5a0d2985f56bc313fbe38b,2026-02,North Yorkshire Police,North Yorkshire Police,-1.545810,53.999174,On or near Hollins Mews,E01027677,Harrogate 015D,Violence and sexual offences,Unable to prosecute suspect,
2759d65019fdb272599aedbf342b0fbc62aeac3ea2beeeb22db6d792d213083d,2026-02,North Yorkshire Police,North Yorkshire Police,-1.545810,53.999174,On or near Hollins Mews,E01027677,Harrogate 015D,Violence and sexual offences,Unable to prosecute suspect,
53053158910ca9f9016516c80b05adf3b3b0ef9f25e12a8553f535624b56e53a,2026-02,North Yorkshire Police,North Yorkshire Police,-1.541525,53.997549,On or near Parking Area,E01027677,Harrogate 015D,Violence and sexual offences,Under investigation,
4e443ae50af2f783e7716fbb673a4370ddf3b7bcd4963630a29c1e76e12c4260,2026-02,North Yorkshire Police,North Yorkshire Police,-1.545810,53.999174,On or near Hollins Mews,E01027677,Harrogate 015D,Violence and sexual offences,Unable to prosecute suspect,
d7c802e458878611d549317cabb8a41ddc12c12bcf6874ea7df20c2c9d68b68d,2026-02,North Yorkshire Police,North Yorkshire Police,-1.543370,53.997619,On or near Springfield Avenue,E01027677,Harrogate 015D,Violence and sexual offences,Under investigation,
5e6687a887f8e9f95be57b03f3e341b08dc24867affb3c871bf9efbf666a03bd,2026-02,North Yorkshire Police,North Yorkshire Police,-1.545810,53.999174,On or near Hollins Mews,E01027677,Harrogate 015D,Violence and sexual offences,Unable to prosecute suspect,
,2026-02,North Yorkshire Police,North Yorkshire Police,-1.537743,53.991953,On or near Station Parade,E01027678,Harrogate 015E,Anti-social behaviour,,
,2026-02,North Yorkshire Police,North Yorkshire Police,-1.544016,53.992984,On or near Montpellier Street,E01027678,Harrogate 015E,Anti-social behaviour,,
,2026-02,North Yorkshire Police,North Yorkshire Police,-1.546326,53.995150,On or near Swan Road,E01027678,Harrogate 015E,Anti-social behaviour,,
,2026-02,North Yorkshire Police,North Yorkshire Police,-1.539364,53.994368,On or near Ebenezer Terrace,E01027678,Harrogate 015E,Anti-social behaviour,,
,2026-02,North Yorkshire Police,North Yorkshire Police,-1.543093,53.993735,On or near Parliament Street,E01027678,Harrogate 015E,Anti-social behaviour,,
,2026-02,North Yorkshire Police,North Yorkshire Police,-1.542258,53.994721,On or near Cheltenham Road,E01027678,Harrogate 015E,Anti-social behaviour,,
,2026-02,North Yorkshire Police,North Yorkshire Police,-1.539364,53.994368,On or near Ebenezer Terrace,E01027678,Harrogate 015E,Anti-social behaviour,,
,2026-02,North Yorkshire Police,North Yorkshire Police,-1.537743,53.991953,On or near Station Parade,E01027678,Harrogate 015E,Anti-social behaviour,,
,2026-02,North Yorkshire Police,North Yorkshire Police,-1.543093,53.993735,On or near Parliament Street,E01027678,Harrogate 015E,Anti-social behaviour,,
,2026-02,North Yorkshire Police,North Yorkshire Police,-1.540277,53.994561,On or near Cheltenham Parade,E01027678,Harrogate 015E,Anti-social behaviour,,
,2026-02,North Yorkshire Police,North Yorkshire Police,-1.542258,53.994721,On or near Cheltenham Road,E01027678,Harrogate 015E,Anti-social behaviour,,
,2026-02,North Yorkshire Police,North Yorkshire Police,-1.543798,53.994745,On or near Nightclub,E01027678,Harrogate 015E,Anti-social behaviour,,
,2026-02,North Yorkshire Police,North Yorkshire Police,-1.541344,53.993226,On or near Cambridge Road,E01027678,Harrogate 015E,Anti-social behaviour,,
,2026-02,North Yorkshire Police,North Yorkshire Police,-1.537743,53.991953,On or near Station Parade,E01027678,Harrogate 015E,Anti-social behaviour,,
,2026-02,North Yorkshire Police,North Yorkshire Police,-1.542258,53.994721,On or near Cheltenham Road,E01027678,Harrogate 015E,Anti-social behaviour,,
be689b223afd72c5b34f3435ee34c4aa01768e3915d7f958b7e763f45b3efda6,2026-02,North Yorkshire Police,North Yorkshire Police,-1.541344,53.993226,On or near Cambridge Road,E01027678,Harrogate 015E,Burglary,Awaiting court outcome,
037866faaab7e1c05582863a3a8d798614fee08e13f61287fd4aee358d36f071,2026-02,North Yorkshire Police,North Yorkshire Police,-1.543798,53.994745,On or near Nightclub,E01027678,Harrogate 015E,Criminal damage and arson,Under investigation,
df2ce290fb20122d1ae7be54f2707ffc97d29b6cc2664b49d2d796d47461993f,2026-02,North Yorkshire Police,North Yorkshire Police,-1.538135,53.996503,On or near Strawberry Dale,E01027678,Harrogate 015E,Criminal damage and arson,Under investigation,
16ae787e89b313658ba7b76088696a749eb2b6d6ce468b39d934f4f2ac3cd74a,2026-02,North Yorkshire Police,North Yorkshire Police,-1.542459,53.994461,On or near Parking Area,E01027678,Harrogate 015E,Criminal damage and arson,Under investigation,
27f31fdab97474128f1779079631826c7c8a167541cbcfc4cc48a519aa3d04e8,2026-02,North Yorkshire Police,North Yorkshire Police,-1.537093,53.996966,On or near Nydd Vale Road,E01027678,Harrogate 015E,Criminal damage and arson,Investigation complete; no suspect identified,
260b2078cdb577a57b0d43f4be570f224510bdea3ccfa1110b026be04e45d36a,2026-02,North Yorkshire Police,North Yorkshire Police,-1.538032,53.993438,On or near Parking Area,E01027678,Harrogate 015E,Other theft,Investigation complete; no suspect identified,
b2de07c78f156c13e5844e6d26535bb0c4d85c9cf0082f925259a7792d525fab,2026-02,North Yorkshire Police,North Yorkshire Police,-1.539275,53.995474,On or near Commercial Street,E01027678,Harrogate 015E,Public order,Investigation complete; no suspect identified,
f18fa207d4df6251d03e744621f901a4a09a234c3638a522c544b59d9d8b8ba5,2026-02,North Yorkshire Police,North Yorkshire Police,-1.539275,53.995474,On or near Commercial Street,E01027678,Harrogate 015E,Public order,Under investigation,
7f1b33575b09a8e0f21bbf36c9c1e5be714cfc6ed7363980548e5ecb5536537c,2026-02,North Yorkshire Police,North Yorkshire Police,-1.538032,53.993438,On or near Parking Area,E01027678,Harrogate 015E,Public order,Under investigation,
f8b7d0dd94273022bbc6dd717fc99e47085339f9589307aca6c0406b416e1bb4,2026-02,North Yorkshire Police,North Yorkshire Police,-1.539772,53.993282,On or near Cambridge Place,E01027678,Harrogate 015E,Shoplifting,Under investigation,
0b2e2d0bd1ca8249e7580439b31e8f7067d85ebcf0a9d528e8fd7b2767e28498,2026-02,North Yorkshire Police,North Yorkshire Police,-1.539664,53.992015,On or near Princes Street,E01027678,Harrogate 015E,Shoplifting,Investigation complete; no suspect identified,
0c56320ba44676bf7140c57f9512ae4be2f070191039cdf84a468cc5acdc420e,2026-02,North Yorkshire Police,North Yorkshire Police,-1.543903,53.993577,On or near The Ginnel,E01027678,Harrogate 015E,Shoplifting,Investigation complete; no suspect identified,
fcd63473ed11f973934fb70ba6a8cc805b76a71c816e172e5b16463bb88936db,2026-02,North Yorkshire Police,North Yorkshire Police,-1.538891,53.993009,On or near Shopping Area,E01027678,Harrogate 015E,Shoplifting,Investigation complete; no suspect identified,
ae3ffe51fd09d38fbac536e62fa3ebb3880315f72dc6e1828b52e70ac2f3c2f8,2026-02,North Yorkshire Police,North Yorkshire Police,-1.539772,53.993282,On or near Cambridge Place,E01027678,Harrogate 015E,Shoplifting,Investigation complete; no suspect identified,
420ae10d5f385a50a6b746c192abb5378f7be5fadba849e4c8cc55996e6e6683,2026-02,North Yorkshire Police,North Yorkshire Police,-1.538891,53.993009,On or near Shopping Area,E01027678,Harrogate 015E,Shoplifting,Investigation complete; no suspect identified,
949464233542a7c180ceb21a421d2864cfa323a5d4d6ea75866eb278cfff03ea,2026-02,North Yorkshire Police,North Yorkshire Police,-1.537093,53.996966,On or near Nydd Vale Road,E01027678,Harrogate 015E,Vehicle crime,Investigation complete; no suspect identified,
aa641e6ef031240c4f07808253cf77130d3b989ca6008d5b56609fb42be80615,2026-02,North Yorkshire Police,North Yorkshire Police,-1.540994,53.995974,On or near Back Cheltenham Mount,E01027678,Harrogate 015E,Vehicle crime,Under investigation,
4553a4d3bcad790a87b7e74b99b7a10a965a913b32de3f3a0d5373fd9bb1deaa,2026-02,North Yorkshire Police,North Yorkshire Police,-1.540590,53.995227,On or near Granville Road,E01027678,Harrogate 015E,Violence and sexual offences,Under investigation,
15d242cb237a5d61f6f8548793c15e3bea44fd8677cf193a5283b2fb68420d4e,2026-02,North Yorkshire Police,North Yorkshire Police,-1.538304,53.992243,On or near Station Square,E01027678,Harrogate 015E,Violence and sexual offences,Under investigation,
d2529a863d4e7f994b42a375e6441fc041c5f175bd56160c1769c9c20a26dcbc,2026-02,North Yorkshire Police,North Yorkshire Police,-1.538304,53.992243,On or near Station Square,E01027678,Harrogate 015E,Violence and sexual offences,Under investigation,
f279fb717c9d78761ff33e72959309fa006e124ad45cbe97c6caa722063fae61,2026-02,North Yorkshire Police,North Yorkshire Police,-1.538304,53.992243,On or near Station Square,E01027678,Harrogate 015E,Violence and sexual offences,Under investigation,
072be7328eeaf85ec04c446bc5dc2781e38fcedb85c18d341175ca1a36e69efb,2026-02,North Yorkshire Police,North Yorkshire Police,-1.541344,53.993226,On or near Cambridge Road,E01027678,Harrogate 015E,Violence and sexual offences,Under investigation,
bbfc5e60ac4f7cec554b2ed3379e56166094c19571d9f11ec09e30b4f829cb0b,2026-02,North Yorkshire Police,North Yorkshire Police,-1.538891,53.993009,On or near Shopping Area,E01027678,Harrogate 015E,Violence and sexual offences,Under investigation,
c530176aaa3de42a74352f60fcf23f1dba7c445978afdda438501f9ffe8067fc,2026-02,North Yorkshire Police,North Yorkshire Police,-1.538135,53.996503,On or near Strawberry Dale,E01027678,Harrogate 015E,Violence and sexual offences,Under investigation,
03fc875bacd7e5954d05094791d4ac28b4c3a9557424dda484c400d8c5291eb8,2026-02,North Yorkshire Police,North Yorkshire Police,-1.539869,53.994253,On or near Northumberland Court,E01027678,Harrogate 015E,Violence and sexual offences,Under investigation,
3be6e4ff2682e4488d0b7be389e9c441844202ce8bf871341285398758d421a0,2026-02,North Yorkshire Police,North Yorkshire Police,-1.544016,53.992984,On or near Montpellier Street,E01027678,Harrogate 015E,Violence and sexual offences,Under investigation,
bbfc5e60ac4f7cec554b2ed3379e56166094c19571d9f11ec09e30b4f829cb0b,2026-02,North Yorkshire Police,North Yorkshire Police,-1.538891,53.993009,On or near Shopping Area,E01027678,Harrogate 015E,Violence and sexual offences,Under investigation,
5315328b1dc9285aff1bf3f1d7ff9e7a071f26cd787a73365021e3d42dbe3a1d,2026-02,North Yorkshire Police,North Yorkshire Police,-1.543903,53.993577,On or near The Ginnel,E01027678,Harrogate 015E,Violence and sexual offences,Unable to prosecute suspect,
dc19ab3b1c1911265d9526c4da6d5ebc569e1d7fafb01cc5769c9dc6f8bf03bb,2026-02,North Yorkshire Police,North Yorkshire Police,-1.543903,53.993577,On or near The Ginnel,E01027678,Harrogate 015E,Violence and sexual offences,Under investigation,
5315328b1dc9285aff1bf3f1d7ff9e7a071f26cd787a73365021e3d42dbe3a1d,2026-02,North Yorkshire Police,North Yorkshire Police,-1.543903,53.993577,On or near The Ginnel,E01027678,Harrogate 015E,Violence and sexual offences,Under investigation,
3e5830316531f47d9e2737cc27cc0a1f4595fd0fa3c1f7c11b993478b8a34f41,2026-02,North Yorkshire Police,North Yorkshire Police,-1.543903,53.993577,On or near The Ginnel,E01027678,Harrogate 015E,Violence and sexual offences,Unable to prosecute suspect,
bdf1a65b56eda6bd8bc913aa7d97a41a260e6b5e53ae419d41b86f05b7376c86,2026-02,North Yorkshire Police,North Yorkshire Police,-1.543903,53.993577,On or near The Ginnel,E01027678,Harrogate 015E,Violence and sexual offences,Under investigation,
1812488bad6a8b6c9eb06952b06c4ee3d2f1e70476768e3b8337da7f8003547c,2026-02,North Yorkshire Police,North Yorkshire Police,-1.544425,53.993228,On or near Montpellier Mews,E01027678,Harrogate 015E,Violence and sexual offences,Under investigation,
bee40370199b1833c6a69b99bbfced68e1af7ea301cf5843e8692d1e9dee7bbe,2026-02,North Yorkshire Police,North Yorkshire Police,-1.549527,53.991153,On or near Valley Drive,E01027680,Harrogate 015F,Burglary,Under investigation,
,2026-02,North Yorkshire Police,North Yorkshire Police,-1.293164,53.963477,On or near Lucas Grove South,E01027683,Harrogate 016A,Anti-social behaviour,,
35b25078eed639473765ae71d6c1d315c00f884dda5dc416c15a34193c0e9cd1,2026-02,North Yorkshire Police,North Yorkshire Police,-1.292024,53.964190,On or near Cowtail Lane,E01027683,Harrogate 016A,Violence and sexual offences,Under investigation,
6f085abf52cdc341ec61243bf817bc4530dc5d360a1a65425b87e68b9d710b74,2026-02,North Yorkshire Police,North Yorkshire Police,-1.279260,53.965372,On or near Kendal Gardens,E01027683,Harrogate 016A,Violence and sexual offences,Unable to prosecute suspect,
6812a31aeaaee32864fc9bd16fb3fb0422c9715d6151871bb300b5826528250c,2026-02,North Yorkshire Police,North Yorkshire Police,-1.289906,53.964141,On or near Bunting Drive,E01027683,Harrogate 016A,Violence and sexual offences,Under investigation,
,2026-02,North Yorkshire Police,North Yorkshire Police,-1.235702,53.953383,On or near Saddlers Way,E01027684,Harrogate 016B,Anti-social behaviour,,
690fda2c488d371aa198a9d3670135443c4d3cc82a3f6f145aca7cb03b0661b6,2026-02,North Yorkshire Police,North Yorkshire Police,-1.237303,53.952503,On or near Butt Hedge,E01027684,Harrogate 016B,Violence and sexual offences,Under investigation,
24cecd7df029407c06228ecbb602d47b3fa0d88267b59f66f79a9868851a73db,2026-02,North Yorkshire Police,North Yorkshire Police,-1.234376,53.951756,On or near Angram Road,E01027684,Harrogate 016B,Violence and sexual offences,Under investigation,
,2026-02,North Yorkshire Police,North Yorkshire Police,-1.323223,54.052729,On or near Branton Court,E01027695,Harrogate 016C,Anti-social behaviour,,
566941751cc372a2328fd87f60f18beac8e7b679d3f0e3f0a539cab19a585b0b,2026-02,North Yorkshire Police,North Yorkshire Police,-1.315237,54.050715,On or near Church Field Lane,E01027695,Harrogate 016C,Violence and sexual offences,Unable to prosecute suspect,
,2026-02,North Yorkshire Police,North Yorkshire Police,-1.297083,54.004956,On or near ,E01027696,Harrogate 016D,Anti-social behaviour,,
,2026-02,North Yorkshire Police,North Yorkshire Police,-1.303509,54.006697,On or near Boroughbridge Road,E01027696,Harrogate 016D,Anti-social behaviour,,
,2026-02,North Yorkshire Police,North Yorkshire Police,-1.303509,54.006697,On or near Boroughbridge Road,E01027696,Harrogate 016D,Anti-social behaviour,,
450689715583f73ed8ea4b6f4fef3a37aa5287a89c421cbcbb90976ecd280529,2026-02,North Yorkshire Police,North Yorkshire Police,-1.296821,54.004077,On or near ,E01027696,Harrogate 016D,Criminal damage and arson,Under investigation,
859923a699e03fb7f7aac179bc5d3cf976321d55fa3dbb1cd814065cefb6be0e,2026-02,North Yorkshire Police,North Yorkshire Police,-1.293700,54.029092,On or near Thorpe Green Lane,E01027696,Harrogate 016D,Possession of weapons,Under investigation,
859923a699e03fb7f7aac179bc5d3cf976321d55fa3dbb1cd814065cefb6be0e,2026-02,North Yorkshire Police,North Yorkshire Police,-1.293700,54.029092,On or near Thorpe Green Lane,E01027696,Harrogate 016D,Possession of weapons,Unable to prosecute suspect,
bbe6c25313c2559d9986d8e92929cf5d00c30474df0da3dcc040b8c8946d17ee,2026-02,North Yorkshire Police,North Yorkshire Police,-1.302676,54.003583,On or near Fairfax Mews,E01027696,Harrogate 016D,Violence and sexual offences,Under investigation,
bbe6c25313c2559d9986d8e92929cf5d00c30474df0da3dcc040b8c8946d17ee,2026-02,North Yorkshire Police,North Yorkshire Police,-1.302676,54.003583,On or near Fairfax Mews,E01027696,Harrogate 016D,Violence and sexual offences,Under investigation,
c45091076080276dac155cb546d63c53c081adfa12e4854e3030bf22403364b5,2026-02,North Yorkshire Police,North Yorkshire Police,-1.297773,54.032917,On or near Thorpe Green Lane,E01027696,Harrogate 016D,Other crime,Action to be taken by another organisation,
,2026-02,North Yorkshire Police,North Yorkshire Police,-1.351931,53.976679,On or near Hawthorn Grove,E01027703,Harrogate 016E,Anti-social behaviour,,
8c6e58871fc277b57aeaa258bb03a39e8de7dfa26c3146d02d93f7df8a18ec5e,2026-02,North Yorkshire Police,North Yorkshire Police,-1.393945,53.947715,On or near Main Street,E01027703,Harrogate 016E,Criminal damage and arson,Investigation complete; no suspect identified,
36099b9db42a51ea9dc0899a78bb88abfa1ad63934cd8ab6a5e9d10e348b90ff,2026-02,North Yorkshire Police,North Yorkshire Police,-1.393945,53.947715,On or near Main Street,E01027703,Harrogate 016E,Criminal damage and arson,Under investigation,
4bbaaeebea233f2c818274c6796698c7551e26300f31b5c2a9bf09b92160155c,2026-02,North Yorkshire Police,North Yorkshire Police,-1.364582,53.977915,On or near Park/Open Space,E01027703,Harrogate 016E,Criminal damage and arson,Unable to prosecute suspect,
fddc11cba7ed9dea2645e3bcff5217b0dfc760949b1b8918c5e7300dbde91fbb,2026-02,North Yorkshire Police,North Yorkshire Police,-1.356200,53.945990,On or near Montagu Way,E01027703,Harrogate 016E,Violence and sexual offences,Under investigation,
9c12d2cb20bf70498896e3744c85c7689498ef3d73d526effc2249ea83e88715,2026-02,North Yorkshire Police,North Yorkshire Police,-1.356200,53.945990,On or near Montagu Way,E01027703,Harrogate 016E,Violence and sexual offences,Under investigation,
b3ad8589bc0e1b580daaae809d84278bac3e6e65d810488d27f76a6a417d549b,2026-02,North Yorkshire Police,North Yorkshire Police,-1.364582,53.977915,On or near Park/Open Space,E01027703,Harrogate 016E,Violence and sexual offences,Unable to prosecute suspect,
a258a253d3d00aa2da97534733407ae292c7d6864354d716ef814ea473e094a8,2026-02,North Yorkshire Police,North Yorkshire Police,-1.391526,53.945321,On or near Wetherby Road,E01027703,Harrogate 016E,Other crime,Action to be taken by another organisation,
1e0a6d428189ee58b4be15b5aef61033672e3a4633212f8f99cc6a0a331088c9,2026-02,North Yorkshire Police,North Yorkshire Police,-1.499506,53.984887,On or near ,E01027660,Harrogate 017A,Shoplifting,Under investigation,
dcbebd44e08a38d0f1f2b71d27ac5a37b7d6f04ec15a06b3161bc9362a1eba55,2026-02,North Yorkshire Police,North Yorkshire Police,-1.501035,53.987798,On or near Rudbeck Close,E01027660,Harrogate 017A,Violence and sexual offences,Under investigation,
1fe2469c06f4fc41a6de79723987be061d70375d483c9c9ceddeda8465d996eb,2026-02,North Yorkshire Police,North Yorkshire Police,-1.501035,53.987798,On or near Rudbeck Close,E01027660,Harrogate 017A,Violence and sexual offences,Under investigation,
ac95e7f4c1f8251f03f9f536d2355fcc4be0a039e91171f532cd78f205da6d88,2026-02,North Yorkshire Police,North Yorkshire Police,-1.501035,53.987798,On or near Rudbeck Close,E01027660,Harrogate 017A,Violence and sexual offences,Under investigation,
,2026-02,North Yorkshire Police,North Yorkshire Police,-1.504918,53.990825,On or near Woodlands Drive,E01027661,Harrogate 017B,Anti-social behaviour,,
c259580a1253e4c2a0a75fd4ab25a3ccab059b4be76230cd628e0c2b79a8c971,2026-02,North Yorkshire Police,North Yorkshire Police,-1.503214,53.993029,On or near Woodlands Grove,E01027661,Harrogate 017B,Burglary,Under investigation,
611a732d2a846aeef31049d817a9b1718daf264aa0864ed88b5d1b3884b85c92,2026-02,North Yorkshire Police,North Yorkshire Police,-1.497508,53.985608,On or near Petrol Station,E01027661,Harrogate 017B,Shoplifting,Investigation complete; no suspect identified,
439f3f2271c043e0f17c07e77baedd1067ab6d19442203dc0398f76ce0bf8b3d,2026-02,North Yorkshire Police,North Yorkshire Police,-1.491740,53.988325,On or near Bowland Court,E01027661,Harrogate 017B,Violence and sexual offences,Action to be taken by another organisation,
853b1bb7442f82433242b422eff5c3dfee0bbc578b5b7382e82cebfc54c07ad9,2026-02,North Yorkshire Police,North Yorkshire Police,-1.491671,53.989017,On or near Dalby Avenue,E01027661,Harrogate 017B,Violence and sexual offences,Investigation complete; no suspect identified,
439f3f2271c043e0f17c07e77baedd1067ab6d19442203dc0398f76ce0bf8b3d,2026-02,North Yorkshire Police,North Yorkshire Police,-1.491740,53.988325,On or near Bowland Court,E01027661,Harrogate 017B,Violence and sexual offences,Under investigation,
99d27332a58a9922ff34687a7e5bc57af9fecd1e986a4b9825e269968991f7c4,2026-02,North Yorkshire Police,North Yorkshire Police,-1.491671,53.989017,On or near Dalby Avenue,E01027661,Harrogate 017B,Violence and sexual offences,Investigation complete; no suspect identified,
094722bec3c2243d696465492adae7e0ccb9de92d9d8e3ef99913c2eb348181d,2026-02,North Yorkshire Police,North Yorkshire Police,-1.518629,53.985587,On or near Apley Close,E01027662,Harrogate 017C,Public order,Under investigation,
5ddab8ac334372017dbd0ec5bc2ac239d8a4638afe858334b63bd6b3f69c6d72,2026-02,North Yorkshire Police,North Yorkshire Police,-1.521109,53.986145,On or near St Ronan'S Road,E01027662,Harrogate 017C,Public order,Under investigation,
15239e44b7052be9e0e68f827c0203cf0cf682f4f92adb1e91f9ab64ba187204,2026-02,North Yorkshire Police,North Yorkshire Police,-1.515329,53.987470,On or near St Leonard'S Road,E01027662,Harrogate 017C,Violence and sexual offences,Under investigation,
b6557fdaabb7baf1d1322f60c6c85d6c8488820e3c591401a87835bf7d78a37f,2026-02,North Yorkshire Police,North Yorkshire Police,-1.515329,53.987470,On or near St Leonard'S Road,E01027662,Harrogate 017C,Violence and sexual offences,Under investigation,
baf5f90cb6597ba0ee638d269050dc9138fc9e6c20b4842e898a640e24467347,2026-02,North Yorkshire Police,North Yorkshire Police,-1.515329,53.987470,On or near St Leonard'S Road,E01027662,Harrogate 017C,Violence and sexual offences,Under investigation,
0432a54caf117dc81b406acec51836a8e6a87dd58ca14a884efdc252a91cecf7,2026-02,North Yorkshire Police,North Yorkshire Police,-1.515329,53.987470,On or near St Leonard'S Road,E01027662,Harrogate 017C,Violence and sexual offences,Under investigation,
dbd544f672f082f1a520a2dbbf724cc1f9612d308bff57a1d1da6bf122a088ca,2026-02,North Yorkshire Police,North Yorkshire Police,-1.512727,53.988206,On or near Wayside Avenue,E01027662,Harrogate 017C,Violence and sexual offences,Investigation complete; no suspect identified,
dbd544f672f082f1a520a2dbbf724cc1f9612d308bff57a1d1da6bf122a088ca,2026-02,North Yorkshire Police,North Yorkshire Police,-1.512727,53.988206,On or near Wayside Avenue,E01027662,Harrogate 017C,Violence and sexual offences,Under investigation,
,2026-02,North Yorkshire Police,North Yorkshire Police,-1.492777,53.990837,On or near Delamere Crescent,E01027663,Harrogate 017D,Anti-social behaviour,,
b31928d456c02f661b0b46898e304003c52d00cdbfbf339e9a1fa4abd6cef18a,2026-02,North Yorkshire Police,North Yorkshire Police,-1.498717,53.992813,On or near Hookstone Grange Court,E01027663,Harrogate 017D,Shoplifting,Investigation complete; no suspect identified,
9bd4e0a037b229b59b5836d20d9b7328b3dc2247c80ee74a28f5854d53003154,2026-02,North Yorkshire Police,North Yorkshire Police,-1.498717,53.992813,On or near Hookstone Grange Court,E01027663,Harrogate 017D,Shoplifting,Investigation complete; no suspect identified,
8614710972a3a6caf291ea8bc8b0369800a3ca2cd717bddc06947b47ad7f3f35,2026-02,North Yorkshire Police,North Yorkshire Police,-1.527948,53.980132,On or near Hookstone Road,E01027697,Harrogate 017E,Violence and sexual offences,Under investigation,
c7286606775e1ec434bfc66866626ec6b641b1bd0afa9c95f3463bf0ec708ec6,2026-02,North Yorkshire Police,North Yorkshire Police,-1.528104,53.977041,On or near Birchwood Mews,E01027697,Harrogate 017E,Violence and sexual offences,Unable to prosecute suspect,
851f59607a994bc82f71a0c1d46dcfa32a3662e2c8338e955fcf796bcf06f2d8,2026-02,North Yorkshire Police,North Yorkshire Police,-1.527948,53.980132,On or near Hookstone Road,E01027697,Harrogate 017E,Violence and sexual offences,Unable to prosecute suspect,
092b571412b23de174301ebc92dde359e76407e740622ca847c8eece053cd33c,2026-02,North Yorkshire Police,North Yorkshire Police,-1.520097,53.991848,On or near Roslyn Road,E01027733,Harrogate 017F,Drugs,Under investigation,
e26e56662eb38343697ece575a2538b94eebb1524fe137a7d9df0a2f6561d314,2026-02,North Yorkshire Police,North Yorkshire Police,-1.520097,53.991848,On or near Roslyn Road,E01027733,Harrogate 017F,Drugs,Under investigation,
631e952b2fd30408c655fc9809f7a5eccb54683ab3e3ef01b70bf5fd8173ab44,2026-02,North Yorkshire Police,North Yorkshire Police,-1.520627,53.990871,On or near Supermarket,E01027733,Harrogate 017F,Shoplifting,Under investigation,
ac44721b00dc78579776de782de7fe0b24d8aa7c2b6f925925f5a60367f3ee4b,2026-02,North Yorkshire Police,North Yorkshire Police,-1.520627,53.990871,On or near Supermarket,E01027733,Harrogate 017F,Shoplifting,Investigation complete; no suspect identified,
9dfb610dd8ad264f2fd16b2def4eca54e43562a90e37efbd6b0fa3327b8c4a3b,2026-02,North Yorkshire Police,North Yorkshire Police,-1.520627,53.990871,On or near Supermarket,E01027733,Harrogate 017F,Shoplifting,Investigation complete; no suspect identified,
7f1b16d6520bbe1b0670074c0bb651bc3d253a193dde8909b21daa81ca05996d,2026-02,North Yorkshire Police,North Yorkshire Police,-1.524997,53.986206,On or near Further/Higher Educational Building,E01027733,Harrogate 017F,Violence and sexual offences,Under investigation,
aa0cd583d0b5ffff59dfa7f86cd9481d63a68b2e3c43597720741bc3edee9e91,2026-02,North Yorkshire Police,North Yorkshire Police,-1.524997,53.986206,On or near Further/Higher Educational Building,E01027733,Harrogate 017F,Violence and sexual offences,Under investigation,
,2026-02,North Yorkshire Police,North Yorkshire Police,-1.624452,54.034489,On or near Spring Court,E01027682,Harrogate 018A,Anti-social behaviour,,
53ebf0f7b657bdb95584385faa7681a5e39020af03da35c40f49a0daa85050e4,2026-02,North Yorkshire Police,North Yorkshire Police,-1.607355,54.045507,On or near Clint Garth,E01027682,Harrogate 018A,Public order,Under investigation,
3e7e783b490d1212be6a66f0f6e73d55099c918f421348c546bcc84724050c16,2026-02,North Yorkshire Police,North Yorkshire Police,-1.627489,54.034597,On or near Nidd Drive,E01027682,Harrogate 018A,Violence and sexual offences,Under investigation,
a3bd6ffc8a58f62f095a917ba1bda634ef1f5b4da2e985038afeb2444655a2b8,2026-02,North Yorkshire Police,North Yorkshire Police,-1.690910,54.032871,On or near Valley Road,E01027694,Harrogate 018B,Violence and sexual offences,Under investigation,
,2026-02,North Yorkshire Police,North Yorkshire Police,-1.576860,53.977411,On or near Parcevall Close,E01027734,Harrogate 018C,Anti-social behaviour,,
,2026-02,North Yorkshire Police,North Yorkshire Police,-1.565680,53.970469,On or near Lady Lane,E01027734,Harrogate 018C,Anti-social behaviour,,
,2026-02,North Yorkshire Police,North Yorkshire Police,-1.627899,53.937225,On or near Braythorne Lane,E01027734,Harrogate 018C,Anti-social behaviour,,
5710961d152673a7558288ef7481e7dc25ea5db76ab791529c9eb778b23acff7,2026-02,North Yorkshire Police,North Yorkshire Police,-1.627899,53.937225,On or near Braythorne Lane,E01027734,Harrogate 018C,Burglary,Investigation complete; no suspect identified,
38648c8edea76e56ca4e55c2b17101579e331fce70cce729558789c6754c3913,2026-02,North Yorkshire Police,North Yorkshire Police,-1.576860,53.977411,On or near Parcevall Close,E01027734,Harrogate 018C,Violence and sexual offences,Under investigation,
25cbb1fcd246b8587a7d08736080e2c98ad1dfdd74a8f8be34ece025bcd521b4,2026-02,North Yorkshire Police,North Yorkshire Police,-1.576860,53.977411,On or near Parcevall Close,E01027734,Harrogate 018C,Violence and sexual offences,Unable to prosecute suspect,
a4b9dfec51396c0f1a652ce1f3d85e4652085d7971c74176402f32943dfbad43,2026-02,North Yorkshire Police,North Yorkshire Police,-1.627899,53.937225,On or near Braythorne Lane,E01027734,Harrogate 018C,Other crime,Investigation complete; no suspect identified,
a3013905e78fe43b3ccf2dccafd1d047acd4c80a7c9210e7c3293f6532c63388,2026-02,North Yorkshire Police,North Yorkshire Police,-1.576757,53.977132,On or near Skampston Drive,E01027734,Harrogate 018C,Other crime,Under investigation,
83cfaa3e4e8849f0c1d6489d9feefd2428fc9bc77619fce8de667abbb3b9eb90,2026-02,North Yorkshire Police,North Yorkshire Police,-1.593157,53.972983,On or near Otley Road,E01027734,Harrogate 018C,Other crime,Under investigation,
44491465143d9f38da12cdeffbeea47a203fd0265f73020b8cbd87a71e989cc4,2026-02,North Yorkshire Police,North Yorkshire Police,-1.842631,53.948995,On or near Hardings Lane,E01027735,Harrogate 018D,Other theft,Under investigation,
57985ef30cb347e9798c4d1d9d6c0f2e102bfbd4876e2c6059ca465261d410d2,2026-02,North Yorkshire Police,North Yorkshire Police,-1.741511,53.972791,On or near Sourby Lane,E01027735,Harrogate 018D,Other theft,Under investigation,
,2026-02,North Yorkshire Police,North Yorkshire Police,-1.537158,53.993848,On or near Parking Area,E01027656,Harrogate 019A,Anti-social behaviour,,
64e98d2d1dbc58ddb3b1a1d9bccd1c1c8bd64777f3466126c33bf6477a869ef8,2026-02,North Yorkshire Police,North Yorkshire Police,-1.537158,53.993848,On or near Parking Area,E01027656,Harrogate 019A,Bicycle theft,Under investigation,
b0e5835896793d6ae5fa311ee0bad08eb29d213a864480cad1350b3f422d0a21,2026-02,North Yorkshire Police,North Yorkshire Police,-1.533307,53.991721,On or near Police Station,E01027656,Harrogate 019A,Criminal damage and arson,Under investigation,
f4b0f88c630e20638449c74942ce436996d750c8403332a1ad022a41a24f8f0e,2026-02,North Yorkshire Police,North Yorkshire Police,-1.530494,53.996437,On or near Mowbray Square,E01027656,Harrogate 019A,Other theft,Unable to prosecute suspect,
9a9ad546338631214dfc4224abab21801b6fef0e4313164fab8d36c5640ebb6f,2026-02,North Yorkshire Police,North Yorkshire Police,-1.536381,53.995121,On or near Haywra Street,E01027656,Harrogate 019A,Vehicle crime,Investigation complete; no suspect identified,
,2026-02,North Yorkshire Police,North Yorkshire Police,-1.541973,53.992904,On or near Cambridge Crescent,E01027679,Harrogate 019B,Anti-social behaviour,,
,2026-02,North Yorkshire Police,North Yorkshire Police,-1.549015,53.989084,On or near Cold Bath Road,E01027679,Harrogate 019B,Anti-social behaviour,,
8885b503029820388fef493b613c726898e3083df5c2906daaf4d3a0932041c0,2026-02,North Yorkshire Police,North Yorkshire Police,-1.541973,53.992904,On or near Cambridge Crescent,E01027679,Harrogate 019B,Criminal damage and arson,Awaiting court outcome,
e7677c91d37e474e2860684b4b395fbcb925bd71c6b3ccbc5d77e1b8b9ca1c94,2026-02,North Yorkshire Police,North Yorkshire Police,-1.548584,53.989442,On or near Somerset Road,E01027679,Harrogate 019B,Other theft,Investigation complete; no suspect identified,
45f6ffedf27ef559d83c897c17fc093c7fadbf17f4b29b6d6c848596ae82a158,2026-02,North Yorkshire Police,North Yorkshire Police,-1.541973,53.992904,On or near Cambridge Crescent,E01027679,Harrogate 019B,Other theft,Under investigation,
17c00bae201a4b46c22a01faee9d3fd2c488739a0ac62b7d6645be515167531f,2026-02,North Yorkshire Police,North Yorkshire Police,-1.540493,53.988836,On or near A61,E01027679,Harrogate 019B,Public order,Investigation complete; no suspect identified,
55ae4f726abe3757a87c03673f4ab5de6f87612dae89d95e2d3f9f116b02cf0e,2026-02,North Yorkshire Police,North Yorkshire Police,-1.548584,53.989442,On or near Somerset Road,E01027679,Harrogate 019B,Shoplifting,Investigation complete; no suspect identified,
d7c74658c4d5bcccd50290638efcddd54cd4ec4aad027e716876d762ab137b58,2026-02,North Yorkshire Police,North Yorkshire Police,-1.548584,53.989442,On or near Somerset Road,E01027679,Harrogate 019B,Shoplifting,Under investigation,
b658f09f43dbcc201b14070a53d7d24cb9e5df40b7b670e6b6dedce8c5c1c78a,2026-02,North Yorkshire Police,North Yorkshire Police,-1.548584,53.989442,On or near Somerset Road,E01027679,Harrogate 019B,Shoplifting,Investigation complete; no suspect identified,
886efcc8eb5f70c057890b7563d2865ebc04cb4f158443e47d056aeae5a72e76,2026-02,North Yorkshire Police,North Yorkshire Police,-1.541108,53.989755,On or near West Park Street,E01027679,Harrogate 019B,Shoplifting,Investigation complete; no suspect identified,
e63b95f696915fa7de10136c6e6fce3c68512b69d38baf699688dbcf53ee4c0c,2026-02,North Yorkshire Police,North Yorkshire Police,-1.548584,53.989442,On or near Somerset Road,E01027679,Harrogate 019B,Shoplifting,Under investigation,
2be6477297f446a0747a13de96309bb8e618c2b94a845f37bea0145ed87b1506,2026-02,North Yorkshire Police,North Yorkshire Police,-1.539505,53.992670,On or near Market Place,E01027679,Harrogate 019B,Shoplifting,Investigation complete; no suspect identified,
73c8b0a7fc0cd3ca74241310f8882ac77275656f6532171525f8d60cb90de573,2026-02,North Yorkshire Police,North Yorkshire Police,-1.548060,53.988550,On or near Duchy Avenue,E01027679,Harrogate 019B,Vehicle crime,Unable to prosecute suspect,
a880c29fffc3c7541ebc3eb7206c89dc26ce877551e430fee7535cc9fcab401d,2026-02,North Yorkshire Police,North Yorkshire Police,-1.543932,53.990899,On or near Oak Terrace,E01027679,Harrogate 019B,Vehicle crime,Investigation complete; no suspect identified,
509b0fe13c52453b2ae2d0b1b17de69cc9c1c157794d74617468d2302ac69345,2026-02,North Yorkshire Police,North Yorkshire Police,-1.541973,53.992904,On or near Cambridge Crescent,E01027679,Harrogate 019B,Violence and sexual offences,Awaiting court outcome,
b36b33b6bbc2516a925c876bad246141a08f7abdf08c6f3488723cc42d6b9d90,2026-02,North Yorkshire Police,North Yorkshire Police,-1.541973,53.992904,On or near Cambridge Crescent,E01027679,Harrogate 019B,Violence and sexual offences,Unable to prosecute suspect,
d871a64b6e389b97d2a1734da8c80febde6912a2ee0f7912258b7a497dee579d,2026-02,North Yorkshire Police,North Yorkshire Police,-1.541973,53.992904,On or near Cambridge Crescent,E01027679,Harrogate 019B,Violence and sexual offences,Awaiting court outcome,
f872e6eb34b31d678d5e6d8d4616afe664c34171f9b7c8afd8d115c43666654b,2026-02,North Yorkshire Police,North Yorkshire Police,-1.541973,53.992904,On or near Cambridge Crescent,E01027679,Harrogate 019B,Violence and sexual offences,Unable to prosecute suspect,
20e7900a10f788d74a0fe409b1073da9ca764a8a65ab89669b5f664ffb75cbaa,2026-02,North Yorkshire Police,North Yorkshire Police,-1.541973,53.992904,On or near Cambridge Crescent,E01027679,Harrogate 019B,Violence and sexual offences,Awaiting court outcome,
a0be5ac3955df7ea85824765eb10263a87f3d4d908e66c0a494c8bc5ad3c5512,2026-02,North Yorkshire Police,North Yorkshire Police,-1.541973,53.992904,On or near Cambridge Crescent,E01027679,Harrogate 019B,Violence and sexual offences,Under investigation,
375ccc876ad10972f4894f55787c4a7fe0b5c33f9712ec218453e2b472db4261,2026-02,North Yorkshire Police,North Yorkshire Police,-1.533671,53.976901,On or near Leeds Road,E01027731,Harrogate 019D,Other theft,Investigation complete; no suspect identified,
2683f300f9a348991ed7b3b0ab52a0e13011b0f9cf47e5c2d0dfd0a1e69dcc6a,2026-02,North Yorkshire Police,North Yorkshire Police,-1.533889,53.977891,On or near Supermarket,E01027731,Harrogate 019D,Shoplifting,Investigation complete; no suspect identified,
020d368a4dda8bfa95dadcdf1ef18cc8fc2eec4c7c161f3bc71d0cb761594532,2026-02,North Yorkshire Police,North Yorkshire Police,-1.533311,53.979084,On or near Mount Street,E01027731,Harrogate 019D,Shoplifting,Under investigation,
20aeac0d43d672a5a5883d396d3c62c7fce48513cea83c101f8bc83e02b280ef,2026-02,North Yorkshire Police,North Yorkshire Police,-1.537845,53.979964,On or near Wensley Grove,E01027731,Harrogate 019D,Violence and sexual offences,Unable to prosecute suspect,
3a614d8cf7c063e776f54602582e4e6f3077d60ff8c3b66aeee4d3354c027566,2026-02,North Yorkshire Police,North Yorkshire Police,-1.531774,53.985639,On or near Stray Walk,E01027732,Harrogate 019E,Violence and sexual offences,Under investigation,
,2026-02,North Yorkshire Police,North Yorkshire Police,-1.569271,53.980054,On or near Magnolia Place,E01027653,Harrogate 020A,Anti-social behaviour,,
,2026-02,North Yorkshire Police,North Yorkshire Police,-1.559739,53.984576,On or near Beech Close,E01027653,Harrogate 020A,Anti-social behaviour,,
,2026-02,North Yorkshire Police,North Yorkshire Police,-1.566639,53.982399,On or near Freesia Close,E01027653,Harrogate 020A,Anti-social behaviour,,
e553492ca020ae48584491623a9f9f5dfb6fecdb93c9e380620c0643918208df,2026-02,North Yorkshire Police,North Yorkshire Police,-1.569271,53.980054,On or near Magnolia Place,E01027653,Harrogate 020A,Criminal damage and arson,Under investigation,
62fec2fe039184899e687f26e3ce4e79e3db50cba366177d57b2b93ffe7fa1d8,2026-02,North Yorkshire Police,North Yorkshire Police,-1.559739,53.984576,On or near Beech Close,E01027653,Harrogate 020A,Public order,Under investigation,
9b4a2ef057b99956dbd2cd9f9e5ca7c31a22e86c701e1c1cc5ea729112a02bcf,2026-02,North Yorkshire Police,North Yorkshire Police,-1.550823,53.984103,On or near Supermarket,E01027653,Harrogate 020A,Shoplifting,Under investigation,
3c333bf8ccc45435d62dd86d9aafc39d2eea6081952f56394a6faeda01280b3d,2026-02,North Yorkshire Police,North Yorkshire Police,-1.558971,53.985077,On or near Morel Grove,E01027653,Harrogate 020A,Vehicle crime,Investigation complete; no suspect identified,
5dc9760d13c6abac2ffecffca545aaf6c8818ee73bdd6dc7c6e39c6075b17c90,2026-02,North Yorkshire Police,North Yorkshire Police,-1.559739,53.984576,On or near Beech Close,E01027653,Harrogate 020A,Vehicle crime,Investigation complete; no suspect identified,
858d33d31554d950eede5cd2071d0cb95bbcd67c28b081a80fbc277b4c8f8e70,2026-02,North Yorkshire Police,North Yorkshire Police,-1.559739,53.984576,On or near Beech Close,E01027653,Harrogate 020A,Vehicle crime,Unable to prosecute suspect,
15e74470f677c6767ca24bf133bc2645bfe9d092959cf8bac7147cc3978baad6,2026-02,North Yorkshire Police,North Yorkshire Police,-1.559739,53.984576,On or near Beech Close,E01027653,Harrogate 020A,Vehicle crime,Investigation complete; no suspect identified,
abf34552a776099bf0fcc696c6047c1d6ae361f7da00ef378c5c3e8d6f866966,2026-02,North Yorkshire Police,North Yorkshire Police,-1.569271,53.980054,On or near Magnolia Place,E01027653,Harrogate 020A,Violence and sexual offences,Under investigation,
1abee1569877b42e2182ead9127e21ee14886deeed496f2b887edd0630072794,2026-02,North Yorkshire Police,North Yorkshire Police,-1.553650,53.984967,On or near Harlow Oval,E01027653,Harrogate 020A,Violence and sexual offences,Under investigation,
8081e0e42074e74b9d568518708f5ad7e618482ca86d8dcaa6e9238373641013,2026-02,North Yorkshire Police,North Yorkshire Police,-1.557967,53.994968,On or near Kent Road,E01027654,Harrogate 020B,Other theft,Under investigation,
,2026-02,North Yorkshire Police,North Yorkshire Police,-1.533577,53.970286,On or near Daleside Road,E01027698,Harrogate 020C,Anti-social behaviour,,
6e4af728c55bccb2d0b4f638b7ac5a8ac0bb328052b12afb784ac5fbebfafb25,2026-02,North Yorkshire Police,North Yorkshire Police,-1.546443,53.968960,On or near Rossett Green Lane,E01027698,Harrogate 020C,Burglary,Under investigation,
1330a855e3f912e2d51b8dd010fc044488fdddcea0d2004fab37f0d6c736850d,2026-02,North Yorkshire Police,North Yorkshire Police,-1.532225,53.974001,On or near Leeds Road,E01027698,Harrogate 020C,Burglary,Under investigation,
3633b3b18f3e9662dfbfa416a73db92eadf28ad5d44953fdb9a0bb66cb8827f6,2026-02,North Yorkshire Police,North Yorkshire Police,-1.532357,53.977148,On or near Coronation Road,E01027698,Harrogate 020C,Public order,Under investigation,
47455cdb164a84b4061a698ffdac8769ec5a51bc6f8f07294ca33510b30b7e4f,2026-02,North Yorkshire Police,North Yorkshire Police,-1.532357,53.977148,On or near Coronation Road,E01027698,Harrogate 020C,Shoplifting,Investigation complete; no suspect identified,
adc15e595aa34028d439c28725ce87d7498c101c6815ee4273b61fa798daa3c9,2026-02,North Yorkshire Police,North Yorkshire Police,-1.532357,53.977148,On or near Coronation Road,E01027698,Harrogate 020C,Shoplifting,Under investigation,
ea5c1fd5cc317f05d5f263cd0dcdbee2720f99c6225568cae9d0456c8c989fb3,2026-02,North Yorkshire Police,North Yorkshire Police,-1.531087,53.969377,On or near Stone Rings Grange,E01027698,Harrogate 020C,Violence and sexual offences,Under investigation,
63d3d7d7b25a0f8524329257fa3fcaf7ba33d23141ee92236b33cdbce9de6a35,2026-02,North Yorkshire Police,North Yorkshire Police,-1.535896,53.972910,On or near Mallinson Gate,E01027698,Harrogate 020C,Violence and sexual offences,Under investigation,
,2026-02,North Yorkshire Police,North Yorkshire Police,-1.546322,53.975835,On or near Rossett Garth,E01027716,Harrogate 020D,Anti-social behaviour,,
,2026-02,North Yorkshire Police,North Yorkshire Police,-1.543117,53.973423,On or near Rossett Beck Close,E01027716,Harrogate 020D,Anti-social behaviour,,
cf3fc6e223169b43c5236b9d63d39a4f7ffef683fe49d4fdbdd0c5aa045c336e,2026-02,North Yorkshire Police,North Yorkshire Police,-1.557627,53.972300,On or near Whinney Lane,E01027716,Harrogate 020D,Violence and sexual offences,Unable to prosecute suspect,
e641cd33c8f0bc824573a137b01210af66866c9cdb86482515765656afa486f8,2026-02,North Yorkshire Police,North Yorkshire Police,-1.557627,53.972300,On or near Whinney Lane,E01027716,Harrogate 020D,Violence and sexual offences,Unable to prosecute suspect,
d119b97cf7688732697297a90fd95eeacd468e442465dff6b9f4c70610c2ad89,2026-02,North Yorkshire Police,North Yorkshire Police,-1.557158,53.979174,On or near Harlow Park Drive,E01027717,Harrogate 020E,Burglary,Under investigation,
3a23e011ab5fb9da66a6b4b53d000b487266fb6acfbafd7d717bb3b4a3cee6d9,2026-02,North Yorkshire Police,North Yorkshire Police,-1.555851,53.981596,On or near Hill Rise Avenue,E01027717,Harrogate 020E,Vehicle crime,Investigation complete; no suspect identified,
d41f1bf9b9b5cbb4f6b296a17af838c0ce2b2056ccbb6d809ce7d75647e02fca,2026-02,North Yorkshire Police,North Yorkshire Police,-1.556389,53.981238,On or near College Street,E01027717,Harrogate 020E,Vehicle crime,Investigation complete; no suspect identified,
d2555d92cff69738732434147faf9f6b458d316810945e06344f1c80bc935134,2026-02,North Yorkshire Police,North Yorkshire Police,-1.555479,53.979312,On or near Harlow Park Road,E01027717,Harrogate 020E,Other crime,Further investigation is not in the public interest,
1cd03916ad9efca7618e9d9ce331b9e389e30d72e542586ee247175aa8fe3e27,2026-02,North Yorkshire Police,North Yorkshire Police,-1.546593,53.980393,On or near Rossett Way,E01027718,Harrogate 020F,Criminal damage and arson,Under investigation,
a729b215ba4e8fd71ba6101a238d68d127804154217ee8306b1197b09a8154c4,2026-02,North Yorkshire Police,North Yorkshire Police,-1.548236,53.982188,On or near Southway,E01027718,Harrogate 020F,Violence and sexual offences,Under investigation,
40588a37838f175f076cde083a7eeca50b1930f2a45ad3846aecb8a6bedb004f,2026-02,North Yorkshire Police,North Yorkshire Police,-1.540823,53.978223,On or near Verity Walk,E01027718,Harrogate 020F,Violence and sexual offences,Under investigation,
ef6d157356bc661e98a42ff548f6dc56d4d6581667536af0c71e0be85714491e,2026-02,North Yorkshire Police,North Yorkshire Police,-1.548236,53.982188,On or near Southway,E01027718,Harrogate 020F,Violence and sexual offences,Under investigation,
400d67659e123327c04da57e5431a0d9a45d21582c4cc050c6babd6cacc8c3a8,2026-02,North Yorkshire Police,North Yorkshire Police,-1.569462,53.978438,On or near ,E01027719,Harrogate 020G,Public order,Under investigation,
9e5eb66d05e652a8a7a07829acd35941710dc783869591adb2fa2d7fcb6d8bfe,2026-02,North Yorkshire Police,North Yorkshire Police,-1.552602,53.974582,On or near Willow Gardens,E01027719,Harrogate 020G,Violence and sexual offences,Under investigation,
bc909a0fac3f79a7bae5d12f47eb24f5e20bd1d466d2ffed9f6f5375bca22184,2026-02,North Yorkshire Police,North Yorkshire Police,-1.552602,53.974582,On or near Willow Gardens,E01027719,Harrogate 020G,Violence and sexual offences,Under investigation,
153514ae829e7bc0033c7197223204e82567aacde649dc9de749352417a9cd20,2026-02,North Yorkshire Police,North Yorkshire Police,-1.552602,53.974582,On or near Willow Gardens,E01027719,Harrogate 020G,Violence and sexual offences,Under investigation,
0e1eca199bd6e8bbdb209f9bb6f27e140859f1e461985d4c7ba287cc62924beb,2026-02,North Yorkshire Police,North Yorkshire Police,-1.569462,53.978438,On or near ,E01027719,Harrogate 020G,Violence and sexual offences,Awaiting court outcome,
78950f974bb7e1fa4cc991eba32ee534cec279a32baf67317754e15a5d8ba94f,2026-02,North Yorkshire Police,North Yorkshire Police,-1.547358,53.959077,On or near Burn Bridge Road,E01027699,Harrogate 021A,Violence and sexual offences,Under investigation,
86c2b9182ec0359569d2b1fb75a43d4ab105941a0e9ba75de9b89dd792bb48a2,2026-02,North Yorkshire Police,North Yorkshire Police,-1.530978,53.956030,On or near Walton Place,E01027700,Harrogate 021B,Other theft,Under investigation,
bd82d896fbf06a284d4040f947143e4bb710cf2cca8823b99560575d8471b072,2026-02,North Yorkshire Police,North Yorkshire Police,-1.528558,53.960475,On or near Petrol Station,E01027700,Harrogate 021B,Public order,Under investigation,
85e3dc2bf96901fc46026788770af7413ab9bdabcce91ced823e60933bb2f1c1,2026-02,North Yorkshire Police,North Yorkshire Police,-1.535169,53.961484,On or near Pannal Green,E01027700,Harrogate 021B,Public order,Under investigation,
2a2ead2feb988fe4d28a9a5b2967c2dc1da7bc910ad71cf54c7fe8db94a3f654,2026-02,North Yorkshire Police,North Yorkshire Police,-1.534495,53.956331,On or near Buttersyke Way,E01027700,Harrogate 021B,Public order,Under investigation,
b2fcb461268e736fd318ef3e572778f3f2f9cd880469c47599302daafe4a4c7f,2026-02,North Yorkshire Police,North Yorkshire Police,-1.528558,53.960475,On or near Petrol Station,E01027700,Harrogate 021B,Violence and sexual offences,Under investigation,
bb65f354854f01e907bd0f7e9468c8b96ce1e2a796893c67132ee47199c37ac3,2026-02,North Yorkshire Police,North Yorkshire Police,-1.496232,53.919363,On or near Moor Lane,E01027724,Harrogate 021C,Burglary,Under investigation,
990f1112da65c26fc74c812531416c107d9d0f76c7d4f659fee220c2c50330fe,2026-02,North Yorkshire Police,North Yorkshire Police,-1.580210,53.923272,On or near Kingsway,E01027724,Harrogate 021C,Violence and sexual offences,Unable to prosecute suspect,
2aedddc5a44a15c0184ab61b2704f4c58185ec444de7364d59a21c92684fcc59,2026-02,North Yorkshire Police,North Yorkshire Police,-1.450553,53.956597,On or near Clive Road,E01027725,Harrogate 021D,Other theft,Unable to prosecute suspect,
86e9849e682472490f2a31afa50c7e8c9d2f31f3010d72afe7b31337ca8a0adc,2026-02,North Yorkshire Police,North Yorkshire Police,-1.443261,53.951423,On or near East Park Road,E01027725,Harrogate 021D,Violence and sexual offences,Under investigation,
ce3502f3b63f4dc9d53668beb53312f53bb0403dc2ec5fc5aa245573bf35c849,2026-02,North Yorkshire Police,North Yorkshire Police,-1.793637,53.668893,On or near Formby Avenue,E01011047,Kirklees 027C,Violence and sexual offences,Under investigation,
6c4c3ba5e9e5956202594ca2fda0ac6f1538a78bc331a4a7615f8f96d6bc520e,2026-02,North Yorkshire Police,North Yorkshire Police,-1.306854,53.775608,On or near Parking Area,E01011299,Leeds 088B,Criminal damage and arson,Under investigation,
2d4f594236a5f2f6f916b13489b509a47346c6ba5fb25c8f5e22ca59f3b5ed6c,2026-02,North Yorkshire Police,North Yorkshire Police,-1.292550,53.766954,On or near Parking Area,E01011299,Leeds 088B,Vehicle crime,Investigation complete; no suspect identified,
0bf847aaf5c586df17eb161effca9329b2fafc3c1104a0c697192d2c156b7b9d,2026-02,North Yorkshire Police,North Yorkshire Police,-2.183485,53.858127,On or near Reginald Street,E01025222,Pendle 014D,Violence and sexual offences,Under investigation,
,2026-02,North Yorkshire Police,North Yorkshire Police,-1.071330,54.514907,On or near Highcliff Road,E01012124,Redcar and Cleveland 020B,Anti-social behaviour,,
1e86ce684e27cdb9c97cb63b7cfc7d98bb22c62ce53c0dfdd180eca81414d013,2026-02,North Yorkshire Police,North Yorkshire Police,-1.108696,54.506551,On or near Park/Open Space,E01012124,Redcar and Cleveland 020B,Violence and sexual offences,Under investigation,
235a11f33b97eccd0c3c272c19d9beca7328070e8d0c5b159dce41b1827e3ead,2026-02,North Yorkshire Police,North Yorkshire Police,-1.663941,54.466401,On or near Petrol Station,E01027743,Richmondshire 001A,Vehicle crime,Investigation complete; no suspect identified,
cea6bf3299cec369488144353143391250d1e04c916f8f93ae26f4512ca0f980,2026-02,North Yorkshire Police,North Yorkshire Police,-1.659756,54.465015,On or near Parking Area,E01027743,Richmondshire 001A,Violence and sexual offences,Under investigation,
3af6097e18cb85a26f56bfc2cd27f18dd7dcd91739110e34dd07c309c4ce060a,2026-02,North Yorkshire Police,North Yorkshire Police,-1.663941,54.466401,On or near Petrol Station,E01027743,Richmondshire 001A,Violence and sexual offences,Under investigation,
,2026-02,North Yorkshire Police,North Yorkshire Police,-1.563957,54.432363,On or near Holywell Lane,E01027751,Richmondshire 001B,Anti-social behaviour,,
f623779dd642a726ff8333b96b339ca0f28e51781d176623eb8c136492d1825e,2026-02,North Yorkshire Police,North Yorkshire Police,-1.554379,54.438493,On or near Moulton Lane,E01027751,Richmondshire 001B,Vehicle crime,Under investigation,
ba2a5cbaaa3a9bdd63a7ab8d9cbbf4847fd88a6a12253f33fcec5a726789e39f,2026-02,North Yorkshire Police,North Yorkshire Police,-1.560653,54.429951,On or near Silver Hill,E01027751,Richmondshire 001B,Violence and sexual offences,Under investigation,
b961b435753f81f7d70f44252d53def4d24f18b6a628a905fe0c84c93b59a2ca,2026-02,North Yorkshire Police,North Yorkshire Police,-1.560653,54.429951,On or near Silver Hill,E01027751,Richmondshire 001B,Violence and sexual offences,Under investigation,
,2026-02,North Yorkshire Police,North Yorkshire Police,-1.774719,54.448918,On or near Stonygate Bank,E01027752,Richmondshire 001C,Anti-social behaviour,,
59c5a5117aeaf4aef133907c1d54cde43e28e9e084cc202ab7b2f7ab4cec7ef1,2026-02,North Yorkshire Police,North Yorkshire Police,-1.719495,54.441963,On or near Oswin Grove,E01027752,Richmondshire 001C,Criminal damage and arson,Under investigation,
5d3f59a691b8b6d698caa62001631aa28cc999a3b5a983427f5f6bce3da7f842,2026-02,North Yorkshire Police,North Yorkshire Police,-1.785684,54.466543,On or near Mill Close,E01027752,Richmondshire 001C,Violence and sexual offences,Under investigation,
5d3f59a691b8b6d698caa62001631aa28cc999a3b5a983427f5f6bce3da7f842,2026-02,North Yorkshire Police,North Yorkshire Police,-1.785684,54.466543,On or near Mill Close,E01027752,Richmondshire 001C,Violence and sexual offences,Under investigation,
1139245252f860b48275524167bf310a6b1d4f03da9ccbd8da320fece9ac1731,2026-02,North Yorkshire Police,North Yorkshire Police,-1.662725,54.514847,On or near Bowling Green Lane,E01027759,Richmondshire 001D,Burglary,Investigation complete; no suspect identified,
af26a7167a006f2e521ba246c80819a5e83c12a9a86846c5fa3cc49f9333fd66,2026-02,North Yorkshire Police,North Yorkshire Police,-1.659996,54.514192,On or near Grunton Lane,E01027759,Richmondshire 001D,Burglary,Under investigation,
b2eb369cc1535b980a65933bebd4ffc83f758babe110c2a65283af227d249da6,2026-02,North Yorkshire Police,North Yorkshire Police,-1.662725,54.514847,On or near Bowling Green Lane,E01027759,Richmondshire 001D,Burglary,Under investigation,
286700b0f165848eed1ca7d9852e94deaa79a8dd4ba6f915c3cd728ad84f670e,2026-02,North Yorkshire Police,North Yorkshire Police,-1.662725,54.514847,On or near Bowling Green Lane,E01027759,Richmondshire 001D,Burglary,Investigation complete; no suspect identified,
e50f2d37ccbe2e916db719707770be74fe2e3155c4b5471f9c0a337fd6d591ab,2026-02,North Yorkshire Police,North Yorkshire Police,-1.689652,54.495920,On or near Harthorn Court,E01027759,Richmondshire 001D,Criminal damage and arson,Investigation complete; no suspect identified,
c7bd14f78639c5f26a6d06f67b3ba7c7b487f63e020e4f93d5e98d919e9640bb,2026-02,North Yorkshire Police,North Yorkshire Police,-1.687116,54.494521,On or near Kilton Court,E01027759,Richmondshire 001D,Violence and sexual offences,Under investigation,
359fe1b6891f76452e482a61c2dccef37e8e7a8462844759262830d6309e6b96,2026-02,North Yorkshire Police,North Yorkshire Police,-1.687116,54.494521,On or near Kilton Court,E01027759,Richmondshire 001D,Violence and sexual offences,Under investigation,
2372cf907e43e7f6fba905f10ddcb98dde8be7bfc980fe0dab20204c7b6fe093,2026-02,North Yorkshire Police,North Yorkshire Police,-1.696053,54.467619,On or near Moor Road,E01027759,Richmondshire 001D,Violence and sexual offences,Under investigation,
,2026-02,North Yorkshire Police,North Yorkshire Police,-1.698506,54.417297,On or near Olliver Lane,E01027761,Richmondshire 001E,Anti-social behaviour,,
b6301a0bbd8499a6c89cfe730a3b9029c2a2265b08a5734cf7e3126d765e77ba,2026-02,North Yorkshire Police,North Yorkshire Police,-1.657857,54.444815,On or near West Close,E01027761,Richmondshire 001E,Criminal damage and arson,Under investigation,
e624db38c3a4dc28ac4a145d3ca08dfa6c23c643f43ce9362c831ad3e9c3c26f,2026-02,North Yorkshire Police,North Yorkshire Police,-1.654017,54.450186,On or near Sports/Recreation Area,E01027761,Richmondshire 001E,Other theft,Under investigation,
486dde064ea55dfdd05f8a838915c44e9b4da346c206b05a4abf494be190c989,2026-02,North Yorkshire Police,North Yorkshire Police,-1.671485,54.442307,On or near ,E01027761,Richmondshire 001E,Other theft,Investigation complete; no suspect identified,
96bd2c0de49ee903792cbbb3baa744caa9b946ed6b658a0cfe61b939dab56c12,2026-02,North Yorkshire Police,North Yorkshire Police,-1.671485,54.442307,On or near ,E01027761,Richmondshire 001E,Vehicle crime,Investigation complete; no suspect identified,
89aa241bf17e892b8cb32cc7c7d706b15458a87aac6a979a7e14547bd34716e2,2026-02,North Yorkshire Police,North Yorkshire Police,-1.666869,54.444053,On or near ,E01027761,Richmondshire 001E,Violence and sexual offences,Under investigation,
d7bd251841cb8db5d988e2b2dec14886ea302e2291f2fa2e8fbc2a5fea7cf757,2026-02,North Yorkshire Police,North Yorkshire Police,-1.781097,54.484806,On or near Collier Lane,E01027762,Richmondshire 001F,Violence and sexual offences,Under investigation,
,2026-02,North Yorkshire Police,North Yorkshire Police,-1.729264,54.412517,On or near Windsor Avenue,E01027765,Richmondshire 002A,Anti-social behaviour,,
,2026-02,North Yorkshire Police,North Yorkshire Police,-1.731344,54.410257,On or near Atkinson Avenue,E01027765,Richmondshire 002A,Anti-social behaviour,,
c2ad90b9e8bbec1dfd481091cd120fe959c92b8e7124df41ff4b3e9fe6bb5a55,2026-02,North Yorkshire Police,North Yorkshire Police,-1.729988,54.410200,On or near Pikepurse Lane,E01027765,Richmondshire 002A,Violence and sexual offences,Under investigation,
c83170b404f72059513c5d4b38c0993fb8d898b226d083d472eae75ad52720b4,2026-02,North Yorkshire Police,North Yorkshire Police,-1.729988,54.410200,On or near Pikepurse Lane,E01027765,Richmondshire 002A,Violence and sexual offences,Under investigation,
,2026-02,North Yorkshire Police,North Yorkshire Police,-1.734250,54.408727,On or near Alexandra Way,E01027766,Richmondshire 002B,Anti-social behaviour,,
,2026-02,North Yorkshire Police,North Yorkshire Police,-1.736330,54.403860,On or near Ryders Wynd,E01027766,Richmondshire 002B,Anti-social behaviour,,
3b94e1deaa15a0745bebf50978e5f9ac7b542fc556b019adea2ed2e43e16c213,2026-02,North Yorkshire Police,North Yorkshire Police,-1.734357,54.406552,On or near A6108,E01027766,Richmondshire 002B,Criminal damage and arson,Under investigation,
ab3069980c866b7b69189d843de902de7014038b2d8a99f10de2c3edbf3f9625,2026-02,North Yorkshire Police,North Yorkshire Police,-1.734357,54.406552,On or near A6108,E01027766,Richmondshire 002B,Criminal damage and arson,Under investigation,
f811801d2415f6b916188e6c90444a4ffb97ce9deeb9c5c5de5118fcf367aba8,2026-02,North Yorkshire Police,North Yorkshire Police,-1.735676,54.404946,On or near Dundas Street,E01027766,Richmondshire 002B,Public order,Under investigation,
0ed7d42a8777bf8aa22fbf74d0bb0bf0c963268bca7e245f697094af6f73fa1c,2026-02,North Yorkshire Police,North Yorkshire Police,-1.729969,54.408439,On or near Tudor Road,E01027766,Richmondshire 002B,Violence and sexual offences,Under investigation,
0ed7d42a8777bf8aa22fbf74d0bb0bf0c963268bca7e245f697094af6f73fa1c,2026-02,North Yorkshire Police,North Yorkshire Police,-1.729969,54.408439,On or near Tudor Road,E01027766,Richmondshire 002B,Violence and sexual offences,Under investigation,
e40849a54aebd73b52884d3583d7ce8cafc24af111117e5924a0438be1d47c5b,2026-02,North Yorkshire Police,North Yorkshire Police,-1.735676,54.404946,On or near Dundas Street,E01027766,Richmondshire 002B,Violence and sexual offences,Under investigation,
4b08d2897173387c0b07979d04257147b0b672561942b3b6d5046f88b45d8a4b,2026-02,North Yorkshire Police,North Yorkshire Police,-1.723736,54.409710,On or near Roald Court,E01027767,Richmondshire 002C,Criminal damage and arson,Further investigation is not in the public interest,
149731b77685e5c3146445a312bc575ccd02252969e21d853e6e60b5d2984435,2026-02,North Yorkshire Police,North Yorkshire Police,-1.725381,54.410343,On or near Gilling Road,E01027767,Richmondshire 002C,Violence and sexual offences,Under investigation,
548a464e78c3755875d5613efa41c4b15ee38e0635024117e052bdf9cb88ca29,2026-02,North Yorkshire Police,North Yorkshire Police,-1.725381,54.410343,On or near Gilling Road,E01027767,Richmondshire 002C,Violence and sexual offences,Under investigation,
fdafc62ddd058e4c4a80a96796f9919a9a981353c53d171f7e071a4c11ca6f0a,2026-02,North Yorkshire Police,North Yorkshire Police,-1.717696,54.407521,On or near White Lilac Close,E01027768,Richmondshire 002D,Violence and sexual offences,Under investigation,
,2026-02,North Yorkshire Police,North Yorkshire Police,-1.745514,54.408508,On or near Rose Crescent,E01027769,Richmondshire 002E,Anti-social behaviour,,
7ea75eb59250129875033d6958b43d8aaf20e0a7c2ce6dd4502527a00de3ac48,2026-02,North Yorkshire Police,North Yorkshire Police,-1.755235,54.405877,On or near Coronation Place,E01027769,Richmondshire 002E,Other theft,Under investigation,
e81afd9ed8bc2a1d3fc5b47f660f0e864c54eaf7ab620e5511dfc45ad1541167,2026-02,North Yorkshire Police,North Yorkshire Police,-1.755235,54.405877,On or near Coronation Place,E01027769,Richmondshire 002E,Violence and sexual offences,Under investigation,
29d4edf4ffc5536b885fee09d7b35fa8d167e7338a57422b98bb4844d66fb4a3,2026-02,North Yorkshire Police,North Yorkshire Police,-1.752606,54.404991,On or near Fielding'S Yard,E01027769,Richmondshire 002E,Violence and sexual offences,Under investigation,
5746ca02390f06865d687134068c12b533ae76e99406fdca8e6f4b5cd1079916,2026-02,North Yorkshire Police,North Yorkshire Police,-1.752606,54.404991,On or near Fielding'S Yard,E01027769,Richmondshire 002E,Violence and sexual offences,Under investigation,
e81afd9ed8bc2a1d3fc5b47f660f0e864c54eaf7ab620e5511dfc45ad1541167,2026-02,North Yorkshire Police,North Yorkshire Police,-1.755235,54.405877,On or near Coronation Place,E01027769,Richmondshire 002E,Violence and sexual offences,Under investigation,
5aa379c61943cd8a88da3f158b75bb029f10cf0ab9354422429951cb8453c457,2026-02,North Yorkshire Police,North Yorkshire Police,-1.755235,54.405877,On or near Coronation Place,E01027769,Richmondshire 002E,Violence and sexual offences,Under investigation,
14b7280f5d46a0d51aeb2d287ac62d29ea69eca1ef2f8e76f540318eaa675a2e,2026-02,North Yorkshire Police,North Yorkshire Police,-1.752606,54.404991,On or near Fielding'S Yard,E01027769,Richmondshire 002E,Violence and sexual offences,Under investigation,
,2026-02,North Yorkshire Police,North Yorkshire Police,-1.741333,54.406927,On or near Crofts Avenue,E01027770,Richmondshire 002F,Anti-social behaviour,,
,2026-02,North Yorkshire Police,North Yorkshire Police,-1.739313,54.402420,On or near Waterloo Street,E01027770,Richmondshire 002F,Anti-social behaviour,,
,2026-02,North Yorkshire Police,North Yorkshire Police,-1.744551,54.404804,On or near Richemont Close,E01027770,Richmondshire 002F,Anti-social behaviour,,
,2026-02,North Yorkshire Police,North Yorkshire Police,-1.740802,54.400671,On or near Bridge Terrace,E01027770,Richmondshire 002F,Anti-social behaviour,,
,2026-02,North Yorkshire Police,North Yorkshire Police,-1.740707,54.401138,On or near The Green,E01027770,Richmondshire 002F,Anti-social behaviour,,
,2026-02,North Yorkshire Police,North Yorkshire Police,-1.737294,54.402550,On or near Tower Street Castle Wynd,E01027770,Richmondshire 002F,Anti-social behaviour,,
144ae965446d5b029f0d6c6ee626592ae025b581fca078eb157f13f19c01e4be,2026-02,North Yorkshire Police,North Yorkshire Police,-1.742123,54.401401,On or near Parking Area,E01027770,Richmondshire 002F,Criminal damage and arson,Under investigation,
f83a92d09065bd8ca5b29b94f6d647fc171bf29c97cbc4cc1ffd6db807b2cb29,2026-02,North Yorkshire Police,North Yorkshire Police,-1.744551,54.404804,On or near Richemont Close,E01027770,Richmondshire 002F,Criminal damage and arson,Under investigation,
3900034ffe79149f90aedce35b3e0cccdee902181f4e073cfc3065e5001d348c,2026-02,North Yorkshire Police,North Yorkshire Police,-1.739996,54.406367,On or near Quakers Lane,E01027770,Richmondshire 002F,Criminal damage and arson,Under investigation,
0693cc053f957b3b9ca0ef379e48b54eba0cb6595e7bdee2f31f0dc0da38deac,2026-02,North Yorkshire Police,North Yorkshire Police,-1.742123,54.401401,On or near Parking Area,E01027770,Richmondshire 002F,Criminal damage and arson,Under investigation,
58fffd3131f3fb3dc396f397ff181b3d5a08a26820230bbefc02bab04014a205,2026-02,North Yorkshire Police,North Yorkshire Police,-1.733789,54.410945,On or near Gillingwood Close,E01027770,Richmondshire 002F,Criminal damage and arson,Under investigation,
2f2ff5d3270c293c47a0e2ee47c437223501cab26c3163e062ba4d63de24fef2,2026-02,North Yorkshire Police,North Yorkshire Police,-1.740802,54.400671,On or near Bridge Terrace,E01027770,Richmondshire 002F,Criminal damage and arson,Under investigation,
c60e581b94e6075da4b3bed45355a706b524e8d817ce47f85e022c589abfb801,2026-02,North Yorkshire Police,North Yorkshire Police,-1.740802,54.400671,On or near Bridge Terrace,E01027770,Richmondshire 002F,Criminal damage and arson,Under investigation,
dc59cfcd8f05fea112dea1382b3d7d57b3e3fbc48e886a653bde148b2f28fa11,2026-02,North Yorkshire Police,North Yorkshire Police,-1.737947,54.404035,On or near Theatre/Concert Hall,E01027770,Richmondshire 002F,Drugs,Under investigation,
ae0c023bd8fa8bf3dc2a5dcec80a23d9f8fb43e8cc66a23d057aca654a8b6414,2026-02,North Yorkshire Police,North Yorkshire Police,-1.744785,54.411832,On or near ,E01027770,Richmondshire 002F,Other theft,Investigation complete; no suspect identified,
932e978d968053650b3a6324fd9763a768c8f1e01c50bdff5285aab2c1d519f8,2026-02,North Yorkshire Police,North Yorkshire Police,-1.738637,54.402086,On or near The Bar Castle Hill,E01027770,Richmondshire 002F,Other theft,Investigation complete; no suspect identified,
7093f441f339be14a16584da2138fc1914f700c0b22f4f73f9c8cba7f3fa4492,2026-02,North Yorkshire Police,North Yorkshire Police,-1.740802,54.400671,On or near Bridge Terrace,E01027770,Richmondshire 002F,Possession of weapons,Under investigation,
6eccf1bf8ac923c7305f51254bb8f7920ad4729e9b79eadc462a13cd28140444,2026-02,North Yorkshire Police,North Yorkshire Police,-1.738637,54.402086,On or near The Bar Castle Hill,E01027770,Richmondshire 002F,Shoplifting,Under investigation,
409ae6ff80e8e32713a934f76359179bd47f6a9b313a2f6856f0ccec35590847,2026-02,North Yorkshire Police,North Yorkshire Police,-1.736009,54.403518,On or near Parkinson'S Yard,E01027770,Richmondshire 002F,Shoplifting,Under investigation,
ba8764c66f6b1efdafa82e6c6b9e01f288b64c192265e7a2e1e8a5eff98701f7,2026-02,North Yorkshire Police,North Yorkshire Police,-1.737947,54.404035,On or near Theatre/Concert Hall,E01027770,Richmondshire 002F,Shoplifting,Under investigation,
a07731699024250daf41a6170c63c4e4fa5951570afa3db16374ec149201c33d,2026-02,North Yorkshire Police,North Yorkshire Police,-1.736610,54.403528,On or near Supermarket,E01027770,Richmondshire 002F,Shoplifting,Investigation complete; no suspect identified,
0402f11026b538059d3df108b8fbc3aa8d0ebb62e89333ae56db018adfcab2bc,2026-02,North Yorkshire Police,North Yorkshire Police,-1.744785,54.411832,On or near ,E01027770,Richmondshire 002F,Vehicle crime,Under investigation,
07247910238b7459c9c69d63f1c0d53786a93973b0dce8699a04b345bd4e19ff,2026-02,North Yorkshire Police,North Yorkshire Police,-1.739641,54.401693,On or near Cornforth Hill,E01027770,Richmondshire 002F,Violence and sexual offences,Investigation complete; no suspect identified,
420fa835da594e24f36d24911dd389aa7359a47323ba27c237e07f96c7200eaf,2026-02,North Yorkshire Police,North Yorkshire Police,-1.739313,54.402420,On or near Waterloo Street,E01027770,Richmondshire 002F,Violence and sexual offences,Under investigation,
91fe13534f8757ade053659023c523e1224954652a1e48a3092065a9c106451c,2026-02,North Yorkshire Police,North Yorkshire Police,-1.740802,54.400671,On or near Bridge Terrace,E01027770,Richmondshire 002F,Violence and sexual offences,Under investigation,
29032bae0e61beb8270aed0e036a238b87b6b4ba6752676a5e7ca41613bd895d,2026-02,North Yorkshire Police,North Yorkshire Police,-1.740802,54.400671,On or near Bridge Terrace,E01027770,Richmondshire 002F,Violence and sexual offences,Under investigation,
4ebd859467f1e4815e2c82fc204f5ebdcf3ac34ca523124f59a664d03e20a5ae,2026-02,North Yorkshire Police,North Yorkshire Police,-1.736009,54.403518,On or near Parkinson'S Yard,E01027770,Richmondshire 002F,Violence and sexual offences,Under investigation,
af232f3079dc162d028ac07f889b3e803d5238029d5acde28afc168870a5d9de,2026-02,North Yorkshire Police,North Yorkshire Police,-1.738489,54.405932,On or near Supermarket,E01027770,Richmondshire 002F,Violence and sexual offences,Under investigation,
8c84c662e1b989785cd9e8130594af4f0d4394958de393f3ad74def02638724a,2026-02,North Yorkshire Police,North Yorkshire Police,-1.738637,54.402086,On or near The Bar Castle Hill,E01027770,Richmondshire 002F,Violence and sexual offences,Under investigation,
8a49f34f7c19fd0488edb2922f145af03304ec752b77145e789e7d13b3345d60,2026-02,North Yorkshire Police,North Yorkshire Police,-1.738843,54.403650,On or near Finkle Street,E01027770,Richmondshire 002F,Violence and sexual offences,Under investigation,
07247910238b7459c9c69d63f1c0d53786a93973b0dce8699a04b345bd4e19ff,2026-02,North Yorkshire Police,North Yorkshire Police,-1.739641,54.401693,On or near Cornforth Hill,E01027770,Richmondshire 002F,Violence and sexual offences,Under investigation,
615fd6aec96a82ba2783c60b926765ccf4733548d1defe4c7671acd5875d2996,2026-02,North Yorkshire Police,North Yorkshire Police,-1.740327,54.402826,On or near Bargate,E01027770,Richmondshire 002F,Violence and sexual offences,Under investigation,
6a5c74b48088bcf9933f02b7a4c4f79d2494eafef470f17ddb80182956f540a0,2026-02,North Yorkshire Police,North Yorkshire Police,-1.740071,54.404336,On or near Parking Area,E01027770,Richmondshire 002F,Violence and sexual offences,Under investigation,
9d83537c07b5786a35d1632010de413f6bf384435d121371c5cc0e85deee5fbe,2026-02,North Yorkshire Police,North Yorkshire Police,-1.740802,54.400671,On or near Bridge Terrace,E01027770,Richmondshire 002F,Violence and sexual offences,Under investigation,
7ec24ae7a46343c1175047edaa5a0901d07af76304dcfbe0621077e768990085,2026-02,North Yorkshire Police,North Yorkshire Police,-1.740802,54.400671,On or near Bridge Terrace,E01027770,Richmondshire 002F,Violence and sexual offences,Under investigation,
566355b5e8c88958ef13209a371ca34194205f329195a748ad0813cdd2b62b47,2026-02,North Yorkshire Police,North Yorkshire Police,-1.670393,54.404489,On or near Parkgate Lane,E01027745,Richmondshire 003A,Criminal damage and arson,Under investigation,
d8a66fde5fea10c2e270c6af4f8ef8c104f503576bdb936829233e70308cb0ac,2026-02,North Yorkshire Police,North Yorkshire Police,-1.612636,54.398306,On or near Cleveland Road,E01027745,Richmondshire 003A,Other theft,Under investigation,
b83a80642d5b06df66879b67a50734307263cb850f5bfc7bfac2efbd902b7be6,2026-02,North Yorkshire Police,North Yorkshire Police,-1.670393,54.404489,On or near Parkgate Lane,E01027745,Richmondshire 003A,Vehicle crime,Under investigation,
,2026-02,North Yorkshire Police,North Yorkshire Police,-1.664200,54.393193,On or near Pembury Mews,E01027746,Richmondshire 003B,Anti-social behaviour,,
d95477b7835fc3d9850416464b804a2d8b2a014ae00af29e4ca3430c1ea5be76,2026-02,North Yorkshire Police,North Yorkshire Police,-1.663057,54.392517,On or near ,E01027746,Richmondshire 003B,Violence and sexual offences,Under investigation,
8fd229684867a9a76e85b7ddfcfe2547903d25a999307ae41306ed6f1cfb585c,2026-02,North Yorkshire Police,North Yorkshire Police,-1.632137,54.377498,On or near High Street,E01027747,Richmondshire 003C,Criminal damage and arson,Investigation complete; no suspect identified,
aa9573ec5ecfb0cdada336948eaef858bea065ca354925452d27b1433290a3c0,2026-02,North Yorkshire Police,North Yorkshire Police,-1.632727,54.375298,On or near Beckside,E01027747,Richmondshire 003C,Criminal damage and arson,Under investigation,
f8c394d254a3023dffc0c06bd0f344e3aee616693a7b9dbb24c9a80edbf7ea4f,2026-02,North Yorkshire Police,North Yorkshire Police,-1.630507,54.372128,On or near Centurian Close,E01027747,Richmondshire 003C,Drugs,Under investigation,
c58c29697381f6cc8927d7ab77f2db99d9f72516d34d26f147156f8c4483ce21,2026-02,North Yorkshire Police,North Yorkshire Police,-1.632405,54.378596,On or near Queens Close,E01027748,Richmondshire 003D,Shoplifting,Investigation complete; no suspect identified,
,2026-02,North Yorkshire Police,North Yorkshire Police,-1.687170,54.382102,On or near Cherry Tree Way,E01027749,Richmondshire 004A,Anti-social behaviour,,
,2026-02,North Yorkshire Police,North Yorkshire Police,-1.691020,54.381995,On or near Sutton Avenue,E01027749,Richmondshire 004A,Anti-social behaviour,,
,2026-02,North Yorkshire Police,North Yorkshire Police,-1.685107,54.382079,On or near Peppermint Drive,E01027749,Richmondshire 004A,Anti-social behaviour,,
,2026-02,North Yorkshire Police,North Yorkshire Police,-1.691020,54.381995,On or near Sutton Avenue,E01027749,Richmondshire 004A,Anti-social behaviour,,
7fd8490a84d0502817e6226a8e2034e96a8e77d908033911ee8d7d33c043c933,2026-02,North Yorkshire Police,North Yorkshire Police,-1.686205,54.383466,On or near Watson Way,E01027749,Richmondshire 004A,Burglary,Under investigation,
4c196555db83cf25e96b97e856de64169deb265301afbd8ad0e4ef9eef09aea3,2026-02,North Yorkshire Police,North Yorkshire Police,-1.694305,54.381213,On or near Manor Grove,E01027749,Richmondshire 004A,Other theft,Under investigation,
3a0c33dde79d4b8fa145b0663fe7afdd7a4522b8804e4643b73500020053b86b,2026-02,North Yorkshire Police,North Yorkshire Police,-1.688975,54.379349,On or near ,E01027749,Richmondshire 004A,Violence and sexual offences,Under investigation,
19851ddd203ea332f816b29be3ffbade2c187a97b52fa0a336db7d92fa165837,2026-02,North Yorkshire Police,North Yorkshire Police,-1.692388,54.381280,On or near ,E01027749,Richmondshire 004A,Other crime,Under investigation,
b4bc86f32d10fabb3a751774341db55f07b85c752e09f81b5050b25cbadf0166,2026-02,North Yorkshire Police,North Yorkshire Police,-1.712871,54.374850,On or near Old Hospital Compound,E01027771,Richmondshire 004E,Other theft,Under investigation,
7e424459793b84ffacd7619107a56af77e3a170b86d9318260fa97c9163d5d62,2026-02,North Yorkshire Police,North Yorkshire Police,-1.722564,54.371000,On or near Airedale Road,E01027771,Richmondshire 004E,Violence and sexual offences,Under investigation,
080c0e7e8c93a7d3ef510b98ab70b0e846afcd183f3b4c8f7d9b1844a83ad35e,2026-02,North Yorkshire Police,North Yorkshire Police,-1.716072,54.375029,On or near Wesson Close,E01027771,Richmondshire 004E,Violence and sexual offences,Unable to prosecute suspect,
ce9a887f597d975b2b73cd9581c5e66bf158cfa5de8436d1324ae25316049d32,2026-02,North Yorkshire Police,North Yorkshire Police,-1.703778,54.354949,On or near Meanee Road,E01027772,Richmondshire 004F,Drugs,Under investigation,
10083f3ff6a0c50522eb316e129bfa5c622ea421ee2fc4b297d8949424e92335,2026-02,North Yorkshire Police,North Yorkshire Police,-1.703778,54.354949,On or near Meanee Road,E01027772,Richmondshire 004F,Violence and sexual offences,Under investigation,
f87f02946a985f3bc6523b4640784b18beca2c029e1ec3c23548db5df9e8a4d6,2026-02,North Yorkshire Police,North Yorkshire Police,-1.710790,54.359936,On or near Orchard Mews,E01027772,Richmondshire 004F,Violence and sexual offences,Unable to prosecute suspect,
bd5a531c018ad8c10b55880d28ba852a7c321c03f1fe52ea6e4f47c857cf009a,2026-02,North Yorkshire Police,North Yorkshire Police,-1.707713,54.359794,On or near Low Hall Lane,E01027772,Richmondshire 004F,Violence and sexual offences,Under investigation,
75f0f7b43da51870efd6cd0a553fe04cffcc15f02c51476f1331bc36cee6063a,2026-02,North Yorkshire Police,North Yorkshire Police,-1.707713,54.359794,On or near Low Hall Lane,E01027772,Richmondshire 004F,Violence and sexual offences,Under investigation,
,2026-02,North Yorkshire Police,North Yorkshire Police,-1.725752,54.375402,On or near Petrol Station,E01033184,Richmondshire 004H,Anti-social behaviour,,
10baa1134fd558132663592315349eacdf3b68cc24054a1b43673cd715700430,2026-02,North Yorkshire Police,North Yorkshire Police,-1.725752,54.375402,On or near Petrol Station,E01033184,Richmondshire 004H,Criminal damage and arson,Under investigation,
a318f5d6d7c667276f9880d0d11660d04632e45f14dc044f7c70b011f5cd4c24,2026-02,North Yorkshire Police,North Yorkshire Police,-1.725752,54.375402,On or near Petrol Station,E01033184,Richmondshire 004H,Shoplifting,Under investigation,
d92fabf9eaa3e0660a51270bd0184c42703842fc915b1a01016c94bfc8ea1e57,2026-02,North Yorkshire Police,North Yorkshire Police,-1.732951,54.378599,On or near Hipswell Road West,E01033184,Richmondshire 004H,Violence and sexual offences,Under investigation,
dd558e7455a3efa54f5a5933b6ecc81771c7390ff2113dd5e2006674c52c94cd,2026-02,North Yorkshire Police,North Yorkshire Police,-1.732951,54.378599,On or near Hipswell Road West,E01033184,Richmondshire 004H,Violence and sexual offences,Under investigation,
6b6b51373337b8b7426d806d36857ca3b5a089ed2de6b7d163a156355d551488,2026-02,North Yorkshire Police,North Yorkshire Police,-1.732951,54.378599,On or near Hipswell Road West,E01033184,Richmondshire 004H,Violence and sexual offences,Under investigation,
,2026-02,North Yorkshire Police,North Yorkshire Police,-1.730948,54.376495,On or near ,E01034965,Richmondshire 004I,Anti-social behaviour,,
0782882192efbebfc42142f43cf0b459a30c6a170035d40779333df498d415eb,2026-02,North Yorkshire Police,North Yorkshire Police,-1.729246,54.377863,On or near La Bassee Road,E01034965,Richmondshire 004I,Criminal damage and arson,Under investigation,
6fe2041bb2edc656ae6029f28fc3c739a75d9131ff0ce822c3b16a7ac18dcb94,2026-02,North Yorkshire Police,North Yorkshire Police,-1.726825,54.378451,On or near Marne Road,E01034965,Richmondshire 004I,Criminal damage and arson,Under investigation,
ae20a5b4f16c60294d9624caac8920b90d4e2aed192d5c2a5a8152e895608b1a,2026-02,North Yorkshire Police,North Yorkshire Police,-1.723757,54.376790,On or near Shopping Area,E01034965,Richmondshire 004I,Shoplifting,Investigation complete; no suspect identified,
4db41666008a8a55e6597f4c4453fb353b52b3703db76db7c5991ffca6ecca3b,2026-02,North Yorkshire Police,North Yorkshire Police,-1.724000,54.374667,On or near ,E01034965,Richmondshire 004I,Shoplifting,Under investigation,
38e9196f096177170793e9599d2e0605398030f62da36a91ce4aa26586db112a,2026-02,North Yorkshire Police,North Yorkshire Police,-1.736696,54.397327,On or near Sandbeck,E01034965,Richmondshire 004I,Vehicle crime,Under investigation,
29b17cce904e7be170bcdc95e694a7cb28dc7475c967a717117d5b883c7308ab,2026-02,North Yorkshire Police,North Yorkshire Police,-1.730948,54.376495,On or near ,E01034965,Richmondshire 004I,Violence and sexual offences,Under investigation,
43a08533111bfca1c01b01eedae7ad8e21113b0427f809a3b413ef28607107e0,2026-02,North Yorkshire Police,North Yorkshire Police,-1.730948,54.376495,On or near ,E01034965,Richmondshire 004I,Violence and sexual offences,Under investigation,
28ecec9bbefc336ce918fb79a604cb8c5d612159547705f79811dffad0f8b292,2026-02,North Yorkshire Police,North Yorkshire Police,-1.729246,54.377863,On or near La Bassee Road,E01034965,Richmondshire 004I,Violence and sexual offences,Under investigation,
8d31042b5747f63ef78e58754c1d30e0360effe549f258a7c50c7f55622a84d8,2026-02,North Yorkshire Police,North Yorkshire Police,-1.729246,54.377863,On or near La Bassee Road,E01034965,Richmondshire 004I,Violence and sexual offences,Under investigation,
5e1fa05e2027e215a1b601db9ac81bb3fd7021efa00e4f5451c527cec33d6ae9,2026-02,North Yorkshire Police,North Yorkshire Police,-1.726825,54.378451,On or near Marne Road,E01034965,Richmondshire 004I,Violence and sexual offences,Under investigation,
4e30a34e6c383d7a69bfd0fcdb8a69a76fb2a547e1988355d7b4f925a404f461,2026-02,North Yorkshire Police,North Yorkshire Police,-1.730948,54.376495,On or near ,E01034965,Richmondshire 004I,Violence and sexual offences,Under investigation,
11e00957b17952e52f91251e0c133c19b61477dee6fce90bfdbf93d2327a6b13,2026-02,North Yorkshire Police,North Yorkshire Police,-1.713807,54.379715,On or near Hallgarth,E01034965,Richmondshire 004I,Violence and sexual offences,Under investigation,
f4572b47fdb07cd27c2ee683e2a9b77e0ba69b622caebb33c92bff364252b3b7,2026-02,North Yorkshire Police,North Yorkshire Police,-1.730948,54.376495,On or near ,E01034965,Richmondshire 004I,Violence and sexual offences,Under investigation,
8c7aaac4270379d60fcaac938fae1eb85a3890e24e693c4ed14403cb4fcd89ee,2026-02,North Yorkshire Police,North Yorkshire Police,-1.726825,54.378451,On or near Marne Road,E01034965,Richmondshire 004I,Violence and sexual offences,Unable to prosecute suspect,
1771a89459098f1269a2870b16e4076f367aa40c5cd9895dcda0079b97ee832f,2026-02,North Yorkshire Police,North Yorkshire Police,-1.721235,54.376398,On or near Parking Area,E01034965,Richmondshire 004I,Violence and sexual offences,Unable to prosecute suspect,
52ef59d12bcc30f54ce0685538df9224ff0de300240f0e03b7423b719ddccd5d,2026-02,North Yorkshire Police,North Yorkshire Police,-1.729246,54.377863,On or near La Bassee Road,E01034965,Richmondshire 004I,Violence and sexual offences,Under investigation,
1a2979308abdfc2aeaca0f18fb5dedc9d59d0b705b8f5dc314ac0b13bde2c0b3,2026-02,North Yorkshire Police,North Yorkshire Police,-1.727213,54.401198,On or near Rimington Avenue,E01034965,Richmondshire 004I,Violence and sexual offences,Under investigation,
e6fbcf5978c00108a4b695c9e8a4b08763b8f0e7fed3f138ed4fa40992611049,2026-02,North Yorkshire Police,North Yorkshire Police,-1.703980,54.378181,On or near Maple Close,E01034966,Richmondshire 004J,Violence and sexual offences,Further investigation is not in the public interest,
e29778ac8a6052fcfc1ea5a8b97487bf86d6046f47bd24bea986ab82a9446e5b,2026-02,North Yorkshire Police,North Yorkshire Police,-1.710319,54.376651,On or near Kingfisher Drive,E01034966,Richmondshire 004J,Violence and sexual offences,Under investigation,
33f6cfb1bf1a5aa293a71ed9301b1d5b451be030c8c400ef676d8467652eed06,2026-02,North Yorkshire Police,North Yorkshire Police,-1.690676,54.378597,On or near Constantine Avenue,E01034966,Richmondshire 004J,Violence and sexual offences,Under investigation,
e29778ac8a6052fcfc1ea5a8b97487bf86d6046f47bd24bea986ab82a9446e5b,2026-02,North Yorkshire Police,North Yorkshire Police,-1.710319,54.376651,On or near Kingfisher Drive,E01034966,Richmondshire 004J,Violence and sexual offences,Under investigation,
3b335ac21f1cadc8144321fcb15ec2bb7127dee605073092b698e4bb0360752f,2026-02,North Yorkshire Police,North Yorkshire Police,-1.704684,54.376691,On or near Falkland Road,E01034966,Richmondshire 004J,Violence and sexual offences,Under investigation,
,2026-02,North Yorkshire Police,North Yorkshire Police,-1.685718,54.376706,On or near Tulip Avenue,E01034967,Richmondshire 004K,Anti-social behaviour,,
,2026-02,North Yorkshire Police,North Yorkshire Police,-1.685718,54.376706,On or near Tulip Avenue,E01034967,Richmondshire 004K,Anti-social behaviour,,
,2026-02,North Yorkshire Police,North Yorkshire Police,-1.693772,54.376331,On or near Mons Road,E01034967,Richmondshire 004K,Anti-social behaviour,,
,2026-02,North Yorkshire Police,North Yorkshire Police,-1.693772,54.376331,On or near Mons Road,E01034967,Richmondshire 004K,Anti-social behaviour,,
,2026-02,North Yorkshire Police,North Yorkshire Police,-1.685536,54.376265,On or near Beechwood Grove,E01034967,Richmondshire 004K,Anti-social behaviour,,
,2026-02,North Yorkshire Police,North Yorkshire Police,-1.685718,54.376706,On or near Tulip Avenue,E01034967,Richmondshire 004K,Anti-social behaviour,,
fe2e97da84a8562fed3222880683eec638ad66ade33c55ee4eeacfb23b5e8bed,2026-02,North Yorkshire Police,North Yorkshire Police,-1.687116,54.377096,On or near Rosebud Way,E01034967,Richmondshire 004K,Public order,Under investigation,
d04cf3894b85cc23ccad63a3e44aa9e6a9330704f8fb48c1973840505b8f6d25,2026-02,North Yorkshire Police,North Yorkshire Police,-1.682498,54.379004,On or near ,E01034967,Richmondshire 004K,Vehicle crime,Under investigation,
563894117836ec7c223fff55f5f68f0e160e60a30a91c3444a4da4d6e3936cfa,2026-02,North Yorkshire Police,North Yorkshire Police,-1.688127,54.377701,On or near Maple Avenue,E01034967,Richmondshire 004K,Violence and sexual offences,Under investigation,
6092c3a4a5fffa1f4aa37717b4915392d02a177d7f1f77386de0f551c69b7458,2026-02,North Yorkshire Police,North Yorkshire Police,-1.691636,54.375832,On or near Chartermark Way,E01034967,Richmondshire 004K,Violence and sexual offences,Under investigation,
afa4ccf43c9a57496d10d6221e81b71d6e8056f83680bfdfcabddb63db14bb66,2026-02,North Yorkshire Police,North Yorkshire Police,-1.687116,54.377096,On or near Rosebud Way,E01034967,Richmondshire 004K,Violence and sexual offences,Under investigation,
,2026-02,North Yorkshire Police,North Yorkshire Police,-2.103149,54.306557,On or near School Hill,E01027742,Richmondshire 005A,Anti-social behaviour,,
b2f76c244489de91d7381c489d2aefcd88b8cf6cd3075ff927ea28caed16d42f,2026-02,North Yorkshire Police,North Yorkshire Police,-2.042917,54.295531,On or near ,E01027742,Richmondshire 005A,Burglary,Under investigation,
95c87e45156537c3590deb4aecd4dbdc21561b906506f58d0e6df79bed10ce0e,2026-02,North Yorkshire Police,North Yorkshire Police,-2.083079,54.315020,On or near School Croft,E01027742,Richmondshire 005A,Violence and sexual offences,Under investigation,
5dd7853ddcd785e97d5c34e03e1aa9c115345863f38e7a151fcfe002b4a072e1,2026-02,North Yorkshire Police,North Yorkshire Police,-2.083079,54.315020,On or near School Croft,E01027742,Richmondshire 005A,Violence and sexual offences,Under investigation,
ba181a447edc40475281cdfd9090c733556c26248ffcd81e5e2eb18642a3ab63,2026-02,North Yorkshire Police,North Yorkshire Police,-2.201374,54.301517,On or near Gayle Lane,E01027753,Richmondshire 005B,Other theft,Under investigation,
b73ad86875c1d9dfd12fea3c0304a78163db794ff0ef58fd8c7d13016e0779cd,2026-02,North Yorkshire Police,North Yorkshire Police,-1.948793,54.216152,On or near Cam Gill Road,E01027763,Richmondshire 005C,Burglary,Investigation complete; no suspect identified,
ad2f2ad6672264d888a72b29f344928acd35a62ee36f4c76c1f8970de6e9dc09,2026-02,North Yorkshire Police,North Yorkshire Police,-1.907959,54.291351,On or near Main Street,E01027763,Richmondshire 005C,Burglary,Investigation complete; no suspect identified,
3e4655963c7042f49640d2233e53883bfb58f5b096167609ab1f3af6d399cc03,2026-02,North Yorkshire Police,North Yorkshire Police,-1.905703,54.290181,On or near Grassgill Lane,E01027763,Richmondshire 005C,Burglary,Investigation complete; no suspect identified,
e43321125f92652de7492eb7fa7d104599c62afdba8892bad1d2da0867a76cc8,2026-02,North Yorkshire Police,North Yorkshire Police,-1.903978,54.291995,On or near Back Lane,E01027763,Richmondshire 005C,Violence and sexual offences,Under investigation,
375bb7f076ac10d25661dcbca7cbb0f293d5f95a9333f20633539fc60f94e68e,2026-02,North Yorkshire Police,North Yorkshire Police,-1.942916,54.389059,On or near ,E01027764,Richmondshire 005D,Public order,Under investigation,
555ac846e528aef104fce53d190996dcc8ea6c84d322238d661f9942a7c440c8,2026-02,North Yorkshire Police,North Yorkshire Police,-1.943345,54.388290,On or near Anvil Square,E01027764,Richmondshire 005D,Violence and sexual offences,Investigation complete; no suspect identified,
81df05e5edf6dc1d8273d90c07b04485063a2d8f3ca300a500573e392af412db,2026-02,North Yorkshire Police,North Yorkshire Police,-2.042741,54.370052,On or near Dubbing Garth Lane,E01027773,Richmondshire 005E,Burglary,Under investigation,
d44959a8b088eb0e6cdf6373e1ea34dff39e2191cff9876f1b23d903acda5c12,2026-02,North Yorkshire Police,North Yorkshire Police,-2.175041,54.414805,On or near Stonesdale Lane,E01027773,Richmondshire 005E,Criminal damage and arson,Under investigation,
,2026-02,North Yorkshire Police,North Yorkshire Police,-1.938928,54.313605,On or near Thoresby Lane,E01027744,Richmondshire 006A,Anti-social behaviour,,
c205a5392fa701296077bef4fa9b2c43afecf836709fc6f507b3e9327665aa85,2026-02,North Yorkshire Police,North Yorkshire Police,-1.933603,54.317512,On or near Hargill Drive,E01027744,Richmondshire 006A,Burglary,Investigation complete; no suspect identified,
c01a63d457f29223e099992f8d3cf76523aacc71b38f3c57a47e5e17af67f432,2026-02,North Yorkshire Police,North Yorkshire Police,-1.881252,54.315153,On or near Keldheads Lane,E01027744,Richmondshire 006A,Violence and sexual offences,Unable to prosecute suspect,
83cc8e551220e1a78f9a1b1ef1782b4289ca21c702c1cd509431da8ff6f6f739,2026-02,North Yorkshire Police,North Yorkshire Police,-1.881252,54.315153,On or near Keldheads Lane,E01027744,Richmondshire 006A,Violence and sexual offences,Unable to prosecute suspect,
9aaea0004275872424d34521204b92f76bba6ac522eee9ebf44b9cdc57369cf3,2026-02,North Yorkshire Police,North Yorkshire Police,-1.923793,54.310595,On or near Well Lane,E01027744,Richmondshire 006A,Other crime,Action to be taken by another organisation,
,2026-02,North Yorkshire Police,North Yorkshire Police,-1.702435,54.355485,On or near The Steadings,E01027756,Richmondshire 006B,Anti-social behaviour,,
f8e394e6f7c23728aa05640d2b66a30d8285f390ed15549c6edc646dcb019347,2026-02,North Yorkshire Police,North Yorkshire Police,-1.678963,54.380229,On or near Supermarket,E01027756,Richmondshire 006B,Shoplifting,Under investigation,
8eaf5110112a3001bcf915c98f56aeee9bcefc85742c97f6976d81ee54f38fca,2026-02,North Yorkshire Police,North Yorkshire Police,-1.677891,54.381440,On or near Bronte Drive,E01027756,Richmondshire 006B,Violence and sexual offences,Under investigation,
cc435d9514e62a13a2a1ce7fb74826d67ff591b013dfdad2256462b28aeca02f,2026-02,North Yorkshire Police,North Yorkshire Police,-1.707359,54.309063,On or near ,E01027758,Richmondshire 006D,Violence and sexual offences,Under investigation,
cb067010e498eb5eb7da89dfc0c1c45b36b45f0ff8670dee697778d6a7676788,2026-02,North Yorkshire Police,North Yorkshire Police,-1.812828,54.285579,On or near Park Lane,E01027760,Richmondshire 006E,Burglary,Under investigation,
5aedfb44906238ad24b5fcf948a43d0ee5af3c7de3206aca170eb0452246e15a,2026-02,North Yorkshire Police,North Yorkshire Police,-1.845524,54.307208,On or near Sports/Recreation Area,E01033185,Richmondshire 006F,Burglary,Under investigation,
6cc25ae34cf610f1e5412a3ffa9ed05692e4366b92b2545d9a2fb70d8377e213,2026-02,North Yorkshire Police,North Yorkshire Police,-1.824712,54.312145,On or near Woodside,E01033185,Richmondshire 006F,Public order,Under investigation,
647437b45ba28b7f090af4c35a0a84d19765b25076900a3d5067157485332de1,2026-02,North Yorkshire Police,North Yorkshire Police,-1.805856,54.302603,On or near ,E01033186,Richmondshire 006G,Drugs,Further investigation is not in the public interest,
736ae5351e406fea918defa3587c2c26e22962d396061d6b7055185beb053e80,2026-02,North Yorkshire Police,North Yorkshire Police,-1.805856,54.302603,On or near ,E01033186,Richmondshire 006G,Possession of weapons,Further investigation is not in the public interest,
4399ea7c263c0fc1aa9d21734655b92671db58f290b9e6901380804475ed8df0,2026-02,North Yorkshire Police,North Yorkshire Police,-1.826739,54.312678,On or near Richmond Road,E01033186,Richmondshire 006G,Violence and sexual offences,Unable to prosecute suspect,
061d9367d659ba6468c3eb809fca2c82e2ad31f18c3b141dd400802a3af5cd71,2026-02,North Yorkshire Police,North Yorkshire Police,-1.802918,54.302289,On or near Hargill Close,E01033186,Richmondshire 006G,Violence and sexual offences,Unable to prosecute suspect,
9ff41447d5dcc67a9688dab9c28c977961bf85cd9bdbc8f3ff251e1361963932,2026-02,North Yorkshire Police,North Yorkshire Police,-0.752190,54.301678,On or near Yatts Road,E01027776,Ryedale 001A,Vehicle crime,Under investigation,
f16907f9345844b31a43dcecaa71974d55e148a99959bee35a3f4419962b0366,2026-02,North Yorkshire Police,North Yorkshire Police,-0.811951,54.245181,On or near Costa Lane,E01027776,Ryedale 001A,Violence and sexual offences,Unable to prosecute suspect,
f678fd28ff6e04fbc149fd95ee2e1eaec4410176ebd934c5903a408bd32f7ab9,2026-02,North Yorkshire Police,North Yorkshire Police,-0.820765,54.302592,On or near Parking Area,E01027776,Ryedale 001A,Violence and sexual offences,Unable to prosecute suspect,
b254f341da7b2a8e561a09bcbd9d44cc9a575864c2014d5a51dc5e886b9d6643,2026-02,North Yorkshire Police,North Yorkshire Police,-0.827015,54.263826,On or near Wrelton Cliff Road,E01027776,Ryedale 001A,Violence and sexual offences,Under investigation,
,2026-02,North Yorkshire Police,North Yorkshire Police,-0.984082,54.327392,On or near Coal Road,E01027777,Ryedale 001B,Anti-social behaviour,,
3e4cbc1a4bd8c21d67ef95332b706810f2b51a26a69b3032a2114d871303b968,2026-02,North Yorkshire Police,North Yorkshire Police,-0.967578,54.368685,On or near Mackeridge Lane,E01027777,Ryedale 001B,Violence and sexual offences,Under investigation,
7e56bb73ed104ca5b73230daaa52a60c80cf1649e1a324c2bfe795da26af2012,2026-02,North Yorkshire Police,North Yorkshire Police,-0.918347,54.302123,On or near Moor Lane,E01027777,Ryedale 001B,Violence and sexual offences,Under investigation,
7a7e8821ac9c7c0a5ca7e7be039e329a96b07603b32057a46ed20b94af14fd34,2026-02,North Yorkshire Police,North Yorkshire Police,-0.939137,54.271731,On or near Willow Rise,E01027783,Ryedale 001C,Burglary,Under investigation,
cf15968d57d5041d344e4b7b2bf6f5af6f52261d99d05871eac2c02760e93ad2,2026-02,North Yorkshire Police,North Yorkshire Police,-0.920820,54.264997,On or near ,E01027783,Ryedale 001C,Criminal damage and arson,Under investigation,
42847f890c879fb9c168dfd27f20930f0e0eb2dc08be31fdbe3d1c9f2dcd971b,2026-02,North Yorkshire Police,North Yorkshire Police,-0.942948,54.269398,On or near ,E01027783,Ryedale 001C,Drugs,Awaiting court outcome,
92a40985ed8ed1669e8b5248d93ec9af0cb9d5779274b88fa9c93607d51c43fd,2026-02,North Yorkshire Police,North Yorkshire Police,-0.956310,54.251470,On or near Back Lane,E01027783,Ryedale 001C,Vehicle crime,Investigation complete; no suspect identified,
0d04db3d214cfb283adea0b7e799221729709813c6088fd338c849a42513c88d,2026-02,North Yorkshire Police,North Yorkshire Police,-0.927498,54.266955,On or near Queen'S Way,E01027783,Ryedale 001C,Violence and sexual offences,Unable to prosecute suspect,
f293a67bd3e2ffd3481200ab29ef96b8e652673fb802f64897fc0c54d0422e49,2026-02,North Yorkshire Police,North Yorkshire Police,-0.942948,54.269398,On or near ,E01027783,Ryedale 001C,Violence and sexual offences,Under investigation,
a22229be3313db1075b32228ab74aecb82f2e8de64c37427bb39e44e96611c5b,2026-02,North Yorkshire Police,North Yorkshire Police,-0.942484,54.270361,On or near ,E01027783,Ryedale 001C,Violence and sexual offences,Unable to prosecute suspect,
e0a1d9ff5c1450d7524230ae37745748d44c46e458f7ba5a5e0b99dd6926644b,2026-02,North Yorkshire Police,North Yorkshire Police,-0.942948,54.269398,On or near ,E01027783,Ryedale 001C,Violence and sexual offences,Under investigation,
7affb7e0da6c16f4a92799f3a43e10e85897b8dcce311047aceb662a9caaafca,2026-02,North Yorkshire Police,North Yorkshire Police,-0.973008,54.245951,On or near Page Lane,E01027783,Ryedale 001C,Violence and sexual offences,Under investigation,
224329d8948a4e7733861376f83a26d11662505e3a678d88c873a4027b92811b,2026-02,North Yorkshire Police,North Yorkshire Police,-0.928469,54.266226,On or near Yeomans Court,E01027783,Ryedale 001C,Violence and sexual offences,Under investigation,
,2026-02,North Yorkshire Police,North Yorkshire Police,-0.928685,54.269149,On or near Marsh Lane,E01027784,Ryedale 001D,Anti-social behaviour,,
6e199fce0698cb5105f0a53c4be004cf2b0b312fbfda172b24f69f6c0b85b776,2026-02,North Yorkshire Police,North Yorkshire Police,-0.929465,54.267475,On or near Petch Garth,E01027784,Ryedale 001D,Public order,Under investigation,
3b1ee0b78dbc06620f77de3daee07374d88181c9eb41526d72128e417dedd31d,2026-02,North Yorkshire Police,North Yorkshire Police,-0.930405,54.267358,On or near Petrol Station,E01027784,Ryedale 001D,Shoplifting,Investigation complete; no suspect identified,
a9371fe4f5c4083f6be368726c744596eb7d7ce9f90b5adda437dfbfb0d1a067,2026-02,North Yorkshire Police,North Yorkshire Police,-0.929465,54.267475,On or near Petch Garth,E01027784,Ryedale 001D,Violence and sexual offences,Under investigation,
3979b426ae20b47f1ff40ffc7037c389b4a50a5cfa38e3a82d925c36e4a11775,2026-02,North Yorkshire Police,North Yorkshire Police,-0.929465,54.267475,On or near Petch Garth,E01027784,Ryedale 001D,Violence and sexual offences,Under investigation,
,2026-02,North Yorkshire Police,North Yorkshire Police,-0.777497,54.249897,On or near Castle Bank,E01027792,Ryedale 002A,Anti-social behaviour,,
,2026-02,North Yorkshire Police,North Yorkshire Police,-0.776479,54.246445,On or near Burgate,E01027792,Ryedale 002A,Anti-social behaviour,,
ce42677a930e9735ca12b0c993328fd50d8f9cd2815c00a03ce1c88696a0d019,2026-02,North Yorkshire Police,North Yorkshire Police,-0.777389,54.244728,On or near Hungate,E01027792,Ryedale 002A,Criminal damage and arson,Under investigation,
a431f6d32a1a37cc33eb49f04b4de9419fd2933f1329fbc1b294b32cec2ea9dc,2026-02,North Yorkshire Police,North Yorkshire Police,-0.771536,54.249576,On or near Westlands,E01027792,Ryedale 002A,Criminal damage and arson,Under investigation,
c6ac6f35d50632d9dd7b700e16337ef024ffeb5ebed871aa6dfb9eb5bd55728e,2026-02,North Yorkshire Police,North Yorkshire Police,-0.777663,54.245854,On or near Market Place,E01027792,Ryedale 002A,Criminal damage and arson,Under investigation,
c02109763ce0b3335923b37f7364c514f07a1a2b967d37ed57168502e7ee04c6,2026-02,North Yorkshire Police,North Yorkshire Police,-0.774151,54.244219,On or near Parking Area,E01027792,Ryedale 002A,Criminal damage and arson,Under investigation,
3847d628fd364c883e87f494df3b4b843ab3a8956c6860d8f91ae6588be1c2df,2026-02,North Yorkshire Police,North Yorkshire Police,-0.777663,54.245854,On or near Market Place,E01027792,Ryedale 002A,Other theft,Under investigation,
d65f0e958a816253535bdbe7d5b361f547a7b78329d59cb99909d096fe5a25e5,2026-02,North Yorkshire Police,North Yorkshire Police,-0.774151,54.244219,On or near Parking Area,E01027792,Ryedale 002A,Shoplifting,Under investigation,
825cbca0d83bc21a337969d446f1cdf4f964077e427ac2c68de75ca64ace85cd,2026-02,North Yorkshire Police,North Yorkshire Police,-0.776142,54.245381,On or near Birdgate,E01027792,Ryedale 002A,Violence and sexual offences,Unable to prosecute suspect,
657c050948d00e1fdf79fb715335dd546fb8b68cd9fdb86a746eaf9de525b0fe,2026-02,North Yorkshire Police,North Yorkshire Police,-0.777663,54.245854,On or near Market Place,E01027792,Ryedale 002A,Violence and sexual offences,Under investigation,
be25c81b3a922d121681f3c2bf490576c46f478a9cf1b05037b4d8f5356c87ec,2026-02,North Yorkshire Police,North Yorkshire Police,-0.777663,54.245854,On or near Market Place,E01027792,Ryedale 002A,Violence and sexual offences,Under investigation,
07ab8a64e0bba479dd31d32067e70323800f4c4febcb7739132b263b3b35677c,2026-02,North Yorkshire Police,North Yorkshire Police,-0.777663,54.245854,On or near Market Place,E01027792,Ryedale 002A,Violence and sexual offences,Under investigation,
52186e359a99ee87eab0c5a0ca06364ecbf59b3ab889f2f3cf74a71f71284f81,2026-02,North Yorkshire Police,North Yorkshire Police,-0.776142,54.245381,On or near Birdgate,E01027792,Ryedale 002A,Violence and sexual offences,Under investigation,
,2026-02,North Yorkshire Police,North Yorkshire Police,-0.774231,54.225368,On or near ,E01027793,Ryedale 002B,Anti-social behaviour,,
2d68c0cdb88ee6d331279409d690e8ebfca109d8d502b13e86a0aba5d8781175,2026-02,North Yorkshire Police,North Yorkshire Police,-0.766461,54.241678,On or near Birch View,E01027793,Ryedale 002B,Public order,Under investigation,
c27585d66d619aa8362d5a18677ed12c258f159ee37dd92958e1bf28e7b479b8,2026-02,North Yorkshire Police,North Yorkshire Police,-0.770407,54.222502,On or near Parking Area,E01027793,Ryedale 002B,Public order,Under investigation,
33246dd1a04bc48a4c84fe4e196cb43a5280b48aa4a1da9da86ec62693004411,2026-02,North Yorkshire Police,North Yorkshire Police,-0.772102,54.243964,On or near Crofts Avenue,E01027793,Ryedale 002B,Violence and sexual offences,Under investigation,
f6963f00a0ce15e76e9540c73949ac51b9f1c01b22e80bd7f83659d17c5398ef,2026-02,North Yorkshire Police,North Yorkshire Police,-0.766728,54.242507,On or near Forest Road,E01027793,Ryedale 002B,Violence and sexual offences,Investigation complete; no suspect identified,
843296d0ea4adb33e6cafd16b5b0789b8226fcb5b37ac66e5235ee82d8eeb16c,2026-02,North Yorkshire Police,North Yorkshire Police,-0.764237,54.241143,On or near The Orchard,E01027793,Ryedale 002B,Violence and sexual offences,Unable to prosecute suspect,
,2026-02,North Yorkshire Police,North Yorkshire Police,-0.781648,54.242893,On or near Troutbeck Close,E01027794,Ryedale 002C,Anti-social behaviour,,
cab9a803f7746094198036d7fafba86ad12c92e59617173adb69ffb4b12c1795,2026-02,North Yorkshire Police,North Yorkshire Police,-0.769273,54.259098,On or near Yatts Road,E01027794,Ryedale 002C,Burglary,Investigation complete; no suspect identified,
a3ade7fff46d0f33e7aaa6549995b97bc64a0222d10aa728397ec66500e2a620,2026-02,North Yorkshire Police,North Yorkshire Police,-0.787503,54.250466,On or near Swainsea Drive,E01027794,Ryedale 002C,Burglary,Under investigation,
524fd9646bac6e1bb649b2e6c0b2cfeedc838c488555d394a36d07add64a54e2,2026-02,North Yorkshire Police,North Yorkshire Police,-0.760388,54.274817,On or near Yatts Road,E01027794,Ryedale 002C,Other theft,Unable to prosecute suspect,
41f36974ac877ccbd6dbe9108862e77625f2e06511d9121a920c1cd60ead47bf,2026-02,North Yorkshire Police,North Yorkshire Police,-0.769273,54.259098,On or near Yatts Road,E01027794,Ryedale 002C,Violence and sexual offences,Under investigation,
f97f852403e45f9cddbfd4c2a604657123d45b8bea9e7bf5dd12dc23c1293f12,2026-02,North Yorkshire Police,North Yorkshire Police,-0.769273,54.259098,On or near Yatts Road,E01027794,Ryedale 002C,Violence and sexual offences,Unable to prosecute suspect,
,2026-02,North Yorkshire Police,North Yorkshire Police,-0.783104,54.245038,On or near Robinson Court,E01027795,Ryedale 002D,Anti-social behaviour,,
3a7e5d9033d0395c6df55cb0bc7af40b69f7ce6fe422c06b2f1233e5eb24f31c,2026-02,North Yorkshire Police,North Yorkshire Police,-0.783104,54.245038,On or near Robinson Court,E01027795,Ryedale 002D,Burglary,Under investigation,
9ca25255b06dde73a4505148c0e7487d273b8b6243cf4bae9ec3e4aa4952030c,2026-02,North Yorkshire Police,North Yorkshire Police,-0.783973,54.244283,On or near ,E01027795,Ryedale 002D,Public order,Under investigation,
2f479618238b3d92f9e111a8a5b6d80991277e25e0e17df2ce804947e2d0ed74,2026-02,North Yorkshire Police,North Yorkshire Police,-0.785190,54.241940,On or near West Pasture,E01027795,Ryedale 002D,Public order,Under investigation,
78eefd1dfec6ecd75a5db3eb1aaa3fb733cd9528173c0229a10ee14f41f8bd6a,2026-02,North Yorkshire Police,North Yorkshire Police,-0.780847,54.244026,On or near Parking Area,E01027795,Ryedale 002D,Violence and sexual offences,Under investigation,
6e7aada55bba3ec65ca0c39b7fff711fe73f166e02cfc0d31bd974a85d3c7689,2026-02,North Yorkshire Police,North Yorkshire Police,-0.783973,54.244283,On or near ,E01027795,Ryedale 002D,Violence and sexual offences,Under investigation,
cdc48c053bc2a1aa6032ab332cae1a12f85d055393a6aa90321efc15ed1e4a3f,2026-02,North Yorkshire Police,North Yorkshire Police,-0.781616,54.243459,On or near Fishers Garth,E01027795,Ryedale 002D,Violence and sexual offences,Unable to prosecute suspect,
d477dc8c5eefc4c4f1241bd468f6d316425624b6d80af022f2eb62e26f226f76,2026-02,North Yorkshire Police,North Yorkshire Police,-0.784367,54.242803,On or near Pike Road,E01027795,Ryedale 002D,Violence and sexual offences,Under investigation,
154bf2184c15964c13848e4be766d1875f72c7faf40c68cca6294b3e42848167,2026-02,North Yorkshire Police,North Yorkshire Police,-0.783973,54.244283,On or near ,E01027795,Ryedale 002D,Violence and sexual offences,Unable to prosecute suspect,
,2026-02,North Yorkshire Police,North Yorkshire Police,-0.711403,54.237201,On or near South Lane,E01027801,Ryedale 002E,Anti-social behaviour,,
,2026-02,North Yorkshire Police,North Yorkshire Police,-0.690312,54.331513,On or near ,E01027802,Ryedale 002F,Anti-social behaviour,,
,2026-02,North Yorkshire Police,North Yorkshire Police,-1.107458,54.197616,On or near St. Benedicts Close,E01027775,Ryedale 003A,Anti-social behaviour,,
,2026-02,North Yorkshire Police,North Yorkshire Police,-1.107458,54.197616,On or near St. Benedicts Close,E01027775,Ryedale 003A,Anti-social behaviour,,
,2026-02,North Yorkshire Police,North Yorkshire Police,-1.107458,54.197616,On or near St. Benedicts Close,E01027775,Ryedale 003A,Anti-social behaviour,,
e9b2b72d7790b0bbf8c66cde744066acb656d3e76edfe6e519f0a7f3ad21e58d,2026-02,North Yorkshire Police,North Yorkshire Police,-1.107458,54.197616,On or near St. Benedicts Close,E01027775,Ryedale 003A,Criminal damage and arson,Under investigation,
81651e6660f334c8ec1f2a2d036823f4ca23c31c1727fadaaeeec894d621f03d,2026-02,North Yorkshire Police,North Yorkshire Police,-1.107458,54.197616,On or near St. Benedicts Close,E01027775,Ryedale 003A,Public order,Under investigation,
54a6ea1fc54d8dd924e2a0bcfe95464a2fafd096f8b8bcfc7f9d744e52b08392,2026-02,North Yorkshire Police,North Yorkshire Police,-1.107458,54.197616,On or near St. Benedicts Close,E01027775,Ryedale 003A,Violence and sexual offences,Under investigation,
,2026-02,North Yorkshire Police,North Yorkshire Police,-1.056073,54.249551,On or near Carlton Road,E01027780,Ryedale 003B,Anti-social behaviour,,
85e10e70c9775f5bf195360716bd004a5c778dc8d6ba17dd5ee142451332d5ee,2026-02,North Yorkshire Police,North Yorkshire Police,-1.165899,54.301401,On or near Shawclose Lane,E01027780,Ryedale 003B,Burglary,Under investigation,
331b823717df5a45b137934f9295cc8eadffb5e76f893bd42b53aefbc24bd95b,2026-02,North Yorkshire Police,North Yorkshire Police,-1.165899,54.301401,On or near Shawclose Lane,E01027780,Ryedale 003B,Burglary,Under investigation,
10a01696588872ced4b0ba5f5253edb5452b97ed3e337b2bb3155f1e5d760743,2026-02,North Yorkshire Police,North Yorkshire Police,-1.060724,54.225878,On or near Low Street,E01027780,Ryedale 003B,Violence and sexual offences,Under investigation,
cba9bf52168f6cc167f19977b665fdbeb2797382610d49c500f2340d18ecd7ed,2026-02,North Yorkshire Police,North Yorkshire Police,-0.994005,54.255286,On or near School Lane,E01027780,Ryedale 003B,Violence and sexual offences,Under investigation,
b14f43993ec6a75ddd1b4203e8fe5395054a5f400f2efc049a3e28ac6179bf41,2026-02,North Yorkshire Police,North Yorkshire Police,-1.063391,54.246992,On or near B1257,E01027780,Ryedale 003B,Violence and sexual offences,Under investigation,
cb4d666fa78aabfd6f150b62b1f01589ce1131db07537c7fd9849739f6ed91c7,2026-02,North Yorkshire Police,North Yorkshire Police,-1.060724,54.225878,On or near Low Street,E01027780,Ryedale 003B,Violence and sexual offences,Under investigation,
78ac34a7d007f3b1e62779915f9f31147249a97b53d3bca3d9d0c4f244b3ccfc,2026-02,North Yorkshire Police,North Yorkshire Police,-0.994606,54.251418,On or near Gale Lane,E01027780,Ryedale 003B,Violence and sexual offences,Under investigation,
e77d49483321a73560ff0f38989f74886b1eceb6cb0c8767e8f68aa263abd388,2026-02,North Yorkshire Police,North Yorkshire Police,-1.053129,54.244737,On or near Chapel Close,E01027781,Ryedale 003C,Burglary,Under investigation,
6921921d3fe5bb37698460df0ca5fac237a3b48710ad5fdc2cb34cc3d46573b6,2026-02,North Yorkshire Police,North Yorkshire Police,-1.056199,54.246952,On or near Petrol Station,E01027781,Ryedale 003C,Other theft,Under investigation,
9098d7331625c910b5f23bd243e62308495cd7d3370a5c5f52398c1b47f333c2,2026-02,North Yorkshire Police,North Yorkshire Police,-1.056199,54.246952,On or near Petrol Station,E01027781,Ryedale 003C,Other theft,Under investigation,
77411b7592be071012b8eccb6df6dc23ba3d6870b7266288814df7fc3d0caf95,2026-02,North Yorkshire Police,North Yorkshire Police,-1.051642,54.246694,On or near Acres Close,E01027781,Ryedale 003C,Possession of weapons,Under investigation,
625c2d2657660d22791c7bcc91ae448299c15fee2baa9c5312c16ead8622287e,2026-02,North Yorkshire Police,North Yorkshire Police,-1.059518,54.245902,On or near Theatre/Concert Hall,E01027781,Ryedale 003C,Public order,Unable to prosecute suspect,
c7ddf2dc91a47488778abaece294b9f01bdc895ba58e67624d6abc755dc44974,2026-02,North Yorkshire Police,North Yorkshire Police,-1.060150,54.245071,On or near Bridge Street,E01027781,Ryedale 003C,Public order,Under investigation,
5b9cee44e6380084e832ce06ec324b279250eacec309c20cf04cc5c64b8c9f2f,2026-02,North Yorkshire Police,North Yorkshire Police,-1.057295,54.250486,On or near Withington Road,E01027781,Ryedale 003C,Violence and sexual offences,Under investigation,
d7742cb4b8c1eae0f521cf0da6dcb8b679b55928d26e890817123f48239a300a,2026-02,North Yorkshire Police,North Yorkshire Police,-1.056979,54.246188,On or near Eastgate,E01027781,Ryedale 003C,Violence and sexual offences,Under investigation,
4fb227e117600b4dbcaa5d76203a72cea4f9430df9904be469ac71e514252e0c,2026-02,North Yorkshire Police,North Yorkshire Police,-1.010028,54.231044,On or near Owmen Field Lane,E01027800,Ryedale 003D,Public order,Unable to prosecute suspect,
7b729a3e6292fa97eddd4d5eae781efc6bf9d3b1137566e7abffd4504ce06cce,2026-02,North Yorkshire Police,North Yorkshire Police,-0.917042,54.247618,On or near Wapping Lane,E01027800,Ryedale 003D,Vehicle crime,Investigation complete; no suspect identified,
9dfc44e5fc830f5950f8b36ba4fabf57833ea8817e6cd12cb54e945093c79a89,2026-02,North Yorkshire Police,North Yorkshire Police,-0.722199,54.120606,On or near Back Lane,E01027779,Ryedale 004A,Criminal damage and arson,Under investigation,
,2026-02,North Yorkshire Police,North Yorkshire Police,-0.657596,54.169125,On or near ,E01027796,Ryedale 004B,Anti-social behaviour,,
,2026-02,North Yorkshire Police,North Yorkshire Police,-0.694138,54.157075,On or near High Street,E01027796,Ryedale 004B,Anti-social behaviour,,
e941cc5b30c4c99115ccceb133126fb51f7859dacc19f2d7d0cbe17996902fb6,2026-02,North Yorkshire Police,North Yorkshire Police,-0.668452,54.176766,On or near Poplars Lane,E01027796,Ryedale 004B,Violence and sexual offences,Unable to prosecute suspect,
149285b9aea90874b58367268ba00fb151b3a5bb7b1d80c4b1115b856249bdf1,2026-02,North Yorkshire Police,North Yorkshire Police,-0.698553,54.158408,On or near Sledgate Garth,E01027796,Ryedale 004B,Violence and sexual offences,Under investigation,
d01ee9807e39796fa52e71932b3315d189977c189014ac98af7463c643cc4a0c,2026-02,North Yorkshire Police,North Yorkshire Police,-0.430855,54.199532,On or near ,E01027798,Ryedale 004C,Other theft,Under investigation,
3e4b951e4c98b38543d46e823ef6de005e3e045669b83e79b6eecd92c3a510cf,2026-02,North Yorkshire Police,North Yorkshire Police,-0.430855,54.199532,On or near ,E01027798,Ryedale 004C,Violence and sexual offences,Under investigation,
a8932e0cdb2f5ff0149e26d6c927898eeb6ce9735fb8eeeb44f707dbdfe12340,2026-02,North Yorkshire Police,North Yorkshire Police,-0.486336,54.184825,On or near Main Street,E01027798,Ryedale 004C,Violence and sexual offences,Unable to prosecute suspect,
a3d4ee21c859b08d0bce6ec84f0317a83f3d6ee8cac94f30df69126c80006467,2026-02,North Yorkshire Police,North Yorkshire Police,-0.480068,54.176459,On or near Ganton Hill,E01027798,Ryedale 004C,Violence and sexual offences,Under investigation,
f6d784e654907fc7693b86226cd71a2888a14550e65a071686dfa24f5455f525,2026-02,North Yorkshire Police,North Yorkshire Police,-0.454609,54.186580,On or near Parking Area,E01027798,Ryedale 004C,Violence and sexual offences,Under investigation,
c1b4fdb430ba011ce2aad66ee6f9137abe2539fe004bb8be04621a0711b232b7,2026-02,North Yorkshire Police,North Yorkshire Police,-0.579647,54.180398,On or near Carr Lane,E01027798,Ryedale 004C,Violence and sexual offences,Unable to prosecute suspect,
,2026-02,North Yorkshire Police,North Yorkshire Police,-0.521120,54.125197,On or near Back Lane,E01027803,Ryedale 004D,Anti-social behaviour,,
16d194091e050c096cbf06bd01761e0b7c51abb6953fd93b2038b10e49afd93e,2026-02,North Yorkshire Police,North Yorkshire Police,-0.521120,54.125197,On or near Back Lane,E01027803,Ryedale 004D,Criminal damage and arson,Unable to prosecute suspect,
3b9b15129521a597db9fd8a459a8d3f5db6032228803b4726124a8a8407d9371,2026-02,North Yorkshire Police,North Yorkshire Police,-0.521120,54.125197,On or near Back Lane,E01027803,Ryedale 004D,Criminal damage and arson,Investigation complete; no suspect identified,
faa9511a3efeeae8797dcfde9fcaed179c770d618685340615e1875bc4228fb0,2026-02,North Yorkshire Police,North Yorkshire Police,-0.588819,54.135547,On or near Newlands Lane,E01027803,Ryedale 004D,Other theft,Investigation complete; no suspect identified,
c0c1d3874addd5159418779ad233238b707f3f504281e5c98c152cbf6d191ce7,2026-02,North Yorkshire Police,North Yorkshire Police,-0.484789,54.127361,On or near Butterwick Road,E01027803,Ryedale 004D,Other theft,Under investigation,
,2026-02,North Yorkshire Police,North Yorkshire Police,-0.840323,54.148406,On or near High Street,E01027774,Ryedale 007A,Anti-social behaviour,,
7fe4f63f4482c76778cecba97bd0eddcf352dee05998dad8e2132329134367e9,2026-02,North Yorkshire Police,North Yorkshire Police,-0.800133,54.206093,On or near Kirby Misperton Road,E01027774,Ryedale 007A,Vehicle crime,Unable to prosecute suspect,
251b02724b85160776d2cec5569b77457b519a38820730d57cfd5caed66c6f82,2026-02,North Yorkshire Police,North Yorkshire Police,-0.853730,54.151357,On or near Amotherby Lane,E01027774,Ryedale 007A,Violence and sexual offences,Unable to prosecute suspect,
4065df92092641e7c09e369235d66b507b992a524abe7256f50cfdce54599036,2026-02,North Yorkshire Police,North Yorkshire Police,-0.811841,54.215749,On or near ,E01027774,Ryedale 007A,Violence and sexual offences,Under investigation,
,2026-02,North Yorkshire Police,North Yorkshire Police,-0.849367,54.105476,On or near Back Lane,E01027778,Ryedale 007B,Anti-social behaviour,,
1337970cb31efedeed657a742a81cbc39e09199203fc025a4ace442653782e7b,2026-02,North Yorkshire Police,North Yorkshire Police,-0.897775,54.102028,On or near Church Lane,E01027778,Ryedale 007B,Criminal damage and arson,Investigation complete; no suspect identified,
9d6780e96e24b6540e37311bbe8f767824a102650e7fd97deb77a0b62717b146,2026-02,North Yorkshire Police,North Yorkshire Police,-0.879324,54.093318,On or near ,E01027778,Ryedale 007B,Violence and sexual offences,Unable to prosecute suspect,
357fa4f9e6cba3f11e2edf294e9dc8f7c337fa3e7cb8cc7ec6249096a617c92b,2026-02,North Yorkshire Police,North Yorkshire Police,-0.879324,54.093318,On or near ,E01027778,Ryedale 007B,Violence and sexual offences,Unable to prosecute suspect,
,2026-02,North Yorkshire Police,North Yorkshire Police,-0.936663,54.076439,On or near Foston Lane,E01027797,Ryedale 007D,Anti-social behaviour,,
4688018008edf3c9d2b43ddaa10212c81db51bdddbd95eac2f92ad474b412eb0,2026-02,North Yorkshire Police,North Yorkshire Police,-0.938799,54.052433,On or near ,E01027797,Ryedale 007D,Burglary,Unable to prosecute suspect,
1b711875c00564ed91243dbc4f625f000e81c9af6d613c9af030f3836782c413,2026-02,North Yorkshire Police,North Yorkshire Police,-0.881675,54.014649,On or near ,E01027797,Ryedale 007D,Violence and sexual offences,Under investigation,
46c4aaeed9f7cf7b90ab6b0a3af4351fa360c007ce4ba58604f1becbd1a34255,2026-02,North Yorkshire Police,North Yorkshire Police,-0.940590,54.033825,On or near Kirk Balk Lane,E01027797,Ryedale 007D,Violence and sexual offences,Under investigation,
,2026-02,North Yorkshire Police,North Yorkshire Police,-0.997699,54.088845,On or near East End,E01027799,Ryedale 007E,Anti-social behaviour,,
07dd64902369d82c44bc5a597586d5bc436ad45e4f8598372e0bb02fda342b7e,2026-02,North Yorkshire Police,North Yorkshire Police,-1.035789,54.073930,On or near Sports/Recreation Area,E01027799,Ryedale 007E,Burglary,Under investigation,
54234688c599abfffffcc675eebe33d3ef3938b07ed497407625fdceb0077b27,2026-02,North Yorkshire Police,North Yorkshire Police,-1.010677,54.077358,On or near Goose Track Lane,E01027799,Ryedale 007E,Criminal damage and arson,Under investigation,
3289233bb5a316400f35b52b52bab265b8edf575382827b846c9c1c4a6315cca,2026-02,North Yorkshire Police,North Yorkshire Police,-1.035789,54.073930,On or near Sports/Recreation Area,E01027799,Ryedale 007E,Criminal damage and arson,Under investigation,
6befa3296106aa2a75b502c6d8a6ecb9723f3321f2576337762fd7d1a63fc1ef,2026-02,North Yorkshire Police,North Yorkshire Police,-1.035789,54.073930,On or near Sports/Recreation Area,E01027799,Ryedale 007E,Criminal damage and arson,Under investigation,
4bdf0dc470801e856ae64c797f5f9c22741ff7960ad1833bc7913a9fc395d20e,2026-02,North Yorkshire Police,North Yorkshire Police,-0.960605,54.051059,On or near Barney Lane,E01027799,Ryedale 007E,Violence and sexual offences,Under investigation,
e13e3a2506a5c16a8ea43f9b6b5562c8ed9e928daf6f34de9a50e4fab39f063c,2026-02,North Yorkshire Police,North Yorkshire Police,-0.998899,54.088540,On or near The Croft,E01027799,Ryedale 007E,Violence and sexual offences,Under investigation,
,2026-02,North Yorkshire Police,North Yorkshire Police,-0.791369,54.144410,On or near Maple Avenue,E01027787,Ryedale 009A,Anti-social behaviour,,
,2026-02,North Yorkshire Police,North Yorkshire Police,-0.778184,54.152247,On or near ,E01027787,Ryedale 009A,Anti-social behaviour,,
,2026-02,North Yorkshire Police,North Yorkshire Police,-0.778184,54.152247,On or near ,E01027787,Ryedale 009A,Anti-social behaviour,,
,2026-02,North Yorkshire Police,North Yorkshire Police,-0.790604,54.139666,On or near Ashfield Avenue,E01027787,Ryedale 009A,Anti-social behaviour,,
cb6c8c78b31b22ad428fbca1a2830d3b95fd77f50fe67bca15209224f2027a38,2026-02,North Yorkshire Police,North Yorkshire Police,-0.778711,54.145847,On or near Westgate,E01027787,Ryedale 009A,Other theft,Under investigation,
58186d3726388bd27da2cfb4c5a57777fbe5e77d279295345e135da3386145d9,2026-02,North Yorkshire Police,North Yorkshire Police,-0.780504,54.145811,On or near Westfold,E01027787,Ryedale 009A,Public order,Under investigation,
18ea6ad1f4fec9b30b9df0ff76fb85451f7f7e81db68a4be2682279bc808c7b4,2026-02,North Yorkshire Police,North Yorkshire Police,-0.787938,54.142893,On or near Hawthorn Avenue,E01027787,Ryedale 009A,Violence and sexual offences,Unable to prosecute suspect,
4669cf89719bf75388c25e68d0edf7293048d1b034dfc42a8de39277c1dd4c0f,2026-02,North Yorkshire Police,North Yorkshire Police,-0.801609,54.143919,On or near Outgang Road,E01027787,Ryedale 009A,Violence and sexual offences,Under investigation,
296bb7745b5d602b31afc26976392a9693ad7ebcb4e786c67f9d34105af9f666,2026-02,North Yorkshire Police,North Yorkshire Police,-0.790391,54.143277,On or near Cherry Avenue,E01027787,Ryedale 009A,Violence and sexual offences,Under investigation,
a889d36116e29619c38f8b6079a99734d038728a015a961646922a27b3949e51,2026-02,North Yorkshire Police,North Yorkshire Police,-0.780504,54.145811,On or near Westfold,E01027787,Ryedale 009A,Violence and sexual offences,Under investigation,
b4f83dc19f85927a73d7b612a5b0581f6a26744196711a198abd40ec99730585,2026-02,North Yorkshire Police,North Yorkshire Police,-0.780504,54.145811,On or near Westfold,E01027787,Ryedale 009A,Violence and sexual offences,Under investigation,
,2026-02,North Yorkshire Police,North Yorkshire Police,-0.795238,54.141887,On or near Winthropp Close,E01034968,Ryedale 009B,Anti-social behaviour,,
,2026-02,North Yorkshire Police,North Yorkshire Police,-0.774438,54.137615,On or near Westfield Avenue,E01034969,Ryedale 009C,Anti-social behaviour,,
,2026-02,North Yorkshire Police,North Yorkshire Police,-0.772846,54.134525,On or near Stock Close,E01034969,Ryedale 009C,Anti-social behaviour,,
,2026-02,North Yorkshire Police,North Yorkshire Police,-0.772846,54.134525,On or near Stock Close,E01034969,Ryedale 009C,Anti-social behaviour,,
21d9f671f49f3e8772713ccffcb87a69d6ef2bb7846d9dd4ceef5f24fa8b5bc6,2026-02,North Yorkshire Police,North Yorkshire Police,-0.773313,54.135303,On or near Brindle Way,E01034969,Ryedale 009C,Violence and sexual offences,Under investigation,
,2026-02,North Yorkshire Police,North Yorkshire Police,-0.797433,54.136957,On or near Paul'S Row,E01034970,Ryedale 009D,Anti-social behaviour,,
,2026-02,North Yorkshire Police,North Yorkshire Police,-0.793384,54.138283,On or near Bridge Road,E01034970,Ryedale 009D,Anti-social behaviour,,
4392b123ef5563409bce992a4c7f56fc44c65457b6c2e3dd206b835db117ab78,2026-02,North Yorkshire Police,North Yorkshire Police,-0.792895,54.133496,On or near Chandlers Wharf,E01034970,Ryedale 009D,Burglary,Investigation complete; no suspect identified,
6f1acdd98ac784f5b7603a5fb2f0f33e370251ebb07b255b361a0b2c02962803,2026-02,North Yorkshire Police,North Yorkshire Police,-0.792938,54.140471,On or near Pitman Road,E01034970,Ryedale 009D,Public order,Unable to prosecute suspect,
cbb0532dd2841e0f2e76014c7ba7ffe431addf4b8a7b09e9ef38ffdc6c96f10f,2026-02,North Yorkshire Police,North Yorkshire Police,-0.796126,54.133987,On or near Carpenters Yard,E01034970,Ryedale 009D,Shoplifting,Investigation complete; no suspect identified,
c0481e3fe2ac73b5d49f0742632be2827b37f00db9a339fe74250326e5189d64,2026-02,North Yorkshire Police,North Yorkshire Police,-0.796126,54.133987,On or near Carpenters Yard,E01034970,Ryedale 009D,Shoplifting,Investigation complete; no suspect identified,
ac232ad619b76851884a155fccc1d7d09c32c76a1c0671f1fa683f3b44048ba6,2026-02,North Yorkshire Police,North Yorkshire Police,-0.796937,54.135577,On or near Wheelgate,E01034970,Ryedale 009D,Shoplifting,Investigation complete; no suspect identified,
640e4b6c2037c4ebbac6c4bf1f82fbcaa5f07a1fcbff6b7b10152200ddccb366,2026-02,North Yorkshire Police,North Yorkshire Police,-0.796126,54.133987,On or near Carpenters Yard,E01034970,Ryedale 009D,Shoplifting,Under investigation,
1443e7b43faf71ea46c377eb6dd1b69a355f3bc38833334f1b930774e0f3630b,2026-02,North Yorkshire Police,North Yorkshire Police,-0.797913,54.135155,On or near Saville Street,E01034970,Ryedale 009D,Shoplifting,Awaiting court outcome,
bb7d227ec2a4cdb7f78f4fef0b471e9fafc52817544b8084528170fd8e1b1a46,2026-02,North Yorkshire Police,North Yorkshire Police,-0.796937,54.135577,On or near Wheelgate,E01034970,Ryedale 009D,Shoplifting,Investigation complete; no suspect identified,
30e85c4c660ace22b16e754f2f4b087d6671568426d9b3f96c4d4e7c8458b452,2026-02,North Yorkshire Police,North Yorkshire Police,-0.793384,54.138283,On or near Bridge Road,E01034970,Ryedale 009D,Vehicle crime,Under investigation,
60946fb1ae536c56f2435213d2b2369d0ae248a8e3b3c647445690ced3b70043,2026-02,North Yorkshire Police,North Yorkshire Police,-0.792895,54.133496,On or near Chandlers Wharf,E01034970,Ryedale 009D,Vehicle crime,Under investigation,
35079cdc6ba4b7384895c1a94339ed12291d341a162d22da16ea671ff13415e3,2026-02,North Yorkshire Police,North Yorkshire Police,-0.797087,54.133574,On or near Railway Street,E01034970,Ryedale 009D,Violence and sexual offences,Under investigation,
c63fe588526ed87659bbd8397a363dda116cb5d562c7484046bbd3c028deb24d,2026-02,North Yorkshire Police,North Yorkshire Police,-0.790418,54.133957,On or near Roman Garth,E01034970,Ryedale 009D,Violence and sexual offences,Under investigation,
e689696c0dc1a33c66e22b2ee65db9dd4739991bfe766663e430241a540d316c,2026-02,North Yorkshire Police,North Yorkshire Police,-0.792895,54.133496,On or near Chandlers Wharf,E01034970,Ryedale 009D,Violence and sexual offences,Unable to prosecute suspect,
46dcd471f15a0a3928a03e3461f94cd491671ae36e2fdcf0faa0f8214c1a769c,2026-02,North Yorkshire Police,North Yorkshire Police,-0.794014,54.136608,On or near East Mount,E01034970,Ryedale 009D,Violence and sexual offences,Unable to prosecute suspect,
4edf2877ee52c451c7eeebc31835394f31548d0f9a370e1d109cbf872cc5f2c5,2026-02,North Yorkshire Police,North Yorkshire Police,-0.792901,54.139078,On or near Milton Road,E01034970,Ryedale 009D,Violence and sexual offences,Investigation complete; no suspect identified,
da6eef0587db46f0d972e8f16693469ac6f31dce4640adafabe12ac001a25e18,2026-02,North Yorkshire Police,North Yorkshire Police,-0.794014,54.136608,On or near East Mount,E01034970,Ryedale 009D,Violence and sexual offences,Unable to prosecute suspect,
9471bad7a791acad17c988022ecc920c0cdfaf3cd467d7d4e74da08d8f90f45b,2026-02,North Yorkshire Police,North Yorkshire Police,-0.798958,54.138734,On or near Smithson Court,E01034970,Ryedale 009D,Violence and sexual offences,Under investigation,
8d19732ed1f667fc1283bf5c42420c301e6495591423625c7528296ee69e22ec,2026-02,North Yorkshire Police,North Yorkshire Police,-0.797205,54.134762,On or near Chapel Lane,E01034970,Ryedale 009D,Violence and sexual offences,Under investigation,
efcd28223ce246798b7efac2955123026b3897c71f87e0b24607f5f5f50139ce,2026-02,North Yorkshire Police,North Yorkshire Police,-0.797433,54.136957,On or near Paul'S Row,E01034970,Ryedale 009D,Violence and sexual offences,Under investigation,
e124fe45629fea0ac1568a4499cff85975bd5adee1a1a37f4c7c4c297dcb271d,2026-02,North Yorkshire Police,North Yorkshire Police,-0.775863,54.128749,On or near Wayfarings Close,E01034971,Ryedale 009E,Violence and sexual offences,Under investigation,
b76960e7b05c9de53304945a656c06b93b8068e88ec7ebe76625455943e45d42,2026-02,North Yorkshire Police,North Yorkshire Police,-0.799997,54.136668,On or near Spital Field Court,E01027786,Ryedale 010A,Drugs,Formal action is not in the public interest,
ac34bbb85fa1d5956f75a10dfc9cc8f1f1d5596c0b2e569a337fc60782c9e9c0,2026-02,North Yorkshire Police,North Yorkshire Police,-0.798350,54.136520,On or near Shopping Area,E01027786,Ryedale 010A,Drugs,Awaiting court outcome,
a21d792aed50c06f4494af8332592af6d06b27f94859c7ef8a06c78d1ceabd5a,2026-02,North Yorkshire Police,North Yorkshire Police,-0.802034,54.138234,On or near Mount Crescent,E01027786,Ryedale 010A,Public order,Under investigation,
c33322ee92ef58edbbb0dba2361a13cd4f8b30172ff3140a2650bdf2ac51b54d,2026-02,North Yorkshire Police,North Yorkshire Police,-0.798615,54.137346,On or near Petrol Station,E01027786,Ryedale 010A,Shoplifting,Under investigation,
605bb8714542d0efb07915bde56428c51cf9ec8a493b2bc71c5d7c2438641939,2026-02,North Yorkshire Police,North Yorkshire Police,-0.799997,54.136668,On or near Spital Field Court,E01027786,Ryedale 010A,Violence and sexual offences,Unable to prosecute suspect,
586e5e7592bf75bd3b17cf54b934e0fd97108fcead6f3fac6b8a4843b86e16d6,2026-02,North Yorkshire Police,North Yorkshire Police,-0.799997,54.136668,On or near Spital Field Court,E01027786,Ryedale 010A,Violence and sexual offences,Unable to prosecute suspect,
5a8d8527dec1d5ba73c76ff9ffb7f2b05060bdc7f569aea79508d866aef475ba,2026-02,North Yorkshire Police,North Yorkshire Police,-0.798615,54.137346,On or near Petrol Station,E01027786,Ryedale 010A,Violence and sexual offences,Under investigation,
a7b850446d76b745c0a008d0a117f1468badcfc50b66d29b343a6822fd186102,2026-02,North Yorkshire Police,North Yorkshire Police,-0.799997,54.136668,On or near Spital Field Court,E01027786,Ryedale 010A,Violence and sexual offences,Under investigation,
605bb8714542d0efb07915bde56428c51cf9ec8a493b2bc71c5d7c2438641939,2026-02,North Yorkshire Police,North Yorkshire Police,-0.799997,54.136668,On or near Spital Field Court,E01027786,Ryedale 010A,Violence and sexual offences,Under investigation,
5684a31ee0610ff5ea487cac240d2b5d3e75cee066467e15088249d31cad8166,2026-02,North Yorkshire Police,North Yorkshire Police,-0.798615,54.137346,On or near Petrol Station,E01027786,Ryedale 010A,Violence and sexual offences,Under investigation,
385eea72bd6c881bc5ef99b55ec53cc9f1f59cac5573b106c6020bfd8fb91696,2026-02,North Yorkshire Police,North Yorkshire Police,-0.774832,54.128424,On or near Rosedale Avenue,E01027788,Ryedale 010B,Public order,Under investigation,
35a91ed7646722b72cd8dd565fa042efb34f5acf02ac9e88f541bdd0e0c1f689,2026-02,North Yorkshire Police,North Yorkshire Police,-0.786770,54.126262,On or near The Ridings,E01027791,Ryedale 010C,Criminal damage and arson,Unable to prosecute suspect,
fba011653a46429829cfae286352074a39c79305957d6059cc904be5bb0944f4,2026-02,North Yorkshire Police,North Yorkshire Police,-0.792133,54.119179,On or near Whitewall Corner Hill,E01027791,Ryedale 010C,Criminal damage and arson,Under investigation,
b026d39877121ce67edd6e9ddd5bd4f88a88f5dd1e4bf3bc21cc10bd778e8e88,2026-02,North Yorkshire Police,North Yorkshire Police,-0.779791,54.120053,On or near Bazeley'S Lane,E01027791,Ryedale 010C,Violence and sexual offences,Unable to prosecute suspect,
080efd0e023375e2b58781020f0ce34a2ae39ffb632ce2ab64edd2bf4219d620,2026-02,North Yorkshire Police,North Yorkshire Police,-0.792133,54.119179,On or near Whitewall Corner Hill,E01027791,Ryedale 010C,Violence and sexual offences,Under investigation,
4802334771f08a14fa8877c1eef15d703dbbec7ccbcced75236319ab602e562f,2026-02,North Yorkshire Police,North Yorkshire Police,-0.782688,54.124594,On or near Field View,E01027791,Ryedale 010C,Violence and sexual offences,Unable to prosecute suspect,
602229c4a1c986489dd86ec1cfbbc06cb3141a4f385f8031a874668e2f093f58,2026-02,North Yorkshire Police,North Yorkshire Police,-0.783013,54.122377,On or near Spring Beck Avenue,E01027791,Ryedale 010C,Violence and sexual offences,Under investigation,
,2026-02,North Yorkshire Police,North Yorkshire Police,-0.783005,54.132561,On or near Old Court Close,E01027790,Ryedale 010D,Anti-social behaviour,,
,2026-02,North Yorkshire Police,North Yorkshire Police,-0.783005,54.132561,On or near Old Court Close,E01027790,Ryedale 010D,Anti-social behaviour,,
,2026-02,North Yorkshire Police,North Yorkshire Police,-0.797358,54.132121,On or near Malton,E01027790,Ryedale 010D,Anti-social behaviour,,
5902a249890840eeca73fc99d25f69083dc7efd4e8bff2cf79430c7b9321597f,2026-02,North Yorkshire Police,North Yorkshire Police,-0.797358,54.132121,On or near Malton,E01027790,Ryedale 010D,Criminal damage and arson,Under investigation,
843d9378df2d8a17d1cd63ddbb12992c15125d902bdbca7d22883d5ca5b89267,2026-02,North Yorkshire Police,North Yorkshire Police,-0.787439,54.131680,On or near Wold Street,E01027790,Ryedale 010D,Criminal damage and arson,Under investigation,
a7ae2c8b9c4afbf8bf613d390aa0a230f28343639b6b6a5013599fddb5b6c42c,2026-02,North Yorkshire Police,North Yorkshire Police,-0.785378,54.131497,On or near Grove Street,E01027790,Ryedale 010D,Drugs,Local resolution,
893397827c476eb6c2131274d0b43d4c4a8c98783cce97bc2dd26634edb9a189,2026-02,North Yorkshire Police,North Yorkshire Police,-0.785304,54.132988,On or near Wallgates Lane,E01027790,Ryedale 010D,Public order,Unable to prosecute suspect,
9da20e87e67defec4bdbf3d1e479331662deeb436918105afbe7c59eb9873333,2026-02,North Yorkshire Police,North Yorkshire Police,-0.797358,54.132121,On or near Malton,E01027790,Ryedale 010D,Shoplifting,Unable to prosecute suspect,
7be0d29fb6a85986522ef4fdf567698ff696ff887daf4d8a06f2df2bf513eaa7,2026-02,North Yorkshire Police,North Yorkshire Police,-0.789568,54.132141,On or near Petrol Station,E01027790,Ryedale 010D,Violence and sexual offences,Under investigation,
069526cb997dbd887fdf3071fae441a1d7375264489fbfc0de935b689e08e74c,2026-02,North Yorkshire Police,North Yorkshire Police,-0.799309,54.132428,On or near Riverside View,E01027790,Ryedale 010D,Violence and sexual offences,Under investigation,
,2026-02,North Yorkshire Police,North Yorkshire Police,-0.630092,54.482484,On or near Dundas Gardens,E01027837,Scarborough 001A,Anti-social behaviour,,
99ef38b2c23600851fd3b3306568e71a6dabfbbccf9467265b3985fc25ef54af,2026-02,North Yorkshire Police,North Yorkshire Police,-0.630851,54.484146,On or near ,E01027837,Scarborough 001A,Drugs,Under investigation,
e0b41c7e47dda5f53f532332cfade3ee30a5dad412bb10494eac127c34e4f2ac,2026-02,North Yorkshire Police,North Yorkshire Police,-0.631602,54.485332,On or near Oak Road,E01027837,Scarborough 001A,Violence and sexual offences,Unable to prosecute suspect,
5e14fa59c634ebb718041fd997f90eb2e52acf18a6e2c248ee492d0a2df185aa,2026-02,North Yorkshire Police,North Yorkshire Police,-0.625556,54.485192,On or near Fountains Close,E01027837,Scarborough 001A,Violence and sexual offences,Unable to prosecute suspect,
2657743518602bd92ff6bf94698c155c63956dddcf4366a925743287e76d9441,2026-02,North Yorkshire Police,North Yorkshire Police,-0.630092,54.482484,On or near Dundas Gardens,E01027837,Scarborough 001A,Violence and sexual offences,Unable to prosecute suspect,
,2026-02,North Yorkshire Police,North Yorkshire Police,-0.633366,54.482431,On or near Runswick Avenue,E01027839,Scarborough 001B,Anti-social behaviour,,
625bfe85259c6cdfce6dc56f0d1f5c4fce1c867d5c59e3cea3a4fdc92a7a984b,2026-02,North Yorkshire Police,North Yorkshire Police,-0.630210,54.485900,On or near The Nurseries,E01027839,Scarborough 001B,Violence and sexual offences,Under investigation,
478585ccf02e96e63c7d0b6d8fe89dbad9e44ca285b05deefb8d4cca5e100ff2,2026-02,North Yorkshire Police,North Yorkshire Police,-0.631101,54.486009,On or near Holly Tree Court,E01027839,Scarborough 001B,Violence and sexual offences,Under investigation,
a008dab9300c9aa0e57c77b2a9c95a172dd62e5ba7122ca5bf6ce09c579e6190,2026-02,North Yorkshire Police,North Yorkshire Police,-0.642195,54.484301,On or near Priory Drive,E01027839,Scarborough 001B,Violence and sexual offences,Unable to prosecute suspect,
a02d41578b3ae1464547904b37b074b99cd7e10d197bcc3eb4678b579ccf7076,2026-02,North Yorkshire Police,North Yorkshire Police,-0.630210,54.485900,On or near The Nurseries,E01027839,Scarborough 001B,Violence and sexual offences,Awaiting court outcome,
,2026-02,North Yorkshire Police,North Yorkshire Police,-0.633045,54.490687,On or near White Point Avenue,E01027871,Scarborough 001E,Anti-social behaviour,,
6011ab17c8bee4f9994a5c0f1e3b9b02a7d9842fa9650ec70446160f43e23bf4,2026-02,North Yorkshire Police,North Yorkshire Police,-0.631194,54.488302,On or near Landsdowne Road,E01027871,Scarborough 001E,Criminal damage and arson,Under investigation,
73d1eb31c54f1d3ab4312c63f04b59261161829042d5f5b31a6ee14f85248e1c,2026-02,North Yorkshire Police,North Yorkshire Police,-0.626453,54.489750,On or near Welton Court,E01027871,Scarborough 001E,Violence and sexual offences,Under investigation,
e604da845e641309750c87916aedabd71179b7695280d56a2618607c793819e3,2026-02,North Yorkshire Police,North Yorkshire Police,-0.627339,54.490955,On or near North Promenade,E01027871,Scarborough 001E,Violence and sexual offences,Unable to prosecute suspect,
,2026-02,North Yorkshire Police,North Yorkshire Police,-0.616042,54.484824,On or near Bus/Coach Station,E01034972,Scarborough 001F,Anti-social behaviour,,
,2026-02,North Yorkshire Police,North Yorkshire Police,-0.616343,54.485251,On or near Shopping Area,E01034972,Scarborough 001F,Anti-social behaviour,,
,2026-02,North Yorkshire Police,North Yorkshire Police,-0.615965,54.484866,On or near Whitby Bus Station,E01034972,Scarborough 001F,Anti-social behaviour,,
,2026-02,North Yorkshire Police,North Yorkshire Police,-0.614770,54.487810,On or near Haggersgate,E01034972,Scarborough 001F,Anti-social behaviour,,
,2026-02,North Yorkshire Police,North Yorkshire Police,-0.615190,54.485873,On or near Baxtergate,E01034972,Scarborough 001F,Anti-social behaviour,,
,2026-02,North Yorkshire Police,North Yorkshire Police,-0.615847,54.486537,On or near Flowergate,E01034972,Scarborough 001F,Anti-social behaviour,,
fb5fd87580c70adcf70adcb20ce53cf500b4e33e5d5c3b9819cdf500f7fa4ed9,2026-02,North Yorkshire Police,North Yorkshire Police,-0.614770,54.487810,On or near Haggersgate,E01034972,Scarborough 001F,Criminal damage and arson,Under investigation,
7c05d484dc777d42042b4f09964bf47fac6eaf8b159c6f7bc4291646f4d74adb,2026-02,North Yorkshire Police,North Yorkshire Police,-0.618256,54.488344,On or near John Street,E01034972,Scarborough 001F,Criminal damage and arson,Under investigation,
70f7e32360782a3877bc8d755656a3beb076f45b1eeedfa05f0ecb86c0997cea,2026-02,North Yorkshire Police,North Yorkshire Police,-0.614035,54.486255,On or near Angel Yard,E01034972,Scarborough 001F,Criminal damage and arson,Under investigation,
6f37dc831381f969d5ac462023341d95aba13acfef1edd320b503ce26720473c,2026-02,North Yorkshire Police,North Yorkshire Police,-0.617061,54.488986,On or near Crescent Place,E01034972,Scarborough 001F,Criminal damage and arson,Under investigation,
fd517693a82d9a2fdd3dde95ec9e736eb583ed1fc888d19e17a0aa00a07593a4,2026-02,North Yorkshire Police,North Yorkshire Police,-0.614770,54.487810,On or near Haggersgate,E01034972,Scarborough 001F,Criminal damage and arson,Investigation complete; no suspect identified,
7176ea412ab7013be8ce3522c4f726315d3c84f8573a1863a577cb7fde5b2221,2026-02,North Yorkshire Police,North Yorkshire Police,-0.615847,54.486537,On or near Flowergate,E01034972,Scarborough 001F,Drugs,Formal action is not in the public interest,
d687323123791d8b34dcfa5b328a6fe59fb8e4b4735a08724ed654c5012e7100,2026-02,North Yorkshire Police,North Yorkshire Police,-0.617279,54.483911,On or near Hospital,E01034972,Scarborough 001F,Other theft,Unable to prosecute suspect,
c78773a031d1f66b96239ac3fcac7994511b68323048244bf2535d87a61db0e0,2026-02,North Yorkshire Police,North Yorkshire Police,-0.620879,54.485184,On or near ,E01034972,Scarborough 001F,Possession of weapons,Awaiting court outcome,
b1878e9f376b79e757fec77dd90534eb58f97308440ad78ff3a05299d163f37e,2026-02,North Yorkshire Police,North Yorkshire Police,-0.615847,54.486537,On or near Flowergate,E01034972,Scarborough 001F,Possession of weapons,Under investigation,
5ffa8c7a547edec5a5b82aa89543f18e7d8efd8263836c4e89183070a18f3593,2026-02,North Yorkshire Police,North Yorkshire Police,-0.616823,54.485065,On or near Victoria Square,E01034972,Scarborough 001F,Public order,Under investigation,
3a86a8974d7bfdc9c1c5f1fcc60a3a5662a6ecdd9a4994bacb75556bb2089c44,2026-02,North Yorkshire Police,North Yorkshire Police,-0.614035,54.486255,On or near Angel Yard,E01034972,Scarborough 001F,Shoplifting,Awaiting court outcome,
b9f4b91f2ed130597bbab9e791457c5bc73336cb9a4ed66e4b923e0ce7f6b197,2026-02,North Yorkshire Police,North Yorkshire Police,-0.613886,54.487018,On or near St Ann'S Staith,E01034972,Scarborough 001F,Shoplifting,Investigation complete; no suspect identified,
19f34e36451a2adc9ea9b5cdb0a922555c06cd959fd5d1dc0777242ad82908ec,2026-02,North Yorkshire Police,North Yorkshire Police,-0.614035,54.486255,On or near Angel Yard,E01034972,Scarborough 001F,Violence and sexual offences,Under investigation,
636679af5305f194e8d8d87282b26e51b3632f3af945f757b723139d264c8b80,2026-02,North Yorkshire Police,North Yorkshire Police,-0.614770,54.487810,On or near Haggersgate,E01034972,Scarborough 001F,Violence and sexual offences,Under investigation,
4c6533aaed463638f9e03a6423a7dd99bf99dd1b2407d1c3516d31adbc1d9dae,2026-02,North Yorkshire Police,North Yorkshire Police,-0.614035,54.486255,On or near Angel Yard,E01034972,Scarborough 001F,Violence and sexual offences,Under investigation,
4e8c2beebcbab18c2037250e38193c56dbd667b0ec8c90e6476dbbaa7e0e2d85,2026-02,North Yorkshire Police,North Yorkshire Police,-0.617241,54.484566,On or near Princess Place,E01034972,Scarborough 001F,Violence and sexual offences,Unable to prosecute suspect,
7d1c3b9f106b1b019dc607bc0599be0b6bbca7e33aee4e2c7e66202cc0141c82,2026-02,North Yorkshire Police,North Yorkshire Police,-0.614035,54.486255,On or near Angel Yard,E01034972,Scarborough 001F,Violence and sexual offences,Under investigation,
f4f81045cd2993713b2107b4d9c758e9f9d7fc352f7d7ec36ed1a7e9bbc98fda,2026-02,North Yorkshire Police,North Yorkshire Police,-0.616083,54.483672,On or near Parking Area,E01034972,Scarborough 001F,Violence and sexual offences,Under investigation,
8adc0339cf67c8b4e2716d9cac1d7d668341fe789108786eade5072b4f1f9fd1,2026-02,North Yorkshire Police,North Yorkshire Police,-0.615847,54.486537,On or near Flowergate,E01034972,Scarborough 001F,Violence and sexual offences,Under investigation,
eb04d353457ac8ae71b43830e28827f8ad21f6d2ae84c291ab06035e5f361285,2026-02,North Yorkshire Police,North Yorkshire Police,-0.614035,54.486255,On or near Angel Yard,E01034972,Scarborough 001F,Violence and sexual offences,Under investigation,
8ae0bb6e02aec7a98c2e09e07034e8d6e54da2935dfe1309cc8644df89dd213a,2026-02,North Yorkshire Police,North Yorkshire Police,-0.614035,54.486255,On or near Angel Yard,E01034972,Scarborough 001F,Violence and sexual offences,Under investigation,
636679af5305f194e8d8d87282b26e51b3632f3af945f757b723139d264c8b80,2026-02,North Yorkshire Police,North Yorkshire Police,-0.614770,54.487810,On or near Haggersgate,E01034972,Scarborough 001F,Violence and sexual offences,Under investigation,
ae19cfc2a8bf00c2526293bc9ca5f09a84d30ea39fd493756406bf84a1c86deb,2026-02,North Yorkshire Police,North Yorkshire Police,-0.621566,54.487708,On or near Crescent Avenue,E01034972,Scarborough 001F,Violence and sexual offences,Unable to prosecute suspect,
56f6ed581a3318ad3fa9003121e8c7ee916437c17c8da33e552249b2c59e934b,2026-02,North Yorkshire Police,North Yorkshire Police,-0.615186,54.487374,On or near Parking Area,E01034972,Scarborough 001F,Violence and sexual offences,Under investigation,
0abf64ac533a55b490f8f43010d2383ab5be153ea20a0ac5aa0a67c5fe641e16,2026-02,North Yorkshire Police,North Yorkshire Police,-0.621201,54.487065,On or near St Hilda'S Gardens,E01034972,Scarborough 001F,Violence and sexual offences,Under investigation,
4bd784169cb58ac389de97784becc7832c4cd6d4a58aa2237fb06210a23a82e7,2026-02,North Yorkshire Police,North Yorkshire Police,-0.620674,54.488965,On or near Church Square,E01034972,Scarborough 001F,Other crime,Unable to prosecute suspect,
b474a0783195779323240928224377fc833afee84bc9e1e498934a5cc10f204c,2026-02,North Yorkshire Police,North Yorkshire Police,-1.052073,54.439246,On or near Middle Head Road,E01027813,Scarborough 002A,Criminal damage and arson,Under investigation,
5a39825b4174fa162cc770031bf3916298506adcc2a0892786b377312c6bffe9,2026-02,North Yorkshire Police,North Yorkshire Police,-0.938737,54.461626,On or near Ash Grove,E01027813,Scarborough 002A,Violence and sexual offences,Under investigation,
c201b39bb050de86dcb98977c3fe3c89cafed46160fa98c5a804cd1c9665c0b1,2026-02,North Yorkshire Police,North Yorkshire Police,-0.938737,54.461626,On or near Ash Grove,E01027813,Scarborough 002A,Violence and sexual offences,Under investigation,
6df3bcad57bc78d27733f352bd488174023312b39361362ab681201078b41646,2026-02,North Yorkshire Police,North Yorkshire Police,-0.975194,54.481264,On or near Commondale,E01027813,Scarborough 002A,Violence and sexual offences,Under investigation,
6df3bcad57bc78d27733f352bd488174023312b39361362ab681201078b41646,2026-02,North Yorkshire Police,North Yorkshire Police,-0.975194,54.481264,On or near Commondale,E01027813,Scarborough 002A,Violence and sexual offences,Under investigation,
5a39825b4174fa162cc770031bf3916298506adcc2a0892786b377312c6bffe9,2026-02,North Yorkshire Police,North Yorkshire Police,-0.938737,54.461626,On or near Ash Grove,E01027813,Scarborough 002A,Violence and sexual offences,Under investigation,
9c3f5774ed10b78fa2adfb01f8f674438726b14d0a44c02e0c2ccd0e1dedab7e,2026-02,North Yorkshire Police,North Yorkshire Police,-0.938737,54.461626,On or near Ash Grove,E01027813,Scarborough 002A,Violence and sexual offences,Under investigation,
2f8533d01ab7911f26e7ceba71b07d37670ecaca59e447cf0272268d3a3ee2fa,2026-02,North Yorkshire Police,North Yorkshire Police,-0.938737,54.461626,On or near Ash Grove,E01027813,Scarborough 002A,Violence and sexual offences,Under investigation,
3bdb0a6fe7d670c1e575f92d107336347a06e1b2a403642583e1dacd98430744,2026-02,North Yorkshire Police,North Yorkshire Police,-0.809445,54.440191,On or near Glaisdale Hall Lane,E01027822,Scarborough 002B,Burglary,Unable to prosecute suspect,
396cc17e27a4bcb45799fe198aa873be870e9a9cb0e9d9e02f040c560d63bf95,2026-02,North Yorkshire Police,North Yorkshire Police,-0.793990,54.439319,On or near Glaisdale,E01027822,Scarborough 002B,Violence and sexual offences,Under investigation,
,2026-02,North Yorkshire Police,North Yorkshire Police,-0.789641,54.558495,On or near Seaton Garth,E01027840,Scarborough 002C,Anti-social behaviour,,
f6d9f7f4e8b93d279b08f7ad22b9f3643d8e0eb5c9ca1bf9d107b75482d0a8bf,2026-02,North Yorkshire Police,North Yorkshire Police,-0.852296,54.509666,On or near Mars Lane,E01027840,Scarborough 002C,Burglary,Under investigation,
399abeb3941ac2162146124ae27220766006ab5c77d635043eec9db3da4b314c,2026-02,North Yorkshire Police,North Yorkshire Police,-0.852296,54.509666,On or near Mars Lane,E01027840,Scarborough 002C,Public order,Awaiting court outcome,
a697035418748eae38577a39d0203e112743c5451c3bf5e5df44079f48c24685,2026-02,North Yorkshire Police,North Yorkshire Police,-0.793214,54.553194,On or near Sports/Recreation Area,E01027840,Scarborough 002C,Violence and sexual offences,Unable to prosecute suspect,
e430ea9c38e022e75ed71ece83599cceb2d2753bca6a76bf86bb757987e138a7,2026-02,North Yorkshire Police,North Yorkshire Police,-0.793214,54.553194,On or near Sports/Recreation Area,E01027840,Scarborough 002C,Violence and sexual offences,Under investigation,
bb2f2b6a6721edded44edc2e0903f29285c87925caa1b80c3d8e2bad0a857025,2026-02,North Yorkshire Police,North Yorkshire Police,-0.763039,54.505982,On or near The Lane,E01027841,Scarborough 002D,Burglary,Under investigation,
e6bffb3c9e54e48f35825ef1a6783bfba68193611431aae18657680eb132446e,2026-02,North Yorkshire Police,North Yorkshire Police,-0.709202,54.520123,On or near Goldsborough Lane,E01027841,Scarborough 002D,Burglary,Under investigation,
2881bf52b025860fecb83f7c2180f90fc0a5e52afa303046cc0833c118873c6e,2026-02,North Yorkshire Police,North Yorkshire Police,-0.763039,54.505982,On or near The Lane,E01027841,Scarborough 002D,Burglary,Under investigation,
f2c25adf1af471c12bd0f29a0334e2e3abe07a0ba4f61a467c2f4d702e24b514,2026-02,North Yorkshire Police,North Yorkshire Police,-0.759587,54.505218,On or near Low Lane,E01027841,Scarborough 002D,Criminal damage and arson,Under investigation,
,2026-02,North Yorkshire Police,North Yorkshire Police,-0.632880,54.469249,On or near The Carrs,E01027838,Scarborough 003A,Anti-social behaviour,,
,2026-02,North Yorkshire Police,North Yorkshire Police,-0.623804,54.482206,On or near Further/Higher Educational Building,E01027838,Scarborough 003A,Anti-social behaviour,,
,2026-02,North Yorkshire Police,North Yorkshire Police,-0.631200,54.471954,On or near Ruswarp Bank,E01027838,Scarborough 003A,Anti-social behaviour,,
,2026-02,North Yorkshire Police,North Yorkshire Police,-0.623949,54.479727,On or near Shackleton Close,E01027838,Scarborough 003A,Anti-social behaviour,,
0e1fb61532d2f144f42c01c5ba8188e2dd25d15bbabf5037f1809df70d7f7a3c,2026-02,North Yorkshire Police,North Yorkshire Police,-0.623804,54.482206,On or near Further/Higher Educational Building,E01027838,Scarborough 003A,Criminal damage and arson,Under investigation,
8c85395d7d6d82d8d46da8fb28c27b1ff7dabbaa7a6b5324e5ec4301e0dc7e8a,2026-02,North Yorkshire Police,North Yorkshire Police,-0.627602,54.471571,On or near Water Lane,E01027838,Scarborough 003A,Other theft,Under investigation,
316baad339ba5d0722cb3a469262a3851ef0f26ab53f71747ab857625624b2cf,2026-02,North Yorkshire Police,North Yorkshire Police,-0.634710,54.479624,On or near Stakesby Vale Court,E01027838,Scarborough 003A,Shoplifting,Investigation complete; no suspect identified,
e3f545359ef533e9dc1060c0937ba9646aae111e526542bdc70709dab0bd485a,2026-02,North Yorkshire Police,North Yorkshire Police,-0.629190,54.479921,On or near Mayfield Road,E01027838,Scarborough 003A,Vehicle crime,Under investigation,
8d173237e28422a34d8bbf27c299326ba2a1cd97845227da5d3fc0de85a3f67e,2026-02,North Yorkshire Police,North Yorkshire Police,-0.634710,54.479624,On or near Stakesby Vale Court,E01027838,Scarborough 003A,Violence and sexual offences,Under investigation,
6e8bd1d5abae7a409427dec33f1c478ca76970fc8e9c312e44d5389f635f9354,2026-02,North Yorkshire Police,North Yorkshire Police,-0.623804,54.482206,On or near Further/Higher Educational Building,E01027838,Scarborough 003A,Violence and sexual offences,Under investigation,
d82eb09d602e8d7a09ec76d4810be7a4c6f91c038f824881723416804e897144,2026-02,North Yorkshire Police,North Yorkshire Police,-0.634710,54.479624,On or near Stakesby Vale Court,E01027838,Scarborough 003A,Violence and sexual offences,Under investigation,
,2026-02,North Yorkshire Police,North Yorkshire Police,-0.608923,54.479510,On or near Abbot'S Walk,E01027864,Scarborough 003B,Anti-social behaviour,,
,2026-02,North Yorkshire Police,North Yorkshire Police,-0.605611,54.482024,On or near Captain Cook Crescent,E01027864,Scarborough 003B,Anti-social behaviour,,
,2026-02,North Yorkshire Police,North Yorkshire Police,-0.604263,54.476301,On or near St Peter'S Road,E01027864,Scarborough 003B,Anti-social behaviour,,
f89e7b8c09c5065f8cbb1ca413548ce731fd1eb4e44b0ac7e3e1a21ed0628632,2026-02,North Yorkshire Police,North Yorkshire Police,-0.608923,54.479510,On or near Abbot'S Walk,E01027864,Scarborough 003B,Drugs,Local resolution,
8879bca60fedb609fd3ec53c45bacdbba32cb45abf9eebf15eb795d983ef7d5c,2026-02,North Yorkshire Police,North Yorkshire Police,-0.606849,54.483256,On or near ,E01027864,Scarborough 003B,Other theft,Unable to prosecute suspect,
dcb27960f625f44a9074c76c9bb47373ca70d8190ea3e65ce53be686f5782e05,2026-02,North Yorkshire Police,North Yorkshire Police,-0.606849,54.483256,On or near ,E01027864,Scarborough 003B,Violence and sexual offences,Under investigation,
24b363e5c0a8cd58e4180b862fa08fe6a422301656346b7cad89b8a3fc26c35c,2026-02,North Yorkshire Police,North Yorkshire Police,-0.606849,54.483256,On or near ,E01027864,Scarborough 003B,Violence and sexual offences,Under investigation,
dcb27960f625f44a9074c76c9bb47373ca70d8190ea3e65ce53be686f5782e05,2026-02,North Yorkshire Police,North Yorkshire Police,-0.606849,54.483256,On or near ,E01027864,Scarborough 003B,Violence and sexual offences,Under investigation,
28bc3698b8a4c30f37aaa74a123a75abb0019435d8d5341c19444869ee746db6,2026-02,North Yorkshire Police,North Yorkshire Police,-0.606849,54.483256,On or near ,E01027864,Scarborough 003B,Violence and sexual offences,Under investigation,
1f78ea8a74f3fa916114c3165bd853ccf278e21e8d15a831d2d396af609fa19e,2026-02,North Yorkshire Police,North Yorkshire Police,-0.609099,54.477508,On or near Larpool Crescent,E01027864,Scarborough 003B,Violence and sexual offences,Under investigation,
1f78ea8a74f3fa916114c3165bd853ccf278e21e8d15a831d2d396af609fa19e,2026-02,North Yorkshire Police,North Yorkshire Police,-0.609099,54.477508,On or near Larpool Crescent,E01027864,Scarborough 003B,Violence and sexual offences,Under investigation,
d78bc4193e9af420c86cac68e4a5aa936f16cdd82835f440830928193deb5770,2026-02,North Yorkshire Police,North Yorkshire Police,-0.605611,54.482024,On or near Captain Cook Crescent,E01027864,Scarborough 003B,Violence and sexual offences,Under investigation,
,2026-02,North Yorkshire Police,North Yorkshire Police,-0.614683,54.483980,On or near Windsor Crescent,E01027865,Scarborough 003C,Anti-social behaviour,,
,2026-02,North Yorkshire Police,North Yorkshire Police,-0.612250,54.487907,On or near Market Place,E01027865,Scarborough 003C,Anti-social behaviour,,
,2026-02,North Yorkshire Police,North Yorkshire Police,-0.607257,54.489018,On or near Abbey Lane,E01027865,Scarborough 003C,Anti-social behaviour,,
,2026-02,North Yorkshire Police,North Yorkshire Police,-0.615107,54.483320,On or near Albion Place,E01027865,Scarborough 003C,Anti-social behaviour,,
,2026-02,North Yorkshire Police,North Yorkshire Police,-0.614683,54.483980,On or near Windsor Crescent,E01027865,Scarborough 003C,Anti-social behaviour,,
,2026-02,North Yorkshire Police,North Yorkshire Police,-0.614570,54.485270,On or near ,E01027865,Scarborough 003C,Anti-social behaviour,,
86f99e6419b129d7e34d22249f468e5542ea597f1226cf6a7121aa6a0434969e,2026-02,North Yorkshire Police,North Yorkshire Police,-0.614683,54.483980,On or near Windsor Crescent,E01027865,Scarborough 003C,Criminal damage and arson,Under investigation,
4a1b7bc11c149593815bc2f20da586bd4cd2faa6a553bc021e5984c087107c85,2026-02,North Yorkshire Police,North Yorkshire Police,-0.611690,54.487272,On or near ,E01027865,Scarborough 003C,Criminal damage and arson,Under investigation,
595cab7e985082eb196b2e636dedea8f6f3de81a711f2cad3b783a3db9f71ec2,2026-02,North Yorkshire Police,North Yorkshire Police,-0.617376,54.483328,On or near Lyndhurst Close,E01027865,Scarborough 003C,Criminal damage and arson,Under investigation,
e6ea5fc8dfc6b45b84d0b4c8d54b21b4a40b909351f610672e6f4e8935b8b2a6,2026-02,North Yorkshire Police,North Yorkshire Police,-0.614570,54.485270,On or near ,E01027865,Scarborough 003C,Drugs,Under investigation,
611e2d7c52d06d4a49e7898487676d4e249fe1a5b0bf0976215d309dfefbc749,2026-02,North Yorkshire Police,North Yorkshire Police,-0.610575,54.488606,On or near Church Lane,E01027865,Scarborough 003C,Drugs,Under investigation,
a36f8c3ab0b0713d9c6dd8a043c09357201117bf562dee36ec747c2ca1ef2f03,2026-02,North Yorkshire Police,North Yorkshire Police,-0.612695,54.487094,On or near Bridge Street,E01027865,Scarborough 003C,Other theft,Under investigation,
ce1c321e71e25482b93429fb490276eda25eef0ccf6bb0416b64de93f48760f6,2026-02,North Yorkshire Police,North Yorkshire Police,-0.614683,54.483980,On or near Windsor Crescent,E01027865,Scarborough 003C,Shoplifting,Under investigation,
8fdc555deabd9f6f216a23f665b102fcf48fa3ff5cf2326aa7eac6bd497cf06a,2026-02,North Yorkshire Police,North Yorkshire Police,-0.614683,54.483980,On or near Windsor Crescent,E01027865,Scarborough 003C,Shoplifting,Investigation complete; no suspect identified,
1b27dc2ceee21f786ad24e9c562f3bf9da860700a1a7a5672185e928e3db04e3,2026-02,North Yorkshire Police,North Yorkshire Police,-0.614683,54.483980,On or near Windsor Crescent,E01027865,Scarborough 003C,Shoplifting,Awaiting court outcome,
284e3bb3dc33586167493735b5ba6fd60e8445b5f731660c346d8e6d3e1abeab,2026-02,North Yorkshire Police,North Yorkshire Police,-0.614683,54.483980,On or near Windsor Crescent,E01027865,Scarborough 003C,Shoplifting,Investigation complete; no suspect identified,
7adc8477461cc9dd80e4f9374bb460c84fedb46f4fdfc0b2311f138f3e7e4424,2026-02,North Yorkshire Police,North Yorkshire Police,-0.614683,54.483980,On or near Windsor Crescent,E01027865,Scarborough 003C,Shoplifting,Under investigation,
23001cc60229c293dba2bd8c39f03be0f443819a8cb80ee2e82a5722b05ef352,2026-02,North Yorkshire Police,North Yorkshire Police,-0.614683,54.483980,On or near Windsor Crescent,E01027865,Scarborough 003C,Shoplifting,Under investigation,
c1e3fb8e83cb47ce4ee029cf08aa3c68b0dbf8ff0fa488c9e6d512fb196608d7,2026-02,North Yorkshire Police,North Yorkshire Police,-0.614683,54.483980,On or near Windsor Crescent,E01027865,Scarborough 003C,Shoplifting,Under investigation,
793b3f04c39acedbd5af083e6c6710851be27d88148dd829c07b177f00108c5b,2026-02,North Yorkshire Police,North Yorkshire Police,-0.614683,54.483980,On or near Windsor Crescent,E01027865,Scarborough 003C,Shoplifting,Investigation complete; no suspect identified,
536406f330bd028880e0050c462d4844ceff45a7d33ea2e60a73c098f902a302,2026-02,North Yorkshire Police,North Yorkshire Police,-0.614683,54.483980,On or near Windsor Crescent,E01027865,Scarborough 003C,Shoplifting,Under investigation,
b31158165d148ca908e5b7f3dc62bbd825242cab45a68df7d0f26e7ff1102159,2026-02,North Yorkshire Police,North Yorkshire Police,-0.610575,54.488606,On or near Church Lane,E01027865,Scarborough 003C,Shoplifting,Investigation complete; no suspect identified,
f36350e5be3c517a3ad598ad530c1075797895b2e4f173deebbc1639a0fb4da3,2026-02,North Yorkshire Police,North Yorkshire Police,-0.614683,54.483980,On or near Windsor Crescent,E01027865,Scarborough 003C,Shoplifting,Investigation complete; no suspect identified,
b146fdd581eab84501e8865ca6a9d4299c080cd1f917bb4be9fd831a8bfb31b8,2026-02,North Yorkshire Police,North Yorkshire Police,-0.605732,54.486042,On or near ,E01027865,Scarborough 003C,Vehicle crime,Investigation complete; no suspect identified,
2b3839f395913c74bb3ed94ca3d31d454d0dbdfaa4cc487dc97e299d12064f36,2026-02,North Yorkshire Police,North Yorkshire Police,-0.615873,54.483481,On or near Gray Street,E01027865,Scarborough 003C,Violence and sexual offences,Under investigation,
7105a3b472c38760559279ea6f38ac34ee78455285c434e2ac3b1f6ba1ebe556,2026-02,North Yorkshire Police,North Yorkshire Police,-0.607257,54.489018,On or near Abbey Lane,E01027865,Scarborough 003C,Violence and sexual offences,Under investigation,
6c209c01ad901787833e5195097f62b0d40799bb1daf22edd00e2a1856d8f28d,2026-02,North Yorkshire Police,North Yorkshire Police,-0.610575,54.488606,On or near Church Lane,E01027865,Scarborough 003C,Violence and sexual offences,Under investigation,
57e1d88aeb520bfa79ec1b41517dfbc716baa285466106389888b3c702df0a09,2026-02,North Yorkshire Police,North Yorkshire Police,-0.614570,54.485270,On or near ,E01027865,Scarborough 003C,Violence and sexual offences,Under investigation,
906e747c07c4fa4e22cca2e2edbe77cc1d5b8349fc125d30dea89ae11dcda485,2026-02,North Yorkshire Police,North Yorkshire Police,-0.610432,54.485522,On or near Church Street,E01027865,Scarborough 003C,Violence and sexual offences,Under investigation,
ad822452135fba160d34cd65dff9407c0ad9f6bfccda6ee89d980865b8606e22,2026-02,North Yorkshire Police,North Yorkshire Police,-0.611690,54.487272,On or near ,E01027865,Scarborough 003C,Violence and sexual offences,Under investigation,
f671d9ee8e847c5f7b29b8fd573de3235781509fd506dbf6db00215e08ab1b99,2026-02,North Yorkshire Police,North Yorkshire Police,-0.611251,54.486403,On or near Parking Area,E01027865,Scarborough 003C,Violence and sexual offences,Unable to prosecute suspect,
5325e8599997fe0d45269c65c7410717a9973698b78f75ce29b25aa48a32a6b0,2026-02,North Yorkshire Police,North Yorkshire Police,-0.616140,54.482442,On or near North Road,E01027865,Scarborough 003C,Violence and sexual offences,Under investigation,
57e1d88aeb520bfa79ec1b41517dfbc716baa285466106389888b3c702df0a09,2026-02,North Yorkshire Police,North Yorkshire Police,-0.614570,54.485270,On or near ,E01027865,Scarborough 003C,Violence and sexual offences,Under investigation,
9e83aa1c3ccd15b024065d4e6db9b21343bc9cb5f6e79423059362eca2141bb4,2026-02,North Yorkshire Police,North Yorkshire Police,-0.614683,54.483980,On or near Windsor Crescent,E01027865,Scarborough 003C,Violence and sexual offences,Under investigation,
,2026-02,North Yorkshire Police,North Yorkshire Police,-0.610624,54.477597,On or near Talbot Court,E01027866,Scarborough 003D,Anti-social behaviour,,
,2026-02,North Yorkshire Police,North Yorkshire Police,-0.610624,54.477597,On or near Talbot Court,E01027866,Scarborough 003D,Anti-social behaviour,,
,2026-02,North Yorkshire Police,North Yorkshire Police,-0.600439,54.471215,On or near Supermarket,E01027866,Scarborough 003D,Anti-social behaviour,,
,2026-02,North Yorkshire Police,North Yorkshire Police,-0.602314,54.472585,On or near ,E01027866,Scarborough 003D,Anti-social behaviour,,
d620634c82e406106e3ae1b2cbc0d33768a9efd5dad28cbad01924d207d27002,2026-02,North Yorkshire Police,North Yorkshire Police,-0.610624,54.477597,On or near Talbot Court,E01027866,Scarborough 003D,Criminal damage and arson,Under investigation,
c0a765a68fb46de13a04789b8514bcc4feefe54e74f2ab37ef48dcc34f6da16e,2026-02,North Yorkshire Police,North Yorkshire Police,-0.610624,54.477597,On or near Talbot Court,E01027866,Scarborough 003D,Drugs,Under investigation,
1931d716b0a3a2233bfbe50bc96c7858507e8570a750cb5e97a04d9b3aa9740d,2026-02,North Yorkshire Police,North Yorkshire Police,-0.610624,54.477597,On or near Talbot Court,E01027866,Scarborough 003D,Public order,Under investigation,
70b93ed3f76f2c214022196b81a8c118de9b8c272e2053d57b7c5d9d8b614007,2026-02,North Yorkshire Police,North Yorkshire Police,-0.600439,54.471215,On or near Supermarket,E01027866,Scarborough 003D,Shoplifting,Under investigation,
aa3c5c046fe826d2325477cfeba113261774c9c10c1eb58991c5aa70ec6d254d,2026-02,North Yorkshire Police,North Yorkshire Police,-0.600439,54.471215,On or near Supermarket,E01027866,Scarborough 003D,Vehicle crime,Under investigation,
12747d66229371791032da1c0153511cd7f5d9af7ace0d87b6c9a20bb05cd10e,2026-02,North Yorkshire Police,North Yorkshire Police,-0.610624,54.477597,On or near Talbot Court,E01027866,Scarborough 003D,Violence and sexual offences,Under investigation,
f896dae4f70de0330908a3530eb642dc53a0e7b5bcd6825352b73fa44c7b698f,2026-02,North Yorkshire Police,North Yorkshire Police,-0.607547,54.476843,On or near Rohilla Close,E01027866,Scarborough 003D,Violence and sexual offences,Under investigation,
d8e8c50838727a8c7174e7c21fe3679d20d186bdd1ed0eb7e2033435703a6395,2026-02,North Yorkshire Police,North Yorkshire Police,-0.611023,54.472191,On or near Swallow Crescent,E01027866,Scarborough 003D,Violence and sexual offences,Unable to prosecute suspect,
ecc25e8b6c12dcba97f5556d12c7e3ba56f05f2c4290a577971af253687c1283,2026-02,North Yorkshire Police,North Yorkshire Police,-0.608898,54.474342,On or near Fairmead Way,E01027866,Scarborough 003D,Violence and sexual offences,Under investigation,
217c81cf677698b9b50d23394f8aeb53e8b130b126182a681413d94f23701b58,2026-02,North Yorkshire Police,North Yorkshire Police,-0.611023,54.472191,On or near Swallow Crescent,E01027866,Scarborough 003D,Violence and sexual offences,Unable to prosecute suspect,
bb883e5400f8361c050a5cf4678a074cd89f1b61e6c7e4354494b95872020e13,2026-02,North Yorkshire Police,North Yorkshire Police,-0.607547,54.476843,On or near Rohilla Close,E01027866,Scarborough 003D,Violence and sexual offences,Under investigation,
a855dc124c05a145bd2bb89796a7c6223895fa1d2a89b1e5c86c2b6a1aa8ca70,2026-02,North Yorkshire Police,North Yorkshire Police,-0.673139,54.447283,On or near Alum Drive,E01027821,Scarborough 004A,Violence and sexual offences,Unable to prosecute suspect,
dc3cf4a820c6e57445abf2d7639ba9f089f841d2b75e6d897591bd721f995a7b,2026-02,North Yorkshire Police,North Yorkshire Police,-0.673139,54.447283,On or near Alum Drive,E01027821,Scarborough 004A,Violence and sexual offences,Under investigation,
2e416b4e80d3545474d1ddbc2957298c2ed09d6991063b19b2faa1736f5c3393,2026-02,North Yorkshire Police,North Yorkshire Police,-0.623069,54.457670,On or near Beacon Way,E01027821,Scarborough 004A,Violence and sexual offences,Unable to prosecute suspect,
b365ff79d7e96e834347dd90d44398edd77f7ca1512e679cd57beb94bd7424e5,2026-02,North Yorkshire Police,North Yorkshire Police,-0.459188,54.323386,On or near Limestone Way,E01027836,Scarborough 004E,Burglary,Investigation complete; no suspect identified,
3c4b89a05af41f5b7b6cce5193f380b251291d9d6b3f3a38cfd3cde4f233357d,2026-02,North Yorkshire Police,North Yorkshire Police,-0.449342,54.323530,On or near Overgreen Lane,E01027836,Scarborough 004E,Criminal damage and arson,Investigation complete; no suspect identified,
91637262fe18514f18c025fd2d6ab19553f2517610b506f5e9d25dc83b3f2a25,2026-02,North Yorkshire Police,North Yorkshire Police,-0.449965,54.338027,On or near West Lane,E01027836,Scarborough 004E,Drugs,Under investigation,
6f97ebd86282db538e0965a7eaadda9362cc885fdde6a9d63b7caf69f75f00ed,2026-02,North Yorkshire Police,North Yorkshire Police,-0.462009,54.324359,On or near Park/Open Space,E01027836,Scarborough 004E,Possession of weapons,Unable to prosecute suspect,
5758e031bac33d78c4a166ed16352988cfe636fe5f82b3179011a57191edc59b,2026-02,North Yorkshire Police,North Yorkshire Police,-0.448202,54.324810,On or near Overgreen View,E01027836,Scarborough 004E,Violence and sexual offences,Under investigation,
7a9ca07782bc51df94bb2f12f660ba17f377f3c94f406b5779c53aa3b5485a4e,2026-02,North Yorkshire Police,North Yorkshire Police,-0.451938,54.325226,On or near Dale Close,E01027836,Scarborough 004E,Violence and sexual offences,Under investigation,
5758e031bac33d78c4a166ed16352988cfe636fe5f82b3179011a57191edc59b,2026-02,North Yorkshire Police,North Yorkshire Police,-0.448202,54.324810,On or near Overgreen View,E01027836,Scarborough 004E,Violence and sexual offences,Under investigation,
7d9d73c3a62b3ae558065261ffe624b6cf22aa6fe6c5898bf4c687099c1d498b,2026-02,North Yorkshire Police,North Yorkshire Police,-0.462009,54.324359,On or near Park/Open Space,E01027836,Scarborough 004E,Violence and sexual offences,Under investigation,
7d9d73c3a62b3ae558065261ffe624b6cf22aa6fe6c5898bf4c687099c1d498b,2026-02,North Yorkshire Police,North Yorkshire Police,-0.462009,54.324359,On or near Park/Open Space,E01027836,Scarborough 004E,Violence and sexual offences,Under investigation,
4d488d490f51a4133f8370642774b2bcbaf0b61a2b5f612dd3f2d95d726c5a42,2026-02,North Yorkshire Police,North Yorkshire Police,-0.449965,54.338027,On or near West Lane,E01027836,Scarborough 004E,Other crime,Under investigation,
7ff23416d226ac3ebf04aaa08835e6e92a96d45c21371571b17a9e44d6aa7bb3,2026-02,North Yorkshire Police,North Yorkshire Police,-0.509539,54.369611,On or near Parking Area,E01027857,Scarborough 004F,Criminal damage and arson,Investigation complete; no suspect identified,
a587f55adb018475f849bd95cbd46ed5d39dd9647b013f75023e68767a875e10,2026-02,North Yorkshire Police,North Yorkshire Police,-0.449573,54.305529,On or near Barmoor Close,E01027857,Scarborough 004F,Other theft,Under investigation,
94ca10d293f442ee750b3f04ef48ac7225e31ca0d54c8425afffb938a61f5516,2026-02,North Yorkshire Police,North Yorkshire Police,-0.525366,54.417536,On or near Stoupe Brow Bank,E01034973,Scarborough 004G,Other theft,Investigation complete; no suspect identified,
d043d677ffc8354a200fb24fb8da965bf2ae87a639005a76683cc54dc9026a14,2026-02,North Yorkshire Police,North Yorkshire Police,-0.538516,54.433883,On or near Thorpe Lane,E01034973,Scarborough 004G,Vehicle crime,Under investigation,
69209744a1fb9c80c6b9114e390c4a99f41f268ca2cec3819b75b98686ad5c76,2026-02,North Yorkshire Police,North Yorkshire Police,-0.426044,54.293378,On or near Endcliff Crescent,E01027842,Scarborough 005A,Criminal damage and arson,Investigation complete; no suspect identified,
28269e681ab22276acdc9d6479a861714c14b9ab369e4f2086c381cacebaf080,2026-02,North Yorkshire Police,North Yorkshire Police,-0.426044,54.293378,On or near Endcliff Crescent,E01027842,Scarborough 005A,Violence and sexual offences,Under investigation,
741381a78b17d62e84c871c4bd32470545ead68cae5fef0b3e8f2993a35e5d61,2026-02,North Yorkshire Police,North Yorkshire Police,-0.425834,54.292246,On or near ,E01027842,Scarborough 005A,Violence and sexual offences,Under investigation,
5b80b21157fb6102f8d6b882b51e9b6117b15b1847098b971af8d0ac57e84e47,2026-02,North Yorkshire Police,North Yorkshire Police,-0.426044,54.293378,On or near Endcliff Crescent,E01027842,Scarborough 005A,Violence and sexual offences,Unable to prosecute suspect,
b9032cef1de702103c3040219c75db13ce0a1c82f21b0b61c6427980556f90b1,2026-02,North Yorkshire Police,North Yorkshire Police,-0.435499,54.293249,On or near Fieldstead Crescent,E01027842,Scarborough 005A,Violence and sexual offences,Unable to prosecute suspect,
,2026-02,North Yorkshire Police,North Yorkshire Police,-0.443654,54.289283,On or near The Uplands,E01027843,Scarborough 005B,Anti-social behaviour,,
d23de4dcfc2a4f3d621c7c3b5c0d2b9fa9562d9981338d8dae5037dceb43bfbc,2026-02,North Yorkshire Police,North Yorkshire Police,-0.445359,54.292955,On or near Linden Road,E01027843,Scarborough 005B,Criminal damage and arson,Under investigation,
a79256bb743c49f152c6b847947c12276a14612b04d2f9bee5191931b0bbe025,2026-02,North Yorkshire Police,North Yorkshire Police,-0.441102,54.288900,On or near Ling Hill,E01027843,Scarborough 005B,Public order,Under investigation,
cf868395e502f5a6199b42780eeb5efed1b703f21041394c2677da15b2ca51cc,2026-02,North Yorkshire Police,North Yorkshire Police,-0.441569,54.289957,On or near The Whins,E01027843,Scarborough 005B,Violence and sexual offences,Under investigation,
cbc4943005332a229655f379b82cd8542d88fe695363e82393c8b6cfceb9dc97,2026-02,North Yorkshire Police,North Yorkshire Police,-0.441569,54.289957,On or near The Whins,E01027843,Scarborough 005B,Violence and sexual offences,Under investigation,
223efc56dc6e56e2b8013eb8746ee0f433ca9ddae640ddd97c53d30acf41d2c6,2026-02,North Yorkshire Police,North Yorkshire Police,-0.439899,54.291868,On or near The Green,E01027843,Scarborough 005B,Violence and sexual offences,Unable to prosecute suspect,
cf868395e502f5a6199b42780eeb5efed1b703f21041394c2677da15b2ca51cc,2026-02,North Yorkshire Police,North Yorkshire Police,-0.441569,54.289957,On or near The Whins,E01027843,Scarborough 005B,Violence and sexual offences,Unable to prosecute suspect,
,2026-02,North Yorkshire Police,North Yorkshire Police,-0.440109,54.288348,On or near Throxenby Lane,E01027844,Scarborough 005C,Anti-social behaviour,,
,2026-02,North Yorkshire Police,North Yorkshire Police,-0.450713,54.290318,On or near Red Scar Lane,E01027844,Scarborough 005C,Anti-social behaviour,,
,2026-02,North Yorkshire Police,North Yorkshire Police,-0.422671,54.293595,On or near Supermarket,E01027845,Scarborough 005D,Anti-social behaviour,,
adbcb8c123da1ea5104ea434e9ccecffa7ab7cb9fcb5eb9e0719c0b413d75c46,2026-02,North Yorkshire Police,North Yorkshire Police,-0.425077,54.296404,On or near Hospital,E01027845,Scarborough 005D,Criminal damage and arson,Under investigation,
01798fdaec7a42e75968f1ba2e951cc3318ef3d060307983a5be178e12042640,2026-02,North Yorkshire Police,North Yorkshire Police,-0.425077,54.296404,On or near Hospital,E01027845,Scarborough 005D,Criminal damage and arson,Unable to prosecute suspect,
c91c29e0f43a7861a91cb32d7869bde4fc9b45a101f5789608d96261ef9badb0,2026-02,North Yorkshire Police,North Yorkshire Police,-0.425077,54.296404,On or near Hospital,E01027845,Scarborough 005D,Public order,Unable to prosecute suspect,
3efa0e6230054a40352ba06090ebf653d315ba6146dab1d95c06a2608e1c23df,2026-02,North Yorkshire Police,North Yorkshire Police,-0.422671,54.293595,On or near Supermarket,E01027845,Scarborough 005D,Shoplifting,Under investigation,
361e9a8bae88ecb31f38cdb07c07187727c8349381bf002bff412cf1e5adaf14,2026-02,North Yorkshire Police,North Yorkshire Police,-0.422671,54.293595,On or near Supermarket,E01027845,Scarborough 005D,Shoplifting,Investigation complete; no suspect identified,
472ac9a0887c13422c724a1ecbff418c9a6b654fcb80132e52c5c13bda075fed,2026-02,North Yorkshire Police,North Yorkshire Police,-0.422671,54.293595,On or near Supermarket,E01027845,Scarborough 005D,Shoplifting,Investigation complete; no suspect identified,
6f5776b3b038db3f5d514a04659ce4d34b6eed1e4a300bb0b0aacfbfdd772f1d,2026-02,North Yorkshire Police,North Yorkshire Police,-0.422671,54.293595,On or near Supermarket,E01027845,Scarborough 005D,Shoplifting,Investigation complete; no suspect identified,
2b2b52733503adf7c1adb9b3b04066c649e6471935b67d2895d9c1802b6ef5c1,2026-02,North Yorkshire Police,North Yorkshire Police,-0.425077,54.296404,On or near Hospital,E01027845,Scarborough 005D,Violence and sexual offences,Under investigation,
e0d52d56104c6292b3c9c34dc75a2577698c6ea9991641d7321c0646471e2730,2026-02,North Yorkshire Police,North Yorkshire Police,-0.446565,54.304592,On or near Annandale Grove,E01027855,Scarborough 005E,Other theft,Under investigation,
9722e246d5c0954200cc3382a0224cb0a886c237f380d28fd182c24d8c3366ae,2026-02,North Yorkshire Police,North Yorkshire Police,-0.429489,54.301288,On or near ,E01027855,Scarborough 005E,Violence and sexual offences,Under investigation,
61b28dc483bb051a60cc6e91424f179b09c6ffe309a0d4a0e1048d56a3799bf0,2026-02,North Yorkshire Police,North Yorkshire Police,-0.440925,54.297652,On or near Danes Dyke,E01027856,Scarborough 005F,Violence and sexual offences,Under investigation,
244821b6db2645b7eefcd413a95b13346f19ecbd5315d38c375038dc685f3e29,2026-02,North Yorkshire Police,North Yorkshire Police,-0.441379,54.301109,On or near Chichester Close,E01027856,Scarborough 005F,Violence and sexual offences,Under investigation,
,2026-02,North Yorkshire Police,North Yorkshire Police,-0.393999,54.285316,On or near Longwestgate,E01027805,Scarborough 006A,Anti-social behaviour,,
,2026-02,North Yorkshire Police,North Yorkshire Police,-0.396660,54.284434,On or near Friargate,E01027805,Scarborough 006A,Anti-social behaviour,,
,2026-02,North Yorkshire Police,North Yorkshire Police,-0.385520,54.288420,On or near Parking Area,E01027805,Scarborough 006A,Anti-social behaviour,,
,2026-02,North Yorkshire Police,North Yorkshire Police,-0.388950,54.284394,On or near Quay Street,E01027805,Scarborough 006A,Anti-social behaviour,,
,2026-02,North Yorkshire Police,North Yorkshire Police,-0.391172,54.284532,On or near East Sandgate,E01027805,Scarborough 006A,Anti-social behaviour,,
,2026-02,North Yorkshire Police,North Yorkshire Police,-0.397518,54.286477,On or near Blenheim Street,E01027805,Scarborough 006A,Anti-social behaviour,,
,2026-02,North Yorkshire Police,North Yorkshire Police,-0.397518,54.286477,On or near Blenheim Street,E01027805,Scarborough 006A,Anti-social behaviour,,
,2026-02,North Yorkshire Police,North Yorkshire Police,-0.385520,54.288420,On or near Parking Area,E01027805,Scarborough 006A,Anti-social behaviour,,
,2026-02,North Yorkshire Police,North Yorkshire Police,-0.398339,54.285490,On or near Auborough Street,E01027805,Scarborough 006A,Anti-social behaviour,,
445d2ab7a94ee43af7b68c2ce5441500014bdb49454204ed24b73115524f781f,2026-02,North Yorkshire Police,North Yorkshire Police,-0.395787,54.285951,On or near St Mary'S Walk,E01027805,Scarborough 006A,Drugs,Under investigation,
64298d1e50d40b1f107b4636d71309ecf87ddfe2e6271ef988bbe3af373668ff,2026-02,North Yorkshire Police,North Yorkshire Police,-0.393911,54.284811,On or near Cook'S Row,E01027805,Scarborough 006A,Other theft,Unable to prosecute suspect,
81ca7a950cf7b47f41689f93e14b2e583f77714572680da07fae5aae6b35fea5,2026-02,North Yorkshire Police,North Yorkshire Police,-0.395787,54.285951,On or near St Mary'S Walk,E01027805,Scarborough 006A,Violence and sexual offences,Under investigation,
4f1587eb08db3285e990b469e7400d138e8f53bc899232c4f788b8d0faa58e52,2026-02,North Yorkshire Police,North Yorkshire Police,-0.392101,54.286315,On or near Paradise Mews,E01027805,Scarborough 006A,Violence and sexual offences,Under investigation,
cfb720ea99060e8e34c72d77172d7df20cf00c1e13fcf6d214bb0398f022a0c0,2026-02,North Yorkshire Police,North Yorkshire Police,-0.397113,54.285815,On or near Tollergate,E01027805,Scarborough 006A,Violence and sexual offences,Under investigation,
cdcd4994541aba08c0c375004026a7db60b306d94f78b6865a64058d65e5b70c,2026-02,North Yorkshire Police,North Yorkshire Police,-0.392101,54.286315,On or near Paradise Mews,E01027805,Scarborough 006A,Violence and sexual offences,Under investigation,
a61ee5b797763f150559a7cb4ec5a3fcd86fbb99e55b156fc14cb11a4026fa42,2026-02,North Yorkshire Police,North Yorkshire Police,-0.397518,54.286477,On or near Blenheim Street,E01027805,Scarborough 006A,Violence and sexual offences,Under investigation,
1edf85d798e056cc7be78cec123a0a529ad1733c21b0b0c5cfad2d2a43360a37,2026-02,North Yorkshire Police,North Yorkshire Police,-0.395787,54.285951,On or near St Mary'S Walk,E01027805,Scarborough 006A,Violence and sexual offences,Under investigation,
4d4475c57647d6738cefa935cb40328928c8910dd6991ecec11838749c3b0494,2026-02,North Yorkshire Police,North Yorkshire Police,-0.395838,54.283435,On or near Leading Post Street,E01027805,Scarborough 006A,Violence and sexual offences,Under investigation,
6d98c7c7655803a25ed3c4f4d083f45f447cdc8a09116fe90c8bc543002a072e,2026-02,North Yorkshire Police,North Yorkshire Police,-0.395838,54.283435,On or near Leading Post Street,E01027805,Scarborough 006A,Violence and sexual offences,Unable to prosecute suspect,
ef07877778b856553d2b5aca1d95f7d360e61711448ceb201ae1290d8019ae03,2026-02,North Yorkshire Police,North Yorkshire Police,-0.395787,54.285951,On or near St Mary'S Walk,E01027805,Scarborough 006A,Violence and sexual offences,Under investigation,
15789ca2c9b2ef8a39f632732846de840dfb1181262a23f36d633dc3ea921444,2026-02,North Yorkshire Police,North Yorkshire Police,-0.391172,54.284532,On or near East Sandgate,E01027805,Scarborough 006A,Violence and sexual offences,Unable to prosecute suspect,
360892ff8f9c7da8d3b595f53171f09ed0bce4fed939d5ce467263b612bd4b5f,2026-02,North Yorkshire Police,North Yorkshire Police,-0.396660,54.284434,On or near Friargate,E01027805,Scarborough 006A,Violence and sexual offences,Under investigation,
4c8cd20f50c0c8980c689224bf0b34ce09d2303cde6f744dfdc2b3adee32a282,2026-02,North Yorkshire Police,North Yorkshire Police,-0.396660,54.284434,On or near Friargate,E01027805,Scarborough 006A,Other crime,Under investigation,
,2026-02,North Yorkshire Police,North Yorkshire Police,-0.398951,54.282793,On or near Newborough,E01027806,Scarborough 006B,Anti-social behaviour,,
,2026-02,North Yorkshire Police,North Yorkshire Police,-0.400431,54.285428,On or near Parking Area,E01027806,Scarborough 006B,Anti-social behaviour,,
,2026-02,North Yorkshire Police,North Yorkshire Police,-0.399006,54.285742,On or near Parking Area,E01027806,Scarborough 006B,Anti-social behaviour,,
,2026-02,North Yorkshire Police,North Yorkshire Police,-0.396548,54.282968,On or near Prospect Place,E01027806,Scarborough 006B,Anti-social behaviour,,
,2026-02,North Yorkshire Police,North Yorkshire Police,-0.394720,54.284157,On or near St Sepulchre Street,E01027806,Scarborough 006B,Anti-social behaviour,,
,2026-02,North Yorkshire Police,North Yorkshire Police,-0.401385,54.282609,On or near Parking Area,E01027806,Scarborough 006B,Anti-social behaviour,,
,2026-02,North Yorkshire Police,North Yorkshire Police,-0.397566,54.283161,On or near ,E01027806,Scarborough 006B,Anti-social behaviour,,
,2026-02,North Yorkshire Police,North Yorkshire Police,-0.401385,54.282609,On or near Parking Area,E01027806,Scarborough 006B,Anti-social behaviour,,
,2026-02,North Yorkshire Police,North Yorkshire Police,-0.400408,54.284044,On or near St Thomas Street,E01027806,Scarborough 006B,Anti-social behaviour,,
,2026-02,North Yorkshire Police,North Yorkshire Police,-0.394720,54.284157,On or near St Sepulchre Street,E01027806,Scarborough 006B,Anti-social behaviour,,
,2026-02,North Yorkshire Police,North Yorkshire Police,-0.396445,54.282849,On or near Bland'S Cliff,E01027806,Scarborough 006B,Anti-social behaviour,,
,2026-02,North Yorkshire Police,North Yorkshire Police,-0.401385,54.282609,On or near Parking Area,E01027806,Scarborough 006B,Anti-social behaviour,,
,2026-02,North Yorkshire Police,North Yorkshire Police,-0.399707,54.282317,On or near Shopping Area,E01027806,Scarborough 006B,Anti-social behaviour,,
,2026-02,North Yorkshire Police,North Yorkshire Police,-0.398718,54.284830,On or near Friar'S Way,E01027806,Scarborough 006B,Anti-social behaviour,,
,2026-02,North Yorkshire Police,North Yorkshire Police,-0.399707,54.282317,On or near Shopping Area,E01027806,Scarborough 006B,Anti-social behaviour,,
,2026-02,North Yorkshire Police,North Yorkshire Police,-0.396548,54.282968,On or near Prospect Place,E01027806,Scarborough 006B,Anti-social behaviour,,
,2026-02,North Yorkshire Police,North Yorkshire Police,-0.400290,54.284303,On or near Elder'S Street,E01027806,Scarborough 006B,Anti-social behaviour,,
,2026-02,North Yorkshire Police,North Yorkshire Police,-0.401425,54.283572,On or near North Street,E01027806,Scarborough 006B,Anti-social behaviour,,
,2026-02,North Yorkshire Police,North Yorkshire Police,-0.398538,54.282356,On or near Nightclub,E01027806,Scarborough 006B,Anti-social behaviour,,
,2026-02,North Yorkshire Police,North Yorkshire Police,-0.400431,54.285428,On or near Parking Area,E01027806,Scarborough 006B,Anti-social behaviour,,
,2026-02,North Yorkshire Police,North Yorkshire Police,-0.402137,54.285415,On or near James Place,E01027806,Scarborough 006B,Anti-social behaviour,,
,2026-02,North Yorkshire Police,North Yorkshire Police,-0.398538,54.282356,On or near Nightclub,E01027806,Scarborough 006B,Anti-social behaviour,,
,2026-02,North Yorkshire Police,North Yorkshire Police,-0.402137,54.285415,On or near James Place,E01027806,Scarborough 006B,Anti-social behaviour,,
,2026-02,North Yorkshire Police,North Yorkshire Police,-0.400431,54.285428,On or near Parking Area,E01027806,Scarborough 006B,Anti-social behaviour,,
,2026-02,North Yorkshire Police,North Yorkshire Police,-0.397827,54.283650,On or near Shopping Area,E01027806,Scarborough 006B,Anti-social behaviour,,
,2026-02,North Yorkshire Police,North Yorkshire Police,-0.401873,54.281782,On or near ,E01027806,Scarborough 006B,Anti-social behaviour,,
,2026-02,North Yorkshire Police,North Yorkshire Police,-0.396548,54.282968,On or near Prospect Place,E01027806,Scarborough 006B,Anti-social behaviour,,
,2026-02,North Yorkshire Police,North Yorkshire Police,-0.402137,54.285415,On or near James Place,E01027806,Scarborough 006B,Anti-social behaviour,,
,2026-02,North Yorkshire Police,North Yorkshire Police,-0.402884,54.281982,On or near Aberdeen Place,E01027806,Scarborough 006B,Anti-social behaviour,,
,2026-02,North Yorkshire Police,North Yorkshire Police,-0.402137,54.285415,On or near James Place,E01027806,Scarborough 006B,Anti-social behaviour,,
f88e64493d4d3900c353440705f13d65cb1d4c118007342b2f3c11853d939f3b,2026-02,North Yorkshire Police,North Yorkshire Police,-0.393201,54.283667,On or near ,E01027806,Scarborough 006B,Burglary,Under investigation,
0cf4ac5ed5fdd827f6e9d6d549220d098d03751acc7553d92b8bf6939b25abca,2026-02,North Yorkshire Police,North Yorkshire Police,-0.403382,54.284200,On or near B1364,E01027806,Scarborough 006B,Burglary,Under investigation,
41e324c2fa4e8ed3cfa28d8e47be465821ef7e328bd879e0b31e3215b42cbe37,2026-02,North Yorkshire Police,North Yorkshire Police,-0.400156,54.281416,On or near Huntriss Row,E01027806,Scarborough 006B,Burglary,Awaiting court outcome,
5ad3c69aed3512c2b51ad9bdf6f7100b69f23b664ff961439c2ce9bae011deb5,2026-02,North Yorkshire Police,North Yorkshire Police,-0.394524,54.283660,On or near Eastborough,E01027806,Scarborough 006B,Criminal damage and arson,Under investigation,
e299badf9ad1cbb8a45feb8252577adeac01eecc530859810f956a6e32a3086b,2026-02,North Yorkshire Police,North Yorkshire Police,-0.400615,54.282662,On or near Waterhouse Lane,E01027806,Scarborough 006B,Criminal damage and arson,Under investigation,
84deb35ae1f5ad84cb5eaa648591fed36998ab66b753eb16b03de54d19dea5e8,2026-02,North Yorkshire Police,North Yorkshire Police,-0.399006,54.285742,On or near Parking Area,E01027806,Scarborough 006B,Criminal damage and arson,Under investigation,
370a6a9067cf235b6482ff9be5da0907e51bd2e23a707ac9a4af9f0392587eb7,2026-02,North Yorkshire Police,North Yorkshire Police,-0.401385,54.282609,On or near Parking Area,E01027806,Scarborough 006B,Criminal damage and arson,Under investigation,
5a56c5104753a2ed357b1a3142ffd58e7ff1e79b359a468ba58d673311fe644d,2026-02,North Yorkshire Police,North Yorkshire Police,-0.402137,54.285415,On or near James Place,E01027806,Scarborough 006B,Criminal damage and arson,Under investigation,
6d9f976fa86ac3b1d7ace5bd099948931f26692e69f74ccf93b4a7fcf8fa8815,2026-02,North Yorkshire Police,North Yorkshire Police,-0.402884,54.281982,On or near Aberdeen Place,E01027806,Scarborough 006B,Criminal damage and arson,Investigation complete; no suspect identified,
df2ecc02c002c02400d6bc563559bb7e0bfa1ffbbaa3154e335383c4ac9362c7,2026-02,North Yorkshire Police,North Yorkshire Police,-0.401385,54.282609,On or near Parking Area,E01027806,Scarborough 006B,Criminal damage and arson,Under investigation,
56f5fb36453bb0820427f30f3c97fe7d4f62f71e8adf91544f45cd9c5959f31f,2026-02,North Yorkshire Police,North Yorkshire Police,-0.402884,54.281982,On or near Aberdeen Place,E01027806,Scarborough 006B,Drugs,Awaiting court outcome,
5487d42c8d3d4ca626187759b680a116c54fc5bee9e574e004c1b5540ff6a742,2026-02,North Yorkshire Police,North Yorkshire Police,-0.400408,54.284044,On or near St Thomas Street,E01027806,Scarborough 006B,Other theft,Unable to prosecute suspect,
2dcd0a4470b6c4d0e86ede241fc795ed3ffb816e517ebe89b3415eaecc09d699,2026-02,North Yorkshire Police,North Yorkshire Police,-0.398538,54.282356,On or near Nightclub,E01027806,Scarborough 006B,Other theft,Under investigation,
124a39256bde2851fc1521c6b22d9b5370030e918fce57c135180645182ed6ad,2026-02,North Yorkshire Police,North Yorkshire Police,-0.398951,54.282793,On or near Newborough,E01027806,Scarborough 006B,Other theft,Under investigation,
512362a6ef13ad6d6d2277f4c08e79146ed3499c09fdbca5b75341b16c12b28d,2026-02,North Yorkshire Police,North Yorkshire Police,-0.397653,54.282587,On or near King Street,E01027806,Scarborough 006B,Other theft,Under investigation,
4ccdb050cab07a8fd95ad8488fafce33c394fb5ec7750b8cfea44ea51ddd95c8,2026-02,North Yorkshire Police,North Yorkshire Police,-0.401873,54.281782,On or near ,E01027806,Scarborough 006B,Possession of weapons,Unable to prosecute suspect,
22b6baa43f5f43b43d3c21fb3a6a5d542f71a756bdbc5c32e557e2237acd6bc5,2026-02,North Yorkshire Police,North Yorkshire Police,-0.401385,54.282609,On or near Parking Area,E01027806,Scarborough 006B,Public order,Under investigation,
72e146d61ea51ff1444126ae23b05af843cb377ea146c3d1207616a974624998,2026-02,North Yorkshire Police,North Yorkshire Police,-0.397566,54.283161,On or near ,E01027806,Scarborough 006B,Public order,Under investigation,
2f8365b0bad6cd8a0e4471338b39d1be3505884a83086492a8a0cd29f8703362,2026-02,North Yorkshire Police,North Yorkshire Police,-0.402884,54.281982,On or near Aberdeen Place,E01027806,Scarborough 006B,Public order,Under investigation,
06a4af0dd660c8b9c59d246d9197702cb407f7353584d5ff25013ae7098c3576,2026-02,North Yorkshire Police,North Yorkshire Police,-0.401385,54.282609,On or near Parking Area,E01027806,Scarborough 006B,Public order,Under investigation,
f37d6f57a815157eb7dd7145a6693c1a3e643a457f2977a43c30209569704bb9,2026-02,North Yorkshire Police,North Yorkshire Police,-0.400615,54.282662,On or near Waterhouse Lane,E01027806,Scarborough 006B,Public order,Under investigation,
5e917281402bdd14a0dd14af212d6b07ebbc8e1ca92ce563f2e8c928df33e601,2026-02,North Yorkshire Police,North Yorkshire Police,-0.403118,54.282695,On or near Aberdeen Walk,E01027806,Scarborough 006B,Public order,Unable to prosecute suspect,
569406253be17ed6843d5129fca806271d9200ca8af3115b9b80a44402a385cd,2026-02,North Yorkshire Police,North Yorkshire Police,-0.402137,54.285415,On or near James Place,E01027806,Scarborough 006B,Public order,Unable to prosecute suspect,
7b820573b32ff4099a4690de7c01ada970262d18fddd8256c0ab5a05cd52a0a9,2026-02,North Yorkshire Police,North Yorkshire Police,-0.399707,54.282317,On or near Shopping Area,E01027806,Scarborough 006B,Robbery,Under investigation,
07b2eff86d6d7062673d9c66856ff49e31c0a7259488be05a9681f812ae154ee,2026-02,North Yorkshire Police,North Yorkshire Police,-0.399065,54.283424,On or near Parking Area,E01027806,Scarborough 006B,Robbery,Under investigation,
b3a33f0b92137d134e9d14cf70f8fc3491ad24d305a3f99deceb5217de0fd791,2026-02,North Yorkshire Police,North Yorkshire Police,-0.401385,54.282609,On or near Parking Area,E01027806,Scarborough 006B,Shoplifting,Under investigation,
4222b58bcb22e144144ebc304db10f152e9200978df7111c5af87db3e1574fe1,2026-02,North Yorkshire Police,North Yorkshire Police,-0.401385,54.282609,On or near Parking Area,E01027806,Scarborough 006B,Shoplifting,Investigation complete; no suspect identified,
0ebb4821fcb2aaa556114e49901846735736edbd9d119ab43ee7611088efceca,2026-02,North Yorkshire Police,North Yorkshire Police,-0.401385,54.282609,On or near Parking Area,E01027806,Scarborough 006B,Shoplifting,Under investigation,
5d3a37dc00f8f90a9fc0a1b9e07f118dde79def07e7e17b970b04c2b5fa29ef6,2026-02,North Yorkshire Police,North Yorkshire Police,-0.402884,54.281982,On or near Aberdeen Place,E01027806,Scarborough 006B,Shoplifting,Under investigation,
3bc6a2da57a4d49785886eaf3ea30dad842fb18766a1233e0c14c0d7bfbbbf19,2026-02,North Yorkshire Police,North Yorkshire Police,-0.402884,54.281982,On or near Aberdeen Place,E01027806,Scarborough 006B,Shoplifting,Investigation complete; no suspect identified,
19428770f3bd316ec145dda51734ad82859529a2c8f80a52506c22c1042514e4,2026-02,North Yorkshire Police,North Yorkshire Police,-0.401385,54.282609,On or near Parking Area,E01027806,Scarborough 006B,Shoplifting,Under investigation,
9a60e15a6b50cf23411e5d8578a43e6f1ec643edc15195e7a407883a87ecb2f2,2026-02,North Yorkshire Police,North Yorkshire Police,-0.402884,54.281982,On or near Aberdeen Place,E01027806,Scarborough 006B,Shoplifting,Under investigation,
2adf1c932611e1292ca9ceb7e7d016b1dd868962108539272a03e95f11032da6,2026-02,North Yorkshire Police,North Yorkshire Police,-0.397566,54.283161,On or near ,E01027806,Scarborough 006B,Shoplifting,Local resolution,
1eec62088cd8c7833b7640ac085f773b987dbf0475c526a2e583604f1b9ffafc,2026-02,North Yorkshire Police,North Yorkshire Police,-0.398951,54.282793,On or near Newborough,E01027806,Scarborough 006B,Shoplifting,Under investigation,
3b87f87397269c7e1dcf9b6d337f0e6ee128041b87b15d9395cae2edab88e1d9,2026-02,North Yorkshire Police,North Yorkshire Police,-0.400615,54.282662,On or near Waterhouse Lane,E01027806,Scarborough 006B,Shoplifting,Local resolution,
f67707b16c72449b8ab8cc97a4ebd4243af0122c261ccff9e1e1f453aab9b02c,2026-02,North Yorkshire Police,North Yorkshire Police,-0.401385,54.282609,On or near Parking Area,E01027806,Scarborough 006B,Shoplifting,Investigation complete; no suspect identified,
42614ec7d416a05502bc5ad158b1e3f9c8389c8a86a12c53d4928a50db08d7db,2026-02,North Yorkshire Police,North Yorkshire Police,-0.399707,54.282317,On or near Shopping Area,E01027806,Scarborough 006B,Shoplifting,Under investigation,
5465148e9046114e74a3c41d26fc98ce04a99dd2baf4412928fde5627dd2af93,2026-02,North Yorkshire Police,North Yorkshire Police,-0.401385,54.282609,On or near Parking Area,E01027806,Scarborough 006B,Shoplifting,Investigation complete; no suspect identified,
67ea1694c86075b3133b6e674cb73780e414ba4a37b9b008ac04be0062be96a9,2026-02,North Yorkshire Police,North Yorkshire Police,-0.397827,54.283650,On or near Shopping Area,E01027806,Scarborough 006B,Shoplifting,Under investigation,
a036b99518c40a7fd81951773013a52c5e5a03a9f1c565eeba5d82dfefdd533c,2026-02,North Yorkshire Police,North Yorkshire Police,-0.401385,54.282609,On or near Parking Area,E01027806,Scarborough 006B,Shoplifting,Local resolution,
59029623283aedf7fa688a5bcd08255be3b1ddf1f2a856dc9b17c55177d57f09,2026-02,North Yorkshire Police,North Yorkshire Police,-0.401385,54.282609,On or near Parking Area,E01027806,Scarborough 006B,Shoplifting,Investigation complete; no suspect identified,
0041b486c776f343769c45f4602f0a30c09bab52f93a496e61532b6f1c9474ee,2026-02,North Yorkshire Police,North Yorkshire Police,-0.400615,54.282662,On or near Waterhouse Lane,E01027806,Scarborough 006B,Shoplifting,Under investigation,
45f9a3164408c4494895a09bfcb130273710efe01883af61c57090d5399e47f2,2026-02,North Yorkshire Police,North Yorkshire Police,-0.402884,54.281982,On or near Aberdeen Place,E01027806,Scarborough 006B,Shoplifting,Under investigation,
abdb9327a12415894bf18e2accda4a54f60cdca40a886e0982e2776549a78834,2026-02,North Yorkshire Police,North Yorkshire Police,-0.401385,54.282609,On or near Parking Area,E01027806,Scarborough 006B,Shoplifting,Awaiting court outcome,
010f67e1ddea1822644e0558ea011ec9a86652eb84e03c35f35bb52fd2427aca,2026-02,North Yorkshire Police,North Yorkshire Police,-0.401385,54.282609,On or near Parking Area,E01027806,Scarborough 006B,Shoplifting,Under investigation,
4c94ac1f2bd9503f0919d43811f89056b8b6e28ae33b1b4df60fa9b16707a5e9,2026-02,North Yorkshire Police,North Yorkshire Police,-0.401873,54.281782,On or near ,E01027806,Scarborough 006B,Shoplifting,Investigation complete; no suspect identified,
aed51b75298a7d41add281de71731708446f4eb68e59103315bba767a6b13c25,2026-02,North Yorkshire Police,North Yorkshire Police,-0.401385,54.282609,On or near Parking Area,E01027806,Scarborough 006B,Shoplifting,Investigation complete; no suspect identified,
f248cc9a20412e415c509836375d5827b950bc4892dfd8d729cc4f2f8bddea26,2026-02,North Yorkshire Police,North Yorkshire Police,-0.400156,54.281416,On or near Huntriss Row,E01027806,Scarborough 006B,Shoplifting,Investigation complete; no suspect identified,
46826695e2cd2a336c00d14eb1c107556f32faf7e9711060d49e702153adee03,2026-02,North Yorkshire Police,North Yorkshire Police,-0.401385,54.282609,On or near Parking Area,E01027806,Scarborough 006B,Shoplifting,Under investigation,
73ff9bfb3f3965e8004c71544d9ac081179213b95cbd3cb8b44a2fea6bfe1ae6,2026-02,North Yorkshire Police,North Yorkshire Police,-0.401385,54.282609,On or near Parking Area,E01027806,Scarborough 006B,Shoplifting,Investigation complete; no suspect identified,
a22e3c6640af9ea2841d51af1bc8d5a847fa3847166a4fb31e0745146748d69b,2026-02,North Yorkshire Police,North Yorkshire Police,-0.402884,54.281982,On or near Aberdeen Place,E01027806,Scarborough 006B,Theft from the person,Under investigation,
42ce575c55c4a2107a322e3c7722aa3a9cd49d6df6d565a00b706d4f6c67c087,2026-02,North Yorkshire Police,North Yorkshire Police,-0.397449,54.282701,On or near Parking Area,E01027806,Scarborough 006B,Violence and sexual offences,Under investigation,
155b7d4b9ea956fa07037d3807139160049badffbe4f9790684b47d276bfdb26,2026-02,North Yorkshire Police,North Yorkshire Police,-0.403118,54.282695,On or near Aberdeen Walk,E01027806,Scarborough 006B,Violence and sexual offences,Unable to prosecute suspect,
ccf027d75d54df4576525ca06d28e722323c94bfadc3d64a1f8ab91a0bc82b12,2026-02,North Yorkshire Police,North Yorkshire Police,-0.398951,54.282793,On or near Newborough,E01027806,Scarborough 006B,Violence and sexual offences,Under investigation,
50037b4f8f7368048fe4fada0a7ce5873252b4e65c07f9fa8619f5a8971710e9,2026-02,North Yorkshire Police,North Yorkshire Police,-0.402884,54.281982,On or near Aberdeen Place,E01027806,Scarborough 006B,Violence and sexual offences,Under investigation,
b59c089002b0da9647d687a23028f578f6fc2cc1e02acdedd0e955c48ab7904c,2026-02,North Yorkshire Police,North Yorkshire Police,-0.399006,54.285742,On or near Parking Area,E01027806,Scarborough 006B,Violence and sexual offences,Under investigation,
aeb7f24b6780dc74a037c3580db86364db957d02cde0bbde8b847693f6d6a9cc,2026-02,North Yorkshire Police,North Yorkshire Police,-0.400408,54.284044,On or near St Thomas Street,E01027806,Scarborough 006B,Violence and sexual offences,Under investigation,
1fb8e1a92e52c7ec23c79be2ad8664ab1a7bf0e48ab8a8e7857e51655a5112cd,2026-02,North Yorkshire Police,North Yorkshire Police,-0.403382,54.284200,On or near B1364,E01027806,Scarborough 006B,Violence and sexual offences,Under investigation,
a9d0ca00b3cc6f5ee3e6f8b64044f214960605bc07541dc168ad39ba20b1ca7a,2026-02,North Yorkshire Police,North Yorkshire Police,-0.399065,54.283424,On or near Parking Area,E01027806,Scarborough 006B,Violence and sexual offences,Unable to prosecute suspect,
9c8a8857407bc15895c9e2e68c53560e6893f24197c01398d2b31ae89a021310,2026-02,North Yorkshire Police,North Yorkshire Police,-0.402884,54.281982,On or near Aberdeen Place,E01027806,Scarborough 006B,Violence and sexual offences,Under investigation,
6b0ca54588a5602e5ad2f9709fef0d8336babf93057961aff8c805df5838d8a9,2026-02,North Yorkshire Police,North Yorkshire Police,-0.399265,54.281440,On or near London Inn Yard,E01027806,Scarborough 006B,Violence and sexual offences,Under investigation,
5b1e140aeafdd829f900dd94d14d82fddf61d232fbafad5610d3c57b2c553b0f,2026-02,North Yorkshire Police,North Yorkshire Police,-0.398538,54.282356,On or near Nightclub,E01027806,Scarborough 006B,Violence and sexual offences,Under investigation,
74b004f6d13e4f91e77084cccf64572d30d984379c24c57017d96390e60a0a0e,2026-02,North Yorkshire Police,North Yorkshire Police,-0.399265,54.281440,On or near London Inn Yard,E01027806,Scarborough 006B,Violence and sexual offences,Under investigation,
adff387c228c8ccd82a852e3d338dcb219f3db2c3bfb52404e8eadc39919d9df,2026-02,North Yorkshire Police,North Yorkshire Police,-0.399073,54.285194,On or near Friar'S Gardens,E01027806,Scarborough 006B,Violence and sexual offences,Unable to prosecute suspect,
42ce575c55c4a2107a322e3c7722aa3a9cd49d6df6d565a00b706d4f6c67c087,2026-02,North Yorkshire Police,North Yorkshire Police,-0.397449,54.282701,On or near Parking Area,E01027806,Scarborough 006B,Violence and sexual offences,Under investigation,
7ad3ba2175e51f2aca2c31c696e77495a7b8104bc032610afa84f52f79a134e7,2026-02,North Yorkshire Police,North Yorkshire Police,-0.400408,54.284044,On or near St Thomas Street,E01027806,Scarborough 006B,Violence and sexual offences,Under investigation,
5dafb652aa7eea0d713fbfb4d83c1b595e255e84754e4153e457d0d33b1fab9f,2026-02,North Yorkshire Police,North Yorkshire Police,-0.402137,54.285415,On or near James Place,E01027806,Scarborough 006B,Violence and sexual offences,Under investigation,
0a0c8b79665e2b430516ba10cd1d6696cbe99eadc8c9baaede9f05dfaa5c83ab,2026-02,North Yorkshire Police,North Yorkshire Police,-0.397566,54.283161,On or near ,E01027806,Scarborough 006B,Violence and sexual offences,Under investigation,
36fa138dfbcbe2264ca600bebb5a9c7e83aa8937d1ea72c7cf38603794e588ca,2026-02,North Yorkshire Police,North Yorkshire Police,-0.402884,54.281982,On or near Aberdeen Place,E01027806,Scarborough 006B,Violence and sexual offences,Unable to prosecute suspect,
60143f4a919b9ba04a02f036d5bc706452356a53e01e9839e98ec790f0ec52ca,2026-02,North Yorkshire Police,North Yorkshire Police,-0.398951,54.282793,On or near Newborough,E01027806,Scarborough 006B,Violence and sexual offences,Awaiting court outcome,
468bf5834dce330ff225a4adc77480c07b2d034fac5e48eed0e0fe2092e71319,2026-02,North Yorkshire Police,North Yorkshire Police,-0.400275,54.285093,On or near Maria'S Court,E01027806,Scarborough 006B,Violence and sexual offences,Under investigation,
2e1f30239ecdb530a5f4a6faab7fcef2c516528df5b1f9edbfc277b5b02c4ede,2026-02,North Yorkshire Police,North Yorkshire Police,-0.400431,54.285428,On or near Parking Area,E01027806,Scarborough 006B,Violence and sexual offences,Under investigation,
3fee42cf3879adca5d38b54887c77402a23c81d03fd4cf54f9f36295a16c6979,2026-02,North Yorkshire Police,North Yorkshire Police,-0.402376,54.283198,On or near Swan Hill Road,E01027806,Scarborough 006B,Violence and sexual offences,Under investigation,
8104499435b2f8561218b5c3ee2acbeed941c83682e755fa491723b61a1f3932,2026-02,North Yorkshire Police,North Yorkshire Police,-0.397566,54.283161,On or near ,E01027806,Scarborough 006B,Violence and sexual offences,Unable to prosecute suspect,
3049d937b188468685fee17ec84b6d532f9f9ac5f39b6c864440e3daf42de549,2026-02,North Yorkshire Police,North Yorkshire Police,-0.398538,54.282356,On or near Nightclub,E01027806,Scarborough 006B,Violence and sexual offences,Under investigation,
16d46cee6679581e59a14b35ae72659c451f646789ef5ac0406ac6d4d6dbca02,2026-02,North Yorkshire Police,North Yorkshire Police,-0.402884,54.281982,On or near Aberdeen Place,E01027806,Scarborough 006B,Violence and sexual offences,Under investigation,
b59c089002b0da9647d687a23028f578f6fc2cc1e02acdedd0e955c48ab7904c,2026-02,North Yorkshire Police,North Yorkshire Police,-0.399006,54.285742,On or near Parking Area,E01027806,Scarborough 006B,Violence and sexual offences,Under investigation,
8df94fabefe3a1ae72b715808d2773388739936c5916b452e143f502ee4536a2,2026-02,North Yorkshire Police,North Yorkshire Police,-0.402884,54.281982,On or near Aberdeen Place,E01027806,Scarborough 006B,Violence and sexual offences,Unable to prosecute suspect,
cc66698db4f5ca230c26be2babfaee1165b6b372d60da546c3df190a2eadabec,2026-02,North Yorkshire Police,North Yorkshire Police,-0.399065,54.283424,On or near Parking Area,E01027806,Scarborough 006B,Violence and sexual offences,Unable to prosecute suspect,
9bbe71ef411456208c8b4508a1ec23845c526bb84da0039085f6744e73ba212b,2026-02,North Yorkshire Police,North Yorkshire Police,-0.398538,54.282356,On or near Nightclub,E01027806,Scarborough 006B,Violence and sexual offences,Under investigation,
176e9ba2a1105b2526ecc50363d2b4a423a73d867799166888e4dc547a644dd2,2026-02,North Yorkshire Police,North Yorkshire Police,-0.396548,54.282968,On or near Prospect Place,E01027806,Scarborough 006B,Violence and sexual offences,Under investigation,
c70f8476b5b838dcf04606602f652384061279927691f1c967aa8ef02c6c77ad,2026-02,North Yorkshire Police,North Yorkshire Police,-0.398951,54.282793,On or near Newborough,E01027806,Scarborough 006B,Violence and sexual offences,Under investigation,
221d04ddc57fd9a79b46c158e23358a45dbcf58eaf409b01a4239a8fa6d86b1a,2026-02,North Yorkshire Police,North Yorkshire Police,-0.398538,54.282356,On or near Nightclub,E01027806,Scarborough 006B,Violence and sexual offences,Unable to prosecute suspect,
78768fbeda29f708babaeca90ce21044d40ddb5eb69bfa93edd68a7101e40c0f,2026-02,North Yorkshire Police,North Yorkshire Police,-0.399006,54.285742,On or near Parking Area,E01027806,Scarborough 006B,Violence and sexual offences,Under investigation,
f08a4edd9a90b57f09de894ce961d626e488c0429a50502cf2c1ec2674c0ab6c,2026-02,North Yorkshire Police,North Yorkshire Police,-0.402884,54.281982,On or near Aberdeen Place,E01027806,Scarborough 006B,Violence and sexual offences,Under investigation,
fc261e64d9824a68f0bd94af0733b7159265b0044201d3458fe7718c98d6fbd3,2026-02,North Yorkshire Police,North Yorkshire Police,-0.396292,54.281822,On or near ,E01027806,Scarborough 006B,Violence and sexual offences,Under investigation,
,2026-02,North Yorkshire Police,North Yorkshire Police,-0.403962,54.285097,On or near James Street,E01027847,Scarborough 006D,Anti-social behaviour,,
,2026-02,North Yorkshire Police,North Yorkshire Police,-0.403969,54.284900,On or near Oxford Street,E01027847,Scarborough 006D,Anti-social behaviour,,
,2026-02,North Yorkshire Police,North Yorkshire Police,-0.400550,54.287119,On or near Queen'S Terrace,E01027847,Scarborough 006D,Anti-social behaviour,,
,2026-02,North Yorkshire Police,North Yorkshire Police,-0.400756,54.285765,On or near Fire Station Yard,E01027847,Scarborough 006D,Anti-social behaviour,,
,2026-02,North Yorkshire Police,North Yorkshire Police,-0.403969,54.284900,On or near Oxford Street,E01027847,Scarborough 006D,Anti-social behaviour,,
,2026-02,North Yorkshire Police,North Yorkshire Police,-0.403639,54.285507,On or near Parking Area,E01027847,Scarborough 006D,Anti-social behaviour,,
30f60f2072d08b81835ca1f6ba2a7af07910dd78ab390430444a3b8048207d4f,2026-02,North Yorkshire Police,North Yorkshire Police,-0.401638,54.285606,On or near Regent Street,E01027847,Scarborough 006D,Criminal damage and arson,Under investigation,
61f4e07a2a016804abad74126321acca1a12842963c5a76a6ba6f96d21fd105c,2026-02,North Yorkshire Police,North Yorkshire Police,-0.403962,54.285097,On or near James Street,E01027847,Scarborough 006D,Criminal damage and arson,Under investigation,
88ccaabd3cccbbac331da442b7ade2b5f7134428c7c023090b5350ea7e57ed78,2026-02,North Yorkshire Police,North Yorkshire Police,-0.402681,54.288029,On or near North Marine Road,E01027847,Scarborough 006D,Drugs,Under investigation,
ad431a0a97874839456e34886757d9776b38da8e53173e5964dca153907ecf20,2026-02,North Yorkshire Police,North Yorkshire Police,-0.400756,54.285765,On or near Fire Station Yard,E01027847,Scarborough 006D,Drugs,Under investigation,
28e381518c575fde1f49f21dbcc2265e4067af053f69b04b2784bc1cd452d40f,2026-02,North Yorkshire Police,North Yorkshire Police,-0.406413,54.286856,On or near Trafalgar Road,E01027847,Scarborough 006D,Public order,Awaiting court outcome,
9446168d5b01672633ae6da03d7d5f8de3ea94c1696f44f6c55fee1fabe8f3a8,2026-02,North Yorkshire Police,North Yorkshire Police,-0.405385,54.285646,On or near Wrea Lane,E01027847,Scarborough 006D,Shoplifting,Investigation complete; no suspect identified,
c096720e8341b3fc8e718e74a04da4141e3508c9beaf86629740270dee323b5f,2026-02,North Yorkshire Police,North Yorkshire Police,-0.402205,54.286036,On or near Hope Street,E01027847,Scarborough 006D,Vehicle crime,Under investigation,
af00fb2b77ea41727a62727f43a60763d92cfd68d604ffba839abadc52ea3c74,2026-02,North Yorkshire Police,North Yorkshire Police,-0.402205,54.286036,On or near Hope Street,E01027847,Scarborough 006D,Vehicle crime,Under investigation,
48387c93ea8d97412725aed3224a0be236fa99b3613e69b284382d6383576416,2026-02,North Yorkshire Police,North Yorkshire Police,-0.404784,54.287670,On or near Trafalgar Square Back Road,E01027847,Scarborough 006D,Violence and sexual offences,Under investigation,
357cccdec505d1779d2a706aa0a89ec368b84708b83d676d0c2ae5431c737ca2,2026-02,North Yorkshire Police,North Yorkshire Police,-0.401638,54.285606,On or near Regent Street,E01027847,Scarborough 006D,Violence and sexual offences,Under investigation,
27ed619dcc8532b827535717e5dfe78b52b02411a80cb5c1ade9b20edb0e41eb,2026-02,North Yorkshire Police,North Yorkshire Police,-0.400756,54.285765,On or near Fire Station Yard,E01027847,Scarborough 006D,Violence and sexual offences,Under investigation,
0b45e584aca472aec84091a84f1f7206154587c3e52f5b18188e0b896d958f94,2026-02,North Yorkshire Police,North Yorkshire Police,-0.402205,54.286036,On or near Hope Street,E01027847,Scarborough 006D,Violence and sexual offences,Unable to prosecute suspect,
32912eea4c99b29c3f97bfec8f096f59c07b892c9843cc2480fe2c8a41303546,2026-02,North Yorkshire Police,North Yorkshire Police,-0.401702,54.287530,On or near Clarence Road,E01027847,Scarborough 006D,Violence and sexual offences,Under investigation,
5bbeda3a36d3c25016ccbf6d21fe9585603e09e1010be39a4bb68fbc9ad58a9b,2026-02,North Yorkshire Police,North Yorkshire Police,-0.401638,54.285606,On or near Regent Street,E01027847,Scarborough 006D,Violence and sexual offences,Under investigation,
c9f8844fa70e70006f867fd2608892f5016d37125629a18fe2d57cc1dcd69f50,2026-02,North Yorkshire Police,North Yorkshire Police,-0.402681,54.288029,On or near North Marine Road,E01027847,Scarborough 006D,Violence and sexual offences,Under investigation,
56a275bbffe97b067e113b57ea78d58f1117c2b5bb569d15d20dee315003932b,2026-02,North Yorkshire Police,North Yorkshire Police,-0.406413,54.286856,On or near Trafalgar Road,E01027847,Scarborough 006D,Violence and sexual offences,Awaiting court outcome,
c6f990427295c3cfddb5a531770082185ba61227bb28771b67928526c9048fcc,2026-02,North Yorkshire Police,North Yorkshire Police,-0.405234,54.285168,On or near Lower William Street,E01027847,Scarborough 006D,Violence and sexual offences,Under investigation,
,2026-02,North Yorkshire Police,North Yorkshire Police,-0.407295,54.287901,On or near Tennyson Avenue,E01034974,Scarborough 006F,Anti-social behaviour,,
,2026-02,North Yorkshire Police,North Yorkshire Police,-0.404114,54.288713,On or near Sports/Recreation Area,E01034974,Scarborough 006F,Anti-social behaviour,,
9a0a9a6f99debd4b37b46b06a113de4b96861b456d79f785b91214698d23d54c,2026-02,North Yorkshire Police,North Yorkshire Police,-0.404114,54.288713,On or near Sports/Recreation Area,E01034974,Scarborough 006F,Criminal damage and arson,Investigation complete; no suspect identified,
c1aec43ffc72681a8ef33bf37d45dfafd46d5683249e4874af9dfb1441345fd4,2026-02,North Yorkshire Police,North Yorkshire Police,-0.408252,54.288919,On or near ,E01034974,Scarborough 006F,Drugs,Under investigation,
b241754e460b985b73528f67e60ebe8251ae679537b98e24e4378b5635c8e4bd,2026-02,North Yorkshire Police,North Yorkshire Police,-0.406021,54.289852,On or near Victoria Park Avenue,E01034974,Scarborough 006F,Drugs,Under investigation,
a9ba6bcb2a7c8909276eacfd6d44d102df759e29f21a2aea71238446a5a1e4a7,2026-02,North Yorkshire Police,North Yorkshire Police,-0.421185,54.301116,On or near Petrol Station,E01034974,Scarborough 006F,Other theft,Under investigation,
c773e1e86602a68a179357296049868e86caf777ae2c08bfe1d1fe109e9972de,2026-02,North Yorkshire Police,North Yorkshire Police,-0.408252,54.288919,On or near ,E01034974,Scarborough 006F,Other theft,Unable to prosecute suspect,
bc74ea33087bbdc5e76fff182d8feb500654d5d58e7c3bf2594538b461560b39,2026-02,North Yorkshire Police,North Yorkshire Police,-0.406021,54.289852,On or near Victoria Park Avenue,E01034974,Scarborough 006F,Public order,Investigation complete; no suspect identified,
b0433bbbe3a8d035b2ff152b7671ff75f5e5dc772011693af315cacd526b1d9e,2026-02,North Yorkshire Police,North Yorkshire Police,-0.418086,54.297768,On or near Burniston Road,E01034974,Scarborough 006F,Shoplifting,Investigation complete; no suspect identified,
9be6afa62ce4641e09f2d88889095479f34bd224260637ab8537e80040c63149,2026-02,North Yorkshire Police,North Yorkshire Police,-0.418086,54.297768,On or near Burniston Road,E01034974,Scarborough 006F,Shoplifting,Investigation complete; no suspect identified,
4a89cb2fe34cdfadec138d6996489a7adf981f91fec59622a9f50e9d8505f8b3,2026-02,North Yorkshire Police,North Yorkshire Police,-0.403251,54.287182,On or near Howard Street,E01034974,Scarborough 006F,Vehicle crime,Under investigation,
d5648f841dc3e6b3e42f929dfb75b3986306fa9d1da70cd59f0ad5e178ff7009,2026-02,North Yorkshire Police,North Yorkshire Police,-0.402984,54.286549,On or near Durham Street,E01034974,Scarborough 006F,Violence and sexual offences,Under investigation,
b64e121a358369d6db4ecd48a32919a3ffceeb1aaf5b3ff73cca72346769e92e,2026-02,North Yorkshire Police,North Yorkshire Police,-0.403251,54.287182,On or near Howard Street,E01034974,Scarborough 006F,Violence and sexual offences,Unable to prosecute suspect,
56ab834dc9fbec189dcce049df0cb3042ac78bd71fb8f5e6bc7201559b5b28ed,2026-02,North Yorkshire Police,North Yorkshire Police,-0.403251,54.287182,On or near Howard Street,E01034974,Scarborough 006F,Violence and sexual offences,Under investigation,
08a740952af8c3237e6d6df8c582f37327dc50013358e938d70f219b679a3214,2026-02,North Yorkshire Police,North Yorkshire Police,-0.402984,54.286549,On or near Durham Street,E01034974,Scarborough 006F,Violence and sexual offences,Under investigation,
8c934990b6b410ea03be55f6de1d25f0b8d1b358adad9b1c5fa3ad4439a19284,2026-02,North Yorkshire Police,North Yorkshire Police,-0.406021,54.289852,On or near Victoria Park Avenue,E01034974,Scarborough 006F,Violence and sexual offences,Under investigation,
35414fef8a03554337aa70c76214b1db2e09aa3abcb69f790bccc4576ab85bf2,2026-02,North Yorkshire Police,North Yorkshire Police,-0.406021,54.289852,On or near Victoria Park Avenue,E01034974,Scarborough 006F,Violence and sexual offences,Under investigation,
bb97693923fd18a6a5c7668551c786e4aff9600b7f65644c86e8614b316b3bc3,2026-02,North Yorkshire Police,North Yorkshire Police,-0.407829,54.287207,On or near Moorland Road,E01034974,Scarborough 006F,Violence and sexual offences,Under investigation,
f3fd940126c06307823b54c12858e6c783470789c7a3f92faf2c6568b6101b6e,2026-02,North Yorkshire Police,North Yorkshire Police,-0.406021,54.289852,On or near Victoria Park Avenue,E01034974,Scarborough 006F,Violence and sexual offences,Under investigation,
ea730c2f7a3436e3f1c0e5e3c435888de5dc0dbb8a7187a5fd8257d7d544a5ba,2026-02,North Yorkshire Police,North Yorkshire Police,-0.403251,54.287182,On or near Howard Street,E01034974,Scarborough 006F,Violence and sexual offences,Under investigation,
03dc0a6bb2f210738547c0d0aae1104d50fa0bf53af351800fdab1ebb6d4422e,2026-02,North Yorkshire Police,North Yorkshire Police,-0.408608,54.286120,On or near Langdale Road,E01034974,Scarborough 006F,Violence and sexual offences,Under investigation,
85ba98d593b900e2a8c38ba16bcc88cf5dd83d877fa97f045796556c6628b55b,2026-02,North Yorkshire Police,North Yorkshire Police,-0.409728,54.288544,On or near Peasholm Crescent,E01027849,Scarborough 007A,Public order,Unable to prosecute suspect,
194530c5b1adaed3fdbf9433214d83dac59a0c454b2877bcf3cefcaa6c40c3d2,2026-02,North Yorkshire Police,North Yorkshire Police,-0.409991,54.288889,On or near Peasholm Avenue,E01027849,Scarborough 007A,Violence and sexual offences,Under investigation,
a8f432dabe21f503b10032ddb64be5c6fd9dbea1feeaf3ea6603e2b1a18baeb9,2026-02,North Yorkshire Police,North Yorkshire Police,-0.409728,54.288544,On or near Peasholm Crescent,E01027849,Scarborough 007A,Violence and sexual offences,Unable to prosecute suspect,
,2026-02,North Yorkshire Police,North Yorkshire Police,-0.419230,54.287546,On or near Broadway,E01027850,Scarborough 007B,Anti-social behaviour,,
,2026-02,North Yorkshire Police,North Yorkshire Police,-0.420192,54.290524,On or near Maple Drive,E01027850,Scarborough 007B,Anti-social behaviour,,
963d5cd1a7bebe9ad550d7dff9804f1856d232f886eb46eec5297b8c0c72b803,2026-02,North Yorkshire Police,North Yorkshire Police,-0.418158,54.287460,On or near High Walk,E01027850,Scarborough 007B,Criminal damage and arson,Under investigation,
943e50982d45c77f2c4a34420f190b140c5e5f72e5a94c2b069a7016fe4226ec,2026-02,North Yorkshire Police,North Yorkshire Police,-0.418552,54.287195,On or near Northstead,E01027850,Scarborough 007B,Other theft,Under investigation,
a254f1b316142f7b1b6a453a55b3765745a1aa6c365085ebb290eec2274cdfec,2026-02,North Yorkshire Police,North Yorkshire Police,-0.419230,54.287546,On or near Broadway,E01027850,Scarborough 007B,Public order,Under investigation,
dbc6acb3e9685dceadf87824e3a10e162eddd4600f8427d8e896082e34002f43,2026-02,North Yorkshire Police,North Yorkshire Police,-0.419230,54.287546,On or near Broadway,E01027850,Scarborough 007B,Violence and sexual offences,Under investigation,
f6e19c935fa7764c4867a30841682502dec1b1a9bd19ffef765bc62ae883b6f6,2026-02,North Yorkshire Police,North Yorkshire Police,-0.420141,54.288232,On or near Fieldside,E01027850,Scarborough 007B,Violence and sexual offences,Under investigation,
594a875afa16522b967b2d6fee1d44721551b840c038eecef78f02067619c544,2026-02,North Yorkshire Police,North Yorkshire Police,-0.420141,54.288232,On or near Fieldside,E01027850,Scarborough 007B,Violence and sexual offences,Under investigation,
e0cbc2eee853b73bb7133e34e333c7a7ee526442e7b7b9f01dc42892dd1498a4,2026-02,North Yorkshire Police,North Yorkshire Police,-0.418552,54.287195,On or near Northstead,E01027850,Scarborough 007B,Violence and sexual offences,Under investigation,
79e4f1a8aa366438b813d6a2960444ee9d1438bae7235092edc85e21b51cb4d3,2026-02,North Yorkshire Police,North Yorkshire Police,-0.420192,54.290524,On or near Maple Drive,E01027850,Scarborough 007B,Violence and sexual offences,Under investigation,
ecce2fa1e02d2dbd2bb12328bf8e09bcc1e434d3a3e89bcceb0196b67fccc6ec,2026-02,North Yorkshire Police,North Yorkshire Police,-0.418552,54.287195,On or near Northstead,E01027850,Scarborough 007B,Violence and sexual offences,Under investigation,
740704fcebf88b1606bf207df5425ec6d998498e9d88e12954cb98ee9c7b2fba,2026-02,North Yorkshire Police,North Yorkshire Police,-0.419682,54.287794,On or near Long Walk,E01027850,Scarborough 007B,Violence and sexual offences,Under investigation,
,2026-02,North Yorkshire Police,North Yorkshire Police,-0.425151,54.286580,On or near Redcliffe Court,E01027872,Scarborough 007C,Anti-social behaviour,,
,2026-02,North Yorkshire Police,North Yorkshire Police,-0.428644,54.284742,On or near ,E01027872,Scarborough 007C,Anti-social behaviour,,
,2026-02,North Yorkshire Police,North Yorkshire Police,-0.425031,54.286111,On or near Redcliffe Gardens,E01027872,Scarborough 007C,Anti-social behaviour,,
467dfa6e8509d6d3a620047773d94ab50dfc9ce5b13971f3013cac820b112db8,2026-02,North Yorkshire Police,North Yorkshire Police,-0.421977,54.285209,On or near Woodland Close,E01027872,Scarborough 007C,Criminal damage and arson,Investigation complete; no suspect identified,
2a200bd04d770e034a8945a75475e8abec8df89c210b2b3fc41dd58e6b91a42f,2026-02,North Yorkshire Police,North Yorkshire Police,-0.424007,54.283950,On or near Prospect Crescent,E01027872,Scarborough 007C,Other theft,Unable to prosecute suspect,
fc24ddb0c61fd7b5ab035011161785a54791a193b18d8651479b9c0b660d9213,2026-02,North Yorkshire Police,North Yorkshire Police,-0.428644,54.284742,On or near ,E01027872,Scarborough 007C,Public order,Awaiting court outcome,
bb0daae3eb37567ef778b53b21de639b5c0ff74c4ebedde90b02bf2283eb8e8f,2026-02,North Yorkshire Police,North Yorkshire Police,-0.421977,54.285209,On or near Woodland Close,E01027872,Scarborough 007C,Violence and sexual offences,Unable to prosecute suspect,
e490f1f048f4274c57f753df28bc4eed7437d7f509f3ee7ad0de6ed58e5e3aa9,2026-02,North Yorkshire Police,North Yorkshire Police,-0.428644,54.284742,On or near ,E01027872,Scarborough 007C,Violence and sexual offences,Under investigation,
6a1ddf3ebec5f8a237529379c6e8fa41072f9b0b3eeb21c1018b0e351747cc38,2026-02,North Yorkshire Police,North Yorkshire Police,-0.421977,54.285209,On or near Woodland Close,E01027872,Scarborough 007C,Violence and sexual offences,Under investigation,
23a1c9dd7d9ee28b4a397334b9ca8b9267a1cc3ebf5ac5ea393ec7b2505ca6ac,2026-02,North Yorkshire Police,North Yorkshire Police,-0.428464,54.287136,On or near Gildercliffe,E01027872,Scarborough 007C,Violence and sexual offences,Under investigation,
6a1e0049a3cc832873f08b492a096fced98762071fcc4305e29fc4dc98786e0f,2026-02,North Yorkshire Police,North Yorkshire Police,-0.424636,54.284794,On or near Prospect Park,E01027872,Scarborough 007C,Violence and sexual offences,Under investigation,
19a5fb0116aed94fc9aaa86083f4cdbb1f044e1153694f9707c9e4db7a913dba,2026-02,North Yorkshire Police,North Yorkshire Police,-0.421977,54.285209,On or near Woodland Close,E01027872,Scarborough 007C,Violence and sexual offences,Unable to prosecute suspect,
95f2459d0ec60a6022f2794b8d62b9e5a83a168f8adab31014fc4358926a1868,2026-02,North Yorkshire Police,North Yorkshire Police,-0.424636,54.284794,On or near Prospect Park,E01027872,Scarborough 007C,Violence and sexual offences,Under investigation,
48f8b2a29614dacfbece5be326f0928b7d41ec22fba7455d48a24e0988d59edd,2026-02,North Yorkshire Police,North Yorkshire Police,-0.421977,54.285209,On or near Woodland Close,E01027872,Scarborough 007C,Violence and sexual offences,Under investigation,
e490f1f048f4274c57f753df28bc4eed7437d7f509f3ee7ad0de6ed58e5e3aa9,2026-02,North Yorkshire Police,North Yorkshire Police,-0.428644,54.284742,On or near ,E01027872,Scarborough 007C,Violence and sexual offences,Under investigation,
,2026-02,North Yorkshire Police,North Yorkshire Police,-0.433078,54.287798,On or near Scalby Road,E01027874,Scarborough 007D,Anti-social behaviour,,
,2026-02,North Yorkshire Police,North Yorkshire Police,-0.429479,54.289489,On or near ,E01027874,Scarborough 007D,Anti-social behaviour,,
3137d47e79628339ef609ace5a8bbd038f3b7020a8a4ce178ebf4e8739d9dfbe,2026-02,North Yorkshire Police,North Yorkshire Police,-0.425465,54.291240,On or near Colescliffe Crescent,E01027874,Scarborough 007D,Other theft,Under investigation,
c49aac14d039b6b0db36c37cb453b715b5424959015c75bafe03694268e28ef2,2026-02,North Yorkshire Police,North Yorkshire Police,-0.427379,54.291005,On or near Oxcliff,E01027874,Scarborough 007D,Violence and sexual offences,Under investigation,
b0823b7db9201bcd87296b8e0bfcf79e7ce9bd5f2fdd5df698ce1c40fd2c5f9e,2026-02,North Yorkshire Police,North Yorkshire Police,-0.425465,54.291240,On or near Colescliffe Crescent,E01027874,Scarborough 007D,Violence and sexual offences,Under investigation,
22c1397e7c36d2d297a18f8148c4e341e4fbf83fc8c4adfd79a826f9da28e9ac,2026-02,North Yorkshire Police,North Yorkshire Police,-0.429617,54.287097,On or near Briercliffe,E01027874,Scarborough 007D,Violence and sexual offences,Under investigation,
d55095c9930520b38ba2d9d1f8aad6a7ac726642747844bec8d3522862b96770,2026-02,North Yorkshire Police,North Yorkshire Police,-0.430326,54.290675,On or near Wreyfield Drive,E01027874,Scarborough 007D,Violence and sexual offences,Under investigation,
a6c181eb500b2009fbb6c4b117ae5f743e839e07d5b489ce7df9dff6e5bd4b7a,2026-02,North Yorkshire Police,North Yorkshire Police,-0.429479,54.289489,On or near ,E01027874,Scarborough 007D,Violence and sexual offences,Under investigation,
a6c181eb500b2009fbb6c4b117ae5f743e839e07d5b489ce7df9dff6e5bd4b7a,2026-02,North Yorkshire Police,North Yorkshire Police,-0.429479,54.289489,On or near ,E01027874,Scarborough 007D,Violence and sexual offences,Under investigation,
ef00b2e46e8e819865c3029258dfb4707b7e9a0ac78f3ca8cfc5a785b07c5dd8,2026-02,North Yorkshire Police,North Yorkshire Police,-0.425574,54.289872,On or near ,E01027874,Scarborough 007D,Violence and sexual offences,Under investigation,
,2026-02,North Yorkshire Police,North Yorkshire Police,-0.411363,54.283182,On or near Murchison Place,E01027810,Scarborough 008A,Anti-social behaviour,,
,2026-02,North Yorkshire Police,North Yorkshire Police,-0.409979,54.281644,On or near Barwick Terrace,E01027810,Scarborough 008A,Anti-social behaviour,,
,2026-02,North Yorkshire Police,North Yorkshire Police,-0.411363,54.283182,On or near Murchison Place,E01027810,Scarborough 008A,Anti-social behaviour,,
d5e4cd9ad33da0dda6149f453d2c500db9bd3d84a41efde155bdb7dd62ae4561,2026-02,North Yorkshire Police,North Yorkshire Police,-0.411363,54.283182,On or near Murchison Place,E01027810,Scarborough 008A,Burglary,Under investigation,
82853b31f2e3e9c8a99c5c2b0e93894d9d81841f0f1a6a6b2f0de870f570aee3,2026-02,North Yorkshire Police,North Yorkshire Police,-0.411363,54.283182,On or near Murchison Place,E01027810,Scarborough 008A,Criminal damage and arson,Unable to prosecute suspect,
4e6e935b459d122203c8fbcc98e0111700905b547a791a70ddbf26a3e36880b4,2026-02,North Yorkshire Police,North Yorkshire Police,-0.411744,54.282459,On or near Cleveland Road,E01027810,Scarborough 008A,Criminal damage and arson,Under investigation,
62874f0c4b2a4be6bc3487df159df444750d3a4bf1d80597099b876625629fca,2026-02,North Yorkshire Police,North Yorkshire Police,-0.413876,54.282963,On or near Raleigh Street,E01027810,Scarborough 008A,Criminal damage and arson,Under investigation,
976a5fa57ed05facbbcbf56be488e25fddea2848c6d7e15e5cfecbe0e85ee234,2026-02,North Yorkshire Police,North Yorkshire Police,-0.411744,54.282459,On or near Cleveland Road,E01027810,Scarborough 008A,Public order,Awaiting court outcome,
8567f920bcd7f27006d011fdc5829a5241303d6451dd69db7801c23c8c88799c,2026-02,North Yorkshire Police,North Yorkshire Police,-0.412194,54.283552,On or near Franklin Street,E01027810,Scarborough 008A,Violence and sexual offences,Under investigation,
4eb395fa23d3059bef76eac397f22a4c0b442336659b3771d0ae45a7279467c4,2026-02,North Yorkshire Police,North Yorkshire Police,-0.413876,54.282963,On or near Raleigh Street,E01027810,Scarborough 008A,Violence and sexual offences,Unable to prosecute suspect,
8e39abe028505404b3431434045618dd10639c6e508d4089a1ba826a23f0e0d1,2026-02,North Yorkshire Police,North Yorkshire Police,-0.409979,54.281644,On or near Barwick Terrace,E01027810,Scarborough 008A,Violence and sexual offences,Under investigation,
d3f533e5c819ce87005a3f151c578ee69469cb5222eb1349b5e4e417dd971740,2026-02,North Yorkshire Police,North Yorkshire Police,-0.411363,54.283182,On or near Murchison Place,E01027810,Scarborough 008A,Violence and sexual offences,Unable to prosecute suspect,
9873b6ef227d0218a42f7c6ddb4e9332c71f7b67b5515947ecb6396253333bfc,2026-02,North Yorkshire Police,North Yorkshire Police,-0.411744,54.282459,On or near Cleveland Road,E01027810,Scarborough 008A,Violence and sexual offences,Awaiting court outcome,
058de0e8965b0e7fae079a151b8cdabc3f2265cda2ccf393b09196957ecfb833,2026-02,North Yorkshire Police,North Yorkshire Police,-0.409979,54.281644,On or near Barwick Terrace,E01027810,Scarborough 008A,Violence and sexual offences,Under investigation,
39732d924ea1c95435010ad4e8bb95b27482664043d97fae153d23c0f8c6170c,2026-02,North Yorkshire Police,North Yorkshire Police,-0.411363,54.283182,On or near Murchison Place,E01027810,Scarborough 008A,Violence and sexual offences,Under investigation,
5cc7d957598ef9f6fb5b042defd77cb25bde88630ddc9be2f53a349157082a2a,2026-02,North Yorkshire Police,North Yorkshire Police,-0.411363,54.283182,On or near Murchison Place,E01027810,Scarborough 008A,Violence and sexual offences,Under investigation,
497ee4b0a072aca8a320c4e812818ef53455ea8cc7497a7ea42eaf65edc23b9f,2026-02,North Yorkshire Police,North Yorkshire Police,-0.411744,54.282459,On or near Cleveland Road,E01027810,Scarborough 008A,Violence and sexual offences,Under investigation,
e5d6b343be6b95c9eb47e64303c46f0860be252911ea96f607346b145e3bc7dd,2026-02,North Yorkshire Police,North Yorkshire Police,-0.413876,54.282963,On or near Raleigh Street,E01027810,Scarborough 008A,Violence and sexual offences,Unable to prosecute suspect,
058de0e8965b0e7fae079a151b8cdabc3f2265cda2ccf393b09196957ecfb833,2026-02,North Yorkshire Police,North Yorkshire Police,-0.409979,54.281644,On or near Barwick Terrace,E01027810,Scarborough 008A,Violence and sexual offences,Under investigation,
5131f3a3a1052181821e9a1e333afe6c0bdb445a934317ee3e8aa02d82b9b610,2026-02,North Yorkshire Police,North Yorkshire Police,-0.413295,54.280097,On or near Wooler Street,E01027811,Scarborough 008B,Criminal damage and arson,Under investigation,
586b27df9bed3d6c7fdd89c56259fc1355cdd86910548ad6169d222823cbc2cc,2026-02,North Yorkshire Police,North Yorkshire Police,-0.413295,54.280097,On or near Wooler Street,E01027811,Scarborough 008B,Robbery,Under investigation,
ac2a82649f1b34c9cbc46b05c04a112bb62151a1fac59b3ab094d80c2b0f9ac3,2026-02,North Yorkshire Police,North Yorkshire Police,-0.413295,54.280097,On or near Wooler Street,E01027811,Scarborough 008B,Shoplifting,Under investigation,
f99cbb2b8c8ceea492263680ae578628feaa40e4a3df51a38c8beb7e287bc874,2026-02,North Yorkshire Police,North Yorkshire Police,-0.413295,54.280097,On or near Wooler Street,E01027811,Scarborough 008B,Shoplifting,Investigation complete; no suspect identified,
970340a419a9b28d2ffab316c1a668f45a4d8fd478336e4e6acec6cc833a7cc9,2026-02,North Yorkshire Police,North Yorkshire Police,-0.413295,54.280097,On or near Wooler Street,E01027811,Scarborough 008B,Shoplifting,Investigation complete; no suspect identified,
88c4b7e8df6ff140cd717414677b1ab17da3cca574b15b1a66742e31bb9862ff,2026-02,North Yorkshire Police,North Yorkshire Police,-0.413295,54.280097,On or near Wooler Street,E01027811,Scarborough 008B,Shoplifting,Under investigation,
74346e7c3da8034568624d39368b5c9941fa41a0b7c6893dc9fc17f2e4fa8892,2026-02,North Yorkshire Police,North Yorkshire Police,-0.413295,54.280097,On or near Wooler Street,E01027811,Scarborough 008B,Shoplifting,Investigation complete; no suspect identified,
9eb8f2cf8b2fa4c56f09dec295c1979c73dc0f1b8e7aab4f424075c4effaa0ac,2026-02,North Yorkshire Police,North Yorkshire Police,-0.413295,54.280097,On or near Wooler Street,E01027811,Scarborough 008B,Shoplifting,Awaiting court outcome,
94d6801e674823ef718ad43e2f946da41cbc0f604eef4f24e5b6572fe4d2038a,2026-02,North Yorkshire Police,North Yorkshire Police,-0.413295,54.280097,On or near Wooler Street,E01027811,Scarborough 008B,Shoplifting,Investigation complete; no suspect identified,
7a816cc7d658fc7776dd1480de2d401eebf3627ee29a5f4664112c4e38c18058,2026-02,North Yorkshire Police,North Yorkshire Police,-0.413295,54.280097,On or near Wooler Street,E01027811,Scarborough 008B,Violence and sexual offences,Unable to prosecute suspect,
9aaad532dc7e8e014963f4182660ed9c5e3f891df55faefe90133a21890af36f,2026-02,North Yorkshire Police,North Yorkshire Police,-0.416192,54.281843,On or near Gordon Street,E01027811,Scarborough 008B,Violence and sexual offences,Under investigation,
dedb42545a0ad64ff0bf9700b2dd99313e8ecc446de1da423f805afcdd996057,2026-02,North Yorkshire Police,North Yorkshire Police,-0.413386,54.280521,On or near Candler Street,E01027811,Scarborough 008B,Violence and sexual offences,Under investigation,
,2026-02,North Yorkshire Police,North Yorkshire Police,-0.408614,54.280782,On or near Tindall Street,E01027812,Scarborough 008C,Anti-social behaviour,,
,2026-02,North Yorkshire Police,North Yorkshire Police,-0.411428,54.279497,On or near Roscoe Street,E01027812,Scarborough 008C,Anti-social behaviour,,
,2026-02,North Yorkshire Police,North Yorkshire Police,-0.408469,54.281346,On or near Barwick Street,E01027812,Scarborough 008C,Anti-social behaviour,,
,2026-02,North Yorkshire Police,North Yorkshire Police,-0.404962,54.283475,On or near Victoria Street,E01027812,Scarborough 008C,Anti-social behaviour,,
,2026-02,North Yorkshire Police,North Yorkshire Police,-0.408469,54.281346,On or near Barwick Street,E01027812,Scarborough 008C,Anti-social behaviour,,
bae24145396a48cb03d948c7a0452bfb8d4ccef550362d32b3aa225580394ad9,2026-02,North Yorkshire Police,North Yorkshire Police,-0.407259,54.281276,On or near Police Station,E01027812,Scarborough 008C,Criminal damage and arson,Under investigation,
94ec0e9fd39f7d6f10683a11ae330a2f0b4dc89e1cbe4a5d02e13309716cb774,2026-02,North Yorkshire Police,North Yorkshire Police,-0.407259,54.281276,On or near Police Station,E01027812,Scarborough 008C,Criminal damage and arson,Under investigation,
e01270980f26494890f15b514b4be4ca4066f6382d2fefc715f39f22e5a04c95,2026-02,North Yorkshire Police,North Yorkshire Police,-0.407259,54.281276,On or near Police Station,E01027812,Scarborough 008C,Drugs,Further investigation is not in the public interest,
eb14fd86a1570dbdcfb750ccc0d802f0dfb888b3022e76f2624e1f01bcf2c7a1,2026-02,North Yorkshire Police,North Yorkshire Police,-0.407259,54.281276,On or near Police Station,E01027812,Scarborough 008C,Drugs,Awaiting court outcome,
05224349c0cde59a11d680e240c8132e088142cdbd3921cb94c153812a602f48,2026-02,North Yorkshire Police,North Yorkshire Police,-0.407259,54.281276,On or near Police Station,E01027812,Scarborough 008C,Drugs,Unable to prosecute suspect,
ff275e5161d304579430f3b5e3288da164d1de633f521e533d34e937f52d39ad,2026-02,North Yorkshire Police,North Yorkshire Police,-0.408164,54.283292,On or near Nelson Street,E01027812,Scarborough 008C,Other theft,Under investigation,
2b83ce6bca39a7c9e523926be8ce38c531b8130d1e7d1ce62deb3305e4e589d7,2026-02,North Yorkshire Police,North Yorkshire Police,-0.408166,54.283634,On or near Hoxton Road,E01027812,Scarborough 008C,Other theft,Under investigation,
09f6da7e13d808241663da469774dc4222c0bdd54616be28a443687ab0bb9ce9,2026-02,North Yorkshire Police,North Yorkshire Police,-0.407259,54.281276,On or near Police Station,E01027812,Scarborough 008C,Public order,Under investigation,
f545e6bce2ec867a77e55a6379ed3ae02aac064bff0d7c43046d3f29480a5921,2026-02,North Yorkshire Police,North Yorkshire Police,-0.407259,54.281276,On or near Police Station,E01027812,Scarborough 008C,Public order,Under investigation,
95f047e161c1f1bfccd1af8f7ca5f487db032f9d7d83f9fad33f19ab34faa5e5,2026-02,North Yorkshire Police,North Yorkshire Police,-0.407348,54.282131,On or near Supermarket,E01027812,Scarborough 008C,Shoplifting,Under investigation,
82bba3ba983408217c4151cca96f3752d74384ad6bd0430424290d875ecf3463,2026-02,North Yorkshire Police,North Yorkshire Police,-0.407259,54.281276,On or near Police Station,E01027812,Scarborough 008C,Violence and sexual offences,Awaiting court outcome,
82d8a26dc304d29d406c6055a1f677a3ad6dc6f62955692a8fceb9893e0c5ecf,2026-02,North Yorkshire Police,North Yorkshire Police,-0.408164,54.283292,On or near Nelson Street,E01027812,Scarborough 008C,Violence and sexual offences,Under investigation,
d652d25baf6ffbd9e3a8438b0d14ceee0b762422c6b3d6a17cfe6c6687bd2bad,2026-02,North Yorkshire Police,North Yorkshire Police,-0.409784,54.280312,On or near Windmill View,E01027812,Scarborough 008C,Violence and sexual offences,Under investigation,
1471836c95cce0a88ccc54d48a96995bae030b57ce386a266bd3f3ea93c9900c,2026-02,North Yorkshire Police,North Yorkshire Police,-0.408553,54.280358,On or near Sherwood Street,E01027812,Scarborough 008C,Violence and sexual offences,Under investigation,
68a7c699937f3a944022e4b20f6e1030892f3efc1366fdb68238e536b6cd1ae2,2026-02,North Yorkshire Police,North Yorkshire Police,-0.407259,54.281276,On or near Police Station,E01027812,Scarborough 008C,Other crime,Under investigation,
,2026-02,North Yorkshire Police,North Yorkshire Police,-0.409609,54.277667,On or near Belgrave Crescent,E01027862,Scarborough 008E,Anti-social behaviour,,
,2026-02,North Yorkshire Police,North Yorkshire Police,-0.409609,54.277667,On or near Belgrave Crescent,E01027862,Scarborough 008E,Anti-social behaviour,,
,2026-02,North Yorkshire Police,North Yorkshire Police,-0.415705,54.276129,On or near Seamer Road Corner,E01027862,Scarborough 008E,Anti-social behaviour,,
,2026-02,North Yorkshire Police,North Yorkshire Police,-0.409609,54.277667,On or near Belgrave Crescent,E01027862,Scarborough 008E,Anti-social behaviour,,
,2026-02,North Yorkshire Police,North Yorkshire Police,-0.409609,54.277667,On or near Belgrave Crescent,E01027862,Scarborough 008E,Anti-social behaviour,,
,2026-02,North Yorkshire Police,North Yorkshire Police,-0.413400,54.276953,On or near Falsgrave Road,E01027862,Scarborough 008E,Anti-social behaviour,,
,2026-02,North Yorkshire Police,North Yorkshire Police,-0.414460,54.278549,On or near Commercial Street,E01027862,Scarborough 008E,Anti-social behaviour,,
,2026-02,North Yorkshire Police,North Yorkshire Police,-0.415913,54.279502,On or near Wykeham Street,E01027862,Scarborough 008E,Anti-social behaviour,,
,2026-02,North Yorkshire Police,North Yorkshire Police,-0.409609,54.277667,On or near Belgrave Crescent,E01027862,Scarborough 008E,Anti-social behaviour,,
,2026-02,North Yorkshire Police,North Yorkshire Police,-0.409609,54.277667,On or near Belgrave Crescent,E01027862,Scarborough 008E,Anti-social behaviour,,
,2026-02,North Yorkshire Police,North Yorkshire Police,-0.409609,54.277667,On or near Belgrave Crescent,E01027862,Scarborough 008E,Anti-social behaviour,,
,2026-02,North Yorkshire Police,North Yorkshire Police,-0.409609,54.277667,On or near Belgrave Crescent,E01027862,Scarborough 008E,Anti-social behaviour,,
decc10d264838b58f20b7996efacdbad959da015325df8b6d1ff5186ff773ff3,2026-02,North Yorkshire Police,North Yorkshire Police,-0.409609,54.277667,On or near Belgrave Crescent,E01027862,Scarborough 008E,Bicycle theft,Under investigation,
8e6e1be296f6719ff6e99d0b26c79afb9b061fdc6d733e5142ef323cad12f469,2026-02,North Yorkshire Police,North Yorkshire Police,-0.415705,54.276129,On or near Seamer Road Corner,E01027862,Scarborough 008E,Criminal damage and arson,Under investigation,
d0fbf9f8e9601ba05a9d89b3db9ec0458bcf100e158fcc713b47e81a6a6580cf,2026-02,North Yorkshire Police,North Yorkshire Police,-0.409609,54.277667,On or near Belgrave Crescent,E01027862,Scarborough 008E,Drugs,Under investigation,
60aa48d057673c5a8f0b739fe80a81c419537593f56d99d089a68fffe25c5983,2026-02,North Yorkshire Police,North Yorkshire Police,-0.415913,54.279502,On or near Wykeham Street,E01027862,Scarborough 008E,Drugs,Under investigation,
6fc4537e9e4749b125264c3871d181de3c2bb2b0333edada42fd5d350d68e3de,2026-02,North Yorkshire Police,North Yorkshire Police,-0.409609,54.277667,On or near Belgrave Crescent,E01027862,Scarborough 008E,Other theft,Investigation complete; no suspect identified,
29aaea63b885654b53ea9f3f9684e0121b9374099bdb638e0552a091d423030b,2026-02,North Yorkshire Police,North Yorkshire Police,-0.411770,54.277003,On or near Glayton Court,E01027862,Scarborough 008E,Possession of weapons,Under investigation,
b273a58a58d6708232d17933c197fa1611330c7ac30df2829af2149d64bcd564,2026-02,North Yorkshire Police,North Yorkshire Police,-0.411770,54.277003,On or near Glayton Court,E01027862,Scarborough 008E,Public order,Under investigation,
a1e399b8659f091718885a20485a27bbd61905f74d97b7b5d1d823b7be48fce6,2026-02,North Yorkshire Police,North Yorkshire Police,-0.409609,54.277667,On or near Belgrave Crescent,E01027862,Scarborough 008E,Public order,Under investigation,
fee44fef45dabd5f814d08a36732befa9893e6196316276c7d62788aeaeb5621,2026-02,North Yorkshire Police,North Yorkshire Police,-0.409609,54.277667,On or near Belgrave Crescent,E01027862,Scarborough 008E,Public order,Under investigation,
38f09a67774bd825238c72c2819e4f4edddf79193ea80af3b791a14598ea5da6,2026-02,North Yorkshire Police,North Yorkshire Police,-0.411770,54.277003,On or near Glayton Court,E01027862,Scarborough 008E,Public order,Unable to prosecute suspect,
9b0d8f8cb6f201cab0534e44e97a261c69dcfc1ddb41711492273f1c89785c2c,2026-02,North Yorkshire Police,North Yorkshire Police,-0.409609,54.277667,On or near Belgrave Crescent,E01027862,Scarborough 008E,Public order,Awaiting court outcome,
6a1a3f72463b20cfe76a28322e05c6cd51375c21a618d316a1007820b137573f,2026-02,North Yorkshire Police,North Yorkshire Police,-0.411770,54.277003,On or near Glayton Court,E01027862,Scarborough 008E,Shoplifting,Investigation complete; no suspect identified,
a9124abc33dc71ed89f81fad3c2891f7c48cfc101cb380130a408f34628f874b,2026-02,North Yorkshire Police,North Yorkshire Police,-0.409609,54.277667,On or near Belgrave Crescent,E01027862,Scarborough 008E,Theft from the person,Unable to prosecute suspect,
0631e6ce0d54abf8f64e97e53f64b43d4be21f703b03ea9e55ff0ecdb300dddd,2026-02,North Yorkshire Police,North Yorkshire Police,-0.411599,54.276264,On or near Londesborough Road,E01027862,Scarborough 008E,Violence and sexual offences,Under investigation,
f5dadf9836df269cacc8e96ec2f6e4b0b793458797dc8216f73111898b52473d,2026-02,North Yorkshire Police,North Yorkshire Police,-0.419304,54.281596,On or near Manor Avenue,E01027862,Scarborough 008E,Violence and sexual offences,Under investigation,
71e69b3bf0b5efb6cd9c4053cdbcb3e1c78cab000f8978f74e12d8881ffbf3d6,2026-02,North Yorkshire Police,North Yorkshire Police,-0.411770,54.277003,On or near Glayton Court,E01027862,Scarborough 008E,Other crime,Under investigation,
d2159b6920e3202748dab92d8630a85d492ded84042ae6db22da46d5f95b8f90,2026-02,North Yorkshire Police,North Yorkshire Police,-0.425101,54.275407,On or near Greengate,E01027824,Scarborough 009A,Criminal damage and arson,Unable to prosecute suspect,
ec157a8ad47005a410bd801e896692fd6cc1062d9a25ac330ba1872e044d9f6a,2026-02,North Yorkshire Police,North Yorkshire Police,-0.429986,54.276190,On or near A170,E01027824,Scarborough 009A,Criminal damage and arson,Investigation complete; no suspect identified,
aa36cf29d5ef7c8bfbe441a70df10431c0f309fed3f45fb6720cb9584f41411a,2026-02,North Yorkshire Police,North Yorkshire Police,-0.417282,54.271035,On or near Mount View Close,E01027824,Scarborough 009A,Drugs,Under investigation,
e74c3716848aa79747005013d60ab9e74eb6dfa2e63efab8fff327dfad2b0a19,2026-02,North Yorkshire Police,North Yorkshire Police,-0.425714,54.271811,On or near Row Brow Court,E01027824,Scarborough 009A,Other theft,Under investigation,
d55c5d578cd14dea5544df50e6f1c563aefcc17e200c90d6de5fa97631d1932d,2026-02,North Yorkshire Police,North Yorkshire Police,-0.425714,54.271811,On or near Row Brow Court,E01027824,Scarborough 009A,Public order,Unable to prosecute suspect,
ad6ee56d61288f7a190acacab1baf6258e523a824227b4c517c47310b4286330,2026-02,North Yorkshire Police,North Yorkshire Police,-0.423437,54.275035,On or near ,E01027824,Scarborough 009A,Violence and sexual offences,Under investigation,
0d015933f4a23a5c9295bb7d8e7acf66eaa2311fd39a0cf50bf9b92f9760cf47,2026-02,North Yorkshire Police,North Yorkshire Police,-0.430764,54.275293,On or near Further/Higher Educational Building,E01027824,Scarborough 009A,Violence and sexual offences,Under investigation,
,2026-02,North Yorkshire Police,North Yorkshire Police,-0.416996,54.264084,On or near Tricourt,E01027825,Scarborough 009B,Anti-social behaviour,,
,2026-02,North Yorkshire Police,North Yorkshire Police,-0.417499,54.260980,On or near Spencer Way,E01027825,Scarborough 009B,Anti-social behaviour,,
,2026-02,North Yorkshire Police,North Yorkshire Police,-0.416565,54.266100,On or near Seamer Road,E01027825,Scarborough 009B,Anti-social behaviour,,
dff71f61dd14b1a9e7e35064e82a6b02d2b17a383726f87ebd31f3c16344a2e1,2026-02,North Yorkshire Police,North Yorkshire Police,-0.419040,54.264021,On or near Hinderwell Place,E01027825,Scarborough 009B,Burglary,Under investigation,
1836a5bcc3840d6bb842fee043d99e799b8213696799d7fb7bb9bafc05160fe5,2026-02,North Yorkshire Police,North Yorkshire Police,-0.419040,54.264021,On or near Hinderwell Place,E01027825,Scarborough 009B,Criminal damage and arson,Investigation complete; no suspect identified,
76b6fbc7e9f663791c01557903759885045bb217c925485964d0e075101899b5,2026-02,North Yorkshire Police,North Yorkshire Police,-0.418090,54.267743,On or near Bus/Coach Station,E01027825,Scarborough 009B,Drugs,Under investigation,
14e4eaebb8e93019191635eb646db4e85a2ad21f8e3fd732e9e0b6ced20b2749,2026-02,North Yorkshire Police,North Yorkshire Police,-0.418090,54.268394,On or near Eden Drive,E01027825,Scarborough 009B,Drugs,Under investigation,
5c3c4852e864c8f48389a58301abbf62be67609b1cf2be6b8a4ed9b486239c0f,2026-02,North Yorkshire Police,North Yorkshire Police,-0.419040,54.264021,On or near Hinderwell Place,E01027825,Scarborough 009B,Drugs,Under investigation,
153936c91b476c2828b90295015d60313e06b696dc2ba56608866df449e1c32c,2026-02,North Yorkshire Police,North Yorkshire Police,-0.415462,54.262832,On or near Shopping Area,E01027825,Scarborough 009B,Other theft,Unable to prosecute suspect,
e3af409a257d4529ffe2cb06ca1632bd5968311263999bdba96df0ae0f35010a,2026-02,North Yorkshire Police,North Yorkshire Police,-0.419040,54.264021,On or near Hinderwell Place,E01027825,Scarborough 009B,Possession of weapons,Under investigation,
caf1366468cefc8e2e999a0b16c1b71668552933df82f25a2292da05083a96d2,2026-02,North Yorkshire Police,North Yorkshire Police,-0.415462,54.262832,On or near Shopping Area,E01027825,Scarborough 009B,Shoplifting,Investigation complete; no suspect identified,
4c6374673450948b52d724102a9e0a9b145f227e1b952ca07db3126c3ca5b7ef,2026-02,North Yorkshire Police,North Yorkshire Police,-0.416996,54.264084,On or near Tricourt,E01027825,Scarborough 009B,Shoplifting,Investigation complete; no suspect identified,
9fc9fc7f40bacd2348c97a522dafdecd1d900008a2143e1755fe8f3ae2937697,2026-02,North Yorkshire Police,North Yorkshire Police,-0.416565,54.266100,On or near Seamer Road,E01027825,Scarborough 009B,Shoplifting,Investigation complete; no suspect identified,
19d9c3e73ee10f9175ebe2d0eb7a4ebd9ca8e78830c68556f0cbac745e5c228d,2026-02,North Yorkshire Police,North Yorkshire Police,-0.417789,54.265820,On or near Supermarket,E01027825,Scarborough 009B,Shoplifting,Investigation complete; no suspect identified,
a253e7305479feb7d2a866944ebea5cdeab3a88cf4aaa98a58407d6d6de7d99a,2026-02,North Yorkshire Police,North Yorkshire Police,-0.415462,54.262832,On or near Shopping Area,E01027825,Scarborough 009B,Shoplifting,Investigation complete; no suspect identified,
3e27ccbd4b4517ba1c7030aa40122c110208bd4dd057f197d88a0eeb68e52c0a,2026-02,North Yorkshire Police,North Yorkshire Police,-0.416565,54.266100,On or near Seamer Road,E01027825,Scarborough 009B,Shoplifting,Investigation complete; no suspect identified,
8bfb3196a995e3f38957a299939492dd5e88df50d7731c30a697a2c3c648f069,2026-02,North Yorkshire Police,North Yorkshire Police,-0.418187,54.263039,On or near Wyecourt,E01027825,Scarborough 009B,Violence and sexual offences,Under investigation,
f1297d723b7d798de0d1262d5811deaa529360fbf0dd063e635d6403103ddd9d,2026-02,North Yorkshire Police,North Yorkshire Police,-0.419040,54.264021,On or near Hinderwell Place,E01027825,Scarborough 009B,Violence and sexual offences,Under investigation,
802266ae452ba447903758af307a6fcc4aacbd467089373f6bfd7e4ab27c4694,2026-02,North Yorkshire Police,North Yorkshire Police,-0.417251,54.269040,On or near Asquith Avenue,E01027825,Scarborough 009B,Violence and sexual offences,Under investigation,
f9b0e7a4a5430a9e8a5907af9e16395624d360e75e6052deb37190bfaf817dd6,2026-02,North Yorkshire Police,North Yorkshire Police,-0.417499,54.260980,On or near Spencer Way,E01027825,Scarborough 009B,Violence and sexual offences,Under investigation,
09807787648d22edcd303712e42176548055048ab1d448b42414cf0afc090223,2026-02,North Yorkshire Police,North Yorkshire Police,-0.417499,54.260980,On or near Spencer Way,E01027825,Scarborough 009B,Violence and sexual offences,Under investigation,
0bb92659926c6d3078b0efdabad26e2647315ed4a35de2e2e44e1cbeaec51c57,2026-02,North Yorkshire Police,North Yorkshire Police,-0.415462,54.262832,On or near Shopping Area,E01027825,Scarborough 009B,Violence and sexual offences,Under investigation,
4d6e9341e091e6f8094896fe0ae142646039c5f0120b947691390f37e81c3a0f,2026-02,North Yorkshire Police,North Yorkshire Police,-0.417789,54.265820,On or near Supermarket,E01027825,Scarborough 009B,Violence and sexual offences,Unable to prosecute suspect,
dd1d31ca0f850026f3bf4376bd212eb7fa0b67f0d92698fd3725ea2823d77b11,2026-02,North Yorkshire Police,North Yorkshire Police,-0.416996,54.264084,On or near Tricourt,E01027825,Scarborough 009B,Violence and sexual offences,Under investigation,
b75aa5cdae62ec9c9aed89170b7f4d566ce6343466deb66412609ee64d3255ee,2026-02,North Yorkshire Police,North Yorkshire Police,-0.415462,54.262832,On or near Shopping Area,E01027825,Scarborough 009B,Violence and sexual offences,Under investigation,
,2026-02,North Yorkshire Police,North Yorkshire Police,-0.419486,54.276062,On or near Derwent Avenue,E01027826,Scarborough 009C,Anti-social behaviour,,
12b77d37e1da98430e3b18bf6284e659b31e93dbdcd52e7790b4222fd11bc263,2026-02,North Yorkshire Police,North Yorkshire Police,-0.417464,54.273905,On or near Springhill Road,E01027826,Scarborough 009C,Possession of weapons,Under investigation,
b78ca5423bcc574c38a0353721a1b7ce590fb183427eabbbff88f0c89410365e,2026-02,North Yorkshire Police,North Yorkshire Police,-0.417464,54.273905,On or near Springhill Road,E01027826,Scarborough 009C,Public order,Unable to prosecute suspect,
2e45dff808b11b6c684720431b83c5a7e8f369f00fabb31d9f9f0e85d3451fd3,2026-02,North Yorkshire Police,North Yorkshire Police,-0.416423,54.275833,On or near Petrol Station,E01027826,Scarborough 009C,Shoplifting,Under investigation,
df979e41739af2870a2d3f2fd7f5ca1ca7bf67cd42401cd319a01f7d8880a6f3,2026-02,North Yorkshire Police,North Yorkshire Police,-0.417464,54.273905,On or near Springhill Road,E01027826,Scarborough 009C,Violence and sexual offences,Under investigation,
1f78b5685af9710225fff0008194952ba538ea34e57c69a9ffca97fc8b4fe1f1,2026-02,North Yorkshire Police,North Yorkshire Police,-0.417464,54.273905,On or near Springhill Road,E01027826,Scarborough 009C,Violence and sexual offences,Under investigation,
af367e2758ecf69925216f283f33685a2de010f52f4de7df478f97fee7c678b7,2026-02,North Yorkshire Police,North Yorkshire Police,-0.417682,54.277045,On or near Cambridge Place,E01027861,Scarborough 009D,Drugs,Local resolution,
da8e4c2fbf77ab06b5d18753809e62a9aca3da9b997b4e799236feeb62fa1daa,2026-02,North Yorkshire Police,North Yorkshire Police,-0.426439,54.277384,On or near Raincliffe Avenue,E01027861,Scarborough 009D,Public order,Under investigation,
44f2d56d385dc171796e4991ac982e72ac9f698e1bffa3ae85bae68c1920738f,2026-02,North Yorkshire Police,North Yorkshire Police,-0.417682,54.277045,On or near Cambridge Place,E01027861,Scarborough 009D,Vehicle crime,Under investigation,
a147dd418ad3621a256c9dc0687a874db959c9d33657ad83c1df4d2dfbc373a5,2026-02,North Yorkshire Police,North Yorkshire Police,-0.424108,54.277686,On or near Stepney Rise,E01027861,Scarborough 009D,Violence and sexual offences,Under investigation,
d44ebfdcfbf9f638b075d0ff72806599e5f04f38e5846237d64d4fded787127c,2026-02,North Yorkshire Police,North Yorkshire Police,-0.416073,54.276934,On or near Acworth Street,E01027861,Scarborough 009D,Violence and sexual offences,Under investigation,
9766f9601376c7767b92bd86a188ea0c4ab3f7f3c53fd1e24badbd056e0d9daf,2026-02,North Yorkshire Police,North Yorkshire Police,-0.419570,54.278679,On or near Harley Close,E01027861,Scarborough 009D,Violence and sexual offences,Unable to prosecute suspect,
18df9cfe7efe56a60cd771298b61c8b7152d7412e4b89a85331f4e0c6b4b136f,2026-02,North Yorkshire Police,North Yorkshire Police,-0.424108,54.277686,On or near Stepney Rise,E01027861,Scarborough 009D,Violence and sexual offences,Unable to prosecute suspect,
d7a57f337017440d5801fa6ff5294079480751472ace32769d24eaf6d76553dd,2026-02,North Yorkshire Police,North Yorkshire Police,-0.418043,54.278847,On or near Hampton Road,E01027861,Scarborough 009D,Violence and sexual offences,Under investigation,
,2026-02,North Yorkshire Police,North Yorkshire Police,-0.423788,54.280837,On or near Osborne Park,E01027863,Scarborough 009E,Anti-social behaviour,,
7b3bdf4f579d6ac193beb979dba54db41bcc243e95169973b34b6991a234b2c6,2026-02,North Yorkshire Police,North Yorkshire Police,-0.429218,54.279838,On or near Stepney Grove,E01027863,Scarborough 009E,Violence and sexual offences,Under investigation,
f3cf611829c55e96ed99599066c66c019fb5f393d00b3c8e8193ddef220479b8,2026-02,North Yorkshire Police,North Yorkshire Police,-0.434707,54.281707,On or near Hospital,E01027873,Scarborough 009F,Criminal damage and arson,Under investigation,
d767ba333b57fe60e02eb1225161953f30f501df5101ddbab8368b7a89f3cb03,2026-02,North Yorkshire Police,North Yorkshire Police,-0.432802,54.282941,On or near St Luke'S Crescent,E01027873,Scarborough 009F,Possession of weapons,Under investigation,
58ff1ac941cc7af6b9c072e0748e1aff5c22623c953b7dcf75ba426207758344,2026-02,North Yorkshire Police,North Yorkshire Police,-0.432802,54.282941,On or near St Luke'S Crescent,E01027873,Scarborough 009F,Public order,Under investigation,
e8db94362356ad8c79b44c23653e9b2f0329a5264a20bc388a951b8416eb7f42,2026-02,North Yorkshire Police,North Yorkshire Police,-0.434707,54.281707,On or near Hospital,E01027873,Scarborough 009F,Violence and sexual offences,Under investigation,
2059cc8a8b086a151d3e3cc1f1415f6e14262e5a17a82b0286bee7c9c16873ef,2026-02,North Yorkshire Police,North Yorkshire Police,-0.434707,54.281707,On or near Hospital,E01027873,Scarborough 009F,Violence and sexual offences,Under investigation,
722a06f8a2df1e2a6406ebb82819b33baf7ec73331b790fc5997d3951deb7bc8,2026-02,North Yorkshire Police,North Yorkshire Police,-0.432802,54.282941,On or near St Luke'S Crescent,E01027873,Scarborough 009F,Violence and sexual offences,Under investigation,
f12fa9932a85d757078579bba1d7383af86b5b8c0ac2fabc10001265a5fb6c29,2026-02,North Yorkshire Police,North Yorkshire Police,-0.434707,54.281707,On or near Hospital,E01027873,Scarborough 009F,Violence and sexual offences,Under investigation,
cc7767c8e087d4d42c1e5955d3fa47e2ebf37e8979371e24f709b4f84dfa3003,2026-02,North Yorkshire Police,North Yorkshire Police,-0.432802,54.282941,On or near St Luke'S Crescent,E01027873,Scarborough 009F,Violence and sexual offences,Under investigation,
,2026-02,North Yorkshire Police,North Yorkshire Police,-0.404041,54.277494,On or near Park/Open Space,E01027804,Scarborough 010A,Anti-social behaviour,,
,2026-02,North Yorkshire Police,North Yorkshire Police,-0.404802,54.280857,On or near Alma Square,E01027804,Scarborough 010A,Anti-social behaviour,,
,2026-02,North Yorkshire Police,North Yorkshire Police,-0.398805,54.279816,On or near Cliff Bridge Terrace,E01027804,Scarborough 010A,Anti-social behaviour,,
,2026-02,North Yorkshire Police,North Yorkshire Police,-0.405966,54.280540,On or near Theatre/Concert Hall,E01027804,Scarborough 010A,Anti-social behaviour,,
,2026-02,North Yorkshire Police,North Yorkshire Police,-0.409549,54.275248,On or near Westwood Gardens,E01027804,Scarborough 010A,Anti-social behaviour,,
,2026-02,North Yorkshire Police,North Yorkshire Police,-0.404802,54.280857,On or near Alma Square,E01027804,Scarborough 010A,Anti-social behaviour,,
,2026-02,North Yorkshire Police,North Yorkshire Police,-0.400915,54.282121,On or near ,E01027804,Scarborough 010A,Anti-social behaviour,,
,2026-02,North Yorkshire Police,North Yorkshire Police,-0.408715,54.277763,On or near Belgrave Terrace,E01027804,Scarborough 010A,Anti-social behaviour,,
,2026-02,North Yorkshire Police,North Yorkshire Police,-0.409549,54.275248,On or near Westwood Gardens,E01027804,Scarborough 010A,Anti-social behaviour,,
,2026-02,North Yorkshire Police,North Yorkshire Police,-0.404665,54.278042,On or near Further/Higher Educational Building,E01027804,Scarborough 010A,Anti-social behaviour,,
,2026-02,North Yorkshire Police,North Yorkshire Police,-0.407373,54.279498,On or near Belle Vue Parade,E01027804,Scarborough 010A,Anti-social behaviour,,
,2026-02,North Yorkshire Police,North Yorkshire Police,-0.405966,54.280540,On or near Theatre/Concert Hall,E01027804,Scarborough 010A,Anti-social behaviour,,
,2026-02,North Yorkshire Police,North Yorkshire Police,-0.404446,54.280520,On or near Nightclub,E01027804,Scarborough 010A,Anti-social behaviour,,
,2026-02,North Yorkshire Police,North Yorkshire Police,-0.400915,54.282121,On or near ,E01027804,Scarborough 010A,Anti-social behaviour,,
,2026-02,North Yorkshire Police,North Yorkshire Police,-0.403925,54.281672,On or near Aberdeen Lane,E01027804,Scarborough 010A,Anti-social behaviour,,
,2026-02,North Yorkshire Police,North Yorkshire Police,-0.401495,54.280957,On or near Vernon Place,E01027804,Scarborough 010A,Anti-social behaviour,,
,2026-02,North Yorkshire Police,North Yorkshire Police,-0.407106,54.280851,On or near Victoria Road,E01027804,Scarborough 010A,Anti-social behaviour,,
,2026-02,North Yorkshire Police,North Yorkshire Police,-0.405966,54.280540,On or near Theatre/Concert Hall,E01027804,Scarborough 010A,Anti-social behaviour,,
,2026-02,North Yorkshire Police,North Yorkshire Police,-0.403990,54.280010,On or near Parking Area,E01027804,Scarborough 010A,Anti-social behaviour,,
,2026-02,North Yorkshire Police,North Yorkshire Police,-0.403647,54.281051,On or near ,E01027804,Scarborough 010A,Anti-social behaviour,,
,2026-02,North Yorkshire Police,North Yorkshire Police,-0.408715,54.277763,On or near Belgrave Terrace,E01027804,Scarborough 010A,Anti-social behaviour,,
,2026-02,North Yorkshire Police,North Yorkshire Police,-0.398815,54.280742,On or near St Nicholas Cliff,E01027804,Scarborough 010A,Anti-social behaviour,,
,2026-02,North Yorkshire Police,North Yorkshire Police,-0.403990,54.280010,On or near Parking Area,E01027804,Scarborough 010A,Anti-social behaviour,,
,2026-02,North Yorkshire Police,North Yorkshire Police,-0.403647,54.281051,On or near ,E01027804,Scarborough 010A,Anti-social behaviour,,
,2026-02,North Yorkshire Police,North Yorkshire Police,-0.404802,54.280857,On or near Alma Square,E01027804,Scarborough 010A,Anti-social behaviour,,
,2026-02,North Yorkshire Police,North Yorkshire Police,-0.400915,54.282121,On or near ,E01027804,Scarborough 010A,Anti-social behaviour,,
,2026-02,North Yorkshire Police,North Yorkshire Police,-0.402404,54.280888,On or near Shopping Area,E01027804,Scarborough 010A,Anti-social behaviour,,
,2026-02,North Yorkshire Police,North Yorkshire Police,-0.400915,54.282121,On or near ,E01027804,Scarborough 010A,Anti-social behaviour,,
,2026-02,North Yorkshire Police,North Yorkshire Police,-0.400371,54.280636,On or near Parking Area,E01027804,Scarborough 010A,Anti-social behaviour,,
,2026-02,North Yorkshire Police,North Yorkshire Police,-0.401495,54.280957,On or near Vernon Place,E01027804,Scarborough 010A,Anti-social behaviour,,
,2026-02,North Yorkshire Police,North Yorkshire Police,-0.404041,54.277494,On or near Park/Open Space,E01027804,Scarborough 010A,Anti-social behaviour,,
,2026-02,North Yorkshire Police,North Yorkshire Police,-0.405857,54.281770,On or near Parking Area,E01027804,Scarborough 010A,Anti-social behaviour,,
,2026-02,North Yorkshire Police,North Yorkshire Police,-0.401495,54.280957,On or near Vernon Place,E01027804,Scarborough 010A,Anti-social behaviour,,
01df92b817eb53f3281f8334b2761d8b9ac817058f62c7067854d7a783f0afc9,2026-02,North Yorkshire Police,North Yorkshire Police,-0.407373,54.279498,On or near Belle Vue Parade,E01027804,Scarborough 010A,Burglary,Under investigation,
0723aac4c5672c886316f550ad72782bb263196c69070de3d4cd2cc699e5652c,2026-02,North Yorkshire Police,North Yorkshire Police,-0.398815,54.280742,On or near St Nicholas Cliff,E01027804,Scarborough 010A,Criminal damage and arson,Under investigation,
a4222189bf2357026b22893f28f4d8c113288f00bdb263cf1de91bf84fed2038,2026-02,North Yorkshire Police,North Yorkshire Police,-0.398815,54.280742,On or near St Nicholas Cliff,E01027804,Scarborough 010A,Criminal damage and arson,Under investigation,
d5346a823c828bbd4d4aacc2b418859162f042418d371d851fa2412498bd43d4,2026-02,North Yorkshire Police,North Yorkshire Police,-0.407373,54.279498,On or near Belle Vue Parade,E01027804,Scarborough 010A,Criminal damage and arson,Investigation complete; no suspect identified,
ccc46bbefacdd8e647bdafa98d938d717b5271bbf654236602ceb79c300705ca,2026-02,North Yorkshire Police,North Yorkshire Police,-0.408715,54.277763,On or near Belgrave Terrace,E01027804,Scarborough 010A,Criminal damage and arson,Awaiting court outcome,
6886f42bb44244460f7be04caef53e0f8d76790d92b55bfc00f0061a6d064613,2026-02,North Yorkshire Police,North Yorkshire Police,-0.408715,54.277763,On or near Belgrave Terrace,E01027804,Scarborough 010A,Criminal damage and arson,Under investigation,
af2f2e6f4e90dfee311aa5ca0657754b44de7a88b27bbd6c1d2cba1cfda506b4,2026-02,North Yorkshire Police,North Yorkshire Police,-0.398815,54.280742,On or near St Nicholas Cliff,E01027804,Scarborough 010A,Criminal damage and arson,Under investigation,
b234fb20199951481b1896559c2536a4c862e0f2476572e8ce735b2be1cb5f26,2026-02,North Yorkshire Police,North Yorkshire Police,-0.404665,54.278042,On or near Further/Higher Educational Building,E01027804,Scarborough 010A,Criminal damage and arson,Local resolution,
eb87325a8bdc27eba70c3fc92d526b053b9ca84e492b3b27cc953095313c4076,2026-02,North Yorkshire Police,North Yorkshire Police,-0.404802,54.280857,On or near Alma Square,E01027804,Scarborough 010A,Criminal damage and arson,Under investigation,
451d0fca50f096a0f3d9ed3ba9ed982f7181b072a9ff526b2d0cb559305d4bbe,2026-02,North Yorkshire Police,North Yorkshire Police,-0.400915,54.282121,On or near ,E01027804,Scarborough 010A,Criminal damage and arson,Awaiting court outcome,
e86e0565f0c3b5f7a4eebabe4ecb7353e6ad54256a8dafa92c036ef968a56951,2026-02,North Yorkshire Police,North Yorkshire Police,-0.404802,54.280857,On or near Alma Square,E01027804,Scarborough 010A,Drugs,Awaiting court outcome,
2f2caa7d9271ff7205963e54b1bf913a82bd20884fca71ba7fb4a9739aca25fa,2026-02,North Yorkshire Police,North Yorkshire Police,-0.408715,54.277763,On or near Belgrave Terrace,E01027804,Scarborough 010A,Drugs,Under investigation,
90495b32ad80bc0ef2393626290ff9efa0626e6a6d9d882a43df02f0ea0d1f15,2026-02,North Yorkshire Police,North Yorkshire Police,-0.403925,54.281672,On or near Aberdeen Lane,E01027804,Scarborough 010A,Drugs,Under investigation,
495ba05c5d09d0d34546db2244b43f5eec9b8b17568521e013a839cccb8b38d4,2026-02,North Yorkshire Police,North Yorkshire Police,-0.404446,54.280520,On or near Nightclub,E01027804,Scarborough 010A,Drugs,Under investigation,
cb48794d81d0cd8eaa41be6742a57092b374fa8589008b1cbb7145716d47ef6a,2026-02,North Yorkshire Police,North Yorkshire Police,-0.398815,54.280742,On or near St Nicholas Cliff,E01027804,Scarborough 010A,Other theft,Under investigation,
26aa62aec39b90b3961515e90bf8e6a84f87633b5aa3c95694dbaf4885627f25,2026-02,North Yorkshire Police,North Yorkshire Police,-0.407487,54.277747,On or near Westwood,E01027804,Scarborough 010A,Other theft,Investigation complete; no suspect identified,
ad66066969e8806c390d1035220cb094264d3f4d0da24ebc18dc22abf97c7695,2026-02,North Yorkshire Police,North Yorkshire Police,-0.400915,54.282121,On or near ,E01027804,Scarborough 010A,Other theft,Under investigation,
7b5ea2879baad130fdbb67afb4c26d54ee67d0c70bfae24e399f5c3331ffce3a,2026-02,North Yorkshire Police,North Yorkshire Police,-0.399751,54.280781,On or near Parking Area,E01027804,Scarborough 010A,Public order,Investigation complete; no suspect identified,
1b06158a66762660cf98e7940efd9cc75243bd0ed61974fffee9aa1a008ebe26,2026-02,North Yorkshire Police,North Yorkshire Police,-0.400915,54.282121,On or near ,E01027804,Scarborough 010A,Public order,Under investigation,
50cee2b691fd5a3fed4d5bda9a7e837ea2a117b826199182c72a91c3935633ee,2026-02,North Yorkshire Police,North Yorkshire Police,-0.400915,54.282121,On or near ,E01027804,Scarborough 010A,Public order,Under investigation,
627dce1624e33d774dd321209951c8bfeb103a5dae4c1c81d30e466b5db66be0,2026-02,North Yorkshire Police,North Yorkshire Police,-0.398815,54.280742,On or near St Nicholas Cliff,E01027804,Scarborough 010A,Public order,Under investigation,
40acfb2ba0c161efba5d4238d5cb2ae4a905a0e0703373cf866b9c79f9313624,2026-02,North Yorkshire Police,North Yorkshire Police,-0.400915,54.282121,On or near ,E01027804,Scarborough 010A,Public order,Under investigation,
eedc466021c2cba001045d7cc9c8608861df900e218ab71e1bd8e35483a7ce55,2026-02,North Yorkshire Police,North Yorkshire Police,-0.409549,54.275248,On or near Westwood Gardens,E01027804,Scarborough 010A,Robbery,Under investigation,
35d5abdecf4fab489c48d979d823d47726da4911caa9a3d270627299a5b4f8a5,2026-02,North Yorkshire Police,North Yorkshire Police,-0.404665,54.278042,On or near Further/Higher Educational Building,E01027804,Scarborough 010A,Shoplifting,Investigation complete; no suspect identified,
b27e71b5dc1945b3ab8774c0aa70ef342193e449886825be0d53824fa40565fa,2026-02,North Yorkshire Police,North Yorkshire Police,-0.404665,54.278042,On or near Further/Higher Educational Building,E01027804,Scarborough 010A,Shoplifting,Investigation complete; no suspect identified,
b8801302e98b93bb4d882b370134c34ca02ebbc4f514ec4c6736ffa1ee2450d7,2026-02,North Yorkshire Police,North Yorkshire Police,-0.403990,54.280010,On or near Parking Area,E01027804,Scarborough 010A,Shoplifting,Investigation complete; no suspect identified,
bf18af774883ac5bb1977b7b85bd20e0e52ac513e1ef97764bb82fea087ce299,2026-02,North Yorkshire Police,North Yorkshire Police,-0.404665,54.278042,On or near Further/Higher Educational Building,E01027804,Scarborough 010A,Shoplifting,Investigation complete; no suspect identified,
b001eb3e97c2a4edee8394689ecebaaf53934f5a4f36012b3ba75d385423ace3,2026-02,North Yorkshire Police,North Yorkshire Police,-0.404665,54.278042,On or near Further/Higher Educational Building,E01027804,Scarborough 010A,Shoplifting,Investigation complete; no suspect identified,
3492409a53b9159767b7c218d09688e090e12a6a21ef8c5e8bf68147c48b4763,2026-02,North Yorkshire Police,North Yorkshire Police,-0.404802,54.280857,On or near Alma Square,E01027804,Scarborough 010A,Shoplifting,Under investigation,
a20f8b64f7fcba85da0ad65e2f12173ba14b9f0fb9fffd3124bb4930068d31af,2026-02,North Yorkshire Police,North Yorkshire Police,-0.404665,54.278042,On or near Further/Higher Educational Building,E01027804,Scarborough 010A,Shoplifting,Investigation complete; no suspect identified,
8c414603b106ae5c21a2ca2319855dad9bf0678a23b50415e659b93c7c77df82,2026-02,North Yorkshire Police,North Yorkshire Police,-0.404665,54.278042,On or near Further/Higher Educational Building,E01027804,Scarborough 010A,Shoplifting,Investigation complete; no suspect identified,
184c790bc2e17f37d4d2a9bfd35bea5106c8e1d5b9a6acbc5e1b92b12c0f385d,2026-02,North Yorkshire Police,North Yorkshire Police,-0.404665,54.278042,On or near Further/Higher Educational Building,E01027804,Scarborough 010A,Shoplifting,Under investigation,
2424c36e6565db9c2fb26775178c69133a9d0c2a19249e8fd55903cedf55cc76,2026-02,North Yorkshire Police,North Yorkshire Police,-0.404665,54.278042,On or near Further/Higher Educational Building,E01027804,Scarborough 010A,Shoplifting,Under investigation,
b78df8fb7508216f502b2fabd806f250ad8bced52d149970e7840dd34136d234,2026-02,North Yorkshire Police,North Yorkshire Police,-0.403990,54.280010,On or near Parking Area,E01027804,Scarborough 010A,Shoplifting,Investigation complete; no suspect identified,
d383037a4ee93cdc1e24685c50df3bfe0ae778d86d62f4546fc622e40586f7fa,2026-02,North Yorkshire Police,North Yorkshire Police,-0.402404,54.280888,On or near Shopping Area,E01027804,Scarborough 010A,Shoplifting,Unable to prosecute suspect,
cfc7dea1e2fdbd166cee4606224e1f850ba5f29f2629114fe451aac8bfa3001b,2026-02,North Yorkshire Police,North Yorkshire Police,-0.404665,54.278042,On or near Further/Higher Educational Building,E01027804,Scarborough 010A,Shoplifting,Under investigation,
419e1fc415c77cec54369cb50d776bf8efd4cc39ffd4297eeac2ffefa94abf3b,2026-02,North Yorkshire Police,North Yorkshire Police,-0.402404,54.280888,On or near Shopping Area,E01027804,Scarborough 010A,Shoplifting,Local resolution,
f29e44e053c4a655c737093d38be78841da43650a6a562652a43bb5d9e2d655c,2026-02,North Yorkshire Police,North Yorkshire Police,-0.404802,54.280857,On or near Alma Square,E01027804,Scarborough 010A,Violence and sexual offences,Unable to prosecute suspect,
1dec8b02d880c8599831dabf49fa9844a82fa1a9fe3e0f173c3f1c9615652994,2026-02,North Yorkshire Police,North Yorkshire Police,-0.400915,54.282121,On or near ,E01027804,Scarborough 010A,Violence and sexual offences,Under investigation,
38de09b1b69eb720ea11e22d356453fb2270197d94c46d9c68355ced9ab52218,2026-02,North Yorkshire Police,North Yorkshire Police,-0.400915,54.282121,On or near ,E01027804,Scarborough 010A,Violence and sexual offences,Under investigation,
050220d8adf1896cbf014ef903a578739d33afddd840112fbc7e06cdcfa0fb79,2026-02,North Yorkshire Police,North Yorkshire Police,-0.404041,54.277494,On or near Park/Open Space,E01027804,Scarborough 010A,Violence and sexual offences,Under investigation,
0f1263fab81b117e333621a0e5a99f12b480df7797ee7046a5a225b8c21cb92a,2026-02,North Yorkshire Police,North Yorkshire Police,-0.398815,54.280742,On or near St Nicholas Cliff,E01027804,Scarborough 010A,Violence and sexual offences,Under investigation,
0f1263fab81b117e333621a0e5a99f12b480df7797ee7046a5a225b8c21cb92a,2026-02,North Yorkshire Police,North Yorkshire Police,-0.398815,54.280742,On or near St Nicholas Cliff,E01027804,Scarborough 010A,Violence and sexual offences,Under investigation,
d214a40a48fa10f4e7112633964fab7a4f8bab87859e6a4df5e0a395ec5e1926,2026-02,North Yorkshire Police,North Yorkshire Police,-0.404665,54.278042,On or near Further/Higher Educational Building,E01027804,Scarborough 010A,Violence and sexual offences,Under investigation,
25dbbb970a3daf20c27082a19f7dbfe63ba782a31083dae3f27ab7ca6de5edce,2026-02,North Yorkshire Police,North Yorkshire Police,-0.398815,54.280742,On or near St Nicholas Cliff,E01027804,Scarborough 010A,Violence and sexual offences,Under investigation,
050220d8adf1896cbf014ef903a578739d33afddd840112fbc7e06cdcfa0fb79,2026-02,North Yorkshire Police,North Yorkshire Police,-0.404041,54.277494,On or near Park/Open Space,E01027804,Scarborough 010A,Violence and sexual offences,Under investigation,
1f1bbfec370261eb65883630384971509d9e546e1ff5adeb6251afa6d77f4f7b,2026-02,North Yorkshire Police,North Yorkshire Police,-0.399751,54.280781,On or near Parking Area,E01027804,Scarborough 010A,Violence and sexual offences,Under investigation,
8327d8912a351788bf4adf92288555788e259e3aafe5f29a8df860f68c8b286c,2026-02,North Yorkshire Police,North Yorkshire Police,-0.398815,54.280742,On or near St Nicholas Cliff,E01027804,Scarborough 010A,Violence and sexual offences,Under investigation,
8327d8912a351788bf4adf92288555788e259e3aafe5f29a8df860f68c8b286c,2026-02,North Yorkshire Police,North Yorkshire Police,-0.398815,54.280742,On or near St Nicholas Cliff,E01027804,Scarborough 010A,Violence and sexual offences,Under investigation,
39cc70a2be614bff53237f3d2d154ab5c479e34621d7fd9b561fa148927d1278,2026-02,North Yorkshire Police,North Yorkshire Police,-0.404802,54.280857,On or near Alma Square,E01027804,Scarborough 010A,Violence and sexual offences,Under investigation,
60f2afb1a73cd2877745013e8e249a327ffd7786bddc8865bb0e5ec55890c895,2026-02,North Yorkshire Police,North Yorkshire Police,-0.400915,54.282121,On or near ,E01027804,Scarborough 010A,Violence and sexual offences,Under investigation,
15d20caad281d383574b55a46f77fad8cdea7fc1abe1e244ea2928efe9f7758f,2026-02,North Yorkshire Police,North Yorkshire Police,-0.404446,54.280520,On or near Nightclub,E01027804,Scarborough 010A,Violence and sexual offences,Under investigation,
ce4869197fb9157c5f6a61b4bc85625f1bd1a8da6b29f676e6be585a78ae9f4a,2026-02,North Yorkshire Police,North Yorkshire Police,-0.398815,54.280742,On or near St Nicholas Cliff,E01027804,Scarborough 010A,Violence and sexual offences,Under investigation,
3532a21adce7ed59e2d6f21bb576c4d3a455c61f78440701b409b25c62d02ace,2026-02,North Yorkshire Police,North Yorkshire Police,-0.407106,54.280851,On or near Victoria Road,E01027804,Scarborough 010A,Violence and sexual offences,Under investigation,
df96bc31bb0d488b29756fc37e1b85be69c7205f31090808e1071bb341642c15,2026-02,North Yorkshire Police,North Yorkshire Police,-0.408715,54.277763,On or near Belgrave Terrace,E01027804,Scarborough 010A,Violence and sexual offences,Under investigation,
39cc70a2be614bff53237f3d2d154ab5c479e34621d7fd9b561fa148927d1278,2026-02,North Yorkshire Police,North Yorkshire Police,-0.404802,54.280857,On or near Alma Square,E01027804,Scarborough 010A,Violence and sexual offences,Under investigation,
0a5752717e0e7e60bdbb10035a7a67e1c40123d2413554e4d1a0559c493af931,2026-02,North Yorkshire Police,North Yorkshire Police,-0.404802,54.280857,On or near Alma Square,E01027804,Scarborough 010A,Violence and sexual offences,Under investigation,
15d0cd239fab89e3c8b3a583b30c5ff830987732ca346b00dfa723f825773e77,2026-02,North Yorkshire Police,North Yorkshire Police,-0.405857,54.281770,On or near Parking Area,E01027804,Scarborough 010A,Violence and sexual offences,Under investigation,
3662eca9254a239179c58bfea099569eb0d574eada160ee587bfa70d4cc447e0,2026-02,North Yorkshire Police,North Yorkshire Police,-0.398815,54.280742,On or near St Nicholas Cliff,E01027804,Scarborough 010A,Violence and sexual offences,Under investigation,
40e31adfe29cf9ceeb8e8620c5fedb2233d84ecee568dcfa1242071bedaa65e8,2026-02,North Yorkshire Police,North Yorkshire Police,-0.408469,54.278568,On or near Arundel Place,E01027804,Scarborough 010A,Violence and sexual offences,Under investigation,
568b2d0b91dddefce7acf00d506b77a94a1b234bae11c22e2db99383cd2bf781,2026-02,North Yorkshire Police,North Yorkshire Police,-0.403925,54.281672,On or near Aberdeen Lane,E01027804,Scarborough 010A,Violence and sexual offences,Awaiting court outcome,
3417c4060fe561429ad658d84db8c1094af9b7ba14317edf4e76cbe488c37e97,2026-02,North Yorkshire Police,North Yorkshire Police,-0.404802,54.280857,On or near Alma Square,E01027804,Scarborough 010A,Violence and sexual offences,Unable to prosecute suspect,
7e41f179c1df4fd786f94fe3f2dd20c9bb7756657432c1d77bcb225976a1b3ac,2026-02,North Yorkshire Police,North Yorkshire Police,-0.400371,54.280636,On or near Parking Area,E01027804,Scarborough 010A,Violence and sexual offences,Unable to prosecute suspect,
19c45352da3a79e8e68feb59b126d053834536d250098e1a8623d9e8513ad990,2026-02,North Yorkshire Police,North Yorkshire Police,-0.408838,54.278960,On or near Belle Vue Place,E01027804,Scarborough 010A,Violence and sexual offences,Unable to prosecute suspect,
59f054d42d25db842578a3bd372abba9c4a1eb53e7d9159868bde3ed48b4cb7c,2026-02,North Yorkshire Police,North Yorkshire Police,-0.399751,54.280781,On or near Parking Area,E01027804,Scarborough 010A,Violence and sexual offences,Awaiting court outcome,
d6473b4538cbfbd01c7e22cc674f2c03ed2891adc8e6068e5c5a22a2d543c779,2026-02,North Yorkshire Police,North Yorkshire Police,-0.400376,54.280097,On or near Vernon Road,E01027804,Scarborough 010A,Violence and sexual offences,Unable to prosecute suspect,
22c144fa5686de599fb9c36a42e7434de1e087aa47e0a9c3bd40c7257bf1a5cc,2026-02,North Yorkshire Police,North Yorkshire Police,-0.408838,54.278960,On or near Belle Vue Place,E01027804,Scarborough 010A,Violence and sexual offences,Unable to prosecute suspect,
799f3a06933df787149b179a837977605276f1c18e6348eeec906117edd0d38f,2026-02,North Yorkshire Police,North Yorkshire Police,-0.400376,54.280097,On or near Vernon Road,E01027804,Scarborough 010A,Violence and sexual offences,Unable to prosecute suspect,
e5dd47bae067b907bae6cc8ffc1d02706c6cca92740ca6d35babbc06f00759c3,2026-02,North Yorkshire Police,North Yorkshire Police,-0.405857,54.281770,On or near Parking Area,E01027804,Scarborough 010A,Other crime,Under investigation,
,2026-02,North Yorkshire Police,North Yorkshire Police,-0.407214,54.274067,On or near Cromwell Road,E01027852,Scarborough 010B,Anti-social behaviour,,
,2026-02,North Yorkshire Police,North Yorkshire Police,-0.403808,54.271981,On or near Princess Royal Terrace,E01027852,Scarborough 010B,Anti-social behaviour,,
,2026-02,North Yorkshire Police,North Yorkshire Police,-0.403774,54.275262,On or near Grosvenor Crescent,E01027852,Scarborough 010B,Anti-social behaviour,,
,2026-02,North Yorkshire Police,North Yorkshire Police,-0.403808,54.271981,On or near Princess Royal Terrace,E01027852,Scarborough 010B,Anti-social behaviour,,
,2026-02,North Yorkshire Police,North Yorkshire Police,-0.403808,54.271981,On or near Princess Royal Terrace,E01027852,Scarborough 010B,Anti-social behaviour,,
,2026-02,North Yorkshire Police,North Yorkshire Police,-0.401040,54.273275,On or near Prince Of Wales Terrace,E01027852,Scarborough 010B,Anti-social behaviour,,
,2026-02,North Yorkshire Police,North Yorkshire Police,-0.402373,54.273356,On or near St Martin'S Place,E01027852,Scarborough 010B,Anti-social behaviour,,
,2026-02,North Yorkshire Police,North Yorkshire Police,-0.406592,54.275452,On or near Valley Road,E01027852,Scarborough 010B,Anti-social behaviour,,
,2026-02,North Yorkshire Police,North Yorkshire Police,-0.407214,54.274067,On or near Cromwell Road,E01027852,Scarborough 010B,Anti-social behaviour,,
,2026-02,North Yorkshire Police,North Yorkshire Police,-0.403808,54.271981,On or near Princess Royal Terrace,E01027852,Scarborough 010B,Anti-social behaviour,,
6c2b8ef1ed98715bc9c9a9a1be785ee2a64f249bfa0db4505e2397868e16f305,2026-02,North Yorkshire Police,North Yorkshire Police,-0.402373,54.273356,On or near St Martin'S Place,E01027852,Scarborough 010B,Criminal damage and arson,Under investigation,
f9b2c6e601771378910dfb30078ab9b01bebeb7965a61751b6ba6257c409b4fb,2026-02,North Yorkshire Police,North Yorkshire Police,-0.405836,54.273554,On or near Cromwell Terrace,E01027852,Scarborough 010B,Criminal damage and arson,Under investigation,
82c82652e7e0e227752c09ea76052e0f0e421097926fc5dde646f1e52fd62668,2026-02,North Yorkshire Police,North Yorkshire Police,-0.406592,54.275452,On or near Valley Road,E01027852,Scarborough 010B,Other theft,Unable to prosecute suspect,
7adc5dc9b302aa83ec71463b839085cf60b3f3dd384da1f6b06bce14508fac8a,2026-02,North Yorkshire Police,North Yorkshire Police,-0.407214,54.274067,On or near Cromwell Road,E01027852,Scarborough 010B,Other theft,Under investigation,
97b3792c81d8c7ddabef0bf710713e6f9a9c58756c3eb65ea0346762f4b13cf1,2026-02,North Yorkshire Police,North Yorkshire Police,-0.403808,54.271981,On or near Princess Royal Terrace,E01027852,Scarborough 010B,Possession of weapons,Unable to prosecute suspect,
688bc9352a29e0134f57483d000d2166fc23a5a96599c7d0a0f7de928f1f7e2b,2026-02,North Yorkshire Police,North Yorkshire Police,-0.402373,54.273356,On or near St Martin'S Place,E01027852,Scarborough 010B,Public order,Under investigation,
55a903ab762cd80f8361bf52887a542be2d47d9f851ad0a38d698f13cc160995,2026-02,North Yorkshire Police,North Yorkshire Police,-0.404414,54.273392,On or near Royal Crescent Lane,E01027852,Scarborough 010B,Public order,Under investigation,
b662e4d3b8fc3e7f76b2c9940912918feeb4b82632f467b0ebb11f7bad29878f,2026-02,North Yorkshire Police,North Yorkshire Police,-0.402373,54.273356,On or near St Martin'S Place,E01027852,Scarborough 010B,Shoplifting,Investigation complete; no suspect identified,
4617f966c2c72128d1dbde815b4454015b944fae9a6e9ae4a43f2a61e4ef56c0,2026-02,North Yorkshire Police,North Yorkshire Police,-0.402373,54.273356,On or near St Martin'S Place,E01027852,Scarborough 010B,Shoplifting,Investigation complete; no suspect identified,
b35111dc56eb7272875aeec48ba4379c7bf028ffdcff1c00359f7b98fb781e01,2026-02,North Yorkshire Police,North Yorkshire Police,-0.402373,54.273356,On or near St Martin'S Place,E01027852,Scarborough 010B,Shoplifting,Investigation complete; no suspect identified,
6713a8e42653b4b91c38d29fe5073bde75d977cab01f28673775a5ac73e73db1,2026-02,North Yorkshire Police,North Yorkshire Police,-0.402373,54.273356,On or near St Martin'S Place,E01027852,Scarborough 010B,Violence and sexual offences,Under investigation,
9e5bef0a1c430c9bb29de66ff4017ba42cc98055c0f4bae1c6329b26250b3b68,2026-02,North Yorkshire Police,North Yorkshire Police,-0.404299,54.274397,On or near Greenfield Road,E01027852,Scarborough 010B,Violence and sexual offences,Under investigation,
614bf3abe41995fa50325a8d4e60bc732330639f86b873d0c69aeb5f1d6bee3f,2026-02,North Yorkshire Police,North Yorkshire Police,-0.404299,54.274397,On or near Greenfield Road,E01027852,Scarborough 010B,Violence and sexual offences,Under investigation,
dd4c5c662301521b39e2bcad58d99df052b2444c092c09bff4749a89cd60845d,2026-02,North Yorkshire Police,North Yorkshire Police,-0.401875,54.273538,On or near St Martin'S Road,E01027852,Scarborough 010B,Violence and sexual offences,Under investigation,
aa2b91ae7e7e68f65945d4d95d86d7f568a336fa33474b2b3a0e8d44ec19af9d,2026-02,North Yorkshire Police,North Yorkshire Police,-0.405257,54.275830,On or near Grosvenor Road,E01027852,Scarborough 010B,Violence and sexual offences,Under investigation,
75e9404ef33c813f26d87d27fe7cca0b645842460c8d86314ace88321024344f,2026-02,North Yorkshire Police,North Yorkshire Police,-0.401040,54.273275,On or near Prince Of Wales Terrace,E01027852,Scarborough 010B,Violence and sexual offences,Under investigation,
489902538d5c0d8536b37d545907d7f4da02743c54fa40161268337f66bde89f,2026-02,North Yorkshire Police,North Yorkshire Police,-0.407214,54.274067,On or near Cromwell Road,E01027852,Scarborough 010B,Violence and sexual offences,Under investigation,
c2473a98af4a9ae5ac1f11c6f01fb0759ce3a36661574279582287cac0f444d7,2026-02,North Yorkshire Police,North Yorkshire Police,-0.408657,54.273690,On or near Cromwell Parade,E01027852,Scarborough 010B,Violence and sexual offences,Under investigation,
7e4460b037862af1cfb5b4c9822194263f523e6b0d662812d98282c297993fbf,2026-02,North Yorkshire Police,North Yorkshire Police,-0.404299,54.274397,On or near Greenfield Road,E01027852,Scarborough 010B,Violence and sexual offences,Under investigation,
b5c22589ba4db63c00ebcac2065d3df8f83080b532e17038f9f36a4f9f37837b,2026-02,North Yorkshire Police,North Yorkshire Police,-0.402373,54.273356,On or near St Martin'S Place,E01027852,Scarborough 010B,Violence and sexual offences,Under investigation,
0415ed784d75fccab330f7c4f16b06819dc8f4398ace9b8127f5b0c05b49c1bd,2026-02,North Yorkshire Police,North Yorkshire Police,-0.406592,54.275452,On or near Valley Road,E01027852,Scarborough 010B,Violence and sexual offences,Under investigation,
9721d1c2002b3e4d96e674b5e68fdc7369067fedb303cd9f37da44025f45ff65,2026-02,North Yorkshire Police,North Yorkshire Police,-0.402373,54.273356,On or near St Martin'S Place,E01027852,Scarborough 010B,Violence and sexual offences,Under investigation,
f1f059b3ed6b1d4cdccc0b6fe7ce9601471288a451c863cf07b58053168bd7c0,2026-02,North Yorkshire Police,North Yorkshire Police,-0.402373,54.273356,On or near St Martin'S Place,E01027852,Scarborough 010B,Violence and sexual offences,Further investigation is not in the public interest,
f27f4476c16d5b35f3b3a32a9f96107d25e65c514d6f30d01c5a5bde55176fb1,2026-02,North Yorkshire Police,North Yorkshire Police,-0.403808,54.271981,On or near Princess Royal Terrace,E01027852,Scarborough 010B,Violence and sexual offences,Unable to prosecute suspect,
f08ebe8f0566b8838f9ed852a4affe86d33b7ee44ce8288d6321fdff29cd7209,2026-02,North Yorkshire Police,North Yorkshire Police,-0.402373,54.273356,On or near St Martin'S Place,E01027852,Scarborough 010B,Other crime,Under investigation,
,2026-02,North Yorkshire Police,North Yorkshire Police,-0.409220,54.272233,On or near Oriel Crescent,E01027853,Scarborough 010C,Anti-social behaviour,,
aa9f3610fd8ba6ac019054ba3a7ce6213e95cd93836860419227c33161f8f261,2026-02,North Yorkshire Police,North Yorkshire Police,-0.406967,54.271322,On or near The Garlands,E01027853,Scarborough 010C,Vehicle crime,Investigation complete; no suspect identified,
45c78d8d7585b71404e3901a94259d3f67c8c38f78a76b763183a89b08d3fb93,2026-02,North Yorkshire Police,North Yorkshire Police,-0.410696,54.271785,On or near Trinity Close,E01027853,Scarborough 010C,Violence and sexual offences,Investigation complete; no suspect identified,
,2026-02,North Yorkshire Police,North Yorkshire Police,-0.401479,54.274638,On or near Craven Street,E01027854,Scarborough 010D,Anti-social behaviour,,
,2026-02,North Yorkshire Police,North Yorkshire Police,-0.402157,54.275762,On or near Crown Close Back Road,E01027854,Scarborough 010D,Anti-social behaviour,,
,2026-02,North Yorkshire Police,North Yorkshire Police,-0.400507,54.272773,On or near Esplanade Gardens,E01027854,Scarborough 010D,Anti-social behaviour,,
e67f3f0a291fc8362d746b91447f40ebf7e62b8af2521c56b5ce1f0161dd19f6,2026-02,North Yorkshire Police,North Yorkshire Police,-0.399768,54.275200,On or near South Street,E01027854,Scarborough 010D,Criminal damage and arson,Under investigation,
e20f100afe87265744473f2c9cdf16f037c4ba7404205c2e03f9e2f81c89c66c,2026-02,North Yorkshire Police,North Yorkshire Police,-0.401049,54.274237,On or near St Martin'S Square,E01027854,Scarborough 010D,Criminal damage and arson,Under investigation,
d0ff194741c954cad4a7c458b527b7707e63dc0b77c6bccad21edee3ea67cbb4,2026-02,North Yorkshire Police,North Yorkshire Police,-0.401479,54.274638,On or near Craven Street,E01027854,Scarborough 010D,Public order,Under investigation,
50e9d44df0de8429b38d782b8eafeb717a68782968765d48ddce985485b5755b,2026-02,North Yorkshire Police,North Yorkshire Police,-0.399768,54.275200,On or near South Street,E01027854,Scarborough 010D,Vehicle crime,Under investigation,
,2026-02,North Yorkshire Police,North Yorkshire Police,-0.396623,54.271120,On or near ,E01027868,Scarborough 010E,Anti-social behaviour,,
,2026-02,North Yorkshire Police,North Yorkshire Police,-0.394131,54.268096,On or near Esplanade Crescent,E01027868,Scarborough 010E,Anti-social behaviour,,
26d1d726df37899930ffc915c8fa1846e86f501a4be56e6685ff9a262139e2f2,2026-02,North Yorkshire Police,North Yorkshire Police,-0.396623,54.271120,On or near ,E01027868,Scarborough 010E,Criminal damage and arson,Investigation complete; no suspect identified,
5fdc6bc2c4d93307f1f9f617bbe9e96db5ef545467d78f5c100ba8380bccd4c6,2026-02,North Yorkshire Police,North Yorkshire Police,-0.399929,54.272227,On or near West Street,E01027868,Scarborough 010E,Criminal damage and arson,Under investigation,
f5da5c6ac9db9adcf372b459a2369343ae92d58b4d66aff6e745627d28712321,2026-02,North Yorkshire Police,North Yorkshire Police,-0.400273,54.272069,On or near Esplanade Road,E01027868,Scarborough 010E,Drugs,Under investigation,
c8987fdc692e2af65d87833bbb59ce40eac2da56a8770a025ea7fb62619add84,2026-02,North Yorkshire Police,North Yorkshire Police,-0.400740,54.265154,On or near Weaponness Park,E01027868,Scarborough 010E,Other theft,Investigation complete; no suspect identified,
b3f0fba0467bc8b3fd3970eaaecba01d07c2d95206abab83fd8dbfd93d6479ae,2026-02,North Yorkshire Police,North Yorkshire Police,-0.399383,54.270071,On or near Lonsdale Road,E01027868,Scarborough 010E,Violence and sexual offences,Under investigation,
91e0970d28488ff6111bee144b379ef511e876f1b54d3d5b172677c009744d5c,2026-02,North Yorkshire Police,North Yorkshire Police,-0.399383,54.270071,On or near Lonsdale Road,E01027868,Scarborough 010E,Violence and sexual offences,Under investigation,
4da450c480af52e20ba39bf363dd7775745bac9e09d825b1754214d216f826e5,2026-02,North Yorkshire Police,North Yorkshire Police,-0.399383,54.270071,On or near Lonsdale Road,E01027868,Scarborough 010E,Violence and sexual offences,Under investigation,
,2026-02,North Yorkshire Police,North Yorkshire Police,-0.377870,54.234028,On or near Mill Lane,E01027807,Scarborough 011A,Anti-social behaviour,,
,2026-02,North Yorkshire Police,North Yorkshire Police,-0.347401,54.232814,On or near Redcliffe Lane,E01027807,Scarborough 011A,Anti-social behaviour,,
49a7d9751489b57a8fea9a5ab10e712424fc773c62a925f9810deb1191707231,2026-02,North Yorkshire Police,North Yorkshire Police,-0.379250,54.234046,On or near Beck Hole,E01027807,Scarborough 011A,Drugs,Further investigation is not in the public interest,
e68a3a626a4482fd50d716911b0d9f1ceaf6947eaf4b4cced0bf9fcd603578af,2026-02,North Yorkshire Police,North Yorkshire Police,-0.387447,54.235918,On or near West End View,E01027807,Scarborough 011A,Violence and sexual offences,Under investigation,
7794ec7ab86daf4cacb76a48e4023f408ef320e3a7fcf026c1ebf8937f6bf517,2026-02,North Yorkshire Police,North Yorkshire Police,-0.330468,54.223178,On or near Filey Road,E01027807,Scarborough 011A,Violence and sexual offences,Unable to prosecute suspect,
c6c1b09f12157843bcb433636ecdb98c8ad4e8f5b8d909236f8e2d49c862b89e,2026-02,North Yorkshire Police,North Yorkshire Police,-0.366397,54.237367,On or near ,E01027807,Scarborough 011A,Violence and sexual offences,Unable to prosecute suspect,
e68a3a626a4482fd50d716911b0d9f1ceaf6947eaf4b4cced0bf9fcd603578af,2026-02,North Yorkshire Police,North Yorkshire Police,-0.387447,54.235918,On or near West End View,E01027807,Scarborough 011A,Violence and sexual offences,Under investigation,
e47a9cd7e72615f0235416a51464b12cc41ae575ce0cd96cf82f91a20ec669ad,2026-02,North Yorkshire Police,North Yorkshire Police,-0.380181,54.229861,On or near Pinfold Road,E01027807,Scarborough 011A,Other crime,Under investigation,
,2026-02,North Yorkshire Police,North Yorkshire Police,-0.384768,54.244817,On or near Priory Place,E01027809,Scarborough 011C,Anti-social behaviour,,
cd5c10fe883e92e994acd57ce07558ce85785e4882aa66b692c19cbc908d9bcd,2026-02,North Yorkshire Police,North Yorkshire Police,-0.384768,54.244817,On or near Priory Place,E01027809,Scarborough 011C,Criminal damage and arson,Unable to prosecute suspect,
d4aecc0ac03af23d803ff9b44218aa0124031f749270ca39b5ecbae2a5c2bddd,2026-02,North Yorkshire Police,North Yorkshire Police,-0.381830,54.244597,On or near Fenton Close,E01027809,Scarborough 011C,Violence and sexual offences,Unable to prosecute suspect,
2ae2952e0ba44c815acd799e6fde53125bc625e44f432b78f072c713fc8e1e9f,2026-02,North Yorkshire Police,North Yorkshire Police,-0.379906,54.244338,On or near Redcliff Close,E01027809,Scarborough 011C,Violence and sexual offences,Unable to prosecute suspect,
3e7e222673a38e460d249145d9129d9c35fe3c613f4c21cb4d4ad1ddd8db9269,2026-02,North Yorkshire Police,North Yorkshire Police,-0.379906,54.244338,On or near Redcliff Close,E01027809,Scarborough 011C,Violence and sexual offences,Under investigation,
3e7e222673a38e460d249145d9129d9c35fe3c613f4c21cb4d4ad1ddd8db9269,2026-02,North Yorkshire Police,North Yorkshire Police,-0.379906,54.244338,On or near Redcliff Close,E01027809,Scarborough 011C,Violence and sexual offences,Under investigation,
,2026-02,North Yorkshire Police,North Yorkshire Police,-0.389665,54.246743,On or near Wayside Grove,E01027818,Scarborough 011D,Anti-social behaviour,,
5759cf403d6803d20ad859d26ec614a49db257e2b770adcc5f3ced2980a63246,2026-02,North Yorkshire Police,North Yorkshire Police,-0.390888,54.243334,On or near Beech Close,E01027818,Scarborough 011D,Criminal damage and arson,Under investigation,
4add9e2f181dcb1da7b455a311bfc6fd2d9c9ff10a3106343cea5be6ededa4ee,2026-02,North Yorkshire Police,North Yorkshire Police,-0.388738,54.246910,On or near Redfield Way,E01027818,Scarborough 011D,Vehicle crime,Under investigation,
ed8a6f0f19303694baadf01712d232c335f0676def8af026d1d03dbd36019986,2026-02,North Yorkshire Police,North Yorkshire Police,-0.386085,54.243702,On or near Ploughmans Court,E01027818,Scarborough 011D,Violence and sexual offences,Unable to prosecute suspect,
0185255c62c2ea70496df007604cc318ae1f7c1c8db2693331a3250d2a7d1414,2026-02,North Yorkshire Police,North Yorkshire Police,-0.390888,54.243334,On or near Beech Close,E01027818,Scarborough 011D,Violence and sexual offences,Under investigation,
,2026-02,North Yorkshire Police,North Yorkshire Police,-0.395163,54.265251,On or near Sea Cliff Crescent,E01027867,Scarborough 011E,Anti-social behaviour,,
,2026-02,North Yorkshire Police,North Yorkshire Police,-0.388425,54.259265,On or near Michael Mount Road,E01027867,Scarborough 011E,Anti-social behaviour,,
972c8889b584821eeee7733c4be00f97c39e760c93ac30fe2f5cac1071a2e90e,2026-02,North Yorkshire Police,North Yorkshire Police,-0.383258,54.254782,On or near Sea View Gardens,E01027867,Scarborough 011E,Violence and sexual offences,Unable to prosecute suspect,
,2026-02,North Yorkshire Police,North Yorkshire Police,-0.401796,54.240244,On or near Braeburn,E01027817,Scarborough 012A,Anti-social behaviour,,
,2026-02,North Yorkshire Police,North Yorkshire Police,-0.401796,54.240244,On or near Braeburn,E01027817,Scarborough 012A,Anti-social behaviour,,
,2026-02,North Yorkshire Police,North Yorkshire Police,-0.396971,54.239218,On or near Link Walk,E01027817,Scarborough 012A,Anti-social behaviour,,
,2026-02,North Yorkshire Police,North Yorkshire Police,-0.396971,54.239218,On or near Link Walk,E01027817,Scarborough 012A,Anti-social behaviour,,
,2026-02,North Yorkshire Police,North Yorkshire Police,-0.401796,54.240244,On or near Braeburn,E01027817,Scarborough 012A,Anti-social behaviour,,
,2026-02,North Yorkshire Police,North Yorkshire Police,-0.409016,54.239840,On or near ,E01027817,Scarborough 012A,Anti-social behaviour,,
e3f5be204a8496265d8e1cd2760a496aacad6e663e081bf8c135b0605620dcad,2026-02,North Yorkshire Police,North Yorkshire Police,-0.404195,54.241696,On or near Westway,E01027817,Scarborough 012A,Burglary,Under investigation,
3a14c3c8434c1b94c1f29e5cc72a98b4df5ba3c0b20a1eb2290da1a3ae2df39d,2026-02,North Yorkshire Police,North Yorkshire Police,-0.401796,54.240244,On or near Braeburn,E01027817,Scarborough 012A,Criminal damage and arson,Under investigation,
ee4c01358aae2c29e62e7b3efa470c98976b2a056c55c2890bb4a44811aa9297,2026-02,North Yorkshire Police,North Yorkshire Police,-0.401796,54.240244,On or near Braeburn,E01027817,Scarborough 012A,Other theft,Under investigation,
1733db80753a305357376186c579336d086862aced40b20561cab86294c446f8,2026-02,North Yorkshire Police,North Yorkshire Police,-0.404195,54.241696,On or near Westway,E01027817,Scarborough 012A,Public order,Investigation complete; no suspect identified,
8a48cc1ca5d6423075ea18421b834ab063849886e1738056ecafed1586d119b3,2026-02,North Yorkshire Police,North Yorkshire Police,-0.396693,54.238064,On or near High Street,E01027817,Scarborough 012A,Violence and sexual offences,Unable to prosecute suspect,
4f5c93c3212741936affc43ed8527aa7ab95b8f3a189ba24d1f4a5fbf799d71a,2026-02,North Yorkshire Police,North Yorkshire Police,-0.400186,54.239809,On or near Lowfield,E01027817,Scarborough 012A,Violence and sexual offences,Under investigation,
e216e1d9b341a953b878528ef86c5b0f07bd83c880e547aa320e5ba17d1877b8,2026-02,North Yorkshire Police,North Yorkshire Police,-0.410634,54.240271,On or near Police Station,E01027817,Scarborough 012A,Violence and sexual offences,Under investigation,
e216e1d9b341a953b878528ef86c5b0f07bd83c880e547aa320e5ba17d1877b8,2026-02,North Yorkshire Police,North Yorkshire Police,-0.410634,54.240271,On or near Police Station,E01027817,Scarborough 012A,Violence and sexual offences,Under investigation,
43d285896c42189aeb8db91a9a84387b845e16e4ea699215bb3aed36d2ef2427,2026-02,North Yorkshire Police,North Yorkshire Police,-0.396971,54.239218,On or near Link Walk,E01027817,Scarborough 012A,Violence and sexual offences,Under investigation,
f4ae11b9a254b0ab2ad3177ba82ac567af1f7d120196e3a41f1a2a620e13bc94,2026-02,North Yorkshire Police,North Yorkshire Police,-0.396971,54.239218,On or near Link Walk,E01027817,Scarborough 012A,Violence and sexual offences,Under investigation,
756278b9b6561116b64c09b286b2f1777d861db98ac2c1fd537a43e99e2fc406,2026-02,North Yorkshire Police,North Yorkshire Police,-0.396693,54.238064,On or near High Street,E01027817,Scarborough 012A,Violence and sexual offences,Under investigation,
a91b37d51d18b2945972c21db57745f6942e402ca9ce1af56b55c3fefed4d329,2026-02,North Yorkshire Police,North Yorkshire Police,-0.412922,54.242233,On or near Lingholm Crescent,E01027817,Scarborough 012A,Violence and sexual offences,Under investigation,
737a3127ac1e7d13ad9577dca98fdbf4506c1d026337ca84bd61d4bcfb780db6,2026-02,North Yorkshire Police,North Yorkshire Police,-0.396693,54.238064,On or near High Street,E01027817,Scarborough 012A,Violence and sexual offences,Under investigation,
81d417d7fecb027ef0f0c8328d1ee8a3f64321230516aa1c6810c37ad51340e5,2026-02,North Yorkshire Police,North Yorkshire Police,-0.412922,54.242233,On or near Lingholm Crescent,E01027817,Scarborough 012A,Violence and sexual offences,Under investigation,
659a53f3db2d1a34a7a71f65843931955873e4dbb79575d5110510f80f8747ba,2026-02,North Yorkshire Police,North Yorkshire Police,-0.409016,54.239840,On or near ,E01027817,Scarborough 012A,Violence and sexual offences,Under investigation,
,2026-02,North Yorkshire Police,North Yorkshire Police,-0.405763,54.244017,On or near Combine Way,E01027819,Scarborough 012B,Anti-social behaviour,,
,2026-02,North Yorkshire Police,North Yorkshire Police,-0.412612,54.243506,On or near Musham Bank Road,E01027819,Scarborough 012B,Anti-social behaviour,,
,2026-02,North Yorkshire Police,North Yorkshire Police,-0.405763,54.244017,On or near Combine Way,E01027819,Scarborough 012B,Anti-social behaviour,,
01f600535e827c008fb15fb3ee7a7c9dc84a55630c7f4b6f6ddecff4ceda0f26,2026-02,North Yorkshire Police,North Yorkshire Police,-0.407552,54.244194,On or near Sandstone Road,E01027819,Scarborough 012B,Criminal damage and arson,Unable to prosecute suspect,
58ab8fc40c8a19b420012169cdbb2a8317677470dff2c13d3a5350e905bcc2cc,2026-02,North Yorkshire Police,North Yorkshire Police,-0.407552,54.244194,On or near Sandstone Road,E01027819,Scarborough 012B,Criminal damage and arson,Unable to prosecute suspect,
bf18028d4917468f857a803e60d90b03e9ef70e2fb509b6aa2791ffd68684981,2026-02,North Yorkshire Police,North Yorkshire Police,-0.403570,54.244290,On or near ,E01027819,Scarborough 012B,Criminal damage and arson,Under investigation,
c8ab6a74a65615430dc13076fcdcd6e30ab94cda4004c51170b50159355bef95,2026-02,North Yorkshire Police,North Yorkshire Police,-0.400362,54.243973,On or near Merry Dale,E01027819,Scarborough 012B,Criminal damage and arson,Investigation complete; no suspect identified,
8f5598f08fc4d1200e1a2afc57c763e536c727a7a332c6056e8f5762e77eb91a,2026-02,North Yorkshire Police,North Yorkshire Police,-0.406601,54.243777,On or near Glacier Lane,E01027819,Scarborough 012B,Criminal damage and arson,Unable to prosecute suspect,
64d64f4271c528dc48d95c6f46ae465dfa1837875e7fbd5f2ba20a74a49b2e33,2026-02,North Yorkshire Police,North Yorkshire Police,-0.412612,54.243506,On or near Musham Bank Road,E01027819,Scarborough 012B,Drugs,Under investigation,
d897654349eb9980a25e1e4edae955ed759a110b0c4c52931f02da33a6463285,2026-02,North Yorkshire Police,North Yorkshire Police,-0.405022,54.244520,On or near Steading Road,E01027819,Scarborough 012B,Other theft,Under investigation,
a3f6dd0feeb28177af763ddc7399f22d60271565be0cab73c3fb97193560de68,2026-02,North Yorkshire Police,North Yorkshire Police,-0.400519,54.242081,On or near ,E01027819,Scarborough 012B,Other theft,Under investigation,
e8d40e3597e54572bd602128234fb7990cfa66fa30dbbc0b83ee8cf39aa96afe,2026-02,North Yorkshire Police,North Yorkshire Police,-0.407615,54.242154,On or near Ridgeway,E01027819,Scarborough 012B,Public order,Under investigation,
9b70b42632c11c647cdb2b547fce81e1b3464d53043c591bcecd8df3e17ce86d,2026-02,North Yorkshire Police,North Yorkshire Police,-0.405022,54.244520,On or near Steading Road,E01027819,Scarborough 012B,Vehicle crime,Under investigation,
5072ffcc0f4df784adcb91b85d58da109825f7ae52c714fa72aa4a13d6626c44,2026-02,North Yorkshire Police,North Yorkshire Police,-0.412612,54.243506,On or near Musham Bank Road,E01027819,Scarborough 012B,Vehicle crime,Under investigation,
7952dff48b1a8aa4e086e000457ede0ec1de32765619d6415d2c4eb882342334,2026-02,North Yorkshire Police,North Yorkshire Police,-0.400362,54.243973,On or near Merry Dale,E01027819,Scarborough 012B,Violence and sexual offences,Under investigation,
2bd45df3c12dfcc59ae1780d139b43f39198804171f384dbdaed013a2eee865a,2026-02,North Yorkshire Police,North Yorkshire Police,-0.408280,54.245576,On or near ,E01027819,Scarborough 012B,Violence and sexual offences,Under investigation,
fde3b7cc2430ec6ea72435fb6234f4523092dd3cb39dea956cd5f10af100e960,2026-02,North Yorkshire Police,North Yorkshire Police,-0.407527,54.243645,On or near Plough Lane,E01027819,Scarborough 012B,Violence and sexual offences,Under investigation,
c3deebff2be8ff33e83bc0c8e4679c9f7343fc4089d4d4c2c9b067ba0610a783,2026-02,North Yorkshire Police,North Yorkshire Police,-0.402280,54.244403,On or near High Garth,E01027819,Scarborough 012B,Violence and sexual offences,Unable to prosecute suspect,
7952dff48b1a8aa4e086e000457ede0ec1de32765619d6415d2c4eb882342334,2026-02,North Yorkshire Police,North Yorkshire Police,-0.400362,54.243973,On or near Merry Dale,E01027819,Scarborough 012B,Violence and sexual offences,Under investigation,
27eeea5bba2b1ccfd432754de97c9cdbd056935aa5b1b0b766e7ee18fa2854c2,2026-02,North Yorkshire Police,North Yorkshire Police,-0.408773,54.241181,On or near Ryefield Close,E01027819,Scarborough 012B,Violence and sexual offences,Under investigation,
f08ee26265cca01e907c1545eda8d401cf4a75a8c136c690474fd00a3ccd7ae2,2026-02,North Yorkshire Police,North Yorkshire Police,-0.406073,54.245523,On or near ,E01027819,Scarborough 012B,Violence and sexual offences,Under investigation,
10a83b374f485c64f246e3ec9a01d91d3c9d738a76cd015eb9407c047854f6f4,2026-02,North Yorkshire Police,North Yorkshire Police,-0.400519,54.242081,On or near ,E01027819,Scarborough 012B,Violence and sexual offences,Unable to prosecute suspect,
c37249ae052cb89c7996ae2403ab31f837289debc4ae1ef0817badc2ceb31f70,2026-02,North Yorkshire Police,North Yorkshire Police,-0.406635,54.241296,On or near Ryefield Road,E01027819,Scarborough 012B,Violence and sexual offences,Unable to prosecute suspect,
d4dd555c16d5a6528b4c3240ccaeb13e9398a280ac80194e5e41e10ef805e838,2026-02,North Yorkshire Police,North Yorkshire Police,-0.407552,54.244194,On or near Sandstone Road,E01027819,Scarborough 012B,Violence and sexual offences,Under investigation,
babb8b58bd09a6fa7aa5c841be36d9ac4b35e98ac49111df89e744d5ea2e1279,2026-02,North Yorkshire Police,North Yorkshire Police,-0.402138,54.243576,On or near ,E01027819,Scarborough 012B,Violence and sexual offences,Under investigation,
94472c167db12547ebd4019f9cde96900ce94570f52d5801bc91f45532551cbf,2026-02,North Yorkshire Police,North Yorkshire Police,-0.406635,54.241296,On or near Ryefield Road,E01027819,Scarborough 012B,Violence and sexual offences,Under investigation,
f1cb264cad64386f2d6b633149aeee920e6251dbac8b22b161fce3d72f91125d,2026-02,North Yorkshire Police,North Yorkshire Police,-0.407552,54.244194,On or near Sandstone Road,E01027819,Scarborough 012B,Violence and sexual offences,Under investigation,
a5c47697a37e8c0bf5c27bb2b564a00856780e59537b670355fa5f743f65fdcf,2026-02,North Yorkshire Police,North Yorkshire Police,-0.402280,54.244403,On or near High Garth,E01027819,Scarborough 012B,Violence and sexual offences,Unable to prosecute suspect,
27b27f048a502ffd5169945ae172e9c90c462858f085e9676b4d053fb8ac740b,2026-02,North Yorkshire Police,North Yorkshire Police,-0.406073,54.245523,On or near ,E01027819,Scarborough 012B,Violence and sexual offences,Under investigation,
b603c30a55d1599f014908f6ce6c9e8cab8e51a2b2530d302ba2a01ebd7700ab,2026-02,North Yorkshire Police,North Yorkshire Police,-0.400519,54.242081,On or near ,E01027819,Scarborough 012B,Violence and sexual offences,Action to be taken by another organisation,
c3f16aa97a8d8717ffb566527ab58c70e34afb00286e0dff79de839faacb0960,2026-02,North Yorkshire Police,North Yorkshire Police,-0.400519,54.242081,On or near ,E01027819,Scarborough 012B,Violence and sexual offences,Under investigation,
7bfa9c13a36d069354e323626cf03af13c72e46b881c0f3d53fe188ed868910e,2026-02,North Yorkshire Police,North Yorkshire Police,-0.403847,54.242356,On or near Bank Side,E01027819,Scarborough 012B,Violence and sexual offences,Under investigation,
f08ee26265cca01e907c1545eda8d401cf4a75a8c136c690474fd00a3ccd7ae2,2026-02,North Yorkshire Police,North Yorkshire Police,-0.406073,54.245523,On or near ,E01027819,Scarborough 012B,Violence and sexual offences,Under investigation,
7af6693b26cf8786f7754fd97cc84ed6f507bef53d4f5882e297197a03e76d1a,2026-02,North Yorkshire Police,North Yorkshire Police,-0.401895,54.242834,On or near Dunn Grove,E01027819,Scarborough 012B,Violence and sexual offences,Under investigation,
25c1efea43b088bddcb3677fa335fa1e2bf79cc13d7ce60c45bb323c6db19320,2026-02,North Yorkshire Police,North Yorkshire Police,-0.400519,54.242081,On or near ,E01027819,Scarborough 012B,Violence and sexual offences,Unable to prosecute suspect,
dfe222b55d5bfb38d46cb3062f385069dc0dc42b6c60021cdcc3e5254cd5cb30,2026-02,North Yorkshire Police,North Yorkshire Police,-0.401895,54.242834,On or near Dunn Grove,E01027819,Scarborough 012B,Violence and sexual offences,Unable to prosecute suspect,
a3af6b122013fa98cf6c74dd7af9093736894606b751a13030365cae0c460bfe,2026-02,North Yorkshire Police,North Yorkshire Police,-0.411027,54.241615,On or near Manham Hill,E01027819,Scarborough 012B,Other crime,Under investigation,
243a6ab1b6eb8dce1c623758f5175e07099d95717a96b6dd068781fcd48b5ae5,2026-02,North Yorkshire Police,North Yorkshire Police,-0.396052,54.245506,On or near Northwold Road,E01027820,Scarborough 012C,Criminal damage and arson,Under investigation,
64967cd8c591cbea39601d2e7af010fa40aca32b39014f3f1da0ededaa5b8738,2026-02,North Yorkshire Police,North Yorkshire Police,-0.397065,54.243752,On or near ,E01027820,Scarborough 012C,Possession of weapons,Under investigation,
069a58dc77021ab8c8a0e7d9869d49362f1f930295094b0d99323e802a37ba69,2026-02,North Yorkshire Police,North Yorkshire Police,-0.394893,54.242552,On or near Herdborough Road,E01027820,Scarborough 012C,Public order,Under investigation,
7c879e6f4875a57424a819ed631c9665974f5714137aae5a37fc6afda9e29071,2026-02,North Yorkshire Police,North Yorkshire Police,-0.396284,54.241127,On or near ,E01027820,Scarborough 012C,Shoplifting,Under investigation,
35424380a7701a0a613f1efdaeb4155e3d9a5f2c1c3d606d465761c88026ddc8,2026-02,North Yorkshire Police,North Yorkshire Police,-0.394356,54.244118,On or near Hawthorn Walk,E01027820,Scarborough 012C,Vehicle crime,Under investigation,
57832603a4495d1ecce249e1c315e02119220370eba384524817f89c87b4b4e6,2026-02,North Yorkshire Police,North Yorkshire Police,-0.395742,54.242024,On or near Hertford Close,E01027820,Scarborough 012C,Violence and sexual offences,Under investigation,
0fd201657e0c9d6e59af5ac9d45f23f0a075dccc1fcab6158696fc9c560ea475,2026-02,North Yorkshire Police,North Yorkshire Police,-0.395742,54.242024,On or near Hertford Close,E01027820,Scarborough 012C,Violence and sexual offences,Under investigation,
b2c2cf52cce733b753b80c9f9406d88a4e89e7d845b5895cf9947262d4e1d034,2026-02,North Yorkshire Police,North Yorkshire Police,-0.396968,54.242472,On or near Caymer Road,E01027820,Scarborough 012C,Violence and sexual offences,Under investigation,
ca8017af796d9d8beabb2a5b7c878e32b07fe9b7f47ba33737cfdad55e5a0fbc,2026-02,North Yorkshire Police,North Yorkshire Police,-0.393174,54.245702,On or near Overdale Gardens,E01027820,Scarborough 012C,Violence and sexual offences,Under investigation,
2a0be2dd6c56415b57415b20a4d65cb6c591e0c496b0970ce03a7a5d315cb16e,2026-02,North Yorkshire Police,North Yorkshire Police,-0.392861,54.245473,On or near Overdale,E01027820,Scarborough 012C,Violence and sexual offences,Under investigation,
f77d2642e27366e5e7f05644b27cc120db616b06fd7baebfdfeb82796a9d9745,2026-02,North Yorkshire Police,North Yorkshire Police,-0.394893,54.242552,On or near Herdborough Road,E01027820,Scarborough 012C,Violence and sexual offences,Under investigation,
28373d1a896c8a125fbde6c2b3f34c55355dad680477c42a753e144e71a876c4,2026-02,North Yorkshire Police,North Yorkshire Police,-0.394893,54.242552,On or near Herdborough Road,E01027820,Scarborough 012C,Other crime,Under investigation,
,2026-02,North Yorkshire Police,North Yorkshire Police,-0.416439,54.241749,On or near Seamer,E01027858,Scarborough 012D,Anti-social behaviour,,
,2026-02,North Yorkshire Police,North Yorkshire Police,-0.416439,54.241749,On or near Seamer,E01027858,Scarborough 012D,Anti-social behaviour,,
df8af827383680d9c9f6c3d050d9c13147c97233eb58f875dae09d32f516cb61,2026-02,North Yorkshire Police,North Yorkshire Police,-0.418325,54.240183,On or near Mallard Way,E01027858,Scarborough 012D,Other theft,Unable to prosecute suspect,
2199a1b4e5acdcf30477431fc0f9938fd5ae2031849bceb1bf687936aae79c3e,2026-02,North Yorkshire Police,North Yorkshire Police,-0.419645,54.241378,On or near Station Road,E01027858,Scarborough 012D,Violence and sexual offences,Unable to prosecute suspect,
8c3ec7af2c30ed3ebefd6532399078ff937eac991821216ced2bac0ab83eb81f,2026-02,North Yorkshire Police,North Yorkshire Police,-0.426382,54.238554,On or near Wold View Grove,E01027858,Scarborough 012D,Violence and sexual offences,Under investigation,
,2026-02,North Yorkshire Police,North Yorkshire Police,-0.438973,54.239158,On or near Bell Close,E01027860,Scarborough 012E,Anti-social behaviour,,
22fbd4b5b084b3dab26738a7e5fe8e33b144fa25dd90377599eb280f9e08c8a8,2026-02,North Yorkshire Police,North Yorkshire Police,-0.438454,54.237771,On or near ,E01027860,Scarborough 012E,Criminal damage and arson,Under investigation,
a31e8346dc3704b2e26b41bbc5828b575d54975d95ef5b84cf209a7313ef58a3,2026-02,North Yorkshire Police,North Yorkshire Police,-0.440873,54.264458,On or near Seamer Moor Hill,E01027860,Scarborough 012E,Violence and sexual offences,Under investigation,
,2026-02,North Yorkshire Police,North Yorkshire Police,-0.539976,54.231705,On or near Gallows Hill Lane,E01027815,Scarborough 013B,Anti-social behaviour,,
618ab48d3888a86e60df50a6008d49e1c9816092ced58678207bbe960e687ec7,2026-02,North Yorkshire Police,North Yorkshire Police,-0.557772,54.226868,On or near West Brow,E01027815,Scarborough 013B,Criminal damage and arson,Under investigation,
f2a1a993cde91d999544200b3589fe62a99bc4a672e1e22052d0daeab89b8b70,2026-02,North Yorkshire Police,North Yorkshire Police,-0.557772,54.226868,On or near West Brow,E01027815,Scarborough 013B,Criminal damage and arson,Unable to prosecute suspect,
a0547844f0e25e18409f2862148a546f734180805af936ebe206ec42b3562cab,2026-02,North Yorkshire Police,North Yorkshire Police,-0.557772,54.226868,On or near West Brow,E01027815,Scarborough 013B,Criminal damage and arson,Under investigation,
2b2d3ba507496bf30323116d8616966d4fc03757fb88d7985939fc8c21232545,2026-02,North Yorkshire Police,North Yorkshire Police,-0.582635,54.227873,On or near Lairs Crescent,E01027815,Scarborough 013B,Criminal damage and arson,Under investigation,
880b715ad5c07cd4ccb4dde2f3bd909b4aaa70de32b1f899de576c28cebc7959,2026-02,North Yorkshire Police,North Yorkshire Police,-0.554237,54.226637,On or near Dark Lane,E01027815,Scarborough 013B,Violence and sexual offences,Unable to prosecute suspect,
86988eb0e28f62757a35857e36ae9cdab1fd74fc5619d06d0ef032a3c4366233,2026-02,North Yorkshire Police,North Yorkshire Police,-0.557772,54.226868,On or near West Brow,E01027815,Scarborough 013B,Violence and sexual offences,Under investigation,
63f47fdccfabebe743821e5021d986a67328dab8de18b12dfffd8aaa31ca813c,2026-02,North Yorkshire Police,North Yorkshire Police,-0.557772,54.226868,On or near West Brow,E01027815,Scarborough 013B,Violence and sexual offences,Under investigation,
480b41b303e2b2e61258cdaed9b5a7a5ebf51acdd8d79bbdb2086f1bec4c387a,2026-02,North Yorkshire Police,North Yorkshire Police,-0.557772,54.226868,On or near West Brow,E01027815,Scarborough 013B,Violence and sexual offences,Under investigation,
86988eb0e28f62757a35857e36ae9cdab1fd74fc5619d06d0ef032a3c4366233,2026-02,North Yorkshire Police,North Yorkshire Police,-0.557772,54.226868,On or near West Brow,E01027815,Scarborough 013B,Violence and sexual offences,Under investigation,
7e3a22878bfab14044677f17d77d3d68a6b478e1c777394af66d2dbec6c66a20,2026-02,North Yorkshire Police,North Yorkshire Police,-0.580095,54.227672,On or near Wydale Rise,E01027815,Scarborough 013B,Violence and sexual offences,Under investigation,
11816a15b14e605257a25789e3c2e3b8eb67f11d1872daf0154dbd22a88a097a,2026-02,North Yorkshire Police,North Yorkshire Police,-0.557772,54.226868,On or near West Brow,E01027815,Scarborough 013B,Other crime,Under investigation,
9d7bf5d50990254fed14f3496c249475329db64c5993401fef5025338d535cc5,2026-02,North Yorkshire Police,North Yorkshire Police,-0.557772,54.226868,On or near West Brow,E01027815,Scarborough 013B,Other crime,Under investigation,
,2026-02,North Yorkshire Police,North Yorkshire Police,-0.486612,54.245212,On or near Garth End Road,E01027816,Scarborough 013C,Anti-social behaviour,,
01530358240702be5b35061844e4daf80bf03d6cdc98cacc88f9ae547b0122c6,2026-02,North Yorkshire Police,North Yorkshire Police,-0.475090,54.252204,On or near Lonsdale Place,E01027816,Scarborough 013C,Violence and sexual offences,Under investigation,
d5d5308bd5acda89ae67205e06a67225455efb9b1692f7beb6b3068bc4ee3a13,2026-02,North Yorkshire Police,North Yorkshire Police,-0.475090,54.252204,On or near Lonsdale Place,E01027816,Scarborough 013C,Violence and sexual offences,Under investigation,
,2026-02,North Yorkshire Police,North Yorkshire Police,-0.443000,54.238581,On or near Old Manor Court,E01027859,Scarborough 013D,Anti-social behaviour,,
6ed6dc95c586d1ed1907a9179649f79f0f16536d20ea154b7c34054aa71af811,2026-02,North Yorkshire Police,North Yorkshire Police,-0.442120,54.243861,On or near ,E01027859,Scarborough 013D,Drugs,Under investigation,
f7fcb24935ec40c7d40b75918d37390324276ac1e1bf25febc497456d454b706,2026-02,North Yorkshire Police,North Yorkshire Police,-0.416851,54.238428,On or near ,E01027859,Scarborough 013D,Public order,Under investigation,
9afc53c851f483a67db0238b2c07bfa3f2c8fbeb97e4f62ff418c1a1f8e2905f,2026-02,North Yorkshire Police,North Yorkshire Police,-0.447889,54.243237,On or near Parking Area,E01027859,Scarborough 013D,Violence and sexual offences,Under investigation,
9afc53c851f483a67db0238b2c07bfa3f2c8fbeb97e4f62ff418c1a1f8e2905f,2026-02,North Yorkshire Police,North Yorkshire Police,-0.447889,54.243237,On or near Parking Area,E01027859,Scarborough 013D,Violence and sexual offences,Action to be taken by another organisation,
a3fe9b209818e49d40be6fe790a39dc8136d9dde57bffa3d04d3f35a810a762d,2026-02,North Yorkshire Police,North Yorkshire Police,-0.415092,54.232456,On or near Seamer Carr Road,E01027859,Scarborough 013D,Violence and sexual offences,Investigation complete; no suspect identified,
ec0515cf350c5da6a3cd58e93d88502e3f2b5a87c10b76d4fc4fc7611c8dd2c0,2026-02,North Yorkshire Police,North Yorkshire Police,-0.415092,54.232456,On or near Seamer Carr Road,E01027859,Scarborough 013D,Violence and sexual offences,Under investigation,
ff157d4a6d73d9229694ce572ce06fc21ea298607d342f1283322ff00454461b,2026-02,North Yorkshire Police,North Yorkshire Police,-0.447889,54.243237,On or near Parking Area,E01027859,Scarborough 013D,Violence and sexual offences,Action to be taken by another organisation,
ff157d4a6d73d9229694ce572ce06fc21ea298607d342f1283322ff00454461b,2026-02,North Yorkshire Police,North Yorkshire Police,-0.447889,54.243237,On or near Parking Area,E01027859,Scarborough 013D,Violence and sexual offences,Under investigation,
,2026-02,North Yorkshire Police,North Yorkshire Police,-0.290859,54.210596,On or near The Avenue,E01027827,Scarborough 014A,Anti-social behaviour,,
,2026-02,North Yorkshire Police,North Yorkshire Police,-0.287042,54.205392,On or near Melville Terrace,E01027827,Scarborough 014A,Anti-social behaviour,,
,2026-02,North Yorkshire Police,North Yorkshire Police,-0.285020,54.204212,On or near Royal Parade,E01027827,Scarborough 014A,Anti-social behaviour,,
54e7c60771bffe1d4835530eec52d4460cb60cec23aeeaf5ce986d144ba196d1,2026-02,North Yorkshire Police,North Yorkshire Police,-0.286823,54.208710,On or near Theatre/Concert Hall,E01027827,Scarborough 014A,Criminal damage and arson,Unable to prosecute suspect,
921644916b6a4cea49fccd99a08c1b4ca52a85613644379b04ab1d523d37b40e,2026-02,North Yorkshire Police,North Yorkshire Police,-0.286952,54.209049,On or near John Street,E01027827,Scarborough 014A,Criminal damage and arson,Unable to prosecute suspect,
3766a01172d5344989bc424070fb265595ec4ea1e3a7566a889b7e559ec59835,2026-02,North Yorkshire Police,North Yorkshire Police,-0.288011,54.209378,On or near Murray Street,E01027827,Scarborough 014A,Public order,Unable to prosecute suspect,
1b4c40a36161a567f0c45850dbd25bdb85b6207f9d25153300aee9a0140a6773,2026-02,North Yorkshire Police,North Yorkshire Police,-0.292476,54.210817,On or near Granville Road,E01027827,Scarborough 014A,Violence and sexual offences,Under investigation,
ef6450b964483df082e73a6b0164d754869a83e72a25e5845dedd05a06ef07bd,2026-02,North Yorkshire Police,North Yorkshire Police,-0.287426,54.208327,On or near Belle Vue Street,E01027827,Scarborough 014A,Violence and sexual offences,Under investigation,
b5b1125c54c941ee6ec24ed2ad6e8ec14d8c812c178b9c8fd62e919bddf9d9f2,2026-02,North Yorkshire Police,North Yorkshire Police,-0.289608,54.210821,On or near Claremont,E01027827,Scarborough 014A,Violence and sexual offences,Under investigation,
9978454c3bf5b43b787f9fc664df175a8ef2f7af43c8322740e5df8c91185440,2026-02,North Yorkshire Police,North Yorkshire Police,-0.286886,54.210261,On or near Clifford'S Terrace,E01027827,Scarborough 014A,Violence and sexual offences,Investigation complete; no suspect identified,
c15b86d85756b2b53d4192c55d1df007c6d9d535dd7319a8048fda203126fb2c,2026-02,North Yorkshire Police,North Yorkshire Police,-0.287028,54.210910,On or near Reynolds Street,E01027827,Scarborough 014A,Other crime,Further investigation is not in the public interest,
,2026-02,North Yorkshire Police,North Yorkshire Police,-0.292165,54.209060,On or near Supermarket,E01027828,Scarborough 014B,Anti-social behaviour,,
,2026-02,North Yorkshire Police,North Yorkshire Police,-0.292165,54.209060,On or near Supermarket,E01027828,Scarborough 014B,Anti-social behaviour,,
,2026-02,North Yorkshire Police,North Yorkshire Police,-0.292165,54.209060,On or near Supermarket,E01027828,Scarborough 014B,Anti-social behaviour,,
,2026-02,North Yorkshire Police,North Yorkshire Police,-0.304426,54.209584,On or near Barden Place,E01027828,Scarborough 014B,Anti-social behaviour,,
1bb1d7bb7b4c49f9ddf965326d8e55c5084ad60cc91e649a6eed01fa575be7d3,2026-02,North Yorkshire Police,North Yorkshire Police,-0.290553,54.207608,On or near Flower Garth,E01027828,Scarborough 014B,Criminal damage and arson,Unable to prosecute suspect,
0d72277b2d68eb0caaacb760ba512fc1ff547457b399ee4a406ed6303e574547,2026-02,North Yorkshire Police,North Yorkshire Police,-0.299564,54.208859,On or near Leyburn Place,E01027828,Scarborough 014B,Other theft,Under investigation,
dc99b3716bf77d350c0e5d8e3dc5c12f6d192771886c3b445e7b184988123764,2026-02,North Yorkshire Police,North Yorkshire Police,-0.292165,54.209060,On or near Supermarket,E01027828,Scarborough 014B,Public order,Under investigation,
d4b8a787cf28eba30858f54756a21387028766127c01e6caa6460a6cf0983324,2026-02,North Yorkshire Police,North Yorkshire Police,-0.295746,54.205957,On or near ,E01027828,Scarborough 014B,Violence and sexual offences,Under investigation,
c23cab84342b62cb3b05e8454483b9318c743cd200885aa7e5e9dcb9d3cbc2b8,2026-02,North Yorkshire Police,North Yorkshire Police,-0.295746,54.205957,On or near ,E01027828,Scarborough 014B,Violence and sexual offences,Under investigation,
241e291c38cf1d1d7f96cae97469ea8763ade7905a5cedc51fd18103b24b2fb9,2026-02,North Yorkshire Police,North Yorkshire Police,-0.300654,54.204722,On or near Windmill Drive,E01027828,Scarborough 014B,Violence and sexual offences,Under investigation,
8ec85249440d6e54ec6163df4b6402f39209bd9eb1a9bbe22d059a27a69d496d,2026-02,North Yorkshire Police,North Yorkshire Police,-0.293437,54.206471,On or near Padbury Drive,E01027828,Scarborough 014B,Violence and sexual offences,Under investigation,
,2026-02,North Yorkshire Police,North Yorkshire Police,-0.288903,54.211926,On or near St Oswalds Court,E01027829,Scarborough 014C,Anti-social behaviour,,
,2026-02,North Yorkshire Police,North Yorkshire Police,-0.288903,54.211926,On or near St Oswalds Court,E01027829,Scarborough 014C,Anti-social behaviour,,
b4eb73f9baa74ae095e39f0db378fa45e761c3766bd7902578bcd31c1b7121c9,2026-02,North Yorkshire Police,North Yorkshire Police,-0.290126,54.212015,On or near Laundry Road,E01027829,Scarborough 014C,Public order,Under investigation,
1cf8cc11422500e50fe2d8fdf064317b7c79b87b1f0ed46147c0b7685cc7ea3b,2026-02,North Yorkshire Police,North Yorkshire Police,-0.290126,54.212015,On or near Laundry Road,E01027829,Scarborough 014C,Public order,Under investigation,
ecba467743d9d7fdcf9b5916acca78779cfeddedc138b68a996a55ab2747f737,2026-02,North Yorkshire Police,North Yorkshire Police,-0.295866,54.211530,On or near Birch Close,E01027830,Scarborough 014D,Violence and sexual offences,Under investigation,
0315881b445a216e00ee6da602a49e0af2cd113f5d787baf27fac322603e492f,2026-02,North Yorkshire Police,North Yorkshire Police,-0.295866,54.211530,On or near Birch Close,E01027830,Scarborough 014D,Violence and sexual offences,Unable to prosecute suspect,
b5932f2c428b306513c56bc4eba7ab66a2b2b03560aa30a49736747342ce413a,2026-02,North Yorkshire Police,North Yorkshire Police,-0.296286,54.212875,On or near Ash Road,E01027830,Scarborough 014D,Violence and sexual offences,Unable to prosecute suspect,
,2026-02,North Yorkshire Police,North Yorkshire Police,-0.319576,54.180871,On or near Vicarage Close,E01027833,Scarborough 014E,Anti-social behaviour,,
,2026-02,North Yorkshire Police,North Yorkshire Police,-0.318619,54.176893,On or near Bridlington Street,E01027833,Scarborough 014E,Anti-social behaviour,,
dbded8ab173cb3a0f3307fcbbb7e0dc1e0bd83e20bb03754a44262e9d8286dee,2026-02,North Yorkshire Police,North Yorkshire Police,-0.320640,54.179951,On or near Supermarket,E01027833,Scarborough 014E,Other theft,Investigation complete; no suspect identified,
ca822c706021407088d79a2dc92f3d055c587a04e046d87254be634c31989e94,2026-02,North Yorkshire Police,North Yorkshire Police,-0.296810,54.186708,On or near Petrol Station,E01027833,Scarborough 014E,Other theft,Under investigation,
,2026-02,North Yorkshire Police,North Yorkshire Police,-0.314945,54.179835,On or near Howes Road,E01027834,Scarborough 014F,Anti-social behaviour,,
,2026-02,North Yorkshire Police,North Yorkshire Police,-0.314945,54.179835,On or near Howes Road,E01027834,Scarborough 014F,Anti-social behaviour,,
,2026-02,North Yorkshire Police,North Yorkshire Police,-0.314651,54.184784,On or near Outgaits Lane,E01027834,Scarborough 014F,Anti-social behaviour,,
72a6687e67e1b5c95dc8c70a3c33cb14f2ea430d4471b1041cda5bb7678eef57,2026-02,North Yorkshire Police,North Yorkshire Police,-0.320090,54.185579,On or near Northgate,E01027834,Scarborough 014F,Violence and sexual offences,Under investigation,
0e1ffd17594cbebbaa5165d48ed43d70266298842e2259aebcb18362553f17d3,2026-02,North Yorkshire Police,North Yorkshire Police,-0.314651,54.184784,On or near Outgaits Lane,E01027834,Scarborough 014F,Other crime,Under investigation,
,2026-02,North Yorkshire Police,North Yorkshire Police,-0.318376,54.184404,On or near Priest Close,E01027835,Scarborough 014G,Anti-social behaviour,,
ad4b86e8fd45e208ac380c5fd8f6c91ed68ebca6df6819a1f639452099a85d3d,2026-02,North Yorkshire Police,North Yorkshire Police,-0.318376,54.184404,On or near Priest Close,E01027835,Scarborough 014G,Burglary,Investigation complete; no suspect identified,
53bb10eacdb84d3a220925dfb6b4ce4d6b2bcf70b5bd6216869e9d62e4fa72d3,2026-02,North Yorkshire Police,North Yorkshire Police,-0.319589,54.184718,On or near Owston Road,E01027835,Scarborough 014G,Criminal damage and arson,Under investigation,
c6c4d5e94a1dceecd1ca3b56333724f357b062bff548f8225cf318e0d1f18b78,2026-02,North Yorkshire Police,North Yorkshire Police,-0.317872,54.182456,On or near Bowling Green Lane,E01027835,Scarborough 014G,Violence and sexual offences,Under investigation,
864801eb798ce92b9994b7ce70366014f5f93a075f48cba6cf232ee1e0338e5d,2026-02,North Yorkshire Police,North Yorkshire Police,-0.407685,54.202058,On or near Welborn Court,E01027835,Scarborough 014G,Violence and sexual offences,Under investigation,
,2026-02,North Yorkshire Police,North Yorkshire Police,-1.252523,53.884470,On or near Oxton Drive,E01027918,Selby 001A,Anti-social behaviour,,
6c7e72d778bde984bd0ecff6099f13d63a535ffdefc7e5eaa3d57382b3a0f619,2026-02,North Yorkshire Police,North Yorkshire Police,-1.259277,53.885374,On or near A659,E01027918,Selby 001A,Criminal damage and arson,Investigation complete; no suspect identified,
592a382fb9a3fe3ec25a000b05cfd2b11ce7054d09c917aaeeb283775cd4970b,2026-02,North Yorkshire Police,North Yorkshire Police,-1.249269,53.889438,On or near Auster Bank Road,E01027918,Selby 001A,Criminal damage and arson,Investigation complete; no suspect identified,
2daa621dbe77c04a0ae2403a0d338e9240e53a78afd29637cc7e657b4a49e9d5,2026-02,North Yorkshire Police,North Yorkshire Police,-1.254853,53.886003,On or near Grange Road,E01027918,Selby 001A,Criminal damage and arson,Under investigation,
1ed735d5a4dea7650d5a5669eb1f2181f683c0e95f9c317405347e14dccaca3e,2026-02,North Yorkshire Police,North Yorkshire Police,-1.252523,53.884470,On or near Oxton Drive,E01027918,Selby 001A,Violence and sexual offences,Under investigation,
a16574baa905e6c33548d3e1f9eda04f1b3889566a56bed40bccb6be6ed4fd79,2026-02,North Yorkshire Police,North Yorkshire Police,-1.253888,53.887273,On or near Sandfield Terrace,E01027918,Selby 001A,Violence and sexual offences,Unable to prosecute suspect,
8cee0dd1804f3685635264ecacdb0964fc4eecc7d1c3e7796f38f346943636cd,2026-02,North Yorkshire Police,North Yorkshire Police,-1.261396,53.888560,On or near Heatherdene,E01027918,Selby 001A,Violence and sexual offences,Under investigation,
491f2edccc7675e9c9d8d323ea43fdf34fac86875eb0b7ee64743ff1131dfb73,2026-02,North Yorkshire Police,North Yorkshire Police,-1.257002,53.885837,On or near Grange Crescent,E01027918,Selby 001A,Violence and sexual offences,Unable to prosecute suspect,
33741a0e204c26d0d0fcc9cda1b6b43dfc0bd4fcb258fcbbfbfb7a9860ba616d,2026-02,North Yorkshire Police,North Yorkshire Police,-1.253888,53.887273,On or near Sandfield Terrace,E01027918,Selby 001A,Violence and sexual offences,Unable to prosecute suspect,
7dbf878958864bb3de7ef15f06080165c6505ec8181694e2276190a54b6ce54a,2026-02,North Yorkshire Police,North Yorkshire Police,-1.250672,53.889294,On or near Auster Bank Crescent,E01027918,Selby 001A,Violence and sexual offences,Under investigation,
92bf2e5a383cbb50476c2e26a4c65f93476f7c27771df3adf505a543e8e81542,2026-02,North Yorkshire Police,North Yorkshire Police,-1.259277,53.885374,On or near A659,E01027918,Selby 001A,Violence and sexual offences,Unable to prosecute suspect,
10883ae7fd64af940f07cf42e9aad1074321e16678ed6c7e082d7652c4b61849,2026-02,North Yorkshire Police,North Yorkshire Police,-1.257002,53.885837,On or near Grange Crescent,E01027918,Selby 001A,Violence and sexual offences,Unable to prosecute suspect,
91de31c4359e159479d868a3294813a8e2a00635c79e5532b81e4abaade76cf2,2026-02,North Yorkshire Police,North Yorkshire Police,-1.250672,53.889294,On or near Auster Bank Crescent,E01027918,Selby 001A,Other crime,Further investigation is not in the public interest,
,2026-02,North Yorkshire Police,North Yorkshire Police,-1.262108,53.884394,On or near Kirkgate,E01027919,Selby 001B,Anti-social behaviour,,
,2026-02,North Yorkshire Police,North Yorkshire Police,-1.265820,53.882700,On or near Petrol Station,E01027919,Selby 001B,Anti-social behaviour,,
,2026-02,North Yorkshire Police,North Yorkshire Police,-1.264182,53.884973,On or near Westgate,E01027919,Selby 001B,Anti-social behaviour,,
824e81c44d41d17aed463038d24608763a6f59f3ec78304f65e601abfff8165d,2026-02,North Yorkshire Police,North Yorkshire Police,-1.266593,53.881132,On or near Queen'S Gardens,E01027919,Selby 001B,Criminal damage and arson,Under investigation,
4d1509cfdf46e1b39465ed278d4330229ab8eb2a55b7011416cc8696d37abb99,2026-02,North Yorkshire Police,North Yorkshire Police,-1.261634,53.884553,On or near Pegg Lane,E01027919,Selby 001B,Other theft,Investigation complete; no suspect identified,
16da34f15fa98a98749c45c1d93339116d7219067e8f794d92abcb00ae6f909b,2026-02,North Yorkshire Police,North Yorkshire Police,-1.268587,53.885386,On or near Westfield Terrace,E01027919,Selby 001B,Violence and sexual offences,Under investigation,
e4e8b5a6190ac73502b22edc72e87069863186777aae26558966b7a0d9aa8ddd,2026-02,North Yorkshire Police,North Yorkshire Police,-1.264642,53.883915,On or near St Joseph'S Street,E01027919,Selby 001B,Violence and sexual offences,Under investigation,
f6ca074a0123b1bab604834ff1dbd4ed3f88f8c5180623575ebffcc3e69ef066,2026-02,North Yorkshire Police,North Yorkshire Police,-1.274324,53.887075,On or near Kelcbar Close,E01027919,Selby 001B,Violence and sexual offences,Under investigation,
3fb13f1f3fb91d2d5cb14ac26fddba78df5af467886a13a1d6bbeaec916f64e3,2026-02,North Yorkshire Police,North Yorkshire Police,-1.244577,53.890613,On or near Turnpike Road,E01027920,Selby 001C,Possession of weapons,Under investigation,
689edc3ec1b4d6856b6938dce587d2b27ba8c51c469081b52a6fa2efd6472cf7,2026-02,North Yorkshire Police,North Yorkshire Police,-1.246323,53.889958,On or near Field Drive,E01027920,Selby 001C,Vehicle crime,Under investigation,
,2026-02,North Yorkshire Police,North Yorkshire Police,-1.272458,53.876242,On or near Firtree Crescent,E01027921,Selby 001D,Anti-social behaviour,,
b2fe87debe366236bf3a828e4decf44aa1c90a809fb6816082aef0bdf07902a5,2026-02,North Yorkshire Police,North Yorkshire Police,-1.262537,53.883399,On or near High Street,E01027921,Selby 001D,Burglary,Investigation complete; no suspect identified,
1d3e629cc85d52a7649ac676d1eb58072ac1a61c7aa20ac5d7a69d1811ba9756,2026-02,North Yorkshire Police,North Yorkshire Police,-1.262586,53.882348,On or near Centre Lane,E01027921,Selby 001D,Other theft,Under investigation,
a7d941d8ee4e74ad315e4de87cfaa9ff7d77d47758349d93e9c9038f34d6b868,2026-02,North Yorkshire Police,North Yorkshire Police,-1.305560,53.866278,On or near Parking Area,E01027922,Selby 001E,Drugs,Under investigation,
aa1da671ff9f4e17f0a72bf216c0e7f8622402dbd61f39783bc1a41e11532c9b,2026-02,North Yorkshire Police,North Yorkshire Police,-1.277591,53.879374,On or near Marlborough Avenue,E01027922,Selby 001E,Violence and sexual offences,Under investigation,
c68d1d296a57e0707c67735fe9c501800cf105c2953f528be12cbbd2af82bfb7,2026-02,North Yorkshire Police,North Yorkshire Police,-1.277591,53.879374,On or near Marlborough Avenue,E01027922,Selby 001E,Violence and sexual offences,Under investigation,
4072ebaf959748e0a54b869bbc9ad54397d31a0d436a8b2a8b7f97b9dc996479,2026-02,North Yorkshire Police,North Yorkshire Police,-1.277591,53.879374,On or near Marlborough Avenue,E01027922,Selby 001E,Violence and sexual offences,Under investigation,
1f7385bb5fdbc538e21c12624ec0adf365a70f11eb433a666a5c5bdcb582d199,2026-02,North Yorkshire Police,North Yorkshire Police,-1.326076,53.859686,On or near Parking Area,E01027922,Selby 001E,Violence and sexual offences,Unable to prosecute suspect,
,2026-02,North Yorkshire Police,North Yorkshire Police,-1.199374,53.902373,On or near The Old Street,E01027875,Selby 002A,Anti-social behaviour,,
,2026-02,North Yorkshire Police,North Yorkshire Police,-1.199374,53.902373,On or near The Old Street,E01027875,Selby 002A,Anti-social behaviour,,
,2026-02,North Yorkshire Police,North Yorkshire Police,-1.186416,53.905633,On or near ,E01027875,Selby 002A,Anti-social behaviour,,
27caf6e5df42650e0d18c5652d6f6b7da60b54089628f9abaa457ebe14dd94ea,2026-02,North Yorkshire Police,North Yorkshire Police,-1.131315,53.887465,On or near Green Lane,E01027875,Selby 002A,Violence and sexual offences,Under investigation,
151f0e0fc97592eae0fa228e3855b941ba9f25a9b3407932764b84eba1690536,2026-02,North Yorkshire Police,North Yorkshire Police,-1.128333,53.866968,On or near Acaster Lane,E01027875,Selby 002A,Violence and sexual offences,Under investigation,
151f0e0fc97592eae0fa228e3855b941ba9f25a9b3407932764b84eba1690536,2026-02,North Yorkshire Police,North Yorkshire Police,-1.128333,53.866968,On or near Acaster Lane,E01027875,Selby 002A,Violence and sexual offences,Under investigation,
76540e1a8124a3bb9ff0c0569539b376dbbbe24ac580d65e264d738f58d41c7d,2026-02,North Yorkshire Police,North Yorkshire Police,-1.127674,53.832116,On or near Thorpe Lane,E01027887,Selby 002C,Criminal damage and arson,Under investigation,
33d5eaaf51215f9128faf7c21c88bb9996a82c49c906062bd6e9152d987f4030,2026-02,North Yorkshire Police,North Yorkshire Police,-1.099669,53.813025,On or near Pasture Close,E01027887,Selby 002C,Violence and sexual offences,Under investigation,
780b545ebb3978c8a198dcebe970c3d28dc1228352c84bbe2b34df85d212e422,2026-02,North Yorkshire Police,North Yorkshire Police,-1.097336,53.812765,On or near Garman Carr Lane,E01027887,Selby 002C,Violence and sexual offences,Under investigation,
28f9684ac4e1dbc657347e92555d4defdb3267b8c8642e33ee369dc1404ad0fc,2026-02,North Yorkshire Police,North Yorkshire Police,-1.099669,53.813025,On or near Pasture Close,E01027887,Selby 002C,Violence and sexual offences,Under investigation,
222f75ea7a2b5ed7b1e76bb092d4fe5f23d78c25fb808fa8888a51ecd9e77cf9,2026-02,North Yorkshire Police,North Yorkshire Police,-1.127674,53.832116,On or near Thorpe Lane,E01027887,Selby 002C,Violence and sexual offences,Under investigation,
2fc50679d846a255dfd89c328c03f468a41e3402f27caf95dc878209bd6b4bf7,2026-02,North Yorkshire Police,North Yorkshire Police,-1.099669,53.813025,On or near Pasture Close,E01027887,Selby 002C,Violence and sexual offences,Under investigation,
bbd0fea1446d010b4058c5241a427f6d3bdba08a1788159100fe6d659ef401c4,2026-02,North Yorkshire Police,North Yorkshire Police,-1.101890,53.813572,On or near Church Hill,E01027887,Selby 002C,Other crime,Under investigation,
,2026-02,North Yorkshire Police,North Yorkshire Police,-1.169549,53.838328,On or near Moor Lane,E01027888,Selby 002D,Anti-social behaviour,,
,2026-02,North Yorkshire Police,North Yorkshire Police,-1.219564,53.826754,On or near Laurels Farm Drive,E01027888,Selby 002D,Anti-social behaviour,,
2935e1662c73992100f217a824f5245003fbfd7a5644d99cf1562228d0da118f,2026-02,North Yorkshire Police,North Yorkshire Police,-1.178653,53.818086,On or near Oxmoor Lane,E01027888,Selby 002D,Criminal damage and arson,Unable to prosecute suspect,
948a5a8029e34ac79918d295e3d3814cd6b96549b1f6ca2afcadae24d53b8865,2026-02,North Yorkshire Police,North Yorkshire Police,-1.221091,53.825514,On or near Church Mews,E01027888,Selby 002D,Criminal damage and arson,Investigation complete; no suspect identified,
6443721786c3301e0fc72f504971fa1b6e75298c4f4873c3550c8479c94bdfa9,2026-02,North Yorkshire Police,North Yorkshire Police,-1.169549,53.838328,On or near Moor Lane,E01027888,Selby 002D,Criminal damage and arson,Under investigation,
78fb787b0d60c0bffad955c673d01f356c72f8f5ecc781912e0b52706e591475,2026-02,North Yorkshire Police,North Yorkshire Police,-1.178653,53.818086,On or near Oxmoor Lane,E01027888,Selby 002D,Criminal damage and arson,Unable to prosecute suspect,
5b17667324e2d0c6022342216a23af579033166f8ac89b2d7ec32b93b521c06d,2026-02,North Yorkshire Police,North Yorkshire Police,-1.163255,53.846841,On or near Main Street,E01027888,Selby 002D,Other theft,Under investigation,
0e59480af78cc26900e15ff07db1ecb097d1601bbf34b6b7c37a82b44162d673,2026-02,North Yorkshire Police,North Yorkshire Police,-1.178653,53.818086,On or near Oxmoor Lane,E01027888,Selby 002D,Violence and sexual offences,Unable to prosecute suspect,
e429abdadd1bc1467dd33ede88e84573feb521ed21fac7f5ac8b2dd5b14155a1,2026-02,North Yorkshire Police,North Yorkshire Police,-1.169549,53.838328,On or near Moor Lane,E01027888,Selby 002D,Violence and sexual offences,Under investigation,
dfbaa05757ef397d8043b5e9c44eb9ffeb646161474d0b0fe35826c6988ef7fa,2026-02,North Yorkshire Police,North Yorkshire Police,-1.219564,53.826754,On or near Laurels Farm Drive,E01027888,Selby 002D,Violence and sexual offences,Under investigation,
94d8429545dd6f56be4b34ad4e293802f6b4e7bf2925cc87eccc77f5432a5f8f,2026-02,North Yorkshire Police,North Yorkshire Police,-1.177832,53.808786,On or near Biggin Lane,E01027888,Selby 002D,Violence and sexual offences,Under investigation,
3b7373bfc38bc4a82e8644370fd9e05eb53aa1cf3ef958d7639063dadd1f166b,2026-02,North Yorkshire Police,North Yorkshire Police,-1.177832,53.808786,On or near Biggin Lane,E01027888,Selby 002D,Violence and sexual offences,Under investigation,
aafcef726ba6316c0d978a07a1163c488f007e080d245c799b54699407765566,2026-02,North Yorkshire Police,North Yorkshire Police,-1.177832,53.808786,On or near Biggin Lane,E01027888,Selby 002D,Violence and sexual offences,Under investigation,
f4678e1dca6b59453c2aa61be11a8aff5beaf67b06ec27def4d8c50fb1cc4073,2026-02,North Yorkshire Police,North Yorkshire Police,-1.275454,53.826996,On or near Saxton Lane,E01027904,Selby 002E,Violence and sexual offences,Under investigation,
a15158c0a35b0d32216def443946bce638c10ebf6d1adc33fd9f2d328da82ddc,2026-02,North Yorkshire Police,North Yorkshire Police,-1.206351,53.837804,On or near Cawood Crescent,E01027904,Selby 002E,Violence and sexual offences,Under investigation,
4a7e109f426af3cdc98731cef70bd677cd804d969e43ba60c359fa67abfe1211,2026-02,North Yorkshire Police,North Yorkshire Police,-1.213942,53.851965,On or near Wheatdale Road,E01027904,Selby 002E,Violence and sexual offences,Unable to prosecute suspect,
790873a4a2ad701706d3303ff7c51d9489593e053871777618ede453234e27da,2026-02,North Yorkshire Police,North Yorkshire Police,-1.256556,53.818306,On or near Main Street,E01027904,Selby 002E,Violence and sexual offences,Under investigation,
7a05d6038a36b41265d9e2cb0f5c8cdd99957f3f294e09467412bd92450d6451,2026-02,North Yorkshire Police,North Yorkshire Police,-1.211934,53.851242,On or near Orchard Park,E01027904,Selby 002E,Violence and sexual offences,Under investigation,
d55e2285cb4443f905370a2168fed8bf129dff61f865201718174a3ff9cecfb3,2026-02,North Yorkshire Police,North Yorkshire Police,-1.213942,53.851965,On or near Wheatdale Road,E01027904,Selby 002E,Violence and sexual offences,Unable to prosecute suspect,
83077c4e60468cb29b0ce0515b6b1e53bf5a91b6356159551661adc05daf3562,2026-02,North Yorkshire Police,North Yorkshire Police,-1.211934,53.851242,On or near Orchard Park,E01027904,Selby 002E,Other crime,Under investigation,
,2026-02,North Yorkshire Police,North Yorkshire Police,-1.039250,53.798508,On or near Pindars Way,E01027876,Selby 003A,Anti-social behaviour,,
d1c5b65ccc8b7f3be9452144b259ad05bcca4a4486a82e89ff8f8007c7ea0fa8,2026-02,North Yorkshire Police,North Yorkshire Police,-1.037695,53.802082,On or near Plantation Drive,E01027876,Selby 003A,Criminal damage and arson,Investigation complete; no suspect identified,
61c40f85cf38441c210a5f17a9fa1195e0437a69aab035238845813db91bb64c,2026-02,North Yorkshire Police,North Yorkshire Police,-1.038472,53.803328,On or near Grange Farm Close,E01027876,Selby 003A,Criminal damage and arson,Under investigation,
031d8e92da3097e98708d0300dd9c05181b7728c2e3fb5e8bd9b7aaff007aee7,2026-02,North Yorkshire Police,North Yorkshire Police,-1.037083,53.799650,On or near Lowfield Road,E01027876,Selby 003A,Criminal damage and arson,Under investigation,
094dbd663ad770289125a672874df22b5c281ed6af0a1f0f4e0381e48f535ab3,2026-02,North Yorkshire Police,North Yorkshire Police,-1.042562,53.795748,On or near Cherry Tree Court,E01027876,Selby 003A,Other theft,Under investigation,
0c021662df1c17933f34c0597b944828266de7489a57ac6c568e0a015cc0563b,2026-02,North Yorkshire Police,North Yorkshire Police,-1.037695,53.802082,On or near Plantation Drive,E01027876,Selby 003A,Violence and sexual offences,Under investigation,
955932513dac2b2c1edce6d1582dbf49c01c91bf684006ef3e54d92b86173808,2026-02,North Yorkshire Police,North Yorkshire Police,-1.037695,53.802082,On or near Plantation Drive,E01027876,Selby 003A,Violence and sexual offences,Under investigation,
,2026-02,North Yorkshire Police,North Yorkshire Police,-1.040541,53.800156,On or near ,E01027877,Selby 003B,Anti-social behaviour,,
,2026-02,North Yorkshire Police,North Yorkshire Police,-1.039951,53.801695,On or near Garth Glebe,E01027877,Selby 003B,Anti-social behaviour,,
,2026-02,North Yorkshire Police,North Yorkshire Police,-1.038826,53.803753,On or near York Road,E01027877,Selby 003B,Anti-social behaviour,,
,2026-02,North Yorkshire Police,North Yorkshire Police,-1.039951,53.801695,On or near Garth Glebe,E01027877,Selby 003B,Anti-social behaviour,,
1803fc0aa95976b39d57f88c2b97fe9fd9c86464432a6f579f50ab9aa4681461,2026-02,North Yorkshire Police,North Yorkshire Police,-1.040541,53.800156,On or near ,E01027877,Selby 003B,Criminal damage and arson,Under investigation,
5d5875d088278738a5fbd691fb8305e0ec5d9bb80847b844f3d2e788d315bf9f,2026-02,North Yorkshire Police,North Yorkshire Police,-1.043005,53.807616,On or near Greenfield Drive,E01027877,Selby 003B,Public order,Under investigation,
564875ed124c89fee49db0b4df012e838975467c913600550bd90df8a72c0ba0,2026-02,North Yorkshire Police,North Yorkshire Police,-1.040165,53.807656,On or near Poplar Drive,E01027877,Selby 003B,Violence and sexual offences,Under investigation,
dcb66b76c71eef86a41ecbcf6cccd329466937c95717decd670fa2a942485137,2026-02,North Yorkshire Police,North Yorkshire Police,-1.042341,53.800762,On or near The Laurels,E01027877,Selby 003B,Violence and sexual offences,Under investigation,
f9a2d4b79c6cff92248bb70269bd7d025ebfec8847b8388be5f825c33fa25cbd,2026-02,North Yorkshire Police,North Yorkshire Police,-1.042341,53.800762,On or near The Laurels,E01027877,Selby 003B,Violence and sexual offences,Unable to prosecute suspect,
b3068ace870e05f9b9b0044357e2833fd1993a8034b04fb3f8f59bfa0287f272,2026-02,North Yorkshire Police,North Yorkshire Police,-0.961722,53.826391,On or near Main Street,E01027900,Selby 003C,Violence and sexual offences,Unable to prosecute suspect,
9662964ff935bdc548845921accdc1673d476ca6f1204dc8d6d0c3356879b86d,2026-02,North Yorkshire Police,North Yorkshire Police,-0.968603,53.823942,On or near Maple Drive,E01027900,Selby 003C,Violence and sexual offences,Under investigation,
b94184a2b5614a4d99c1a8dd1ab9c5e232096a75d8b960390ac1104bcb73d59c,2026-02,North Yorkshire Police,North Yorkshire Police,-1.056244,53.834829,On or near Chapel Walk,E01027901,Selby 003D,Public order,Under investigation,
eae72af3ad3e63f7be6368f3cef65fcb38a08e79b5d5e3c0cb977b1dcc33a0a4,2026-02,North Yorkshire Police,North Yorkshire Police,-1.055054,53.833652,On or near Danes Court,E01027901,Selby 003D,Violence and sexual offences,Under investigation,
b53f53ffb241e7491660d8e9b1d19bce08cf6905d30e82794a5c24fe166e4a3f,2026-02,North Yorkshire Police,North Yorkshire Police,-1.054229,53.832540,On or near King Rudding Close,E01027901,Selby 003D,Violence and sexual offences,Unable to prosecute suspect,
79b03109a74551b86e7ef36f2ac23ef5b19b7529f7aebc535e682feddc86a00c,2026-02,North Yorkshire Police,North Yorkshire Police,-1.059677,53.833517,On or near Silver Street,E01027901,Selby 003D,Violence and sexual offences,Under investigation,
79c018097f272cd2e54a1437d9f88aef4428d91b87ba8a9a64746e29edcfd555,2026-02,North Yorkshire Police,North Yorkshire Police,-1.100920,53.861724,On or near Dales Court,E01027902,Selby 003E,Criminal damage and arson,Investigation complete; no suspect identified,
0d98e05ca5d3d02dabc2a7febf8d2d2c96f01302a7480adb29896041cd338249,2026-02,North Yorkshire Police,North Yorkshire Police,-1.063977,53.831492,On or near Ash Grove,E01027902,Selby 003E,Criminal damage and arson,Under investigation,
0704edb3546b3a1c834029bb2a5b3eb32f61a276ee236b6b4ff8f7744adfcf0b,2026-02,North Yorkshire Police,North Yorkshire Police,-1.067302,53.829550,On or near Landing Lane,E01027902,Selby 003E,Other theft,Under investigation,
aa9a1fb439beabed127e7fa58defe7a7bf44d2da3838709cdf5534b65e5e4189,2026-02,North Yorkshire Police,North Yorkshire Police,-1.067302,53.829550,On or near Landing Lane,E01027902,Selby 003E,Other theft,Under investigation,
bf26bac26549ff829ad7a8b0987e731d8cbb166eb1d4fc2b0c7e13b0ca0aa78d,2026-02,North Yorkshire Police,North Yorkshire Police,-1.094611,53.861685,On or near The Gale,E01027902,Selby 003E,Vehicle crime,Investigation complete; no suspect identified,
6b026d10d244f489edfaf2f7fbaa2204a0f1c43537d097019e75dfe8d1ed05c2,2026-02,North Yorkshire Police,North Yorkshire Police,-1.034056,53.823832,On or near ,E01027903,Selby 003F,Burglary,Under investigation,
b30b944a86935b7f26c0c816ed82833173c577970d924a908b79829a4c2b44ca,2026-02,North Yorkshire Police,North Yorkshire Police,-1.041076,53.848461,On or near ,E01027903,Selby 003F,Criminal damage and arson,Under investigation,
5ad4620c27d7841e4ceddd6995b84ee4efd87a3714fd1b35d3a871e0eaa447ee,2026-02,North Yorkshire Police,North Yorkshire Police,-1.050297,53.847123,On or near Hollicarrs Close,E01027903,Selby 003F,Violence and sexual offences,Under investigation,
1348e42093f95049248154306470745b278c400fbcf572e8ba9c6561ffb34d94,2026-02,North Yorkshire Police,North Yorkshire Police,-1.260599,53.794863,On or near Church Hill,E01027914,Selby 004B,Criminal damage and arson,Investigation complete; no suspect identified,
382c84fede96ebe854df4430e110f6592721a094efa7cc0758a6e5bb3dd76ee8,2026-02,North Yorkshire Police,North Yorkshire Police,-1.254266,53.787256,On or near Highfield Green,E01027915,Selby 004C,Criminal damage and arson,Under investigation,
9aae2b108261955b65418d22d0ed28ae2cce7c8e9a0be84717f913f5f26f0da7,2026-02,North Yorkshire Police,North Yorkshire Police,-1.254246,53.786502,On or near Sports/Recreation Area,E01027915,Selby 004C,Drugs,Under investigation,
b72f578cf6971f871c3741e864206f06b2d57e2406e9a18fc0c44cb94b23a07d,2026-02,North Yorkshire Police,North Yorkshire Police,-1.248632,53.792515,On or near Brunswick Crescent,E01027915,Selby 004C,Public order,Under investigation,
93ede3af2606b3ade6fe8e12cc2001746507a16af9321c0862fb171944fe9ec3,2026-02,North Yorkshire Police,North Yorkshire Police,-1.252783,53.790464,On or near Beechwood Glade,E01027915,Selby 004C,Violence and sexual offences,Under investigation,
54244ce52e962562bbf9c699e547d1971ab28159fd22980c910f82ce874194c1,2026-02,North Yorkshire Police,North Yorkshire Police,-1.247505,53.791034,On or near Orchard Close,E01027915,Selby 004C,Violence and sexual offences,Under investigation,
475d6882b8161d1219f8abb3a468308ecc06ae12048c4c9c6f06c402326d3e32,2026-02,North Yorkshire Police,North Yorkshire Police,-1.250931,53.796385,On or near Orchard Cottages,E01027915,Selby 004C,Violence and sexual offences,Under investigation,
,2026-02,North Yorkshire Police,North Yorkshire Police,-1.251597,53.798560,On or near Supermarket,E01027916,Selby 004D,Anti-social behaviour,,
,2026-02,North Yorkshire Police,North Yorkshire Police,-1.251597,53.798560,On or near Supermarket,E01027916,Selby 004D,Anti-social behaviour,,
269ccdad718ab4afba8cb7b61e820b5bffded0360191cfbf3f5206be6a544727,2026-02,North Yorkshire Police,North Yorkshire Police,-1.251597,53.798560,On or near Supermarket,E01027916,Selby 004D,Shoplifting,Under investigation,
f9ef5274535c191af34f493547ba32300587a9605c7b223d371595c8cefa0850,2026-02,North Yorkshire Police,North Yorkshire Police,-1.251597,53.798560,On or near Supermarket,E01027916,Selby 004D,Shoplifting,Investigation complete; no suspect identified,
dc80a77325b7c16182a9205077ecb92490ca255ffd245ab5ea06957775df829a,2026-02,North Yorkshire Police,North Yorkshire Police,-1.244745,53.801056,On or near Springfield Court,E01027916,Selby 004D,Vehicle crime,Investigation complete; no suspect identified,
13a5e0ac9fb3c39a5a428c922c663b56b1b27aed1c3ecb11a55b9c3ea19e72b3,2026-02,North Yorkshire Police,North Yorkshire Police,-1.242351,53.799090,On or near Pinfold Garth,E01027916,Selby 004D,Violence and sexual offences,Under investigation,
447323368afd480aa064fc2ca54e897ea31271c9974f7c678cde0bd0c49d92f5,2026-02,North Yorkshire Police,North Yorkshire Police,-1.252249,53.799962,On or near Police Station,E01027916,Selby 004D,Violence and sexual offences,Further investigation is not in the public interest,
2308ff2307c1ddb8dfcfdd5cc8a620aeff5ae7de041de9b1941abb5c4a17593a,2026-02,North Yorkshire Police,North Yorkshire Police,-1.243443,53.798297,On or near Pinfold Court,E01027916,Selby 004D,Violence and sexual offences,Under investigation,
eeb7ffbe2e56f148e434cc4bf8dc9e5296cd8013793b0199615feccaeb4494da,2026-02,North Yorkshire Police,North Yorkshire Police,-1.247384,53.800354,On or near Springfield Road,E01027916,Selby 004D,Violence and sexual offences,Under investigation,
,2026-02,North Yorkshire Police,North Yorkshire Police,-1.228829,53.810986,On or near Park/Open Space,E01034975,Selby 004F,Anti-social behaviour,,
dcbb8015335d98f8119c048c86d5f14d5ea345421fdba7b2afa75a4975cd9f18,2026-02,North Yorkshire Police,North Yorkshire Police,-1.239486,53.798848,On or near Peacock Way,E01034976,Selby 004G,Violence and sexual offences,Under investigation,
,2026-02,North Yorkshire Police,North Yorkshire Police,-1.255430,53.777232,On or near Inglenook Close,E01034977,Selby 004H,Anti-social behaviour,,
f98693929304dfe4eeb871b284920b1aee86f9e6331f42338123f903a5c7689c,2026-02,North Yorkshire Police,North Yorkshire Police,-1.250036,53.775949,On or near Steincroft Road,E01034977,Selby 004H,Violence and sexual offences,Unable to prosecute suspect,
3e764650e459449a7904d0849e23dab0f147573d5472d082d90be813eb540461,2026-02,North Yorkshire Police,North Yorkshire Police,-1.262646,53.765538,On or near Cass Lane,E01034977,Selby 004H,Violence and sexual offences,Under investigation,
b7b4de652519919fb23dd01c75ce9aa26886d14cf21e5882dbd3513481621dd9,2026-02,North Yorkshire Police,North Yorkshire Police,-1.263625,53.767683,On or near Butts Lane,E01034977,Selby 004H,Violence and sexual offences,Under investigation,
153aca72e5c1a2febf847d342d41e8768305a154c7ae53775c5fd196e688af6f,2026-02,North Yorkshire Police,North Yorkshire Police,-1.291132,53.784684,On or near Hall Lane,E01034977,Selby 004H,Violence and sexual offences,Unable to prosecute suspect,
7ddfec35206f87ff34e61582913ad2df0d67329d7af4e806b0c2561d5845f161,2026-02,North Yorkshire Police,North Yorkshire Police,-1.061499,53.787350,On or near Bank Road,E01027878,Selby 005A,Burglary,Under investigation,
71c8ff669e76597b60ea119e466472d7511bf4d28fedf2ab8e25ab7f4223de7e,2026-02,North Yorkshire Police,North Yorkshire Police,-1.059618,53.787281,On or near Olympia Crescent,E01027878,Selby 005A,Violence and sexual offences,Under investigation,
5f71b5867bc7eb804a1c1241fd977e70f314c61b4892f0a4a1bce944389a9e94,2026-02,North Yorkshire Police,North Yorkshire Police,-1.062310,53.785693,On or near Thomas Street,E01027878,Selby 005A,Violence and sexual offences,Under investigation,
54a043326f79f59adbde570c90dc4837ffe8f2e5c3339e2a82cb195d8281ab20,2026-02,North Yorkshire Police,North Yorkshire Police,-1.059618,53.787281,On or near Olympia Crescent,E01027878,Selby 005A,Violence and sexual offences,Unable to prosecute suspect,
5dc40853f629deb0baa9be5c8b83ea41db892eda61c656097b3709bed4bee200,2026-02,North Yorkshire Police,North Yorkshire Police,-1.082698,53.789653,On or near Kent Road,E01027907,Selby 005C,Burglary,Under investigation,
11c8f30c84dd8d39abf47bf25922d13095537a43719b244bbc3f00e92d2bd995,2026-02,North Yorkshire Police,North Yorkshire Police,-1.082211,53.786251,On or near Tennant Street,E01027907,Selby 005C,Criminal damage and arson,Under investigation,
9550cb358701755a935fe6485d42a5e82c58fabd1ec3b06124e8b3f3f88a4067,2026-02,North Yorkshire Police,North Yorkshire Police,-1.082153,53.787527,On or near Mirkhill Road,E01027907,Selby 005C,Drugs,Under investigation,
08f7cb0804e3eb27a1a73572650140fc833ab248e9d2e55d94383df3b3944295,2026-02,North Yorkshire Police,North Yorkshire Police,-1.083213,53.786915,On or near Hutchinson Street,E01027907,Selby 005C,Possession of weapons,Local resolution,
46247b2fd86833badf8f2f42f3972b570dc788a841e16fe8e817b844b0e02330,2026-02,North Yorkshire Police,North Yorkshire Police,-1.083213,53.786915,On or near Hutchinson Street,E01027907,Selby 005C,Public order,Unable to prosecute suspect,
4f006c6442b3de933d917aabf9e0a11b3df965118f6ad677af2a3304fae18dec,2026-02,North Yorkshire Police,North Yorkshire Police,-1.082195,53.790440,On or near Farm Way,E01027907,Selby 005C,Violence and sexual offences,Under investigation,
8800ae8f6b1a987ef7a3de331c7d4a786d698bcde978599a35b5576364fda95a,2026-02,North Yorkshire Police,North Yorkshire Police,-1.082153,53.787527,On or near Mirkhill Road,E01027907,Selby 005C,Violence and sexual offences,Under investigation,
899ebd6a3f12828faed3c61dfc641776e21accde3a52eb950a9a0e7bdd964fdd,2026-02,North Yorkshire Police,North Yorkshire Police,-1.083213,53.786915,On or near Hutchinson Street,E01027907,Selby 005C,Violence and sexual offences,Under investigation,
1eff686c9d49a785765f20dcd665b8bf29abf81a67a80a7aa5a13a388b961b65,2026-02,North Yorkshire Police,North Yorkshire Police,-1.082195,53.790440,On or near Farm Way,E01027907,Selby 005C,Violence and sexual offences,Under investigation,
52ee63e45a67483cbeb5f60e92f4e63e7110ffdf463719b30ac377c2a153184a,2026-02,North Yorkshire Police,North Yorkshire Police,-1.082153,53.787527,On or near Mirkhill Road,E01027907,Selby 005C,Violence and sexual offences,Under investigation,
8800ae8f6b1a987ef7a3de331c7d4a786d698bcde978599a35b5576364fda95a,2026-02,North Yorkshire Police,North Yorkshire Police,-1.082153,53.787527,On or near Mirkhill Road,E01027907,Selby 005C,Violence and sexual offences,Under investigation,
6be4884633ceaa92628c7b134d2fea6a41d891f536b162dc3549040e7130e931,2026-02,North Yorkshire Police,North Yorkshire Police,-1.082153,53.787527,On or near Mirkhill Road,E01027907,Selby 005C,Violence and sexual offences,Under investigation,
6e6aa56be44cac7af89c06d97f4ff11e323f5a070c2dad55605215c1e34bba8e,2026-02,North Yorkshire Police,North Yorkshire Police,-1.082153,53.787527,On or near Mirkhill Road,E01027907,Selby 005C,Violence and sexual offences,Under investigation,
2b91ffd7ee90fff92faffd380af4d97e7533f5d84f15fdf586924baf20f0ee37,2026-02,North Yorkshire Police,North Yorkshire Police,-1.078012,53.788790,On or near Charles Street,E01027907,Selby 005C,Violence and sexual offences,Under investigation,
,2026-02,North Yorkshire Police,North Yorkshire Police,-1.078367,53.786438,On or near Powell Street,E01027908,Selby 005D,Anti-social behaviour,,
,2026-02,North Yorkshire Police,North Yorkshire Police,-1.075664,53.785096,On or near Richard Street,E01027908,Selby 005D,Anti-social behaviour,,
,2026-02,North Yorkshire Police,North Yorkshire Police,-1.070371,53.784929,On or near Shopping Area,E01027908,Selby 005D,Anti-social behaviour,,
,2026-02,North Yorkshire Police,North Yorkshire Police,-1.074071,53.787142,On or near Maltings Court,E01027908,Selby 005D,Anti-social behaviour,,
,2026-02,North Yorkshire Police,North Yorkshire Police,-1.075664,53.785096,On or near Richard Street,E01027908,Selby 005D,Anti-social behaviour,,
44a605060d0183fb7cd14833d17c659bb6c4d4b82b879d958e6889d22170e9ae,2026-02,North Yorkshire Police,North Yorkshire Police,-1.077130,53.787462,On or near Cockret Close,E01027908,Selby 005D,Criminal damage and arson,Investigation complete; no suspect identified,
54984075fe5e601d7c21abc032460e269a9c3519ab2b8a3bccc6299749084436,2026-02,North Yorkshire Police,North Yorkshire Police,-1.072270,53.783461,On or near Turner'S Square,E01027908,Selby 005D,Criminal damage and arson,Under investigation,
813dab8ba0af0682fcea82a29fd81681776659e41d2eb416a517911518bdc38e,2026-02,North Yorkshire Police,North Yorkshire Police,-1.073596,53.783210,On or near Gowthorpe,E01027908,Selby 005D,Public order,Awaiting court outcome,
766a474933051f883d96265552b5b365914f285189e1d1b280c48b82128644ff,2026-02,North Yorkshire Police,North Yorkshire Police,-1.070371,53.784929,On or near Shopping Area,E01027908,Selby 005D,Public order,Unable to prosecute suspect,
a8de66debc2d9a536699c20325038a2dd75277932411f55dae66236e4bf0ca92,2026-02,North Yorkshire Police,North Yorkshire Police,-1.075664,53.785096,On or near Richard Street,E01027908,Selby 005D,Public order,Under investigation,
badf78df3d42f4eedc109df7dc800a0efd6476e851683153c5c36d349851060d,2026-02,North Yorkshire Police,North Yorkshire Police,-1.078379,53.785890,On or near Supermarket,E01027908,Selby 005D,Shoplifting,Under investigation,
72918ece31eb177ece55d45227baa0a73a6070411e697fe60f134e35bf56bf15,2026-02,North Yorkshire Police,North Yorkshire Police,-1.070371,53.784929,On or near Shopping Area,E01027908,Selby 005D,Shoplifting,Awaiting court outcome,
0598c662ecebca1138f370783c6c06f73d0d085c9b7942bded70038985526461,2026-02,North Yorkshire Police,North Yorkshire Police,-1.076475,53.785506,On or near Buttermere Court,E01027908,Selby 005D,Shoplifting,Under investigation,
c0e0239d7d3a1f30c87f03657e4f773742e75e5660d7e102a3e3be58628ded83,2026-02,North Yorkshire Police,North Yorkshire Police,-1.078379,53.785890,On or near Supermarket,E01027908,Selby 005D,Shoplifting,Under investigation,
8d0d68900442a8231bc96d720a2c081c1bd0509137a7706a253694b21a89f55e,2026-02,North Yorkshire Police,North Yorkshire Police,-1.078379,53.785890,On or near Supermarket,E01027908,Selby 005D,Shoplifting,Under investigation,
d68fe0f6413e8cfe37838bed64fdb8cef3c150918f56d7985d33b3308dee0585,2026-02,North Yorkshire Police,North Yorkshire Police,-1.070371,53.784929,On or near Shopping Area,E01027908,Selby 005D,Shoplifting,Under investigation,
e2fb6194f44d0a205b026139b6b3ddada28fa6592b9b0748dcba119046edf2df,2026-02,North Yorkshire Police,North Yorkshire Police,-1.076475,53.785506,On or near Buttermere Court,E01027908,Selby 005D,Shoplifting,Under investigation,
ea259592f3363e768af42610096803a703deb2e4ee834320cbfa8e7c7e94db06,2026-02,North Yorkshire Police,North Yorkshire Police,-1.070371,53.784929,On or near Shopping Area,E01027908,Selby 005D,Shoplifting,Investigation complete; no suspect identified,
a69376b3725bf3f2f580652e05a555725cdf48d9041a20d26c9d1d6fe212b5cf,2026-02,North Yorkshire Police,North Yorkshire Police,-1.070371,53.784929,On or near Shopping Area,E01027908,Selby 005D,Shoplifting,Under investigation,
38a761a7baa705801d1253d06f066491ce907c993063b9210ffcda03ede8a5d7,2026-02,North Yorkshire Police,North Yorkshire Police,-1.070371,53.784929,On or near Shopping Area,E01027908,Selby 005D,Shoplifting,Investigation complete; no suspect identified,
5bba74e5db077e8bc39693050d0d921c7fd29a6c9784ea23ed2c5c26c4ac5a31,2026-02,North Yorkshire Police,North Yorkshire Police,-1.080346,53.782809,On or near Park/Open Space,E01027908,Selby 005D,Violence and sexual offences,Under investigation,
c770244b71f8d07260ee82b0d61914e9779cf9d0a0a98c27862c0a8c66c5b8e1,2026-02,North Yorkshire Police,North Yorkshire Police,-1.072270,53.783461,On or near Turner'S Square,E01027908,Selby 005D,Violence and sexual offences,Under investigation,
d24d2163d5fdb4a5bd458b48074bce6cda9979bfa3864fe92ba460d37371c567,2026-02,North Yorkshire Police,North Yorkshire Police,-1.076475,53.785506,On or near Buttermere Court,E01027908,Selby 005D,Violence and sexual offences,Under investigation,
80d4eb6d9efa0a2d3eb623efe781e7b6271768e2e7ab2aa30da85850dda6572a,2026-02,North Yorkshire Police,North Yorkshire Police,-1.073596,53.783210,On or near Gowthorpe,E01027908,Selby 005D,Violence and sexual offences,Under investigation,
c350f8325923753063f68e6563aefd3b7e6573914f21ea9d5f2cd6c62226d2ab,2026-02,North Yorkshire Police,North Yorkshire Police,-1.074893,53.781512,On or near Brook Street,E01027908,Selby 005D,Violence and sexual offences,Under investigation,
f243fc8710eb93e532c17925385d1ad9ee80800cac4974f54591d6b5136677c3,2026-02,North Yorkshire Police,North Yorkshire Police,-1.077463,53.788201,On or near Carentan Close,E01027908,Selby 005D,Violence and sexual offences,Under investigation,
,2026-02,North Yorkshire Police,North Yorkshire Police,-1.066513,53.782292,On or near Park Street,E01027909,Selby 005E,Anti-social behaviour,,
,2026-02,North Yorkshire Police,North Yorkshire Police,-1.068026,53.785261,On or near Micklegate,E01027909,Selby 005E,Anti-social behaviour,,
,2026-02,North Yorkshire Police,North Yorkshire Police,-1.066561,53.784926,On or near Church Lane,E01027909,Selby 005E,Anti-social behaviour,,
,2026-02,North Yorkshire Police,North Yorkshire Police,-1.068026,53.785261,On or near Micklegate,E01027909,Selby 005E,Anti-social behaviour,,
,2026-02,North Yorkshire Police,North Yorkshire Police,-1.066513,53.782292,On or near Park Street,E01027909,Selby 005E,Anti-social behaviour,,
,2026-02,North Yorkshire Police,North Yorkshire Police,-1.065543,53.783615,On or near Park Row,E01027909,Selby 005E,Anti-social behaviour,,
,2026-02,North Yorkshire Police,North Yorkshire Police,-1.071936,53.780716,On or near Portholme Drive,E01027909,Selby 005E,Anti-social behaviour,,
,2026-02,North Yorkshire Police,North Yorkshire Police,-1.066513,53.782292,On or near Park Street,E01027909,Selby 005E,Anti-social behaviour,,
,2026-02,North Yorkshire Police,North Yorkshire Police,-1.068155,53.782880,On or near Parking Area,E01027909,Selby 005E,Anti-social behaviour,,
,2026-02,North Yorkshire Police,North Yorkshire Police,-1.068026,53.785261,On or near Micklegate,E01027909,Selby 005E,Anti-social behaviour,,
,2026-02,North Yorkshire Police,North Yorkshire Police,-1.064505,53.778430,On or near Prospect Way,E01027909,Selby 005E,Anti-social behaviour,,
,2026-02,North Yorkshire Police,North Yorkshire Police,-1.068495,53.782568,On or near Supermarket,E01027909,Selby 005E,Anti-social behaviour,,
,2026-02,North Yorkshire Police,North Yorkshire Police,-1.068053,53.780217,On or near Police Station,E01027909,Selby 005E,Anti-social behaviour,,
0fb0df4f90c389857edf87bcdf4433b2ad1ce0b897c1210230e5c93503f62991,2026-02,North Yorkshire Police,North Yorkshire Police,-1.068495,53.782568,On or near Supermarket,E01027909,Selby 005E,Burglary,Under investigation,
06b021f069cd431307b0bbfab6ba91d869c81be2628c566152766b703a4958a2,2026-02,North Yorkshire Police,North Yorkshire Police,-1.071873,53.781525,On or near Massey Street,E01027909,Selby 005E,Criminal damage and arson,Under investigation,
089827c1d721f5f6a7a97ff0d582e17191ac32d74c6f83fa9932ffaf4c67fb3d,2026-02,North Yorkshire Police,North Yorkshire Police,-1.061870,53.780917,On or near Vivars Way,E01027909,Selby 005E,Drugs,Local resolution,
b5210698a6cdb39e010ae9eeea0f96534d3a345a3f8e51444425b63d6945b192,2026-02,North Yorkshire Police,North Yorkshire Police,-1.069252,53.784722,On or near Robert Street,E01027909,Selby 005E,Drugs,Awaiting court outcome,
329a11afcb84a74b5898475577a27d588f33b3825237ca6819571ae07aa73a6c,2026-02,North Yorkshire Police,North Yorkshire Police,-1.069263,53.784246,On or near Finkle Street,E01027909,Selby 005E,Other theft,Investigation complete; no suspect identified,
2ad15bfc934b90b055705889bfe8ac8732ea994c14f1eca2bf8954b147bc382e,2026-02,North Yorkshire Police,North Yorkshire Police,-1.068053,53.780217,On or near Police Station,E01027909,Selby 005E,Other theft,Investigation complete; no suspect identified,
96a1de7759377beb6a025a6e35ea6dc06dad397a2f28a6d7688ca4777fac7321,2026-02,North Yorkshire Police,North Yorkshire Police,-1.065374,53.784414,On or near New Street,E01027909,Selby 005E,Public order,Under investigation,
5d1932b60c2faf8175ba3d9674ed7220bc63a67b0109796970d30f58f6457b43,2026-02,North Yorkshire Police,North Yorkshire Police,-1.064505,53.778430,On or near Prospect Way,E01027909,Selby 005E,Robbery,Under investigation,
1d39bb9e6132577a769e9b780c4a30b0ef9923560a3658bcb1d352c41ff881ea,2026-02,North Yorkshire Police,North Yorkshire Police,-1.064505,53.778430,On or near Prospect Way,E01027909,Selby 005E,Shoplifting,Investigation complete; no suspect identified,
bee323cd90154357865f076ce679a6f70cbc09602e6f4ab373ac443235070ad0,2026-02,North Yorkshire Police,North Yorkshire Police,-1.064505,53.778430,On or near Prospect Way,E01027909,Selby 005E,Shoplifting,Investigation complete; no suspect identified,
a47f5bcfaef2187e3c15fb9a28baa7d0afc9ecb0dc7b1358152bb7f06f9a2258,2026-02,North Yorkshire Police,North Yorkshire Police,-1.070007,53.783524,On or near Market Lane,E01027909,Selby 005E,Shoplifting,Investigation complete; no suspect identified,
c000b9ff1ff77ce086d29b52e0d5830f642c7a1f41c79be78f1f38043a62358e,2026-02,North Yorkshire Police,North Yorkshire Police,-1.064505,53.778430,On or near Prospect Way,E01027909,Selby 005E,Shoplifting,Investigation complete; no suspect identified,
4a3564c0e8fd2d98bfea970a22caeb7e4528a60c3f8c16f843f4521c4aa1be02,2026-02,North Yorkshire Police,North Yorkshire Police,-1.068495,53.782568,On or near Supermarket,E01027909,Selby 005E,Shoplifting,Under investigation,
78e06142e5c08ab619ac45d4b1ea37aee5751840144342c501eb69bd300bb070,2026-02,North Yorkshire Police,North Yorkshire Police,-1.068053,53.780217,On or near Police Station,E01027909,Selby 005E,Shoplifting,Investigation complete; no suspect identified,
f14b9eba25b51929728553eca6c7fae559fd796719e7e73581707564c8248f50,2026-02,North Yorkshire Police,North Yorkshire Police,-1.065374,53.784414,On or near New Street,E01027909,Selby 005E,Vehicle crime,Under investigation,
a286ff156941884901a2c5daa77958269ddeecaa5821e6b9a1ec0115e38c5fde,2026-02,North Yorkshire Police,North Yorkshire Police,-1.068026,53.785261,On or near Micklegate,E01027909,Selby 005E,Vehicle crime,Unable to prosecute suspect,
eaebca6d6da6f8e678557d9fe56b5f1a037cecab1dffcee9bd897e7d5b1febdb,2026-02,North Yorkshire Police,North Yorkshire Police,-1.070306,53.783059,On or near New Lane,E01027909,Selby 005E,Vehicle crime,Under investigation,
0d93f1bbafb7fe4c044e1331870fd3759b0b8db3b118d80072f321522107e68c,2026-02,North Yorkshire Police,North Yorkshire Police,-1.059282,53.781939,On or near Shipyard Road,E01027909,Selby 005E,Violence and sexual offences,Under investigation,
7edcb102cfd82b3fe3002e3136cb5cfa0d6de415cf53cb104f22602270865128,2026-02,North Yorkshire Police,North Yorkshire Police,-1.068026,53.785261,On or near Micklegate,E01027909,Selby 005E,Violence and sexual offences,Under investigation,
e9e287c055160bfc40f7c10a44160cedce1247ec5e24e312357809a04b415121,2026-02,North Yorkshire Police,North Yorkshire Police,-1.059282,53.781939,On or near Shipyard Road,E01027909,Selby 005E,Violence and sexual offences,Under investigation,
7ad23a637e51b4ea62355e24860b2e3c0d42db492fe2e63af75acb4f72752d4f,2026-02,North Yorkshire Police,North Yorkshire Police,-1.069258,53.784462,On or near Nightclub,E01027909,Selby 005E,Violence and sexual offences,Unable to prosecute suspect,
0c4c59e7209c16323f3a347027721136eb8f4d2f9c26c3a67b5382a641027042,2026-02,North Yorkshire Police,North Yorkshire Police,-1.068026,53.785261,On or near Micklegate,E01027909,Selby 005E,Violence and sexual offences,Unable to prosecute suspect,
218c0e0cac4b91f4adc48c5e4f17fc6da70a6c1cebc7e33f004f53ff362e24f2,2026-02,North Yorkshire Police,North Yorkshire Police,-1.068427,53.783610,On or near Shopping Area,E01027909,Selby 005E,Violence and sexual offences,Under investigation,
a47c47bafedb6c74dbb0d50b9168d23f64d3a712bc66d5568876204e687b3a3c,2026-02,North Yorkshire Police,North Yorkshire Police,-1.069252,53.784722,On or near Robert Street,E01027909,Selby 005E,Violence and sexual offences,Under investigation,
dc5878a5bee88f78d0ca849c778318ee3c5cd95cfcc99fba626d892a83af6259,2026-02,North Yorkshire Police,North Yorkshire Police,-1.059282,53.781939,On or near Shipyard Road,E01027909,Selby 005E,Violence and sexual offences,Under investigation,
a52f7eda82ac3d917a06bfb698233426e357790e2d7dd80b7a2dd35e657fd327,2026-02,North Yorkshire Police,North Yorkshire Police,-1.059282,53.781939,On or near Shipyard Road,E01027909,Selby 005E,Violence and sexual offences,Under investigation,
4767e5d58914dee710332169fc37350e208db7240070862e4f680deceb446927,2026-02,North Yorkshire Police,North Yorkshire Police,-1.066561,53.784926,On or near Church Lane,E01027909,Selby 005E,Violence and sexual offences,Unable to prosecute suspect,
dea408e6ec3a58d70e229071f75052281c14d628cb3e37bbdfbc9d66d9889431,2026-02,North Yorkshire Police,North Yorkshire Police,-1.069263,53.784246,On or near Finkle Street,E01027909,Selby 005E,Violence and sexual offences,Under investigation,
3fdf331527a36c8c508e0d2eeac717b7351828934ea92eb16b75bc7998447cd1,2026-02,North Yorkshire Police,North Yorkshire Police,-1.068026,53.785261,On or near Micklegate,E01027909,Selby 005E,Violence and sexual offences,Under investigation,
3769c845e810cbced9f579091181a60e8c068c06913841a324632ccc7658c280,2026-02,North Yorkshire Police,North Yorkshire Police,-1.062609,53.783826,On or near Ousegate,E01027909,Selby 005E,Violence and sexual offences,Under investigation,
038838b56ede9d0760e488ac320b6d9c55a6a2bf82422f3695b3db93207aa791,2026-02,North Yorkshire Police,North Yorkshire Police,-1.068026,53.785261,On or near Micklegate,E01027909,Selby 005E,Violence and sexual offences,Under investigation,
,2026-02,North Yorkshire Police,North Yorkshire Police,-1.072670,53.788057,On or near Petrol Station,E01034979,Selby 005G,Anti-social behaviour,,
,2026-02,North Yorkshire Police,North Yorkshire Police,-1.074370,53.790110,On or near B1223,E01034979,Selby 005G,Anti-social behaviour,,
,2026-02,North Yorkshire Police,North Yorkshire Police,-1.075902,53.786688,On or near White Street,E01034979,Selby 005G,Anti-social behaviour,,
f77215e595214c2865ee8aef26aaa8f4185975130819ea0888e7ac1c95ebd25f,2026-02,North Yorkshire Police,North Yorkshire Police,-1.075902,53.786688,On or near White Street,E01034979,Selby 005G,Bicycle theft,Investigation complete; no suspect identified,
cd5f9458a5530099b59b894d929205ad612d9aaceb936efb8e75a980a33dca91,2026-02,North Yorkshire Police,North Yorkshire Police,-1.075902,53.786688,On or near White Street,E01034979,Selby 005G,Criminal damage and arson,Under investigation,
c0da71ee008ec94a48d80536eee4e487f1ab9bff6f49a45c5d0bff8103cf5bbd,2026-02,North Yorkshire Police,North Yorkshire Police,-1.075902,53.786688,On or near White Street,E01034979,Selby 005G,Drugs,Further investigation is not in the public interest,
0e3a8d23c4836a7e86d1f1e907a119458821c465ac4a3d765d56dc656b5eb0d0,2026-02,North Yorkshire Police,North Yorkshire Police,-1.072791,53.786691,On or near Dam Bank,E01034979,Selby 005G,Drugs,Awaiting court outcome,
3405a9dd7028371fc3585e9f626fa26d9633fc4ed77676de88ec33cfdf4d57ad,2026-02,North Yorkshire Police,North Yorkshire Police,-1.072670,53.788057,On or near Petrol Station,E01034979,Selby 005G,Other theft,Under investigation,
3cde5a1f6a4310d26e51e05e502a858e58796060d55f427394f285a3e3ef09c9,2026-02,North Yorkshire Police,North Yorkshire Police,-1.075902,53.786688,On or near White Street,E01034979,Selby 005G,Other theft,Under investigation,
037192ef417fa53fe6c04590fd610343fe36ac88a2d06f1ed967480e6da11358,2026-02,North Yorkshire Police,North Yorkshire Police,-1.072670,53.788057,On or near Petrol Station,E01034979,Selby 005G,Other theft,Under investigation,
3216f249c5299a9404ea7ecfc90e716bf90ec45234afd65aaff14c1cf2597fac,2026-02,North Yorkshire Police,North Yorkshire Police,-1.075902,53.786688,On or near White Street,E01034979,Selby 005G,Violence and sexual offences,Unable to prosecute suspect,
58aa19901cba1e9d6837462cc339530ee995fc02dc07b1d2396f16e6741f236a,2026-02,North Yorkshire Police,North Yorkshire Police,-1.069270,53.787356,On or near Newmillgate,E01034980,Selby 005H,Burglary,Under investigation,
5e1914a4496c85a8aed173161cfe73600d3d12ac3321edcdc0ac59f062b8f2be,2026-02,North Yorkshire Police,North Yorkshire Police,-1.069270,53.787356,On or near Newmillgate,E01034980,Selby 005H,Drugs,Under investigation,
b56871cebe20cb14b37f332a2cb76d2b089099b1704f5d17ccaed328398b0d03,2026-02,North Yorkshire Police,North Yorkshire Police,-1.069270,53.787356,On or near Newmillgate,E01034980,Selby 005H,Possession of weapons,Under investigation,
6acef7ca56c48231c51c5efcb936e82193c468a884c0784423c22128e6798885,2026-02,North Yorkshire Police,North Yorkshire Police,-1.068322,53.789048,On or near Elston Avenue,E01034980,Selby 005H,Public order,Under investigation,
dd4362c66f3acec5c8ee57005ca580a6b71a5334aa3840d24a89a57e81ad2a19,2026-02,North Yorkshire Police,North Yorkshire Police,-1.070430,53.787060,On or near Millgate,E01034980,Selby 005H,Vehicle crime,Investigation complete; no suspect identified,
160eac2b04374761d4644672b1e0283a605328eefe615bc8181a0c4e3126d88c,2026-02,North Yorkshire Police,North Yorkshire Police,-1.069270,53.787356,On or near Newmillgate,E01034980,Selby 005H,Violence and sexual offences,Under investigation,
2cca2593c351e9f23160a38e7a77a410a500c5b66057208c3a4699dcd70e65d3,2026-02,North Yorkshire Police,North Yorkshire Police,-1.057911,53.776068,On or near Barwic Close,E01034981,Selby 005I,Burglary,Investigation complete; no suspect identified,
fa539dbf9dd149ba938c173b3d1fc1814f909413ab81ed93471fa05d4882a064,2026-02,North Yorkshire Police,North Yorkshire Police,-1.057911,53.776068,On or near Barwic Close,E01034981,Selby 005I,Shoplifting,Investigation complete; no suspect identified,
9bbf6cb2f65bea29781acaa370c9d6ea779d7639f005c66e6d7ee8367c7bc7b0,2026-02,North Yorkshire Police,North Yorkshire Police,-1.055894,53.778030,On or near Hardy Street,E01034981,Selby 005I,Violence and sexual offences,Under investigation,
2f3ef2768c55a32014574e9b9a8e551f4ae5b75c955be348f24b41552e24cd24,2026-02,North Yorkshire Police,North Yorkshire Police,-1.054076,53.777925,On or near Benedict Avenue,E01034981,Selby 005I,Violence and sexual offences,Unable to prosecute suspect,
55a1998ca4223660c804cb7dc37db8d30be711b63fe255ec76973f24eae75ccf,2026-02,North Yorkshire Police,North Yorkshire Police,-1.059383,53.774713,On or near Lowther Drive,E01034981,Selby 005I,Other crime,Under investigation,
,2026-02,North Yorkshire Police,North Yorkshire Police,-1.064555,53.772767,On or near Bawtry Road,E01034982,Selby 005J,Anti-social behaviour,,
,2026-02,North Yorkshire Police,North Yorkshire Police,-1.064555,53.772767,On or near Bawtry Road,E01034982,Selby 005J,Anti-social behaviour,,
,2026-02,North Yorkshire Police,North Yorkshire Police,-1.064555,53.772767,On or near Bawtry Road,E01034982,Selby 005J,Anti-social behaviour,,
,2026-02,North Yorkshire Police,North Yorkshire Police,-1.064555,53.772767,On or near Bawtry Road,E01034982,Selby 005J,Anti-social behaviour,,
,2026-02,North Yorkshire Police,North Yorkshire Police,-1.064555,53.772767,On or near Bawtry Road,E01034982,Selby 005J,Anti-social behaviour,,
,2026-02,North Yorkshire Police,North Yorkshire Police,-1.064555,53.772767,On or near Bawtry Road,E01034982,Selby 005J,Anti-social behaviour,,
8466aab74a437da3b4b6c9ab23629bed852331ddb99d17e2bafe5fc0d67cb221,2026-02,North Yorkshire Police,North Yorkshire Police,-1.064555,53.772767,On or near Bawtry Road,E01034982,Selby 005J,Bicycle theft,Under investigation,
14d376bd6c9865cf63110ef3af22557b959ef545cff4192992281d8fc9f3c703,2026-02,North Yorkshire Police,North Yorkshire Police,-1.064555,53.772767,On or near Bawtry Road,E01034982,Selby 005J,Criminal damage and arson,Under investigation,
5496442c24e886b0891acdaa62994446aada1aaef5dfdcb0cebcfd716937ff78,2026-02,North Yorkshire Police,North Yorkshire Police,-1.064542,53.774017,On or near Bawtry Road,E01034982,Selby 005J,Criminal damage and arson,Under investigation,
e5e75dc42f713499bc762fc52c3049f293b152e4db489d068ead799685de37d9,2026-02,North Yorkshire Police,North Yorkshire Police,-1.059602,53.779732,On or near ,E01034982,Selby 005J,Other theft,Unable to prosecute suspect,
0f33cbbab14ce11e1cdfd26d36dc3de32e015e226008b636dcc841c7087e7df6,2026-02,North Yorkshire Police,North Yorkshire Police,-1.064542,53.774017,On or near Bawtry Road,E01034982,Selby 005J,Other theft,Under investigation,
7e4eb1265faad35f3631b84fa2ba59d1baf471ea74a77109de0da299234a95e0,2026-02,North Yorkshire Police,North Yorkshire Police,-1.064555,53.772767,On or near Bawtry Road,E01034982,Selby 005J,Public order,Under investigation,
80fdf67b034178e74a18dbf4d516e3c20a28aa3375efe28fb37aa48dac045bf2,2026-02,North Yorkshire Police,North Yorkshire Police,-1.059313,53.771729,On or near Hawthorn Road,E01034982,Selby 005J,Public order,Under investigation,
31ec16655fbdca793ac8b566dfcfc5461db5b43b4124241f5f1d1d5bb1b490e0,2026-02,North Yorkshire Police,North Yorkshire Police,-1.064555,53.772767,On or near Bawtry Road,E01034982,Selby 005J,Public order,Under investigation,
d8df621caefea17714a50e02dfce7b1028a125af67c938aaf84fc841cbd3d146,2026-02,North Yorkshire Police,North Yorkshire Police,-1.064542,53.774017,On or near Bawtry Road,E01034982,Selby 005J,Shoplifting,Investigation complete; no suspect identified,
d1913b60c9e8c3ac803c91ef8e7964ebc939da881a26c93f0b5c2e83a7fe04c1,2026-02,North Yorkshire Police,North Yorkshire Police,-1.064542,53.774017,On or near Bawtry Road,E01034982,Selby 005J,Shoplifting,Investigation complete; no suspect identified,
5f3f28c7f82e9bc8f89490873ba85c4b86a17baf59659e3f600f8229bb610f15,2026-02,North Yorkshire Police,North Yorkshire Police,-1.064542,53.774017,On or near Bawtry Road,E01034982,Selby 005J,Shoplifting,Investigation complete; no suspect identified,
b3084a02a3a030466b114893385e7e92c1a11a79db08e867909086ba40ea9348,2026-02,North Yorkshire Police,North Yorkshire Police,-1.064542,53.774017,On or near Bawtry Road,E01034982,Selby 005J,Shoplifting,Investigation complete; no suspect identified,
44ee0e103a0ba57243ae5313e823ea33b69c63d0c2c79a0da8db8c5b486f33cc,2026-02,North Yorkshire Police,North Yorkshire Police,-1.064555,53.772767,On or near Bawtry Road,E01034982,Selby 005J,Violence and sexual offences,Under investigation,
24bd12e0f0235f7e2e90a3f26689a24c0527804357bfd1bad9a5a55bf563a7bd,2026-02,North Yorkshire Police,North Yorkshire Police,-1.062518,53.770909,On or near Oak Way,E01034982,Selby 005J,Violence and sexual offences,Under investigation,
074242d6b5dff104e6236c5313665b50732f6342e15ff3c72b9fa5ce367dd88f,2026-02,North Yorkshire Police,North Yorkshire Police,-1.059602,53.779732,On or near ,E01034982,Selby 005J,Violence and sexual offences,Under investigation,
21b98cecb086822887be6ee2a7286cfdb88611d871b71923d23cf28165f87b72,2026-02,North Yorkshire Police,North Yorkshire Police,-1.061650,53.772376,On or near Abbots Mews,E01034982,Selby 005J,Violence and sexual offences,Action to be taken by another organisation,
60f1623b82f863a9e34d484583b9d98c8673da3ca13b6225086720f55e4aadda,2026-02,North Yorkshire Police,North Yorkshire Police,-1.059602,53.779732,On or near ,E01034982,Selby 005J,Violence and sexual offences,Under investigation,
f4cba42d30972429e023bd25a777d296d956b1f7c7c87f8c7299a5aa41524d87,2026-02,North Yorkshire Police,North Yorkshire Police,-1.064542,53.774017,On or near Bawtry Road,E01034982,Selby 005J,Violence and sexual offences,Unable to prosecute suspect,
b0d8aeb0b681d73db2d9204efc69587afe2e4dfab81662501a93dc93b396ab12,2026-02,North Yorkshire Police,North Yorkshire Police,-1.051403,53.775334,On or near Further/Higher Educational Building,E01034983,Selby 005K,Drugs,Awaiting court outcome,
fc3e27107d5fb41274e31b1d59d4364a7e0c7f02b42cd6ed8fee55d5cf76a646,2026-02,North Yorkshire Police,North Yorkshire Police,-1.055461,53.770305,On or near Spruce Way,E01034983,Selby 005K,Other theft,Under investigation,
b496e1c6904a4e0f28f04c3ec6c402272dcf947ca7d076362c58452b693ed15d,2026-02,North Yorkshire Police,North Yorkshire Police,-1.058391,53.772908,On or near Blackthorn Close,E01034983,Selby 005K,Violence and sexual offences,Under investigation,
7e401fba368adec687195a7d3aa63e968c29b6ec8dbfbe184b0c2d552cd07542,2026-02,North Yorkshire Police,North Yorkshire Police,-1.058391,53.772908,On or near Blackthorn Close,E01034983,Selby 005K,Violence and sexual offences,Under investigation,
6b5f12e9b5912528907f050875081b6601d7f70b860a9fc71e952149fa90c3b4,2026-02,North Yorkshire Police,North Yorkshire Police,-1.055461,53.770305,On or near Spruce Way,E01034983,Selby 005K,Violence and sexual offences,Under investigation,
d551fc01667c93edd8e825aa0903c68919626df407c4ad675601b3f720c9cd41,2026-02,North Yorkshire Police,North Yorkshire Police,-1.055461,53.770305,On or near Spruce Way,E01034983,Selby 005K,Violence and sexual offences,Under investigation,
941250c1756c795ccd92438034c687ebcf5c2052107678d913863a7ba3eab548,2026-02,North Yorkshire Police,North Yorkshire Police,-1.058456,53.770032,On or near Fir Tree Close,E01034983,Selby 005K,Violence and sexual offences,Under investigation,
941250c1756c795ccd92438034c687ebcf5c2052107678d913863a7ba3eab548,2026-02,North Yorkshire Police,North Yorkshire Police,-1.058456,53.770032,On or near Fir Tree Close,E01034983,Selby 005K,Violence and sexual offences,Under investigation,
3ec92112b3c44507ceb08b807355d95433072a3adcd2f8413353be968631793d,2026-02,North Yorkshire Police,North Yorkshire Police,-1.091675,53.772517,On or near Brackenhill Close,E01027881,Selby 006A,Criminal damage and arson,Under investigation,
a43c96909ba92081758af3c09c812d5c8aebf9bed6bed01734cea57bd5b1af64,2026-02,North Yorkshire Police,North Yorkshire Police,-1.091675,53.772517,On or near Brackenhill Close,E01027881,Selby 006A,Other theft,Under investigation,
3a8c7fe0a4855cf4b7c8e3ca728dec8ae66d3f5657f32664390be7a0b67b9082,2026-02,North Yorkshire Police,North Yorkshire Police,-1.093892,53.769640,On or near Greenacres Drive,E01027881,Selby 006A,Public order,Under investigation,
f7852ffcc19cde4d52a1de828369a5e1a100c3f85bc68893d9b19f63a79cc204,2026-02,North Yorkshire Police,North Yorkshire Police,-1.089693,53.772260,On or near Briar Cliffe,E01027881,Selby 006A,Violence and sexual offences,Under investigation,
4aaa85f14d05eab8d3273354f07e99172997d1d1e6984f9406a2f14decc46a58,2026-02,North Yorkshire Police,North Yorkshire Police,-1.090501,53.772760,On or near Brackenhill Lane,E01027881,Selby 006A,Violence and sexual offences,Under investigation,
d9a367244e7daed787b85a42f3815f9d71a608ddabe63825c8cdf9daa9b6e97b,2026-02,North Yorkshire Police,North Yorkshire Police,-1.087476,53.784242,On or near Peppermint Way,E01027906,Selby 006B,Violence and sexual offences,Under investigation,
3968f3c6dfee611eb428d605e2fab2b48b955291fa2dc66dae73f148e3683245,2026-02,North Yorkshire Police,North Yorkshire Police,-1.079659,53.790510,On or near St John Mews,E01027906,Selby 006B,Violence and sexual offences,Unable to prosecute suspect,
fb2fc1da338d16a4ab7a305820771ae1d79bf9ffcb7d71298083cf135f03d358,2026-02,North Yorkshire Police,North Yorkshire Police,-1.089533,53.778946,On or near Court Drive,E01027913,Selby 006E,Burglary,Under investigation,
a0e8a5aed4e445175a0d32d401fb64e3f1099c1b001514eddac9cc9c435f4d7c,2026-02,North Yorkshire Police,North Yorkshire Police,-1.089558,53.778515,On or near West Park,E01027913,Selby 006E,Other theft,Under investigation,
bc5d2ec4bc24903559b8cab71730a9049d7c0f7a26af8b68ac5665a3b1c0bda1,2026-02,North Yorkshire Police,North Yorkshire Police,-1.080127,53.777454,On or near Hospital,E01027913,Selby 006E,Violence and sexual offences,Under investigation,
,2026-02,North Yorkshire Police,North Yorkshire Police,-1.077486,53.776768,On or near Westfield Road,E01034984,Selby 006F,Anti-social behaviour,,
dcd0d23b6dc21fc6f92a785e7d079745ee12b057718190dfb849019ed3a6faa7,2026-02,North Yorkshire Police,North Yorkshire Police,-1.084640,53.779232,On or near Orchard Close,E01034984,Selby 006F,Burglary,Investigation complete; no suspect identified,
e6c7d10f8f137ed0f7cfc538aa0f8fc9e3bc98af12e9e1d5fa2cd6dbc36bd259,2026-02,North Yorkshire Police,North Yorkshire Police,-1.076558,53.781031,On or near Armoury Road,E01034984,Selby 006F,Other theft,Under investigation,
26b837d48c6e9804d3e98ace213ae6ae9191fd8d468520b6a4887172891801d0,2026-02,North Yorkshire Police,North Yorkshire Police,-1.076701,53.777958,On or near Westfield Avenue,E01034984,Selby 006F,Other theft,Investigation complete; no suspect identified,
96d051667452ccb384c9e52976569ed92e43e223828e9e26d769dc8a0a1eda02,2026-02,North Yorkshire Police,North Yorkshire Police,-1.077486,53.776768,On or near Westfield Road,E01034984,Selby 006F,Violence and sexual offences,Under investigation,
8afbe3a0f84b6b2f19722b6cbe84c1772ff094f99148fdebe4ca8d0b5a236d2a,2026-02,North Yorkshire Police,North Yorkshire Police,-1.074646,53.782409,On or near St Mary'S Mews,E01034984,Selby 006F,Violence and sexual offences,Under investigation,
f3d4299ea9a8e12734d5af107dec4366abc296e8b790f07d9c5511ec79f05893,2026-02,North Yorkshire Police,North Yorkshire Police,-1.074646,53.782409,On or near St Mary'S Mews,E01034984,Selby 006F,Violence and sexual offences,Under investigation,
5ce270c26538439cd07227e7be7a1f0cfcc2e6ed9357eba6d8ccb2f10646f41e,2026-02,North Yorkshire Police,North Yorkshire Police,-1.076206,53.777693,On or near Westfield,E01034984,Selby 006F,Violence and sexual offences,Under investigation,
8f7868679f25d689ce6e2e32f77081c03af82088ab4ba2d44a13ca3dbb1ca44c,2026-02,North Yorkshire Police,North Yorkshire Police,-1.075243,53.782180,On or near Beech Grove,E01034984,Selby 006F,Other crime,Further investigation is not in the public interest,
,2026-02,North Yorkshire Police,North Yorkshire Police,-1.065638,53.767533,On or near ,E01027879,Selby 007A,Anti-social behaviour,,
de84ffa2004ffd6fea14fe6bce76900290515cb0f2b03b32a65f212b5c91cab1,2026-02,North Yorkshire Police,North Yorkshire Police,-1.065638,53.767533,On or near ,E01027879,Selby 007A,Vehicle crime,Under investigation,
602f788cb265d8261cb02418a1e85ea60ad79d3c2149c4cdee6e3980c72f3d1e,2026-02,North Yorkshire Police,North Yorkshire Police,-1.065638,53.767533,On or near ,E01027879,Selby 007A,Vehicle crime,Under investigation,
d87ee663abc3b57ee0e34b8a2cc0e2a1a29ca212701e9eb29b6ca2c3feaf4f1a,2026-02,North Yorkshire Police,North Yorkshire Police,-1.095348,53.766092,On or near Hollytree Way,E01027880,Selby 007B,Criminal damage and arson,Unable to prosecute suspect,
0c940dbe3ebf2f87b970860f6c319f6c1caa82f6d723d00b19664f4a7429fa22,2026-02,North Yorkshire Police,North Yorkshire Police,-1.090965,53.766760,On or near Doncaster Road,E01027880,Selby 007B,Public order,Under investigation,
3ff0655c3cd594df0972e4b1657afce0871e763fcdac7dfc348ae2db1165198e,2026-02,North Yorkshire Police,North Yorkshire Police,-1.088873,53.769503,On or near Scardale Court,E01027880,Selby 007B,Violence and sexual offences,Under investigation,
64774f3cbd20059e1cf35b1267ae93448f0c8a69512a3385f1892b4bd04e5ab4,2026-02,North Yorkshire Police,North Yorkshire Police,-1.090965,53.766760,On or near Doncaster Road,E01027880,Selby 007B,Violence and sexual offences,Under investigation,
ce68debf019cd26381f74223fcca6174cebe269d9aaddffdf51216d589680904,2026-02,North Yorkshire Police,North Yorkshire Police,-1.093668,53.758870,On or near Parking Area,E01027880,Selby 007B,Violence and sexual offences,Under investigation,
1c7f0e18ef4d7dce802838a8a57051010ddb991661ca982c9c7d001920cb5f61,2026-02,North Yorkshire Police,North Yorkshire Police,-1.089788,53.767847,On or near Doncaster Road,E01027880,Selby 007B,Violence and sexual offences,Under investigation,
bf1a00198e86cf372130db28566b2d9e5eb931c35f4ebdab67c4f12145697841,2026-02,North Yorkshire Police,North Yorkshire Police,-1.089788,53.767847,On or near Doncaster Road,E01027880,Selby 007B,Violence and sexual offences,Under investigation,
237d7171d13755485f02747cc9b014fa03d6183e437fdc3f8be33061e8305541,2026-02,North Yorkshire Police,North Yorkshire Police,-1.091604,53.768095,On or near Beechcroft,E01027880,Selby 007B,Other crime,Under investigation,
,2026-02,North Yorkshire Police,North Yorkshire Police,-1.081416,53.767720,On or near Bartons Garth,E01027882,Selby 007C,Anti-social behaviour,,
,2026-02,North Yorkshire Police,North Yorkshire Police,-1.044391,53.765346,On or near Thief Lane,E01027882,Selby 007C,Anti-social behaviour,,
7f82f8370f42e4e4a98efc8101c60442670025fc36145de7c33f0bb829c02aa4,2026-02,North Yorkshire Police,North Yorkshire Police,-1.079203,53.773869,On or near The Mount,E01027882,Selby 007C,Violence and sexual offences,Under investigation,
a4ba11d50d5e13749bd74ddcd87ea563871344dd31367ce3a7087c35ba012c84,2026-02,North Yorkshire Police,North Yorkshire Police,-1.079203,53.773869,On or near The Mount,E01027882,Selby 007C,Violence and sexual offences,Under investigation,
,2026-02,North Yorkshire Police,North Yorkshire Police,-1.122068,53.773894,On or near Chestnut Drive,E01027894,Selby 007D,Anti-social behaviour,,
,2026-02,North Yorkshire Police,North Yorkshire Police,-1.119877,53.773492,On or near Grazier Close,E01027894,Selby 007D,Anti-social behaviour,,
,2026-02,North Yorkshire Police,North Yorkshire Police,-1.119877,53.773492,On or near Grazier Close,E01027894,Selby 007D,Anti-social behaviour,,
a601fef7946cd5edfef7f86ad9576cdd5cd9aaf955e2ec5f4e3295ff285b8ef7,2026-02,North Yorkshire Police,North Yorkshire Police,-1.118548,53.772448,On or near Farrier Close,E01027894,Selby 007D,Burglary,Under investigation,
630bcfa2a9b5338d87f6f742ebaa77dea012e716e0755f9169731dc7e2b66ccf,2026-02,North Yorkshire Police,North Yorkshire Police,-1.133381,53.772026,On or near Pond Lane,E01027894,Selby 007D,Criminal damage and arson,Under investigation,
bd09dbd2600f09c7072829762bde6523d8d3da9347750aa78e54bbcb0367fc8e,2026-02,North Yorkshire Police,North Yorkshire Police,-1.120487,53.774053,On or near Bay Street,E01027894,Selby 007D,Other theft,Investigation complete; no suspect identified,
120eb09ea567408372bc185ee159487bbde41daa0bb8bcc43b56b0f8b54b4ce2,2026-02,North Yorkshire Police,North Yorkshire Police,-1.128459,53.771568,On or near Limetree Close,E01027894,Selby 007D,Other theft,Under investigation,
3c7ef6d3627ca3108a3418e7494c3223c22c3009a978763f9594d9f0c3dedbcb,2026-02,North Yorkshire Police,North Yorkshire Police,-1.121928,53.771161,On or near Orchard Way,E01027894,Selby 007D,Public order,Under investigation,
18f95d1bf7bb5b4c3fbd8d84431d3bf46d45f5e93cd8249bfb07bc94ba9d16ad,2026-02,North Yorkshire Police,North Yorkshire Police,-1.131268,53.770100,On or near ,E01027894,Selby 007D,Vehicle crime,Investigation complete; no suspect identified,
a845da570b2215e392d21b5e8d7d7454f4e0aab9cc3f782a6a2a1112ea6072f7,2026-02,North Yorkshire Police,North Yorkshire Police,-1.131766,53.771601,On or near Blackshaw Crescent,E01027894,Selby 007D,Violence and sexual offences,Under investigation,
13628e4e1a2cec5370ed284107a4760b857dc01877ed0c45928833256bcb4e80,2026-02,North Yorkshire Police,North Yorkshire Police,-1.130494,53.775160,On or near Pine Tree Close,E01027894,Selby 007D,Violence and sexual offences,Under investigation,
aff4b297d2018a60e6960eee7e18ccfebe8f537acf2b8a4db2be565dc8a2cb38,2026-02,North Yorkshire Police,North Yorkshire Police,-1.119877,53.773492,On or near Grazier Close,E01027894,Selby 007D,Violence and sexual offences,Under investigation,
a82571a1bdde5a63ce729ede60479baa4383351569803fc7ab58194fc5158002,2026-02,North Yorkshire Police,North Yorkshire Police,-1.119877,53.773492,On or near Grazier Close,E01027894,Selby 007D,Violence and sexual offences,Under investigation,
fec49fb4c5820fe257ba8b33a4ad19cd8101a925563d14bbdf47f15cf39ba25a,2026-02,North Yorkshire Police,North Yorkshire Police,-1.131766,53.771601,On or near Blackshaw Crescent,E01027894,Selby 007D,Violence and sexual offences,Under investigation,
4ff8f510bc3afeddb15e6ceb9672fba3ebba11642b4bfb4fa5cf19bdead0fa25,2026-02,North Yorkshire Police,North Yorkshire Police,-1.131766,53.771601,On or near Blackshaw Crescent,E01027894,Selby 007D,Violence and sexual offences,Under investigation,
,2026-02,North Yorkshire Police,North Yorkshire Police,-1.093812,53.738072,On or near Burn Lane,E01027895,Selby 007E,Anti-social behaviour,,
,2026-02,North Yorkshire Police,North Yorkshire Police,-1.120607,53.769057,On or near The Coppice,E01027895,Selby 007E,Anti-social behaviour,,
13a8aa0439acfb384bc4aa0a137a259ed6a88ae823417f919919a6687798b508,2026-02,North Yorkshire Police,North Yorkshire Police,-1.121306,53.769799,On or near ,E01027895,Selby 007E,Burglary,Under investigation,
9aaa0d01c0497eaccd01e13809a4d5e6e005d767e08da3de5e451b9e6d43ac70,2026-02,North Yorkshire Police,North Yorkshire Police,-1.121306,53.769799,On or near ,E01027895,Selby 007E,Burglary,Under investigation,
eb5a5a701722331c6195b1bc83ff1e7b89b19d3a1d68e7d967ede3125775cc22,2026-02,North Yorkshire Police,North Yorkshire Police,-1.154222,53.751223,On or near Hillam Road,E01027895,Selby 007E,Criminal damage and arson,Investigation complete; no suspect identified,
3b4b3969cd10758e4600930de1b2b949db7ea5078bc3b56d3c78a3cb72e211fa,2026-02,North Yorkshire Police,North Yorkshire Police,-1.118026,53.769829,On or near Barff Lane,E01027895,Selby 007E,Criminal damage and arson,Unable to prosecute suspect,
9277913ad9c5626c7b77b153a2380bb26547c11e3d8d66715527d8fc32cbc209,2026-02,North Yorkshire Police,North Yorkshire Police,-1.122861,53.769379,On or near Field Avenue,E01027895,Selby 007E,Violence and sexual offences,Investigation complete; no suspect identified,
9277913ad9c5626c7b77b153a2380bb26547c11e3d8d66715527d8fc32cbc209,2026-02,North Yorkshire Police,North Yorkshire Police,-1.122861,53.769379,On or near Field Avenue,E01027895,Selby 007E,Violence and sexual offences,Under investigation,
c5c6371cca24e978fc02f05f6cd1d604f9ff505ca4c4f4396cdc43c3d7b96785,2026-02,North Yorkshire Police,North Yorkshire Police,-1.127930,53.773242,On or near Sports/Recreation Area,E01027895,Selby 007E,Violence and sexual offences,Further investigation is not in the public interest,
a6156d9872b5ea68045a235bd6495f596de1a4fc3f8b4ed6bd92059b6eed1ccc,2026-02,North Yorkshire Police,North Yorkshire Police,-1.098172,53.752549,On or near Barff View,E01027895,Selby 007E,Violence and sexual offences,Unable to prosecute suspect,
03d6cb4841a9a2f41a82c49ebf02a82d1e84082db12797b9111bd3704e0b0e7a,2026-02,North Yorkshire Police,North Yorkshire Police,-1.120607,53.769057,On or near The Coppice,E01027895,Selby 007E,Violence and sexual offences,Further investigation is not in the public interest,
,2026-02,North Yorkshire Police,North Yorkshire Police,-1.049883,53.729696,On or near Jowland Winn Lane,E01027883,Selby 008A,Anti-social behaviour,,
4082a85124e8392f5d2983f3d460e630a31f0d9e5e1f5f627caaf28b6094f401,2026-02,North Yorkshire Police,North Yorkshire Police,-1.025637,53.711741,On or near Lynwith Close,E01027883,Selby 008A,Criminal damage and arson,Under investigation,
,2026-02,North Yorkshire Police,North Yorkshire Police,-1.011643,53.726367,On or near Grange Road,E01027884,Selby 008B,Anti-social behaviour,,
6b18f945fcfb8273022a1f5fd8cff3c3b4b8ad1bc35572683b7323f08f483b48,2026-02,North Yorkshire Police,North Yorkshire Police,-1.011643,53.726367,On or near Grange Road,E01027884,Selby 008B,Criminal damage and arson,Under investigation,
1f8f378185eafcf4988f021a845bce308f01a52579d27139d6984d05630dcf7d,2026-02,North Yorkshire Police,North Yorkshire Police,-1.011643,53.726367,On or near Grange Road,E01027884,Selby 008B,Criminal damage and arson,Under investigation,
f8ba28e22670da673fda5d2a8c764aad9e680db82b5ce488b70e8171603b4e7f,2026-02,North Yorkshire Police,North Yorkshire Police,-0.956689,53.717605,On or near Brier Lane,E01027884,Selby 008B,Vehicle crime,Under investigation,
10d22e4bef98003246c153232355ecaa06a2a8adc4e091228f9c019602f7f8cc,2026-02,North Yorkshire Police,North Yorkshire Police,-1.013704,53.727031,On or near Brigg Farm Court,E01027884,Selby 008B,Violence and sexual offences,Under investigation,
afe3c085f181849c446da78863a6816c57892d7ba0aaa142ebcedc2a6d7c4892,2026-02,North Yorkshire Police,North Yorkshire Police,-0.981409,53.728703,On or near Poplar Gardens,E01027884,Selby 008B,Violence and sexual offences,Under investigation,
27ca7f835118faf7e8ab7c09c41cdd1050a1ad2e928ab3b91f66802e2caa0fbb,2026-02,North Yorkshire Police,North Yorkshire Police,-1.023366,53.710347,On or near Almond Tree Avenue,E01027885,Selby 008C,Vehicle crime,Under investigation,
eb06e5484772cd040d981962eaf950320cfb104b4be50a2fc3b6a07ae35191d1,2026-02,North Yorkshire Police,North Yorkshire Police,-1.023274,53.711056,On or near Himsworth Close,E01027885,Selby 008C,Violence and sexual offences,Under investigation,
,2026-02,North Yorkshire Police,North Yorkshire Police,-0.973520,53.766971,On or near Chestnut Avenue,E01027896,Selby 008D,Anti-social behaviour,,
,2026-02,North Yorkshire Police,North Yorkshire Police,-0.973840,53.767531,On or near Chestnut Court,E01027896,Selby 008D,Anti-social behaviour,,
ea66fddccf9f4fa40591442aaa2f8ce1aff87cacdff6612c49245a49a195fc4b,2026-02,North Yorkshire Police,North Yorkshire Police,-0.993698,53.777101,On or near William Jacques Drive,E01027896,Selby 008D,Burglary,Under investigation,
ab308d472354fcfc7ce65c1e0e1157fbbc1e48dbd8b857ebee5760554073ecf3,2026-02,North Yorkshire Police,North Yorkshire Police,-0.973840,53.767531,On or near Chestnut Court,E01027896,Selby 008D,Public order,Under investigation,
ebfaa5d5a5fce0f36517ce921bcd151a71d74b093c61fee506157e7f95ac78d2,2026-02,North Yorkshire Police,North Yorkshire Police,-0.973840,53.767531,On or near Chestnut Court,E01027896,Selby 008D,Public order,Under investigation,
38a028dd6f08fc704bd49e6a6c4da1b05c56c8076cf8bb7b47e423a8c6e5df82,2026-02,North Yorkshire Police,North Yorkshire Police,-0.973840,53.767531,On or near Chestnut Court,E01027896,Selby 008D,Violence and sexual offences,Under investigation,
41d8ae421b0296c2051e236a9664b0aedb5f928d38aae9fe06a68c5bc55c14ef,2026-02,North Yorkshire Police,North Yorkshire Police,-0.971335,53.765748,On or near Chapel Balk Road,E01027896,Selby 008D,Violence and sexual offences,Under investigation,
daee59e1e8c88477a99156c63cff1353cd10b2703e51b4f6a767d041cc4f925c,2026-02,North Yorkshire Police,North Yorkshire Police,-0.973840,53.767531,On or near Chestnut Court,E01027896,Selby 008D,Violence and sexual offences,Under investigation,
bdd69d21113ba9f7256b3290310521c0a9eb73e000b2d7953d1bdd645712ed88,2026-02,North Yorkshire Police,North Yorkshire Police,-0.976638,53.762890,On or near Barmby Ferry Road,E01027896,Selby 008D,Other crime,Awaiting court outcome,
,2026-02,North Yorkshire Police,North Yorkshire Police,-0.997312,53.778264,On or near Main Street,E01027897,Selby 008E,Anti-social behaviour,,
6f2be93447988a879974a2914121939fe8f0f597b86494f840a60993fd5e0780,2026-02,North Yorkshire Police,North Yorkshire Police,-1.027057,53.794634,On or near Sand Lane,E01027897,Selby 008E,Criminal damage and arson,Investigation complete; no suspect identified,
fe3818f714ce4c575a55f182438c3acb58fc2f7ba51aa18760240251a3ac8ce4,2026-02,North Yorkshire Police,North Yorkshire Police,-1.024178,53.797020,On or near Moor Lane,E01027897,Selby 008E,Criminal damage and arson,Investigation complete; no suspect identified,
64837828c0867b980af79adce6403949e0833ad90710f0a82510925b8f70e176,2026-02,North Yorkshire Police,North Yorkshire Police,-0.997312,53.778264,On or near Main Street,E01027897,Selby 008E,Other theft,Unable to prosecute suspect,
4314d0568f9ffab6a2485f8c044687fbb628c8756bd6373f6ac65d3cc20a990a,2026-02,North Yorkshire Police,North Yorkshire Police,-0.998540,53.795534,On or near Park/Open Space,E01027897,Selby 008E,Violence and sexual offences,Under investigation,
09e0a615badf4aa046e0718498d0109566e2437411302a1d3cc084029f359784,2026-02,North Yorkshire Police,North Yorkshire Police,-0.993877,53.781678,On or near Station Lane,E01027897,Selby 008E,Violence and sexual offences,Under investigation,
6362e1e8ba673eaa0102e3e2ea0a83c51b1357605d3ebf1998100d46d92bd064,2026-02,North Yorkshire Police,North Yorkshire Police,-0.998540,53.795534,On or near Park/Open Space,E01027897,Selby 008E,Violence and sexual offences,Under investigation,
e93635ffc8a6f5e7e117cc0583e726db408d33e22fdc250bd194dcf0d502b67b,2026-02,North Yorkshire Police,North Yorkshire Police,-1.290552,53.745267,On or near Caudle Hill,E01027891,Selby 009A,Burglary,Under investigation,
b8bbfda6bee97048957848f90af35d6752ec042eeea082390ae0cd5462b7c6b0,2026-02,North Yorkshire Police,North Yorkshire Police,-1.263613,53.744044,On or near Lunnfields Lane,E01027891,Selby 009A,Criminal damage and arson,Investigation complete; no suspect identified,
632c64e7f8fa437fd242c0d7f27744f45a4c30b6fdc58bd8d014e13378c07f71,2026-02,North Yorkshire Police,North Yorkshire Police,-1.259501,53.744235,On or near Hillam Lane,E01027891,Selby 009A,Criminal damage and arson,Under investigation,
ab1691c69356416c31b169b145de9d05675ac0caa6e5aeefef1ab237f6152e6a,2026-02,North Yorkshire Police,North Yorkshire Police,-1.252476,53.720588,On or near Marsh Lane,E01027891,Selby 009A,Vehicle crime,Investigation complete; no suspect identified,
40b782df43ccc7525da4622769e5d2045c621c553a4e8de896ff14d8e9551008,2026-02,North Yorkshire Police,North Yorkshire Police,-1.284620,53.744585,On or near Old Garth Croft,E01027891,Selby 009A,Vehicle crime,Unable to prosecute suspect,
ab728c368f04e1c7c2a781ec3eac8c6c7bfce71fe4ba66fe1bdb6587fd41499d,2026-02,North Yorkshire Police,North Yorkshire Police,-1.283529,53.744524,On or near Great North Road,E01027891,Selby 009A,Vehicle crime,Investigation complete; no suspect identified,
44d9e4f2b8653c4e5eeb4074ec43f41177f188151fbc53b6d4aed6c63f807dff,2026-02,North Yorkshire Police,North Yorkshire Police,-1.210351,53.726025,On or near Birkin Lane,E01027891,Selby 009A,Violence and sexual offences,Under investigation,
,2026-02,North Yorkshire Police,North Yorkshire Police,-1.265051,53.729456,On or near Foxcliff,E01027892,Selby 009B,Anti-social behaviour,,
,2026-02,North Yorkshire Police,North Yorkshire Police,-1.263381,53.724403,On or near Park Gardens,E01027892,Selby 009B,Anti-social behaviour,,
,2026-02,North Yorkshire Police,North Yorkshire Police,-1.269714,53.722725,On or near Low Street,E01027892,Selby 009B,Anti-social behaviour,,
ad19bd1603f4ef5d974c7bdcd7337b589eb81aaf508e651cb4bb02334bf62915,2026-02,North Yorkshire Police,North Yorkshire Police,-1.264490,53.724203,On or near Dish Hill,E01027892,Selby 009B,Public order,Under investigation,
53a89b5fb0d55701f3af9045a6615572ab955cee2c63dd1f4479d8be5aebbe7e,2026-02,North Yorkshire Police,North Yorkshire Police,-1.281986,53.747886,On or near Fairfield,E01027892,Selby 009B,Violence and sexual offences,Under investigation,
bf169b3c28de78147b7533ae5e7a28708a0a007e91e23c301f6eb4824ad306b8,2026-02,North Yorkshire Police,North Yorkshire Police,-1.262989,53.725129,On or near Crawford Close,E01027892,Selby 009B,Violence and sexual offences,Under investigation,
987a15879aca383b82e8bf8d302bbd5dc873c98edb57bed57a18cd5debacd605,2026-02,North Yorkshire Police,North Yorkshire Police,-1.270721,53.724988,On or near The Rise,E01027892,Selby 009B,Violence and sexual offences,Under investigation,
3c8e1f419162258e945d66c763902f3564ac8487167284dc8525b78a96305f22,2026-02,North Yorkshire Police,North Yorkshire Police,-1.284371,53.743190,On or near Top Fold,E01027892,Selby 009B,Violence and sexual offences,Under investigation,
,2026-02,North Yorkshire Police,North Yorkshire Police,-1.156156,53.769726,On or near Paddock View,E01027893,Selby 009C,Anti-social behaviour,,
c9311d18b599a68f83fbc59ff06a2db1a8ed69e2be07af9e4434167bd8517100,2026-02,North Yorkshire Police,North Yorkshire Police,-1.149400,53.767701,On or near Morrets Lane,E01027893,Selby 009C,Vehicle crime,Investigation complete; no suspect identified,
8000902ff3adfe8d3086d2a357d988daa813bae971189bd975d9f8a9a120277d,2026-02,North Yorkshire Police,North Yorkshire Police,-1.238345,53.762043,On or near Main Street,E01027899,Selby 009D,Drugs,Local resolution,
,2026-02,North Yorkshire Police,North Yorkshire Police,-1.151052,53.706825,On or near Sycamore Avenue,E01027889,Selby 010A,Anti-social behaviour,,
fee32093903756d97d15d01b7603c26e1a229cbda4fca15ce76850871a1ad11c,2026-02,North Yorkshire Police,North Yorkshire Police,-1.163488,53.713789,On or near Broach Lane,E01027889,Selby 010A,Criminal damage and arson,Investigation complete; no suspect identified,
bf3592c1b65e6a1ff822a457e6ca2d916b8f59d3b057d582d9f0967d74d6cbae,2026-02,North Yorkshire Police,North Yorkshire Police,-1.155775,53.706229,On or near Westfield Garth,E01027889,Selby 010A,Criminal damage and arson,Under investigation,
d5fa6b7ed47f9fddca8dd7bf9aaaa3a186e84e2389717f7e366262b68068f0f6,2026-02,North Yorkshire Police,North Yorkshire Police,-1.155421,53.704987,On or near Westfield Grove,E01027889,Selby 010A,Criminal damage and arson,Under investigation,
249c6f0e2e10bc07ca885733c772cb8295300ef89b656ceeefe1540c2b4411f8,2026-02,North Yorkshire Police,North Yorkshire Police,-1.167906,53.718700,On or near Low Road,E01027889,Selby 010A,Public order,Under investigation,
0f36ea201af0e98423a22ecd035170f1cd5e3462f67536c045c02a9dfafe3a2a,2026-02,North Yorkshire Police,North Yorkshire Police,-1.150433,53.706704,On or near Chestnut Drive,E01027889,Selby 010A,Public order,Under investigation,
356eb6e98edf74f2f1fd0682af96d32ad6125ff9da0b8de052dd47d8c0f54e81,2026-02,North Yorkshire Police,North Yorkshire Police,-1.150736,53.704441,On or near Wentworth Close,E01027889,Selby 010A,Shoplifting,Under investigation,
04f335850a4da4f0e7e15517fbaa7809289280025a50b314f40074171e95e239,2026-02,North Yorkshire Police,North Yorkshire Police,-1.155775,53.706229,On or near Westfield Garth,E01027889,Selby 010A,Violence and sexual offences,Under investigation,
8a676f3f756308130127be7ee446353deb84f5713ffe10c193dd04641e4c1509,2026-02,North Yorkshire Police,North Yorkshire Police,-1.152077,53.706338,On or near Aspen Grove,E01027889,Selby 010A,Violence and sexual offences,Under investigation,
219e97829fe81ce5b0e2c6aa925f46c5b685da817432cdcf29b3f3288db6ba93,2026-02,North Yorkshire Police,North Yorkshire Police,-1.040468,53.713838,On or near Bull Alley Lane,E01027890,Selby 010B,Burglary,Investigation complete; no suspect identified,
9e51be18aaa4640a057f63cbec810b728569740fc73b1aec88fb4cc22f421c46,2026-02,North Yorkshire Police,North Yorkshire Police,-1.117490,53.727373,On or near Manor Farm Court,E01027890,Selby 010B,Criminal damage and arson,Under investigation,
82c92f224fde5fe079a1dd03a978ad34d02a477d7a298bcda1c50ec2196e29b1,2026-02,North Yorkshire Police,North Yorkshire Police,-1.157475,53.701540,On or near Orchard Close,E01027890,Selby 010B,Criminal damage and arson,Investigation complete; no suspect identified,
a111f77e8b19e0b63f9a8d51d8d5a367ce5146ed720e754b71a3352310f6aaf5,2026-02,North Yorkshire Police,North Yorkshire Police,-1.145520,53.706193,On or near Oak Tree Close,E01027890,Selby 010B,Drugs,Awaiting court outcome,
8dadb6c9db4f0789767b79583548a260f26efe020d30b135b8ac14dc54054d77,2026-02,North Yorkshire Police,North Yorkshire Police,-1.156601,53.699782,On or near Cannon Hall Lane,E01027890,Selby 010B,Other theft,Under investigation,
9ecb8641261c6d770fec9942dbc98a06b6ca4b2745285638a5a77787f45485fa,2026-02,North Yorkshire Police,North Yorkshire Police,-1.145520,53.706193,On or near Oak Tree Close,E01027890,Selby 010B,Violence and sexual offences,Unable to prosecute suspect,
c9201e981005690c6879d0c081188dbe3f20ad660662a5a5680514626909315b,2026-02,North Yorkshire Police,North Yorkshire Police,-1.157628,53.699187,On or near The Sidings,E01027890,Selby 010B,Violence and sexual offences,Under investigation,
c9201e981005690c6879d0c081188dbe3f20ad660662a5a5680514626909315b,2026-02,North Yorkshire Police,North Yorkshire Police,-1.157628,53.699187,On or near The Sidings,E01027890,Selby 010B,Violence and sexual offences,Unable to prosecute suspect,
140631d6d3e0ed0961fe2d4da86f55e4cfbd8b847a69cc63428676d37e2014f8,2026-02,North Yorkshire Police,North Yorkshire Police,-1.155715,53.703173,On or near Tabard Road,E01027890,Selby 010B,Violence and sexual offences,Under investigation,
b9d222d677cd341b09b7a88114fc3947abda4963725c1e88c0c774111c5cc1ab,2026-02,North Yorkshire Police,North Yorkshire Police,-1.121572,53.730628,On or near Parking Area,E01027890,Selby 010B,Violence and sexual offences,Awaiting court outcome,
23ffa5b0f9f12416beb1a5d6724e463fa36dfdec13fb11a9d24bb3a4f78e6a8e,2026-02,North Yorkshire Police,North Yorkshire Police,-1.149593,53.705530,On or near Weeland Road,E01027890,Selby 010B,Violence and sexual offences,Unable to prosecute suspect,
77727251dd3efa3cc284293eef5d784a50b1d54b0bdc4fa6a74d7e00f0ff2c31,2026-02,North Yorkshire Police,North Yorkshire Police,-1.145520,53.706193,On or near Oak Tree Close,E01027890,Selby 010B,Other crime,Awaiting court outcome,
15e57813a188cff956386abea73228513ebba15d1ba2584c2ff2e2f9c915b84c,2026-02,North Yorkshire Police,North Yorkshire Police,-1.208937,53.644608,On or near Stan Valley,E01027923,Selby 010C,Drugs,Under investigation,
197dde340c9b49832799228fefd22dc90e361591b497619688a0407673a931f1,2026-02,North Yorkshire Police,North Yorkshire Police,-1.156350,53.677480,On or near Whitley Thorpe Lane,E01027923,Selby 010C,Violence and sexual offences,Under investigation,
354f672592a46c7b98d3a613e64b21ef68ab41aed87248e3b5c80f216a444974,2026-02,North Yorkshire Police,North Yorkshire Police,-1.216487,53.643750,On or near Main Street,E01027923,Selby 010C,Violence and sexual offences,Under investigation,
e941a983dfe3b1de898b32d695433933d6924f025bb707875d93f15e86e17048,2026-02,North Yorkshire Police,North Yorkshire Police,-1.156350,53.677480,On or near Whitley Thorpe Lane,E01027923,Selby 010C,Violence and sexual offences,Further investigation is not in the public interest,
fb788cf0d1c97927d45b21909e05be201f0be0b37343178ef353195d83b7d859,2026-02,North Yorkshire Police,North Yorkshire Police,-1.101980,53.687718,On or near Long Lane,E01027924,Selby 010D,Criminal damage and arson,Under investigation,
690e9723bf094c1089327914d5a69c5069ded98c277ac2a80125a8635b17519b,2026-02,North Yorkshire Police,North Yorkshire Police,-1.100816,53.664177,On or near Highgate,E01027924,Selby 010D,Violence and sexual offences,Under investigation,
b0612eb273785bd9be6f3b37906b801c057e87940c31dac18362effaf7874e45,2026-02,North Yorkshire Police,North Yorkshire Police,-1.102275,53.703791,On or near Myrtle Farm Drive,E01027924,Selby 010D,Violence and sexual offences,Under investigation,
01e3a43cd65bc8cdb0aa66e03407f751584c3a8248211896df07b202d7eb9500,2026-02,North Yorkshire Police,North Yorkshire Police,-1.100816,53.664177,On or near Highgate,E01027924,Selby 010D,Violence and sexual offences,Under investigation,
a54700702128e7c5ce6567824b708f034fc722278b878ad7f5c9a291b4c41a73,2026-02,North Yorkshire Police,North Yorkshire Police,-1.356038,54.511572,On or near Yarm Road,E01012299,Stockton-on-Tees 024C,Violence and sexual offences,Under investigation,
746f16ed0af8743e611cbcf3bd784299ba68ff4be6b0b9fc95caf8dceeb377bb,2026-02,North Yorkshire Police,North Yorkshire Police,-1.055834,54.010967,On or near Whitelands,E01013436,York 001A,Other theft,Unable to prosecute suspect,
d8f356e0f741670c8fa47950a2931ccd7d1915719f67044eae01ce02f04e6f86,2026-02,North Yorkshire Police,North Yorkshire Police,-1.055390,54.007683,On or near High Garth,E01013436,York 001A,Violence and sexual offences,Under investigation,
,2026-02,North Yorkshire Police,North Yorkshire Police,-1.036804,54.040090,On or near Hawthorne Mews,E01013438,York 001B,Anti-social behaviour,,
,2026-02,North Yorkshire Police,North Yorkshire Police,-1.036804,54.040090,On or near Hawthorne Mews,E01013438,York 001B,Anti-social behaviour,,
0c2631dbb4c7b7455af13d6b1d32ae44246028950247d57d78c04bed89dd9e45,2026-02,North Yorkshire Police,North Yorkshire Police,-1.035079,54.040048,On or near ,E01013438,York 001B,Violence and sexual offences,Under investigation,
fd46859a20642f8322c47775ad31ce2abdb1dff8beafea131f6aa7f1d4acc086,2026-02,North Yorkshire Police,North Yorkshire Police,-1.035079,54.040048,On or near ,E01013438,York 001B,Violence and sexual offences,Under investigation,
bde6a98d7274c13984bb1e3856343fc1eb38cbd6dc9ea835c1b466352d66654d,2026-02,North Yorkshire Police,North Yorkshire Police,-1.041665,54.037217,On or near West End,E01013438,York 001B,Violence and sexual offences,Awaiting court outcome,
0cf887a5d54f02a660f29f0e76f728647f34c26af325d1c127683a6fcb840c35,2026-02,North Yorkshire Police,North Yorkshire Police,-1.027540,54.039871,On or near The Sidings,E01013439,York 001C,Violence and sexual offences,Unable to prosecute suspect,
,2026-02,North Yorkshire Police,North Yorkshire Police,-1.042608,54.028721,On or near Ryecroft,E01013440,York 001D,Anti-social behaviour,,
,2026-02,North Yorkshire Police,North Yorkshire Police,-1.042608,54.028721,On or near Ryecroft,E01013440,York 001D,Anti-social behaviour,,
8e56ed200505941e36733eeac1c833e2d792a0e923020cb015794b6e5d4fda2e,2026-02,North Yorkshire Police,North Yorkshire Police,-1.073667,54.016040,On or near Supermarket,E01013370,York 002A,Criminal damage and arson,Under investigation,
c84f8b030d4bb9982aea77b35a990e03935cda1b939a6b2e58a951f1a44ea6d9,2026-02,North Yorkshire Police,North Yorkshire Police,-1.073667,54.016040,On or near Supermarket,E01013370,York 002A,Public order,Under investigation,
03b609352c5078dd631d79db894d9935f909f14ea2a72cb9755a1639f5aeebb3,2026-02,North Yorkshire Police,North Yorkshire Police,-1.076270,54.016330,On or near Supermarket,E01013370,York 002A,Shoplifting,Investigation complete; no suspect identified,
d1d3fb288c91a07816202ff287b3a4762f4ac023c4cb8f70d5c9c92a84cec5a1,2026-02,North Yorkshire Police,North Yorkshire Police,-1.076270,54.016330,On or near Supermarket,E01013370,York 002A,Shoplifting,Investigation complete; no suspect identified,
,2026-02,North Yorkshire Police,North Yorkshire Police,-1.069770,54.015569,On or near Hall Rise,E01013373,York 002B,Anti-social behaviour,,
,2026-02,North Yorkshire Police,North Yorkshire Police,-1.069770,54.015569,On or near Hall Rise,E01013373,York 002B,Anti-social behaviour,,
fb0ef0f9724981309472eeb8ef1ec760dc3a5c8fa8c2d920d79ab2f4dad73cbb,2026-02,North Yorkshire Police,North Yorkshire Police,-1.075413,54.012332,On or near Cherry Paddock,E01013373,York 002B,Public order,Under investigation,
c03a01b72c94018fccbc253ac8eb3eac7806af9849c4a05d5a2748acfc3edcec,2026-02,North Yorkshire Police,North Yorkshire Police,-1.074889,54.013254,On or near Cherry Orchard,E01013373,York 002B,Violence and sexual offences,Under investigation,
11806150f128b41b323bc62b8ab069248d6116b68fd5854001e40114a089a1db,2026-02,North Yorkshire Police,North Yorkshire Police,-1.075413,54.012332,On or near Cherry Paddock,E01013373,York 002B,Violence and sexual offences,Unable to prosecute suspect,
,2026-02,North Yorkshire Police,North Yorkshire Police,-1.080295,54.017933,On or near The Village,E01013376,York 002D,Anti-social behaviour,,
,2026-02,North Yorkshire Police,North Yorkshire Police,-1.071595,54.017929,On or near Reid Park,E01013376,York 002D,Anti-social behaviour,,
,2026-02,North Yorkshire Police,North Yorkshire Police,-1.071595,54.017929,On or near Reid Park,E01013376,York 002D,Anti-social behaviour,,
0017d7b8513b9fcfaf1508fe271e7b55c31991999fc42436abb8ea39edafa2dd,2026-02,North Yorkshire Police,North Yorkshire Police,-1.080295,54.017933,On or near The Village,E01013376,York 002D,Violence and sexual offences,Under investigation,
4ab931f854553e289217a2072abc080e2ce4af4134ed017eb780392aef11b43f,2026-02,North Yorkshire Police,North Yorkshire Police,-1.073131,54.030524,On or near Crossmoor Lane,E01013376,York 002D,Violence and sexual offences,Under investigation,
d36b183c62b6b163c78f1ded57456f9436c5f1c8557415b420a1d24f56fb0b5b,2026-02,North Yorkshire Police,North Yorkshire Police,-1.082994,54.018709,On or near Fletcher Court,E01013372,York 003B,Violence and sexual offences,Under investigation,
7d032d9d132b5aa7ef7f25e59589d52accb92e821834ebd9dcd3c59e17e32283,2026-02,North Yorkshire Police,North Yorkshire Police,-1.077682,54.008377,On or near Sycamore Close,E01013374,York 003C,Violence and sexual offences,Under investigation,
,2026-02,North Yorkshire Police,North Yorkshire Police,-1.087723,54.019518,On or near Saxford Way,E01013377,York 003D,Anti-social behaviour,,
311fd6320cdb23c7544b6dcacfb11718a937699f3566b906d5b22d66928b18fd,2026-02,North Yorkshire Police,North Yorkshire Police,-1.085017,54.019021,On or near Church Lane,E01013377,York 003D,Criminal damage and arson,Investigation complete; no suspect identified,
d24b232617baa52fdc02191831cf3751eff820ac3174a9a434ca8c90872f288d,2026-02,North Yorkshire Police,North Yorkshire Police,-1.090901,53.997420,On or near ,E01013377,York 003D,Public order,Unable to prosecute suspect,
,2026-02,North Yorkshire Police,North Yorkshire Police,-1.065989,53.988819,On or near Stow Court,E01013404,York 004A,Anti-social behaviour,,
,2026-02,North Yorkshire Police,North Yorkshire Police,-1.075957,53.988455,On or near White Rose Avenue,E01013404,York 004A,Anti-social behaviour,,
,2026-02,North Yorkshire Police,North Yorkshire Police,-1.076552,53.990105,On or near ,E01013404,York 004A,Anti-social behaviour,,
,2026-02,North Yorkshire Police,North Yorkshire Police,-1.074006,53.988395,On or near White Rose Grove,E01013404,York 004A,Anti-social behaviour,,
858b0ca1aeefb8592e06ea554c0eab4d9814eaefbc9b3c11118bf1c8a66b7fb4,2026-02,North Yorkshire Police,North Yorkshire Police,-1.076552,53.990105,On or near ,E01013404,York 004A,Criminal damage and arson,Under investigation,
309e39cab134ea60462c194226278ec37a7b2f9903a996a3780302534cd9bb0f,2026-02,North Yorkshire Police,North Yorkshire Police,-1.069679,53.984084,On or near Meadowfields Drive,E01013404,York 004A,Violence and sexual offences,Unable to prosecute suspect,
fece3df3f7b6cfa9e6bee11df688768a5e1ddd89fe534be669dd01a157f75462,2026-02,North Yorkshire Police,North Yorkshire Police,-1.076633,53.988209,On or near Garthway,E01013404,York 004A,Violence and sexual offences,Under investigation,
2156bdafd23bfd9df4d0dd748871941d1489d005f7048b72be1995677826abf4,2026-02,North Yorkshire Police,North Yorkshire Police,-1.074006,53.988395,On or near White Rose Grove,E01013404,York 004A,Violence and sexual offences,Under investigation,
5e1a06bd02d592c41c98f489725c299f77e2e72852c72e09cc18679ee20fe268,2026-02,North Yorkshire Police,North Yorkshire Police,-1.076552,53.990105,On or near ,E01013404,York 004A,Violence and sexual offences,Under investigation,
cac09dbf3cce6f3281dfda17d81ac389b66c615c2364216feca8fc63bd6f3960,2026-02,North Yorkshire Police,North Yorkshire Police,-1.060090,54.002929,On or near Vesper Walk,E01013408,York 004C,Burglary,Under investigation,
c0fa352dad9db1fee3e5f16ae7f65efc58c0d854ddda0f66786a0c00b98e10a6,2026-02,North Yorkshire Police,North Yorkshire Police,-1.059661,54.000301,On or near Linden Close,E01013408,York 004C,Violence and sexual offences,Under investigation,
4e5bcc27b3c5de37d2384b914c270ed774d1cf127eeba8caca5ba53d1b1747cd,2026-02,North Yorkshire Police,North Yorkshire Police,-1.059661,54.000301,On or near Linden Close,E01013408,York 004C,Violence and sexual offences,Under investigation,
3cee95897fbf866a96bcde0bc72e8abfe6482574c51a18499082716f10250f16,2026-02,North Yorkshire Police,North Yorkshire Police,-1.059661,54.000301,On or near Linden Close,E01013408,York 004C,Violence and sexual offences,Under investigation,
c0fa352dad9db1fee3e5f16ae7f65efc58c0d854ddda0f66786a0c00b98e10a6,2026-02,North Yorkshire Police,North Yorkshire Police,-1.059661,54.000301,On or near Linden Close,E01013408,York 004C,Violence and sexual offences,Under investigation,
,2026-02,North Yorkshire Police,North Yorkshire Police,-1.071946,53.990492,On or near Hawthorn Terrace South,E01013410,York 004D,Anti-social behaviour,,
,2026-02,North Yorkshire Police,North Yorkshire Police,-1.074316,53.990914,On or near Lime Tree Avenue,E01013410,York 004D,Anti-social behaviour,,
27b210e8fdb0f32d3207b6622c86a49eb6171e62407e7c2ab957c71babf63bfb,2026-02,North Yorkshire Police,North Yorkshire Police,-1.075232,53.994319,On or near Rowan Place,E01013410,York 004D,Other theft,Under investigation,
c4262ed2c5b37423a85b47e403882225ef09c0d2c6c9ccf5680da8cc408b0c2c,2026-02,North Yorkshire Police,North Yorkshire Police,-1.069237,53.991594,On or near Willow Bank,E01013410,York 004D,Other theft,Unable to prosecute suspect,
05bca1e5187c1ff7365309f4c759bf188d91dde8d7145f2b6c0ecc2a0770bec6,2026-02,North Yorkshire Police,North Yorkshire Police,-1.075644,53.992920,On or near Almond Grove,E01013410,York 004D,Public order,Investigation complete; no suspect identified,
7662112e4469e5c451bc3254f1b398e3498511e2b5d5dec2a72632bcd5b3d1b8,2026-02,North Yorkshire Police,North Yorkshire Police,-1.075644,53.992920,On or near Almond Grove,E01013410,York 004D,Vehicle crime,Under investigation,
391ce1dcded4b1652c83f9827f75310be0a665bc21aff66754f88949edb78c6f,2026-02,North Yorkshire Police,North Yorkshire Police,-1.071328,53.993588,On or near Hawthorn Terrace North,E01013410,York 004D,Violence and sexual offences,Under investigation,
001d82199832f7e8a1e18b974c1591e8a766078d3a7953a29d1168e9c28f434d,2026-02,North Yorkshire Police,North Yorkshire Police,-1.075232,53.994319,On or near Rowan Place,E01013410,York 004D,Violence and sexual offences,Under investigation,
f60700e2d4491bee4b0058aa912266ec1c46d14194b6a406ecc530c7228a7d24,2026-02,North Yorkshire Police,North Yorkshire Police,-1.075296,53.993493,On or near Rose Tree Grove,E01013410,York 004D,Violence and sexual offences,Under investigation,
9cfdd6bf504e9289e612017c7c1375df2dc1a8cd4f61ecdf16cf324dd6f68c77,2026-02,North Yorkshire Police,North Yorkshire Police,-1.069718,53.993306,On or near Acacia Avenue,E01013410,York 004D,Violence and sexual offences,Under investigation,
d3574d7db37e6248f2701e6d93c5622e89109422ef8f4c7403356058fccc91af,2026-02,North Yorkshire Police,North Yorkshire Police,-1.074316,53.990914,On or near Lime Tree Avenue,E01013410,York 004D,Violence and sexual offences,Under investigation,
b082b2c3ee0d636069eaa44bc7fe0cc8468742def1c409c8a9b060228b13a02b,2026-02,North Yorkshire Police,North Yorkshire Police,-1.075838,53.992454,On or near Rowan Avenue,E01013410,York 004D,Violence and sexual offences,Under investigation,
d89c8f347e663f2b269a5f1fa85607c94003d8e065787f590db23311fa833710,2026-02,North Yorkshire Police,North Yorkshire Police,-1.063483,53.982903,On or near Maythorn Road,E01013405,York 005A,Other theft,Under investigation,
f57c9e43d93536ece62a63ebafcc46ca9d97b2b572797b72f53fd0564c6e9d95,2026-02,North Yorkshire Police,North Yorkshire Police,-1.067611,53.983807,On or near Blackthorn Drive,E01013405,York 005A,Shoplifting,Awaiting court outcome,
e20de8f5e566373fa0b70d4b8a0275354594c32d9b2281481cbab265a363d253,2026-02,North Yorkshire Police,North Yorkshire Police,-1.067611,53.983807,On or near Blackthorn Drive,E01013405,York 005A,Shoplifting,Investigation complete; no suspect identified,
f30e1c06764579ccbd3c4bd8057684fde558acd3e02cd8213f46804eaedc2a17,2026-02,North Yorkshire Police,North Yorkshire Police,-1.067611,53.983807,On or near Blackthorn Drive,E01013405,York 005A,Shoplifting,Under investigation,
,2026-02,North Yorkshire Police,North Yorkshire Police,-1.067886,53.980367,On or near Huntington Road,E01013406,York 005B,Anti-social behaviour,,
,2026-02,North Yorkshire Police,North Yorkshire Police,-1.062823,53.979051,On or near Homestead Close,E01013406,York 005B,Anti-social behaviour,,
,2026-02,North Yorkshire Police,North Yorkshire Police,-1.065738,53.978921,On or near Birch Park,E01013406,York 005B,Anti-social behaviour,,
66a9dfb8e8fa868a0dbb292497e22a0f9bcc6013fa8f30c4c4d3ddbc8157dc3f,2026-02,North Yorkshire Police,North Yorkshire Police,-1.069983,53.979349,On or near Foss Court,E01013406,York 005B,Criminal damage and arson,Investigation complete; no suspect identified,
044aa6abd4c70c9a00ec10a7af9d21fd919af6e39580264b325351a1f9025ad8,2026-02,North Yorkshire Police,North Yorkshire Police,-1.062010,53.979242,On or near Carrnock Court,E01013406,York 005B,Criminal damage and arson,Investigation complete; no suspect identified,
87cae81c91da2233b6e5b18d1388efcf3b9cc2b51a20bb9b38ed2a3d371dfad3,2026-02,North Yorkshire Police,North Yorkshire Police,-1.067886,53.980367,On or near Huntington Road,E01013406,York 005B,Public order,Unable to prosecute suspect,
a11fa21970dfc35f1d041cde43f82162a406173975af1d42770d0c69cccc730d,2026-02,North Yorkshire Police,North Yorkshire Police,-1.069983,53.979349,On or near Foss Court,E01013406,York 005B,Public order,Under investigation,
1e346aee98befb0f20660a5c83b4d9d9c875f8663c9a862eb7a845a7325f5dab,2026-02,North Yorkshire Police,North Yorkshire Police,-1.069983,53.979349,On or near Foss Court,E01013406,York 005B,Violence and sexual offences,Under investigation,
75bd42d043b0afbaacb17f5e815f37522a7a723089505bbec90983be829e6fea,2026-02,North Yorkshire Police,North Yorkshire Police,-1.060280,53.980928,On or near Dalby Mead,E01013406,York 005B,Violence and sexual offences,Under investigation,
e467ecfc8120f6180c7e754cc67b4573ae9d64251bf0a867413c6b2f5c730c49,2026-02,North Yorkshire Police,North Yorkshire Police,-1.069983,53.979349,On or near Foss Court,E01013406,York 005B,Violence and sexual offences,Unable to prosecute suspect,
a24c67d3347414edcba81aba4132fe699f20407004134e542c6022225c9bfa99,2026-02,North Yorkshire Police,North Yorkshire Police,-1.069983,53.979349,On or near Foss Court,E01013406,York 005B,Violence and sexual offences,Under investigation,
703aa618b48c37e9d8e5e31cb4ab24508a5ce18da228e33c445321927595860c,2026-02,North Yorkshire Police,North Yorkshire Police,-1.069983,53.979349,On or near Foss Court,E01013406,York 005B,Violence and sexual offences,Under investigation,
80cda87132f2f8359c5f0d744afacd305295d09b2be317598764916db3a291ec,2026-02,North Yorkshire Police,North Yorkshire Police,-1.069983,53.979349,On or near Foss Court,E01013406,York 005B,Violence and sexual offences,Under investigation,
e0d509099428d2a60b228503c00d27e781c8e7a7fa25a3fb5d61f7018207f39c,2026-02,North Yorkshire Police,North Yorkshire Police,-1.069983,53.979349,On or near Foss Court,E01013406,York 005B,Violence and sexual offences,Under investigation,
,2026-02,North Yorkshire Police,North Yorkshire Police,-1.048311,53.988236,On or near ,E01013409,York 005C,Anti-social behaviour,,
,2026-02,North Yorkshire Police,North Yorkshire Police,-1.046768,53.989425,On or near ,E01013409,York 005C,Anti-social behaviour,,
,2026-02,North Yorkshire Police,North Yorkshire Police,-1.051993,53.982568,On or near ,E01013409,York 005C,Anti-social behaviour,,
,2026-02,North Yorkshire Police,North Yorkshire Police,-1.046768,53.989425,On or near ,E01013409,York 005C,Anti-social behaviour,,
,2026-02,North Yorkshire Police,North Yorkshire Police,-1.046768,53.989425,On or near ,E01013409,York 005C,Anti-social behaviour,,
,2026-02,North Yorkshire Police,North Yorkshire Police,-1.048285,53.982728,On or near ,E01013409,York 005C,Anti-social behaviour,,
,2026-02,North Yorkshire Police,North Yorkshire Police,-1.051993,53.982568,On or near ,E01013409,York 005C,Anti-social behaviour,,
,2026-02,North Yorkshire Police,North Yorkshire Police,-1.046768,53.989425,On or near ,E01013409,York 005C,Anti-social behaviour,,
,2026-02,North Yorkshire Police,North Yorkshire Police,-1.051993,53.982568,On or near ,E01013409,York 005C,Anti-social behaviour,,
,2026-02,North Yorkshire Police,North Yorkshire Police,-1.051993,53.982568,On or near ,E01013409,York 005C,Anti-social behaviour,,
,2026-02,North Yorkshire Police,North Yorkshire Police,-1.048285,53.982728,On or near ,E01013409,York 005C,Anti-social behaviour,,
,2026-02,North Yorkshire Police,North Yorkshire Police,-1.046768,53.989425,On or near ,E01013409,York 005C,Anti-social behaviour,,
,2026-02,North Yorkshire Police,North Yorkshire Police,-1.048285,53.982728,On or near ,E01013409,York 005C,Anti-social behaviour,,
,2026-02,North Yorkshire Police,North Yorkshire Police,-1.046768,53.989425,On or near ,E01013409,York 005C,Anti-social behaviour,,
,2026-02,North Yorkshire Police,North Yorkshire Police,-1.051993,53.982568,On or near ,E01013409,York 005C,Anti-social behaviour,,
3a9971a405fa3c5d51fbb9fc42775376e58e1f26545303d449d8d3b7ae2f2f26,2026-02,North Yorkshire Police,North Yorkshire Police,-1.055453,53.986004,On or near Forge Close,E01013409,York 005C,Criminal damage and arson,Under investigation,
bb6def4227b2491f7844c59f3d866e296669e1e1df22ac4d837e7dc7bd01d353,2026-02,North Yorkshire Police,North Yorkshire Police,-1.048311,53.988236,On or near ,E01013409,York 005C,Criminal damage and arson,Under investigation,
acf8ced929236d9dfb3db2a7e41f4814c15b697bd43be74c88bdbe4265993707,2026-02,North Yorkshire Police,North Yorkshire Police,-1.049362,53.983500,On or near ,E01013409,York 005C,Other theft,Under investigation,
bca49001b33871d9db725ea7665e7221d96f3ee829ae21c5bb651d95f273fdf5,2026-02,North Yorkshire Police,North Yorkshire Police,-1.048285,53.982728,On or near ,E01013409,York 005C,Public order,Unable to prosecute suspect,
514cfc3d537ca989a48e91e292797cc69f16ba993f04ada81a7bb0905b3ebe57,2026-02,North Yorkshire Police,North Yorkshire Police,-1.055453,53.986004,On or near Forge Close,E01013409,York 005C,Public order,Under investigation,
7908fdd882a97e4b1dbadc497c38f1be298e2328b1b76ed3fbbd3b19dcadbed0,2026-02,North Yorkshire Police,North Yorkshire Police,-1.051993,53.982568,On or near ,E01013409,York 005C,Robbery,Under investigation,
3eacd00bcad594b944f006c4c82341a2681f01c433090eade31f852ccf8916b0,2026-02,North Yorkshire Police,North Yorkshire Police,-1.051993,53.982568,On or near ,E01013409,York 005C,Shoplifting,Under investigation,
1137289ec39cfe5be306c6f58f8a4546b29fa03f468578df3769e58a06b9f611,2026-02,North Yorkshire Police,North Yorkshire Police,-1.049637,53.986927,On or near ,E01013409,York 005C,Shoplifting,Under investigation,
08ef684e7efb09118f1514ffa6b4b9ee6efcccaa92a20f592fbbc1bc121b98b5,2026-02,North Yorkshire Police,North Yorkshire Police,-1.048282,53.985080,On or near ,E01013409,York 005C,Shoplifting,Investigation complete; no suspect identified,
1cafb10698e14f2bd9bf608006b5ccb7a61bf504b77d40d4c473d6a84ce7f671,2026-02,North Yorkshire Police,North Yorkshire Police,-1.049362,53.983500,On or near ,E01013409,York 005C,Shoplifting,Investigation complete; no suspect identified,
1759a0df1834d59776c981ea3016f703cd41bb235f46c2f3fd21c41e3bae37bc,2026-02,North Yorkshire Police,North Yorkshire Police,-1.043502,53.986451,On or near ,E01013409,York 005C,Shoplifting,Under investigation,
8272198af0c8f4472f4efcb65b35f887e4cd33921a40ba2b5d6a7926a0fd67cb,2026-02,North Yorkshire Police,North Yorkshire Police,-1.044167,53.989037,On or near ,E01013409,York 005C,Shoplifting,Under investigation,
b4bbff3a1e2e8ea871f9baaf79479f0036a9ec259dbe40673b854c54c3cc8b8c,2026-02,North Yorkshire Police,North Yorkshire Police,-1.048282,53.985080,On or near ,E01013409,York 005C,Shoplifting,Investigation complete; no suspect identified,
42cfb04bb8de807d5cc1e75018cd6f01569273f28d7bb5e461711b16ad8f8778,2026-02,North Yorkshire Police,North Yorkshire Police,-1.044167,53.989037,On or near ,E01013409,York 005C,Shoplifting,Under investigation,
2286473dbe130db4aa193293a35469c66e468c061b75e37823d6e984db47a0c3,2026-02,North Yorkshire Police,North Yorkshire Police,-1.043502,53.986451,On or near ,E01013409,York 005C,Shoplifting,Under investigation,
154aa2b243c9971843ec752092c86c9ee1f9711e25e8162cd9ba41fbdfc87f8b,2026-02,North Yorkshire Police,North Yorkshire Police,-1.048285,53.982728,On or near ,E01013409,York 005C,Shoplifting,Under investigation,
2474812aabd4b8be938686028fca23628c919e383a95e248d86345456b349648,2026-02,North Yorkshire Police,North Yorkshire Police,-1.044167,53.989037,On or near ,E01013409,York 005C,Theft from the person,Under investigation,
c45163cde585663fea95f2257348c0960efe05d753d71f1825f1f25ebc04c1e2,2026-02,North Yorkshire Police,North Yorkshire Police,-1.048285,53.982728,On or near ,E01013409,York 005C,Vehicle crime,Investigation complete; no suspect identified,
60c489b3b692d556b35cd6c528e887dcf154ddfdfc3b41f6c931cd27a5f931d3,2026-02,North Yorkshire Police,North Yorkshire Police,-1.051993,53.982568,On or near ,E01013409,York 005C,Violence and sexual offences,Under investigation,
66de01cd392d63659d8f2fdcc2ff6c33e7ae879ecd603e2f6ee1876d07380b9a,2026-02,North Yorkshire Police,North Yorkshire Police,-1.030414,53.987854,On or near Parking Area,E01013409,York 005C,Violence and sexual offences,Under investigation,
b4a72b5bdb597ea5ebefa3ca29925e826aa7e0d47919b1c5547552ff2d0d3bb7,2026-02,North Yorkshire Police,North Yorkshire Police,-1.055453,53.986004,On or near Forge Close,E01013409,York 005C,Violence and sexual offences,Under investigation,
473f77d4ecf1fe33effeafc757d849079a47a888bd22002d927f63076257a667,2026-02,North Yorkshire Police,North Yorkshire Police,-1.054093,53.994856,On or near Keith Avenue,E01013409,York 005C,Violence and sexual offences,Unable to prosecute suspect,
04430c37fb085bc1ce973965f8a5c61445872fca9f2f11619d6f0583eb592202,2026-02,North Yorkshire Police,North Yorkshire Police,-1.058063,53.996064,On or near Pear Tree Close,E01013409,York 005C,Violence and sexual offences,Unable to prosecute suspect,
,2026-02,North Yorkshire Police,North Yorkshire Police,-1.061318,53.988342,On or near Willow Glade,E01013411,York 005D,Anti-social behaviour,,
,2026-02,North Yorkshire Police,North Yorkshire Police,-1.054977,53.988368,On or near ,E01013411,York 005D,Anti-social behaviour,,
,2026-02,North Yorkshire Police,North Yorkshire Police,-1.061318,53.988342,On or near Willow Glade,E01013411,York 005D,Anti-social behaviour,,
c8c29caa87b7af7313a3655baab470efa1ec4a7e27205c9167c57b60f18f06c4,2026-02,North Yorkshire Police,North Yorkshire Police,-1.054977,53.988368,On or near ,E01013411,York 005D,Shoplifting,Under investigation,
412ecf39e748a4c7bd7e29dcc04fb6c8f6030859f8eb162c5ef067d585783657,2026-02,North Yorkshire Police,North Yorkshire Police,-1.054977,53.988368,On or near ,E01013411,York 005D,Shoplifting,Awaiting court outcome,
794e8afc695159dd1ed1cdd90c6fb81f26856fbc14b66002bc0e2cf834cd69bd,2026-02,North Yorkshire Police,North Yorkshire Police,-1.054977,53.988368,On or near ,E01013411,York 005D,Shoplifting,Unable to prosecute suspect,
741f2610c983ed06c06853167dd2ae7458fe2da2b512efc492962116643b64ff,2026-02,North Yorkshire Police,North Yorkshire Police,-1.064117,53.987986,On or near Hawthorn Spinney,E01013411,York 005D,Violence and sexual offences,Under investigation,
fc8cacf0582b691b41d0cf3f4acded5c17e2b1379b507a767ec4224f8039b007,2026-02,North Yorkshire Police,North Yorkshire Police,-1.094696,53.976716,On or near Lilbourne Drive,E01013428,York 006A,Public order,Unable to prosecute suspect,
71983d3b380dbfeffedd634332644a92c262aec2c5f1589333acfa4158d68811,2026-02,North Yorkshire Police,North Yorkshire Police,-1.094386,53.977675,On or near Brailsford Crescent,E01013428,York 006A,Violence and sexual offences,Under investigation,
,2026-02,North Yorkshire Police,North Yorkshire Police,-1.110040,53.990780,On or near Shopping Area,E01013429,York 006B,Anti-social behaviour,,
,2026-02,North Yorkshire Police,North Yorkshire Police,-1.110040,53.990780,On or near Shopping Area,E01013429,York 006B,Anti-social behaviour,,
,2026-02,North Yorkshire Police,North Yorkshire Police,-1.111055,53.985394,On or near Bilsdale Close,E01013429,York 006B,Anti-social behaviour,,
,2026-02,North Yorkshire Police,North Yorkshire Police,-1.104071,53.991923,On or near ,E01013429,York 006B,Anti-social behaviour,,
,2026-02,North Yorkshire Police,North Yorkshire Police,-1.109275,53.990172,On or near Hurricane Way,E01013429,York 006B,Anti-social behaviour,,
,2026-02,North Yorkshire Police,North Yorkshire Police,-1.109275,53.990172,On or near Hurricane Way,E01013429,York 006B,Anti-social behaviour,,
8b7fca06512e67b8da9e7b37d077e934074b17065e52e520ff3376c801477d2e,2026-02,North Yorkshire Police,North Yorkshire Police,-1.113215,53.989976,On or near Osbourne Drive,E01013429,York 006B,Criminal damage and arson,Under investigation,
0323001e4c82cd2ebef8a38faf55bd4586a5db90ca09d2cb81c003d5120c92ff,2026-02,North Yorkshire Police,North Yorkshire Police,-1.104071,53.991923,On or near ,E01013429,York 006B,Criminal damage and arson,Under investigation,
70f4b16245f109b95cda13bf562bb88a8de7aae3e892e7ae762a46db4a52bc58,2026-02,North Yorkshire Police,North Yorkshire Police,-1.104071,53.991923,On or near ,E01013429,York 006B,Shoplifting,Investigation complete; no suspect identified,
f6b274beb11511def4e079cd80ca769edc902e6ae9e3fea8f018c78962fc833f,2026-02,North Yorkshire Police,North Yorkshire Police,-1.107658,53.986646,On or near Morehall Close,E01013429,York 006B,Violence and sexual offences,Under investigation,
f6b274beb11511def4e079cd80ca769edc902e6ae9e3fea8f018c78962fc833f,2026-02,North Yorkshire Police,North Yorkshire Police,-1.107658,53.986646,On or near Morehall Close,E01013429,York 006B,Violence and sexual offences,Under investigation,
29c4f11dd53e263f8ae853cc4e7a701d1fcae5e86c73a4135a945a2128dfc47f,2026-02,North Yorkshire Police,North Yorkshire Police,-1.113215,53.989976,On or near Osbourne Drive,E01013429,York 006B,Violence and sexual offences,Under investigation,
48badd7ebcb13dee57189b74495a92bce625a151dcdb145ec27f933ffed542bf,2026-02,North Yorkshire Police,North Yorkshire Police,-1.107658,53.986646,On or near Morehall Close,E01013429,York 006B,Other crime,Under investigation,
,2026-02,North Yorkshire Police,North Yorkshire Police,-1.110537,53.991174,On or near Shopping Area,E01013430,York 006C,Anti-social behaviour,,
,2026-02,North Yorkshire Police,North Yorkshire Police,-1.110537,53.991174,On or near Shopping Area,E01013430,York 006C,Anti-social behaviour,,
349068c34fed7bccf5e28c4db75ea7dcd78e7455d0cdc459af56448e6adc27e5,2026-02,North Yorkshire Police,North Yorkshire Police,-1.109223,53.991906,On or near A1237,E01013430,York 006C,Violence and sexual offences,Investigation complete; no suspect identified,
,2026-02,North Yorkshire Police,North Yorkshire Police,-1.093561,53.981228,On or near Tatton Close,E01013431,York 006D,Anti-social behaviour,,
,2026-02,North Yorkshire Police,North Yorkshire Police,-1.098309,53.993459,On or near ,E01013431,York 006D,Anti-social behaviour,,
,2026-02,North Yorkshire Police,North Yorkshire Police,-1.103220,53.988060,On or near Aviator Court,E01013431,York 006D,Anti-social behaviour,,
,2026-02,North Yorkshire Police,North Yorkshire Police,-1.099326,53.984013,On or near Wellesley Close,E01013431,York 006D,Anti-social behaviour,,
,2026-02,North Yorkshire Police,North Yorkshire Police,-1.099876,53.986821,On or near James Nicolson Link,E01013431,York 006D,Anti-social behaviour,,
,2026-02,North Yorkshire Police,North Yorkshire Police,-1.103220,53.988060,On or near Aviator Court,E01013431,York 006D,Anti-social behaviour,,
,2026-02,North Yorkshire Police,North Yorkshire Police,-1.093741,53.983477,On or near Hazelnut Grove,E01013431,York 006D,Anti-social behaviour,,
,2026-02,North Yorkshire Police,North Yorkshire Police,-1.098309,53.993459,On or near ,E01013431,York 006D,Anti-social behaviour,,
,2026-02,North Yorkshire Police,North Yorkshire Police,-1.101258,53.989914,On or near Concorde Park,E01013431,York 006D,Anti-social behaviour,,
,2026-02,North Yorkshire Police,North Yorkshire Police,-1.092840,53.988449,On or near Auster Road,E01013431,York 006D,Anti-social behaviour,,
,2026-02,North Yorkshire Police,North Yorkshire Police,-1.092840,53.988449,On or near Auster Road,E01013431,York 006D,Anti-social behaviour,,
b173174c393f127ff4c8de27fe28cb2e6fdfbdfbd3829a2c723cc6bdf05af424,2026-02,North Yorkshire Police,North Yorkshire Police,-1.096360,53.991569,On or near ,E01013431,York 006D,Bicycle theft,Unable to prosecute suspect,
14452127bc1c991b3a4eae540406e2ce9836031a2ef48eff94fb5c30ea853e1d,2026-02,North Yorkshire Police,North Yorkshire Police,-1.093986,53.986247,On or near Tribune Way,E01013431,York 006D,Burglary,Investigation complete; no suspect identified,
2025dfd91b857a3e420e5325af9f887864a98d6977416445375d2e02b3535bc9,2026-02,North Yorkshire Police,North Yorkshire Police,-1.093986,53.986247,On or near Tribune Way,E01013431,York 006D,Criminal damage and arson,Under investigation,
3c3861820d9760907c8ac178d9b105da2294729c652aa214f45084a84676ed64,2026-02,North Yorkshire Police,North Yorkshire Police,-1.099876,53.986821,On or near James Nicolson Link,E01013431,York 006D,Criminal damage and arson,Investigation complete; no suspect identified,
77a4d6ae3aee205a2716de25db6660c0c56b9908d86faa8856bc75f7a6745417,2026-02,North Yorkshire Police,North Yorkshire Police,-1.093741,53.983477,On or near Hazelnut Grove,E01013431,York 006D,Criminal damage and arson,Under investigation,
e144155f7c4cf9d202e9b60e5076e5f820999653b67d440ebc10826cff4278bd,2026-02,North Yorkshire Police,North Yorkshire Police,-1.098309,53.993459,On or near ,E01013431,York 006D,Criminal damage and arson,Under investigation,
03137ab3c0303e6930fa381d3cab618ff9cf60dea5042caff4b2e856c6148007,2026-02,North Yorkshire Police,North Yorkshire Police,-1.099901,53.983541,On or near Bransholme Drive,E01013431,York 006D,Criminal damage and arson,Unable to prosecute suspect,
80f923cc9141218ec222ca4114d87951e2b5eac17e40b09db669c9cb64a8d5c1,2026-02,North Yorkshire Police,North Yorkshire Police,-1.099876,53.986821,On or near James Nicolson Link,E01013431,York 006D,Drugs,Under investigation,
f670f0286f804002d2c35200ca67eaa6fea6164d97798cfa95a90142c4570c58,2026-02,North Yorkshire Police,North Yorkshire Police,-1.101258,53.989914,On or near Concorde Park,E01013431,York 006D,Other theft,Investigation complete; no suspect identified,
e277f9f15e67f5deb06d66657f0fc923eb0b3b085c15d09f44396327a102ed45,2026-02,North Yorkshire Police,North Yorkshire Police,-1.099326,53.984013,On or near Wellesley Close,E01013431,York 006D,Other theft,Under investigation,
f098b1b41063c4343c9b2ad9d1746dc2543666c9c6058c1e7a965e6c5f168efc,2026-02,North Yorkshire Police,North Yorkshire Police,-1.103220,53.988060,On or near Aviator Court,E01013431,York 006D,Public order,Under investigation,
9bc51af4b02f9a79be6c9723b87f2669963704d976fe4e4d4e990f333fc26d3d,2026-02,North Yorkshire Police,North Yorkshire Police,-1.098741,53.983595,On or near Whitley Close,E01013431,York 006D,Public order,Under investigation,
4534317f6a9a74980edf4f9cc20bddf0a72f2df4a3e58661f456664848d8e06c,2026-02,North Yorkshire Police,North Yorkshire Police,-1.095509,53.983763,On or near Supermarket,E01013431,York 006D,Shoplifting,Investigation complete; no suspect identified,
2d428650c7fb696c2d5810e0cf5a5e2acc31228f6fb6364bf998753435cc11ea,2026-02,North Yorkshire Police,North Yorkshire Police,-1.098309,53.993459,On or near ,E01013431,York 006D,Shoplifting,Under investigation,
ba28c49e1af4c0585177ad1de34856919b288959d0ed8fe83386209bcf7b44ce,2026-02,North Yorkshire Police,North Yorkshire Police,-1.100350,53.984659,On or near Ilton Garth,E01013431,York 006D,Shoplifting,Investigation complete; no suspect identified,
fafde9726162da8b579d2abd413d61bcd6f0eb352600bf2c8bbdfd63e61d114d,2026-02,North Yorkshire Police,North Yorkshire Police,-1.095509,53.983763,On or near Supermarket,E01013431,York 006D,Shoplifting,Investigation complete; no suspect identified,
12c8577d892e224522df205129b373979a8991ee171b118d144914b2e2f9facd,2026-02,North Yorkshire Police,North Yorkshire Police,-1.098309,53.993459,On or near ,E01013431,York 006D,Shoplifting,Under investigation,
629df6dab5cef44bc3c0e95419ee72cf368ad3692abcac61509ebc7229906918,2026-02,North Yorkshire Police,North Yorkshire Police,-1.095509,53.983763,On or near Supermarket,E01013431,York 006D,Shoplifting,Investigation complete; no suspect identified,
b771f107b81194893d53321ede2932927bba0a36989acf58ee464b41d2cfad39,2026-02,North Yorkshire Police,North Yorkshire Police,-1.095509,53.983763,On or near Supermarket,E01013431,York 006D,Shoplifting,Investigation complete; no suspect identified,
13a38228f10cd2724e1b1b958da288187bfd8dd376524b0b9bd90655b40f5185,2026-02,North Yorkshire Police,North Yorkshire Police,-1.095509,53.983763,On or near Supermarket,E01013431,York 006D,Shoplifting,Under investigation,
ba2adf3a9731fb1a67aaa09e71358c1b717ff284d327fe8bf851f640789b3afb,2026-02,North Yorkshire Police,North Yorkshire Police,-1.095509,53.983763,On or near Supermarket,E01013431,York 006D,Shoplifting,Investigation complete; no suspect identified,
230b5137e010295e942dd48a7f5284fc9f939e3f506cde8476d881ba5d66d9a9,2026-02,North Yorkshire Police,North Yorkshire Police,-1.095509,53.983763,On or near Supermarket,E01013431,York 006D,Shoplifting,Investigation complete; no suspect identified,
780d93cc4132a8eeb30c3e09653c26b3f69a88a37dac043b48ea93c599a37903,2026-02,North Yorkshire Police,North Yorkshire Police,-1.098309,53.993459,On or near ,E01013431,York 006D,Shoplifting,Investigation complete; no suspect identified,
e184cae99367a9905bff0947ea93d064a5015cb2e6c732a7e9cbb980e9f1c204,2026-02,North Yorkshire Police,North Yorkshire Police,-1.098309,53.993459,On or near ,E01013431,York 006D,Shoplifting,Investigation complete; no suspect identified,
0e5a0be6c3224e1804ca10b277b0d365ce42b2f4a08d5b592df50883d98b084c,2026-02,North Yorkshire Police,North Yorkshire Police,-1.092840,53.988449,On or near Auster Road,E01013431,York 006D,Vehicle crime,Under investigation,
3105eca3510570bfe11dcebf1eda1c778052054eed8debe2df72972e7cc25bf0,2026-02,North Yorkshire Police,North Yorkshire Police,-1.096757,53.982241,On or near Granary Walk,E01013431,York 006D,Vehicle crime,Investigation complete; no suspect identified,
5979fcff1dd3e136a618767f21a313908b1e8cc3c7350170cb810ee932633356,2026-02,North Yorkshire Police,North Yorkshire Police,-1.092840,53.988449,On or near Auster Road,E01013431,York 006D,Vehicle crime,Investigation complete; no suspect identified,
1263876235bc573de1d8c20bed13449f725d3758916641bb186746b43de5117f,2026-02,North Yorkshire Police,North Yorkshire Police,-1.096360,53.991569,On or near ,E01013431,York 006D,Vehicle crime,Under investigation,
db4bf0ba620a4832876ef056f93d2a7bb0aa24142e949b7a0ca9cc67b132c7cb,2026-02,North Yorkshire Police,North Yorkshire Police,-1.100350,53.984659,On or near Ilton Garth,E01013431,York 006D,Violence and sexual offences,Action to be taken by another organisation,
d53f3117de9bb4fa03e121a79f85d395f8a51cf7255fe7dceb94bb92b5670d1f,2026-02,North Yorkshire Police,North Yorkshire Police,-1.095509,53.983763,On or near Supermarket,E01013431,York 006D,Violence and sexual offences,Under investigation,
1c2be46e6837bd13ca91b44ba456bc429e4e782bc1b0fb2e2b61c64b1d72404f,2026-02,North Yorkshire Police,North Yorkshire Police,-1.098309,53.993459,On or near ,E01013431,York 006D,Violence and sexual offences,Investigation complete; no suspect identified,
398414f7edeb3255f8dc8afd3dee6cdeacd3d7a969d1f6d22b19b0ba57b6898a,2026-02,North Yorkshire Police,North Yorkshire Police,-1.100350,53.984659,On or near Ilton Garth,E01013431,York 006D,Violence and sexual offences,Unable to prosecute suspect,
55e60845b54131b68a02d7e2c2c8dbffdaee23b89661838dbb2afc1636098140,2026-02,North Yorkshire Police,North Yorkshire Police,-1.101258,53.989914,On or near Concorde Park,E01013431,York 006D,Violence and sexual offences,Unable to prosecute suspect,
12e4ab7bdd4d59aeac69535ca0b5e8310d2fff79530440439f4fd1b18131071f,2026-02,North Yorkshire Police,North Yorkshire Police,-1.096021,53.981723,On or near Barley Way,E01013431,York 006D,Violence and sexual offences,Unable to prosecute suspect,
,2026-02,North Yorkshire Police,North Yorkshire Police,-1.101163,53.976629,On or near Linden Grove,E01013435,York 006E,Anti-social behaviour,,
,2026-02,North Yorkshire Police,North Yorkshire Police,-1.107043,53.977581,On or near Brougham Close,E01013435,York 006E,Anti-social behaviour,,
,2026-02,North Yorkshire Police,North Yorkshire Police,-1.101163,53.976629,On or near Linden Grove,E01013435,York 006E,Anti-social behaviour,,
,2026-02,North Yorkshire Police,North Yorkshire Police,-1.104123,53.979366,On or near Milton Carr,E01013435,York 006E,Anti-social behaviour,,
,2026-02,North Yorkshire Police,North Yorkshire Police,-1.101163,53.976629,On or near Linden Grove,E01013435,York 006E,Anti-social behaviour,,
9208692f82db9e378f7d36da85e9e08b8f64db5315149effd06ab2f11ade00d1,2026-02,North Yorkshire Police,North Yorkshire Police,-1.104123,53.979366,On or near Milton Carr,E01013435,York 006E,Drugs,Under investigation,
2c9e5e905ca7e1c73f09230f9dc9e969e25245749ad1479ca799118d6be035fa,2026-02,North Yorkshire Police,North Yorkshire Police,-1.101163,53.976629,On or near Linden Grove,E01013435,York 006E,Public order,Under investigation,
,2026-02,North Yorkshire Police,North Yorkshire Police,-1.088636,53.968671,On or near Grosvenor Road,E01013344,York 007A,Anti-social behaviour,,
165b254c49303b2d3d4fb0e9836bbdd883deb53b21d379dfb22e9f9a31b79bdb,2026-02,North Yorkshire Police,North Yorkshire Police,-1.094477,53.968544,On or near Avenue Terrace,E01013344,York 007A,Criminal damage and arson,Investigation complete; no suspect identified,
dba78bf2490e6154d4ef208c0daf598fee13f7edd5da3999738603cf98eace85,2026-02,North Yorkshire Police,North Yorkshire Police,-1.088636,53.968671,On or near Grosvenor Road,E01013344,York 007A,Other theft,Under investigation,
8aab505cdf0a97de638c617a0fd825744263cdf264d5d328773a9b46ef208dac,2026-02,North Yorkshire Police,North Yorkshire Police,-1.091458,53.965061,On or near Queen Anne'S Road,E01013344,York 007A,Public order,Under investigation,
9feb6a5e442b253ddbb3ac232a73ae4f01bda6a2ab0f499e1a7fbfd6fbd3d56f,2026-02,North Yorkshire Police,North Yorkshire Police,-1.091458,53.965061,On or near Queen Anne'S Road,E01013344,York 007A,Violence and sexual offences,Under investigation,
e9ce2a17cac016ea7b96bf0a6364d66cc6e589798bec8e3db681c028aac6e410,2026-02,North Yorkshire Police,North Yorkshire Police,-1.093782,53.961942,On or near Almery Terrace,E01013344,York 007A,Violence and sexual offences,Under investigation,
fab6feb233f64a3f321d8981708eeb91e2e9d60d03ef82041a3da79a1b3c594a,2026-02,North Yorkshire Police,North Yorkshire Police,-1.088557,53.967376,On or near Bootham Crescent,E01013344,York 007A,Violence and sexual offences,Under investigation,
564e32704f8b2927fa3c3a6af3a74d08db085be74259c580d9c8e7ca7e4c7dbf,2026-02,North Yorkshire Police,North Yorkshire Police,-1.091458,53.965061,On or near Queen Anne'S Road,E01013344,York 007A,Violence and sexual offences,Under investigation,
121c69bee7f8778c457a7f7ca0759bb767dcb7679a28a964cb7192d0b219955d,2026-02,North Yorkshire Police,North Yorkshire Police,-1.093782,53.961942,On or near Almery Terrace,E01013344,York 007A,Violence and sexual offences,Under investigation,
,2026-02,North Yorkshire Police,North Yorkshire Police,-1.095757,53.971403,On or near Church Gardens,E01013346,York 007B,Anti-social behaviour,,
308770a8d42043085f221913a0047044c2ee04b5a72ec761e17f757a48193da7,2026-02,North Yorkshire Police,North Yorkshire Police,-1.095757,53.971403,On or near Church Gardens,E01013346,York 007B,Criminal damage and arson,Investigation complete; no suspect identified,
a0a2e90b65101ead98cf24ec186d618a988db8976f3ac5cfe21f6449b0763737,2026-02,North Yorkshire Police,North Yorkshire Police,-1.096027,53.967342,On or near The Avenue,E01013346,York 007B,Criminal damage and arson,Investigation complete; no suspect identified,
c5deefe24c532865b9ab56544ca44e004ed6e85b0b346e536ba6f4520c2c20d0,2026-02,North Yorkshire Police,North Yorkshire Police,-1.095832,53.968608,On or near Westerdale Court,E01013346,York 007B,Vehicle crime,Investigation complete; no suspect identified,
7d0a764730bd154615819621f65681aed58f183f9ca759e21c71723dbc6da19d,2026-02,North Yorkshire Police,North Yorkshire Police,-1.095757,53.971403,On or near Church Gardens,E01013346,York 007B,Violence and sexual offences,Under investigation,
1b60b9f5e56e9392399b2fbb8484abfaa8ac4828f1f3563e2c2bde5e5f7c37aa,2026-02,North Yorkshire Police,North Yorkshire Police,-1.095757,53.971403,On or near Church Gardens,E01013346,York 007B,Violence and sexual offences,Under investigation,
3a36541deee0fa9206d81d7c9979fd0465a7f737a561f73aad0c86daa5ab0a36,2026-02,North Yorkshire Police,North Yorkshire Police,-1.115939,53.988810,On or near Somerset Close,E01013432,York 007C,Violence and sexual offences,Under investigation,
9687d48eedee5350ab71939dc232869138a4d585725d1585a1273de82a0d6f13,2026-02,North Yorkshire Police,North Yorkshire Police,-1.117961,53.986200,On or near Florence Grove,E01013432,York 007C,Violence and sexual offences,Under investigation,
ffe033c400c3affc379d2ebad0f602b35e0f97330a67811369c969f7c3a08f60,2026-02,North Yorkshire Police,North Yorkshire Police,-1.117961,53.986200,On or near Florence Grove,E01013432,York 007C,Violence and sexual offences,Under investigation,
212c908dffb6cb81b88d065f124ac76071a71726b3157501f11674a7d8f2889b,2026-02,North Yorkshire Police,North Yorkshire Police,-1.114441,53.987523,On or near Armstrong Way,E01013432,York 007C,Violence and sexual offences,Unable to prosecute suspect,
8a605471b1893104006be0d5fc3615fed48d1b55ce57e987af29aec18bdefa3d,2026-02,North Yorkshire Police,North Yorkshire Police,-1.115887,53.986913,On or near Elma Grove,E01013432,York 007C,Violence and sexual offences,Under investigation,
9e937ec4d3f49046c9879271f962882488e6c5deb388b954ee063ff2e6c26c74,2026-02,North Yorkshire Police,North Yorkshire Police,-1.114397,53.986021,On or near Manor Way,E01013433,York 007D,Violence and sexual offences,Unable to prosecute suspect,
05b58066b7e655010cd696cb9b64192c156ae28c3319d6b139beae4e2ac9cdfe,2026-02,North Yorkshire Police,North Yorkshire Police,-1.114397,53.986021,On or near Manor Way,E01013433,York 007D,Violence and sexual offences,Unable to prosecute suspect,
940f54bb9ccb1c3c7f0d563ba1afd022fbc5e038a79b17abec72fcaea6a469b1,2026-02,North Yorkshire Police,North Yorkshire Police,-1.114745,53.983247,On or near Furness Drive,E01013433,York 007D,Violence and sexual offences,Under investigation,
,2026-02,North Yorkshire Police,North Yorkshire Police,-1.110886,53.978293,On or near Shipton Road,E01013434,York 007E,Anti-social behaviour,,
,2026-02,North Yorkshire Police,North Yorkshire Police,-1.107107,53.976728,On or near Shotel Close,E01013434,York 007E,Anti-social behaviour,,
fd91809d6bd8e1bca26dbe4bdff2ec841b8a52c7121de72662097e5d6c85f6ed,2026-02,North Yorkshire Police,North Yorkshire Police,-1.106698,53.978738,On or near Byron Drive,E01013434,York 007E,Shoplifting,Investigation complete; no suspect identified,
4f5f5a9922f4c5bb3ffab143f4de804495d68391cdcb94ac90bfb3f02cb3b8c0,2026-02,North Yorkshire Police,North Yorkshire Police,-1.115382,53.976915,On or near Eades Close,E01013434,York 007E,Violence and sexual offences,Unable to prosecute suspect,
c4323cc281b1381de33aa937791651e93842b7797ea7723680ee12c1932cb024,2026-02,North Yorkshire Police,North Yorkshire Police,-1.115382,53.976915,On or near Eades Close,E01013434,York 007E,Violence and sexual offences,Unable to prosecute suspect,
47b7a12475dc85bc648cd61a1ec75408bf69fa83489b1524265beb8b00b9c4b0,2026-02,North Yorkshire Police,North Yorkshire Police,-1.115382,53.976915,On or near Eades Close,E01013434,York 007E,Violence and sexual offences,Under investigation,
a02f47a07f8b00e0c9ec6deaa645e9dae7c683b29e3541129ffa082f43f470fd,2026-02,North Yorkshire Police,North Yorkshire Police,-1.107622,53.976911,On or near Surrey Way,E01013434,York 007E,Violence and sexual offences,Under investigation,
,2026-02,North Yorkshire Police,North Yorkshire Police,-1.065812,53.966060,On or near Cinder Lane,E01013380,York 008B,Anti-social behaviour,,
,2026-02,North Yorkshire Police,North Yorkshire Police,-1.056116,53.962757,On or near Melrose Close,E01013380,York 008B,Anti-social behaviour,,
0d05c10428cb569e5d4a15c8725d39c3096b79bbc8fcd9c23dddf0225c78ad9b,2026-02,North Yorkshire Police,North Yorkshire Police,-1.060665,53.963817,On or near Third Avenue,E01013380,York 008B,Bicycle theft,Under investigation,
948f7981d39db7426ce78595ebe2f2dd7768b77233c6eceeb8768cb17fe05494,2026-02,North Yorkshire Police,North Yorkshire Police,-1.064297,53.966353,On or near Eastern Terrace,E01013380,York 008B,Burglary,Under investigation,
430b0d6df88d439e973d5118ae28a1604cc5c2bbe6ff5947bba3ef38ef15b3a6,2026-02,North Yorkshire Police,North Yorkshire Police,-1.057470,53.964880,On or near Cornborough Avenue,E01013380,York 008B,Other theft,Under investigation,
d70214209356e276dc0d5644db798b181b90fecd51255cc97935dde50203a747,2026-02,North Yorkshire Police,North Yorkshire Police,-1.065812,53.966060,On or near Cinder Lane,E01013380,York 008B,Other theft,Awaiting court outcome,
5ece8410e8cda5795b12e8f8b6c2b47046d17917f3b9f59c89ab1e335082ce83,2026-02,North Yorkshire Police,North Yorkshire Police,-1.063993,53.965632,On or near Supermarket,E01013380,York 008B,Shoplifting,Under investigation,
f60161916799ebd6fbc717fb4ce66fb638c6aef3e5a1ea55d0e8f22e9ccf170e,2026-02,North Yorkshire Police,North Yorkshire Police,-1.063993,53.965632,On or near Supermarket,E01013380,York 008B,Shoplifting,Investigation complete; no suspect identified,
0a81fd018642a544d1c13e109518c3896dc4a2c68fc3e28f294bcfefa7f7e104,2026-02,North Yorkshire Police,North Yorkshire Police,-1.063993,53.965632,On or near Supermarket,E01013380,York 008B,Violence and sexual offences,Under investigation,
dc682a87db6b3cef61d637955e4f7bdca57aae70567c5a30f23bc73d4d7add4c,2026-02,North Yorkshire Police,North Yorkshire Police,-1.057470,53.964880,On or near Cornborough Avenue,E01013380,York 008B,Other crime,Under investigation,
e6ba112ac6cb784244dcebda8aacee5f47d46434e0a2a98beb90841b4c0026b9,2026-02,North Yorkshire Police,North Yorkshire Police,-1.060811,53.977651,On or near Healey Grove,E01013385,York 008C,Criminal damage and arson,Under investigation,
23723abb2077124d2a0bc844592fabe69987083b967cdf6a3d870d12c84f50b6,2026-02,North Yorkshire Police,North Yorkshire Police,-1.064153,53.976841,On or near Monkton Road,E01013385,York 008C,Shoplifting,Investigation complete; no suspect identified,
62bf609f7f482ef32077683f4cc514fbd676609a7dd3e11f1a0357393048f69a,2026-02,North Yorkshire Police,North Yorkshire Police,-1.062168,53.978327,On or near Boundary Close,E01013385,York 008C,Violence and sexual offences,Under investigation,
41dcccffc4acf52a6d25e71d33152c0a0e3dc6e9a40ddd4d6fdbac81b3eac0a7,2026-02,North Yorkshire Police,North Yorkshire Police,-1.062263,53.976827,On or near Foston Grove,E01013385,York 008C,Violence and sexual offences,Unable to prosecute suspect,
6688a217120c0c4a6ccb496e47fbca3ca019a8790617a02e6d95d5c1556a2a13,2026-02,North Yorkshire Police,North Yorkshire Police,-1.058166,53.975941,On or near Laburnum Garth,E01013385,York 008C,Violence and sexual offences,Under investigation,
0e729e883db25db70d4ca7edd83c30b5f86454f2910c90030ed4516759805dc9,2026-02,North Yorkshire Police,North Yorkshire Police,-1.052283,53.975175,On or near Elmpark Way,E01013387,York 008D,Violence and sexual offences,Awaiting court outcome,
f5ab6ffe50c49c179bb7cc4756dc81030af54eae0437b1943e1245556739f416,2026-02,North Yorkshire Police,North Yorkshire Police,-1.052283,53.975175,On or near Elmpark Way,E01013387,York 008D,Violence and sexual offences,Awaiting court outcome,
,2026-02,North Yorkshire Police,North Yorkshire Police,-1.043160,53.972739,On or near Galtres Avenue,E01013388,York 008E,Anti-social behaviour,,
,2026-02,North Yorkshire Police,North Yorkshire Police,-1.046288,53.969286,On or near Applecroft Road,E01013389,York 008F,Anti-social behaviour,,
,2026-02,North Yorkshire Police,North Yorkshire Police,-1.044180,53.966797,On or near Stray Road,E01013389,York 008F,Anti-social behaviour,,
9db702113425d40bb62850c9a6a7809bbd0e7388fbe4b276f323bc029be0398c,2026-02,North Yorkshire Police,North Yorkshire Police,-1.021014,53.982888,On or near A64,E01013437,York 008G,Public order,Investigation complete; no suspect identified,
e3f8395bde69ae4766cd25aa911844d67368e4a8958f12113dd07f24bb0c1181,2026-02,North Yorkshire Police,North Yorkshire Police,-1.003416,53.995140,On or near Hospital,E01013437,York 008G,Violence and sexual offences,Under investigation,
1fbae2418beb041ceca81bbf1e5f8554b8e7ba0bd960885bf675a68b6e31d9db,2026-02,North Yorkshire Police,North Yorkshire Police,-1.012845,53.989769,On or near Stockton Lane,E01013437,York 008G,Violence and sexual offences,Under investigation,
1f63fc78a5ad9ae26e8b119e6c9a191849744b0f50a2b90f08d608c03f2580fe,2026-02,North Yorkshire Police,North Yorkshire Police,-1.003416,53.995140,On or near Hospital,E01013437,York 008G,Violence and sexual offences,Unable to prosecute suspect,
41ea091f9d49c18f9d0b82508264ea6b2a2a0a5944f5272dd624714d821f4748,2026-02,North Yorkshire Police,North Yorkshire Police,-1.003416,53.995140,On or near Hospital,E01013437,York 008G,Violence and sexual offences,Under investigation,
,2026-02,North Yorkshire Police,North Yorkshire Police,-1.084285,53.968952,On or near Hospital,E01013343,York 009A,Anti-social behaviour,,
62afc799abf4cd8c5dc7ce8b6298caaa9d8a1cf662ab885dc537b675fa9fff3c,2026-02,North Yorkshire Police,North Yorkshire Police,-1.081498,53.972301,On or near Newby Terrace,E01013343,York 009A,Criminal damage and arson,Unable to prosecute suspect,
220c5e94d9b6fd5da6d2c32f76d1ee36b198480ecb0a1952a5a3ad42e1a1de7f,2026-02,North Yorkshire Police,North Yorkshire Police,-1.084953,53.971150,On or near Filey Terrace,E01013343,York 009A,Criminal damage and arson,Under investigation,
0e3f3f44364b9143df6a41753164369ce2934f6d3c892cdd27896260b006a395,2026-02,North Yorkshire Police,North Yorkshire Police,-1.080514,53.970595,On or near Briggs Street,E01013343,York 009A,Criminal damage and arson,Investigation complete; no suspect identified,
d9093a506a0df396d8d2f0402dbf0cc3770edd122bf0ba63cac98adbbd18fcff,2026-02,North Yorkshire Police,North Yorkshire Police,-1.084285,53.968952,On or near Hospital,E01013343,York 009A,Other theft,Under investigation,
d568c10865cc94021e05ec25b56fba1e3be3858bd772752a18462e215700e288,2026-02,North Yorkshire Police,North Yorkshire Police,-1.084285,53.968952,On or near Hospital,E01013343,York 009A,Possession of weapons,Under investigation,
e0421ec4cfdec2cbfad468c3965421fcebedc6e3879167f039b2c81d5144c428,2026-02,North Yorkshire Police,North Yorkshire Police,-1.083514,53.969333,On or near Hospital,E01013343,York 009A,Public order,Under investigation,
c7453598bbb8a7f3868092e6ae10f0ca0fb02fa158cb99080a1318ccc2ac20a9,2026-02,North Yorkshire Police,North Yorkshire Police,-1.084285,53.968952,On or near Hospital,E01013343,York 009A,Violence and sexual offences,Under investigation,
ab316e4e5fa30c7c92912434c386703c7f4f0d8ed1a5b32d7ef8e7b132ed5c12,2026-02,North Yorkshire Police,North Yorkshire Police,-1.084285,53.968952,On or near Hospital,E01013343,York 009A,Violence and sexual offences,Under investigation,
83b48bab1c74e987df13c6a67c43b59cc6d3373bd693069ef51d776522034769,2026-02,North Yorkshire Police,North Yorkshire Police,-1.084285,53.968952,On or near Hospital,E01013343,York 009A,Violence and sexual offences,Under investigation,
6f04d73a71f0e2e8c4baf84a104790aac2340c2e8dd3d3fbab9547e37bb61c32,2026-02,North Yorkshire Police,North Yorkshire Police,-1.083514,53.969333,On or near Hospital,E01013343,York 009A,Violence and sexual offences,Under investigation,
dd6bc6e6327ff95ebd72c850860f7ee4d90ac3cc1884099d8ca17f0b628801a7,2026-02,North Yorkshire Police,North Yorkshire Police,-1.084285,53.968952,On or near Hospital,E01013343,York 009A,Violence and sexual offences,Under investigation,
bd194fde955829dd29e13dacc341a6cb852954ec54c80cc669737dbc02c66995,2026-02,North Yorkshire Police,North Yorkshire Police,-1.084285,53.968952,On or near Hospital,E01013343,York 009A,Other crime,Under investigation,
,2026-02,North Yorkshire Police,North Yorkshire Police,-1.088329,53.972255,On or near Surtees Street,E01013345,York 009B,Anti-social behaviour,,
,2026-02,North Yorkshire Police,North Yorkshire Police,-1.090423,53.972001,On or near Wharton Avenue,E01013345,York 009B,Anti-social behaviour,,
368a8865156dc1b236d0d72809ec81e47a9e9cccdd7001b71ee022fbcdafe4c0,2026-02,North Yorkshire Police,North Yorkshire Police,-1.086976,53.972766,On or near Burton Stone Lane,E01013345,York 009B,Burglary,Investigation complete; no suspect identified,
9bf4b99a749be88e7973ef8b240db4eec8d0349cc10cf0d5db54d6d95936d8d3,2026-02,North Yorkshire Police,North Yorkshire Police,-1.091254,53.970245,On or near Lumley Road,E01013345,York 009B,Criminal damage and arson,Under investigation,
d70ed45ae1c6686f5ee8ad005e4a9423fd6260f7580c1f4c16e5331c85007e19,2026-02,North Yorkshire Police,North Yorkshire Police,-1.088623,53.973443,On or near Horner Street,E01013345,York 009B,Criminal damage and arson,Under investigation,
0b6057b8d88ae2bc65ef8559c781db01fe5c0d8e91c9304160d2d4495de8239d,2026-02,North Yorkshire Police,North Yorkshire Police,-1.088329,53.972255,On or near Surtees Street,E01013345,York 009B,Public order,Under investigation,
3ec4f2adeca1f993c442377de137afe868f91742ead6ee152291b02ced250ba5,2026-02,North Yorkshire Police,North Yorkshire Police,-1.086976,53.972766,On or near Burton Stone Lane,E01013345,York 009B,Shoplifting,Investigation complete; no suspect identified,
ad40c8380887ea92751f63b8b30bb0a5ecf7fbd8f17ec019e809332bd6923d1b,2026-02,North Yorkshire Police,North Yorkshire Police,-1.086976,53.972766,On or near Burton Stone Lane,E01013345,York 009B,Shoplifting,Under investigation,
dfc261d8871202f173253b4982d7e94eac0fdab6451d4182adf5fd58b97660c4,2026-02,North Yorkshire Police,North Yorkshire Police,-1.086976,53.972766,On or near Burton Stone Lane,E01013345,York 009B,Shoplifting,Investigation complete; no suspect identified,
c8f099a0f20c433a2cba132301667f64159aebd5576ed92f216a65b3c9aadc3b,2026-02,North Yorkshire Police,North Yorkshire Police,-1.086976,53.972766,On or near Burton Stone Lane,E01013345,York 009B,Shoplifting,Investigation complete; no suspect identified,
04598406d436b947a3f8f473f41c4662b2e75599b18fca91191b799e42b7e0eb,2026-02,North Yorkshire Police,North Yorkshire Police,-1.086976,53.972766,On or near Burton Stone Lane,E01013345,York 009B,Shoplifting,Investigation complete; no suspect identified,
34205f4a64d01b29b9af1c582c6b522cd3b2c83c490e590edccef4e37330082d,2026-02,North Yorkshire Police,North Yorkshire Police,-1.086976,53.972766,On or near Burton Stone Lane,E01013345,York 009B,Shoplifting,Investigation complete; no suspect identified,
9dd7767556c46e4665d6687248b9eaca98d48099bb4850ccad60313f6924f7f8,2026-02,North Yorkshire Police,North Yorkshire Police,-1.086976,53.972766,On or near Burton Stone Lane,E01013345,York 009B,Shoplifting,Investigation complete; no suspect identified,
71ff33d521e0ed8cdff0e1a3582eb73433fc6a0904d26defa08a6a9a43c5b5eb,2026-02,North Yorkshire Police,North Yorkshire Police,-1.086976,53.972766,On or near Burton Stone Lane,E01013345,York 009B,Shoplifting,Investigation complete; no suspect identified,
44fe62f3129c1b64b7b8c779988a770da33f4f179e6e73358072ee675afeb504,2026-02,North Yorkshire Police,North Yorkshire Police,-1.086976,53.972766,On or near Burton Stone Lane,E01013345,York 009B,Shoplifting,Investigation complete; no suspect identified,
9d03c55e3f68385cca9e5bc47b83607a786716c264b852fa394784bb954876be,2026-02,North Yorkshire Police,North Yorkshire Police,-1.086976,53.972766,On or near Burton Stone Lane,E01013345,York 009B,Shoplifting,Investigation complete; no suspect identified,
cb1dcd8ac7414cf1db3592452a0084ed19a0ab3a6e157756d86030fae6f37f59,2026-02,North Yorkshire Police,North Yorkshire Police,-1.086470,53.974308,On or near Crichton Avenue,E01013345,York 009B,Violence and sexual offences,Under investigation,
,2026-02,North Yorkshire Police,North Yorkshire Police,-1.091464,53.973887,On or near Crombie Avenue,E01013347,York 009C,Anti-social behaviour,,
bae4c91cfb614e36888e9b4d3d35f3afe28a898a32282a8858c671c992b50983,2026-02,North Yorkshire Police,North Yorkshire Police,-1.091464,53.973887,On or near Crombie Avenue,E01013347,York 009C,Other theft,Under investigation,
56b6fa8e0e516b27e0f54227079bbf97be9ca4fed070b90dca49d51770358872,2026-02,North Yorkshire Police,North Yorkshire Police,-1.086671,53.976961,On or near Ingram Avenue,E01013347,York 009C,Violence and sexual offences,Under investigation,
,2026-02,North Yorkshire Police,North Yorkshire Police,-1.094316,53.975967,On or near Burdyke Avenue,E01013349,York 009D,Anti-social behaviour,,
,2026-02,North Yorkshire Police,North Yorkshire Police,-1.093127,53.973855,On or near Kingsway North,E01013349,York 009D,Anti-social behaviour,,
4c063116d900a7a386d13a6941410c7bebf4eaa65ac1978aa07f997eabe09895,2026-02,North Yorkshire Police,North Yorkshire Police,-1.093127,53.973855,On or near Kingsway North,E01013349,York 009D,Criminal damage and arson,Under investigation,
a57b93690b216aa53c09d511e3024d0165a445a8ef865d9785b40fc7ae61aa91,2026-02,North Yorkshire Police,North Yorkshire Police,-1.094316,53.975967,On or near Burdyke Avenue,E01013349,York 009D,Criminal damage and arson,Investigation complete; no suspect identified,
7bc6415c526696caf460b9ac455cb3735d23f7868e08ff8a93843989107fdcf8,2026-02,North Yorkshire Police,North Yorkshire Police,-1.094573,53.974675,On or near Peter Hill Drive,E01013349,York 009D,Violence and sexual offences,Under investigation,
5ad3f6915422587a615aad96945fa02d4fa150bae9f92430245b3d0711428c05,2026-02,North Yorkshire Police,North Yorkshire Police,-1.094005,53.974149,On or near Spalding Avenue,E01013349,York 009D,Violence and sexual offences,Under investigation,
9304f1151cab9357382b5ad98d74dd13b888d25cb82e454082a98b2a79cc065e,2026-02,North Yorkshire Police,North Yorkshire Police,-1.092294,53.977102,On or near Archer Close,E01013349,York 009D,Violence and sexual offences,Under investigation,
71ca9c30fec3dc1e8fec8e03344b871c8a0354a49afca9c8e45fbc68d771bc0d,2026-02,North Yorkshire Police,North Yorkshire Police,-1.093127,53.973855,On or near Kingsway North,E01013349,York 009D,Violence and sexual offences,Under investigation,
c45ad0efbf4e59cbc45ea6d75ba386aabbebe9effa54bd8044236337ac95337d,2026-02,North Yorkshire Police,North Yorkshire Police,-1.094316,53.975967,On or near Burdyke Avenue,E01013349,York 009D,Violence and sexual offences,Under investigation,
,2026-02,North Yorkshire Police,North Yorkshire Police,-1.085007,53.979806,On or near St Josephs Court,E01013350,York 009E,Anti-social behaviour,,
,2026-02,North Yorkshire Police,North Yorkshire Police,-1.085007,53.979806,On or near St Josephs Court,E01013350,York 009E,Anti-social behaviour,,
,2026-02,North Yorkshire Police,North Yorkshire Police,-1.088251,53.976532,On or near Waveney Grove,E01013350,York 009E,Anti-social behaviour,,
,2026-02,North Yorkshire Police,North Yorkshire Police,-1.085007,53.979806,On or near St Josephs Court,E01013350,York 009E,Anti-social behaviour,,
,2026-02,North Yorkshire Police,North Yorkshire Police,-1.088251,53.976532,On or near Waveney Grove,E01013350,York 009E,Anti-social behaviour,,
c37416b1a6df32e10a6d2aa8c7853f7494b20cc642be8f0bcc27da62eb9837d7,2026-02,North Yorkshire Police,North Yorkshire Police,-1.088251,53.976532,On or near Waveney Grove,E01013350,York 009E,Criminal damage and arson,Investigation complete; no suspect identified,
ddf54231367aec2ea4a9231b88a2a9b2427ea3348aa08267857ac0345f5381e6,2026-02,North Yorkshire Police,North Yorkshire Police,-1.088251,53.976532,On or near Waveney Grove,E01013350,York 009E,Drugs,Under investigation,
0c8feb700d3135da6c76c4c409053afca5641070d0cbde38d58bf8ff964ab423,2026-02,North Yorkshire Police,North Yorkshire Police,-1.088251,53.976532,On or near Waveney Grove,E01013350,York 009E,Robbery,Under investigation,
8b41ae8ec9f7a7d64254227ce5815af4946289ca528c0c4bd403e2511009c470,2026-02,North Yorkshire Police,North Yorkshire Police,-1.088251,53.976532,On or near Waveney Grove,E01013350,York 009E,Shoplifting,Investigation complete; no suspect identified,
6b5ed29fe1c9ac779d84395854083f94662057d8bedd5d08b4b83aba8cb33c80,2026-02,North Yorkshire Police,North Yorkshire Police,-1.088251,53.976532,On or near Waveney Grove,E01013350,York 009E,Shoplifting,Under investigation,
b73c9195c3ab9162fd3a3d9930c5d655ad43169d90650d8b3e2ef0af9c926b30,2026-02,North Yorkshire Police,North Yorkshire Police,-1.088251,53.976532,On or near Waveney Grove,E01013350,York 009E,Shoplifting,Under investigation,
78323abd52a38ad6d9a69f7335736310dd5745a4080716b594361e2025f4fef2,2026-02,North Yorkshire Police,North Yorkshire Police,-1.088251,53.976532,On or near Waveney Grove,E01013350,York 009E,Shoplifting,Investigation complete; no suspect identified,
0080db61ae9ff142c48338bbbad8f0788e5bf1680838022febcc91f9c5bb58dc,2026-02,North Yorkshire Police,North Yorkshire Police,-1.088251,53.976532,On or near Waveney Grove,E01013350,York 009E,Shoplifting,Investigation complete; no suspect identified,
722fd21e9ba6d6688076927a525bdbb8af0878129f21e1474f65b1772f775184,2026-02,North Yorkshire Police,North Yorkshire Police,-1.088251,53.976532,On or near Waveney Grove,E01013350,York 009E,Shoplifting,Investigation complete; no suspect identified,
a4add088932c144c75a77a5dde85b70194d5467ef0955158d9a97c5b746ca285,2026-02,North Yorkshire Police,North Yorkshire Police,-1.088251,53.976532,On or near Waveney Grove,E01013350,York 009E,Shoplifting,Under investigation,
2ea93e1a95d352dedf8bb86c23d95a3c8a98773ba2da4c9e4b954c217d9b2085,2026-02,North Yorkshire Police,North Yorkshire Police,-1.085007,53.979806,On or near St Josephs Court,E01013350,York 009E,Violence and sexual offences,Under investigation,
3e6720f332c6e5e27036a4e45d476cd47b20316a2a2f2b9fd697ba67056c364c,2026-02,North Yorkshire Police,North Yorkshire Police,-1.077362,53.973160,On or near Haxby Road,E01013348,York 010A,Criminal damage and arson,Under investigation,
2239d3a5b7eaa05d9d864b3e833afc55efa457cbd49999f22049943bbaaef162,2026-02,North Yorkshire Police,North Yorkshire Police,-1.073029,53.973989,On or near Somerset Road,E01013348,York 010A,Criminal damage and arson,Investigation complete; no suspect identified,
0fb6b65539ca6d6d123e092b868216b3c386ba0916b677e839c43fab97285a0f,2026-02,North Yorkshire Police,North Yorkshire Police,-1.073029,53.973989,On or near Somerset Road,E01013348,York 010A,Public order,Unable to prosecute suspect,
93877fc505ee50c8031c8daf42adfc53de246d8c07fb20ca7dc225242c3b452b,2026-02,North Yorkshire Police,North Yorkshire Police,-1.077168,53.971603,On or near White Cross Road,E01013348,York 010A,Violence and sexual offences,Under investigation,
9a1b2e2b975d20eda49b971c4f91dde2b9eac5931f2a4f6fc7a0ed2dfebb7d9c,2026-02,North Yorkshire Police,North Yorkshire Police,-1.079127,53.973344,On or near Hambleton Terrace,E01013348,York 010A,Violence and sexual offences,Under investigation,
76f6cd085940276e78c0e0ca91c6e76e135a03025024590a33cb8fd5807747cb,2026-02,North Yorkshire Police,North Yorkshire Police,-1.075735,53.970918,On or near Huntington Mews Avenue,E01013348,York 010A,Violence and sexual offences,Under investigation,
6c36c3d3078c8fa8ca7cbd2e00dad54e8678fe52c3d550253006166a1d266350,2026-02,North Yorkshire Police,North Yorkshire Police,-1.077362,53.973160,On or near Haxby Road,E01013348,York 010A,Violence and sexual offences,Under investigation,
1f52a43363ad13b83ef0104b927f3146fd299dd2e552a96dbbb90c60cc003fc5,2026-02,North Yorkshire Police,North Yorkshire Police,-1.075735,53.970918,On or near Huntington Mews Avenue,E01013348,York 010A,Violence and sexual offences,Under investigation,
93877fc505ee50c8031c8daf42adfc53de246d8c07fb20ca7dc225242c3b452b,2026-02,North Yorkshire Police,North Yorkshire Police,-1.077168,53.971603,On or near White Cross Road,E01013348,York 010A,Violence and sexual offences,Under investigation,
df58e17dfc52a60139f5e4b97251d920ee9f6190787eae5b9ed18938ebee6f23,2026-02,North Yorkshire Police,North Yorkshire Police,-1.077362,53.973160,On or near Haxby Road,E01013348,York 010A,Violence and sexual offences,Under investigation,
3796905f668a2bf0f378bdfeaa571255cceba6b3b4391e1a1808aaa4d8692d28,2026-02,North Yorkshire Police,North Yorkshire Police,-1.081759,53.977759,On or near B1363,E01013348,York 010A,Violence and sexual offences,Under investigation,
269232d9cfc03198f86ca9de162e90a4464c8f5d292bc070ee7dc7fdc2e68c79,2026-02,North Yorkshire Police,North Yorkshire Police,-1.079127,53.973344,On or near Hambleton Terrace,E01013348,York 010A,Violence and sexual offences,Under investigation,
0d4fca36cc4bc56aadf497fed9a5ec3977d8b65af8164f7c141a820e01e373af,2026-02,North Yorkshire Police,North Yorkshire Police,-1.079127,53.973344,On or near Hambleton Terrace,E01013348,York 010A,Violence and sexual offences,Under investigation,
53371f9c2fc8deaa374a359da3d11d40caf1f0c98e484d400ad9d907cb703c33,2026-02,North Yorkshire Police,North Yorkshire Police,-1.079127,53.973344,On or near Hambleton Terrace,E01013348,York 010A,Violence and sexual offences,Under investigation,
ff9ab2cc646a0b2603c6a8f623cf8469a932bd54e0c56564ffc202fb42fcf062,2026-02,North Yorkshire Police,North Yorkshire Police,-1.079127,53.973344,On or near Hambleton Terrace,E01013348,York 010A,Violence and sexual offences,Under investigation,
0ad558c22324eab671c2161b925336f4744dc7d65bbdd898ef17dcf945678aa3,2026-02,North Yorkshire Police,North Yorkshire Police,-1.073029,53.973989,On or near Somerset Road,E01013348,York 010A,Violence and sexual offences,Under investigation,
,2026-02,North Yorkshire Police,North Yorkshire Police,-1.079240,53.968213,On or near Markham Crescent,E01013368,York 010B,Anti-social behaviour,,
1e888c7720be45367bb0a94978a14ce6783fc0606f311a875185510938d2e574,2026-02,North Yorkshire Police,North Yorkshire Police,-1.079240,53.968213,On or near Markham Crescent,E01013368,York 010B,Drugs,Under investigation,
63234cd52f011a9ea5b7eeaed2574ce201eeb30e3a725471b1fb43c087adf2f1,2026-02,North Yorkshire Police,North Yorkshire Police,-1.074292,53.968606,On or near Diamond Street,E01013368,York 010B,Other theft,Unable to prosecute suspect,
5e03ee8c84d2a4361855e76406bfb26e6e1561bc400cbdd0e4519220a6d2195c,2026-02,North Yorkshire Police,North Yorkshire Police,-1.076079,53.969132,On or near Eldon Terrace,E01013368,York 010B,Other theft,Unable to prosecute suspect,
14c2a6ecf08f3d82d59bb8d150d3b1368872180ad5a69e9f728422c9805e7fd0,2026-02,North Yorkshire Police,North Yorkshire Police,-1.079228,53.968743,On or near Markham Street,E01013368,York 010B,Public order,Under investigation,
21cdcd00e64f8f080814b38e5fef5926af4c6ee1af76a9dd8f0f1e27258ef4d8,2026-02,North Yorkshire Police,North Yorkshire Police,-1.074671,53.967315,On or near Park Grove,E01013368,York 010B,Violence and sexual offences,Under investigation,
495c51ab41efb9f71af0e1bf49b1da39f22feb384a317a41fd36a093a72c3dd3,2026-02,North Yorkshire Police,North Yorkshire Police,-1.074892,53.968368,On or near Earle Street,E01013368,York 010B,Violence and sexual offences,Under investigation,
389674822de5285f5ebf40e5f55f836ea2cd7ee44abb89226d5e73f6afdbf8aa,2026-02,North Yorkshire Police,North Yorkshire Police,-1.079240,53.968213,On or near Markham Crescent,E01013368,York 010B,Violence and sexual offences,Under investigation,
0e14b7a840002e878fc3636f3d3cb6b2e842e4f3e77d25640ffaeda49df4e653,2026-02,North Yorkshire Police,North Yorkshire Police,-1.079240,53.968213,On or near Markham Crescent,E01013368,York 010B,Violence and sexual offences,Under investigation,
21cdcd00e64f8f080814b38e5fef5926af4c6ee1af76a9dd8f0f1e27258ef4d8,2026-02,North Yorkshire Police,North Yorkshire Police,-1.074671,53.967315,On or near Park Grove,E01013368,York 010B,Violence and sexual offences,Under investigation,
,2026-02,North Yorkshire Police,North Yorkshire Police,-1.069057,53.966849,On or near Hyrst Grove,E01013382,York 010C,Anti-social behaviour,,
,2026-02,North Yorkshire Police,North Yorkshire Police,-1.070385,53.969475,On or near Dodsworth Avenue,E01013382,York 010C,Anti-social behaviour,,
,2026-02,North Yorkshire Police,North Yorkshire Police,-1.072042,53.965587,On or near Dalguise Grove,E01013382,York 010C,Anti-social behaviour,,
0db235f6cc874ed35d1e01cf8cd3640ee6d74136cfd4402093b3702843c2aa3b,2026-02,North Yorkshire Police,North Yorkshire Police,-1.069829,53.970504,On or near Pottery Lane,E01013382,York 010C,Criminal damage and arson,Investigation complete; no suspect identified,
5aebcc257fafd1dea22215072ae3cff8204bc76ff4b0a33e89d84d16651e2856,2026-02,North Yorkshire Police,North Yorkshire Police,-1.070454,53.970500,On or near Saxon Place,E01013382,York 010C,Shoplifting,Investigation complete; no suspect identified,
86810dc652935bcb88ee73889e88488ee9c51e286f3ae89d463217a8f1273bdf,2026-02,North Yorkshire Police,North Yorkshire Police,-1.070454,53.970500,On or near Saxon Place,E01013382,York 010C,Shoplifting,Investigation complete; no suspect identified,
512d1fba4a21730fe6fea5008e1963d8862271746723a99d49a6e2c153622b1c,2026-02,North Yorkshire Police,North Yorkshire Police,-1.070454,53.970500,On or near Saxon Place,E01013382,York 010C,Shoplifting,Under investigation,
b8250e2d3340dba23e383e3a9d72ea6a7089b791c2314bcb85be6a2c3acceefa,2026-02,North Yorkshire Police,North Yorkshire Police,-1.070454,53.970500,On or near Saxon Place,E01013382,York 010C,Shoplifting,Investigation complete; no suspect identified,
a51d02201c19a78753075ea25c9bab7c7161e61dc24bb35111d88606a067fe88,2026-02,North Yorkshire Police,North Yorkshire Police,-1.070454,53.970500,On or near Saxon Place,E01013382,York 010C,Shoplifting,Investigation complete; no suspect identified,
11c8c69bfd92a1a6d5ffd7a8a6b23327429b6e1274b3ca2678602fa7715b6623,2026-02,North Yorkshire Police,North Yorkshire Police,-1.070454,53.970500,On or near Saxon Place,E01013382,York 010C,Violence and sexual offences,Under investigation,
be2795a81f73dbd3d06018a73313bb9d091a11eddb45e70be04cbb9080ec9144,2026-02,North Yorkshire Police,North Yorkshire Police,-1.070385,53.969475,On or near Dodsworth Avenue,E01013382,York 010C,Violence and sexual offences,Under investigation,
c9151b812b629b01b41fa08746bc635d20e92b15681785b52d18a59d299a988f,2026-02,North Yorkshire Police,North Yorkshire Police,-1.071925,53.970844,On or near Arran Place,E01013382,York 010C,Other crime,Under investigation,
5905bb712f1e98c786e8b4d93b30ff9f0d1a7ca45983fdd73ef5cbcfbe88ed31,2026-02,North Yorkshire Police,North Yorkshire Police,-1.069829,53.970504,On or near Pottery Lane,E01013382,York 010C,Other crime,Under investigation,
,2026-02,North Yorkshire Police,North Yorkshire Police,-1.068422,53.963860,On or near Hawthorn Street,E01013383,York 010D,Anti-social behaviour,,
,2026-02,North Yorkshire Police,North Yorkshire Police,-1.060472,53.962207,On or near Seventh Avenue,E01013383,York 010D,Anti-social behaviour,,
,2026-02,North Yorkshire Police,North Yorkshire Police,-1.059887,53.963155,On or near Ninth Avenue,E01013383,York 010D,Anti-social behaviour,,
,2026-02,North Yorkshire Police,North Yorkshire Police,-1.072425,53.962740,On or near Supermarket,E01013383,York 010D,Anti-social behaviour,,
,2026-02,North Yorkshire Police,North Yorkshire Police,-1.071388,53.962786,On or near Layerthorpe,E01013383,York 010D,Anti-social behaviour,,
,2026-02,North Yorkshire Police,North Yorkshire Police,-1.065713,53.963012,On or near Scrope Avenue,E01013383,York 010D,Anti-social behaviour,,
,2026-02,North Yorkshire Police,North Yorkshire Police,-1.072131,53.961588,On or near Mansfield Street,E01013383,York 010D,Anti-social behaviour,,
,2026-02,North Yorkshire Police,North Yorkshire Police,-1.070836,53.960859,On or near Supermarket,E01013383,York 010D,Anti-social behaviour,,
,2026-02,North Yorkshire Police,North Yorkshire Police,-1.061889,53.962218,On or near Carter Avenue,E01013383,York 010D,Anti-social behaviour,,
9817edf96d393468acba3c9fe9ecae2a14191a70de5a18c7ab6f4113058c1166,2026-02,North Yorkshire Police,North Yorkshire Police,-1.071373,53.964125,On or near Parking Area,E01013383,York 010D,Bicycle theft,Investigation complete; no suspect identified,
b3dd15c34bf7351200050bb7c53a8b15bad272b91831f1d5f36ed4b55081953f,2026-02,North Yorkshire Police,North Yorkshire Police,-1.068545,53.961758,On or near Hallfield Road,E01013383,York 010D,Criminal damage and arson,Unable to prosecute suspect,
85fcb4efe2c81fb923ea41ebd60835d0f7264f21872ba01415bda1fbd54a1e09,2026-02,North Yorkshire Police,North Yorkshire Police,-1.071388,53.962786,On or near Layerthorpe,E01013383,York 010D,Other theft,Under investigation,
faf66725e8bb381bcc605db018160bf7ce034d6fe502da1c91d2a53b0b7d8ae2,2026-02,North Yorkshire Police,North Yorkshire Police,-1.072425,53.962740,On or near Supermarket,E01013383,York 010D,Public order,Under investigation,
a69816b3ce86cb920e6ad50cea0f08be52efe2fd5b3f2863fdb9e87844b59338,2026-02,North Yorkshire Police,North Yorkshire Police,-1.070836,53.960859,On or near Supermarket,E01013383,York 010D,Shoplifting,Investigation complete; no suspect identified,
1882b0e3b5f6b8dc016d0de8d164e1d2773d62168b1bbcd7caf6e828b557241c,2026-02,North Yorkshire Police,North Yorkshire Police,-1.070836,53.960859,On or near Supermarket,E01013383,York 010D,Shoplifting,Investigation complete; no suspect identified,
24a3bacca47f7e57d96b7636245f551a8a3f25bac918560182ec20d050222845,2026-02,North Yorkshire Police,North Yorkshire Police,-1.070588,53.959688,On or near Shopping Area,E01013383,York 010D,Shoplifting,Under investigation,
217d4f1fe827843ed40ff8e908cd1c6140b9324b8df16939c8f6b96ce043cc61,2026-02,North Yorkshire Police,North Yorkshire Police,-1.072425,53.962740,On or near Supermarket,E01013383,York 010D,Shoplifting,Investigation complete; no suspect identified,
59122c6c25520ac653b89160748c1b4c34fde8b82fe7c2764ed4a0c2e5a0d54c,2026-02,North Yorkshire Police,North Yorkshire Police,-1.070836,53.960859,On or near Supermarket,E01013383,York 010D,Shoplifting,Investigation complete; no suspect identified,
24325c2f1c43fd9df8d3400946f29b82f16d3e2e8f2010d5615901d40a967544,2026-02,North Yorkshire Police,North Yorkshire Police,-1.072425,53.962740,On or near Supermarket,E01013383,York 010D,Shoplifting,Investigation complete; no suspect identified,
068c54307ee19813dd59a03f56c5c37996df21ed8384265e210c263deb6eee5e,2026-02,North Yorkshire Police,North Yorkshire Police,-1.065713,53.963012,On or near Scrope Avenue,E01013383,York 010D,Vehicle crime,Under investigation,
a2597da733696fb0c2684f06bed66dd7747e11608384dfb78676883447ec946a,2026-02,North Yorkshire Police,North Yorkshire Police,-1.067177,53.964318,On or near Glen Road,E01013383,York 010D,Vehicle crime,Investigation complete; no suspect identified,
edf98b4d711f3d2dcc3ce6f407df1fd370cbc25ac357be809b3be23af86c0245,2026-02,North Yorkshire Police,North Yorkshire Police,-1.061889,53.962218,On or near Carter Avenue,E01013383,York 010D,Violence and sexual offences,Under investigation,
c35dcdec108b33dea0d1de078edd5f0d9f25cb6d00a8c8cd42b969e8446e5b73,2026-02,North Yorkshire Police,North Yorkshire Police,-1.070588,53.959688,On or near Shopping Area,E01013383,York 010D,Violence and sexual offences,Under investigation,
fe33f5658dd0b670b3e8472b38e84fe636b062a7bb1661e2c4c3b2dc3bdc9305,2026-02,North Yorkshire Police,North Yorkshire Police,-1.070836,53.960859,On or near Supermarket,E01013383,York 010D,Violence and sexual offences,Under investigation,
142a224e40b9891ddc489bd6263153fd89799d6672a73538c3edcccf3b4b4c51,2026-02,North Yorkshire Police,North Yorkshire Police,-1.068316,53.962448,On or near Faber Street,E01013383,York 010D,Violence and sexual offences,Under investigation,
b784fa16f9894105932fec30cd99fb59b06a2ff5540fe188c4df77758008e466,2026-02,North Yorkshire Police,North Yorkshire Police,-1.068422,53.963860,On or near Hawthorn Street,E01013383,York 010D,Violence and sexual offences,Unable to prosecute suspect,
9255822c627f603b6de1c608a0d21b1ff63216fb0572c8965aa209bceec30060,2026-02,North Yorkshire Police,North Yorkshire Police,-1.072131,53.961588,On or near Mansfield Street,E01013383,York 010D,Violence and sexual offences,Under investigation,
f2f37b6d03331e9e6162e501174a1b05962cb5b957b98fa1ea5ce0da80d876a6,2026-02,North Yorkshire Police,North Yorkshire Police,-1.064414,53.961770,On or near Bowes Avenue,E01013383,York 010D,Violence and sexual offences,Under investigation,
396a0f2c2b4b09f6564556447b189d7c9f831f6e49a95631dc2bccb8dbd83eca,2026-02,North Yorkshire Police,North Yorkshire Police,-1.071388,53.962786,On or near Layerthorpe,E01013383,York 010D,Violence and sexual offences,Under investigation,
eda18dd0f86c2546bd49711a2c48bea83482a39676b9ff0b74cd44d8a8094dbb,2026-02,North Yorkshire Police,North Yorkshire Police,-1.063377,53.962508,On or near Sixth Avenue,E01013383,York 010D,Violence and sexual offences,Under investigation,
4e354bacddf1c925bfb8e074c1e4df333a89cc82931407e9e2e05fc015f4273f,2026-02,North Yorkshire Police,North Yorkshire Police,-1.063377,53.962508,On or near Sixth Avenue,E01013383,York 010D,Violence and sexual offences,Under investigation,
bad84bab1ed64553c3d254e2977b6a5e604563fa47689d9a32cd6374da6792a2,2026-02,North Yorkshire Police,North Yorkshire Police,-1.068545,53.961758,On or near Hallfield Road,E01013383,York 010D,Violence and sexual offences,Under investigation,
5dae758740f16b88a490a60f2fa41539cb9053d9479bc57768a930ac4b4a93f1,2026-02,North Yorkshire Police,North Yorkshire Police,-1.059887,53.963155,On or near Ninth Avenue,E01013383,York 010D,Violence and sexual offences,Under investigation,
c028b3a90f5ed9c78d71cec804f7a4c0f80b1f524403a8bd013a08d26fdb25fe,2026-02,North Yorkshire Police,North Yorkshire Police,-1.068316,53.962448,On or near Faber Street,E01013383,York 010D,Violence and sexual offences,Under investigation,
,2026-02,North Yorkshire Police,North Yorkshire Police,-1.072249,53.975493,On or near Turner Close,E01013386,York 010E,Anti-social behaviour,,
,2026-02,North Yorkshire Police,North Yorkshire Police,-1.069141,53.973348,On or near Fossway,E01013386,York 010E,Anti-social behaviour,,
ec4bb8d6c5f9252a236838745ab75958950830d199fe7311865fa78e1e21b04f,2026-02,North Yorkshire Police,North Yorkshire Police,-1.070736,53.973612,On or near Sturdee Grove,E01013386,York 010E,Bicycle theft,Investigation complete; no suspect identified,
a17bdd8827c04c12360ee2d0cf6ee79b0caeeee6468ff11ec3545c82fb0d50e8,2026-02,North Yorkshire Police,North Yorkshire Police,-1.073219,53.976417,On or near Mallard Landings,E01013386,York 010E,Robbery,Awaiting court outcome,
f6ca4f0df82e2b27dbb02e694cd058953987d0a1843f2de6ad13afd4b64f88ad,2026-02,North Yorkshire Police,North Yorkshire Police,-1.073219,53.976417,On or near Mallard Landings,E01013386,York 010E,Shoplifting,Investigation complete; no suspect identified,
cbb572644c201556da68d4a85e3c30aa821128fbe008f1151bb594e3bc027f50,2026-02,North Yorkshire Police,North Yorkshire Police,-1.071435,53.974363,On or near Sirocco Court,E01013386,York 010E,Violence and sexual offences,Under investigation,
75a86de865403efcc1b3359b34aa4dfcef10625216db1c4aa355d767217a7e44,2026-02,North Yorkshire Police,North Yorkshire Police,-1.069141,53.973348,On or near Fossway,E01013386,York 010E,Violence and sexual offences,Under investigation,
8c162dbbfb1bb9ac71ec2e0cbd6e357062ef0b26a1b87f8698db9762c243a61a,2026-02,North Yorkshire Police,North Yorkshire Police,-1.068689,53.975807,On or near Byland Avenue,E01013386,York 010E,Violence and sexual offences,Under investigation,
c821b34e2c78c3ad94c7616906e538b18c93bf09c1533d0a7fe8468786f90f27,2026-02,North Yorkshire Police,North Yorkshire Police,-1.068718,53.977928,On or near Roche Avenue,E01013386,York 010E,Violence and sexual offences,Under investigation,
6866b7f4d5d8c707bc5e86e42190f5e23a24c151d0d901aa99c628d8c2cb18b8,2026-02,North Yorkshire Police,North Yorkshire Police,-1.068689,53.975807,On or near Byland Avenue,E01013386,York 010E,Violence and sexual offences,Under investigation,
c5457055cadc0874a7baf2a3275d6ec8b4c69de95428ce6f0dd8b52ff822daf1,2026-02,North Yorkshire Police,North Yorkshire Police,-1.068689,53.975807,On or near Byland Avenue,E01013386,York 010E,Violence and sexual offences,Under investigation,
3a59fb1c986a0ec928083798eaa6c4ce2cc05d220e7cb017f83604268d3ddb53,2026-02,North Yorkshire Police,North Yorkshire Police,-1.069160,53.977258,On or near Bellfarm Avenue,E01013386,York 010E,Violence and sexual offences,Unable to prosecute suspect,
89885caf3d9b08115971e0ebd6c3f74857ee89c7bb97bf11a5d9e46ba0ffc221,2026-02,North Yorkshire Police,North Yorkshire Police,-1.193638,53.954456,On or near Bradley Crescent,E01013421,York 011A,Violence and sexual offences,Under investigation,
9c2fab94d576b1207710b82ef245476c6687b3c43d20f0ac24eb13c648bd50a6,2026-02,North Yorkshire Police,North Yorkshire Police,-1.156295,53.929923,On or near Church Close,E01013421,York 011A,Violence and sexual offences,Under investigation,
,2026-02,North Yorkshire Police,North Yorkshire Police,-1.136320,53.970128,On or near Trenchard Road,E01013422,York 011B,Anti-social behaviour,,
,2026-02,North Yorkshire Police,North Yorkshire Police,-1.151873,53.979748,On or near The Green,E01013422,York 011B,Anti-social behaviour,,
492bd35a03fea2935b05459eab926599b755436adcea7bafbb4e40bd7944b519,2026-02,North Yorkshire Police,North Yorkshire Police,-1.145908,53.961955,On or near Back Lane,E01013422,York 011B,Other theft,Under investigation,
31510ef459e259ee0b9d7170b03c873b77c4754c018dfdbdfda2d2a0263451fb,2026-02,North Yorkshire Police,North Yorkshire Police,-1.142739,53.971999,On or near Petrol Station,E01013422,York 011B,Violence and sexual offences,Under investigation,
dc2d6c9967cbc654d37a5f8da1e218c8ba9d39299f466339e75253852c7f048c,2026-02,North Yorkshire Police,North Yorkshire Police,-1.128312,53.976877,On or near ,E01013422,York 011B,Violence and sexual offences,Under investigation,
3ca43649a947ff90443ead15c1ebd12eeee3a1d17091bf79d3b44940160cd6b3,2026-02,North Yorkshire Police,North Yorkshire Police,-1.142739,53.971999,On or near Petrol Station,E01013422,York 011B,Violence and sexual offences,Under investigation,
,2026-02,North Yorkshire Police,North Yorkshire Police,-1.151570,53.972761,On or near ,E01013426,York 011C,Anti-social behaviour,,
,2026-02,North Yorkshire Police,North Yorkshire Police,-1.158758,53.977046,On or near Hodgson Lane,E01013426,York 011C,Anti-social behaviour,,
,2026-02,North Yorkshire Police,North Yorkshire Police,-1.149097,53.984241,On or near Pear Tree Avenue,E01013426,York 011C,Anti-social behaviour,,
e44e63382c895d33f57597160f3611b9c192371a62b58d039405f2472b85f21b,2026-02,North Yorkshire Police,North Yorkshire Police,-1.153823,53.982836,On or near Main Street,E01013426,York 011C,Vehicle crime,Under investigation,
,2026-02,North Yorkshire Police,North Yorkshire Police,-1.144676,53.982708,On or near Easthorpe Drive,E01013427,York 011D,Anti-social behaviour,,
05be4e3cfacf2d220ef5742b542a97c28e651141c9362ab1bdbeb70fcdcdd48a,2026-02,North Yorkshire Police,North Yorkshire Police,-1.146918,53.981187,On or near Long Ridge Drive,E01013427,York 011D,Violence and sexual offences,Awaiting court outcome,
9e972983552f4f7adfe19e67bac94cbd6dad59f4ec8b785dc67663b0547e8964,2026-02,North Yorkshire Police,North Yorkshire Police,-1.126557,53.961663,On or near Garden Court,E01013335,York 012A,Burglary,Unable to prosecute suspect,
44b6130621bacf14c1fbd9827c0fb1aec4066381a8bf80842caa17f75e4cecfa,2026-02,North Yorkshire Police,North Yorkshire Police,-1.131082,53.960312,On or near Mowbray Drive,E01013335,York 012A,Criminal damage and arson,Under investigation,
,2026-02,North Yorkshire Police,North Yorkshire Police,-1.128682,53.957742,On or near Rosedale Avenue,E01013336,York 012B,Anti-social behaviour,,
af39e0c9e133dc96b1a411a28bccc6c8ca3be1482af2a1da36521b416eadb980,2026-02,North Yorkshire Police,North Yorkshire Police,-1.134147,53.957305,On or near Apple Tree Lane,E01013336,York 012B,Public order,Under investigation,
d45668e3728172ab2372ca414854b1ed8dbc5fccdcf4b54229672b5c41abf875,2026-02,North Yorkshire Police,North Yorkshire Police,-1.130553,53.959346,On or near Danesgate,E01013336,York 012B,Violence and sexual offences,Unable to prosecute suspect,
906971c7a9b7f1fb035fc9456ebb03c5b29091429d13f390bf360969cbad59d1,2026-02,North Yorkshire Police,North Yorkshire Police,-1.130553,53.959346,On or near Danesgate,E01013336,York 012B,Violence and sexual offences,Under investigation,
37262d8c57a150fb7b95ebbc4aca89d640ef823eef366c69a819fafd90ff5b2e,2026-02,North Yorkshire Police,North Yorkshire Police,-1.132439,53.958802,On or near Raven Grove,E01013337,York 012C,Public order,Investigation complete; no suspect identified,
ae96c173cc784c7bbf4c7226ccfbbe921e8b3f3632f096eb16ec196537e01c8c,2026-02,North Yorkshire Police,North Yorkshire Police,-1.124574,53.965405,On or near Petrol Station,E01013338,York 012D,Criminal damage and arson,Unable to prosecute suspect,
71dc3082218753da1abe00e626f59d79f4b1ef2d2b7b1f86a3de14d9fdb870ed,2026-02,North Yorkshire Police,North Yorkshire Police,-1.128742,53.969489,On or near Millgates,E01013338,York 012D,Criminal damage and arson,Under investigation,
3f855beb6bca485f363c5c5b1dd267997d9aff081f48a3fa890f479e7f2cd20d,2026-02,North Yorkshire Police,North Yorkshire Police,-1.128742,53.969489,On or near Millgates,E01013338,York 012D,Criminal damage and arson,Under investigation,
bb289c616ad647c9987e39795c3cb8765844577401b173b9088fb30dfa9114ab,2026-02,North Yorkshire Police,North Yorkshire Police,-1.124574,53.965405,On or near Petrol Station,E01013338,York 012D,Criminal damage and arson,Under investigation,
13eb1af5917950633c5c0be27bc6a17553785d77473d198655b992b6569ab74c,2026-02,North Yorkshire Police,North Yorkshire Police,-1.129015,53.966588,On or near Shirley Avenue,E01013338,York 012D,Violence and sexual offences,Under investigation,
8d6481036265c085116e860d805d52da1d3e0af7942bb5ddca8a8a039453ff1e,2026-02,North Yorkshire Police,North Yorkshire Police,-1.133087,53.970914,On or near Low Poppleton Lane,E01013339,York 012E,Criminal damage and arson,Investigation complete; no suspect identified,
770fe660e5c8ad22b8032b875d7a4bf7b69a02700275875377385a24b9e0ddda,2026-02,North Yorkshire Police,North Yorkshire Police,-1.132557,53.966353,On or near Church Gate,E01013339,York 012E,Public order,Unable to prosecute suspect,
740059ecafb3fffdcdbb0269f476f11aa36261ab5bb6825b93892f0649f3c0a9,2026-02,North Yorkshire Police,North Yorkshire Police,-1.133087,53.970914,On or near Low Poppleton Lane,E01013339,York 012E,Violence and sexual offences,Under investigation,
740059ecafb3fffdcdbb0269f476f11aa36261ab5bb6825b93892f0649f3c0a9,2026-02,North Yorkshire Police,North Yorkshire Police,-1.133087,53.970914,On or near Low Poppleton Lane,E01013339,York 012E,Violence and sexual offences,Under investigation,
cd0957c9f81ec458ff744427d4310275289be910503cb1c1ed9719d70f3f6f02,2026-02,North Yorkshire Police,North Yorkshire Police,-1.116366,53.964294,On or near Lavender Grove,E01013392,York 012F,Possession of weapons,Unable to prosecute suspect,
050bd28724737e303a90e74583611b5e8fc0ed265eb130e9393f1bef72914e2f,2026-02,North Yorkshire Police,North Yorkshire Police,-1.118261,53.964065,On or near Sandacre Court,E01013392,York 012F,Public order,Unable to prosecute suspect,
0b3fcc4ed13f73f90288fdfbc2437f24f94cec6613e791fb2b5ff5ab599b1a22,2026-02,North Yorkshire Police,North Yorkshire Police,-1.118261,53.964065,On or near Sandacre Court,E01013392,York 012F,Shoplifting,Investigation complete; no suspect identified,
7fb8ff61fb5ec99bb14e5dd13e43c44f6c916a871ba96eb63be483da8650b5c5,2026-02,North Yorkshire Police,North Yorkshire Police,-1.116366,53.964294,On or near Lavender Grove,E01013392,York 012F,Violence and sexual offences,Under investigation,
,2026-02,North Yorkshire Police,North Yorkshire Police,-1.082505,53.966683,On or near Clarence Street,E01013366,York 013A,Anti-social behaviour,,
,2026-02,North Yorkshire Police,North Yorkshire Police,-1.080794,53.966876,On or near Pilgrim Street,E01013366,York 013A,Anti-social behaviour,,
,2026-02,North Yorkshire Police,North Yorkshire Police,-1.082827,53.961067,On or near Shopping Area,E01013366,York 013A,Anti-social behaviour,,
,2026-02,North Yorkshire Police,North Yorkshire Police,-1.084962,53.961677,On or near Theatre/Concert Hall,E01013366,York 013A,Anti-social behaviour,,
,2026-02,North Yorkshire Police,North Yorkshire Police,-1.083087,53.957537,On or near Low Ousegate,E01013366,York 013A,Anti-social behaviour,,
,2026-02,North Yorkshire Police,North Yorkshire Police,-1.084517,53.960122,On or near ,E01013366,York 013A,Anti-social behaviour,,
,2026-02,North Yorkshire Police,North Yorkshire Police,-1.082505,53.966683,On or near Clarence Street,E01013366,York 013A,Anti-social behaviour,,
,2026-02,North Yorkshire Police,North Yorkshire Police,-1.083087,53.957537,On or near Low Ousegate,E01013366,York 013A,Anti-social behaviour,,
,2026-02,North Yorkshire Police,North Yorkshire Police,-1.083087,53.957537,On or near Low Ousegate,E01013366,York 013A,Anti-social behaviour,,
,2026-02,North Yorkshire Police,North Yorkshire Police,-1.083087,53.957537,On or near Low Ousegate,E01013366,York 013A,Anti-social behaviour,,
,2026-02,North Yorkshire Police,North Yorkshire Police,-1.083726,53.965236,On or near Claremont Terrace,E01013366,York 013A,Anti-social behaviour,,
,2026-02,North Yorkshire Police,North Yorkshire Police,-1.084601,53.960793,On or near Blake Street,E01013366,York 013A,Anti-social behaviour,,
,2026-02,North Yorkshire Police,North Yorkshire Police,-1.081996,53.959662,On or near ,E01013366,York 013A,Anti-social behaviour,,
,2026-02,North Yorkshire Police,North Yorkshire Police,-1.083087,53.957537,On or near Low Ousegate,E01013366,York 013A,Anti-social behaviour,,
,2026-02,North Yorkshire Police,North Yorkshire Police,-1.084601,53.960793,On or near Blake Street,E01013366,York 013A,Anti-social behaviour,,
,2026-02,North Yorkshire Police,North Yorkshire Police,-1.082393,53.967625,On or near Union Terrace,E01013366,York 013A,Anti-social behaviour,,
,2026-02,North Yorkshire Police,North Yorkshire Police,-1.081996,53.959662,On or near ,E01013366,York 013A,Anti-social behaviour,,
,2026-02,North Yorkshire Police,North Yorkshire Police,-1.084962,53.961677,On or near Theatre/Concert Hall,E01013366,York 013A,Anti-social behaviour,,
,2026-02,North Yorkshire Police,North Yorkshire Police,-1.083726,53.965236,On or near Claremont Terrace,E01013366,York 013A,Anti-social behaviour,,
,2026-02,North Yorkshire Police,North Yorkshire Police,-1.083246,53.958528,On or near ,E01013366,York 013A,Anti-social behaviour,,
,2026-02,North Yorkshire Police,North Yorkshire Police,-1.083939,53.962478,On or near Precentor'S Court,E01013366,York 013A,Anti-social behaviour,,
,2026-02,North Yorkshire Police,North Yorkshire Police,-1.083212,53.959782,On or near ,E01013366,York 013A,Anti-social behaviour,,
,2026-02,North Yorkshire Police,North Yorkshire Police,-1.082827,53.961067,On or near Shopping Area,E01013366,York 013A,Anti-social behaviour,,
,2026-02,North Yorkshire Police,North Yorkshire Police,-1.084601,53.960793,On or near Blake Street,E01013366,York 013A,Anti-social behaviour,,
,2026-02,North Yorkshire Police,North Yorkshire Police,-1.081996,53.959662,On or near ,E01013366,York 013A,Anti-social behaviour,,
,2026-02,North Yorkshire Police,North Yorkshire Police,-1.084601,53.960793,On or near Blake Street,E01013366,York 013A,Anti-social behaviour,,
,2026-02,North Yorkshire Police,North Yorkshire Police,-1.082827,53.961067,On or near Shopping Area,E01013366,York 013A,Anti-social behaviour,,
,2026-02,North Yorkshire Police,North Yorkshire Police,-1.083246,53.958528,On or near ,E01013366,York 013A,Anti-social behaviour,,
,2026-02,North Yorkshire Police,North Yorkshire Police,-1.085585,53.960387,On or near Lendal,E01013366,York 013A,Anti-social behaviour,,
,2026-02,North Yorkshire Police,North Yorkshire Police,-1.085422,53.962948,On or near A19,E01013366,York 013A,Anti-social behaviour,,
,2026-02,North Yorkshire Police,North Yorkshire Police,-1.085884,53.961369,On or near St Leonards Mews,E01013366,York 013A,Anti-social behaviour,,
,2026-02,North Yorkshire Police,North Yorkshire Police,-1.082827,53.961067,On or near Shopping Area,E01013366,York 013A,Anti-social behaviour,,
,2026-02,North Yorkshire Police,North Yorkshire Police,-1.078821,53.965783,On or near Abbot Street,E01013366,York 013A,Anti-social behaviour,,
,2026-02,North Yorkshire Police,North Yorkshire Police,-1.084962,53.961677,On or near Theatre/Concert Hall,E01013366,York 013A,Anti-social behaviour,,
,2026-02,North Yorkshire Police,North Yorkshire Police,-1.084601,53.960793,On or near Blake Street,E01013366,York 013A,Anti-social behaviour,,
,2026-02,North Yorkshire Police,North Yorkshire Police,-1.083246,53.958528,On or near ,E01013366,York 013A,Anti-social behaviour,,
,2026-02,North Yorkshire Police,North Yorkshire Police,-1.084601,53.960793,On or near Blake Street,E01013366,York 013A,Anti-social behaviour,,
,2026-02,North Yorkshire Police,North Yorkshire Police,-1.085884,53.961369,On or near St Leonards Mews,E01013366,York 013A,Anti-social behaviour,,
55e9e12d2155f080cbb51a64a183201c2f4eefd4746de7c5b0a2bafb80efd6a1,2026-02,North Yorkshire Police,North Yorkshire Police,-1.083087,53.957537,On or near Low Ousegate,E01013366,York 013A,Bicycle theft,Unable to prosecute suspect,
f156ab98f9866441ddd3bef1c9b2f643d175f5df5cbe9c2b9c35c87d58915260,2026-02,North Yorkshire Police,North Yorkshire Police,-1.078821,53.965783,On or near Abbot Street,E01013366,York 013A,Bicycle theft,Under investigation,
1975ea06a07e725a0fb3edcc8a965a840806d5eeddc3fa9464820c2b61b3f8fb,2026-02,North Yorkshire Police,North Yorkshire Police,-1.083886,53.962109,On or near High Petergate,E01013366,York 013A,Bicycle theft,Under investigation,
e325f0530aa622a0293e8fe097adecf2065f43a9485a9cc659295e6df2d9b08b,2026-02,North Yorkshire Police,North Yorkshire Police,-1.083726,53.965236,On or near Claremont Terrace,E01013366,York 013A,Bicycle theft,Under investigation,
a7373585ea1cfb2da82fd3ba6d5cc7470acc12226ebab11d57c82203bf5abcbd,2026-02,North Yorkshire Police,North Yorkshire Police,-1.082505,53.966683,On or near Clarence Street,E01013366,York 013A,Burglary,Under investigation,
094fdccfa0f477498c32d15c34398229d0446b3ed697968ad98566537ebb3f26,2026-02,North Yorkshire Police,North Yorkshire Police,-1.083985,53.964528,On or near Portland Street,E01013366,York 013A,Burglary,Under investigation,
03572470964986db96a117e2d5cddf85617d652091b326f4318d81e6b342d1e2,2026-02,North Yorkshire Police,North Yorkshire Police,-1.080749,53.962669,On or near Chapter House Street,E01013366,York 013A,Burglary,Under investigation,
86713c59036e624c840078134c63d9840a223eea92803017d222cf01b84c194a,2026-02,North Yorkshire Police,North Yorkshire Police,-1.079446,53.967163,On or near St Thomas' Place,E01013366,York 013A,Burglary,Under investigation,
6c4ce4ef57e26c47db96ec87d59f1b6ea0672d362a2b98d49be043d0600f747a,2026-02,North Yorkshire Police,North Yorkshire Police,-1.080997,53.966635,On or near Brook Street,E01013366,York 013A,Criminal damage and arson,Investigation complete; no suspect identified,
fca04cef3aaa52d71c26593d2b8959623edda4df7834b5b35bcf509f73a52d71,2026-02,North Yorkshire Police,North Yorkshire Police,-1.081046,53.967202,On or near Backhouse Street,E01013366,York 013A,Criminal damage and arson,Under investigation,
9d960dd5d0310298eada3a8e6290fcfb4f15f42fd16b497f6dad4c2f53c6c6f7,2026-02,North Yorkshire Police,North Yorkshire Police,-1.083246,53.958528,On or near ,E01013366,York 013A,Criminal damage and arson,Under investigation,
b863c68773daf85d455f67dd2b5ce6650e817253b7349b7975491e156549be4a,2026-02,North Yorkshire Police,North Yorkshire Police,-1.084517,53.960122,On or near ,E01013366,York 013A,Criminal damage and arson,Under investigation,
9eeace308f82b77ae0adb49ea049f8b085ec7f6100df59888b00cecb7cbd0989,2026-02,North Yorkshire Police,North Yorkshire Police,-1.083726,53.965236,On or near Claremont Terrace,E01013366,York 013A,Criminal damage and arson,Under investigation,
59d73a3152e09d13cfd791de4780a137c93f72c54656a4411eabc229c285c85a,2026-02,North Yorkshire Police,North Yorkshire Police,-1.089538,53.963635,On or near St Mary'S Lane,E01013366,York 013A,Criminal damage and arson,Under investigation,
056c80399978029bcc86a9e96b118f5f671e6b4c0cd8fa948a1eaf370dbcdef4,2026-02,North Yorkshire Police,North Yorkshire Police,-1.082505,53.966683,On or near Clarence Street,E01013366,York 013A,Criminal damage and arson,Under investigation,
20377e1bf799b9bfd07be16f0be9fba1db074c43da57a2bca42ec4fda77d83ea,2026-02,North Yorkshire Police,North Yorkshire Police,-1.083726,53.965236,On or near Claremont Terrace,E01013366,York 013A,Criminal damage and arson,Under investigation,
c1c531c5962f780a14fff5ebb18b3d317a3b7444c01da073e893894e47527768,2026-02,North Yorkshire Police,North Yorkshire Police,-1.079446,53.967163,On or near St Thomas' Place,E01013366,York 013A,Drugs,Under investigation,
ca93a4526e4d9384fa6d348e3f324f27d2486fcaac1fd476591c4a1ce88147ee,2026-02,North Yorkshire Police,North Yorkshire Police,-1.079095,53.966468,On or near Del Pyke,E01013366,York 013A,Drugs,Under investigation,
8c139d19712cd52b6b5248fbb84018b725b502b57db0c762284cb53839dff572,2026-02,North Yorkshire Police,North Yorkshire Police,-1.083212,53.959782,On or near ,E01013366,York 013A,Other theft,Under investigation,
feb058e6287599c51f5d913763e871d5562bad4312fc707614affd2c1589bb15,2026-02,North Yorkshire Police,North Yorkshire Police,-1.081996,53.959662,On or near ,E01013366,York 013A,Other theft,Investigation complete; no suspect identified,
fc9bc213654e3f3e6e77c4104d5897fde2e28ecd52bcec1377174a5f8e030623,2026-02,North Yorkshire Police,North Yorkshire Police,-1.085422,53.962948,On or near A19,E01013366,York 013A,Other theft,Under investigation,
f08cfc59db46acb1514c555468c7d19fda35d3baed48103546d5980c58389356,2026-02,North Yorkshire Police,North Yorkshire Police,-1.083087,53.957537,On or near Low Ousegate,E01013366,York 013A,Other theft,Under investigation,
a35e2a5ac95356608d37508f029224118530cacd9aec2fffb668f211e1b38c24,2026-02,North Yorkshire Police,North Yorkshire Police,-1.085693,53.963813,On or near Bootham Row,E01013366,York 013A,Other theft,Under investigation,
422bc50a5e69561c80b459fe57464c1fc040d4038657214499c4636cf009c7c8,2026-02,North Yorkshire Police,North Yorkshire Police,-1.081996,53.959662,On or near ,E01013366,York 013A,Other theft,Under investigation,
cbe9ff948bd1cc1427bed1c70c98f43486fa00929abff412009b02f60200deb0,2026-02,North Yorkshire Police,North Yorkshire Police,-1.081996,53.959662,On or near ,E01013366,York 013A,Other theft,Under investigation,
665489b37d75f4e4671bab1a6a2fd4ac046137d9cbeced09811e391f2561bc7b,2026-02,North Yorkshire Police,North Yorkshire Police,-1.085693,53.963813,On or near Bootham Row,E01013366,York 013A,Other theft,Under investigation,
208f541dfd9b34647216dc104fa842c02884610a1340176639b62b94250442de,2026-02,North Yorkshire Police,North Yorkshire Police,-1.084517,53.960122,On or near ,E01013366,York 013A,Other theft,Under investigation,
61556be6bf9ebc657d2a3cf22c656e57ccb12eeef89c1c7120062b82f25a3caa,2026-02,North Yorkshire Police,North Yorkshire Police,-1.082505,53.966683,On or near Clarence Street,E01013366,York 013A,Possession of weapons,Under investigation,
4e4d9167cfa8b89dc7951ccadfa8bcc5e3361ef6c99f0843ddb2386e0f72af27,2026-02,North Yorkshire Police,North Yorkshire Police,-1.085120,53.964249,On or near Bootham Square,E01013366,York 013A,Possession of weapons,Unable to prosecute suspect,
39a753fb41980dface2e4db135cbfd97f4d2db89a416a2b8867b33f74cca37cf,2026-02,North Yorkshire Police,North Yorkshire Police,-1.083212,53.959782,On or near ,E01013366,York 013A,Public order,Under investigation,
115ac176be9009cb108f22266e7fb180bced72c36c4e30823cde3e7899a1057f,2026-02,North Yorkshire Police,North Yorkshire Police,-1.084517,53.960122,On or near ,E01013366,York 013A,Public order,Awaiting court outcome,
119faaf9872a8f1e13314cb0d07732c2bb462cd38c47f32d9d0637b2f30108fd,2026-02,North Yorkshire Police,North Yorkshire Police,-1.085884,53.961369,On or near St Leonards Mews,E01013366,York 013A,Public order,Under investigation,
a7e0f015c69c9fbaea65e9c9c77d409178b2152c8eedc8a7b8a5e0b47ffdb948,2026-02,North Yorkshire Police,North Yorkshire Police,-1.081996,53.959662,On or near ,E01013366,York 013A,Public order,Unable to prosecute suspect,
42f6be4aef3cc9a64220fd396473813b577c8328d35b23d4780b5dd2740ad74a,2026-02,North Yorkshire Police,North Yorkshire Police,-1.081757,53.968124,On or near Supermarket,E01013366,York 013A,Robbery,Awaiting court outcome,
29f827f2cada77efbf3cda1dd19265558a3486cc79eeac2d7e56e71a35e4969d,2026-02,North Yorkshire Police,North Yorkshire Police,-1.081758,53.961140,On or near Grape Lane,E01013366,York 013A,Shoplifting,Investigation complete; no suspect identified,
3a418fc7e5150b4f8bc9c4edcf7f1e74bd812ca51e964a87a466f9095901f4d0,2026-02,North Yorkshire Police,North Yorkshire Police,-1.081758,53.961140,On or near Grape Lane,E01013366,York 013A,Shoplifting,Under investigation,
a0b3a3e30cb7d4da891e0f0908eb679991fe81b6a7f76a5430a135c8dd31fb43,2026-02,North Yorkshire Police,North Yorkshire Police,-1.085693,53.963813,On or near Bootham Row,E01013366,York 013A,Shoplifting,Investigation complete; no suspect identified,
c2c84fb6c92a75b6b5a4c8ccd548d56ac12478991f335ba455df399b4bf8b7c6,2026-02,North Yorkshire Police,North Yorkshire Police,-1.083087,53.957537,On or near Low Ousegate,E01013366,York 013A,Shoplifting,Under investigation,
c9e6341f39f4abaaff0dcd7ba46f9e7291df673f3f7dd4c73aba46c23baf4189,2026-02,North Yorkshire Police,North Yorkshire Police,-1.079446,53.967163,On or near St Thomas' Place,E01013366,York 013A,Shoplifting,Under investigation,
373dcb50d89d4dfef2356e180b524963917ebee3cde730a8673681aae9762586,2026-02,North Yorkshire Police,North Yorkshire Police,-1.083246,53.958528,On or near ,E01013366,York 013A,Shoplifting,Under investigation,
464c5db2d46e194623463a93c8a3e3c31ae6c5d1b33bd317b5c06eb9edf66e47,2026-02,North Yorkshire Police,North Yorkshire Police,-1.083212,53.959782,On or near ,E01013366,York 013A,Shoplifting,Under investigation,
628522ba55f7ceba8bbd30fcb2f99d346cc62e8c000d6fcfaa52a920b1db980f,2026-02,North Yorkshire Police,North Yorkshire Police,-1.081996,53.959662,On or near ,E01013366,York 013A,Shoplifting,Under investigation,
665f41b293938914f5a44b3f64941721357e5c87cf39ae10fcfa52842b8ec2ef,2026-02,North Yorkshire Police,North Yorkshire Police,-1.079446,53.967163,On or near St Thomas' Place,E01013366,York 013A,Shoplifting,Investigation complete; no suspect identified,
6e0269d878e128bdf96717e732429c2cf0abff2d0da240fda3f78c9274f7436f,2026-02,North Yorkshire Police,North Yorkshire Police,-1.083246,53.958528,On or near ,E01013366,York 013A,Shoplifting,Investigation complete; no suspect identified,
8058bcd436bbbb0a66ed95b9caa6a2ca4164c19f0a650c62dd5d50617abf6560,2026-02,North Yorkshire Police,North Yorkshire Police,-1.081757,53.968124,On or near Supermarket,E01013366,York 013A,Shoplifting,Awaiting court outcome,
56a720be1b293d91a58d80ad0e1f0ac348584cf8befed687bb7c3328c4a0cf7c,2026-02,North Yorkshire Police,North Yorkshire Police,-1.083212,53.959782,On or near ,E01013366,York 013A,Shoplifting,Under investigation,
45b081611b0f8754c1bee16f7b195515f4e3de92bcbcb371186b03aaa82a8596,2026-02,North Yorkshire Police,North Yorkshire Police,-1.085693,53.963813,On or near Bootham Row,E01013366,York 013A,Shoplifting,Under investigation,
750a18f1dc54f08cb0a9e79d06e9aa395c9905f606ff3f83906cb0ddb2911227,2026-02,North Yorkshire Police,North Yorkshire Police,-1.081996,53.959662,On or near ,E01013366,York 013A,Shoplifting,Under investigation,
40215936871fbcb6afa71fe4e6c55cf28ec46725452508bcf397fc3e833be39c,2026-02,North Yorkshire Police,North Yorkshire Police,-1.084041,53.964079,On or near Gillygate,E01013366,York 013A,Shoplifting,Investigation complete; no suspect identified,
4b3e26f4ff4e77c80fd28ffeceb2fb0302388ef3638ff6f1832b0bba2a58c51f,2026-02,North Yorkshire Police,North Yorkshire Police,-1.083212,53.959782,On or near ,E01013366,York 013A,Shoplifting,Under investigation,
45932f3753a09673d58da03fa63d67283a717c636f6b6b1deb31d47c8a04e8a1,2026-02,North Yorkshire Police,North Yorkshire Police,-1.084041,53.964079,On or near Gillygate,E01013366,York 013A,Shoplifting,Under investigation,
b5126eae0af74083482ae246e94a06a0087f9feea3f2b83942c2ad8ea1fc87f5,2026-02,North Yorkshire Police,North Yorkshire Police,-1.085693,53.963813,On or near Bootham Row,E01013366,York 013A,Shoplifting,Under investigation,
3fc6f2fbf31981f539325c95fb8a313397001565ca9e69c5d293832d10c2d61e,2026-02,North Yorkshire Police,North Yorkshire Police,-1.083246,53.958528,On or near ,E01013366,York 013A,Shoplifting,Under investigation,
ce179fdbd38801b7352892cb571605f90e10513b2a8d423568d57c404c819d5a,2026-02,North Yorkshire Police,North Yorkshire Police,-1.079446,53.967163,On or near St Thomas' Place,E01013366,York 013A,Shoplifting,Investigation complete; no suspect identified,
63a790e2ad1372d90abe0756cea42498f751a91c9d6c28efded7deacfb450d67,2026-02,North Yorkshire Police,North Yorkshire Police,-1.081757,53.968124,On or near Supermarket,E01013366,York 013A,Shoplifting,Under investigation,
cd8a7f43ea2467b11d927876c7406019d5bec2bfb75ed3622c34593219d50705,2026-02,North Yorkshire Police,North Yorkshire Police,-1.083212,53.959782,On or near ,E01013366,York 013A,Shoplifting,Investigation complete; no suspect identified,
0224e355b98943f89d156e4ccfaa93e7d7380e9c936c4f4cab470843894dbb63,2026-02,North Yorkshire Police,North Yorkshire Police,-1.083212,53.959782,On or near ,E01013366,York 013A,Shoplifting,Investigation complete; no suspect identified,
3871e9b031f474870c490fc2ece86c36b1a6d0ed5ae0bdc3971a1252b8633a23,2026-02,North Yorkshire Police,North Yorkshire Police,-1.084041,53.964079,On or near Gillygate,E01013366,York 013A,Shoplifting,Under investigation,
53d85a7fab5a814d4d591be0ca11e53decb9909eb44d2ea3176af242efdcef0b,2026-02,North Yorkshire Police,North Yorkshire Police,-1.085422,53.962948,On or near A19,E01013366,York 013A,Vehicle crime,Under investigation,
4f78e7b86bf9651690939b3794eb84e8fac425609a6049d09695019d4bbe3416,2026-02,North Yorkshire Police,North Yorkshire Police,-1.082827,53.961067,On or near Shopping Area,E01013366,York 013A,Violence and sexual offences,Under investigation,
cea361d157e5861230a01621dfc8acf7dec6df17a4f73618af224522e0793226,2026-02,North Yorkshire Police,North Yorkshire Police,-1.084601,53.960793,On or near Blake Street,E01013366,York 013A,Violence and sexual offences,Under investigation,
f91f488adae9a87acd98eaaf14766bcaa1856807cac0533e6abc20453044e90d,2026-02,North Yorkshire Police,North Yorkshire Police,-1.079095,53.966468,On or near Del Pyke,E01013366,York 013A,Violence and sexual offences,Under investigation,
6762b62a538f9e42b07a064b0d43c0bff6dd4d438b51ba3479778eea127836d5,2026-02,North Yorkshire Police,North Yorkshire Police,-1.084517,53.960122,On or near ,E01013366,York 013A,Violence and sexual offences,Under investigation,
cbe30a6b02173fd0371b07c11bd75787bbdef1b36709ac7eaf9e1cb8c1daa7a1,2026-02,North Yorkshire Police,North Yorkshire Police,-1.083212,53.959782,On or near ,E01013366,York 013A,Violence and sexual offences,Under investigation,
e6abbae7a48acbe25db47f8733949971dead67e8a6327b11da2a8b2da98bff2e,2026-02,North Yorkshire Police,North Yorkshire Police,-1.083246,53.958528,On or near ,E01013366,York 013A,Violence and sexual offences,Under investigation,
1f983afa941a5f59a56dfe842fc8ebcf534282f7581a67528e45ceae803c22d0,2026-02,North Yorkshire Police,North Yorkshire Police,-1.081996,53.959662,On or near ,E01013366,York 013A,Violence and sexual offences,Unable to prosecute suspect,
e758c10f8cd177c6262e14f54bf4286b4d3ab4e1d94b022ccae26c1add2e4947,2026-02,North Yorkshire Police,North Yorkshire Police,-1.083087,53.957537,On or near Low Ousegate,E01013366,York 013A,Violence and sexual offences,Under investigation,
dac4c89de64c0d70586eeeb215728c2f115f53604729b86336a8b6eec35dfa32,2026-02,North Yorkshire Police,North Yorkshire Police,-1.081996,53.959662,On or near ,E01013366,York 013A,Violence and sexual offences,Under investigation,
cc983e3a198d2a33b0b120706887fbc68bec17899e111e9fa5d95d59d8a39e4b,2026-02,North Yorkshire Police,North Yorkshire Police,-1.079095,53.966468,On or near Del Pyke,E01013366,York 013A,Violence and sexual offences,Under investigation,
2ab34c39de1f840730c49b223417f50f66cf4e7052dba0220eed258bf5319838,2026-02,North Yorkshire Police,North Yorkshire Police,-1.081996,53.959662,On or near ,E01013366,York 013A,Violence and sexual offences,Under investigation,
f4e7b7f6d577073914f620f97d52923c37f5445a464450c614f31fb08535b5da,2026-02,North Yorkshire Police,North Yorkshire Police,-1.084601,53.960793,On or near Blake Street,E01013366,York 013A,Violence and sexual offences,Unable to prosecute suspect,
67fc9f3eaed6efddef48f09bb090ef2ca9341142276ce9884a05b7d820e28006,2026-02,North Yorkshire Police,North Yorkshire Police,-1.080749,53.962669,On or near Chapter House Street,E01013366,York 013A,Violence and sexual offences,Under investigation,
6fa8bc9a817f34113796849e6733a915511f951c665fb634a64a854442775600,2026-02,North Yorkshire Police,North Yorkshire Police,-1.083087,53.957537,On or near Low Ousegate,E01013366,York 013A,Violence and sexual offences,Under investigation,
8cc13366c8f564964e6707f2774f712cceeca6127247456c86ba85e97704de0e,2026-02,North Yorkshire Police,North Yorkshire Police,-1.082505,53.966683,On or near Clarence Street,E01013366,York 013A,Violence and sexual offences,Under investigation,
1b5beb5fa38896e42eb0301b91851eb1ff8913a635ed6276a21be683a34cebbb,2026-02,North Yorkshire Police,North Yorkshire Police,-1.081996,53.959662,On or near ,E01013366,York 013A,Violence and sexual offences,Under investigation,
023a2cbe14c8f231080c80c702eaf8c05c8c19abe37f7fb1e6948ae075cb19c9,2026-02,North Yorkshire Police,North Yorkshire Police,-1.079446,53.967163,On or near St Thomas' Place,E01013366,York 013A,Violence and sexual offences,Under investigation,
c2fb09643a294fba4bcc40069173e129e3110ddd3a790598e59176c8d8b1b743,2026-02,North Yorkshire Police,North Yorkshire Police,-1.084962,53.961677,On or near Theatre/Concert Hall,E01013366,York 013A,Violence and sexual offences,Under investigation,
955e9ac7496f99455c52e90c7dd090c41f60e1640b56b000a6d9a18d5e2567d1,2026-02,North Yorkshire Police,North Yorkshire Police,-1.084601,53.960793,On or near Blake Street,E01013366,York 013A,Violence and sexual offences,Local resolution,
63f8beb4f8c071cae121d0bbdc0cd6f23af2bdd316f4c184df1fcc171c1bfe9f,2026-02,North Yorkshire Police,North Yorkshire Police,-1.085585,53.960387,On or near Lendal,E01013366,York 013A,Violence and sexual offences,Under investigation,
c8e4e1f0c80a7c15f9c98f0abe83783cb3da7b584bd53a27d30ba69432a62688,2026-02,North Yorkshire Police,North Yorkshire Police,-1.085120,53.964249,On or near Bootham Square,E01013366,York 013A,Violence and sexual offences,Under investigation,
677b4296dbdfd1b2b7847d5c5282e1a9b0ad6e7c5d2fa5e5e50a2ede58c4e737,2026-02,North Yorkshire Police,North Yorkshire Police,-1.085693,53.963813,On or near Bootham Row,E01013366,York 013A,Violence and sexual offences,Under investigation,
2aaaea22253d640b1dee2f5e45d5502cc73af7487e54b3627c6d1b89d379e611,2026-02,North Yorkshire Police,North Yorkshire Police,-1.084962,53.961677,On or near Theatre/Concert Hall,E01013366,York 013A,Violence and sexual offences,Unable to prosecute suspect,
63f8beb4f8c071cae121d0bbdc0cd6f23af2bdd316f4c184df1fcc171c1bfe9f,2026-02,North Yorkshire Police,North Yorkshire Police,-1.085585,53.960387,On or near Lendal,E01013366,York 013A,Violence and sexual offences,Under investigation,
d34d3cf5f80080effdb9cdddcb2ff327e3bba6b5122c709bb16f380041e53706,2026-02,North Yorkshire Police,North Yorkshire Police,-1.083246,53.958528,On or near ,E01013366,York 013A,Violence and sexual offences,Under investigation,
5b004362cb1160c5d9736d263d402d7e4f3c8324ee14106178e403eb66fdb35a,2026-02,North Yorkshire Police,North Yorkshire Police,-1.080749,53.962669,On or near Chapter House Street,E01013366,York 013A,Violence and sexual offences,Under investigation,
,2026-02,North Yorkshire Police,North Yorkshire Police,-1.078902,53.962781,On or near Monk Bar Court,E01013369,York 013C,Anti-social behaviour,,
,2026-02,North Yorkshire Police,North Yorkshire Police,-1.074713,53.965454,On or near Park Crescent,E01013369,York 013C,Anti-social behaviour,,
,2026-02,North Yorkshire Police,North Yorkshire Police,-1.077782,53.966575,On or near March Street,E01013369,York 013C,Anti-social behaviour,,
,2026-02,North Yorkshire Police,North Yorkshire Police,-1.074713,53.965454,On or near Park Crescent,E01013369,York 013C,Anti-social behaviour,,
ebbd48c012d9c9646bf8ac8cee99cfbc180bae4814823e34127850ee4302d9d8,2026-02,North Yorkshire Police,North Yorkshire Police,-1.077395,53.966859,On or near Lowther Street,E01013369,York 013C,Burglary,Under investigation,
a06b026cefa3c85d467637fb8c7f67c571e9cf4576d91e53f98b062d5f849149,2026-02,North Yorkshire Police,North Yorkshire Police,-1.074713,53.965454,On or near Park Crescent,E01013369,York 013C,Criminal damage and arson,Under investigation,
9a6339cda618f3a9a10a53896637ba7292bf8940579654de0277bee5f89d91d2,2026-02,North Yorkshire Police,North Yorkshire Police,-1.078902,53.962781,On or near Monk Bar Court,E01013369,York 013C,Criminal damage and arson,Under investigation,
9299015a2083f8fdfac6e989e97e7172bd57f24d191cd1a8afbefe3fe90a4d92,2026-02,North Yorkshire Police,North Yorkshire Police,-1.078349,53.964395,On or near Parking Area,E01013369,York 013C,Public order,Unable to prosecute suspect,
e98a34b1594c648d4b6f96ff707870c62ce34d4aa248d2594c0c676e62fd1198,2026-02,North Yorkshire Police,North Yorkshire Police,-1.077782,53.966575,On or near March Street,E01013369,York 013C,Public order,Awaiting court outcome,
65715383c5eaea97f1c5407713f321428422bc438f1d15be9e50136bd01d9275,2026-02,North Yorkshire Police,North Yorkshire Police,-1.076647,53.965496,On or near Penley'S Grove Street,E01013369,York 013C,Public order,Under investigation,
346ae95fb48b61dfd68bd146ceb03f2f8fd2b33d42c2ddd5f06a44f2bc7d15c9,2026-02,North Yorkshire Police,North Yorkshire Police,-1.077488,53.961242,On or near Aldwark,E01013369,York 013C,Public order,Investigation complete; no suspect identified,
48c122cfe1ea2010c7c9c6dbe45d66bfe31bc97ce70c24b83dbbd4c12f1d2e3c,2026-02,North Yorkshire Police,North Yorkshire Police,-1.079084,53.960778,On or near Granary Court,E01013369,York 013C,Shoplifting,Under investigation,
927832f78065a2b4f75db3a8c1ea665d2ae362e66b68a993be9b38ec03cb450a,2026-02,North Yorkshire Police,North Yorkshire Police,-1.074713,53.965454,On or near Park Crescent,E01013369,York 013C,Violence and sexual offences,Under investigation,
06ee493e4aeeb45eededb3557f73357d34005d2df10eb426212a40c479a6c45b,2026-02,North Yorkshire Police,North Yorkshire Police,-1.074713,53.965454,On or near Park Crescent,E01013369,York 013C,Violence and sexual offences,Under investigation,
3c452e54a5bbcc7153db7891193fd61f08a13df394210e07379734bc34f7cfdc,2026-02,North Yorkshire Police,North Yorkshire Police,-1.079084,53.960778,On or near Granary Court,E01013369,York 013C,Violence and sexual offences,Under investigation,
83e59d9f590d9b3a4171b60512dd7b0a277e916e45e63be01ffb844e09579a26,2026-02,North Yorkshire Police,North Yorkshire Police,-1.076656,53.962332,On or near Cloisters Walk,E01013369,York 013C,Violence and sexual offences,Under investigation,
,2026-02,North Yorkshire Police,North Yorkshire Police,-1.090173,53.951281,On or near Scarcroft Road,E01013416,York 013E,Anti-social behaviour,,
,2026-02,North Yorkshire Police,North Yorkshire Police,-1.089634,53.955025,On or near Parking Area,E01013416,York 013E,Anti-social behaviour,,
,2026-02,North Yorkshire Police,North Yorkshire Police,-1.086550,53.951793,On or near Alcelina Court,E01013416,York 013E,Anti-social behaviour,,
,2026-02,North Yorkshire Police,North Yorkshire Police,-1.095692,53.954685,On or near Lowther Terrace,E01013416,York 013E,Anti-social behaviour,,
,2026-02,North Yorkshire Police,North Yorkshire Police,-1.092428,53.954804,On or near Blossom Street,E01013416,York 013E,Anti-social behaviour,,
,2026-02,North Yorkshire Police,North Yorkshire Police,-1.093194,53.954621,On or near Conference/Exhibition Centre,E01013416,York 013E,Anti-social behaviour,,
,2026-02,North Yorkshire Police,North Yorkshire Police,-1.092428,53.954804,On or near Blossom Street,E01013416,York 013E,Anti-social behaviour,,
94a8fc0c0cb2163c7452bab9557b4b6d2bfaac76b86a611f10226b523983c4b1,2026-02,North Yorkshire Police,North Yorkshire Police,-1.086026,53.952787,On or near St Benedict Road,E01013416,York 013E,Burglary,Under investigation,
21977c14685c9b00f20d06d3d77195e6705d1f4739122fc314f39ae5a9efb089,2026-02,North Yorkshire Police,North Yorkshire Police,-1.090173,53.951281,On or near Scarcroft Road,E01013416,York 013E,Burglary,Investigation complete; no suspect identified,
3e0318f45def5cfe9443ae30231bff01a34c012ea8470b0956d22e45e0cc4af6,2026-02,North Yorkshire Police,North Yorkshire Police,-1.090173,53.951281,On or near Scarcroft Road,E01013416,York 013E,Criminal damage and arson,Under investigation,
f6a7ccffaa4b8ce00def6d06e46ca6d1a749a0371dcb5b52ddabc7bbc9ba0497,2026-02,North Yorkshire Police,North Yorkshire Police,-1.090173,53.951281,On or near Scarcroft Road,E01013416,York 013E,Criminal damage and arson,Under investigation,
b1d7f6bc8bfeacee983c8acb0abded4f9c97ac5e551eba0986721b1655139ef8,2026-02,North Yorkshire Police,North Yorkshire Police,-1.085002,53.952204,On or near Clement Street,E01013416,York 013E,Criminal damage and arson,Investigation complete; no suspect identified,
68cc1953be547dbe733eb41ce44ed072931ca45cd55e19eb8009d9ccbde81194,2026-02,North Yorkshire Police,North Yorkshire Police,-1.090765,53.953497,On or near Caesar Court,E01013416,York 013E,Criminal damage and arson,Under investigation,
d53bc161dce0686e5f8f62c4ffbf293cc85ee8e522fee056dcc5762dda03ae3a,2026-02,North Yorkshire Police,North Yorkshire Police,-1.086026,53.952787,On or near St Benedict Road,E01013416,York 013E,Drugs,Under investigation,
9381d378df4a45f19808705767e4a406a10dda0e44e3201b33cf4486978c93a6,2026-02,North Yorkshire Police,North Yorkshire Police,-1.088079,53.952955,On or near Dove Street,E01013416,York 013E,Drugs,Investigation complete; no suspect identified,
8c6d28506bf57a04ba1704b53dce001b2d4c9162f0bab752253a6829589cd1bf,2026-02,North Yorkshire Police,North Yorkshire Police,-1.085002,53.952204,On or near Clement Street,E01013416,York 013E,Public order,Under investigation,
e95c4301ad09f5e2ebe2046f9f7bdce74af804dd5839ebac17014fc530252c90,2026-02,North Yorkshire Police,North Yorkshire Police,-1.088374,53.952733,On or near Cygnet Street,E01013416,York 013E,Violence and sexual offences,Under investigation,
5ef7a1a4fb1072752e5fa1b222f733e0167b628bea3bfc36f1b78e454cf4c723,2026-02,North Yorkshire Police,North Yorkshire Police,-1.090173,53.951281,On or near Scarcroft Road,E01013416,York 013E,Violence and sexual offences,Under investigation,
37b2ead8284f65f299473379164fdc7eff8087f9b1541d7615ff06e0b26b4c7d,2026-02,North Yorkshire Police,North Yorkshire Police,-1.090765,53.953497,On or near Caesar Court,E01013416,York 013E,Violence and sexual offences,Under investigation,
3b67966182a279bedf20bfa7d6bba880e9f179ae52038487a041add9b0a8f1b5,2026-02,North Yorkshire Police,North Yorkshire Police,-1.093194,53.954621,On or near Conference/Exhibition Centre,E01013416,York 013E,Violence and sexual offences,Under investigation,
97e233f9325fe42871728192a7df0a1b4e2c315d2591665b70cab73a644b4077,2026-02,North Yorkshire Police,North Yorkshire Police,-1.094130,53.955032,On or near Nightclub,E01013416,York 013E,Violence and sexual offences,Under investigation,
d8f6a6550e5fcd0745d961eb5c9225456449168f3e9397c9b63d3a74950e2d36,2026-02,North Yorkshire Police,North Yorkshire Police,-1.086536,53.953159,On or near Ancress Walk,E01013416,York 013E,Other crime,Awaiting court outcome,
,2026-02,North Yorkshire Police,North Yorkshire Police,-1.068879,53.958399,On or near Supermarket,E01033067,York 013F,Anti-social behaviour,,
,2026-02,North Yorkshire Police,North Yorkshire Police,-1.068879,53.958399,On or near Supermarket,E01033067,York 013F,Anti-social behaviour,,
,2026-02,North Yorkshire Police,North Yorkshire Police,-1.076595,53.960274,On or near St Saviour'S Place,E01033067,York 013F,Anti-social behaviour,,
,2026-02,North Yorkshire Police,North Yorkshire Police,-1.073882,53.955489,On or near Albert Street,E01033067,York 013F,Anti-social behaviour,,
,2026-02,North Yorkshire Police,North Yorkshire Police,-1.068879,53.958399,On or near Supermarket,E01033067,York 013F,Anti-social behaviour,,
,2026-02,North Yorkshire Police,North Yorkshire Police,-1.074647,53.955333,On or near Margaret Street,E01033067,York 013F,Anti-social behaviour,,
,2026-02,North Yorkshire Police,North Yorkshire Police,-1.074092,53.959068,On or near Palmer Street,E01033067,York 013F,Anti-social behaviour,,
,2026-02,North Yorkshire Police,North Yorkshire Police,-1.068879,53.958399,On or near Supermarket,E01033067,York 013F,Anti-social behaviour,,
575d5ef73762f424e6d81789d600c50d1e6985c6f8ece66e86b1344b6b4a9d43,2026-02,North Yorkshire Police,North Yorkshire Police,-1.079183,53.959053,On or near Whip-Ma-Whop-Ma-Gate,E01033067,York 013F,Bicycle theft,Investigation complete; no suspect identified,
f9650a96d94cb69d7c6df0b2498b7023f710441b6234a5b36188dcb7bc193016,2026-02,North Yorkshire Police,North Yorkshire Police,-1.079183,53.959053,On or near Whip-Ma-Whop-Ma-Gate,E01033067,York 013F,Bicycle theft,Under investigation,
9efab658ac2ece4e6875afe24ce42e2e13b82586203e78a2b85d0ca36d7cc6b2,2026-02,North Yorkshire Police,North Yorkshire Police,-1.067812,53.957707,On or near Alexandra Court,E01033067,York 013F,Burglary,Under investigation,
e51948b636948610789ee2fca5bc4105a9c45a6800de7ccb9d02bf092ffd6b88,2026-02,North Yorkshire Police,North Yorkshire Police,-1.064838,53.959167,On or near Hazel Court,E01033067,York 013F,Criminal damage and arson,Investigation complete; no suspect identified,
60774d9bad6bfbc1aff5f6e50a556ec3091ef429dd2c16ee73b321daa4fbdca6,2026-02,North Yorkshire Police,North Yorkshire Police,-1.068338,53.955321,On or near Brinkworth Terrace,E01033067,York 013F,Criminal damage and arson,Under investigation,
5e2a377d5ce0060771448f3f1926ca0de780cedeaf74ece92debc941181ba623,2026-02,North Yorkshire Police,North Yorkshire Police,-1.078355,53.959245,On or near Parking Area,E01033067,York 013F,Criminal damage and arson,Awaiting court outcome,
d42260057bff15bde291cc7bfb9f301c30cfd2df643d620e464d7a0f82d9523c,2026-02,North Yorkshire Police,North Yorkshire Police,-1.068338,53.955321,On or near Brinkworth Terrace,E01033067,York 013F,Drugs,Under investigation,
2f396c5c4670ebf03bb1ea90c0a456e564f2d9b57039b113d290e525692a373e,2026-02,North Yorkshire Police,North Yorkshire Police,-1.073084,53.959851,On or near Park/Open Space,E01033067,York 013F,Other theft,Investigation complete; no suspect identified,
23ed9acb3bf762ba74d8e2e93c5891fc6ba828f0626316af51bb5cec8bdb5f95,2026-02,North Yorkshire Police,North Yorkshire Police,-1.074647,53.955333,On or near Margaret Street,E01033067,York 013F,Public order,Under investigation,
ef2e031b3c6fdd4cecc955f53b914944eb4cec2c53142221c07c5b01668d3538,2026-02,North Yorkshire Police,North Yorkshire Police,-1.068879,53.958399,On or near Supermarket,E01033067,York 013F,Public order,Under investigation,
fc24e05f8c38407373f17e4c97aba1b11899a7829aab3bc6c96454c6574034d2,2026-02,North Yorkshire Police,North Yorkshire Police,-1.069846,53.956725,On or near Supermarket,E01033067,York 013F,Shoplifting,Under investigation,
bd9ddba5768250fb9b6a7c13a03754d6d185d0e6dd02bd057fdfed4ddf1c6b56,2026-02,North Yorkshire Police,North Yorkshire Police,-1.068879,53.958399,On or near Supermarket,E01033067,York 013F,Shoplifting,Under investigation,
f5c3ae885d2ed3d57ad63376d31541a1e8748547eb2a50abe07d8c58b2b8139f,2026-02,North Yorkshire Police,North Yorkshire Police,-1.068879,53.958399,On or near Supermarket,E01033067,York 013F,Shoplifting,Under investigation,
bcd03daf769757705f82bdcd2e833327a607ba48eea6e4c75bfb83de0cc74a07,2026-02,North Yorkshire Police,North Yorkshire Police,-1.069846,53.956725,On or near Supermarket,E01033067,York 013F,Shoplifting,Awaiting court outcome,
2b6a1356e00bffbbc83620d2c55b1f8afdf2eff09877b6e4b4a11f0db2b2336c,2026-02,North Yorkshire Police,North Yorkshire Police,-1.068879,53.958399,On or near Supermarket,E01033067,York 013F,Shoplifting,Investigation complete; no suspect identified,
28a127ff14f79be36be92e664fb7723d04c7d7bcbbb1f29c981ead2f599ee029,2026-02,North Yorkshire Police,North Yorkshire Police,-1.068879,53.958399,On or near Supermarket,E01033067,York 013F,Shoplifting,Under investigation,
6636e8e3b1d8ebb58e0f2a581231ce40f631e5412955cda964a8c5490abcf4ac,2026-02,North Yorkshire Police,North Yorkshire Police,-1.078355,53.959245,On or near Parking Area,E01033067,York 013F,Violence and sexual offences,Awaiting court outcome,
a94f9706bf2e99a16558b5f4c51a57456b995fda5b7b270b50bcf6c403eef14a,2026-02,North Yorkshire Police,North Yorkshire Police,-1.074106,53.956372,On or near Walmgate,E01033067,York 013F,Violence and sexual offences,Under investigation,
6ad27473f4fd013ab752078815b790dd95c3822b200e9ade507f6451c484bc9a,2026-02,North Yorkshire Police,North Yorkshire Police,-1.077871,53.959798,On or near St Saviourgate,E01033067,York 013F,Violence and sexual offences,Unable to prosecute suspect,
f7e2cb6b31e8af8aebb10279c3dff7b4b9c6314fe2431640cb2d1d51bd5cc8a2,2026-02,North Yorkshire Police,North Yorkshire Police,-1.068338,53.955321,On or near Brinkworth Terrace,E01033067,York 013F,Violence and sexual offences,Under investigation,
a03ee108cdc2f3eeb5b7a75343ffef5791d0ff194ae44b1b5070e04cfaf1d519,2026-02,North Yorkshire Police,North Yorkshire Police,-1.068879,53.958399,On or near Supermarket,E01033067,York 013F,Violence and sexual offences,Under investigation,
e95a3fd530276105bc3e36fdf4c5ec83a483931bd5ffb3812d14714d2216fc34,2026-02,North Yorkshire Police,North Yorkshire Police,-1.068338,53.955321,On or near Brinkworth Terrace,E01033067,York 013F,Violence and sexual offences,Under investigation,
e41a048177f958894a64358613116267fff934336db86f15a595990b78acf47c,2026-02,North Yorkshire Police,North Yorkshire Police,-1.074647,53.955333,On or near Margaret Street,E01033067,York 013F,Violence and sexual offences,Under investigation,
e41a048177f958894a64358613116267fff934336db86f15a595990b78acf47c,2026-02,North Yorkshire Police,North Yorkshire Police,-1.074647,53.955333,On or near Margaret Street,E01033067,York 013F,Violence and sexual offences,Under investigation,
16ef6bbe2d95d534710deda5a88b683333ae9b6bd79e5ef9a52f452d59dcb1ab,2026-02,North Yorkshire Police,North Yorkshire Police,-1.076595,53.960274,On or near St Saviour'S Place,E01033067,York 013F,Violence and sexual offences,Under investigation,
4a4b5d449f25ab98e57cde3eb9fcb655cbc9e5c47591cdb2e60317d080690a6d,2026-02,North Yorkshire Police,North Yorkshire Police,-1.075240,53.954390,On or near ,E01033067,York 013F,Violence and sexual offences,Under investigation,
,2026-02,North Yorkshire Police,North Yorkshire Police,-1.087694,53.958732,On or near Rougier Street,E01033068,York 013G,Anti-social behaviour,,
,2026-02,North Yorkshire Police,North Yorkshire Police,-1.086732,53.958796,On or near Nightclub,E01033068,York 013G,Anti-social behaviour,,
,2026-02,North Yorkshire Police,North Yorkshire Police,-1.087694,53.958732,On or near Rougier Street,E01033068,York 013G,Anti-social behaviour,,
,2026-02,North Yorkshire Police,North Yorkshire Police,-1.090996,53.956150,On or near Bar Lane,E01033068,York 013G,Anti-social behaviour,,
,2026-02,North Yorkshire Police,North Yorkshire Police,-1.090996,53.956150,On or near Bar Lane,E01033068,York 013G,Anti-social behaviour,,
,2026-02,North Yorkshire Police,North Yorkshire Police,-1.090996,53.956150,On or near Bar Lane,E01033068,York 013G,Anti-social behaviour,,
,2026-02,North Yorkshire Police,North Yorkshire Police,-1.088164,53.958160,On or near Tanner Row,E01033068,York 013G,Anti-social behaviour,,
,2026-02,North Yorkshire Police,North Yorkshire Police,-1.087626,53.959055,On or near Parking Area,E01033068,York 013G,Anti-social behaviour,,
,2026-02,North Yorkshire Police,North Yorkshire Police,-1.092228,53.958398,On or near Parking Area,E01033068,York 013G,Anti-social behaviour,,
,2026-02,North Yorkshire Police,North Yorkshire Police,-1.092228,53.958398,On or near Parking Area,E01033068,York 013G,Anti-social behaviour,,
,2026-02,North Yorkshire Police,North Yorkshire Police,-1.086785,53.957808,On or near George Hudson Street,E01033068,York 013G,Anti-social behaviour,,
,2026-02,North Yorkshire Police,North Yorkshire Police,-1.091223,53.960430,On or near Parking Area,E01033068,York 013G,Anti-social behaviour,,
,2026-02,North Yorkshire Police,North Yorkshire Police,-1.092228,53.958398,On or near Parking Area,E01033068,York 013G,Anti-social behaviour,,
,2026-02,North Yorkshire Police,North Yorkshire Police,-1.092228,53.958398,On or near Parking Area,E01033068,York 013G,Anti-social behaviour,,
73d72f64c7a2bd94f58ebe54d1651e8367d2ed96491bec093357ed859f5052ee,2026-02,North Yorkshire Police,North Yorkshire Police,-1.089752,53.955925,On or near Dewsbury Court,E01033068,York 013G,Bicycle theft,Under investigation,
cfd211bf8f12bd38c31f94436ccf44a0f83d665d4a1be49b6b7be4e13195e6ac,2026-02,North Yorkshire Police,North Yorkshire Police,-1.090996,53.956150,On or near Bar Lane,E01033068,York 013G,Bicycle theft,Investigation complete; no suspect identified,
a714f4bc14d87a3fa584d463b394541c8719a99214c533ae42bb38166da28169,2026-02,North Yorkshire Police,North Yorkshire Police,-1.090996,53.956150,On or near Bar Lane,E01033068,York 013G,Criminal damage and arson,Investigation complete; no suspect identified,
743df026065cd88035c25ea7286b16fba3d6ed98a5ee399f7ef7795bd694d355,2026-02,North Yorkshire Police,North Yorkshire Police,-1.088597,53.957139,On or near Micklegate,E01033068,York 013G,Criminal damage and arson,Under investigation,
c9b58fdc5b8b3355c4d945bb1d2e1fe2f582682b34be5ac0d8fcccd148bcd9bd,2026-02,North Yorkshire Police,North Yorkshire Police,-1.088597,53.957139,On or near Micklegate,E01033068,York 013G,Criminal damage and arson,Under investigation,
2d9e4dc7239b007f03252c5736bf067787424c652ce81d8409da318128fcf3cb,2026-02,North Yorkshire Police,North Yorkshire Police,-1.091223,53.960430,On or near Parking Area,E01033068,York 013G,Drugs,Under investigation,
757089660c700b749324180a389c1c123c056c1aff84055f071c53ea27a3808c,2026-02,North Yorkshire Police,North Yorkshire Police,-1.091223,53.960430,On or near Parking Area,E01033068,York 013G,Drugs,Awaiting court outcome,
1715c4a31cdaa7c232a895724f5bcf7cdfc8a0c7621ea0d6898f72d0106d6482,2026-02,North Yorkshire Police,North Yorkshire Police,-1.088597,53.957139,On or near Micklegate,E01033068,York 013G,Drugs,Further investigation is not in the public interest,
53dab421224143683200e087cc2898af12b3e5452bbae654da3ee3ecce715cdc,2026-02,North Yorkshire Police,North Yorkshire Police,-1.091223,53.960430,On or near Parking Area,E01033068,York 013G,Other theft,Investigation complete; no suspect identified,
d540643f659f35106cc2fdda78750c608659cf666ccc7444473d829b452aa2ca,2026-02,North Yorkshire Police,North Yorkshire Police,-1.092228,53.958398,On or near Parking Area,E01033068,York 013G,Other theft,Under investigation,
02ebb58bf5e39450d262941fa537b2185b872b84ec4ee17ef4103cfe5cce6a1e,2026-02,North Yorkshire Police,North Yorkshire Police,-1.091223,53.960430,On or near Parking Area,E01033068,York 013G,Other theft,Investigation complete; no suspect identified,
5f8a492d568eee24f90b6568abe00ab04c9c4994352d54b3117719fb3312bb9e,2026-02,North Yorkshire Police,North Yorkshire Police,-1.087626,53.959055,On or near Parking Area,E01033068,York 013G,Other theft,Under investigation,
62da3a98a566fd054353e2f89adc30fa8e1dac8f05e15abaeaaafb2f54dcbea2,2026-02,North Yorkshire Police,North Yorkshire Police,-1.084983,53.957273,On or near Bridge Street,E01033068,York 013G,Other theft,Unable to prosecute suspect,
34b19455702a0802e5f08398e2afde6c36a953cbfbba2342af1cb66a7667f772,2026-02,North Yorkshire Police,North Yorkshire Police,-1.091223,53.960430,On or near Parking Area,E01033068,York 013G,Other theft,Under investigation,
40a343e916260034f5763015efbfa04f03140141295e92ece4b3baf44418e315,2026-02,North Yorkshire Police,North Yorkshire Police,-1.083870,53.956563,On or near Queen'S Staith Road,E01033068,York 013G,Public order,Under investigation,
8bac1c11c71153ec2860cd6bff58cc9dcf484f9a8fdc9e624ff2247df3f3e63a,2026-02,North Yorkshire Police,North Yorkshire Police,-1.086732,53.958796,On or near Nightclub,E01033068,York 013G,Public order,Under investigation,
0464f76385c7a72ed82212af21c7815d3eb41cc66858dcbe0f8f44788a459441,2026-02,North Yorkshire Police,North Yorkshire Police,-1.090996,53.956150,On or near Bar Lane,E01033068,York 013G,Public order,Under investigation,
b434fd8ce4e95f8a852b936e967b84cf609e9b83eb4a50d3f312385b4dd873f3,2026-02,North Yorkshire Police,North Yorkshire Police,-1.090996,53.956150,On or near Bar Lane,E01033068,York 013G,Public order,Under investigation,
1b24bd2c0c5eac8bdb1657dd82258da32dcdcde704de08aa34c889224131e7f7,2026-02,North Yorkshire Police,North Yorkshire Police,-1.084983,53.957273,On or near Bridge Street,E01033068,York 013G,Public order,Under investigation,
d3af753ee6aa999ebf6bf21cc40000068d316e32d16664a1087389206e766531,2026-02,North Yorkshire Police,North Yorkshire Police,-1.091289,53.956692,On or near Nightclub,E01033068,York 013G,Public order,Under investigation,
f64a59ec920f7b1977868674e2a515f49b219c00ac73ce634b2cc3b55aa6ce27,2026-02,North Yorkshire Police,North Yorkshire Police,-1.091223,53.960430,On or near Parking Area,E01033068,York 013G,Public order,Under investigation,
194478bc36d2b20680283ed220d2e620ab08a7a89a3ba73b321255568bdc43b1,2026-02,North Yorkshire Police,North Yorkshire Police,-1.091223,53.960430,On or near Parking Area,E01033068,York 013G,Public order,Under investigation,
8d12cfc40080f582b7646dbbead51b427f32a632e2450cecb8232060d9c5f559,2026-02,North Yorkshire Police,North Yorkshire Police,-1.091223,53.960430,On or near Parking Area,E01033068,York 013G,Robbery,Unable to prosecute suspect,
924f8ef9ee57e07640b50f64b4706046afcc07cefcc1db4a79c24d61040afadc,2026-02,North Yorkshire Police,North Yorkshire Police,-1.084983,53.957273,On or near Bridge Street,E01033068,York 013G,Robbery,Under investigation,
7b0f8f8acf7a7a93149f1312183a3665ac60eda63922d89d99f35763344e229a,2026-02,North Yorkshire Police,North Yorkshire Police,-1.084983,53.957273,On or near Bridge Street,E01033068,York 013G,Shoplifting,Investigation complete; no suspect identified,
939b888c35d732db8faed932d640910df488b00c7fdd45b778f9f2105930d9a8,2026-02,North Yorkshire Police,North Yorkshire Police,-1.084983,53.957273,On or near Bridge Street,E01033068,York 013G,Shoplifting,Under investigation,
92e9520714540c97178a7bb9f9f224270a6ca99464ea656cb156fa9b1909f178,2026-02,North Yorkshire Police,North Yorkshire Police,-1.092228,53.958398,On or near Parking Area,E01033068,York 013G,Vehicle crime,Investigation complete; no suspect identified,
0db7889b17ae3d32779c8673aa02fe0f42f9753a203ee7b0db87ba44e57801a5,2026-02,North Yorkshire Police,North Yorkshire Police,-1.091223,53.960430,On or near Parking Area,E01033068,York 013G,Violence and sexual offences,Under investigation,
52278c276a99cf87b6199dc134549c681d1b1b5c891e945d9bc99382494007ae,2026-02,North Yorkshire Police,North Yorkshire Police,-1.091223,53.960430,On or near Parking Area,E01033068,York 013G,Violence and sexual offences,Under investigation,
7a2b41071facf7c61b523292572d7f4540f4d55ef58d6915cb8ecb70c3a822e6,2026-02,North Yorkshire Police,North Yorkshire Police,-1.086785,53.957808,On or near George Hudson Street,E01033068,York 013G,Violence and sexual offences,Under investigation,
8550e5f4cd715c95c473734ed3516e5514e2f116d5e06255f5fc9d3150e5f76a,2026-02,North Yorkshire Police,North Yorkshire Police,-1.086785,53.957808,On or near George Hudson Street,E01033068,York 013G,Violence and sexual offences,Under investigation,
0e2c7cbda117a6da52034b6bf553501271bf43579982e3e43ae940d848d88225,2026-02,North Yorkshire Police,North Yorkshire Police,-1.086732,53.958796,On or near Nightclub,E01033068,York 013G,Violence and sexual offences,Under investigation,
320ceae89f1fdd9630e3d32bb84e4b938b7e9405cad716999fdbf94deda1bda8,2026-02,North Yorkshire Police,North Yorkshire Police,-1.087409,53.957831,On or near Parking Area,E01033068,York 013G,Violence and sexual offences,Under investigation,
ba5cd8277d92ca0dae04b91d4909a659627d721c74e2e36714a6b1acedef959b,2026-02,North Yorkshire Police,North Yorkshire Police,-1.090996,53.956150,On or near Bar Lane,E01033068,York 013G,Violence and sexual offences,Under investigation,
ec90aa5f7469439ae7b5edb2e725b9909706d0a181cbed896ab57f1cf88d5693,2026-02,North Yorkshire Police,North Yorkshire Police,-1.086732,53.958796,On or near Nightclub,E01033068,York 013G,Violence and sexual offences,Under investigation,
0b7ad09afa76957562646b8370a51db08e18596c69678b54527923d262910fe9,2026-02,North Yorkshire Police,North Yorkshire Police,-1.084983,53.957273,On or near Bridge Street,E01033068,York 013G,Violence and sexual offences,Under investigation,
8f18ec74a65b07154be5173648935ab32cf4acf9c369c5d1fea79ced4227a10a,2026-02,North Yorkshire Police,North Yorkshire Police,-1.084983,53.957273,On or near Bridge Street,E01033068,York 013G,Violence and sexual offences,Under investigation,
ea89e6cb2ed1d96e13642b89da356d3e70a6ef516a1c8944efca89525d7f5729,2026-02,North Yorkshire Police,North Yorkshire Police,-1.086785,53.957808,On or near George Hudson Street,E01033068,York 013G,Violence and sexual offences,Under investigation,
958fe21e485beb07a58c51d91a332f6832b1af9c680fea36105e2fb4537c5b37,2026-02,North Yorkshire Police,North Yorkshire Police,-1.087409,53.957831,On or near Parking Area,E01033068,York 013G,Violence and sexual offences,Under investigation,
0c0868e76fe0dc4b262ba4cda8a47955444dfa588efe2f2b5416b047249243e9,2026-02,North Yorkshire Police,North Yorkshire Police,-1.087409,53.957831,On or near Parking Area,E01033068,York 013G,Violence and sexual offences,Under investigation,
8f499891acae82b905a39c4c92420a4100598f246feb6d47a3999312ffa1412f,2026-02,North Yorkshire Police,North Yorkshire Police,-1.084983,53.957273,On or near Bridge Street,E01033068,York 013G,Violence and sexual offences,Under investigation,
5ac50212e0db172c9363f0a12c8936ff10bdb9f18255a03c01d2d825701353c7,2026-02,North Yorkshire Police,North Yorkshire Police,-1.091223,53.960430,On or near Parking Area,E01033068,York 013G,Violence and sexual offences,Under investigation,
4671ba5c5d13d187bbf60c26ef09e4efa57ecf948dae90381eec4f43a400f8fe,2026-02,North Yorkshire Police,North Yorkshire Police,-1.086785,53.957808,On or near George Hudson Street,E01033068,York 013G,Violence and sexual offences,Under investigation,
e32034070fd6514bdcd8dae0d84dc149005380aeccff8d042ed8a898d321555e,2026-02,North Yorkshire Police,North Yorkshire Police,-1.085481,53.958167,On or near North Street,E01033068,York 013G,Violence and sexual offences,Under investigation,
b604cc9dfe14460199613c677e14a4b63aa807b86a18eaf4590a7571176f8a67,2026-02,North Yorkshire Police,North Yorkshire Police,-1.087409,53.957831,On or near Parking Area,E01033068,York 013G,Violence and sexual offences,Under investigation,
d4df09bd699a8388e6e9497dfc55952700a91891ca6e14ba5886d2cdf9699b46,2026-02,North Yorkshire Police,North Yorkshire Police,-1.087409,53.957831,On or near Parking Area,E01033068,York 013G,Violence and sexual offences,Under investigation,
1e1601c955ba4eab3f90d66dcdeed148a006a369ecb9ccc9bed4b19072535c77,2026-02,North Yorkshire Police,North Yorkshire Police,-1.091223,53.960430,On or near Parking Area,E01033068,York 013G,Violence and sexual offences,Unable to prosecute suspect,
b8ffa3b0fa0336ecf877d1aea724a2306e83717f0300f321af6fbdbd99b6a280,2026-02,North Yorkshire Police,North Yorkshire Police,-1.091223,53.960430,On or near Parking Area,E01033068,York 013G,Violence and sexual offences,Under investigation,
19fd04d72385cfa172798aae93f35e7cfd5a5b536f4733c3025e434b17d3cbd0,2026-02,North Yorkshire Police,North Yorkshire Police,-1.087409,53.957831,On or near Parking Area,E01033068,York 013G,Violence and sexual offences,Under investigation,
1588d7f5968954d46689312077e80484ce59d7f93d3e184cf3b227ba7aa98b80,2026-02,North Yorkshire Police,North Yorkshire Police,-1.091223,53.960430,On or near Parking Area,E01033068,York 013G,Violence and sexual offences,Under investigation,
0c1e7e8298ba9c80b4fc06811c595d74f3a92032ab71560ba179fca14f0eba8a,2026-02,North Yorkshire Police,North Yorkshire Police,-1.092228,53.958398,On or near Parking Area,E01033068,York 013G,Violence and sexual offences,Under investigation,
f75ad2bc4ad43e17ba1aab0b431b4f20af34546272e1d06549c60bc56b54be14,2026-02,North Yorkshire Police,North Yorkshire Police,-1.088164,53.958160,On or near Tanner Row,E01033068,York 013G,Violence and sexual offences,Under investigation,
e2fb897213655d20b867710ad4e32e1d7079bc0190d52359b590de5e9816a793,2026-02,North Yorkshire Police,North Yorkshire Police,-1.092228,53.958398,On or near Parking Area,E01033068,York 013G,Violence and sexual offences,Under investigation,
7941da5303213bca67778cccce20d2d5c80d96bf9d005a039363f265019cdcc1,2026-02,North Yorkshire Police,North Yorkshire Police,-1.089426,53.957585,On or near Bus/Coach Station,E01033068,York 013G,Violence and sexual offences,Under investigation,
4fc300ec4cc8e44ddc19c6780a3c8b48c8b2379a1324286cc72221030553319b,2026-02,North Yorkshire Police,North Yorkshire Police,-1.091223,53.960430,On or near Parking Area,E01033068,York 013G,Violence and sexual offences,Unable to prosecute suspect,
75ac1eb0cb95e957f10d2061c6c19f4be3e11bba4581062c099d5c4f2c71707f,2026-02,North Yorkshire Police,North Yorkshire Police,-1.086732,53.958796,On or near Nightclub,E01033068,York 013G,Violence and sexual offences,Under investigation,
bc6a4f8a5a41e3607050f05649ba6bf2a3a077229d11bdfa608f58057c9e26a3,2026-02,North Yorkshire Police,North Yorkshire Police,-1.086732,53.958796,On or near Nightclub,E01033068,York 013G,Violence and sexual offences,Under investigation,
02ad83163666248db54dabcefc4daf82efd39a1a83a74e458613c2947c3350d9,2026-02,North Yorkshire Police,North Yorkshire Police,-1.086732,53.958796,On or near Nightclub,E01033068,York 013G,Violence and sexual offences,Under investigation,
7024b9390a3353dd705ace2e70d477d14ae5c0ad33e84686d346e18bbf8c7ad2,2026-02,North Yorkshire Police,North Yorkshire Police,-1.086732,53.958796,On or near Nightclub,E01033068,York 013G,Violence and sexual offences,Under investigation,
9c9704593bfc0daf5f79f7a0a2bc320f20983d261929b30642f2cfe4c1ed10e0,2026-02,North Yorkshire Police,North Yorkshire Police,-1.086732,53.958796,On or near Nightclub,E01033068,York 013G,Violence and sexual offences,Under investigation,
7272df4b9765341a42dd52fd46dea82606bc8dc17908aa93b41e3458bd297105,2026-02,North Yorkshire Police,North Yorkshire Police,-1.090996,53.956150,On or near Bar Lane,E01033068,York 013G,Violence and sexual offences,Under investigation,
78d6ee8d680e6e910d821b03f4aad87fe00a44df0e625b1dc9c6aba7696d3179,2026-02,North Yorkshire Police,North Yorkshire Police,-1.087626,53.959055,On or near Parking Area,E01033068,York 013G,Violence and sexual offences,Under investigation,
433f2d237bfdf4370da4e97a564a7dbb930eb1510ed952b86fe3fe3326255296,2026-02,North Yorkshire Police,North Yorkshire Police,-1.086732,53.958796,On or near Nightclub,E01033068,York 013G,Violence and sexual offences,Under investigation,
4af55aba8edb9f289a57ae148ad0547595c668da5adb9e857b51746abcd2b14c,2026-02,North Yorkshire Police,North Yorkshire Police,-1.087409,53.957831,On or near Parking Area,E01033068,York 013G,Violence and sexual offences,Under investigation,
7a848a438d0400473fa7f58a65c6f960bb58dd37b4c112593a5da546561e3587,2026-02,North Yorkshire Police,North Yorkshire Police,-1.086785,53.957808,On or near George Hudson Street,E01033068,York 013G,Violence and sexual offences,Under investigation,
f1f229d47e6fd91f86748b0ca509225b619b3bcf52ab7271c42c8ec4f1caec98,2026-02,North Yorkshire Police,North Yorkshire Police,-1.086785,53.957808,On or near George Hudson Street,E01033068,York 013G,Violence and sexual offences,Investigation complete; no suspect identified,
1a1694656b141a99d1db730ed8cf6f88672a7f42f97be64b2e7db73852d79f20,2026-02,North Yorkshire Police,North Yorkshire Police,-1.086732,53.958796,On or near Nightclub,E01033068,York 013G,Violence and sexual offences,Under investigation,
5fee7d0a643b2d0a42a0eb1aa8da982cf42e63e2cec4e396686205781dbb9fae,2026-02,North Yorkshire Police,North Yorkshire Police,-1.086732,53.958796,On or near Nightclub,E01033068,York 013G,Violence and sexual offences,Under investigation,
7c5fe84cf8f1074b59da10e140d24f5c05ca7bd9d996599957c66d6fb9c14349,2026-02,North Yorkshire Police,North Yorkshire Police,-1.086732,53.958796,On or near Nightclub,E01033068,York 013G,Violence and sexual offences,Under investigation,
02ad83163666248db54dabcefc4daf82efd39a1a83a74e458613c2947c3350d9,2026-02,North Yorkshire Police,North Yorkshire Police,-1.086732,53.958796,On or near Nightclub,E01033068,York 013G,Violence and sexual offences,Under investigation,
7024b9390a3353dd705ace2e70d477d14ae5c0ad33e84686d346e18bbf8c7ad2,2026-02,North Yorkshire Police,North Yorkshire Police,-1.086732,53.958796,On or near Nightclub,E01033068,York 013G,Violence and sexual offences,Under investigation,
9c082f7de1385741d22b5f31213165abb3e09a5b5f0b50e20d12f58f288c73d5,2026-02,North Yorkshire Police,North Yorkshire Police,-1.091223,53.960430,On or near Parking Area,E01033068,York 013G,Other crime,Awaiting court outcome,
,2026-02,North Yorkshire Police,North Yorkshire Police,-1.084913,53.954172,On or near Kyme Street,E01033069,York 013H,Anti-social behaviour,,
,2026-02,North Yorkshire Police,North Yorkshire Police,-1.087135,53.955698,On or near Bishophill Junior,E01033069,York 013H,Anti-social behaviour,,
,2026-02,North Yorkshire Police,North Yorkshire Police,-1.087880,53.956495,On or near Trinity Lane,E01033069,York 013H,Anti-social behaviour,,
,2026-02,North Yorkshire Police,North Yorkshire Police,-1.087880,53.956495,On or near Trinity Lane,E01033069,York 013H,Anti-social behaviour,,
a78158109316b1f25c3d20cb93e949a08000b7cad9864431f3dbe960195f60e1,2026-02,North Yorkshire Police,North Yorkshire Police,-1.087157,53.956813,On or near St Martin'S Lane,E01033069,York 013H,Violence and sexual offences,Under investigation,
a2f96f69446d22597422ddd42c9cfc588228e52949555ac38543bc1dcec6ecda,2026-02,North Yorkshire Police,North Yorkshire Police,-1.083485,53.955365,On or near Skeldergate,E01033069,York 013H,Violence and sexual offences,Under investigation,
23e4b001c466411e98540e8a5454b9a69852454824321687724a269de10d0275,2026-02,North Yorkshire Police,North Yorkshire Police,-1.087157,53.956813,On or near St Martin'S Lane,E01033069,York 013H,Violence and sexual offences,Under investigation,
592f4a7d68bbfc53efd67bb3e9589958c7376384d100c87b1f4172e0e5cb47c3,2026-02,North Yorkshire Police,North Yorkshire Police,-1.083485,53.955365,On or near Skeldergate,E01033069,York 013H,Violence and sexual offences,Under investigation,
6b7f24a53c75e82576511f99b2722cfc387e8aa8f176a6a264af1e3a0602a30d,2026-02,North Yorkshire Police,North Yorkshire Police,-1.087880,53.956495,On or near Trinity Lane,E01033069,York 013H,Violence and sexual offences,Under investigation,
,2026-02,North Yorkshire Police,North Yorkshire Police,-1.080242,53.958346,On or near ,E01033070,York 013I,Anti-social behaviour,,
,2026-02,North Yorkshire Police,North Yorkshire Police,-1.081430,53.958064,On or near High Ousegate,E01033070,York 013I,Anti-social behaviour,,
,2026-02,North Yorkshire Police,North Yorkshire Police,-1.079597,53.956836,On or near Shopping Area,E01033070,York 013I,Anti-social behaviour,,
,2026-02,North Yorkshire Police,North Yorkshire Police,-1.079324,53.957819,On or near ,E01033070,York 013I,Anti-social behaviour,,
,2026-02,North Yorkshire Police,North Yorkshire Police,-1.080058,53.960121,On or near King'S Square,E01033070,York 013I,Anti-social behaviour,,
,2026-02,North Yorkshire Police,North Yorkshire Police,-1.082269,53.958690,On or near Market Street,E01033070,York 013I,Anti-social behaviour,,
,2026-02,North Yorkshire Police,North Yorkshire Police,-1.078993,53.955888,On or near Parking Area,E01033070,York 013I,Anti-social behaviour,,
,2026-02,North Yorkshire Police,North Yorkshire Police,-1.078993,53.955888,On or near Parking Area,E01033070,York 013I,Anti-social behaviour,,
,2026-02,North Yorkshire Police,North Yorkshire Police,-1.082340,53.956866,On or near Cumberland Street,E01033070,York 013I,Anti-social behaviour,,
,2026-02,North Yorkshire Police,North Yorkshire Police,-1.080242,53.958346,On or near ,E01033070,York 013I,Anti-social behaviour,,
,2026-02,North Yorkshire Police,North Yorkshire Police,-1.080126,53.957588,On or near Shopping Area,E01033070,York 013I,Anti-social behaviour,,
,2026-02,North Yorkshire Police,North Yorkshire Police,-1.078993,53.955888,On or near Parking Area,E01033070,York 013I,Anti-social behaviour,,
,2026-02,North Yorkshire Police,North Yorkshire Police,-1.081702,53.956754,On or near Clifford Street,E01033070,York 013I,Anti-social behaviour,,
,2026-02,North Yorkshire Police,North Yorkshire Police,-1.078249,53.957159,On or near Merchantgate,E01033070,York 013I,Anti-social behaviour,,
,2026-02,North Yorkshire Police,North Yorkshire Police,-1.080632,53.959658,On or near Newgate,E01033070,York 013I,Anti-social behaviour,,
,2026-02,North Yorkshire Police,North Yorkshire Police,-1.079324,53.957819,On or near ,E01033070,York 013I,Anti-social behaviour,,
,2026-02,North Yorkshire Police,North Yorkshire Police,-1.080058,53.960121,On or near King'S Square,E01033070,York 013I,Anti-social behaviour,,
,2026-02,North Yorkshire Police,North Yorkshire Police,-1.079800,53.958689,On or near Pavement,E01033070,York 013I,Anti-social behaviour,,
,2026-02,North Yorkshire Police,North Yorkshire Police,-1.079800,53.958689,On or near Pavement,E01033070,York 013I,Anti-social behaviour,,
,2026-02,North Yorkshire Police,North Yorkshire Police,-1.079324,53.957819,On or near ,E01033070,York 013I,Anti-social behaviour,,
,2026-02,North Yorkshire Police,North Yorkshire Police,-1.077608,53.954439,On or near A1036,E01033070,York 013I,Anti-social behaviour,,
,2026-02,North Yorkshire Police,North Yorkshire Police,-1.080058,53.960121,On or near King'S Square,E01033070,York 013I,Anti-social behaviour,,
,2026-02,North Yorkshire Police,North Yorkshire Police,-1.079324,53.957819,On or near ,E01033070,York 013I,Anti-social behaviour,,
,2026-02,North Yorkshire Police,North Yorkshire Police,-1.084118,53.959281,On or near ,E01033070,York 013I,Anti-social behaviour,,
,2026-02,North Yorkshire Police,North Yorkshire Police,-1.080659,53.957060,On or near Castlegate,E01033070,York 013I,Anti-social behaviour,,
,2026-02,North Yorkshire Police,North Yorkshire Police,-1.080058,53.960121,On or near King'S Square,E01033070,York 013I,Anti-social behaviour,,
,2026-02,North Yorkshire Police,North Yorkshire Police,-1.078993,53.955888,On or near Parking Area,E01033070,York 013I,Anti-social behaviour,,
,2026-02,North Yorkshire Police,North Yorkshire Police,-1.077608,53.954439,On or near A1036,E01033070,York 013I,Anti-social behaviour,,
,2026-02,North Yorkshire Police,North Yorkshire Police,-1.079324,53.957819,On or near ,E01033070,York 013I,Anti-social behaviour,,
,2026-02,North Yorkshire Police,North Yorkshire Police,-1.081430,53.958064,On or near High Ousegate,E01033070,York 013I,Anti-social behaviour,,
5dcbbc045c04a8d1d4f705ee9fe1141e9bb9b1e51bad26fb346df5cf50655c9c,2026-02,North Yorkshire Police,North Yorkshire Police,-1.080242,53.958346,On or near ,E01033070,York 013I,Bicycle theft,Under investigation,
211c9ea99a738e1100e7e3e8e96bde4b8ec049900f989054f75f52a1cb21a20a,2026-02,North Yorkshire Police,North Yorkshire Police,-1.081430,53.958064,On or near High Ousegate,E01033070,York 013I,Bicycle theft,Under investigation,
f92cac5a0fa527e20edccaaa1aa98b0d7128b8697a80235f164cdcc4d74bdf3c,2026-02,North Yorkshire Police,North Yorkshire Police,-1.078249,53.957159,On or near Merchantgate,E01033070,York 013I,Bicycle theft,Investigation complete; no suspect identified,
d512ee4e92eb13dcc895bdda7e30d7ac5ae1afd58cf3ccb746daf4fd6ee6726f,2026-02,North Yorkshire Police,North Yorkshire Police,-1.082340,53.956866,On or near Cumberland Street,E01033070,York 013I,Criminal damage and arson,Under investigation,
92078c09f4ca0fa0d4ce4e0dd78700b8ec15cd1572ce3cf0de009af3b1c8bf28,2026-02,North Yorkshire Police,North Yorkshire Police,-1.081139,53.958790,On or near Parliament Street,E01033070,York 013I,Criminal damage and arson,Under investigation,
5e58883687dfeab9cbf43d06eb244859b096af3cc622ac50ba5464717544ba92,2026-02,North Yorkshire Police,North Yorkshire Police,-1.080058,53.960121,On or near King'S Square,E01033070,York 013I,Criminal damage and arson,Under investigation,
babf6ba83478fff7758f26d7d21431f449a23bc9ae5bdef963860e1e60bf937c,2026-02,North Yorkshire Police,North Yorkshire Police,-1.076817,53.957139,On or near Barleycorn Yard,E01033070,York 013I,Criminal damage and arson,Unable to prosecute suspect,
d3875fb3d1b9fdc56453fde2602e7999d18c6411be917ba563d60a3d7b281a76,2026-02,North Yorkshire Police,North Yorkshire Police,-1.082269,53.958690,On or near Market Street,E01033070,York 013I,Criminal damage and arson,Under investigation,
cd5908faa1c825568a6e939d21ee8166f682cb8f860e245a589938e8da6c2056,2026-02,North Yorkshire Police,North Yorkshire Police,-1.082240,53.956569,On or near Theatre/Concert Hall,E01033070,York 013I,Criminal damage and arson,Under investigation,
286f92584202e35b278da4d09de8cf5600aa305ee4434f74030437d3ce17ab0c,2026-02,North Yorkshire Police,North Yorkshire Police,-1.079800,53.958689,On or near Pavement,E01033070,York 013I,Criminal damage and arson,Under investigation,
96f9f7ce394b46cb297f0f11342768a53594176efdc492fbf7270bebc74a6e03,2026-02,North Yorkshire Police,North Yorkshire Police,-1.076695,53.955070,On or near Mill Street,E01033070,York 013I,Criminal damage and arson,Investigation complete; no suspect identified,
f3115e6ae78e17d38cd8185e924460d1cdcb73dc664ab5e51f9c4c14de003bd3,2026-02,North Yorkshire Police,North Yorkshire Police,-1.080242,53.958346,On or near ,E01033070,York 013I,Drugs,Local resolution,
3c5e0e2cae38fc5054629b48de463e1c1b55c5445e8f769b8c3a3f346002725f,2026-02,North Yorkshire Police,North Yorkshire Police,-1.082340,53.956866,On or near Cumberland Street,E01033070,York 013I,Drugs,Under investigation,
8829625aa79c968e6522e157e787c7a9bc649847570d9aaece2ed222aacf0bb7,2026-02,North Yorkshire Police,North Yorkshire Police,-1.080632,53.959658,On or near Newgate,E01033070,York 013I,Drugs,Under investigation,
d4ae2211a889a92797b45e3e54aec979e2231962858e363b39334c807951823b,2026-02,North Yorkshire Police,North Yorkshire Police,-1.078993,53.955888,On or near Parking Area,E01033070,York 013I,Drugs,Under investigation,
487a82a507389f39bc89b15bf021dd6a7079a323203fc66a8ff859936d262ae8,2026-02,North Yorkshire Police,North Yorkshire Police,-1.080058,53.960121,On or near King'S Square,E01033070,York 013I,Drugs,Under investigation,
16fcf2ffd754053f21ab62904311bdde9fad3a9e69d3432f89839f0c5bc69c10,2026-02,North Yorkshire Police,North Yorkshire Police,-1.077608,53.954439,On or near A1036,E01033070,York 013I,Other theft,Under investigation,
6712d056bd507fd1feb64e2fc9f88837890e2286b633c91b79895722af4f0d6f,2026-02,North Yorkshire Police,North Yorkshire Police,-1.082340,53.956866,On or near Cumberland Street,E01033070,York 013I,Other theft,Under investigation,
29a56e50bfd1dea1aa38ed88697427eb0a4c6a90c97602b91363d936e0d3ebe5,2026-02,North Yorkshire Police,North Yorkshire Police,-1.080242,53.958346,On or near ,E01033070,York 013I,Other theft,Under investigation,
edef5e95fde3c0a45b0203d139838ef20bbe492e5385dec3273f1f8ec9b528c1,2026-02,North Yorkshire Police,North Yorkshire Police,-1.078993,53.955888,On or near Parking Area,E01033070,York 013I,Other theft,Under investigation,
a1460d575f3fe43d54331d5f04efe0fd94b552bd51a024b0f0c5f1653fc54250,2026-02,North Yorkshire Police,North Yorkshire Police,-1.080242,53.958346,On or near ,E01033070,York 013I,Public order,Under investigation,
eaa8de6ff49695ef45feb59bec1559378d79fb202c8889164488583f30a5f093,2026-02,North Yorkshire Police,North Yorkshire Police,-1.082376,53.957280,On or near King Street,E01033070,York 013I,Public order,Unable to prosecute suspect,
d436b311c53481871bfc1023eb93694a7870f60db9618090441beecd1e87ca3f,2026-02,North Yorkshire Police,North Yorkshire Police,-1.082339,53.957862,On or near ,E01033070,York 013I,Public order,Under investigation,
c2999f60cefd7eec9a4bccdcd936345171adbd551c70fb2670d66914e70d34cc,2026-02,North Yorkshire Police,North Yorkshire Police,-1.082376,53.957280,On or near King Street,E01033070,York 013I,Public order,Under investigation,
ff69e63f5b7daa13c9fdb7d43098c5433794abbd020f42b967b7b6a9b441f8c4,2026-02,North Yorkshire Police,North Yorkshire Police,-1.082339,53.957862,On or near ,E01033070,York 013I,Public order,Under investigation,
724ca5cdc9e77b79e81d2de71113303746d2978f662a643337674fc4b4c28760,2026-02,North Yorkshire Police,North Yorkshire Police,-1.080451,53.958919,On or near Shopping Area,E01033070,York 013I,Shoplifting,Under investigation,
2eb14304214a4ea5ae693672705c6460cc36d0f88ae28268b86e513526c89341,2026-02,North Yorkshire Police,North Yorkshire Police,-1.081430,53.958064,On or near High Ousegate,E01033070,York 013I,Shoplifting,Under investigation,
5ee0ae26815538a001c2a8ae3c16640aef3049f7e910e25f68f2962d9c964b9d,2026-02,North Yorkshire Police,North Yorkshire Police,-1.080451,53.958919,On or near Shopping Area,E01033070,York 013I,Shoplifting,Local resolution,
e2a318c8e7cea66ba32bca11556995fd67e4d1a036e560c94aebf5675003a493,2026-02,North Yorkshire Police,North Yorkshire Police,-1.082376,53.957280,On or near King Street,E01033070,York 013I,Shoplifting,Investigation complete; no suspect identified,
f136ebcb7e91cd210214a585c9950f1048e13d8c9301a0f99a9aefdb2e948aa5,2026-02,North Yorkshire Police,North Yorkshire Police,-1.081430,53.958064,On or near High Ousegate,E01033070,York 013I,Shoplifting,Investigation complete; no suspect identified,
3649329912d93c0231bb50d68eb2a819c838a199baf31fd9987dfa6cd8ca49f0,2026-02,North Yorkshire Police,North Yorkshire Police,-1.080451,53.958919,On or near Shopping Area,E01033070,York 013I,Shoplifting,Investigation complete; no suspect identified,
7d8bbb75b1255834e140e560af2581172e67e3d1ffcf83f5af1d3210f7d03490,2026-02,North Yorkshire Police,North Yorkshire Police,-1.080242,53.958346,On or near ,E01033070,York 013I,Shoplifting,Under investigation,
817c3c234c1d5026003a4fc3807ffc80b6ec66d4279750258ad2bce18eaabf1c,2026-02,North Yorkshire Police,North Yorkshire Police,-1.082376,53.957280,On or near King Street,E01033070,York 013I,Shoplifting,Awaiting court outcome,
fd6d1b769de8a091ba4337661b26cbf305508a419d847dd6b044182e8c91506d,2026-02,North Yorkshire Police,North Yorkshire Police,-1.080242,53.958346,On or near ,E01033070,York 013I,Shoplifting,Investigation complete; no suspect identified,
3eda296afcaccb3e7911757f4077aca7e925b457931937cbcdcc94d0ef5176c1,2026-02,North Yorkshire Police,North Yorkshire Police,-1.082269,53.958690,On or near Market Street,E01033070,York 013I,Shoplifting,Investigation complete; no suspect identified,
aaa002e08f6fdfe76653aa28532d9229bdc0bcf5b6ecc7a9600acc05492ac6a7,2026-02,North Yorkshire Police,North Yorkshire Police,-1.079324,53.957819,On or near ,E01033070,York 013I,Shoplifting,Under investigation,
97e846d8210e25866bb1725d01aabf1e9bc597b1167980cc5404911908d87e29,2026-02,North Yorkshire Police,North Yorkshire Police,-1.080058,53.960121,On or near King'S Square,E01033070,York 013I,Shoplifting,Investigation complete; no suspect identified,
423acd3f59419d9baa7594cb46ac636bfee836b2336a4f180860f76d3ebfd03d,2026-02,North Yorkshire Police,North Yorkshire Police,-1.079597,53.956836,On or near Shopping Area,E01033070,York 013I,Shoplifting,Investigation complete; no suspect identified,
fd5d581af2b7acd99bfa4205f300c8800d19ee4c847f817ae24d52e8bd284a24,2026-02,North Yorkshire Police,North Yorkshire Police,-1.080126,53.957588,On or near Shopping Area,E01033070,York 013I,Shoplifting,Under investigation,
1b85ddb4aae1b136561b6f828a4aa1a5589f97553fadaedb124dc4e6e2e7f5ec,2026-02,North Yorkshire Police,North Yorkshire Police,-1.080451,53.958919,On or near Shopping Area,E01033070,York 013I,Shoplifting,Under investigation,
ed5137c4e16335fca56cccee3bd05e5824d1e9badf2b3d3e1d0257f1d1dd615f,2026-02,North Yorkshire Police,North Yorkshire Police,-1.080242,53.958346,On or near ,E01033070,York 013I,Shoplifting,Under investigation,
b51ca297fa27dde1172caa1ec7c709ff206eca2bb34a35d9377e51d5daf0f6d5,2026-02,North Yorkshire Police,North Yorkshire Police,-1.082376,53.957280,On or near King Street,E01033070,York 013I,Shoplifting,Local resolution,
1968482836a30a39bab0b47773d56b125437ab147904d6d36cffbf1e0c0d4b88,2026-02,North Yorkshire Police,North Yorkshire Police,-1.077608,53.954439,On or near A1036,E01033070,York 013I,Shoplifting,Under investigation,
52765d55bcc3ab84b291858ecc7716cf6643dd83a3179822232f8ef7dc72f69d,2026-02,North Yorkshire Police,North Yorkshire Police,-1.080438,53.959476,On or near Little Shambles,E01033070,York 013I,Shoplifting,Investigation complete; no suspect identified,
c5510c7266666e6a7b7dbce1f0d8fe059460b2cb0448c5e644edaadfa622402c,2026-02,North Yorkshire Police,North Yorkshire Police,-1.080451,53.958919,On or near Shopping Area,E01033070,York 013I,Shoplifting,Under investigation,
95959423efa659f61401b09b71c5162e6b6e9c9dac3ef655f3e62c2506e88f7c,2026-02,North Yorkshire Police,North Yorkshire Police,-1.079597,53.956836,On or near Shopping Area,E01033070,York 013I,Shoplifting,Under investigation,
2e8b62078e0a728faab462260739dd09857887d38170874149737d100dc862f3,2026-02,North Yorkshire Police,North Yorkshire Police,-1.082269,53.958690,On or near Market Street,E01033070,York 013I,Shoplifting,Under investigation,
2a94a545dc6fa4edea7a01c96946319856d11fbdbb3f3b386ff70e9bafbcfb03,2026-02,North Yorkshire Police,North Yorkshire Police,-1.081430,53.958064,On or near High Ousegate,E01033070,York 013I,Shoplifting,Local resolution,
379099d648f732c43e6573e484af1077d8d1e82c244b15259f26c39b2e5025a9,2026-02,North Yorkshire Police,North Yorkshire Police,-1.080126,53.957588,On or near Shopping Area,E01033070,York 013I,Shoplifting,Under investigation,
a0dbe0bfcf08721b560e308591852101e58b31e5520b30d79f68a24132619c77,2026-02,North Yorkshire Police,North Yorkshire Police,-1.078605,53.958303,On or near Fossgate,E01033070,York 013I,Shoplifting,Investigation complete; no suspect identified,
c332d314a3c5547e23f8cdcb038d6a54353b4dce4aecfc7399099423df2e26da,2026-02,North Yorkshire Police,North Yorkshire Police,-1.080451,53.958919,On or near Shopping Area,E01033070,York 013I,Shoplifting,Local resolution,
428355ed6ec37545259fcacccd05dfc86a8fc15e452fb504efc3c337a6fadbb8,2026-02,North Yorkshire Police,North Yorkshire Police,-1.079597,53.956836,On or near Shopping Area,E01033070,York 013I,Shoplifting,Investigation complete; no suspect identified,
43a164c534b213d49e0a59197c5ca0abfc1225dc6b63fa2c0241b45fb1bbcfdd,2026-02,North Yorkshire Police,North Yorkshire Police,-1.080451,53.958919,On or near Shopping Area,E01033070,York 013I,Shoplifting,Under investigation,
209f50b596afb01ce3e87153798b90feaf47ce497fe507b41c4b6d02e94262cb,2026-02,North Yorkshire Police,North Yorkshire Police,-1.080451,53.958919,On or near Shopping Area,E01033070,York 013I,Shoplifting,Under investigation,
9a36751665a8b8dd21ea6a70312694293b2092561d638169028fdca9bcc58eb7,2026-02,North Yorkshire Police,North Yorkshire Police,-1.080451,53.958919,On or near Shopping Area,E01033070,York 013I,Shoplifting,Under investigation,
937c77b2ee485244edd66d67b199e5439ff95cad6dc9c8527ff251dbd7a7c02e,2026-02,North Yorkshire Police,North Yorkshire Police,-1.080451,53.958919,On or near Shopping Area,E01033070,York 013I,Shoplifting,Under investigation,
cf02c6bd89c6989d0ea816cb5f8833a0db3f7d3255e384d454930293af728177,2026-02,North Yorkshire Police,North Yorkshire Police,-1.080242,53.958346,On or near ,E01033070,York 013I,Vehicle crime,Investigation complete; no suspect identified,
87fa08d721c1846c2d7195bdd02bee7df7ece3a02629cc89e003dc31862297b8,2026-02,North Yorkshire Police,North Yorkshire Police,-1.077316,53.956639,On or near Shopping Area,E01033070,York 013I,Vehicle crime,Under investigation,
0d6d3fddc205f3e2e8d8c4d91afced50035a316384861b30f10184a492dff428,2026-02,North Yorkshire Police,North Yorkshire Police,-1.082376,53.957280,On or near King Street,E01033070,York 013I,Vehicle crime,Under investigation,
d66c5378e2899fd12ae84525b7d21bbaef4985c6ce5e0c2d1df675256d193f13,2026-02,North Yorkshire Police,North Yorkshire Police,-1.080242,53.958346,On or near ,E01033070,York 013I,Vehicle crime,Investigation complete; no suspect identified,
f10059c3e1698fab06adcf57b98241b5e83c81000a51d8243fa20a2afc46af37,2026-02,North Yorkshire Police,North Yorkshire Police,-1.082376,53.957280,On or near King Street,E01033070,York 013I,Violence and sexual offences,Unable to prosecute suspect,
a7ed4f2b7f7f1a56ca220594eb03cbd0f886e7b367444999e65c07bdf746006c,2026-02,North Yorkshire Police,North Yorkshire Police,-1.080058,53.960121,On or near King'S Square,E01033070,York 013I,Violence and sexual offences,Under investigation,
2f542e4a049c813d78abb8d3ced79afe05b9c1f437a959630413e7c429308202,2026-02,North Yorkshire Police,North Yorkshire Police,-1.080438,53.959476,On or near Little Shambles,E01033070,York 013I,Violence and sexual offences,Under investigation,
4538764091003e4dfb95efbe85a161b7bedb5c56332fcac27e59e8361e258303,2026-02,North Yorkshire Police,North Yorkshire Police,-1.077608,53.954439,On or near A1036,E01033070,York 013I,Violence and sexual offences,Under investigation,
ca48d48efdbb9f7f2a5fbeeddf7018e3b51bf5c7cc2dccdd10d4062bd950c88f,2026-02,North Yorkshire Police,North Yorkshire Police,-1.082240,53.956569,On or near Theatre/Concert Hall,E01033070,York 013I,Violence and sexual offences,Under investigation,
f0c41faf9bcf1e0de078642542e2f35951be1288d7695f10ac102ea76651a3bb,2026-02,North Yorkshire Police,North Yorkshire Police,-1.084118,53.959281,On or near ,E01033070,York 013I,Violence and sexual offences,Under investigation,
ffd6f66d0bbab6228cb939e59cb13839ec3d9973164b0505f3e562b021d304f6,2026-02,North Yorkshire Police,North Yorkshire Police,-1.075956,53.959559,On or near Dundas Street,E01033070,York 013I,Violence and sexual offences,Under investigation,
faa089cbbfe6efb95ec0b6168af8a42f136bbdbcef9529d4498a59da33c15e8e,2026-02,North Yorkshire Police,North Yorkshire Police,-1.084118,53.959281,On or near ,E01033070,York 013I,Violence and sexual offences,Under investigation,
58a6117ec5be0ead0fcb9aa316c3581df84492768bf537b90418bdd42bb8807c,2026-02,North Yorkshire Police,North Yorkshire Police,-1.084118,53.959281,On or near ,E01033070,York 013I,Violence and sexual offences,Under investigation,
ee4eae38bf3327f396763e14fd3eced50c16c8c08535299d29050ecba26187cc,2026-02,North Yorkshire Police,North Yorkshire Police,-1.080058,53.960121,On or near King'S Square,E01033070,York 013I,Violence and sexual offences,Under investigation,
57797c7321188dcea3cb684ddf663f89306bfa3f2618bb2dea14b82b920e8e0c,2026-02,North Yorkshire Police,North Yorkshire Police,-1.084118,53.959281,On or near ,E01033070,York 013I,Violence and sexual offences,Under investigation,
9b5de58a9edb25f8191c3e26fd97ce47eebb1804621e737556efd4a2cd5ccbe9,2026-02,North Yorkshire Police,North Yorkshire Police,-1.082339,53.957862,On or near ,E01033070,York 013I,Violence and sexual offences,Under investigation,
26de86b16b1b9b05e8055e710efd5605ef75d58fd637fb55052e1786a13b599f,2026-02,North Yorkshire Police,North Yorkshire Police,-1.084118,53.959281,On or near ,E01033070,York 013I,Violence and sexual offences,Under investigation,
b2c319eecc1a25bc521fc8c14a43ba2369720736e7fbda4e4e0cdcafade2b22e,2026-02,North Yorkshire Police,North Yorkshire Police,-1.077608,53.954439,On or near A1036,E01033070,York 013I,Violence and sexual offences,Unable to prosecute suspect,
9f616953f24f67e7f5b74badb498a508be3ae14b7f8df9e1918aa3da069bd37e,2026-02,North Yorkshire Police,North Yorkshire Police,-1.079800,53.958689,On or near Pavement,E01033070,York 013I,Violence and sexual offences,Unable to prosecute suspect,
0272f49245656574351515d520da4b2fcfe8c6333ffeb4530f4afa9be550ac69,2026-02,North Yorkshire Police,North Yorkshire Police,-1.082340,53.956866,On or near Cumberland Street,E01033070,York 013I,Violence and sexual offences,Under investigation,
8e0ab7a563af5f22c2ac50a9a9d8d640c5e480abcf8713ac4643ba3293e9bfce,2026-02,North Yorkshire Police,North Yorkshire Police,-1.084118,53.959281,On or near ,E01033070,York 013I,Violence and sexual offences,Awaiting court outcome,
3e04228dd951c459155c3120179b9c075fa053d02ac26beefe88c999a9853a46,2026-02,North Yorkshire Police,North Yorkshire Police,-1.082339,53.957862,On or near ,E01033070,York 013I,Violence and sexual offences,Under investigation,
767c55b93bc2909d0a3d75af86afccf19482940f3f553b540c8b4ceb705011af,2026-02,North Yorkshire Police,North Yorkshire Police,-1.076323,53.958816,On or near Carmelite Street,E01033070,York 013I,Violence and sexual offences,Under investigation,
28e3a23af6481bb74e637808d970e817380f01d03a14d0358cbfb0fc516834a4,2026-02,North Yorkshire Police,North Yorkshire Police,-1.082339,53.957862,On or near ,E01033070,York 013I,Violence and sexual offences,Under investigation,
c0194a2bcee73cb1f15fe9103be5df6ce747d0c8ab08eb706404900c57309e02,2026-02,North Yorkshire Police,North Yorkshire Police,-1.080058,53.960121,On or near King'S Square,E01033070,York 013I,Violence and sexual offences,Under investigation,
578ad5e338facb665ea1fc84dfd98dbaf05df1d326336c28703ca415e329f651,2026-02,North Yorkshire Police,North Yorkshire Police,-1.080058,53.960121,On or near King'S Square,E01033070,York 013I,Violence and sexual offences,Under investigation,
2414625a38782020ff8d311a88193d4b762077961170db53053abd3ba5b4bc76,2026-02,North Yorkshire Police,North Yorkshire Police,-1.080242,53.958346,On or near ,E01033070,York 013I,Violence and sexual offences,Under investigation,
b494f451e4ecb853f5511ccc719e71e35e60ec7995746d6fea9d9b50844c53a4,2026-02,North Yorkshire Police,North Yorkshire Police,-1.080058,53.960121,On or near King'S Square,E01033070,York 013I,Violence and sexual offences,Under investigation,
34cc7650c9a9637ca5012dc0dc61153761fff9c8b0c6049389923d60cefab5c5,2026-02,North Yorkshire Police,North Yorkshire Police,-1.077608,53.954439,On or near A1036,E01033070,York 013I,Violence and sexual offences,Under investigation,
5903eaf170322e0144588d5f58de3594c0f17dc30654e121d157437b21ea4519,2026-02,North Yorkshire Police,North Yorkshire Police,-1.080659,53.957060,On or near Castlegate,E01033070,York 013I,Violence and sexual offences,Under investigation,
7947afb14c87f09e9ba6b6e248817e765b048c5be3233013f1f2b2ca1d23ee29,2026-02,North Yorkshire Police,North Yorkshire Police,-1.084118,53.959281,On or near ,E01033070,York 013I,Violence and sexual offences,Awaiting court outcome,
bfed7019f89245430ec93970a25488322d4a656bf21f5faad58f116530184412,2026-02,North Yorkshire Police,North Yorkshire Police,-1.084118,53.959281,On or near ,E01033070,York 013I,Violence and sexual offences,Awaiting court outcome,
087a0ca22d4998cfd69c2ba93552603a3f1e572810bd5b049cf5d552b41000a0,2026-02,North Yorkshire Police,North Yorkshire Police,-1.072492,53.957006,On or near Navigation Road,E01033070,York 013I,Violence and sexual offences,Under investigation,
b84fa0bf2a2330d054ba1b60e1071395c6b290371d5f1b00e8c0e923ff196a1f,2026-02,North Yorkshire Police,North Yorkshire Police,-1.078249,53.957159,On or near Merchantgate,E01033070,York 013I,Violence and sexual offences,Under investigation,
1f82157d9efd588963a7600880cd2fe83bbd3c65f55669b5f0d0ef122c5099fb,2026-02,North Yorkshire Police,North Yorkshire Police,-1.082240,53.956569,On or near Theatre/Concert Hall,E01033070,York 013I,Violence and sexual offences,Unable to prosecute suspect,
3554c293a2b6e7fc2739f60e082d1e0c02a957789c37b02b79322e974d18087e,2026-02,North Yorkshire Police,North Yorkshire Police,-1.082339,53.957862,On or near ,E01033070,York 013I,Violence and sexual offences,Under investigation,
cb22b780edac354952295d86883edb384086393565ce814a2a27b4cbb4a57863,2026-02,North Yorkshire Police,North Yorkshire Police,-1.082240,53.956569,On or near Theatre/Concert Hall,E01033070,York 013I,Violence and sexual offences,Under investigation,
62ba49f9ba2505319b48d16e71555658ba71a69f516041113fabf1ee295114f1,2026-02,North Yorkshire Police,North Yorkshire Police,-1.073348,53.956851,On or near Percy'S Lane,E01033070,York 013I,Violence and sexual offences,Under investigation,
143151451dc87b52e8ab9fbb7c82bdc5983c0247df7ff694e63389805fd41387,2026-02,North Yorkshire Police,North Yorkshire Police,-1.078249,53.957159,On or near Merchantgate,E01033070,York 013I,Violence and sexual offences,Under investigation,
63bd656e1eb86979646b939cdbbd1d61e8e737ef0a0dbd47124a7b94b57d5e2e,2026-02,North Yorkshire Police,North Yorkshire Police,-1.077608,53.954439,On or near A1036,E01033070,York 013I,Violence and sexual offences,Under investigation,
fe690d293dfb43270dae59144d93f35a70acb0563e3b3c8275979a034a7108a9,2026-02,North Yorkshire Police,North Yorkshire Police,-1.078249,53.957159,On or near Merchantgate,E01033070,York 013I,Violence and sexual offences,Under investigation,
9376f057e82bb6ab229909bf0493e45c7fdd59eb120ce1f7f845b0b7caf7dd92,2026-02,North Yorkshire Police,North Yorkshire Police,-1.078249,53.957159,On or near Merchantgate,E01033070,York 013I,Violence and sexual offences,Under investigation,
1e1e10a3d9747f687978883b57ae639f5775c1e2523372e04356f09f3126bcf5,2026-02,North Yorkshire Police,North Yorkshire Police,-1.080058,53.960121,On or near King'S Square,E01033070,York 013I,Violence and sexual offences,Unable to prosecute suspect,
f9abd79fc28379992ff5c90badb5e42a18a7c6a15b60b39266d9a71f8bc61651,2026-02,North Yorkshire Police,North Yorkshire Police,-1.073348,53.956851,On or near Percy'S Lane,E01033070,York 013I,Violence and sexual offences,Under investigation,
014cbb02ca02eddbf1badafc3c19543e0662c98e10f1f7e2a9f22b269ce11742,2026-02,North Yorkshire Police,North Yorkshire Police,-1.078605,53.958303,On or near Fossgate,E01033070,York 013I,Violence and sexual offences,Under investigation,
03f37b304d3685c162ef0e7ba5e71a5e45e2e88c8f762c291607f8bba2b36ebe,2026-02,North Yorkshire Police,North Yorkshire Police,-1.084118,53.959281,On or near ,E01033070,York 013I,Violence and sexual offences,Under investigation,
d81c1a6b7aa03c5721941f76394c6b6be4e313dbf52ade0616a5fce9aa82e8f2,2026-02,North Yorkshire Police,North Yorkshire Police,-1.080632,53.959658,On or near Newgate,E01033070,York 013I,Violence and sexual offences,Unable to prosecute suspect,
1679778c3e8c537693884f96dbea1d5caa6f8a41cbbf97186cdbdff12a5dc214,2026-02,North Yorkshire Police,North Yorkshire Police,-1.084118,53.959281,On or near ,E01033070,York 013I,Violence and sexual offences,Under investigation,
,2026-02,North Yorkshire Police,North Yorkshire Police,-1.047633,53.965126,On or near Bad Bargain Lane,E01013381,York 014A,Anti-social behaviour,,
,2026-02,North Yorkshire Police,North Yorkshire Police,-1.047633,53.965126,On or near Bad Bargain Lane,E01013381,York 014A,Anti-social behaviour,,
,2026-02,North Yorkshire Police,North Yorkshire Police,-1.048400,53.964242,On or near Mossdale Avenue,E01013381,York 014A,Anti-social behaviour,,
,2026-02,North Yorkshire Police,North Yorkshire Police,-1.049018,53.961630,On or near ,E01013381,York 014A,Anti-social behaviour,,
,2026-02,North Yorkshire Police,North Yorkshire Police,-1.050055,53.966547,On or near Kirkstone Drive,E01013381,York 014A,Anti-social behaviour,,
,2026-02,North Yorkshire Police,North Yorkshire Police,-1.051953,53.964837,On or near Leyland Road,E01013381,York 014A,Anti-social behaviour,,
,2026-02,North Yorkshire Police,North Yorkshire Police,-1.048400,53.964242,On or near Mossdale Avenue,E01013381,York 014A,Anti-social behaviour,,
,2026-02,North Yorkshire Police,North Yorkshire Police,-1.048449,53.960737,On or near Gillamoor Avenue,E01013381,York 014A,Anti-social behaviour,,
,2026-02,North Yorkshire Police,North Yorkshire Police,-1.048400,53.964242,On or near Mossdale Avenue,E01013381,York 014A,Anti-social behaviour,,
,2026-02,North Yorkshire Police,North Yorkshire Police,-1.047633,53.965126,On or near Bad Bargain Lane,E01013381,York 014A,Anti-social behaviour,,
,2026-02,North Yorkshire Police,North Yorkshire Police,-1.049018,53.961630,On or near ,E01013381,York 014A,Anti-social behaviour,,
,2026-02,North Yorkshire Police,North Yorkshire Police,-1.053183,53.965053,On or near Woodside Avenue,E01013381,York 014A,Anti-social behaviour,,
7f3631c75ebacc66a30a73bd474a913e1badf899995661508fdb59a7c39af9b3,2026-02,North Yorkshire Police,North Yorkshire Police,-1.050059,53.960328,On or near Woodhouse Grove,E01013381,York 014A,Violence and sexual offences,Under investigation,
,2026-02,North Yorkshire Police,North Yorkshire Police,-1.037723,53.950621,On or near Brentwood Crescent,E01013402,York 014B,Anti-social behaviour,,
,2026-02,North Yorkshire Police,North Yorkshire Police,-1.039908,53.951034,On or near Bishopsway,E01013402,York 014B,Anti-social behaviour,,
,2026-02,North Yorkshire Police,North Yorkshire Police,-1.039908,53.951034,On or near Bishopsway,E01013402,York 014B,Anti-social behaviour,,
f417dabefbbf5e64fd7948ab713920a6dbb80099445558f270011f7e3c4e48e2,2026-02,North Yorkshire Police,North Yorkshire Police,-1.037693,53.951951,On or near Fernway,E01013402,York 014B,Burglary,Under investigation,
e4245491ece9d6696aad2caaf5eeaecd3f3cce57712cafd1010b4aa6113bbecc,2026-02,North Yorkshire Police,North Yorkshire Police,-1.037693,53.951951,On or near Fernway,E01013402,York 014B,Violence and sexual offences,Under investigation,
d1dbe06044c62e24c768960ee0cee1327b233960277ecbd56a6d294de0e5ae8b,2026-02,North Yorkshire Police,North Yorkshire Police,-1.039908,53.951034,On or near Bishopsway,E01013402,York 014B,Violence and sexual offences,Under investigation,
ae3541a74ed02fa8485eda3fe8469c2a8bac0669e33326c3112fd50309e6e06a,2026-02,North Yorkshire Police,North Yorkshire Police,-1.039908,53.951034,On or near Bishopsway,E01013402,York 014B,Violence and sexual offences,Under investigation,
ae3541a74ed02fa8485eda3fe8469c2a8bac0669e33326c3112fd50309e6e06a,2026-02,North Yorkshire Police,North Yorkshire Police,-1.039908,53.951034,On or near Bishopsway,E01013402,York 014B,Violence and sexual offences,Under investigation,
,2026-02,North Yorkshire Police,North Yorkshire Police,-1.040458,53.960287,On or near Derwent Mews,E01013419,York 014C,Anti-social behaviour,,
,2026-02,North Yorkshire Police,North Yorkshire Police,-1.038626,53.959724,On or near Derwent Way,E01013419,York 014C,Anti-social behaviour,,
,2026-02,North Yorkshire Police,North Yorkshire Police,-1.040458,53.960287,On or near Derwent Mews,E01013419,York 014C,Anti-social behaviour,,
,2026-02,North Yorkshire Police,North Yorkshire Police,-1.044647,53.960113,On or near ,E01013419,York 014C,Anti-social behaviour,,
3ae22e136c42c4f0374ca3a2872d1d7dea53f49158bd83883f05eb15865602a5,2026-02,North Yorkshire Police,North Yorkshire Police,-1.044231,53.965225,On or near Ribstone Grove,E01013419,York 014C,Criminal damage and arson,Under investigation,
,2026-02,North Yorkshire Police,North Yorkshire Police,-1.029780,53.956732,On or near Bedale Avenue,E01013420,York 014D,Anti-social behaviour,,
9a3aa77bd32cfbd346df663aa6f10f7dbd82d59ad2c29088e0c07d28a261694b,2026-02,North Yorkshire Police,North Yorkshire Police,-1.033760,53.956620,On or near Thirkleby Way,E01013420,York 014D,Shoplifting,Investigation complete; no suspect identified,
d469a5b3eef544c4c337431145434f98104a14b98d47601f2c1bbe86764c6747,2026-02,North Yorkshire Police,North Yorkshire Police,-1.029101,53.953885,On or near Petrol Station,E01013420,York 014D,Shoplifting,Investigation complete; no suspect identified,
8c513f059d7f0010865f7a149b80c8fd208f4633c0ad035ccbb7e970658860f7,2026-02,North Yorkshire Police,North Yorkshire Police,-1.030898,53.955815,On or near Baysdale Avenue,E01013420,York 014D,Violence and sexual offences,Under investigation,
,2026-02,North Yorkshire Police,North Yorkshire Police,-1.058980,53.960119,On or near St Aelreds Close,E01013384,York 015A,Anti-social behaviour,,
,2026-02,North Yorkshire Police,North Yorkshire Police,-1.058980,53.960119,On or near St Aelreds Close,E01013384,York 015A,Anti-social behaviour,,
2d25edfb3f627517cef376bb325a10a23c98b6ccef5ba33f1968687067e927d2,2026-02,North Yorkshire Police,North Yorkshire Police,-1.058980,53.960119,On or near St Aelreds Close,E01013384,York 015A,Bicycle theft,Under investigation,
41aa5dd07ee02bf3bd4d5f5d94492fa44c0d08ce99d25fd62b98b3e62def28cd,2026-02,North Yorkshire Police,North Yorkshire Police,-1.058980,53.960119,On or near St Aelreds Close,E01013384,York 015A,Criminal damage and arson,Investigation complete; no suspect identified,
11f1a43200753014f2a408bce6c33932af4d4c63621ae194d18aaa5b966919f2,2026-02,North Yorkshire Police,North Yorkshire Police,-1.058980,53.960119,On or near St Aelreds Close,E01013384,York 015A,Criminal damage and arson,Investigation complete; no suspect identified,
8a8b6900ce1b603bf737bf48be2f7525ed9d17fd61ff564568cdcc3a32b9cb04,2026-02,North Yorkshire Police,North Yorkshire Police,-1.054230,53.961232,On or near Rockingham Avenue,E01013384,York 015A,Possession of weapons,Under investigation,
ec26aa51fb4958a4721be666a9f2ec27af02df27edfa81413d41f2f958edf8c2,2026-02,North Yorkshire Police,North Yorkshire Police,-1.054580,53.960223,On or near ,E01013384,York 015A,Violence and sexual offences,Under investigation,
216e1d254c291ff37a59745d2fbcd88848a337f09ae8e202d675e89c2d623906,2026-02,North Yorkshire Police,North Yorkshire Police,-1.054230,53.961232,On or near Rockingham Avenue,E01013384,York 015A,Violence and sexual offences,Under investigation,
92b0d32470e714724c289c9c2e15f9dba6b62675f91f68c6c2355cd6103bb732,2026-02,North Yorkshire Police,North Yorkshire Police,-1.056519,53.961754,On or near Cosmo Avenue,E01013384,York 015A,Violence and sexual offences,Unable to prosecute suspect,
e15a238d353ed0695cd90da43340c9195e1facf0a615a95274a5310cb6bf357b,2026-02,North Yorkshire Police,North Yorkshire Police,-1.054230,53.961232,On or near Rockingham Avenue,E01013384,York 015A,Violence and sexual offences,Under investigation,
,2026-02,North Yorkshire Police,North Yorkshire Police,-1.045375,53.957882,On or near Moore Avenue,E01013398,York 015B,Anti-social behaviour,,
23380ff33dc69dbfe731511aa6494a0306820f42593a1497145404e4102d121d,2026-02,North Yorkshire Police,North Yorkshire Police,-1.046969,53.957454,On or near Tuke Avenue,E01013398,York 015B,Burglary,Under investigation,
57c1446797368349fb836ac6dc7fb938e74754a6d35e97efdcacd301d9909344,2026-02,North Yorkshire Police,North Yorkshire Police,-1.045345,53.955176,On or near Hadrian Avenue,E01013398,York 015B,Criminal damage and arson,Investigation complete; no suspect identified,
a5036c0ce4490a6c945130793fa7e94740195afc4488116dbd7599cec8172753,2026-02,North Yorkshire Police,North Yorkshire Police,-1.040838,53.955023,On or near Wolviston Avenue,E01013398,York 015B,Other theft,Investigation complete; no suspect identified,
fc6f0c9905a6430f29d528d57fd01cca665bf1774428d36bd61407c958f67064,2026-02,North Yorkshire Police,North Yorkshire Police,-1.045181,53.956999,On or near Osbaldwick Lane,E01013398,York 015B,Violence and sexual offences,Unable to prosecute suspect,
8676ea6f48ed5fefd867d52c26d42913311022e662c34b0a4e662fe6806b4ff3,2026-02,North Yorkshire Police,North Yorkshire Police,-1.045181,53.956999,On or near Osbaldwick Lane,E01013398,York 015B,Violence and sexual offences,Unable to prosecute suspect,
ae36846e6b75f3c8fc32011114b7ce365ac0e91925b389124be38b0cf8ef818d,2026-02,North Yorkshire Police,North Yorkshire Police,-1.046969,53.957454,On or near Tuke Avenue,E01013398,York 015B,Violence and sexual offences,Investigation complete; no suspect identified,
c1b06949aa54d453e80bb48c2495a0be6fe0c30e989a35d9736b54b87efec537,2026-02,North Yorkshire Police,North Yorkshire Police,-1.042963,53.954726,On or near Woolnough Avenue,E01013398,York 015B,Violence and sexual offences,Unable to prosecute suspect,
b59a0eb561086ac8b96d4a58f4afe8f5c172485227f6bebdff2e2f17ed822ae4,2026-02,North Yorkshire Police,North Yorkshire Police,-1.045181,53.956999,On or near Osbaldwick Lane,E01013398,York 015B,Violence and sexual offences,Under investigation,
1031730cdad196f12340cca1617b0d4e0046a1c4741c83a5f8d1c6c56a326be3,2026-02,North Yorkshire Police,North Yorkshire Police,-1.045181,53.956999,On or near Osbaldwick Lane,E01013398,York 015B,Violence and sexual offences,Under investigation,
ccec3901afe6944129fe87e2536d7db8f86c8b4fcafe5dc78a98ed911a5b2329,2026-02,North Yorkshire Police,North Yorkshire Police,-1.045181,53.956999,On or near Osbaldwick Lane,E01013398,York 015B,Violence and sexual offences,Under investigation,
95b152f47b7094629da4a590f0d022eb2b16f2c6737ce81e3d650b3d74645d6a,2026-02,North Yorkshire Police,North Yorkshire Police,-1.045181,53.956999,On or near Osbaldwick Lane,E01013398,York 015B,Violence and sexual offences,Under investigation,
b59a0eb561086ac8b96d4a58f4afe8f5c172485227f6bebdff2e2f17ed822ae4,2026-02,North Yorkshire Police,North Yorkshire Police,-1.045181,53.956999,On or near Osbaldwick Lane,E01013398,York 015B,Violence and sexual offences,Under investigation,
ed35ca0a06d2a276b301e9777e9a59e682abf973e8ed64b7c996f176c35f8416,2026-02,North Yorkshire Police,North Yorkshire Police,-1.045375,53.957882,On or near Moore Avenue,E01013398,York 015B,Violence and sexual offences,Under investigation,
,2026-02,North Yorkshire Police,North Yorkshire Police,-1.052827,53.957905,On or near Welborn Close,E01013399,York 015C,Anti-social behaviour,,
,2026-02,North Yorkshire Police,North Yorkshire Police,-1.053241,53.958447,On or near Etty Avenue,E01013399,York 015C,Anti-social behaviour,,
,2026-02,North Yorkshire Police,North Yorkshire Police,-1.059247,53.957038,On or near Harington Avenue,E01013399,York 015C,Anti-social behaviour,,
f70c5b07d66b57bdcbad43481010054b07a7ed6d6333ad75a64cb1bc3262949b,2026-02,North Yorkshire Police,North Yorkshire Police,-1.055820,53.957632,On or near Burlington Avenue,E01013399,York 015C,Criminal damage and arson,Under investigation,
aa2dffa27c191d364e96727d441ae1694af1c0fcf3504e069e6bc5dc951a691b,2026-02,North Yorkshire Police,North Yorkshire Police,-1.055820,53.957632,On or near Burlington Avenue,E01013399,York 015C,Criminal damage and arson,Under investigation,
c8e20247aad4b75a48f5f0071d87ce32a991be382a0f423922e8fc7f0b165fd9,2026-02,North Yorkshire Police,North Yorkshire Police,-1.057091,53.956238,On or near ,E01013399,York 015C,Criminal damage and arson,Under investigation,
95d8ae76f31dac17a8293c9793e984eeda27f832b4285bca3fa79721bb391c16,2026-02,North Yorkshire Police,North Yorkshire Police,-1.056815,53.958134,On or near Hewley Avenue,E01013399,York 015C,Public order,Under investigation,
f1afecd782c7cf60ec0ec43a029f4d7641ad71c5c721cf743e1f3200f2561baf,2026-02,North Yorkshire Police,North Yorkshire Police,-1.061590,53.956544,On or near Fieldside Place,E01013399,York 015C,Vehicle crime,Under investigation,
2f3520398c0088e2417a4a25fe15be7dca279d19e73cfaba23a4de807dfd557b,2026-02,North Yorkshire Police,North Yorkshire Police,-1.059518,53.957885,On or near Rawdon Avenue,E01013399,York 015C,Violence and sexual offences,Under investigation,
054b57da94fed9703b12b5bcee861f0f8b26b896900c4903b3ef52db6aa83b3a,2026-02,North Yorkshire Police,North Yorkshire Police,-1.059247,53.957038,On or near Harington Avenue,E01013399,York 015C,Violence and sexual offences,Awaiting court outcome,
33d311664a61904311a20fa793328af945f1f49d48897d78aea2ab2a6ceeb46d,2026-02,North Yorkshire Police,North Yorkshire Police,-1.056815,53.958134,On or near Hewley Avenue,E01013399,York 015C,Violence and sexual offences,Under investigation,
2e9bfb170cc2f07d04db897929bc0ec2c6b6ed4f977bd8a2b339921fcf9c6666,2026-02,North Yorkshire Police,North Yorkshire Police,-1.052300,53.956948,On or near Allen Close,E01013399,York 015C,Violence and sexual offences,Under investigation,
1b1edaeecee406ee8ddc861c8b37d912ded173d0300f82bfc626b49df26b9dc4,2026-02,North Yorkshire Police,North Yorkshire Police,-1.052827,53.957905,On or near Welborn Close,E01013399,York 015C,Violence and sexual offences,Under investigation,
c5e402b36b37f085ce1650fb291a9be82ac268926adf774d7b292da5cce94385,2026-02,North Yorkshire Police,North Yorkshire Police,-1.059247,53.957038,On or near Harington Avenue,E01013399,York 015C,Violence and sexual offences,Unable to prosecute suspect,
76c47871114cbdb3884d3ad14bb31b4bd1b82e3cd0a22c024743ff5aa32cdd3f,2026-02,North Yorkshire Police,North Yorkshire Police,-1.052827,53.957905,On or near Welborn Close,E01013399,York 015C,Violence and sexual offences,Under investigation,
dd76b4d7c40d10e0839a76871165679c0e5eff67b4f6f26a592b190c344111f5,2026-02,North Yorkshire Police,North Yorkshire Police,-1.053241,53.958447,On or near Etty Avenue,E01013399,York 015C,Violence and sexual offences,Under investigation,
26eec3e20b60964a9ee65cc23c2d9a85902724d215edf75a53d0bc948f60b8ab,2026-02,North Yorkshire Police,North Yorkshire Police,-1.059518,53.957885,On or near Rawdon Avenue,E01013399,York 015C,Violence and sexual offences,Unable to prosecute suspect,
dd76b4d7c40d10e0839a76871165679c0e5eff67b4f6f26a592b190c344111f5,2026-02,North Yorkshire Police,North Yorkshire Police,-1.053241,53.958447,On or near Etty Avenue,E01013399,York 015C,Violence and sexual offences,Under investigation,
24a073f9c867d9bc848e9994ba5fe3b1d53f54620476ca950eaddfe3c2fc98a0,2026-02,North Yorkshire Police,North Yorkshire Police,-1.055820,53.957632,On or near Burlington Avenue,E01013399,York 015C,Other crime,Under investigation,
,2026-02,North Yorkshire Police,North Yorkshire Police,-1.061322,53.955589,On or near Olympian Court,E01013400,York 015D,Anti-social behaviour,,
f2787f3f7fc28177a53c42f92692587ff44846fbf50c3ef6edf4a161eeb333db,2026-02,North Yorkshire Police,North Yorkshire Police,-1.059438,53.955988,On or near Beckside Gardens,E01013400,York 015D,Criminal damage and arson,Under investigation,
c7d32d181af684be11787cc5a5192dd36a3fcc2be7ea8820bc701e28efb00238,2026-02,North Yorkshire Police,North Yorkshire Police,-1.064273,53.955819,On or near Arthur Street,E01013400,York 015D,Other theft,Under investigation,
9a06bbce091cd320c8a66a4291919b65d814c3d99b01f63e9bfb4bff1bfbd90f,2026-02,North Yorkshire Police,North Yorkshire Police,-1.062951,53.956321,On or near Bull Lane,E01013400,York 015D,Violence and sexual offences,Under investigation,
f9d84a987c3439797a4981c0a95cadd6638cbb51a5cb148e11e88b44db35df1f,2026-02,North Yorkshire Police,North Yorkshire Police,-1.059438,53.955988,On or near Beckside Gardens,E01013400,York 015D,Violence and sexual offences,Under investigation,
,2026-02,North Yorkshire Police,North Yorkshire Police,-1.049464,53.959091,On or near Supermarket,E01013401,York 015E,Anti-social behaviour,,
,2026-02,North Yorkshire Police,North Yorkshire Police,-1.049464,53.959091,On or near Supermarket,E01013401,York 015E,Anti-social behaviour,,
,2026-02,North Yorkshire Police,North Yorkshire Police,-1.047801,53.956407,On or near ,E01013401,York 015E,Anti-social behaviour,,
,2026-02,North Yorkshire Police,North Yorkshire Police,-1.049464,53.959091,On or near Supermarket,E01013401,York 015E,Anti-social behaviour,,
,2026-02,North Yorkshire Police,North Yorkshire Police,-1.049464,53.959091,On or near Supermarket,E01013401,York 015E,Anti-social behaviour,,
24cdb2813a1d8de8207117cfc7554785d92a2037daff8ad676e4c8aed33b52cd,2026-02,North Yorkshire Police,North Yorkshire Police,-1.049464,53.959091,On or near Supermarket,E01013401,York 015E,Criminal damage and arson,Under investigation,
1f0d42d348b4c73d823c75ea1772cfb5cc52429e54ece42ffdedae1b4bc34f2e,2026-02,North Yorkshire Police,North Yorkshire Police,-1.049464,53.959091,On or near Supermarket,E01013401,York 015E,Criminal damage and arson,Under investigation,
644c6e198ab06a6e363777689905ea76bb8d852136ea85b0a4f103c2f36a0348,2026-02,North Yorkshire Police,North Yorkshire Police,-1.049464,53.959091,On or near Supermarket,E01013401,York 015E,Criminal damage and arson,Under investigation,
144e43344a79a4e93d4838aff4c3f5116225e919a5b9805f71400bd28aa657fb,2026-02,North Yorkshire Police,North Yorkshire Police,-1.049464,53.959091,On or near Supermarket,E01013401,York 015E,Shoplifting,Under investigation,
dabbdf629a59606211302e852cd30793fcc5dd4cda99e867180dedc241d5cb1a,2026-02,North Yorkshire Police,North Yorkshire Police,-1.049464,53.959091,On or near Supermarket,E01013401,York 015E,Violence and sexual offences,Under investigation,
,2026-02,North Yorkshire Police,North Yorkshire Police,-1.053668,53.953040,On or near Lamel Street,E01013403,York 015F,Anti-social behaviour,,
0308d5dd1052795946d8f7277a14eb4c9b764b71547c3e8a53a6b4e97ede21ea,2026-02,North Yorkshire Police,North Yorkshire Police,-1.053237,53.953270,On or near Supermarket,E01013403,York 015F,Robbery,Under investigation,
2998c1d35e8446e1e4bca628870c9703005d80dcb906d0e5c8048de6b814787a,2026-02,North Yorkshire Police,North Yorkshire Police,-1.053237,53.953270,On or near Supermarket,E01013403,York 015F,Shoplifting,Investigation complete; no suspect identified,
fc3b3472ed9c042f4bad58aea544730b67536aefbc9d474194d065fa8b6d3e72,2026-02,North Yorkshire Police,North Yorkshire Police,-1.053237,53.953270,On or near Supermarket,E01013403,York 015F,Shoplifting,Under investigation,
4da064b9c117fc18a015cac1b983e796c7a679b783e43fb859c6e58cac34fd20,2026-02,North Yorkshire Police,North Yorkshire Police,-1.055925,53.952311,On or near Thief Lane,E01013403,York 015F,Vehicle crime,Under investigation,
e7d406a46c93091d32b2dbf715b0734831e4ea794bd098d364b5e7d9713a0d06,2026-02,North Yorkshire Police,North Yorkshire Police,-1.055925,53.952311,On or near Thief Lane,E01013403,York 015F,Violence and sexual offences,Under investigation,
,2026-02,North Yorkshire Police,North Yorkshire Police,-1.111427,53.960006,On or near Willans Grove,E01013393,York 016A,Anti-social behaviour,,
,2026-02,North Yorkshire Police,North Yorkshire Police,-1.111427,53.960006,On or near Willans Grove,E01013393,York 016A,Anti-social behaviour,,
0e630c692235bb68d8e16a1764bbcebc2f93d3655a92559501eb84b85e9f31c6,2026-02,North Yorkshire Police,North Yorkshire Police,-1.113746,53.961335,On or near Yarburgh Grove,E01013393,York 016A,Other theft,Unable to prosecute suspect,
880b1de285fc1ea44af4c0b1fd185bf38cb8a82bfdf1c32c04e842d046bbb18a,2026-02,North Yorkshire Police,North Yorkshire Police,-1.113746,53.961335,On or near Yarburgh Grove,E01013393,York 016A,Violence and sexual offences,Under investigation,
,2026-02,North Yorkshire Police,North Yorkshire Police,-1.119532,53.960911,On or near Manor Drive North,E01013394,York 016B,Anti-social behaviour,,
,2026-02,North Yorkshire Police,North Yorkshire Police,-1.118212,53.960586,On or near Lindsey Avenue,E01013394,York 016B,Anti-social behaviour,,
,2026-02,North Yorkshire Police,North Yorkshire Police,-1.116963,53.958393,On or near Bouthwaite Drive,E01013394,York 016B,Anti-social behaviour,,
,2026-02,North Yorkshire Police,North Yorkshire Police,-1.116963,53.958393,On or near Bouthwaite Drive,E01013394,York 016B,Anti-social behaviour,,
,2026-02,North Yorkshire Police,North Yorkshire Police,-1.115873,53.958070,On or near Birstwith Drive,E01013394,York 016B,Anti-social behaviour,,
5011b3fbaa4608e0ccc6ea64bf70f97367943fcefa39be1b14658e2491f5d570,2026-02,North Yorkshire Police,North Yorkshire Police,-1.118507,53.958162,On or near Sowerby Road,E01013394,York 016B,Burglary,Under investigation,
ccdf7b5e1142a752ab5d897718cb8880b7bbfdcb48db27456c32dc4cf3548ec3,2026-02,North Yorkshire Police,North Yorkshire Police,-1.118507,53.958162,On or near Sowerby Road,E01013394,York 016B,Burglary,Under investigation,
f999256bc32f9c3e7bbfdcc035580bfda4e38140dbbb8eb781f0b9cd3e54a70c,2026-02,North Yorkshire Police,North Yorkshire Police,-1.115873,53.958070,On or near Birstwith Drive,E01013394,York 016B,Public order,Under investigation,
ca0f867870c2b43520485dfde92e8294c63cbe3defe265f5d82fc008c793000f,2026-02,North Yorkshire Police,North Yorkshire Police,-1.119532,53.960911,On or near Manor Drive North,E01013394,York 016B,Violence and sexual offences,Under investigation,
496dbd6658234556718e2a1351c8cf51e54eff22fe50ec09fa2cdb3fc172688a,2026-02,North Yorkshire Police,North Yorkshire Police,-1.118507,53.958162,On or near Sowerby Road,E01013394,York 016B,Violence and sexual offences,Under investigation,
7548d0bcb4074bf7ee7602de48126156088effd8b7350b3020d39065bfe1b6fd,2026-02,North Yorkshire Police,North Yorkshire Police,-1.119532,53.960911,On or near Manor Drive North,E01013394,York 016B,Violence and sexual offences,Under investigation,
215ae5f423b7b39be63a86af2dc6991036c0e2499fb992a450c2681ee8dd2d7b,2026-02,North Yorkshire Police,North Yorkshire Police,-1.119258,53.957259,On or near Pately Place,E01013394,York 016B,Violence and sexual offences,Under investigation,
496dbd6658234556718e2a1351c8cf51e54eff22fe50ec09fa2cdb3fc172688a,2026-02,North Yorkshire Police,North Yorkshire Police,-1.118507,53.958162,On or near Sowerby Road,E01013394,York 016B,Violence and sexual offences,Under investigation,
f85a2d66eef61a39b590007e293a47fcce14afd2149ee576714e1f599a419bf5,2026-02,North Yorkshire Police,North Yorkshire Police,-1.115873,53.958070,On or near Birstwith Drive,E01013394,York 016B,Violence and sexual offences,Under investigation,
29cb8672444d1f39bdbd51d4ea20f1bf55734e6e2c8748dc9e57f1a0d5254d8f,2026-02,North Yorkshire Police,North Yorkshire Police,-1.115873,53.958070,On or near Birstwith Drive,E01013394,York 016B,Violence and sexual offences,Under investigation,
29cb8672444d1f39bdbd51d4ea20f1bf55734e6e2c8748dc9e57f1a0d5254d8f,2026-02,North Yorkshire Police,North Yorkshire Police,-1.115873,53.958070,On or near Birstwith Drive,E01013394,York 016B,Violence and sexual offences,Under investigation,
,2026-02,North Yorkshire Police,North Yorkshire Police,-1.109430,53.954329,On or near Murray Street,E01013395,York 016C,Anti-social behaviour,,
7173677e23fa5046367e8ea754c7f897a32efbf713b75ed23612fe11c824de14,2026-02,North Yorkshire Police,North Yorkshire Police,-1.109430,53.954329,On or near Murray Street,E01013395,York 016C,Criminal damage and arson,Under investigation,
e449eea087d457869ecaac91561bdd9e0ef995fb97b0a4365ee265bf9223b027,2026-02,North Yorkshire Police,North Yorkshire Police,-1.107127,53.955130,On or near Falconer Street,E01013395,York 016C,Criminal damage and arson,Under investigation,
7c97a6594252181b06078dab9589ab57928e66f86feea51a1420122f80eb6dea,2026-02,North Yorkshire Police,North Yorkshire Police,-1.109430,53.954329,On or near Murray Street,E01013395,York 016C,Public order,Under investigation,
1307bad9442dec6817fb6394ef4f4f2149789b03a0fd9e4bb57c08612684e96a,2026-02,North Yorkshire Police,North Yorkshire Police,-1.107127,53.955130,On or near Falconer Street,E01013395,York 016C,Shoplifting,Investigation complete; no suspect identified,
5635644ce3637a5ef76ae03a2bfa7f433d156e7221c24fbc5c4cd7fae6ca6455,2026-02,North Yorkshire Police,North Yorkshire Police,-1.107127,53.955130,On or near Falconer Street,E01013395,York 016C,Violence and sexual offences,Unable to prosecute suspect,
f0230e49a6b32ef93e724c1ad7369f4f4d0782cc1cddddf3eefcff158f63fa05,2026-02,North Yorkshire Police,North Yorkshire Police,-1.107127,53.955130,On or near Falconer Street,E01013395,York 016C,Violence and sexual offences,Under investigation,
,2026-02,North Yorkshire Police,North Yorkshire Police,-1.115852,53.956165,On or near Braeside Gardens,E01013396,York 016D,Anti-social behaviour,,
,2026-02,North Yorkshire Police,North Yorkshire Police,-1.113990,53.951253,On or near Mattison Way,E01013396,York 016D,Anti-social behaviour,,
,2026-02,North Yorkshire Police,North Yorkshire Police,-1.114316,53.954572,On or near Firtree Close,E01013396,York 016D,Anti-social behaviour,,
,2026-02,North Yorkshire Police,North Yorkshire Police,-1.120136,53.956402,On or near Supermarket,E01013396,York 016D,Anti-social behaviour,,
c1f7bb9dc061271556b41bf77a4f6394763d50f884f105d28021024afd12a57c,2026-02,North Yorkshire Police,North Yorkshire Police,-1.113990,53.951253,On or near Mattison Way,E01013396,York 016D,Criminal damage and arson,Investigation complete; no suspect identified,
a63bc47ea60d5302982037a8a2ae389af285d615b1349654c273dfa09776e926,2026-02,North Yorkshire Police,North Yorkshire Police,-1.116964,53.956182,On or near Monument Close,E01013396,York 016D,Drugs,Local resolution,
0c4166a1c556fc4d4a70e5630893455eab11fe92607f481487efc053996b19d0,2026-02,North Yorkshire Police,North Yorkshire Police,-1.118597,53.956086,On or near Police Station,E01013396,York 016D,Other theft,Under investigation,
eba65310c1c4fa6fda69ae5428818e70d0f6197ed87aff76b2ee0a22bbe0ac9c,2026-02,North Yorkshire Police,North Yorkshire Police,-1.120136,53.956402,On or near Supermarket,E01013396,York 016D,Shoplifting,Awaiting court outcome,
9336aabaad06246f55f5d948cda3968af0b99800cc7ef8d6ff24618777572460,2026-02,North Yorkshire Police,North Yorkshire Police,-1.120136,53.956402,On or near Supermarket,E01013396,York 016D,Shoplifting,Investigation complete; no suspect identified,
299713257a11ed211c855d5b2354874ea0d204b862b95500340929659c54a06f,2026-02,North Yorkshire Police,North Yorkshire Police,-1.120136,53.956402,On or near Supermarket,E01013396,York 016D,Shoplifting,Under investigation,
d8af68516b74bb32266a6b20b48bb5839175cbb9e85f0c28d7383f91b2deeadc,2026-02,North Yorkshire Police,North Yorkshire Police,-1.115901,53.952426,On or near Carrick Gardens,E01013396,York 016D,Violence and sexual offences,Under investigation,
10c977484ca650dd833a87594475859089ac60538c2592f6e366e29f20d9912d,2026-02,North Yorkshire Police,North Yorkshire Police,-1.120334,53.954634,On or near Lynden Way,E01013396,York 016D,Violence and sexual offences,Under investigation,
b4e6e07d53c4c08b957e9efdbe193d2d35d26be2327e3c9e76e4fa666fe91fa0,2026-02,North Yorkshire Police,North Yorkshire Police,-1.115901,53.952426,On or near Carrick Gardens,E01013396,York 016D,Violence and sexual offences,Under investigation,
,2026-02,North Yorkshire Police,North Yorkshire Police,-1.118602,53.950801,On or near Queenswood Grove,E01013441,York 016E,Anti-social behaviour,,
,2026-02,North Yorkshire Police,North Yorkshire Police,-1.120971,53.951879,On or near Kingsthorpe,E01013441,York 016E,Anti-social behaviour,,
,2026-02,North Yorkshire Police,North Yorkshire Police,-1.125394,53.955363,On or near Cross Street,E01013441,York 016E,Anti-social behaviour,,
,2026-02,North Yorkshire Police,North Yorkshire Police,-1.126861,53.952246,On or near Dijon Avenue,E01013441,York 016E,Anti-social behaviour,,
,2026-02,North Yorkshire Police,North Yorkshire Police,-1.124486,53.955788,On or near York Road,E01013441,York 016E,Anti-social behaviour,,
,2026-02,North Yorkshire Police,North Yorkshire Police,-1.120910,53.955546,On or near Severus Street,E01013441,York 016E,Anti-social behaviour,,
,2026-02,North Yorkshire Police,North Yorkshire Police,-1.122997,53.953404,On or near Harold Court,E01013441,York 016E,Anti-social behaviour,,
,2026-02,North Yorkshire Police,North Yorkshire Police,-1.123863,53.954947,On or near Beaconsfield Street,E01013441,York 016E,Anti-social behaviour,,
,2026-02,North Yorkshire Police,North Yorkshire Police,-1.125394,53.955363,On or near Cross Street,E01013441,York 016E,Anti-social behaviour,,
,2026-02,North Yorkshire Police,North Yorkshire Police,-1.120910,53.955546,On or near Severus Street,E01013441,York 016E,Anti-social behaviour,,
,2026-02,North Yorkshire Police,North Yorkshire Police,-1.124472,53.955006,On or near Beaconsfield Mews,E01013441,York 016E,Anti-social behaviour,,
,2026-02,North Yorkshire Police,North Yorkshire Police,-1.125394,53.955363,On or near Cross Street,E01013441,York 016E,Anti-social behaviour,,
,2026-02,North Yorkshire Police,North Yorkshire Police,-1.125394,53.955363,On or near Cross Street,E01013441,York 016E,Anti-social behaviour,,
,2026-02,North Yorkshire Police,North Yorkshire Police,-1.124486,53.955788,On or near York Road,E01013441,York 016E,Anti-social behaviour,,
2187db5904a977df92f7c4e979c57ce0855554427ea7da6ef2940ee8d96b3719,2026-02,North Yorkshire Police,North Yorkshire Police,-1.124486,53.955788,On or near York Road,E01013441,York 016E,Bicycle theft,Investigation complete; no suspect identified,
3713ba2cd286b04d1fa77e198a0bf27321211d0b90811acfea28f47466f67b37,2026-02,North Yorkshire Police,North Yorkshire Police,-1.125051,53.955702,On or near B1224,E01013441,York 016E,Criminal damage and arson,Under investigation,
fb1acd4043a7ed31c4135dbd4d1a658a40c5d64fc552920100281d18c9b8e9f0,2026-02,North Yorkshire Police,North Yorkshire Police,-1.125051,53.955702,On or near B1224,E01013441,York 016E,Criminal damage and arson,Investigation complete; no suspect identified,
c908f6f3942ceb724b96c604942de344afdef5f13902521c62c4cdf80d990dd2,2026-02,North Yorkshire Police,North Yorkshire Police,-1.120971,53.951879,On or near Kingsthorpe,E01013441,York 016E,Public order,Under investigation,
a08146d62e4ee43bdc884f9784c552c522ecefc3b785710ba7b927088f660fe1,2026-02,North Yorkshire Police,North Yorkshire Police,-1.125394,53.955363,On or near Cross Street,E01013441,York 016E,Public order,Under investigation,
6d61ea4b91aac582dc35641de3f9317677cb98ea7489ab81fc5ccf6c02dacb17,2026-02,North Yorkshire Police,North Yorkshire Police,-1.125394,53.955363,On or near Cross Street,E01013441,York 016E,Robbery,Under investigation,
931fdb279f4bd95cb6fcc2e67eeeddc9c8e4f36dc453705a8c0f269204744ca4,2026-02,North Yorkshire Police,North Yorkshire Police,-1.125394,53.955363,On or near Cross Street,E01013441,York 016E,Robbery,Under investigation,
ac01b63576e687d8481ce9fb68d68b334901dc18348d2c8b927d95ea3d7352c3,2026-02,North Yorkshire Police,North Yorkshire Police,-1.119030,53.951451,On or near Hamilton Drive West,E01013441,York 016E,Shoplifting,Under investigation,
815f1a549cb7b26c42bc713a3bfbe62d700fbd2b33ae0c163abff24761a9f9e7,2026-02,North Yorkshire Police,North Yorkshire Police,-1.119030,53.951451,On or near Hamilton Drive West,E01013441,York 016E,Shoplifting,Investigation complete; no suspect identified,
09c8a6db7fd38284f2becd203b17bf14e0e31e32ac26f986cc44308b2bc55738,2026-02,North Yorkshire Police,North Yorkshire Police,-1.118602,53.950801,On or near Queenswood Grove,E01013441,York 016E,Violence and sexual offences,Under investigation,
94e6b417a04375fbf8abea4ff4131f804c410fffe8990beb918cf11bb299d89b,2026-02,North Yorkshire Police,North Yorkshire Police,-1.119030,53.951451,On or near Hamilton Drive West,E01013441,York 016E,Violence and sexual offences,Under investigation,
4ac591b2910c36a4371662a31049f0561c812d2aaabfe166f29386a8cbff6831,2026-02,North Yorkshire Police,North Yorkshire Police,-1.125394,53.955363,On or near Cross Street,E01013441,York 016E,Violence and sexual offences,Under investigation,
fee500af0a860978a25c0f6967867cb23f85cd841d884f1199da2c17924a221a,2026-02,North Yorkshire Police,North Yorkshire Police,-1.120971,53.951879,On or near Kingsthorpe,E01013441,York 016E,Violence and sexual offences,Under investigation,
c430e90cfc54c2fa066350d38b9da24d64e8eb44c38148c3971207417272e529,2026-02,North Yorkshire Police,North Yorkshire Police,-1.124486,53.955788,On or near York Road,E01013441,York 016E,Violence and sexual offences,Under investigation,
b6d6e7ab114577cb6206ddf284de357ee10299d273cd8e22aa45d0ef98d9462c,2026-02,North Yorkshire Police,North Yorkshire Police,-1.120971,53.951879,On or near Kingsthorpe,E01013441,York 016E,Other crime,Under investigation,
5e7bbb973cae2aa03f34b3ce41de9adb3270599556dc54e8a4ab93c7a074284d,2026-02,North Yorkshire Police,North Yorkshire Police,-1.124472,53.955006,On or near Beaconsfield Mews,E01013441,York 016E,Other crime,Under investigation,
,2026-02,North Yorkshire Police,North Yorkshire Police,-1.124478,53.950359,On or near Tudor Road,E01013445,York 016F,Anti-social behaviour,,
,2026-02,North Yorkshire Police,North Yorkshire Police,-1.131397,53.952485,On or near Gale Farm Court,E01013445,York 016F,Anti-social behaviour,,
,2026-02,North Yorkshire Police,North Yorkshire Police,-1.124478,53.950359,On or near Tudor Road,E01013445,York 016F,Anti-social behaviour,,
,2026-02,North Yorkshire Police,North Yorkshire Police,-1.128189,53.954305,On or near Front Street,E01013445,York 016F,Anti-social behaviour,,
,2026-02,North Yorkshire Police,North Yorkshire Police,-1.124478,53.950359,On or near Tudor Road,E01013445,York 016F,Anti-social behaviour,,
,2026-02,North Yorkshire Police,North Yorkshire Police,-1.131397,53.952485,On or near Gale Farm Court,E01013445,York 016F,Anti-social behaviour,,
,2026-02,North Yorkshire Police,North Yorkshire Police,-1.131397,53.952485,On or near Gale Farm Court,E01013445,York 016F,Anti-social behaviour,,
,2026-02,North Yorkshire Police,North Yorkshire Police,-1.131397,53.952485,On or near Gale Farm Court,E01013445,York 016F,Anti-social behaviour,,
,2026-02,North Yorkshire Police,North Yorkshire Police,-1.131397,53.952485,On or near Gale Farm Court,E01013445,York 016F,Anti-social behaviour,,
,2026-02,North Yorkshire Police,North Yorkshire Police,-1.129216,53.954788,On or near St Stephens Mews,E01013445,York 016F,Anti-social behaviour,,
,2026-02,North Yorkshire Police,North Yorkshire Police,-1.130733,53.954368,On or near Meeting House Lane,E01013445,York 016F,Anti-social behaviour,,
bc47aff73326b342fd8f21a36419de812b8206eccfd1715cd6a643b846f2d414,2026-02,North Yorkshire Police,North Yorkshire Police,-1.129581,53.954063,On or near Acomb Mews,E01013445,York 016F,Criminal damage and arson,Under investigation,
cb293011600fe4c4ca2614f527fdd3f1f046710615e1273a57d4e6ab64d3e22c,2026-02,North Yorkshire Police,North Yorkshire Police,-1.129216,53.954788,On or near St Stephens Mews,E01013445,York 016F,Public order,Under investigation,
b43bc4169537922a534e1d60f31591aa3aea3479f55ae4275b497a060bede53e,2026-02,North Yorkshire Police,North Yorkshire Police,-1.131397,53.952485,On or near Gale Farm Court,E01013445,York 016F,Violence and sexual offences,Under investigation,
a432dee9915d86100ea549454a1ea863c972a73795ebb3e8288ff6d8017fc63b,2026-02,North Yorkshire Police,North Yorkshire Police,-1.124478,53.950359,On or near Tudor Road,E01013445,York 016F,Violence and sexual offences,Under investigation,
8fd9a8a22fcbdab110165acc3b0f52c133894c758b29c351fbd16389ae3224c0,2026-02,North Yorkshire Police,North Yorkshire Police,-1.128712,53.952619,On or near Lowfields Drive,E01013445,York 016F,Violence and sexual offences,Under investigation,
1d36545287e59b058c293924be7937aa297728bc3031f7fcab5efa14bba0edad,2026-02,North Yorkshire Police,North Yorkshire Police,-1.124478,53.950359,On or near Tudor Road,E01013445,York 016F,Violence and sexual offences,Under investigation,
,2026-02,North Yorkshire Police,North Yorkshire Police,-1.104170,53.964383,On or near Stephenson Way,E01013390,York 017A,Anti-social behaviour,,
,2026-02,North Yorkshire Police,North Yorkshire Police,-1.105790,53.963488,On or near Bright Street,E01013390,York 017A,Anti-social behaviour,,
,2026-02,North Yorkshire Police,North Yorkshire Police,-1.106327,53.965424,On or near Lincoln Street,E01013390,York 017A,Anti-social behaviour,,
,2026-02,North Yorkshire Police,North Yorkshire Police,-1.104170,53.964383,On or near Stephenson Way,E01013390,York 017A,Anti-social behaviour,,
,2026-02,North Yorkshire Police,North Yorkshire Police,-1.106327,53.965424,On or near Lincoln Street,E01013390,York 017A,Anti-social behaviour,,
1dd42b1e22cffb1416e87be0db7cb36af5879c40f5b1a7a3997084d93af8842b,2026-02,North Yorkshire Police,North Yorkshire Police,-1.104472,53.965239,On or near Rosebery Street,E01013390,York 017A,Bicycle theft,Investigation complete; no suspect identified,
13a30832855ebb2f6975a4d36a4d058053890c418954290de45fc04cb04dbe46,2026-02,North Yorkshire Police,North Yorkshire Police,-1.102109,53.963110,On or near St James Court,E01013390,York 017A,Criminal damage and arson,Under investigation,
c440774773d6e8cfe6bc6946bdad064c97a801e9b9a90c78bb43fd7182859eb5,2026-02,North Yorkshire Police,North Yorkshire Police,-1.109459,53.964387,On or near Bismarck Street,E01013390,York 017A,Criminal damage and arson,Investigation complete; no suspect identified,
f86a131b20f094c60e50b9e03286cc2e10c8142f768a05b7821ef6a666bbed9c,2026-02,North Yorkshire Police,North Yorkshire Police,-1.104472,53.965239,On or near Rosebery Street,E01013390,York 017A,Criminal damage and arson,Under investigation,
5a24ca9f0eb7d60219949510ec9d7e76b868d94f47e91de4412046d08ee828b7,2026-02,North Yorkshire Police,North Yorkshire Police,-1.109459,53.964387,On or near Bismarck Street,E01013390,York 017A,Criminal damage and arson,Under investigation,
0888dfa0e6e8058f2aad2664d641c3799fb9778218b3819f6cbb49dbd2e9c47a,2026-02,North Yorkshire Police,North Yorkshire Police,-1.106327,53.965424,On or near Lincoln Street,E01013390,York 017A,Other theft,Under investigation,
af298c1850ea325831b84bf5f05fb2568017db4426f12235ebfce4f210f83cd2,2026-02,North Yorkshire Police,North Yorkshire Police,-1.103273,53.963577,On or near St Barnabas Close,E01013390,York 017A,Vehicle crime,Under investigation,
ced1f73234d72c64f866de2db379f601a9e99ecd6fdc91abe130f031a3997ebe,2026-02,North Yorkshire Police,North Yorkshire Police,-1.106327,53.965424,On or near Lincoln Street,E01013390,York 017A,Vehicle crime,Unable to prosecute suspect,
e00fdcac2ac1efa9cf3f22e8d7a1b5b03f6998ca0108085a8fb8626c4275bf86,2026-02,North Yorkshire Police,North Yorkshire Police,-1.102109,53.963110,On or near St James Court,E01013390,York 017A,Violence and sexual offences,Under investigation,
6d708713205eed17a017555e5db13fd3012ec1cfafcc2239202c1740876a40b6,2026-02,North Yorkshire Police,North Yorkshire Police,-1.104170,53.964383,On or near Stephenson Way,E01013390,York 017A,Violence and sexual offences,Under investigation,
50b8c4cdd31bdc20f6cb08a9ab487623ea96faca193cab6cb1211033e84fe53a,2026-02,North Yorkshire Police,North Yorkshire Police,-1.104435,53.964808,On or near Balfour Street,E01013390,York 017A,Violence and sexual offences,Under investigation,
d882c4a66ac29d28687edeb294248c7167bb3df61f9fe8e3f29f7b6ceb43b842,2026-02,North Yorkshire Police,North Yorkshire Police,-1.107142,53.963668,On or near Livingstone Street,E01013390,York 017A,Other crime,Investigation complete; no suspect identified,
,2026-02,North Yorkshire Police,North Yorkshire Police,-1.102223,53.960657,On or near Hardisty Mews,E01013391,York 017B,Anti-social behaviour,,
,2026-02,North Yorkshire Police,North Yorkshire Police,-1.101688,53.961435,On or near Martins Court,E01013391,York 017B,Anti-social behaviour,,
,2026-02,North Yorkshire Police,North Yorkshire Police,-1.099027,53.955465,On or near St Pauls Mews,E01013391,York 017B,Anti-social behaviour,,
7f753f2ab50e5bb8cdf98afc02b0ddb23c48a16bbd6afdb5ee5f69d667f765a4,2026-02,North Yorkshire Police,North Yorkshire Police,-1.108743,53.962934,On or near Walworth Street South,E01013391,York 017B,Criminal damage and arson,Investigation complete; no suspect identified,
f24372387441e403ad26b744340c19b387279079985cde96bffa18e186892bc3,2026-02,North Yorkshire Police,North Yorkshire Police,-1.101688,53.961435,On or near Martins Court,E01013391,York 017B,Violence and sexual offences,Under investigation,
9be08076302a8adf1c64c21e8ae65117a3b7fc496551c87bd5fbc3e22fc13b2d,2026-02,North Yorkshire Police,North Yorkshire Police,-1.100530,53.960716,On or near Phoenix Boulevard,E01013391,York 017B,Violence and sexual offences,Investigation complete; no suspect identified,
2e6aea7b6643709fe8a2f7deb4611362051c3e05332296035dd7b1dfdd388774,2026-02,North Yorkshire Police,North Yorkshire Police,-1.105979,53.951085,On or near Clive Grove,E01013397,York 017C,Criminal damage and arson,Under investigation,
9f07766b09554a03b56a85c7ab88961a76007ed7e2cbc842f0d37df6a76a0b7b,2026-02,North Yorkshire Police,North Yorkshire Police,-1.100694,53.953787,On or near Holgate Road,E01013397,York 017C,Other theft,Under investigation,
a8ac180e3d0727e4cb59fa19370fe754b3d856fb90b4995ab00bf94aac6f9c43,2026-02,North Yorkshire Police,North Yorkshire Police,-1.100253,53.954449,On or near Cecilia Place,E01013397,York 017C,Violence and sexual offences,Under investigation,
0f4708a54869a1ee93f7e935fb25358728105a21ad164108267f2525cc3bf183,2026-02,North Yorkshire Police,North Yorkshire Police,-1.100253,53.954449,On or near Cecilia Place,E01013397,York 017C,Violence and sexual offences,Under investigation,
6f58ba43662b661839f9b07ab3f5e09817483eca7ee5d1a3971d392c58974854,2026-02,North Yorkshire Police,North Yorkshire Police,-1.088920,53.949339,On or near Millfield Road,E01013413,York 017D,Bicycle theft,Investigation complete; no suspect identified,
cd79e47a0f71ea4f6b0c240287c244e1a6f1d97ed2c0ae310cfc4e56f11579e2,2026-02,North Yorkshire Police,North Yorkshire Police,-1.088920,53.949339,On or near Millfield Road,E01013413,York 017D,Criminal damage and arson,Under investigation,
a326fb2bf1a2b2a8ed85ffe1a434015fe0768ab3ac0222a3b56284f2fe9258be,2026-02,North Yorkshire Police,North Yorkshire Police,-1.088920,53.949339,On or near Millfield Road,E01013413,York 017D,Possession of weapons,Under investigation,
a326fb2bf1a2b2a8ed85ffe1a434015fe0768ab3ac0222a3b56284f2fe9258be,2026-02,North Yorkshire Police,North Yorkshire Police,-1.088920,53.949339,On or near Millfield Road,E01013413,York 017D,Possession of weapons,Under investigation,
07db666c9c064bb0e559ef4328e4063947bfcb82cade93b3f24355a6986be090,2026-02,North Yorkshire Police,North Yorkshire Police,-1.088920,53.949339,On or near Millfield Road,E01013413,York 017D,Violence and sexual offences,Under investigation,
,2026-02,North Yorkshire Police,North Yorkshire Police,-1.095287,53.952273,On or near Mill Mount Court,E01013417,York 017E,Anti-social behaviour,,
,2026-02,North Yorkshire Police,North Yorkshire Police,-1.094839,53.951811,On or near Mill Mount,E01013417,York 017E,Anti-social behaviour,,
318cfc06615384da9c766e95332d4c41c53e3501ea7470a5e4ea744b7f6f1d63,2026-02,North Yorkshire Police,North Yorkshire Police,-1.100957,53.949367,On or near Mount Vale Drive,E01013417,York 017E,Burglary,Investigation complete; no suspect identified,
431a4e646671444170219721004e855cd0332b28818a0d3e1f1e069de5486f06,2026-02,North Yorkshire Police,North Yorkshire Police,-1.098072,53.951709,On or near Driffield Terrace,E01013417,York 017E,Burglary,Investigation complete; no suspect identified,
61796e2d28398bb8a4b35d194ab24cca4851d426b26d47b93878d8b04fb3e0bc,2026-02,North Yorkshire Police,North Yorkshire Police,-1.092233,53.953247,On or near East Mount Road,E01013417,York 017E,Criminal damage and arson,Investigation complete; no suspect identified,
35d28874cf28fd9e3e715bb61aa2f1c20da30d4079e7a1f9b82e8390a5b743ed,2026-02,North Yorkshire Police,North Yorkshire Police,-1.100957,53.949367,On or near Mount Vale Drive,E01013417,York 017E,Criminal damage and arson,Investigation complete; no suspect identified,
599a54b1f6018ebb6e1f326ce1bf5381bc13e301b5f55e72b8968e011bd24218,2026-02,North Yorkshire Police,North Yorkshire Police,-1.099474,53.951720,On or near Love Lane,E01013417,York 017E,Criminal damage and arson,Investigation complete; no suspect identified,
bec4ec9af479c5a83dc02e06a2fcc7f7f580a463cdbf2115d4cc076d015d9dc2,2026-02,North Yorkshire Police,North Yorkshire Police,-1.098639,53.950150,On or near Mount Vale,E01013417,York 017E,Criminal damage and arson,Investigation complete; no suspect identified,
,2026-02,North Yorkshire Police,North Yorkshire Police,-1.133216,53.955896,On or near Croftside,E01013442,York 018A,Anti-social behaviour,,
,2026-02,North Yorkshire Police,North Yorkshire Police,-1.137194,53.954379,On or near Marston Avenue,E01013442,York 018A,Anti-social behaviour,,
,2026-02,North Yorkshire Police,North Yorkshire Police,-1.136134,53.953328,On or near Rylatt Place,E01013442,York 018A,Anti-social behaviour,,
,2026-02,North Yorkshire Police,North Yorkshire Police,-1.140076,53.951352,On or near Hotham Avenue,E01013442,York 018A,Anti-social behaviour,,
43a99fb5b3001d7a13d8ebe71cdb1a1511aaddb920aea3a57e518ab688838eea,2026-02,North Yorkshire Police,North Yorkshire Police,-1.139139,53.951678,On or near Parker Avenue,E01013442,York 018A,Bicycle theft,Investigation complete; no suspect identified,
e6c7bed748424db9b228a10a624380454d8a4f7f58d79717efbb5c22328ce17f,2026-02,North Yorkshire Police,North Yorkshire Police,-1.139139,53.951678,On or near Parker Avenue,E01013442,York 018A,Possession of weapons,Under investigation,
e6c7bed748424db9b228a10a624380454d8a4f7f58d79717efbb5c22328ce17f,2026-02,North Yorkshire Police,North Yorkshire Police,-1.139139,53.951678,On or near Parker Avenue,E01013442,York 018A,Possession of weapons,Under investigation,
a5381ecb0412168b468e603a4fc0f675520431a9e22500c8f07c07e36329b062,2026-02,North Yorkshire Police,North Yorkshire Police,-1.137194,53.954379,On or near Marston Avenue,E01013442,York 018A,Violence and sexual offences,Under investigation,
188fab1c96612c3bf7bdf5635fb5e99edc6f406b4b899197fa1a94de32b47dbd,2026-02,North Yorkshire Police,North Yorkshire Police,-1.141006,53.956518,On or near Wetherby Road,E01013442,York 018A,Violence and sexual offences,Under investigation,
ffae23f02857b73d0ea21d850dc2a0dda98dfdb56413bacf95d36c06f2839d2d,2026-02,North Yorkshire Police,North Yorkshire Police,-1.139139,53.951678,On or near Parker Avenue,E01013442,York 018A,Violence and sexual offences,Under investigation,
a01628eb34a41501937b344c5b141f66a9da8a9b02453b212d3d04d5a7ce6ba6,2026-02,North Yorkshire Police,North Yorkshire Police,-1.140076,53.951352,On or near Hotham Avenue,E01013442,York 018A,Violence and sexual offences,Under investigation,
,2026-02,North Yorkshire Police,North Yorkshire Police,-1.122964,53.948397,On or near Stuart Road,E01013443,York 018B,Anti-social behaviour,,
,2026-02,North Yorkshire Police,North Yorkshire Police,-1.121907,53.947949,On or near Kingsway West,E01013443,York 018B,Anti-social behaviour,,
,2026-02,North Yorkshire Police,North Yorkshire Police,-1.121907,53.947949,On or near Kingsway West,E01013443,York 018B,Anti-social behaviour,,
,2026-02,North Yorkshire Police,North Yorkshire Police,-1.121907,53.947949,On or near Kingsway West,E01013443,York 018B,Anti-social behaviour,,
,2026-02,North Yorkshire Police,North Yorkshire Police,-1.124898,53.946290,On or near Clay Place,E01013443,York 018B,Anti-social behaviour,,
,2026-02,North Yorkshire Police,North Yorkshire Police,-1.124431,53.945307,On or near Chesney Fields,E01013443,York 018B,Anti-social behaviour,,
bf5c8b54bc2c2874ec724b4c11267e374df6b7414f3346aced412a833932cc0b,2026-02,North Yorkshire Police,North Yorkshire Police,-1.120872,53.945749,On or near Newbury Avenue,E01013443,York 018B,Burglary,Under investigation,
4037ce214126607f7d857cf3c1898ad71837680a131f2bda6b29d2999756c531,2026-02,North Yorkshire Police,North Yorkshire Police,-1.117783,53.946265,On or near Hob Stone Court,E01013443,York 018B,Criminal damage and arson,Unable to prosecute suspect,
6c6ce7c59ddea4e3e554f49fe13c24b312d43422c096f39a317ed37be30e0bb0,2026-02,North Yorkshire Police,North Yorkshire Police,-1.124431,53.945307,On or near Chesney Fields,E01013443,York 018B,Criminal damage and arson,Under investigation,
b299d7be669817f341526d0d408e71007f8ea29289acff267a0fd41d878c03ab,2026-02,North Yorkshire Police,North Yorkshire Police,-1.124898,53.946290,On or near Clay Place,E01013443,York 018B,Criminal damage and arson,Under investigation,
9db5317aba50968c4ac331dae9ff9273f4fc24a2b164e99606c70b09997a84d1,2026-02,North Yorkshire Police,North Yorkshire Police,-1.120861,53.944104,On or near Supermarket,E01013443,York 018B,Criminal damage and arson,Unable to prosecute suspect,
6241708a62518299d13542f1408609c7b5424ed353e287960e74e5ef2a8f87f7,2026-02,North Yorkshire Police,North Yorkshire Police,-1.124431,53.945307,On or near Chesney Fields,E01013443,York 018B,Criminal damage and arson,Unable to prosecute suspect,
c6ad25d04962651c9a4a9d9b699b58979e77baad1969e0a7b04f05684efddd9a,2026-02,North Yorkshire Police,North Yorkshire Police,-1.121907,53.947949,On or near Kingsway West,E01013443,York 018B,Criminal damage and arson,Under investigation,
4a63998c8afd1f67d725f10ef2dd450da3f74f7cde9603c366399300d07de156,2026-02,North Yorkshire Police,North Yorkshire Police,-1.120637,53.947482,On or near Ascot Way,E01013443,York 018B,Drugs,Under investigation,
ac53c7f3e3bada8285a55bb1198ae80b5ecaf0626f19ae3d823548cf8f5b1c8c,2026-02,North Yorkshire Police,North Yorkshire Police,-1.124431,53.945307,On or near Chesney Fields,E01013443,York 018B,Other theft,Under investigation,
d2788896b7a4e6bf8936d403426541012add656e4548b9ff019d3475cd98abde,2026-02,North Yorkshire Police,North Yorkshire Police,-1.122964,53.948397,On or near Stuart Road,E01013443,York 018B,Public order,Unable to prosecute suspect,
114236711ecaf2fe76250eed3f060023b90155776ed201a0c5fc83a80f33e57e,2026-02,North Yorkshire Police,North Yorkshire Police,-1.120861,53.944104,On or near Supermarket,E01013443,York 018B,Shoplifting,Under investigation,
def5968c521774a4fadb7718e4550cb8c4bea01c600a345f57570e18668b866d,2026-02,North Yorkshire Police,North Yorkshire Police,-1.120861,53.944104,On or near Supermarket,E01013443,York 018B,Shoplifting,Investigation complete; no suspect identified,
4d991ad9dc31aeaac03815284a3cd7ba47b08c79fbcd9fe9252c2c41e4b5695b,2026-02,North Yorkshire Police,North Yorkshire Police,-1.118574,53.947772,On or near Sandown Close,E01013443,York 018B,Violence and sexual offences,Under investigation,
f83189516e0d5291df25578c765b466502c4ff42a903b415aaae3b1d4d76c3ca,2026-02,North Yorkshire Police,North Yorkshire Police,-1.124431,53.945307,On or near Chesney Fields,E01013443,York 018B,Violence and sexual offences,Under investigation,
aa5e2a1a8e8359c14fa51090b295bf79fc5141865baac91c252b935ec57fda66,2026-02,North Yorkshire Police,North Yorkshire Police,-1.122964,53.948397,On or near Stuart Road,E01013443,York 018B,Violence and sexual offences,Under investigation,
f476fef42197064831dc7f135501c041e83c26fa44169b0088e60ee452e1def4,2026-02,North Yorkshire Police,North Yorkshire Police,-1.122964,53.948397,On or near Stuart Road,E01013443,York 018B,Violence and sexual offences,Unable to prosecute suspect,
aa5e2a1a8e8359c14fa51090b295bf79fc5141865baac91c252b935ec57fda66,2026-02,North Yorkshire Police,North Yorkshire Police,-1.122964,53.948397,On or near Stuart Road,E01013443,York 018B,Violence and sexual offences,Under investigation,
,2026-02,North Yorkshire Police,North Yorkshire Police,-1.145575,53.952901,On or near The Burn,E01013444,York 018C,Anti-social behaviour,,
2678fb86ee5e5068376c9119a16afef7773d28b07523a82fea5d8ff082359c79,2026-02,North Yorkshire Police,North Yorkshire Police,-1.138389,53.954073,On or near Marston Crescent,E01013444,York 018C,Burglary,Unable to prosecute suspect,
e64d55e4138d1ffe0ded37f316c0985daa5dda6c2d06c0f9c7d9b9e3d5925aab,2026-02,North Yorkshire Police,North Yorkshire Police,-1.139720,53.953839,On or near Bramham Avenue,E01013444,York 018C,Criminal damage and arson,Under investigation,
cab9a429923cde0be03065736313c358c7643f0d3b087c7ada102d6205951d25,2026-02,North Yorkshire Police,North Yorkshire Police,-1.139720,53.953839,On or near Bramham Avenue,E01013444,York 018C,Criminal damage and arson,Under investigation,
dd065dcda96410ad42541252c284b466638cade6d9a89c1ef93a99eed7050284,2026-02,North Yorkshire Police,North Yorkshire Police,-1.138389,53.954073,On or near Marston Crescent,E01013444,York 018C,Other theft,Under investigation,
d46c5d856bac746a9e5f9f54ea141de2e53679fa4ab49b31a512b55a68261da4,2026-02,North Yorkshire Police,North Yorkshire Police,-1.143015,53.953638,On or near Barkston Road,E01013444,York 018C,Public order,Under investigation,
30e45729032900070f28fca3a95b0bc87475960e9a7286791599ec0159bba2c5,2026-02,North Yorkshire Police,North Yorkshire Police,-1.138389,53.954073,On or near Marston Crescent,E01013444,York 018C,Violence and sexual offences,Under investigation,
9145c9d5aa318e59cbe5c58a93fb523d78d247bd5b2c573f8838196049a150e1,2026-02,North Yorkshire Police,North Yorkshire Police,-1.142821,53.951237,On or near The Wandle,E01013444,York 018C,Violence and sexual offences,Under investigation,
8219a5cf8abf10929c4514fdabb298d64aafedb84af28f4b68bb122a0bc3d81f,2026-02,North Yorkshire Police,North Yorkshire Police,-1.142100,53.952212,On or near Barkston Close,E01013444,York 018C,Violence and sexual offences,Under investigation,
0074edc8c4b775bbf67761fa616109d9f53cf41dee4e63ba8d1e3634040714d7,2026-02,North Yorkshire Police,North Yorkshire Police,-1.144205,53.953602,On or near Branton Place,E01013444,York 018C,Violence and sexual offences,Under investigation,
097326395bab3ecce3af4b029fabfbb5fbf68c5c90a0aa7520783865ec8d332b,2026-02,North Yorkshire Police,North Yorkshire Police,-1.138389,53.954073,On or near Marston Crescent,E01013444,York 018C,Violence and sexual offences,Under investigation,
ba41ed525587d4c69242cb8828b8dc4f72ff5b1ec58e09093d0d9ba7b28e520a,2026-02,North Yorkshire Police,North Yorkshire Police,-1.140211,53.952935,On or near Bramham Road,E01013444,York 018C,Violence and sexual offences,Under investigation,
,2026-02,North Yorkshire Police,North Yorkshire Police,-1.135662,53.947411,On or near The Knoll,E01013446,York 018D,Anti-social behaviour,,
,2026-02,North Yorkshire Police,North Yorkshire Police,-1.133456,53.947979,On or near Cornlands Road,E01013446,York 018D,Anti-social behaviour,,
,2026-02,North Yorkshire Police,North Yorkshire Police,-1.133456,53.947979,On or near Cornlands Road,E01013446,York 018D,Anti-social behaviour,,
,2026-02,North Yorkshire Police,North Yorkshire Police,-1.134130,53.945584,On or near Tithe Close,E01013446,York 018D,Anti-social behaviour,,
,2026-02,North Yorkshire Police,North Yorkshire Police,-1.133456,53.947979,On or near Cornlands Road,E01013446,York 018D,Anti-social behaviour,,
,2026-02,North Yorkshire Police,North Yorkshire Police,-1.132381,53.943271,On or near Supermarket,E01013446,York 018D,Anti-social behaviour,,
,2026-02,North Yorkshire Police,North Yorkshire Police,-1.137083,53.945758,On or near St Michaels Court,E01013446,York 018D,Anti-social behaviour,,
ffc006c6da9c4847ba2772b4339509859cf1832c0adc15d2a4b65d1713d4fc9f,2026-02,North Yorkshire Police,North Yorkshire Police,-1.134130,53.945584,On or near Tithe Close,E01013446,York 018D,Bicycle theft,Under investigation,
d0945377ff0748785a74b87d722897f309d071e47e3641b16f4182d1dfbc980c,2026-02,North Yorkshire Police,North Yorkshire Police,-1.133351,53.947187,On or near Thoresby Road,E01013446,York 018D,Criminal damage and arson,Under investigation,
ffa96d8efd240b75e3a953aa3b8cd1de1d606cef83f3c80b02d4647e3a0bd0d7,2026-02,North Yorkshire Police,North Yorkshire Police,-1.134130,53.945584,On or near Tithe Close,E01013446,York 018D,Other theft,Under investigation,
e8b397a2f8d12d5fa78b1b0183c32b3367aa6e459f4f98839f7b6448c28d6973,2026-02,North Yorkshire Police,North Yorkshire Police,-1.134130,53.945584,On or near Tithe Close,E01013446,York 018D,Public order,Under investigation,
89a4cb553dbf0c4aefe89e80646b29296e111b37b6a414a398560cef0bbce0c3,2026-02,North Yorkshire Police,North Yorkshire Police,-1.132381,53.943271,On or near Supermarket,E01013446,York 018D,Shoplifting,Under investigation,
50afc4b871fc17a83fa8d9101652b5e930f7c77f6b8181698a73c3f883fd6585,2026-02,North Yorkshire Police,North Yorkshire Police,-1.132381,53.943271,On or near Supermarket,E01013446,York 018D,Shoplifting,Under investigation,
6062bcf400762072a93b1d76c3d441ecf3dcd47d9ad8e6d6c8209eaad0de1edd,2026-02,North Yorkshire Police,North Yorkshire Police,-1.132381,53.943271,On or near Supermarket,E01013446,York 018D,Shoplifting,Investigation complete; no suspect identified,
2491db95d587d6cd44ababaecb1cf8c0c2271237b06439065fe5c6f077369e52,2026-02,North Yorkshire Police,North Yorkshire Police,-1.133351,53.947187,On or near Thoresby Road,E01013446,York 018D,Violence and sexual offences,Under investigation,
2088d98ac0e8fd4165c3e8df57b1796715790e4e028aef7c7c15a814a0a9182e,2026-02,North Yorkshire Police,North Yorkshire Police,-1.133351,53.947187,On or near Thoresby Road,E01013446,York 018D,Violence and sexual offences,Under investigation,
34951215a3626b9fba907c3a4dab2ddc29cfd2ede87b4197c54007d7b4eeeba6,2026-02,North Yorkshire Police,North Yorkshire Police,-1.137083,53.945758,On or near St Michaels Court,E01013446,York 018D,Violence and sexual offences,Under investigation,
f181c9c7cabe53420179dbb15da78ecca2aebd20a7d22af0d0187b1e9f6d6b02,2026-02,North Yorkshire Police,North Yorkshire Police,-1.133456,53.947979,On or near Cornlands Road,E01013446,York 018D,Violence and sexual offences,Under investigation,
dacd7b4a424ab279fdd532534c6d72056adff88766f85b5199c9b6d2068a941a,2026-02,North Yorkshire Police,North Yorkshire Police,-1.134130,53.945584,On or near Tithe Close,E01013446,York 018D,Violence and sexual offences,Under investigation,
c7b82d2590f7b393728e26ece4720f423e524a1135969847fa87a3b8fde110af,2026-02,North Yorkshire Police,North Yorkshire Police,-1.132026,53.943493,On or near Fir Heath Close,E01013446,York 018D,Violence and sexual offences,Under investigation,
def12b0ed6f5a18a163b9f5c827cea2adfa6824f92fef7efbac1e50267d0a4f2,2026-02,North Yorkshire Police,North Yorkshire Police,-1.133351,53.947187,On or near Thoresby Road,E01013446,York 018D,Violence and sexual offences,Under investigation,
49ad35bbd878d1a85f5d8fd67f1b3d3e073c26b71dff0de027fac3c7023db712,2026-02,North Yorkshire Police,North Yorkshire Police,-1.134130,53.945584,On or near Tithe Close,E01013446,York 018D,Violence and sexual offences,Under investigation,
34951215a3626b9fba907c3a4dab2ddc29cfd2ede87b4197c54007d7b4eeeba6,2026-02,North Yorkshire Police,North Yorkshire Police,-1.137083,53.945758,On or near St Michaels Court,E01013446,York 018D,Violence and sexual offences,Under investigation,
8efd834192018c3157d21134ab4e0731cc41b6abd1c4e0787e2c6e6f14f36ca2,2026-02,North Yorkshire Police,North Yorkshire Police,-1.134130,53.945584,On or near Tithe Close,E01013446,York 018D,Violence and sexual offences,Under investigation,
b2a33fe741472f891e58e5eddc49a169f181f7d35a41fce46ea7611fb1f9589b,2026-02,North Yorkshire Police,North Yorkshire Police,-1.133636,53.944421,On or near Slessor Road,E01013446,York 018D,Other crime,Under investigation,
,2026-02,North Yorkshire Police,North Yorkshire Police,-1.128645,53.948547,On or near Parking Area,E01013447,York 018E,Anti-social behaviour,,
,2026-02,North Yorkshire Police,North Yorkshire Police,-1.128645,53.948547,On or near Parking Area,E01013447,York 018E,Anti-social behaviour,,
,2026-02,North Yorkshire Police,North Yorkshire Police,-1.130020,53.946175,On or near St Stephen'S Road,E01013447,York 018E,Anti-social behaviour,,
,2026-02,North Yorkshire Police,North Yorkshire Police,-1.131658,53.949449,On or near Lown Hill,E01013447,York 018E,Anti-social behaviour,,
00653f85e2c4adf72857957999955f9029610934d2d8ef54e858b99f7de180eb,2026-02,North Yorkshire Police,North Yorkshire Police,-1.132979,53.949683,On or near Tennent Road,E01013447,York 018E,Criminal damage and arson,Investigation complete; no suspect identified,
082989f208ef346ae0803535626c53eb23683919232a304cd3e2a5adb6009dd6,2026-02,North Yorkshire Police,North Yorkshire Police,-1.130020,53.946175,On or near St Stephen'S Road,E01013447,York 018E,Criminal damage and arson,Under investigation,
244964d0b9fe4f5c69d48a9480879b3711b42c03df5dbfd3d3f332a9f0cf917a,2026-02,North Yorkshire Police,North Yorkshire Police,-1.130020,53.946175,On or near St Stephen'S Road,E01013447,York 018E,Other theft,Under investigation,
e94a338fd7010663ac31837a956f265b0fdadbe5221119b3673790553dfefaee,2026-02,North Yorkshire Police,North Yorkshire Police,-1.130020,53.946175,On or near St Stephen'S Road,E01013447,York 018E,Violence and sexual offences,Under investigation,
e94a338fd7010663ac31837a956f265b0fdadbe5221119b3673790553dfefaee,2026-02,North Yorkshire Police,North Yorkshire Police,-1.130020,53.946175,On or near St Stephen'S Road,E01013447,York 018E,Violence and sexual offences,Under investigation,
2fbe3b934cda5857ad8df0d06f86cc59193996c90dd4308898ead0e18ea3e103,2026-02,North Yorkshire Police,North Yorkshire Police,-1.128645,53.948547,On or near Parking Area,E01013447,York 018E,Violence and sexual offences,Under investigation,
093e0644523b3b02c897f5f1ab792300a34998c44af137a6fcf49a4d00b53ae1,2026-02,North Yorkshire Police,North Yorkshire Police,-1.131676,53.950807,On or near Tennent Mews,E01013447,York 018E,Violence and sexual offences,Under investigation,
ce1fad2b4f175044af0f2e2825d994e9b181c16f29f1d6c1b11774eeacba8c6a,2026-02,North Yorkshire Police,North Yorkshire Police,-1.127266,53.948905,On or near Gale Lane,E01013447,York 018E,Violence and sexual offences,Under investigation,
65fcd9a6ce766640fb8dfb8db8be671ee3a0e4bb28e0a1c024df452fac0b3067,2026-02,North Yorkshire Police,North Yorkshire Police,-1.127266,53.948905,On or near Gale Lane,E01013447,York 018E,Violence and sexual offences,Under investigation,
0cdc8e2e2cda8b3cd22b94896eec7bbf491dc82a4652a629098b606bd587a969,2026-02,North Yorkshire Police,North Yorkshire Police,-1.128645,53.948547,On or near Parking Area,E01013447,York 018E,Violence and sexual offences,Under investigation,
85a8c8f22f1a7bfca8c1d4a73165809c01db633de7fb06c7701622cb8b4da0e8,2026-02,North Yorkshire Police,North Yorkshire Police,-1.128645,53.948547,On or near Parking Area,E01013447,York 018E,Violence and sexual offences,Under investigation,
0cdc8e2e2cda8b3cd22b94896eec7bbf491dc82a4652a629098b606bd587a969,2026-02,North Yorkshire Police,North Yorkshire Police,-1.128645,53.948547,On or near Parking Area,E01013447,York 018E,Violence and sexual offences,Under investigation,
85a8c8f22f1a7bfca8c1d4a73165809c01db633de7fb06c7701622cb8b4da0e8,2026-02,North Yorkshire Police,North Yorkshire Police,-1.128645,53.948547,On or near Parking Area,E01013447,York 018E,Violence and sexual offences,Under investigation,
62738a248a76b93aefe16328a2c01069916e670a511d7cd9920547564b798a30,2026-02,North Yorkshire Police,North Yorkshire Police,-1.130020,53.946175,On or near St Stephen'S Road,E01013447,York 018E,Violence and sexual offences,Under investigation,
0e7e0d03ec37b6a8c3ff0c35cf7bda075f1f28437123c03a829f2a8c2d598180,2026-02,North Yorkshire Police,North Yorkshire Police,-1.130020,53.946175,On or near St Stephen'S Road,E01013447,York 018E,Violence and sexual offences,Under investigation,
,2026-02,North Yorkshire Police,North Yorkshire Police,-1.133928,53.941385,On or near Eaton Court,E01013448,York 018F,Anti-social behaviour,,
,2026-02,North Yorkshire Police,North Yorkshire Police,-1.132651,53.941960,On or near Corlett Court,E01013448,York 018F,Anti-social behaviour,,
ec2ca69ecf1d60002af4db7a6ae5cc0c53e1daa0481d8e817d606ace9f7aa0cf,2026-02,North Yorkshire Police,North Yorkshire Police,-1.130993,53.941876,On or near Rogers Court,E01013448,York 018F,Criminal damage and arson,Under investigation,
6b589b85b37a36942a37304ff16d0ef093e380c319a95facb1aac87afacc6ff2,2026-02,North Yorkshire Police,North Yorkshire Police,-1.130745,53.942818,On or near Foxwood Lane,E01013448,York 018F,Drugs,Under investigation,
3e2ecb759d2a4ba0fc7b548fd5f56867ca86a1a9b57c79b0011c04841bc294b5,2026-02,North Yorkshire Police,North Yorkshire Police,-1.130745,53.942818,On or near Foxwood Lane,E01013448,York 018F,Public order,Under investigation,
2041e79b275183afc7ca8d99242e4a9436074a769dcb28f5cc310b39ce4bb4f4,2026-02,North Yorkshire Police,North Yorkshire Police,-1.130117,53.940765,On or near Cranfield Place,E01013448,York 018F,Vehicle crime,Investigation complete; no suspect identified,
01cafacc7f793278a3029eb23c672bf8c8395857b0ebd6502bdf3ea135d0f644,2026-02,North Yorkshire Police,North Yorkshire Police,-1.130949,53.941067,On or near Vincent Way,E01013448,York 018F,Violence and sexual offences,Under investigation,
c6ae6d26f3f769507c0dc912cded42d3195e003a3df2d170629ff65d3e94ba68,2026-02,North Yorkshire Police,North Yorkshire Police,-1.134173,53.942052,On or near Morrell Court,E01013448,York 018F,Violence and sexual offences,Under investigation,
fee6a98500e898457025411d41ebd216a9fde0ce2f1caa36d407b4478eca32ca,2026-02,North Yorkshire Police,North Yorkshire Police,-1.128066,53.941936,On or near Bradley Drive,E01013448,York 018F,Violence and sexual offences,Under investigation,
7c0c58e61d0056e238f6b3d2a721d816571cd639eb20da1385ad70915d6bca92,2026-02,North Yorkshire Police,North Yorkshire Police,-1.130745,53.942818,On or near Foxwood Lane,E01013448,York 018F,Violence and sexual offences,Under investigation,
ce2bd7ee413967f0fc0594f06305838a1d8d979d8b62c1d6ff8af6630c290abc,2026-02,North Yorkshire Police,North Yorkshire Police,-1.128066,53.941936,On or near Bradley Drive,E01013448,York 018F,Violence and sexual offences,Under investigation,
1005fac306e908fb8fcd683e53b719135be6d64554affae18831287cdf3c588b,2026-02,North Yorkshire Police,North Yorkshire Police,-1.130949,53.941067,On or near Vincent Way,E01013448,York 018F,Violence and sexual offences,Under investigation,
ef3763620f26c4404eac6bf021ab0f11a1f905a62dad43c28737650d88697d9c,2026-02,North Yorkshire Police,North Yorkshire Police,-1.132651,53.941960,On or near Corlett Court,E01013448,York 018F,Violence and sexual offences,Under investigation,
98002a64aab3f8f8bb77fb154144581e78300f07d4f15aa52e57b226b4698c6b,2026-02,North Yorkshire Police,North Yorkshire Police,-1.134173,53.942052,On or near Morrell Court,E01013448,York 018F,Other crime,Under investigation,
,2026-02,North Yorkshire Police,North Yorkshire Police,-1.072964,53.940784,On or near ,E01013360,York 019A,Anti-social behaviour,,
2982e1fadf25d7ce8b772bbcf0a9a52778ea1266b41bfa88fb0890afca039793,2026-02,North Yorkshire Police,North Yorkshire Police,-1.067464,53.939180,On or near Grants Avenue,E01013360,York 019A,Public order,Under investigation,
65285efa16f09b75b75b97a1c509d4914011cbb2e45dc0774aca4b6c54bf919a,2026-02,North Yorkshire Police,North Yorkshire Police,-1.069985,53.940907,On or near Supermarket,E01013360,York 019A,Shoplifting,Investigation complete; no suspect identified,
7eebe25f5cb8bb562d7418e90f9e3024b16be3222a6fe3dbff55f826d80705ea,2026-02,North Yorkshire Police,North Yorkshire Police,-1.069985,53.940907,On or near Supermarket,E01013360,York 019A,Shoplifting,Investigation complete; no suspect identified,
247eb865f40adb44536b0a3dc7e17e6dda3eb9ddaf758dcc35032263920c57db,2026-02,North Yorkshire Police,North Yorkshire Police,-1.068052,53.941495,On or near Lesley Avenue,E01013360,York 019A,Violence and sexual offences,Under investigation,
a1f592a5133b42b848130c80a3feba2b27bcf8fdd0f1bc38701435eb1b676a22,2026-02,North Yorkshire Police,North Yorkshire Police,-1.067895,53.939669,On or near Endfields Road,E01013360,York 019A,Violence and sexual offences,Under investigation,
,2026-02,North Yorkshire Police,North Yorkshire Police,-1.076189,53.947642,On or near Alma Court,E01013361,York 019B,Anti-social behaviour,,
,2026-02,North Yorkshire Police,North Yorkshire Police,-1.076189,53.947642,On or near Alma Court,E01013361,York 019B,Anti-social behaviour,,
,2026-02,North Yorkshire Police,North Yorkshire Police,-1.076189,53.947642,On or near Alma Court,E01013361,York 019B,Anti-social behaviour,,
20f6e9f2969948f77d9aca8f3408ddf490605b0f701f81ec7f838abbd37a0fbf,2026-02,North Yorkshire Police,North Yorkshire Police,-1.074925,53.947321,On or near ,E01013361,York 019B,Criminal damage and arson,Unable to prosecute suspect,
9a2369b3de34bb7a7827ba50a1f553549fc6a827fbae6dfd2c3162b6d092533c,2026-02,North Yorkshire Police,North Yorkshire Police,-1.077908,53.948456,On or near Hartoft Street,E01013361,York 019B,Drugs,Investigation complete; no suspect identified,
85d281f6283286314ae870ec93b190cf638f7b6a7699fbcccdd15f0cbe7b29ed,2026-02,North Yorkshire Police,North Yorkshire Police,-1.078366,53.947021,On or near Frances Street,E01013361,York 019B,Other theft,Under investigation,
4e609e7c03dc75dc12f98b998372e22407dac683ba7d0fea3372ae464844cc6b,2026-02,North Yorkshire Police,North Yorkshire Police,-1.076553,53.950476,On or near Sandringham Street,E01013361,York 019B,Public order,Under investigation,
90a4c8a0b5d702d544c5436d5427a98d9b6f08c67f13c0ad6aa019ae3636dd4d,2026-02,North Yorkshire Police,North Yorkshire Police,-1.078366,53.947021,On or near Frances Street,E01013361,York 019B,Public order,Under investigation,
0a2b64394ebd61a5a473224d800f00c99842c9b6c87c135dfdeef08a69d9b74d,2026-02,North Yorkshire Police,North Yorkshire Police,-1.076189,53.947642,On or near Alma Court,E01013361,York 019B,Violence and sexual offences,Under investigation,
,2026-02,North Yorkshire Police,North Yorkshire Police,-1.074596,53.946614,On or near Wenlock Terrace,E01013362,York 019C,Anti-social behaviour,,
c5ecaee818b675b986342e4fae1018cf418540e34c5467b727a882cbffc58f5e,2026-02,North Yorkshire Police,North Yorkshire Police,-1.072405,53.946490,On or near Police Station,E01013362,York 019C,Criminal damage and arson,Awaiting court outcome,
5837b41fe2c21ac6707446a2d2b105f9b42b37d50176fff4c3174d1944d3df72,2026-02,North Yorkshire Police,North Yorkshire Police,-1.072405,53.946490,On or near Police Station,E01013362,York 019C,Criminal damage and arson,Under investigation,
7365a0a14c8c3cbf272e3ec0cd9694d6b0b5aff4d82641d0570c9607b074438a,2026-02,North Yorkshire Police,North Yorkshire Police,-1.062925,53.948528,On or near Sports/Recreation Area,E01013362,York 019C,Criminal damage and arson,Under investigation,
3132edc32fe7439d0ce5f1e25d6a035efe92e075489adadcf292619fe71c40c1,2026-02,North Yorkshire Police,North Yorkshire Police,-1.062925,53.948528,On or near Sports/Recreation Area,E01013362,York 019C,Criminal damage and arson,Under investigation,
62d5f455166fe9ffb480b640f0d5e597790eae158cc3042d06879ae6c4e54017,2026-02,North Yorkshire Police,North Yorkshire Police,-1.062925,53.948528,On or near Sports/Recreation Area,E01013362,York 019C,Criminal damage and arson,Under investigation,
60490d102feca527ee83c6126d85bcedd6a82c2d346d97a1540e201f02b77640,2026-02,North Yorkshire Police,North Yorkshire Police,-1.072405,53.946490,On or near Police Station,E01013362,York 019C,Drugs,Awaiting court outcome,
492355247d3d1b080b9f00a25e2297264d768b0ad101bf20f039339940c953d1,2026-02,North Yorkshire Police,North Yorkshire Police,-1.074596,53.946614,On or near Wenlock Terrace,E01013362,York 019C,Drugs,Awaiting court outcome,
9f7bf4789b37a2221f19cf7ff9843736080e3103c164d6f704db0090fb823a2d,2026-02,North Yorkshire Police,North Yorkshire Police,-1.072405,53.946490,On or near Police Station,E01013362,York 019C,Drugs,Awaiting court outcome,
85fc5c9986739296577475f009ef47e773b87991feeb24de852cd842a04ca439,2026-02,North Yorkshire Police,North Yorkshire Police,-1.073654,53.947209,On or near Sports/Recreation Area,E01013362,York 019C,Other theft,Investigation complete; no suspect identified,
612005a7f044c9ecf2e4622f126588b80ac6d20109c5e7b0dc41a722272f7ad2,2026-02,North Yorkshire Police,North Yorkshire Police,-1.072405,53.946490,On or near Police Station,E01013362,York 019C,Possession of weapons,Under investigation,
ddc159073e4be7961c20c7b3c58c9efe9038a6dc2a41c2b0d36ad9c4a8f6127d,2026-02,North Yorkshire Police,North Yorkshire Police,-1.076046,53.946518,On or near Ambrose Street,E01013362,York 019C,Possession of weapons,Under investigation,
407769aad716fe3abeb20118d4398ac9b8bea8bf63408c649da01f4758d2f252,2026-02,North Yorkshire Police,North Yorkshire Police,-1.072405,53.946490,On or near Police Station,E01013362,York 019C,Public order,Under investigation,
d6ca573cc32d9c1f6e6efff8bb8fc1bacb93719a18e3987aa11801b10bb06ee4,2026-02,North Yorkshire Police,North Yorkshire Police,-1.072405,53.946490,On or near Police Station,E01013362,York 019C,Public order,Under investigation,
57235dddd44a43fe217439ae760943b0206db435930d27f2d69ff0e4b7202da3,2026-02,North Yorkshire Police,North Yorkshire Police,-1.072405,53.946490,On or near Police Station,E01013362,York 019C,Public order,Under investigation,
67055f817d026ff915230af41706d968fdf2bdf6169d611d8e1967e4d22853df,2026-02,North Yorkshire Police,North Yorkshire Police,-1.072405,53.946490,On or near Police Station,E01013362,York 019C,Public order,Under investigation,
c0577dfdcfbeb3f7259c136f33f6f17f190fd2cb86e66e3f8b679609263056c6,2026-02,North Yorkshire Police,North Yorkshire Police,-1.072405,53.946490,On or near Police Station,E01013362,York 019C,Public order,Under investigation,
f5cfe4fc79893a13978e973f70151a30675e530c9535f6b87e37140fb4d11f4a,2026-02,North Yorkshire Police,North Yorkshire Police,-1.074596,53.946614,On or near Wenlock Terrace,E01013362,York 019C,Shoplifting,Under investigation,
1da3694bc80272708ca42c065e47e0db6634f41dee918b605a94e274ae2a8cb7,2026-02,North Yorkshire Police,North Yorkshire Police,-1.074596,53.946614,On or near Wenlock Terrace,E01013362,York 019C,Shoplifting,Investigation complete; no suspect identified,
edbddea38114de2bcc4848302d0291932c0d189d151c551dad60468dc653196f,2026-02,North Yorkshire Police,North Yorkshire Police,-1.075316,53.943681,On or near Supermarket,E01013362,York 019C,Shoplifting,Under investigation,
232d462a44be7a0190811026dde67b115c4e91d57060996fae0911f2c8dd14bf,2026-02,North Yorkshire Police,North Yorkshire Police,-1.073869,53.944344,On or near Fulford Road,E01013362,York 019C,Vehicle crime,Under investigation,
7f2fe9c1e8cc616ea97b8b966b1f915b1b6ab1b23dcf570f579a67efae120af6,2026-02,North Yorkshire Police,North Yorkshire Police,-1.072405,53.946490,On or near Police Station,E01013362,York 019C,Violence and sexual offences,Under investigation,
401c95736f51639c452ab8b4bf4d5b8c64c8af4a5557be29710c0a10cb1c495d,2026-02,North Yorkshire Police,North Yorkshire Police,-1.075406,53.943061,On or near Fulford Cross,E01013362,York 019C,Violence and sexual offences,Under investigation,
45a878ee0baf993d4dc71e53e377eb8512e5194683bd04256b75179d9ea2c486,2026-02,North Yorkshire Police,North Yorkshire Police,-1.074596,53.946614,On or near Wenlock Terrace,E01013362,York 019C,Violence and sexual offences,Under investigation,
e7de1ea64dda577d107afb442a1d1295488ad288dde0c9b3383e9ef13c4463d5,2026-02,North Yorkshire Police,North Yorkshire Police,-1.072405,53.946490,On or near Police Station,E01013362,York 019C,Violence and sexual offences,Awaiting court outcome,
04954a2932f47807ce5d5cb22d31742c0ccfa2b0be1f2b0e6e509f219af89bec,2026-02,North Yorkshire Police,North Yorkshire Police,-1.075406,53.943061,On or near Fulford Cross,E01013362,York 019C,Violence and sexual offences,Under investigation,
2e4e8719cc75cf51ad23ff69632ef9ef15d9b73dff402b0da2227e94cb943dad,2026-02,North Yorkshire Police,North Yorkshire Police,-1.072405,53.946490,On or near Police Station,E01013362,York 019C,Violence and sexual offences,Under investigation,
189a030f6c98151ee7ff94b5aeb49b1fd1870e7fe934b42faef721aab0a01314,2026-02,North Yorkshire Police,North Yorkshire Police,-1.076046,53.946518,On or near Ambrose Street,E01013362,York 019C,Violence and sexual offences,Under investigation,
c4de18bf7cf20ee1ed716f2a3626de3018633a67d3f22efd4c96171b64224536,2026-02,North Yorkshire Police,North Yorkshire Police,-1.072405,53.946490,On or near Police Station,E01013362,York 019C,Violence and sexual offences,Awaiting court outcome,
c16c93687fa506d810a5ed89017cc4220c19f571da7d4022adc7ced3fd6f40ec,2026-02,North Yorkshire Police,North Yorkshire Police,-1.074596,53.946614,On or near Wenlock Terrace,E01013362,York 019C,Violence and sexual offences,Unable to prosecute suspect,
b6694481af1e2a70d207b56f220ae85b6fe02236601ce622c6ae29b15597b03f,2026-02,North Yorkshire Police,North Yorkshire Police,-1.072405,53.946490,On or near Police Station,E01013362,York 019C,Violence and sexual offences,Unable to prosecute suspect,
3aeb99c0beea6c38ae27723bf0cd8915c2a4a4e68bc377d69254bd2ff1dee829,2026-02,North Yorkshire Police,North Yorkshire Police,-1.074596,53.946614,On or near Wenlock Terrace,E01013362,York 019C,Violence and sexual offences,Under investigation,
e8693d38fd8611267ac500973d5f8f99df5548b3a9a0f190e6d8cf2e27cdff48,2026-02,North Yorkshire Police,North Yorkshire Police,-1.072405,53.946490,On or near Police Station,E01013362,York 019C,Violence and sexual offences,Under investigation,
04c27e074bf37255bdcdb65ab483d4f39e75b7dce4340f4d5fa2caa5e8be14e8,2026-02,North Yorkshire Police,North Yorkshire Police,-1.072405,53.946490,On or near Police Station,E01013362,York 019C,Violence and sexual offences,Under investigation,
02b1dfdbdf6246721ea540d90c2fcaa4276266b11e914f44479a710c2946d6a3,2026-02,North Yorkshire Police,North Yorkshire Police,-1.074596,53.946614,On or near Wenlock Terrace,E01013362,York 019C,Violence and sexual offences,Under investigation,
761b7bace14e34f88d257e042728a278f0869201eac5aff414970d46a5b05f80,2026-02,North Yorkshire Police,North Yorkshire Police,-1.074596,53.946614,On or near Wenlock Terrace,E01013362,York 019C,Violence and sexual offences,Unable to prosecute suspect,
f95b653a2cbb4a7249ec78c24cdde6f519a4ff760df747d7cb52abf285c30920,2026-02,North Yorkshire Police,North Yorkshire Police,-1.074596,53.946614,On or near Wenlock Terrace,E01013362,York 019C,Violence and sexual offences,Unable to prosecute suspect,
,2026-02,North Yorkshire Police,North Yorkshire Police,-1.071767,53.953927,On or near Barbican Road,E01013363,York 019D,Anti-social behaviour,,
,2026-02,North Yorkshire Police,North Yorkshire Police,-1.063348,53.953574,On or near Lawrence Square,E01013363,York 019D,Anti-social behaviour,,
,2026-02,North Yorkshire Police,North Yorkshire Police,-1.059787,53.954050,On or near Petrol Station,E01013363,York 019D,Anti-social behaviour,,
,2026-02,North Yorkshire Police,North Yorkshire Police,-1.059787,53.954050,On or near Petrol Station,E01013363,York 019D,Anti-social behaviour,,
,2026-02,North Yorkshire Police,North Yorkshire Police,-1.063348,53.953574,On or near Lawrence Square,E01013363,York 019D,Anti-social behaviour,,
,2026-02,North Yorkshire Police,North Yorkshire Police,-1.063649,53.954421,On or near Milton Street,E01013363,York 019D,Anti-social behaviour,,
d35ab874f314c86556cd429a69c8aa47cfca72c2198dd3cd564b2f820ce6512f,2026-02,North Yorkshire Police,North Yorkshire Police,-1.070904,53.954388,On or near Lawrence Court,E01013363,York 019D,Burglary,Under investigation,
693c3e083ba7092fc7a73f9dd8ea321e15059266667aa5b015cdb4bc2a20971a,2026-02,North Yorkshire Police,North Yorkshire Police,-1.063042,53.952286,On or near Blakeney Place,E01013363,York 019D,Criminal damage and arson,Investigation complete; no suspect identified,
6651c76b7784c74d7bed21f9c6811ad79f58018050ea71e5dfe975c57c63df78,2026-02,North Yorkshire Police,North Yorkshire Police,-1.073541,53.953680,On or near Supermarket,E01013363,York 019D,Public order,Unable to prosecute suspect,
1fe386f489c90dd33fe354918f86c8124d84d7f8fd89bbb722f37e1d1f8600d8,2026-02,North Yorkshire Police,North Yorkshire Police,-1.063649,53.954421,On or near Milton Street,E01013363,York 019D,Shoplifting,Under investigation,
0894dc348c667045515efdf3bc6a144003c9c0d62eaace19a5c42aed0af6157c,2026-02,North Yorkshire Police,North Yorkshire Police,-1.073541,53.953680,On or near Supermarket,E01013363,York 019D,Shoplifting,Under investigation,
b4a8ea06c60a8c5dd5ded306fef57d7d2d54bd4f5f1f7cfc9f88e944f9e7c29f,2026-02,North Yorkshire Police,North Yorkshire Police,-1.073541,53.953680,On or near Supermarket,E01013363,York 019D,Shoplifting,Investigation complete; no suspect identified,
c95c1d9137f98ec6b312cc4833d26feb7671a27d8d3a37803f571f1a14beb79c,2026-02,North Yorkshire Police,North Yorkshire Police,-1.073541,53.953680,On or near Supermarket,E01013363,York 019D,Shoplifting,Investigation complete; no suspect identified,
57c64d53b4de8fbba11b754faf6bb9787fbb5d3003ee0cb188082c584bf79ce6,2026-02,North Yorkshire Police,North Yorkshire Police,-1.064125,53.954281,On or near Petrol Station,E01013363,York 019D,Shoplifting,Awaiting court outcome,
f33dcbb4c9c5b07b2412bf490e39845d378444c87929c29603acfd46f9e5af91,2026-02,North Yorkshire Police,North Yorkshire Police,-1.067527,53.952753,On or near Daysfoot Court,E01013363,York 019D,Violence and sexual offences,Awaiting court outcome,
ad1394c618bec4972f0b0639ba6b6385354e72aa6edd434d7329adb8c750a6fb,2026-02,North Yorkshire Police,North Yorkshire Police,-1.063042,53.952286,On or near Blakeney Place,E01013363,York 019D,Violence and sexual offences,Under investigation,
706470f3d033b2c505e685d04b93091dc94c7cc80fdb2788ce3efa8b8e5368b6,2026-02,North Yorkshire Police,North Yorkshire Police,-1.073541,53.953680,On or near Supermarket,E01013363,York 019D,Violence and sexual offences,Under investigation,
29f755c164b1f5d1aed5bdd15c39c29e7061402412f1a3daca92ec42ba479fa0,2026-02,North Yorkshire Police,North Yorkshire Police,-1.063348,53.953574,On or near Lawrence Square,E01013363,York 019D,Violence and sexual offences,Under investigation,
4ce790a1a2e7646b591a6a0e64f9baac090137b3f45a1689fcbfd72aa33933d3,2026-02,North Yorkshire Police,North Yorkshire Police,-1.063348,53.953574,On or near Lawrence Square,E01013363,York 019D,Violence and sexual offences,Unable to prosecute suspect,
e43aa3b2310beacd8983f39eceb39d2c59d2ade6c4e38daee1d04513de60b0ad,2026-02,North Yorkshire Police,North Yorkshire Police,-1.061888,53.951920,On or near ,E01013363,York 019D,Violence and sexual offences,Under investigation,
c004bf8a3ba27e54d5b39e5c7fd6989a4ded38e733790fe4a92dae9f5ea40f60,2026-02,North Yorkshire Police,North Yorkshire Police,-1.061888,53.951920,On or near ,E01013363,York 019D,Violence and sexual offences,Under investigation,
,2026-02,North Yorkshire Police,North Yorkshire Police,-1.075841,53.951639,On or near Fishergate,E01013364,York 019E,Anti-social behaviour,,
,2026-02,North Yorkshire Police,North Yorkshire Police,-1.077271,53.952333,On or near ,E01013364,York 019E,Anti-social behaviour,,
,2026-02,North Yorkshire Police,North Yorkshire Police,-1.073340,53.952438,On or near Parking Area,E01013364,York 019E,Anti-social behaviour,,
fa6fb604c1a4986d517fb3005f6888c8aa4ff889fed2e5a288cb810213e08bbb,2026-02,North Yorkshire Police,North Yorkshire Police,-1.075504,53.948985,On or near Grange Street,E01013364,York 019E,Bicycle theft,Under investigation,
f680a9260c32f81e084e0ac9509ef929ce9c1a18bebbc079afe4712a0c7784fa,2026-02,North Yorkshire Police,North Yorkshire Police,-1.073562,53.951334,On or near Melbourne Street,E01013364,York 019E,Bicycle theft,Investigation complete; no suspect identified,
e26c69065a63025cbb6e3033f2d918905b474f27947548b1ea6accdc760f5973,2026-02,North Yorkshire Police,North Yorkshire Police,-1.072585,53.950742,On or near Cemetery Road,E01013364,York 019E,Criminal damage and arson,Unable to prosecute suspect,
9bf00098fa807bb48b58ff88bf2a8ba793b11407f5807b841a0bf3d87ad6d41a,2026-02,North Yorkshire Police,North Yorkshire Police,-1.072830,53.951365,On or near St Ann'S Court,E01013364,York 019E,Other theft,Under investigation,
ffceb4c4029f27eec0f43f5868cf67b00ecf5c1d56ae916aebd82576485979c4,2026-02,North Yorkshire Police,North Yorkshire Police,-1.077275,53.952972,On or near Fewster Way,E01013364,York 019E,Public order,Under investigation,
650cc6951ae0ae95855d6e7aa3ef021afaa1e81245fee9ce9ea7d02266d48b80,2026-02,North Yorkshire Police,North Yorkshire Police,-1.073583,53.949015,On or near Kensal Rise,E01013364,York 019E,Vehicle crime,Investigation complete; no suspect identified,
72542dc3c92b6d50aecf05067eaa8eec0208cb755e3ef9136af59d9dc08fda89,2026-02,North Yorkshire Police,North Yorkshire Police,-1.073099,53.950908,On or near Winterscale Court,E01013364,York 019E,Violence and sexual offences,Under investigation,
4f76af20f20f770d4bb9d75e390666a0bb7fc90ebbddf60d0607128f6a4c2b1c,2026-02,North Yorkshire Police,North Yorkshire Police,-1.069671,53.951565,On or near Apollo Court,E01013364,York 019E,Violence and sexual offences,Awaiting court outcome,
69660e76602cb034f4dd2fbd02d7502dce1e7436fcdba171ce90b5073f5aaec3,2026-02,North Yorkshire Police,North Yorkshire Police,-1.072585,53.950742,On or near Cemetery Road,E01013364,York 019E,Violence and sexual offences,Under investigation,
aaf3aa11b475cdaee36e6964ff30727f97e45e06fa460236d786e6383d59d160,2026-02,North Yorkshire Police,North Yorkshire Police,-1.072585,53.950742,On or near Cemetery Road,E01013364,York 019E,Violence and sexual offences,Unable to prosecute suspect,
04c151f9dacd71e63e9b8f8a607176219978447d7d2dce4c0089af02e1cd25be,2026-02,North Yorkshire Police,North Yorkshire Police,-1.069890,53.953400,On or near Barbican Mews,E01013364,York 019E,Violence and sexual offences,Under investigation,
d205548b16d45026a8cc11f2b99b7638036fbcad061203f8a591b95ac0915aa7,2026-02,North Yorkshire Police,North Yorkshire Police,-1.076771,53.953663,On or near ,E01013364,York 019E,Violence and sexual offences,Under investigation,
05a0227259daed94dd4a5f312ed6e4fbe4450d5f2470290c24252e92710cac7a,2026-02,North Yorkshire Police,North Yorkshire Police,-1.069671,53.951565,On or near Apollo Court,E01013364,York 019E,Violence and sexual offences,Under investigation,
,2026-02,North Yorkshire Police,North Yorkshire Police,-1.083618,53.952103,On or near Darnborough Street,E01013418,York 019F,Anti-social behaviour,,
,2026-02,North Yorkshire Police,North Yorkshire Police,-1.083618,53.952103,On or near Darnborough Street,E01013418,York 019F,Anti-social behaviour,,
b208e04cbfb3f10105aaf929412959d79887f5161896799d0b534bbcad2209cc,2026-02,North Yorkshire Police,North Yorkshire Police,-1.083840,53.951701,On or near Ebor Street,E01013418,York 019F,Bicycle theft,Under investigation,
02cd3aa1ccccd418a4e0db8cadd05a4c14c6ca58a6fc5fed8ac29e912f1565de,2026-02,North Yorkshire Police,North Yorkshire Police,-1.085536,53.951480,On or near Parking Area,E01013418,York 019F,Criminal damage and arson,Under investigation,
a4ece1354333705680b9d3c80d08ed612dfd5da2a8fa025ac5dff57c805a1ee3,2026-02,North Yorkshire Police,North Yorkshire Police,-1.085536,53.951480,On or near Parking Area,E01013418,York 019F,Criminal damage and arson,Investigation complete; no suspect identified,
85591e4adc3292b7038eed0635d20a4673c089f910ac3e9233a2764e3eec6138,2026-02,North Yorkshire Police,North Yorkshire Police,-1.084199,53.950625,On or near Charlton Street,E01013418,York 019F,Criminal damage and arson,Investigation complete; no suspect identified,
e9a013dd514645581cdd1fc05dfbd4298cf36c17be966cf7e45c244fe4000f59,2026-02,North Yorkshire Police,North Yorkshire Police,-1.081744,53.948497,On or near ,E01013418,York 019F,Drugs,Under investigation,
69009888a39baa42784a0b60fc63fcad57d5c6c92ee8c78e630f7118cc7374a8,2026-02,North Yorkshire Police,North Yorkshire Police,-1.082403,53.950521,On or near Anne Street,E01013418,York 019F,Other theft,Under investigation,
15248efe9725363d208cec1196ffe9b5427e20f5a8345c29d2757b6eeb87c4bb,2026-02,North Yorkshire Police,North Yorkshire Police,-1.085536,53.951480,On or near Parking Area,E01013418,York 019F,Public order,Unable to prosecute suspect,
d6f715bf91ecf55b26ec8c36095cd02411d51ba2b3bd9b8d44cd0d19f655b510,2026-02,North Yorkshire Police,North Yorkshire Police,-1.082403,53.950521,On or near Anne Street,E01013418,York 019F,Public order,Unable to prosecute suspect,
f7440a520c977e8e1c8b3a2fbe2eebe231394a5c660ce2ab9901bd7c4e313a12,2026-02,North Yorkshire Police,North Yorkshire Police,-1.085536,53.951480,On or near Parking Area,E01013418,York 019F,Public order,Under investigation,
c10ec90ee8a53669780a4322f16c413fbaef3ae17ecc70fcb2ba6cb1bf5de0fe,2026-02,North Yorkshire Police,North Yorkshire Police,-1.085536,53.951480,On or near Parking Area,E01013418,York 019F,Robbery,Under investigation,
b0ba440cb48b9e50663a24a7e7ce0f1fe8b2f52960f22b90eb3364f5e06d8b63,2026-02,North Yorkshire Police,North Yorkshire Police,-1.083403,53.950088,On or near Fenwick Street,E01013418,York 019F,Violence and sexual offences,Under investigation,
3a9d320743119e084ed54c81eff43a2fe83bba7273cc3dec81ff25b47550aebe,2026-02,North Yorkshire Police,North Yorkshire Police,-1.084199,53.950625,On or near Charlton Street,E01013418,York 019F,Violence and sexual offences,Under investigation,
6b303d489db3b2573aac8b5c464c939dcad8d0911d15ccbece5cc3fc7339cfbc,2026-02,North Yorkshire Police,North Yorkshire Police,-1.082403,53.950521,On or near Anne Street,E01013418,York 019F,Violence and sexual offences,Under investigation,
ed6190a65641f22499f0f7f1624433a8d8d2d25e5a4d4a6c799e5b244c87af15,2026-02,North Yorkshire Police,North Yorkshire Police,-1.082403,53.950521,On or near Anne Street,E01013418,York 019F,Violence and sexual offences,Under investigation,
d03871e1b3d6aa4ee3a6bd144feb12c06488bad6ca6bdcf42aa8bc30d9b2d3ba,2026-02,North Yorkshire Police,North Yorkshire Police,-0.981314,53.955576,On or near Thornbeck,E01013351,York 020A,Vehicle crime,Under investigation,
12e44037890092deb39902e4828e5f6aa1e0917d8f851d3eb1fbfc19b7c1b981,2026-02,North Yorkshire Police,North Yorkshire Police,-1.005166,53.959362,On or near Stamford Bridge Road,E01013351,York 020A,Violence and sexual offences,Unable to prosecute suspect,
071fed17e3c5a0022ef5e1332d028621335f33c901b20beeda7dd65a2afc0fbb,2026-02,North Yorkshire Police,North Yorkshire Police,-1.005166,53.959362,On or near Stamford Bridge Road,E01013351,York 020A,Violence and sexual offences,Unable to prosecute suspect,
2a669921e1b379d600d958a846c7c752333d0c5c50a21ef3f598d9e9cda6023f,2026-02,North Yorkshire Police,North Yorkshire Police,-1.005166,53.959362,On or near Stamford Bridge Road,E01013351,York 020A,Violence and sexual offences,Unable to prosecute suspect,
4375ef6459b770ec129b2101eeca115f3e1e94ce3445857532666f37bbd3b26b,2026-02,North Yorkshire Police,North Yorkshire Police,-0.996061,53.980525,On or near Holtby Lane,E01013351,York 020A,Violence and sexual offences,Under investigation,
3f823e9fbffa82cd49152b340cab179078e517a4f9eb164f485600f92ec77cac,2026-02,North Yorkshire Police,North Yorkshire Police,-1.009161,53.979187,On or near Piker Thorn Lane,E01013351,York 020A,Violence and sexual offences,Under investigation,
,2026-02,North Yorkshire Police,North Yorkshire Police,-0.984824,53.967308,On or near Church Balk,E01013352,York 020B,Anti-social behaviour,,
701db51448628c17f79c37179f8bc485b4e6f6802bea9ede26b1d01912f18bfe,2026-02,North Yorkshire Police,North Yorkshire Police,-0.979639,53.966150,On or near Orchard Cottages,E01013352,York 020B,Other theft,Investigation complete; no suspect identified,
61d2855223a5a6085cac7204315985177359610d8562f202b6a4007e97973655,2026-02,North Yorkshire Police,North Yorkshire Police,-0.988831,53.961104,On or near Pit Lane,E01013352,York 020B,Violence and sexual offences,Under investigation,
463b4c2662083ff7b8d858a5f11b3840b2d757b7f28cb3b399de23e93c8ed00f,2026-02,North Yorkshire Police,North Yorkshire Police,-0.980141,53.962415,On or near Hunters Wood Way,E01013352,York 020B,Violence and sexual offences,Under investigation,
,2026-02,North Yorkshire Police,North Yorkshire Police,-0.940948,53.925350,On or near Dauby Lane,E01013451,York 020C,Anti-social behaviour,,
a909eca2e0354ab28e955b5838b9b80b732778629a2911c2b39aa43575573825,2026-02,North Yorkshire Police,North Yorkshire Police,-0.961853,53.896051,On or near Forge Close,E01013452,York 020D,Violence and sexual offences,Under investigation,
,2026-02,North Yorkshire Police,North Yorkshire Police,-1.105492,53.935389,On or near Middlethorpe Grove,E01013357,York 021A,Anti-social behaviour,,
8c18dbd02aeeda38978dabe1704040b8008ef301c454c5bdc7b9268dc2907424,2026-02,North Yorkshire Police,North Yorkshire Police,-1.104297,53.929806,On or near Sports/Recreation Area,E01013357,York 021A,Criminal damage and arson,Under investigation,
9f9e41c63451a8cda7d0e0ccadcfe8756d5baf4dd1061cee3d78a37194db716d,2026-02,North Yorkshire Police,North Yorkshire Police,-1.102863,53.934380,On or near Whin Road,E01013357,York 021A,Violence and sexual offences,Under investigation,
,2026-02,North Yorkshire Police,North Yorkshire Police,-1.112429,53.942262,On or near Meadow Court,E01013358,York 021B,Anti-social behaviour,,
,2026-02,North Yorkshire Police,North Yorkshire Police,-1.102313,53.947247,On or near White House Gardens,E01013358,York 021B,Anti-social behaviour,,
ccf8770c431dda0532c3f2dfe18e3efec7048259694fa2cd5bba956a4dc1b30f,2026-02,North Yorkshire Police,North Yorkshire Police,-1.106057,53.947410,On or near White House Dale,E01013358,York 021B,Criminal damage and arson,Under investigation,
1c27961cf713b602abe420001910b3f5404d0210e54acec2182163d9754bee3c,2026-02,North Yorkshire Police,North Yorkshire Police,-1.106167,53.942288,On or near Ainsty Grove,E01013358,York 021B,Violence and sexual offences,Under investigation,
d54410fde3aa0fce516d2824f9ac8e83f81324e6851b24f2119ebef9b4bc0b4c,2026-02,North Yorkshire Police,North Yorkshire Police,-1.093374,53.947692,On or near Philadelphia Terrace,E01013412,York 021C,Burglary,Under investigation,
3158ecbcefcc7964a8af9a5edcdf8ad0e8c6fab218949b7c07b8a97a46d96a74,2026-02,North Yorkshire Police,North Yorkshire Police,-1.087688,53.938061,On or near ,E01013412,York 021C,Criminal damage and arson,Under investigation,
98b715e6128a032048b467193af3a5e7c22d0cac22098c13d37ee5cd8281444d,2026-02,North Yorkshire Police,North Yorkshire Police,-1.090332,53.943274,On or near Campleshon Road,E01013412,York 021C,Other theft,Under investigation,
5210d270bd3090199f909651dda50be1310e335bff1647a428d84a4c8866ac71,2026-02,North Yorkshire Police,North Yorkshire Police,-1.089812,53.942659,On or near Clock Tower Way,E01013412,York 021C,Other theft,Investigation complete; no suspect identified,
69244a277b94391ed869a771d45ff842bdfb6c6348ec80a88a3fa049ef5937e0,2026-02,North Yorkshire Police,North Yorkshire Police,-1.090332,53.943274,On or near Campleshon Road,E01013412,York 021C,Robbery,Under investigation,
055fd9154e179ecd9aba9c1ca351faa6ffe34c400275cc6f5ba227454569b1f1,2026-02,North Yorkshire Police,North Yorkshire Police,-1.090332,53.943274,On or near Campleshon Road,E01013412,York 021C,Shoplifting,Investigation complete; no suspect identified,
,2026-02,North Yorkshire Police,North Yorkshire Police,-1.088755,53.942202,On or near Banks Drive,E01013414,York 021D,Anti-social behaviour,,
,2026-02,North Yorkshire Police,North Yorkshire Police,-1.120466,53.937495,On or near Chaloner'S Crescent,E01013353,York 022A,Anti-social behaviour,,
47461f5c8ebc112c569c1ffd9033770cbce7b20d09357df9fdb56175e2b891f9,2026-02,North Yorkshire Police,North Yorkshire Police,-1.120466,53.937495,On or near Chaloner'S Crescent,E01013353,York 022A,Vehicle crime,Investigation complete; no suspect identified,
219395bdff08dd2ef9fd1017e024ef1917f026e40deac6a443a1f5bda395a5eb,2026-02,North Yorkshire Police,North Yorkshire Police,-1.114140,53.939875,On or near Gower Road,E01013353,York 022A,Violence and sexual offences,Under investigation,
219395bdff08dd2ef9fd1017e024ef1917f026e40deac6a443a1f5bda395a5eb,2026-02,North Yorkshire Police,North Yorkshire Police,-1.114140,53.939875,On or near Gower Road,E01013353,York 022A,Violence and sexual offences,Under investigation,
,2026-02,North Yorkshire Police,North Yorkshire Police,-1.132318,53.934534,On or near Orrin Close,E01013354,York 022B,Anti-social behaviour,,
,2026-02,North Yorkshire Police,North Yorkshire Police,-1.145622,53.935596,On or near ,E01013354,York 022B,Anti-social behaviour,,
3ee2026478603d636539f7287ac59d25fa02d136b719d8ae6a72222a84641d62,2026-02,North Yorkshire Police,North Yorkshire Police,-1.135107,53.935920,On or near Kinbrace Drive,E01013354,York 022B,Other theft,Investigation complete; no suspect identified,
702fc91ba7486cec8499318773bd5c0a73f74ad7e96d16be69569a75212a8cb9,2026-02,North Yorkshire Police,North Yorkshire Police,-1.138159,53.937155,On or near Deveron Way,E01013354,York 022B,Violence and sexual offences,Under investigation,
,2026-02,North Yorkshire Police,North Yorkshire Police,-1.115953,53.931172,On or near ,E01013355,York 022C,Anti-social behaviour,,
7d04cba7a039e990c257de79dac0dfef8982e92b18cabedb68784251f2451eba,2026-02,North Yorkshire Police,North Yorkshire Police,-1.121478,53.935012,On or near Bramble Dene,E01013355,York 022C,Burglary,Under investigation,
b1942f939c70d1155d8c53cbc0b20821744b99b5182625a6fd7a3969412ba03b,2026-02,North Yorkshire Police,North Yorkshire Police,-1.117720,53.928743,On or near ,E01013355,York 022C,Violence and sexual offences,Under investigation,
22384b1deef4b7039d1f346b75c8c5508de96193970f2f1699f87bda430a7059,2026-02,North Yorkshire Police,North Yorkshire Police,-1.112869,53.930868,On or near The Grove,E01013355,York 022C,Violence and sexual offences,Under investigation,
7e955332744d9c55d30f59bca64f147da6119909f698364d9264ade8a3ec9301,2026-02,North Yorkshire Police,North Yorkshire Police,-1.112869,53.930868,On or near The Grove,E01013355,York 022C,Violence and sexual offences,Under investigation,
7044d078314f0bc169e1226be4ec1d7d8ff4a798220deeb127d2a18bd644cf53,2026-02,North Yorkshire Police,North Yorkshire Police,-1.123872,53.937061,On or near Silverdale Court,E01013356,York 022D,Shoplifting,Investigation complete; no suspect identified,
790015bb309232dd918d8f733d7700e82a319ee0efe383d7b77e78515732b0d3,2026-02,North Yorkshire Police,North Yorkshire Police,-1.123872,53.937061,On or near Silverdale Court,E01013356,York 022D,Shoplifting,Investigation complete; no suspect identified,
fd192aadfcd353931c9f3e87183c51d15df44434c50630641c39f7da193cdf61,2026-02,North Yorkshire Police,North Yorkshire Police,-1.123872,53.937061,On or near Silverdale Court,E01013356,York 022D,Shoplifting,Investigation complete; no suspect identified,
56112365ad6040dd4e4398515b6bc1afa92d941d50af798d1dfe0e4b4d86357d,2026-02,North Yorkshire Police,North Yorkshire Police,-1.123872,53.937061,On or near Silverdale Court,E01013356,York 022D,Shoplifting,Investigation complete; no suspect identified,
a13a5dd34502cf1f667c6f82092ad84ab09108bf0dc97b627b91f0519f04af1b,2026-02,North Yorkshire Police,North Yorkshire Police,-1.123872,53.937061,On or near Silverdale Court,E01013356,York 022D,Shoplifting,Investigation complete; no suspect identified,
38649c038cd9b30052e63ab8b415a8467cda220dec4cbac1fb5edce4a558303d,2026-02,North Yorkshire Police,North Yorkshire Police,-1.123872,53.937061,On or near Silverdale Court,E01013356,York 022D,Shoplifting,Investigation complete; no suspect identified,
68e13aa32a8d54098b8f533d5215a9a562521c6c41551732d03e098bc92b2c3e,2026-02,North Yorkshire Police,North Yorkshire Police,-1.124996,53.936210,On or near Sports/Recreation Area,E01013356,York 022D,Shoplifting,Investigation complete; no suspect identified,
b25f77491ceeb935c03428e513f23baf2699836680712969a4211db6d3ad64eb,2026-02,North Yorkshire Police,North Yorkshire Police,-1.124996,53.936210,On or near Sports/Recreation Area,E01013356,York 022D,Shoplifting,Investigation complete; no suspect identified,
e7d1b657546bd73845a183f4ee274be29b784503a08d750d65e7d273a1c04448,2026-02,North Yorkshire Police,North Yorkshire Police,-1.129873,53.936368,On or near Troutbeck,E01013356,York 022D,Violence and sexual offences,Under investigation,
4448ad00a70b8734b7abaf70cdbe191906617f7ac7b8a11360e8437b6db5b327,2026-02,North Yorkshire Police,North Yorkshire Police,-1.124340,53.940920,On or near Sandmartin Court,E01013356,York 022D,Violence and sexual offences,Under investigation,
34667b9dfdab96aad46bd3f9e0f713b0e6f2f627f5fa8c5630eddae3a87d2087,2026-02,North Yorkshire Police,North Yorkshire Police,-1.124969,53.938525,On or near Deepdale,E01013356,York 022D,Violence and sexual offences,Unable to prosecute suspect,
e5cd13d19e7d28149484a91e094a8d56655a13ce64c40ea7eeb513ab4d3870f9,2026-02,North Yorkshire Police,North Yorkshire Police,-1.122486,53.937797,On or near Acorn Way,E01013356,York 022D,Violence and sexual offences,Under investigation,
388c3aff04fba277ed6c751ce260a4ed769111511c38f553f75e19be57ac827f,2026-02,North Yorkshire Police,North Yorkshire Police,-1.120065,53.943532,On or near St James Place,E01013359,York 022E,Criminal damage and arson,Investigation complete; no suspect identified,
a761e65a9202dec2145b48ef7489aa9f43715edaf4cc5ea7b328e89d7b84ecb5,2026-02,North Yorkshire Police,North Yorkshire Police,-1.114443,53.943553,On or near Orchard Close,E01013359,York 022E,Public order,Under investigation,
dda24c3e7c31ed8f73cd4d525e47b1997c5b92ee7dec0c5ba48979818f897650,2026-02,North Yorkshire Police,North Yorkshire Police,-1.119021,53.943173,On or near St James Croft,E01013359,York 022E,Violence and sexual offences,Unable to prosecute suspect,
966555cd1cf3aca3df1b868530ebb9007df8b1ac52bb890259cf5bf6f946102c,2026-02,North Yorkshire Police,North Yorkshire Police,-1.115181,53.941779,On or near Southfield Crescent,E01013359,York 022E,Violence and sexual offences,Under investigation,
645711e88fb6d4002832ae2869dcf20d78d1ee754f7a8705a9fc2b25b9e3667b,2026-02,North Yorkshire Police,North Yorkshire Police,-1.115319,53.941016,On or near Turnmire Road,E01013359,York 022E,Violence and sexual offences,Under investigation,
5528e1118f83a05370904f0400e5bebec04fb402bc42891431a0b27a51e5eba5,2026-02,North Yorkshire Police,North Yorkshire Police,-1.122010,53.941595,On or near Highmoor Road,E01013359,York 022E,Violence and sexual offences,Under investigation,
3a3714787fb7e397cbddc7f0288a64e956b5d8b903fbe2ffbaedc38f35b33f22,2026-02,North Yorkshire Police,North Yorkshire Police,-1.131206,53.938921,On or near Spindle Close,E01013449,York 022F,Burglary,Under investigation,
56816a5641d4013b8faf53cda6d96d63116318f70089e473d010f0920a494bc1,2026-02,North Yorkshire Police,North Yorkshire Police,-1.134698,53.938748,On or near Pheasant Drive,E01013449,York 022F,Shoplifting,Investigation complete; no suspect identified,
01288710fd25f7b8889f64c5fe84afbde4d504c4aaf802c8a1d2d826f5d716c8,2026-02,North Yorkshire Police,North Yorkshire Police,-1.134650,53.944788,On or near Salmond Road,E01013449,York 022F,Violence and sexual offences,Under investigation,
52a72f50386dc55b775b0fbaad10b9cece87298d8157c27339c3e5c9dc21f865,2026-02,North Yorkshire Police,North Yorkshire Police,-1.132276,53.939477,On or near Greenwood Grove,E01013449,York 022F,Violence and sexual offences,Under investigation,
04ac12604f45b9a19c0edd44872db3e2c1b5831ad2793837b36b891285b13ea1,2026-02,North Yorkshire Police,North Yorkshire Police,-1.135080,53.943856,On or near Beechwood Glade,E01013449,York 022F,Violence and sexual offences,Under investigation,
d75091850410a7884f127bbf90c7c528a57d90988b5850ac8332870d13daa722,2026-02,North Yorkshire Police,North Yorkshire Police,-1.132276,53.939477,On or near Greenwood Grove,E01013449,York 022F,Violence and sexual offences,Under investigation,
3e442e9cac343213ca6df212e0e8d28b840ac172e00090573e9f47c115f65e6b,2026-02,North Yorkshire Police,North Yorkshire Police,-1.134650,53.944788,On or near Salmond Road,E01013449,York 022F,Violence and sexual offences,Under investigation,
,2026-02,North Yorkshire Police,North Yorkshire Police,-1.030283,53.950813,On or near Kimberlow Rise,E01013378,York 023B,Anti-social behaviour,,
,2026-02,North Yorkshire Police,North Yorkshire Police,-1.029532,53.949692,On or near Kimberlow Lane,E01013378,York 023B,Anti-social behaviour,,
,2026-02,North Yorkshire Police,North Yorkshire Police,-1.045572,53.945920,On or near University Road,E01013378,York 023B,Anti-social behaviour,,
,2026-02,North Yorkshire Police,North Yorkshire Police,-1.052454,53.948815,On or near University Road,E01013378,York 023B,Anti-social behaviour,,
,2026-02,North Yorkshire Police,North Yorkshire Police,-1.019701,53.949789,On or near ,E01013378,York 023B,Anti-social behaviour,,
,2026-02,North Yorkshire Police,North Yorkshire Police,-1.054140,53.947696,On or near Further/Higher Educational Building,E01013378,York 023B,Anti-social behaviour,,
,2026-02,North Yorkshire Police,North Yorkshire Police,-1.019701,53.949789,On or near ,E01013378,York 023B,Anti-social behaviour,,
82f2c76e23fce80050fb841ff4cc2429f1bbe8127fbea323be532c2fa8decd1c,2026-02,North Yorkshire Police,North Yorkshire Police,-1.033356,53.947719,On or near Baird Lane,E01013378,York 023B,Burglary,Under investigation,
41ca201dbe14caddb3af7174a7700333d83e69d02059d64ea672c727a942d860,2026-02,North Yorkshire Police,North Yorkshire Police,-1.048285,53.941861,On or near West Moor Lane,E01013378,York 023B,Other theft,Under investigation,
df46c030d7cbc844bdcc74df53557c2e0498141e4cd40fbf1e071f89197fea2f,2026-02,North Yorkshire Police,North Yorkshire Police,-1.052454,53.948815,On or near University Road,E01013378,York 023B,Other theft,Investigation complete; no suspect identified,
62be840ffaa08e74dcf5669ae4d74d93d2ab598d8e9107094a84c2830d9d3b63,2026-02,North Yorkshire Police,North Yorkshire Police,-1.052454,53.948815,On or near University Road,E01013378,York 023B,Other theft,Investigation complete; no suspect identified,
139b051e06b600f17508bf39eb1058715972ec62da180f5fbb26f6446285088d,2026-02,North Yorkshire Police,North Yorkshire Police,-1.052454,53.948815,On or near University Road,E01013378,York 023B,Robbery,Under investigation,
04078545058c46753f2b8d4aef1e17ccb056c6c3067ab726ba5ccf621975dd87,2026-02,North Yorkshire Police,North Yorkshire Police,-1.047730,53.948804,On or near Alcuin Way,E01013378,York 023B,Vehicle crime,Investigation complete; no suspect identified,
57d504e8b5057dc0d8d0b12c5dc8628118a90b38e66b2e2258bcd8e4273a24d3,2026-02,North Yorkshire Police,North Yorkshire Police,-1.047556,53.941073,On or near Garrowby Way,E01013378,York 023B,Violence and sexual offences,Under investigation,
70e4f8d43106cac619f51697fa9ce061a65189a42036984ff2a1a03cb7341e8f,2026-02,North Yorkshire Police,North Yorkshire Police,-1.056797,53.946090,On or near Park/Open Space,E01013378,York 023B,Violence and sexual offences,Under investigation,
a675ab7fdcacef068dc7dad8b7f218cd3f39c5a278c9ad0c879b4d3767a8834d,2026-02,North Yorkshire Police,North Yorkshire Police,-1.050135,53.950628,On or near ,E01013378,York 023B,Violence and sexual offences,Under investigation,
0cebea533e50ddb1b51e71ee96c28d00c3339606c79f96c46e9a0118c0f94f17,2026-02,North Yorkshire Police,North Yorkshire Police,-1.047556,53.941073,On or near Garrowby Way,E01013378,York 023B,Violence and sexual offences,Unable to prosecute suspect,
8adafb5839502295a2d7016356ace01764a1b72c89b0745cde10a00706d23036,2026-02,North Yorkshire Police,North Yorkshire Police,-1.031816,53.949091,On or near Goodricke Lane,E01013378,York 023B,Violence and sexual offences,Under investigation,
4d934d9b999ddd083ee9669d3c824b201ebc3be92b6d8b9c2c015b6845719104,2026-02,North Yorkshire Police,North Yorkshire Police,-1.057003,53.947763,On or near Further/Higher Educational Building,E01013378,York 023B,Violence and sexual offences,Under investigation,
6bf41656840b54c3aa9809ca20679495d3923474191319b7c5770d75b5c63615,2026-02,North Yorkshire Police,North Yorkshire Police,-1.050135,53.950628,On or near ,E01013378,York 023B,Violence and sexual offences,Under investigation,
79d0c2a0677fa7f8c1b9960840c62169f4595e6e4bfe7b580864d47bd41b42d5,2026-02,North Yorkshire Police,North Yorkshire Police,-1.033356,53.947719,On or near Baird Lane,E01013378,York 023B,Violence and sexual offences,Under investigation,
850b859fe1141044f432836c82a994c94a8f55b6d5c0943636e850a5a9224df7,2026-02,North Yorkshire Police,North Yorkshire Police,-1.032378,53.953796,On or near Canham Grove,E01013378,York 023B,Violence and sexual offences,Under investigation,
65174583fb24f7b9806452330e8f2a3cd72f5ac722732f56b8d6348c97862da7,2026-02,North Yorkshire Police,North Yorkshire Police,-1.030222,53.946594,On or near ,E01013378,York 023B,Violence and sexual offences,Under investigation,
f5403ad08d4408eb9ed3e159f1739066bb1e45ec4fe4cd2f244a20fa221649b7,2026-02,North Yorkshire Police,North Yorkshire Police,-1.045572,53.945920,On or near University Road,E01013378,York 023B,Violence and sexual offences,Unable to prosecute suspect,
8ab62ead0286ebdc05d70dec578e5cd1acad12c4b778eaf4f453808e6317f89c,2026-02,North Yorkshire Police,North Yorkshire Police,-1.047099,53.894390,On or near Parking Area,E01013450,York 023C,Burglary,Under investigation,
9621f516d7c54aae64ce51d0fad00c555285d48d6e59c5f528882a2f3b941be4,2026-02,North Yorkshire Police,North Yorkshire Police,-1.050799,53.910962,On or near Deighton Grove Lane,E01013450,York 023C,Burglary,Under investigation,
ce5cf20b4f108dbdac8edda2bb92e014b715d82cffdbc974fdc959d8ea5f7bf0,2026-02,North Yorkshire Police,North Yorkshire Police,-1.037298,53.910189,On or near Wheldrake Lane,E01013450,York 023C,Possession of weapons,Under investigation,
31da72f8dea0fdd27ff45ad3462932728f40207d3404a1acfe0119b3cd8d6ac0,2026-02,North Yorkshire Police,North Yorkshire Police,-1.050799,53.910962,On or near Deighton Grove Lane,E01013450,York 023C,Public order,Under investigation,
,2026-02,North Yorkshire Police,North Yorkshire Police,-1.067980,53.937207,On or near Fulfordgate,E01034761,York 023D,Anti-social behaviour,,
e77fb77b9813392978c26b2e8dd8621428b36e2842a4c22e28bd49abeee910e7,2026-02,North Yorkshire Police,North Yorkshire Police,-1.062119,53.934797,On or near ,E01034761,York 023D,Violence and sexual offences,Under investigation,
1f2425c2246c74de72f7f887fcdb881038c2873948cd94ea9d1a8e6ebc5611a2,2026-02,North Yorkshire Police,North Yorkshire Police,-1.067980,53.937207,On or near Fulfordgate,E01034761,York 023D,Violence and sexual offences,Under investigation,
cc20ca2b21f80bf4b12727843fc95da087727ce7a1d4416572f8866ddc0488ec,2026-02,North Yorkshire Police,North Yorkshire Police,-1.067066,53.933784,On or near Porter Avenue,E01034761,York 023D,Violence and sexual offences,Under investigation,
,2026-02,North Yorkshire Police,North Yorkshire Police,-1.074849,53.939219,On or near ,E01034762,York 023E,Anti-social behaviour,,
,2026-02,North Yorkshire Police,North Yorkshire Police,-1.070236,53.933027,On or near Maple Court,E01034762,York 023E,Anti-social behaviour,,
d286a8d92d8002ea002e36ace403c3727d1206da4f57cb905385c559f4b361a5,2026-02,North Yorkshire Police,North Yorkshire Police,-1.070486,53.933415,On or near Glen Close,E01034762,York 023E,Drugs,Under investigation,
fa6f95f166634beed7a1369d4b4234b8e05bf4e676a4ace5b4c8de2aacc52dc5,2026-02,North Yorkshire Police,North Yorkshire Police,-1.077481,53.922228,On or near Shopping Mall,E01034762,York 023E,Other theft,Investigation complete; no suspect identified,
f2111e9dcbd7ed3c8a6b65e80591455aef200d25a3eb8ad3250f52a32784e177,2026-02,North Yorkshire Police,North Yorkshire Police,-1.077481,53.922228,On or near Shopping Mall,E01034762,York 023E,Shoplifting,Under investigation,
3724b451917ac970d5f08afbd4660e7dd23b33f4a915744b63ea4c13d7498046,2026-02,North Yorkshire Police,North Yorkshire Police,-1.077481,53.922228,On or near Shopping Mall,E01034762,York 023E,Shoplifting,Investigation complete; no suspect identified,
db57f03751cbc2db89267492b6c50abf0ecfafc2dacc1852abe433dce8abb533,2026-02,North Yorkshire Police,North Yorkshire Police,-1.077481,53.922228,On or near Shopping Mall,E01034762,York 023E,Shoplifting,Investigation complete; no suspect identified,
46ecaaefde9710222ad25804bf608fa5ea9113fabea7c56454e7375616713258,2026-02,North Yorkshire Police,North Yorkshire Police,-1.074069,53.939796,On or near ,E01034762,York 023E,Violence and sexual offences,Under investigation,
74223bf0336c90649f8e8dbf68e9bd13edc23d503dca078842a2ba9efbcf7c9e,2026-02,North Yorkshire Police,North Yorkshire Police,-1.077481,53.922228,On or near Shopping Mall,E01034762,York 023E,Violence and sexual offences,Under investigation,
46ecaaefde9710222ad25804bf608fa5ea9113fabea7c56454e7375616713258,2026-02,North Yorkshire Police,North Yorkshire Police,-1.074069,53.939796,On or near ,E01034762,York 023E,Violence and sexual offences,Unable to prosecute suspect,
2ee92b994392769cc11aa1f184de6e450c3524c303cfc9caf2cd67e587dd25c6,2026-02,North Yorkshire Police,North Yorkshire Police,-1.078931,53.938666,On or near Atcherley Close,E01034762,York 023E,Violence and sexual offences,Under investigation,
8a316045e3b9c7e425d566c97c22dce989cd708c689b3b12be33b37ad07ab7c1,2026-02,North Yorkshire Police,North Yorkshire Police,-1.070236,53.933027,On or near Maple Court,E01034762,York 023E,Violence and sexual offences,Under investigation,
,2026-02,North Yorkshire Police,North Yorkshire Police,-1.104781,53.918773,On or near Bridge Road,E01013340,York 024A,Anti-social behaviour,,
,2026-02,North Yorkshire Police,North Yorkshire Police,-1.089670,53.933068,On or near Bishopthorpe Road,E01013340,York 024A,Anti-social behaviour,,
6a6dd59a6fb83ba2ff2cd59097f448847cf6f757b259930e5a3e89fb552009f4,2026-02,North Yorkshire Police,North Yorkshire Police,-1.102115,53.921693,On or near Kirkwell,E01013340,York 024A,Burglary,Under investigation,
9b64716b1d05f3c48059d3e6239f7e043c2bc5fd7299519c55d68c5980e609ab,2026-02,North Yorkshire Police,North Yorkshire Police,-1.096675,53.921722,On or near Supermarket,E01013340,York 024A,Shoplifting,Investigation complete; no suspect identified,
ef8a7ec019858e0068ce7d7f0b3ec57e8e50808c9c74fea0f66153889f0a14b7,2026-02,North Yorkshire Police,North Yorkshire Police,-1.096675,53.921722,On or near Supermarket,E01013340,York 024A,Violence and sexual offences,Under investigation,
af3fb9d22d743aeb87ad5efc79bc1115dbc63133216ea6ba85c961422897ee06,2026-02,North Yorkshire Police,North Yorkshire Police,-1.095493,53.915261,On or near Keble Gardens,E01013342,York 024C,Violence and sexual offences,Under investigation,
566f7cdf23b4f16aa0ed5809808b58b6a65769e62da53ae86e7dc9142f0f532e,2026-02,North Yorkshire Police,North Yorkshire Police,-1.136826,53.919062,On or near Weavers Close,E01013423,York 024D,Burglary,Under investigation,
c19fe5292a4ee4ffa8c76d306f7e1d3ba410d2d6c3a8a083efed6d37514a10b1,2026-02,North Yorkshire Police,North Yorkshire Police,-1.143057,53.909957,On or near Moorland Gardens,E01013424,York 024E,Violence and sexual offences,Under investigation,
,2026-02,North Yorkshire Police,North Yorkshire Police,-1.134715,53.917321,On or near Loriners Drive,E01013425,York 024F,Anti-social behaviour,,
,2026-02,North Yorkshire Police,North Yorkshire Police,,,No Location,,,Anti-social behaviour,,
,2026-02,North Yorkshire Police,North Yorkshire Police,,,No Location,,,Anti-social behaviour,,
,2026-02,North Yorkshire Police,North Yorkshire Police,,,No Location,,,Anti-social behaviour,,
,2026-02,North Yorkshire Police,North Yorkshire Police,,,No Location,,,Anti-social behaviour,,
,2026-02,North Yorkshire Police,North Yorkshire Police,,,No Location,,,Anti-social behaviour,,
,2026-02,North Yorkshire Police,North Yorkshire Police,,,No Location,,,Anti-social behaviour,,
,2026-02,North Yorkshire Police,North Yorkshire Police,,,No Location,,,Anti-social behaviour,,
,2026-02,North Yorkshire Police,North Yorkshire Police,,,No Location,,,Anti-social behaviour,,
f7d87fa8e89c70f784b2ae4f319bfda9d82bd27d354d07ef47b8ac51572fc85d,2026-02,North Yorkshire Police,North Yorkshire Police,,,No Location,,,Burglary,Under investigation,
c849c312b5be9746c9a5dbad3c1db692f41650ae5083a36927f5c45c6ae0d9a3,2026-02,North Yorkshire Police,North Yorkshire Police,,,No Location,,,Burglary,Under investigation,
0e78280fd8241d798fa84e7476bedfa3ef30147d720b6e1117d35b1cd891c8df,2026-02,North Yorkshire Police,North Yorkshire Police,,,No Location,,,Drugs,Under investigation,
8bbcf52228e5264aa04e3fca9d5d9a573de4d9b0ff21e2b1a5f40d47066626f8,2026-02,North Yorkshire Police,North Yorkshire Police,,,No Location,,,Drugs,Local resolution,
34dda50a4b881cf76825da893c37da185b75b3e5185ab0b0b08776f94a82be17,2026-02,North Yorkshire Police,North Yorkshire Police,,,No Location,,,Shoplifting,Investigation complete; no suspect identified,
18e848479f5efd445e72b5724efc4966f8562dcccd2a523f808b2ee31974d877,2026-02,North Yorkshire Police,North Yorkshire Police,,,No Location,,,Shoplifting,Under investigation,
9425f37e5f927ebca68304f4dd2826cdfe2095682ccce9d281a8caef4b5869ad,2026-02,North Yorkshire Police,North Yorkshire Police,,,No Location,,,Shoplifting,Under investigation,
21e54268c1fa95ad1a3f949c82f9c3d618cc731ede6cb55623255a37f344f86a,2026-02,North Yorkshire Police,North Yorkshire Police,,,No Location,,,Vehicle crime,Under investigation,
4f25f33df03a7b14ce8eff9efa4e4a2fd666a79711d84c5462c7a82d47b7dfa6,2026-02,North Yorkshire Police,North Yorkshire Police,,,No Location,,,Violence and sexual offences,Under investigation,
ee3b9bd56d5f91cd51581577c6214b4c6f7cecc9a5d97d09b8c88b8d0380a008,2026-02,North Yorkshire Police,North Yorkshire Police,,,No Location,,,Violence and sexual offences,Under investigation,
747fc5be558ec846939af7747d54f56d8dd4444a94175fb1b5fea45af9b0aca5,2026-02,North Yorkshire Police,North Yorkshire Police,,,No Location,,,Violence and sexual offences,Under investigation,
