Crime ID,Month,Reported by,Falls within,Longitude,Latitude,Location,LSOA code,LSOA name,Outcome type
11c3c1f1b4f02048ab0be058b20f0aba2adc361a0501c40dec5008d789a91189,2025-01,North Yorkshire Police,North Yorkshire Police,-1.529602,54.005143,On or near Elm Road,E01027740,Harrogate 013F,Suspect charged
ea8c61abd4a35b03d550055055dc53e7480e1e92009c9d17060991588d74fb91,2025-01,North Yorkshire Police,North Yorkshire Police,-1.337294,54.237637,On or near St Mary's Close,E01027631,Hambleton 008C,Formal action is not in the public interest
fb29db41bca6c672635e274334dc71c959cae2cb1d406c72be166ccffa167263,2025-01,North Yorkshire Police,North Yorkshire Police,-1.107381,53.936796,On or near Hunters Way,E01013357,York 021A,Suspect charged
8b9e9221a21837870fc05b1152ce3f0a128fa2b387c631b11ff3f69565045c94,2025-01,North Yorkshire Police,North Yorkshire Police,-1.061590,53.956544,On or near Fieldside Place,E01013399,York 015C,Unable to prosecute suspect
744bf23d9d13cea7f459c590cfa146415b6502430bb9a89a83ecb5d271cbd02e,2025-01,North Yorkshire Police,North Yorkshire Police,-1.440559,54.350565,On or near Thurston Road,E01034961,Hambleton 012A,Unable to prosecute suspect
e73649b05d5726b5a4782450d3b4c2ead3717b06c110a914a9acc37a818f1936,2025-01,North Yorkshire Police,North Yorkshire Police,-0.409609,54.277667,On or near Belgrave Crescent,E01027862,Scarborough 008E,Suspect charged
a2e7a67cb846f87b7b806b9fb19bdd7b16156fa81b70c6f9b126cd7f19386141,2025-01,North Yorkshire Police,North Yorkshire Police,-1.447232,54.347415,On or near Gaskell Close,E01034961,Hambleton 012A,Offender given a caution
a2e7a67cb846f87b7b806b9fb19bdd7b16156fa81b70c6f9b126cd7f19386141,2025-01,North Yorkshire Police,North Yorkshire Police,-1.447232,54.347415,On or near Gaskell Close,E01034961,Hambleton 012A,Offender given a caution
fea010d4d30c6cbffdd799a699feea1bc3115f7062cb185a3c01d847714e4c97,2025-01,North Yorkshire Police,North Yorkshire Police,-0.421101,54.277198,On or near Stepney Avenue,E01027861,Scarborough 009D,Formal action is not in the public interest
bb28aaa2e569bf5bb0a18b2df3cd70c5673434731c85333917e0963ce20e1eed,2025-01,North Yorkshire Police,North Yorkshire Police,-1.690855,54.381357,On or near Sayers Wynd,E01027749,Richmondshire 004A,Suspect charged
51f1fa4e83378eee86df1cd5dfaa762cd8ec9b5535d20d3fe78c1459fe8edb48,2025-01,North Yorkshire Police,North Yorkshire Police,-0.292165,54.209060,On or near Supermarket,E01027828,Scarborough 014B,Unable to prosecute suspect
14e8f2f0363e6e0cb4791e92993e60c96631d5cd9f8761e8fec619b2da9856f4,2025-01,North Yorkshire Police,North Yorkshire Police,-1.762647,54.084389,On or near Petrol Station,E01027693,Harrogate 006B,Unable to prosecute suspect
cc1a4f729ed6788e9ed372e25ff830fbbbd409caee55212d31e6714fdad4d40f,2025-01,North Yorkshire Police,North Yorkshire Police,-1.079183,53.959053,On or near Whip-Ma-Whop-Ma-Gate,E01033067,York 013F,Suspect charged
8c2ff38227b3242ea952456e07e9c5e7acdc7765454c85462298352cb7a52d30,2025-01,North Yorkshire Police,North Yorkshire Police,-0.407692,54.241751,On or near Oak Lane,E01027819,Scarborough 012B,Suspect charged
606cb9be5b00831564cf887cb07147043b9658bbe81277295273f8158433c42a,2025-01,North Yorkshire Police,North Yorkshire Police,-1.524534,54.001402,On or near Hambleton Road,E01027649,Harrogate 013A,Unable to prosecute suspect
6ae77da49443cb46239cd73b7b88eb2b1a58143ad8585dae852873eef7c4f63e,2025-01,North Yorkshire Police,North Yorkshire Police,-1.039908,53.951034,On or near Bishopsway,E01013402,York 014B,Suspect charged
070590c83d87e446e40b79e81499c00aa7206d20c0dd5b08a511e3ca72f53a9a,2025-01,North Yorkshire Police,North Yorkshire Police,-1.350673,54.237756,On or near ,E01027632,Hambleton 008D,Suspect charged
e0c83dd0d1882a4e3ea229b71e4f8f0b5dd8f8973844351a2e87aea48c1ef037,2025-01,North Yorkshire Police,North Yorkshire Police,-1.085374,53.953330,On or near Price's Lane,E01013418,York 019F,Unable to prosecute suspect
bf811e4158526c8b316ec3da066912ac20d2e0a8245e9fa07ae05197752b7b68,2025-01,North Yorkshire Police,North Yorkshire Police,-1.124431,53.945307,On or near Chesney Fields,E01013443,York 018B,Investigation complete; no suspect identified
6c8796e32de1d7a227bfd773331ea0451d3aabe35631cf057335a798ac48cb39,2025-01,North Yorkshire Police,North Yorkshire Police,-1.072405,53.946490,On or near Police Station,E01013362,York 019C,Further investigation is not in the public interest
d30f0e7d3ee7cba0d99bfbd0a8727b2ef594f5115820f14316ddeb93e546ad15,2025-01,North Yorkshire Police,North Yorkshire Police,-1.068316,53.962448,On or near Faber Street,E01013383,York 010D,Suspect charged
d30f0e7d3ee7cba0d99bfbd0a8727b2ef594f5115820f14316ddeb93e546ad15,2025-01,North Yorkshire Police,North Yorkshire Police,-1.068316,53.962448,On or near Faber Street,E01013383,York 010D,Suspect charged
a47aeadf7cd5ed1d4d2feddf38f3e0449d145afabddb3c04e95b368980754df2,2025-01,North Yorkshire Police,North Yorkshire Police,-0.973402,53.769307,On or near Hull Road,E01027896,Selby 008D,Suspect charged
20fc9077f7080301919ba1b049cdbb9ccdd6936182a76c127f207034be3e15b7,2025-01,North Yorkshire Police,North Yorkshire Police,-1.078090,54.007185,On or near Furnwood,E01013371,York 003A,Further investigation is not in the public interest
8d245837048017acbc4568c256ceff24d78941aafa3da57f08daa474354928b3,2025-01,North Yorkshire Police,North Yorkshire Police,-1.401340,54.092976,On or near Roecliffe Lane,E01027645,Harrogate 005B,Unable to prosecute suspect
7c9bf390c8f1651011ebdc10da00f9c27914793a848ac8a7fdb190447e9ef690,2025-01,North Yorkshire Police,North Yorkshire Police,-1.085585,53.960387,On or near Lendal,E01013366,York 013A,Investigation complete; no suspect identified
61110f7bebbee46b5eea9958e04423cd9edcbcbddf63e9a4592050db3437e08c,2025-01,North Yorkshire Police,North Yorkshire Police,-1.247140,53.821582,On or near Common Road,E01027904,Selby 002E,Unable to prosecute suspect
5ddbad303741292eab3d23955851b2b446f2f13a549ad24b722317ae371da9a1,2025-01,North Yorkshire Police,North Yorkshire Police,-1.061274,53.786548,On or near John Street,E01027878,Selby 005A,Unable to prosecute suspect
af6a59213b365ee3cb7abdbf03b49dd67c1db72959c0d7017e58d3c4ba437d75,2025-01,North Yorkshire Police,North Yorkshire Police,-1.131658,53.949449,On or near Lown Hill,E01013447,York 018E,Unable to prosecute suspect
f99c5a4624ecf25737dac483a932b7921a1e5d74a58bafbf45a7a86bc8b9fd0b,2025-01,North Yorkshire Police,North Yorkshire Police,-1.067267,53.983517,On or near Bramble Grove,E01013405,York 005A,Suspect charged
7161638565d1c040b62f2bf1b4364c2bf890f082cb82f2f55221cbe9b3ff9cf5,2025-01,North Yorkshire Police,North Yorkshire Police,-1.068685,53.786336,On or near Alma Terrace,E01034980,Selby 005H,Unable to prosecute suspect
5edc991cfdfdddfc477790f955a951b445cb3bd852e9893178863afef4a972ac,2025-01,North Yorkshire Police,North Yorkshire Police,,,No location,,,Unable to prosecute suspect
1bbeb82cd4b0d90469f353e6929335d6ed955d6d3894ee5472e5658bd588330a,2025-01,North Yorkshire Police,North Yorkshire Police,-1.076695,53.955070,On or near Mill Street,E01033070,York 013I,Investigation complete; no suspect identified
2d959dd91b429d528254f840fd592cf3320c7a7e6fc119508a4c2eb6df9985b9,2025-01,North Yorkshire Police,North Yorkshire Police,-0.771505,54.465723,On or near A171,E01027841,Scarborough 002D,Investigation complete; no suspect identified
551480b78efac69e0416826391aab9b3cf7af3c2ed745dc3b13e309c1a5e01e4,2025-01,North Yorkshire Police,North Yorkshire Police,-1.079446,53.967163,On or near St Thomas' Place,E01013366,York 013A,Investigation complete; no suspect identified
afba425daa2f84c13dd62446e246037d1cce9eaa46e57adc7d9b23e949de0934,2025-01,North Yorkshire Police,North Yorkshire Police,-1.535203,54.032397,On or near Ripley Road,E01027665,Harrogate 008C,Investigation complete; no suspect identified
baf7018589d0226d0c840079047efae3356d4615cd51cc9e0404d28819fece62,2025-01,North Yorkshire Police,North Yorkshire Police,-1.110040,53.990780,On or near Shopping Area,E01013429,York 006B,Investigation complete; no suspect identified
baf7018589d0226d0c840079047efae3356d4615cd51cc9e0404d28819fece62,2025-01,North Yorkshire Police,North Yorkshire Police,-1.110040,53.990780,On or near Shopping Area,E01013429,York 006B,Investigation complete; no suspect identified
baf7018589d0226d0c840079047efae3356d4615cd51cc9e0404d28819fece62,2025-01,North Yorkshire Police,North Yorkshire Police,-1.110040,53.990780,On or near Shopping Area,E01013429,York 006B,Investigation complete; no suspect identified
0fa61a3364f28c5e444239e6cb31acd0328dc364495be6f9b78a6e70cae9c9ef,2025-01,North Yorkshire Police,North Yorkshire Police,-0.415555,54.277224,On or near Sitwell Street,E01027861,Scarborough 009D,Investigation complete; no suspect identified
3c709a43274613e363a6b3c058ba049993cda5bfdb82b23c3ce18c639462b6f1,2025-01,North Yorkshire Police,North Yorkshire Police,-1.064542,53.774017,On or near Bawtry Road,E01034982,Selby 005J,Investigation complete; no suspect identified
466cfcb5604d2b6aed0c8c8cbd254284c3b06cfacc77e9571d5ba59500d900fd,2025-01,North Yorkshire Police,North Yorkshire Police,-1.183924,53.925116,On or near Jackson's Walk,E01013421,York 011A,Unable to prosecute suspect
466cfcb5604d2b6aed0c8c8cbd254284c3b06cfacc77e9571d5ba59500d900fd,2025-01,North Yorkshire Police,North Yorkshire Police,-1.183924,53.925116,On or near Jackson's Walk,E01013421,York 011A,Unable to prosecute suspect
6cb40c99a27e8d7842b84d2863b614de4632ddd0eba9cf2626b174b61d1dd573,2025-01,North Yorkshire Police,North Yorkshire Police,-1.090332,53.943274,On or near Campleshon Road,E01013412,York 021C,Investigation complete; no suspect identified
8d0becd126aa9e6729d343174c2b724e66226ea104d135288271294e93f23943,2025-01,North Yorkshire Police,North Yorkshire Police,-1.493135,53.991558,On or near Rothbury Close,E01027663,Harrogate 017D,Investigation complete; no suspect identified
f5e90afe54590bb02dc58ba03c46b86e242443baa9083258c510acc0cdbd2bfd,2025-01,North Yorkshire Police,North Yorkshire Police,-1.104071,53.991923,On or near ,E01013429,York 006B,Investigation complete; no suspect identified
0ee82bad2966346ebd0b6271a2f32870f659cbb4076006bff0f498347f660349,2025-01,North Yorkshire Police,North Yorkshire Police,-1.533311,53.979084,On or near Mount Street,E01027731,Harrogate 019D,Investigation complete; no suspect identified
1f420acc6b0c2776890f1ad6821f34128c143c6c6f9b3f695ea17b41ff46241b,2025-01,North Yorkshire Police,North Yorkshire Police,-0.928469,54.266226,On or near Yeomans Court,E01027783,Ryedale 001C,Suspect charged
1f420acc6b0c2776890f1ad6821f34128c143c6c6f9b3f695ea17b41ff46241b,2025-01,North Yorkshire Police,North Yorkshire Police,-0.928469,54.266226,On or near Yeomans Court,E01027783,Ryedale 001C,Suspect charged
71720347a20589b654d630a3461e70b78eb164a555cfe7030c72daea0a576d75,2025-01,North Yorkshire Police,North Yorkshire Police,-1.084601,53.960793,On or near Blake Street,E01013366,York 013A,Investigation complete; no suspect identified
1a16a808705256eee9cf48d8994be7c635dbe0541d20fe9f81ad87a3ffb758d7,2025-01,North Yorkshire Police,North Yorkshire Police,-1.523130,54.009413,On or near Eastby Road,E01027741,Harrogate 010G,Local resolution
1a16a808705256eee9cf48d8994be7c635dbe0541d20fe9f81ad87a3ffb758d7,2025-01,North Yorkshire Police,North Yorkshire Police,-1.523130,54.009413,On or near Eastby Road,E01027741,Harrogate 010G,Local resolution
3df211a5ad2e9588746c667080ce4765e4f16bccf069ff2e3fe98c4b22ab5ec2,2025-01,North Yorkshire Police,North Yorkshire Police,-0.994605,53.838203,On or near Blue Bell Farm Court,E01027900,Selby 003C,Investigation complete; no suspect identified
383e5f2a1d3154b189935c6e944be81b8ef0043efe4e10355485e6123e5173b4,2025-01,North Yorkshire Police,North Yorkshire Police,,,No location,,,Suspect charged
383e5f2a1d3154b189935c6e944be81b8ef0043efe4e10355485e6123e5173b4,2025-01,North Yorkshire Police,North Yorkshire Police,,,No location,,,Suspect charged
b9c44a676d0a6cfce21646f99b2f11289573a6b270720e638563f3a7dc6ebb4f,2025-01,North Yorkshire Police,North Yorkshire Police,,,No location,,,Suspect charged
b9c44a676d0a6cfce21646f99b2f11289573a6b270720e638563f3a7dc6ebb4f,2025-01,North Yorkshire Police,North Yorkshire Police,,,No location,,,Suspect charged
8de4923871813013f1f6975750d87b9fb0394c22ac3513717ce94ae49cc15200,2025-01,North Yorkshire Police,North Yorkshire Police,,,No location,,,Suspect charged
8de4923871813013f1f6975750d87b9fb0394c22ac3513717ce94ae49cc15200,2025-01,North Yorkshire Police,North Yorkshire Police,,,No location,,,Suspect charged
fe1dda14bce1fb959bab2422ae14c3e1f3407bcb609f21530c20218b06467a0b,2025-01,North Yorkshire Police,North Yorkshire Police,-1.081082,53.960722,On or near Low Petergate,E01013366,York 013A,Investigation complete; no suspect identified
d03f85fac857b2ca7abce6967df540d256713dfe68749eeba4387976a30297ae,2025-01,North Yorkshire Police,North Yorkshire Police,,,No location,,,Suspect charged
d03f85fac857b2ca7abce6967df540d256713dfe68749eeba4387976a30297ae,2025-01,North Yorkshire Police,North Yorkshire Police,,,No location,,,Suspect charged
d83f2a0c95859f35bbd0cc0d958c434fcf0cbda00537f5482e30e4841c7cc428,2025-01,North Yorkshire Police,North Yorkshire Police,,,No location,,,Suspect charged
d83f2a0c95859f35bbd0cc0d958c434fcf0cbda00537f5482e30e4841c7cc428,2025-01,North Yorkshire Police,North Yorkshire Police,,,No location,,,Suspect charged
7b9ccb4a65227e09b0b4b3a03c2a5a847ab22bcb6888bc93ed8c8985a0d58c30,2025-01,North Yorkshire Police,North Yorkshire Police,,,No location,,,Suspect charged
7b9ccb4a65227e09b0b4b3a03c2a5a847ab22bcb6888bc93ed8c8985a0d58c30,2025-01,North Yorkshire Police,North Yorkshire Police,,,No location,,,Suspect charged
fff609b420f58cf8b5d319c5eeda5541afe01f0bed537b52ab07374045e36c82,2025-01,North Yorkshire Police,North Yorkshire Police,,,No location,,,Suspect charged
fff609b420f58cf8b5d319c5eeda5541afe01f0bed537b52ab07374045e36c82,2025-01,North Yorkshire Police,North Yorkshire Police,,,No location,,,Suspect charged
833c57e8c9c218a48e230772c98e2ff905d4bea928e77cb3380f98afdc796a49,2025-01,North Yorkshire Police,North Yorkshire Police,,,No location,,,Suspect charged
833c57e8c9c218a48e230772c98e2ff905d4bea928e77cb3380f98afdc796a49,2025-01,North Yorkshire Police,North Yorkshire Police,,,No location,,,Suspect charged
e3dc31b0173d559b3b95f5d4f0d5d25b899857ea282cf0c66d93c8fd5e72cdd3,2025-01,North Yorkshire Police,North Yorkshire Police,,,No location,,,Suspect charged
e3dc31b0173d559b3b95f5d4f0d5d25b899857ea282cf0c66d93c8fd5e72cdd3,2025-01,North Yorkshire Police,North Yorkshire Police,,,No location,,,Suspect charged
3c71171231f1bc0da4a47486a591657a441c5dd16244576c28155c0335d257be,2025-01,North Yorkshire Police,North Yorkshire Police,,,No location,,,Suspect charged
3c71171231f1bc0da4a47486a591657a441c5dd16244576c28155c0335d257be,2025-01,North Yorkshire Police,North Yorkshire Police,,,No location,,,Suspect charged
1836e8dfa369bf91578340a054f2673bd1201c64fb0897e23a59ad5d6d6ed92b,2025-01,North Yorkshire Police,North Yorkshire Police,-1.193341,54.469660,On or near Police Station,E01027625,Hambleton 001E,Investigation complete; no suspect identified
b1aacb07b271bfa5d0e18b9b0367253ca30380b24175856cbfd0292a513ca340,2025-01,North Yorkshire Police,North Yorkshire Police,-1.498717,53.992813,On or near Hookstone Grange Court,E01027663,Harrogate 017D,Investigation complete; no suspect identified
2e6e73976e59a30cb74934ddb9093148b8650e26d18fbfbc9d3ed5e256df39f3,2025-01,North Yorkshire Police,North Yorkshire Police,,,No location,,,Suspect charged
2e6e73976e59a30cb74934ddb9093148b8650e26d18fbfbc9d3ed5e256df39f3,2025-01,North Yorkshire Police,North Yorkshire Police,,,No location,,,Suspect charged
95e744e2c4b56cf55c53e5fc38022222afccd182ec0a4e9e884b0a8d0c2f5d25,2025-01,North Yorkshire Police,North Yorkshire Police,-1.517573,53.993807,On or near Hospital,E01027649,Harrogate 013A,Investigation complete; no suspect identified
86645860e93984e365a2ed6af4c826fe5160113d79c548608caf9021f891762d,2025-01,North Yorkshire Police,North Yorkshire Police,-0.400156,54.281416,On or near Huntriss Row,E01027806,Scarborough 006B,Unable to prosecute suspect
86645860e93984e365a2ed6af4c826fe5160113d79c548608caf9021f891762d,2025-01,North Yorkshire Police,North Yorkshire Police,-0.400156,54.281416,On or near Huntriss Row,E01027806,Scarborough 006B,Unable to prosecute suspect
ecfcca32bd4f49605822af45a8f299e663106542e577512c58c280af98856b67,2025-01,North Yorkshire Police,North Yorkshire Police,-1.537845,54.003413,On or near Dawson Terrace,E01027692,Harrogate 013E,Investigation complete; no suspect identified
4bdea27d968194d743b9fbb34d1652187e580f19dce37293e52d62ec64e1f1ea,2025-01,North Yorkshire Police,North Yorkshire Police,-0.397566,54.283161,On or near ,E01027806,Scarborough 006B,Unable to prosecute suspect
1e3cc4a44fe396f4f4fba767d51a437a39d98322219139050231bbb1e98e41bf,2025-01,North Yorkshire Police,North Yorkshire Police,-1.095509,53.983763,On or near Supermarket,E01013431,York 006D,Investigation complete; no suspect identified
1cff11bec9d4c0255c77019b649cfed1719d25130f65eb04ca07901b9f621136,2025-01,North Yorkshire Police,North Yorkshire Police,-1.081757,53.968124,On or near Supermarket,E01013366,York 013A,Investigation complete; no suspect identified
d965d3f887a5e34e111fcbd4e540fb3e0d053ad53f2cc9c729cc796c78178581,2025-01,North Yorkshire Police,North Yorkshire Police,-1.192292,54.120956,On or near Supermarket,E01027596,Hambleton 010C,Investigation complete; no suspect identified
16755e8562def2714dc6eee183e522d5b223c3b7e812aedd736455b25c73c510,2025-01,North Yorkshire Police,North Yorkshire Police,-1.064505,53.778430,On or near Prospect Way,E01027909,Selby 005E,Investigation complete; no suspect identified
a1e7724aa4ba472ec69e1e9938cf2e57322d3cad17c350576c10adaa60150da8,2025-01,North Yorkshire Police,North Yorkshire Police,-1.029101,53.953885,On or near Petrol Station,E01013420,York 014D,Investigation complete; no suspect identified
42db1eeea716a563567a8a997604ae8c1c4a24e307fb52f997a3e60abc0644e8,2025-01,North Yorkshire Police,North Yorkshire Police,-1.651817,54.396924,On or near Pankhurst Close,E01027746,Richmondshire 003B,Further investigation is not in the public interest
42db1eeea716a563567a8a997604ae8c1c4a24e307fb52f997a3e60abc0644e8,2025-01,North Yorkshire Police,North Yorkshire Police,-1.651817,54.396924,On or near Pankhurst Close,E01027746,Richmondshire 003B,Further investigation is not in the public interest
95a2df81e4e37b82749d274a6eff906d1a8472f42cd39629e8a479ed86dd7762,2025-01,North Yorkshire Police,North Yorkshire Police,-1.569281,54.024099,On or near ,E01034964,Harrogate 008F,Investigation complete; no suspect identified
c287cc2c1978c9d1bac09e359bd7b0bf2b1f3483e49f1bcc245fd2aef93b8353,2025-01,North Yorkshire Police,North Yorkshire Police,-1.083246,53.958528,On or near ,E01013366,York 013A,Investigation complete; no suspect identified
359afedf8b0cad4e24d883d5eade52c3246c689e7d9853a7b40674314b56cc89,2025-01,North Yorkshire Police,North Yorkshire Police,-1.076230,53.967821,On or near Dudley Mews,E01013368,York 010B,Investigation complete; no suspect identified
0743b8d7d21726ed0dfb7a5b37377209651e474d77f6d60a69971f7f76adafe9,2025-01,North Yorkshire Police,North Yorkshire Police,-1.069985,53.940907,On or near Supermarket,E01013360,York 019A,Investigation complete; no suspect identified
b2bc61282c0c030dbb6b260fc664d604cf4793e9a6f8a437f9695afde51b644a,2025-01,North Yorkshire Police,North Yorkshire Police,-1.084983,53.957273,On or near Bridge Street,E01033068,York 013G,Investigation complete; no suspect identified
b2bc61282c0c030dbb6b260fc664d604cf4793e9a6f8a437f9695afde51b644a,2025-01,North Yorkshire Police,North Yorkshire Police,-1.084983,53.957273,On or near Bridge Street,E01033068,York 013G,Investigation complete; no suspect identified
7f6c3a089d948eee8cd98ccd9279ff3df0f7848b30de34db4d1dfa74fc2ddfcd,2025-01,North Yorkshire Police,North Yorkshire Police,-1.111382,53.957813,On or near Chelwood Walk,E01013395,York 016C,Investigation complete; no suspect identified
15c6cc1725bd8d5f8ce54521a5aaa36f7c00d2816a72fd616d1b77123998a20d,2025-01,North Yorkshire Police,North Yorkshire Police,-1.691574,54.384127,On or near Bridge Close,E01034966,Richmondshire 004J,Investigation complete; no suspect identified
857457d07d6f481e6ed691a7ac60623c4ab79a619eb4e322ff3b6a06c794621d,2025-01,North Yorkshire Police,North Yorkshire Police,-1.193341,54.469660,On or near Police Station,E01027625,Hambleton 001E,Investigation complete; no suspect identified
47d5e5f63430997a7c159428563b3ebc8dc62f073314e0e28d4847940f7ef6fc,2025-01,North Yorkshire Police,North Yorkshire Police,-1.073219,53.976417,On or near Mallard Landings,E01013386,York 010E,Investigation complete; no suspect identified
4a4c068a25f9138403296265cff8ef4b6aec4a71c6f5a05c4bc54fb52ac50d4e,2025-01,North Yorkshire Police,North Yorkshire Police,-1.073219,53.976417,On or near Mallard Landings,E01013386,York 010E,Investigation complete; no suspect identified
39e2334fe3a3f2b05e4cce85a273b21c50f796e3a002466f7f6ff74b131d3924,2025-01,North Yorkshire Police,North Yorkshire Police,-1.073219,53.976417,On or near Mallard Landings,E01013386,York 010E,Unable to prosecute suspect
be66533b975491fb39f2d2bd2cca8f82ff5b2e12b1b8ea36139c9f876d24b5be,2025-01,North Yorkshire Police,North Yorkshire Police,-1.073219,53.976417,On or near Mallard Landings,E01013386,York 010E,Unable to prosecute suspect
be66533b975491fb39f2d2bd2cca8f82ff5b2e12b1b8ea36139c9f876d24b5be,2025-01,North Yorkshire Police,North Yorkshire Police,-1.073219,53.976417,On or near Mallard Landings,E01013386,York 010E,Unable to prosecute suspect
aba1c5bb0807de3984b6cb974fd3a78dc2065fea0f0d0bc6e1368ed4c87b4594,2025-01,North Yorkshire Police,North Yorkshire Police,-1.073219,53.976417,On or near Mallard Landings,E01013386,York 010E,Investigation complete; no suspect identified
29e15a66b2d50ec189eca13091a2744bda74afaa2c5ead42ff92400261ba48e8,2025-01,North Yorkshire Police,North Yorkshire Police,-1.073219,53.976417,On or near Mallard Landings,E01013386,York 010E,Investigation complete; no suspect identified
22493e9112dbc9b0194cb50fe6afce8617c1b79742d24726b1ed18e248a0b067,2025-01,North Yorkshire Police,North Yorkshire Police,-1.073219,53.976417,On or near Mallard Landings,E01013386,York 010E,Unable to prosecute suspect
22493e9112dbc9b0194cb50fe6afce8617c1b79742d24726b1ed18e248a0b067,2025-01,North Yorkshire Police,North Yorkshire Police,-1.073219,53.976417,On or near Mallard Landings,E01013386,York 010E,Unable to prosecute suspect
d404de681157367cc6f4885e2f58a0140ee054ef52941a23508a9f3283370cd8,2025-01,North Yorkshire Police,North Yorkshire Police,-1.048285,53.982728,On or near ,E01013409,York 005C,Investigation complete; no suspect identified
148d66a68f34935052d4d6e8314b8fb25c71fc51c77ba3225cacb9c909455652,2025-01,North Yorkshire Police,North Yorkshire Police,-1.085007,53.979806,On or near St Josephs Court,E01013350,York 009E,Investigation complete; no suspect identified
a8a19247453d41bfe19920946ce539b666ceabca95a9d698467bc12ae45d0a7a,2025-01,North Yorkshire Police,North Yorkshire Police,-1.049362,53.983500,On or near ,E01013409,York 005C,Unable to prosecute suspect
a8a19247453d41bfe19920946ce539b666ceabca95a9d698467bc12ae45d0a7a,2025-01,North Yorkshire Police,North Yorkshire Police,-1.049362,53.983500,On or near ,E01013409,York 005C,Unable to prosecute suspect
7698f4a165cce87cc0ba946de619afaff99915d43b215625eb8545f428aff5c6,2025-01,North Yorkshire Police,North Yorkshire Police,-0.399751,54.280781,On or near Parking Area,E01027804,Scarborough 010A,Local resolution
54c7601ed3f463ec33d8550612b16284a18fcef10c594b68e1ad4fdd523ce168,2025-01,North Yorkshire Police,North Yorkshire Police,-1.680485,54.382489,On or near Kipling Drive,E01027756,Richmondshire 006B,Investigation complete; no suspect identified
194189ffafd022ad83533749c8c01700d022962833d2f0be2e5c06bc7ef3aa0b,2025-01,North Yorkshire Police,North Yorkshire Police,-1.085007,53.979806,On or near St Josephs Court,E01013350,York 009E,Investigation complete; no suspect identified
bcde089ab508bebfd0b4c7b906e502e6ef70d38ab92190e717f4cd56c1da880d,2025-01,North Yorkshire Police,North Yorkshire Police,-1.554173,54.008805,On or near Supermarket,E01027691,Harrogate 011B,Suspect charged
bcde089ab508bebfd0b4c7b906e502e6ef70d38ab92190e717f4cd56c1da880d,2025-01,North Yorkshire Police,North Yorkshire Police,-1.554173,54.008805,On or near Supermarket,E01027691,Harrogate 011B,Suspect charged
377945bfb129f75b9472b19cd1f2febc2af502e99b1a2993de726fac15483274,2025-01,North Yorkshire Police,North Yorkshire Police,-0.606323,54.473359,On or near Queens Drive,E01027866,Scarborough 003D,Investigation complete; no suspect identified
999f4936c14d4a7828c219b9c187a1f0bed13ade4c32b4036238fdab3be8de93,2025-01,North Yorkshire Police,North Yorkshire Police,-1.541344,53.993226,On or near Cambridge Road,E01027678,Harrogate 015E,Investigation complete; no suspect identified
d329ad9beae0d498708c573fbcee33ee6b652bff477516851eceff3da3bb5b7a,2025-01,North Yorkshire Police,North Yorkshire Police,-0.404299,54.274397,On or near Greenfield Road,E01027852,Scarborough 010B,Investigation complete; no suspect identified
fbd95cf988c11c388a7c5dcc9376afab992a1aaf91bd828b23858207c7ae7fdf,2025-01,North Yorkshire Police,North Yorkshire Police,-0.405966,54.280540,On or near Theatre/Concert Hall,E01027804,Scarborough 010A,Investigation complete; no suspect identified
0bfedbfffa1924862bca804e55799af66eeb4e7dcdaaa81317e22b2c6747c8a7,2025-01,North Yorkshire Police,North Yorkshire Police,-1.061499,53.787350,On or near Bank Road,E01027878,Selby 005A,Suspect charged
0bfedbfffa1924862bca804e55799af66eeb4e7dcdaaa81317e22b2c6747c8a7,2025-01,North Yorkshire Police,North Yorkshire Police,-1.061499,53.787350,On or near Bank Road,E01027878,Selby 005A,Suspect charged
80394f5f147787193753c34e98ed6ec7316ad832d3914f2b0d66f54f2796e5d1,2025-01,North Yorkshire Police,North Yorkshire Police,-1.081996,53.959662,On or near ,E01013366,York 013A,Investigation complete; no suspect identified
b5bdda6b6609ed8edf6122839d1f423d82187526db054f642c7f5cba6206152c,2025-01,North Yorkshire Police,North Yorkshire Police,-1.248520,53.792002,On or near Braeburn Road,E01034975,Selby 004F,Investigation complete; no suspect identified
09ba367766f7d809fea8bc76abd91cab7fcdfc9d249293ffd447aef698e9200d,2025-01,North Yorkshire Police,North Yorkshire Police,-0.397566,54.283161,On or near ,E01027806,Scarborough 006B,Unable to prosecute suspect
09ba367766f7d809fea8bc76abd91cab7fcdfc9d249293ffd447aef698e9200d,2025-01,North Yorkshire Police,North Yorkshire Police,-0.397566,54.283161,On or near ,E01027806,Scarborough 006B,Unable to prosecute suspect
824a849c652f94afc42f111ac55ce8a7065480f6e67c19753d68da5d524299e6,2025-01,North Yorkshire Police,North Yorkshire Police,-2.182541,53.958855,On or near Scar Road,E01027586,Craven 007D,Investigation complete; no suspect identified
1262f7efe4fbb957954c42ef702bd8f76fb6c7f648b11334a918ce8eb7983732,2025-01,North Yorkshire Police,North Yorkshire Police,-1.541525,53.997549,On or near Parking Area,E01027677,Harrogate 015D,Investigation complete; no suspect identified
5e22216734a1053cf9ac37a45e48a7e9a94e4b8da04a1101dcde1a5da0ab631e,2025-01,North Yorkshire Police,North Yorkshire Police,-0.402404,54.274938,On or near A165,E01027852,Scarborough 010B,Unable to prosecute suspect
19b9f79f65a5e67e00e31d8bda840aa6913d1b2025daf0bfd4954dc832f0ce84,2025-01,North Yorkshire Police,North Yorkshire Police,-1.531131,53.976397,On or near Beech Avenue,E01027697,Harrogate 017E,Investigation complete; no suspect identified
496a54517f26f5af6e3df17c7231814594ac86eb2b7f4ced2f67de91a8740446,2025-01,North Yorkshire Police,North Yorkshire Police,-1.088436,53.905123,On or near Howden Lane,E01013450,York 023C,Investigation complete; no suspect identified
8ae0abccd472e3d4a9aad6d2bc1b8d2d947688e920e91961edec5960a32e2218,2025-01,North Yorkshire Police,North Yorkshire Police,-1.088436,53.905123,On or near Howden Lane,E01013450,York 023C,Investigation complete; no suspect identified
2528d1cbac818b3822346e6e5be602692db605daf7c2e0c01d227dba141064e3,2025-01,North Yorkshire Police,North Yorkshire Police,-1.143418,53.952581,On or near Hessay Place,E01013444,York 018C,Suspect charged
2528d1cbac818b3822346e6e5be602692db605daf7c2e0c01d227dba141064e3,2025-01,North Yorkshire Police,North Yorkshire Police,-1.143418,53.952581,On or near Hessay Place,E01013444,York 018C,Suspect charged
16d9feb320defddf6ea222827aaf194e1bbcdfb072e65d7c52d4581df9d7fc5e,2025-01,North Yorkshire Police,North Yorkshire Police,-0.968603,53.823942,On or near Maple Drive,E01027900,Selby 003C,Investigation complete; no suspect identified
0badbcad472cb5a01ec1aa99f076e3f68757da7c2242c370779816bdd7d8ee12,2025-01,North Yorkshire Police,North Yorkshire Police,-1.077481,53.922228,On or near Shopping Mall,E01034762,York 023E,Local resolution
0badbcad472cb5a01ec1aa99f076e3f68757da7c2242c370779816bdd7d8ee12,2025-01,North Yorkshire Police,North Yorkshire Police,-1.077481,53.922228,On or near Shopping Mall,E01034762,York 023E,Local resolution
ded1d4a881d0d66cb65f1a6ff4c257758d3f2c6d2b44323b41ab6bc7994fa3d3,2025-01,North Yorkshire Police,North Yorkshire Police,-1.082505,53.966683,On or near Clarence Street,E01013366,York 013A,Unable to prosecute suspect
c5f26268afa3006e122309c22a2045c77d0b81c24e6c11de38d586fc064fdbc5,2025-01,North Yorkshire Police,North Yorkshire Police,-1.068495,53.782568,On or near Supermarket,E01027909,Selby 005E,Investigation complete; no suspect identified
6f288fba0923a29993b58d54ff1531a75146db91fe9f984eaee303632f3d286e,2025-01,North Yorkshire Police,North Yorkshire Police,-0.634710,54.479624,On or near Stakesby Vale Court,E01027838,Scarborough 003A,Investigation complete; no suspect identified
3c3ad2a3787ddb14a4c3d2173cfdb2bb55544e9fe5a8afd9d98309063747ed52,2025-01,North Yorkshire Police,North Yorkshire Police,-1.089426,53.957585,On or near Bus/Coach Station,E01033068,York 013G,Investigation complete; no suspect identified
64b564005ec6d4b386da83f58270c2c9e582ef563bd9b62718c40a90e41fc364,2025-01,North Yorkshire Police,North Yorkshire Police,-1.069263,53.784246,On or near Finkle Street,E01027909,Selby 005E,Unable to prosecute suspect
1ed76f4301b63424a5ccdbf6fa9c1ebf299d1cb3ac8f39f64d5ffa37edb6dea4,2025-01,North Yorkshire Police,North Yorkshire Police,-1.087626,53.959055,On or near Parking Area,E01033068,York 013G,Unable to prosecute suspect
bad30cb25fdc8d1ce58c9a33e1c9116cbbff440fc09af8bd391fd88a36f88e0a,2025-01,North Yorkshire Police,North Yorkshire Police,-0.937770,54.270551,On or near Oak Close,E01027784,Ryedale 001D,Unable to prosecute suspect
d57146f20e69b3c1343d9377fd91c8f2028170be136d0a2bf37cb776206d15c1,2025-01,North Yorkshire Police,North Yorkshire Police,-1.539869,53.994253,On or near Northumberland Court,E01027678,Harrogate 015E,Unable to prosecute suspect
9cafe3c4ed23ee8e9da16a3917bb8288712a2c0da931c5ad596fe954e2f08f6b,2025-01,North Yorkshire Police,North Yorkshire Police,-1.524875,54.136191,On or near Westgate,E01027713,Harrogate 002B,Unable to prosecute suspect
32bd1b951288095a8e074289d53b17abcc1cb83cd028edf302eb3e3289533d68,2025-01,North Yorkshire Police,North Yorkshire Police,-0.398538,54.282356,On or near Nightclub,E01027806,Scarborough 006B,Unable to prosecute suspect
32bd1b951288095a8e074289d53b17abcc1cb83cd028edf302eb3e3289533d68,2025-01,North Yorkshire Police,North Yorkshire Police,-0.398538,54.282356,On or near Nightclub,E01027806,Scarborough 006B,Unable to prosecute suspect
a480f31f33009793bb3531bb62d3e268bb71b4f40360df72f95bd43cd3365a80,2025-01,North Yorkshire Police,North Yorkshire Police,-1.084962,53.961677,On or near Theatre/Concert Hall,E01013366,York 013A,Unable to prosecute suspect
a58c1927721ecf29d629fbc93d0c9e33fa25d4e2d4bd2e8335d9304427111cfe,2025-01,North Yorkshire Police,North Yorkshire Police,-1.060848,53.768208,On or near Germaine Close,E01034983,Selby 005K,Unable to prosecute suspect
0256123a31008302afd36559c5755a201a5413f889c64deeb30d441bb027680e,2025-01,North Yorkshire Police,North Yorkshire Police,-1.120136,53.956402,On or near Supermarket,E01013396,York 016D,Investigation complete; no suspect identified
ba1fd649f578b6057bee16b4e09888e69101cfa5ce12f7cc604321a0790d7c24,2025-01,North Yorkshire Police,North Yorkshire Police,-1.084962,53.961677,On or near Theatre/Concert Hall,E01013366,York 013A,Investigation complete; no suspect identified
3263298e841269c7629e5dede12a847576a1e39b4319f3998dddb6f69add407c,2025-01,North Yorkshire Police,North Yorkshire Police,-1.537845,54.003413,On or near Dawson Terrace,E01027692,Harrogate 013E,Investigation complete; no suspect identified
d51a442d7f8406b532d7959758fd8d71bc0c4cb05898a8f4a8e611412e82c5e1,2025-01,North Yorkshire Police,North Yorkshire Police,-1.133246,54.488423,On or near Supermarket,E01027597,Hambleton 001B,Investigation complete; no suspect identified
2b09c44577a0d6b9d0a69d4b24d0f9e5573339d64970c232804b30f16980ca4e,2025-01,North Yorkshire Police,North Yorkshire Police,-1.043938,53.959398,On or near Lotherington Mews,E01013419,York 014C,Investigation complete; no suspect identified
0d64bf5c7ecf987dc7d948f0ff81fbdad479c61144db0836eabe7e2913acf336,2025-01,North Yorkshire Police,North Yorkshire Police,-0.401877,54.279821,On or near The Crescent,E01027804,Scarborough 010A,Investigation complete; no suspect identified
519bf1de3e8ba702b4afa59cd9b0be93dde0cf4a87e74fa8be8a2bd09e13097d,2025-01,North Yorkshire Police,North Yorkshire Police,-1.528179,53.993435,On or near Park Parade,E01027656,Harrogate 019A,Investigation complete; no suspect identified
5f4d127795f08bcb45cd420c651d16750ad30c3c83bdb3e087a522ff32eb8341,2025-01,North Yorkshire Police,North Yorkshire Police,-1.049362,53.983500,On or near ,E01013409,York 005C,Suspect charged
5f4d127795f08bcb45cd420c651d16750ad30c3c83bdb3e087a522ff32eb8341,2025-01,North Yorkshire Police,North Yorkshire Police,-1.049362,53.983500,On or near ,E01013409,York 005C,Suspect charged
e7211a7b7dfada9afa79774ce6cd9c459444ef6521a641ea728bef220832f95f,2025-01,North Yorkshire Police,North Yorkshire Police,-1.049362,53.983500,On or near ,E01013409,York 005C,Suspect charged
e7211a7b7dfada9afa79774ce6cd9c459444ef6521a641ea728bef220832f95f,2025-01,North Yorkshire Police,North Yorkshire Police,-1.049362,53.983500,On or near ,E01013409,York 005C,Suspect charged
40fbbb57223333f710c887059c3b18dc5ef56fb0ac473a94db41e9f64b670707,2025-01,North Yorkshire Police,North Yorkshire Police,-1.342519,54.232273,On or near Supermarket,E01027630,Hambleton 008B,Investigation complete; no suspect identified
c61ec000bdbb2a3a3d2c047fec35f944c511e60740da175ec6cf07ae33daa397,2025-01,North Yorkshire Police,North Yorkshire Police,-1.495675,53.993393,On or near Plumpton Park,E01027663,Harrogate 017D,Unable to prosecute suspect
be5c8b5b486a21b3aa03421550457904723b91e1dcaa30f603386b2dd608d7f5,2025-01,North Yorkshire Police,North Yorkshire Police,-1.083212,53.959782,On or near ,E01013366,York 013A,Investigation complete; no suspect identified
c05d7791f41b5133aabe0ecba45646b6cebcf124d16ecadd93ac99a966c4afe4,2025-01,North Yorkshire Police,North Yorkshire Police,-1.532931,54.006243,On or near King Edward's Drive,E01027739,Harrogate 010F,Suspect charged
c05d7791f41b5133aabe0ecba45646b6cebcf124d16ecadd93ac99a966c4afe4,2025-01,North Yorkshire Police,North Yorkshire Police,-1.532931,54.006243,On or near King Edward's Drive,E01027739,Harrogate 010F,Suspect charged
085d572087e3d7abbedc3936aa297ed92bac81388608a6f4e26919b6a04a954d,2025-01,North Yorkshire Police,North Yorkshire Police,-0.401040,54.273275,On or near Prince Of Wales Terrace,E01027852,Scarborough 010B,Investigation complete; no suspect identified
cafac11588c5ce698b9834d1267a39f8d8e6fd0e782763c3fe643c2232f859ba,2025-01,North Yorkshire Police,North Yorkshire Police,-1.576142,54.296537,On or near ,E01027589,Hambleton 006C,Investigation complete; no suspect identified
4b960a6578e26b5432e061095822e09d4a56f3f47c6db6a2b8380243eede75c3,2025-01,North Yorkshire Police,North Yorkshire Police,-0.780885,54.128674,On or near Howe Road,E01027788,Ryedale 010B,Investigation complete; no suspect identified
e852da175f967d074cb9781cbaba6f4d09af87839e5402e57e0643745674e551,2025-01,North Yorkshire Police,North Yorkshire Police,-0.959556,53.824269,On or near Garth Avenue,E01027900,Selby 003C,Investigation complete; no suspect identified
165b755c2ae9aafb1848bebabb825cdfddbf21dfb59e726491ee4c1d3e073d9b,2025-01,North Yorkshire Police,North Yorkshire Police,-1.113746,53.961335,On or near Yarburgh Grove,E01013393,York 016A,Further investigation is not in the public interest
1ce35102e50124562105cbb87fbddd760c273ebf15c154bd768ccb4acd0e6b22,2025-01,North Yorkshire Police,North Yorkshire Police,-1.742899,54.405276,On or near Parking Area,E01027770,Richmondshire 002F,Unable to prosecute suspect
a43fdbf27e986877905b9538d7b8a721b50fb61f67efcb7cc79de4f73f1d9d22,2025-01,North Yorkshire Police,North Yorkshire Police,-1.070818,53.937003,On or near ,E01034761,York 023D,Investigation complete; no suspect identified
2c221717e659e77f1896628da31d94a04e14e0e5b1c96b4b6cb92293a4a7bece,2025-01,North Yorkshire Police,North Yorkshire Police,-1.054230,53.961232,On or near Rockingham Avenue,E01013384,York 015A,Unable to prosecute suspect
b18954716d3744aa16131a98687a62adeabd075821b8bc1336404c1c515725ca,2025-01,North Yorkshire Police,North Yorkshire Police,-1.723757,54.376790,On or near Shopping Area,E01034965,Richmondshire 004I,Investigation complete; no suspect identified
cb8d77b1a5c1c7be50778c57d4285e71036c2c548f8035c658e5aea80f442fb3,2025-01,North Yorkshire Police,North Yorkshire Police,-0.615186,54.487374,On or near Parking Area,E01034972,Scarborough 001F,Unable to prosecute suspect
fc52d9317bb63235f6c86bd52420fa6eda1ffd9e59e3e8b2219f6b8978cd2787,2025-01,North Yorkshire Police,North Yorkshire Police,-1.095256,53.969871,On or near Abbey Street,E01013346,York 007B,Investigation complete; no suspect identified
efe61b29b66b29f69c70cd91a3e245a931bb0a1db87a48437a5be396690ff52e,2025-01,North Yorkshire Police,North Yorkshire Police,-1.063649,53.954421,On or near Milton Street,E01013363,York 019D,Investigation complete; no suspect identified
0c2e18c4b59f2ef9e74f53514200c14ad4f2dfdf292d70c2a240b01c9f1c64a7,2025-01,North Yorkshire Police,North Yorkshire Police,-1.132381,53.943271,On or near Supermarket,E01013446,York 018D,Unable to prosecute suspect
205d351bf1bb692d1ca5fed3257451c563b6ea2d93d2dddd9c4211ef067a6fa1,2025-01,North Yorkshire Police,North Yorkshire Police,-1.134650,53.944788,On or near Salmond Road,E01013449,York 022F,Investigation complete; no suspect identified
1eb639c14795e64d568f49b81479a741159ef332e9eae9f234767d57aaaaf9a5,2025-01,North Yorkshire Police,North Yorkshire Police,-1.133381,53.772026,On or near Pond Lane,E01027894,Selby 007D,Unable to prosecute suspect
b70a6c1ac3f5468e4cc51282a0312b66c3ac4eb8d6544e67f4298c393a4fc558,2025-01,North Yorkshire Police,North Yorkshire Police,-1.185808,54.119214,On or near Galtres Drive,E01027594,Hambleton 010A,Unable to prosecute suspect
bd3c67c4f104b1c7504d884bad46132b2c370959c7e69bc1884009bbccbc5ecc,2025-01,North Yorkshire Police,North Yorkshire Police,-1.530726,54.008058,On or near Supermarket,E01027738,Harrogate 010E,Investigation complete; no suspect identified
89d04413af035a7c61da05664ef9f1ed82c95bf02c8d5fda247a12edfd57d67b,2025-01,North Yorkshire Police,North Yorkshire Police,-1.095256,53.969871,On or near Abbey Street,E01013346,York 007B,Unable to prosecute suspect
89d04413af035a7c61da05664ef9f1ed82c95bf02c8d5fda247a12edfd57d67b,2025-01,North Yorkshire Police,North Yorkshire Police,-1.095256,53.969871,On or near Abbey Street,E01013346,York 007B,Unable to prosecute suspect
e00fe3dce5973083aed8fdaf1b45b6c665ea7d418dfa69663e9e241c25d2f180,2025-01,North Yorkshire Police,North Yorkshire Police,-2.105577,53.982504,On or near Riverside,E01027563,Craven 007C,Investigation complete; no suspect identified
8792f9735dc424c6432478ea4e24b25bf1d4f4e5ae929606edf7d00e12952da6,2025-01,North Yorkshire Police,North Yorkshire Police,-1.040165,53.807656,On or near Poplar Drive,E01027877,Selby 003B,Further investigation is not in the public interest
52bb3bda8ee3d882c9f1096926353440b4354584d8f24633d616b6166ba58dc9,2025-01,North Yorkshire Police,North Yorkshire Police,-1.338445,54.364195,On or near Parking Area,E01027613,Hambleton 003C,Investigation complete; no suspect identified
56ec9d3a6c3a6544257a70e35aea16eeb2e21de32f2c0b169a1b0bf4ac5a91bc,2025-01,North Yorkshire Police,North Yorkshire Police,-1.247505,53.791034,On or near Orchard Close,E01027915,Selby 004C,Further investigation is not in the public interest
afff244fd0a45d8aedb6a64c9376da06a2478cb0d1f4b9c7ccfa1bae855c24c1,2025-01,North Yorkshire Police,North Yorkshire Police,-1.077481,53.922228,On or near Shopping Mall,E01034762,York 023E,Suspect charged
afff244fd0a45d8aedb6a64c9376da06a2478cb0d1f4b9c7ccfa1bae855c24c1,2025-01,North Yorkshire Police,North Yorkshire Police,-1.077481,53.922228,On or near Shopping Mall,E01034762,York 023E,Suspect charged
c2917d973052d72980ca3b1eaf918b194d16692ddf701db1f07b3a9f39be95ac,2025-01,North Yorkshire Police,North Yorkshire Police,-1.400164,54.085510,On or near A1(M),E01027644,Harrogate 005A,Investigation complete; no suspect identified
7dce4e9834f868ee136e0e59a22c056b876588b3362441a1ee10ac3a4dea3710,2025-01,North Yorkshire Police,North Yorkshire Police,-1.040862,53.799033,On or near Hawthorn Drive,E01027876,Selby 003A,Investigation complete; no suspect identified
863b11e3e7429dd5d1c22ec7e5750c4ed28b6a891bc54f12ee11425db33d19ad,2025-01,North Yorkshire Police,North Yorkshire Police,-1.536451,53.988866,On or near Back York Place,E01027679,Harrogate 019B,Unable to prosecute suspect
b7779f2253c2026003f123ec2419f02ead093fe59691122c1d9dbbfa9f15d110,2025-01,North Yorkshire Police,North Yorkshire Police,-1.435137,54.339782,On or near Shopping Area,E01027608,Hambleton 013B,Unable to prosecute suspect
b7779f2253c2026003f123ec2419f02ead093fe59691122c1d9dbbfa9f15d110,2025-01,North Yorkshire Police,North Yorkshire Police,-1.435137,54.339782,On or near Shopping Area,E01027608,Hambleton 013B,Unable to prosecute suspect
61c723532bc861ed8ac0138c811b7ced975bb5f89ed848f21b802bc7a4b1dda4,2025-01,North Yorkshire Police,North Yorkshire Police,-1.498891,53.999905,On or near Albert Place,E01027727,Harrogate 014D,Suspect charged
61c723532bc861ed8ac0138c811b7ced975bb5f89ed848f21b802bc7a4b1dda4,2025-01,North Yorkshire Police,North Yorkshire Police,-1.498891,53.999905,On or near Albert Place,E01027727,Harrogate 014D,Suspect charged
58c77ce398a1adce9e0df3383597f4140fbaba71116ab7fab66f6f350b6619e4,2025-01,North Yorkshire Police,North Yorkshire Police,-1.069651,53.954522,On or near The Tannery,E01013363,York 019D,Investigation complete; no suspect identified
6e3ee6bd1696498ee3fb9c449d036fcc372fcf17b05f8ef5d673266503e24000,2025-01,North Yorkshire Police,North Yorkshire Police,-1.086732,53.958796,On or near Nightclub,E01033068,York 013G,Unable to prosecute suspect
94c94dfba7d9f53d5b84a7fe37b7f416e3f8ff87f3206f78aea30649edfb0633,2025-01,North Yorkshire Police,North Yorkshire Police,-1.133246,54.488423,On or near Supermarket,E01027597,Hambleton 001B,Unable to prosecute suspect
09ea9462166ca12c1cce97e1810cffcc6b3313493e1fe7337493b077ef966d26,2025-01,North Yorkshire Police,North Yorkshire Police,-1.084953,53.971150,On or near Filey Terrace,E01013343,York 009A,Investigation complete; no suspect identified
4275b3c8e6ecebf1b39b7ee4da82091a25c21dcad45f16737189c5898496dcef,2025-01,North Yorkshire Police,North Yorkshire Police,-1.082376,53.957280,On or near King Street,E01033070,York 013I,Investigation complete; no suspect identified
d5ec461de95c3b294ff4d11f6841a6f6a6109d5937b5c3d03263d572849ec595,2025-01,North Yorkshire Police,North Yorkshire Police,-1.092530,53.969060,On or near De Grey Court,E01013345,York 009B,Investigation complete; no suspect identified
d0566fad1df0d6003ea98246aaa51051037dad8c2bcde7f933422bad7b6166eb,2025-01,North Yorkshire Police,North Yorkshire Police,-1.244614,53.791438,On or near Bramley Park Avenue,E01034975,Selby 004F,Investigation complete; no suspect identified
29b80446f78f06a0f5f5c50d0ef2cae51bc9a22c91b1ba563b374bad50719015,2025-01,North Yorkshire Police,North Yorkshire Police,-1.066746,53.955650,On or near Hilda Street,E01013400,York 015D,Unable to prosecute suspect
7b9808be444f90968e35c52a8d2a6c115bdcef23703ee9101005a7cbbacf693f,2025-01,North Yorkshire Police,North Yorkshire Police,-1.537845,54.003413,On or near Dawson Terrace,E01027692,Harrogate 013E,Unable to prosecute suspect
f34fc679400d42d280b6eeded7fba485bb9aab3e79ffd4a9469972222eff21cf,2025-01,North Yorkshire Police,North Yorkshire Police,-1.716673,54.433060,On or near High Street,E01027752,Richmondshire 001C,Unable to prosecute suspect
506f000ed76504cf6f66a313e66ff3dafb6e29b041fda2bb2f06853d4b20ac3d,2025-01,North Yorkshire Police,North Yorkshire Police,-1.124996,53.936210,On or near Sports/Recreation Area,E01013356,York 022D,Unable to prosecute suspect
506f000ed76504cf6f66a313e66ff3dafb6e29b041fda2bb2f06853d4b20ac3d,2025-01,North Yorkshire Police,North Yorkshire Police,-1.124996,53.936210,On or near Sports/Recreation Area,E01013356,York 022D,Unable to prosecute suspect
d7625e44f1b31862fffdc0c4e9c10ee7a537aeb17ff7cc72f257bda6f12c3869,2025-01,North Yorkshire Police,North Yorkshire Police,-1.595058,54.285989,On or near Queen Anne's Drive,E01027587,Hambleton 006A,Investigation complete; no suspect identified
fd8f6dba8ec9c5399fa561c7e0cf6cb6e0cc8b00e051f7d1dc2349afb41bd74b,2025-01,North Yorkshire Police,North Yorkshire Police,-1.537093,53.996966,On or near Nydd Vale Road,E01027678,Harrogate 015E,Unable to prosecute suspect
4b370294757bac86915829e2d12048836dfa3e8add5bd34661869fb21a08fdac,2025-01,North Yorkshire Police,North Yorkshire Police,-1.103791,53.990155,On or near ,E01013431,York 006D,Investigation complete; no suspect identified
a8f4f570f244e49d6861811c5388aa4101e1f5c5016ead3f498d2531b7379bee,2025-01,North Yorkshire Police,North Yorkshire Police,-1.191834,54.012281,On or near Bellground Lane,E01027619,Hambleton 011B,Investigation complete; no suspect identified
d239e504cd9d846f09268a8c1445e1ef006829a9992c4aee592414024c14095d,2025-01,North Yorkshire Police,North Yorkshire Police,-0.400507,54.272773,On or near Esplanade Gardens,E01027854,Scarborough 010D,Unable to prosecute suspect
d239e504cd9d846f09268a8c1445e1ef006829a9992c4aee592414024c14095d,2025-01,North Yorkshire Police,North Yorkshire Police,-0.400507,54.272773,On or near Esplanade Gardens,E01027854,Scarborough 010D,Unable to prosecute suspect
8214b9c878324ee67e23d2f23fd6bef54a5b5c2ac98d0dbd7cb1fe3703db3ee2,2025-01,North Yorkshire Police,North Yorkshire Police,-1.451228,54.003840,On or near Petrol Station,E01027671,Harrogate 012B,Investigation complete; no suspect identified
f120b80efe80c743a737bd274f321f5a25838865db4d473f27bd4f1498602a6e,2025-01,North Yorkshire Police,North Yorkshire Police,-1.438680,54.342783,On or near Tannery Lane,E01034962,Hambleton 012B,Investigation complete; no suspect identified
4be6f67dab1f716c2c9a8001057c52a22b55bdef86142a7cb094e5c43cdb1264,2025-01,North Yorkshire Police,North Yorkshire Police,-1.248368,53.775022,On or near Petrol Station,E01034978,Selby 004I,Unable to prosecute suspect
4be6f67dab1f716c2c9a8001057c52a22b55bdef86142a7cb094e5c43cdb1264,2025-01,North Yorkshire Police,North Yorkshire Police,-1.248368,53.775022,On or near Petrol Station,E01034978,Selby 004I,Unable to prosecute suspect
c97574af3f16a2fa6cbd5d433e3cc008ec2acf662e72be0c9539925ad9d9690a,2025-01,North Yorkshire Police,North Yorkshire Police,-1.090996,53.956150,On or near Bar Lane,E01033068,York 013G,Investigation complete; no suspect identified
132be9b38fe114ec6f0edf3832a22831ceb9dcb29752b83844fca33970851aeb,2025-01,North Yorkshire Police,North Yorkshire Police,-1.084118,53.959281,On or near ,E01033070,York 013I,Investigation complete; no suspect identified
06efb04835d28f2f8bea460abaa483b692b916ae586590037885c9dfd7c72ea3,2025-01,North Yorkshire Police,North Yorkshire Police,-1.104071,53.991923,On or near ,E01013429,York 006B,Investigation complete; no suspect identified
4ace1fc56d82acf8a6fee00a69d30392f2fe12f9c89a4307b9c92d75a6740111,2025-01,North Yorkshire Police,North Yorkshire Police,-1.104071,53.991923,On or near ,E01013429,York 006B,Unable to prosecute suspect
4ace1fc56d82acf8a6fee00a69d30392f2fe12f9c89a4307b9c92d75a6740111,2025-01,North Yorkshire Police,North Yorkshire Police,-1.104071,53.991923,On or near ,E01013429,York 006B,Unable to prosecute suspect
fafa2be0e4292f92a7226d57efe517ab17d155363f82e8ffbd252e6ffed56bfa,2025-01,North Yorkshire Police,North Yorkshire Police,-1.090332,53.943274,On or near Campleshon Road,E01013412,York 021C,Unable to prosecute suspect
fafa2be0e4292f92a7226d57efe517ab17d155363f82e8ffbd252e6ffed56bfa,2025-01,North Yorkshire Police,North Yorkshire Police,-1.090332,53.943274,On or near Campleshon Road,E01013412,York 021C,Unable to prosecute suspect
fafa2be0e4292f92a7226d57efe517ab17d155363f82e8ffbd252e6ffed56bfa,2025-01,North Yorkshire Police,North Yorkshire Police,-1.090332,53.943274,On or near Campleshon Road,E01013412,York 021C,Unable to prosecute suspect
ee30d6c7cbedd3285b53f086c3c44f4ebd2c5d3a33546f05673a7e060e5eabaa,2025-01,North Yorkshire Police,North Yorkshire Police,-1.086976,53.972766,On or near Burton Stone Lane,E01013345,York 009B,Investigation complete; no suspect identified
a523ac4f1461ca2172833162abaa81fe2a73c7568432e433be815696e4b1e68a,2025-01,North Yorkshire Police,North Yorkshire Police,-1.092530,53.969060,On or near De Grey Court,E01013345,York 009B,Investigation complete; no suspect identified
a0476eb8dff7654a58852e173a7c7bb53dc8029be261fb2480442a29d88c04fa,2025-01,North Yorkshire Police,North Yorkshire Police,-1.536419,53.990061,On or near Supermarket,E01027679,Harrogate 019B,Investigation complete; no suspect identified
cdb1f4c9e11280e8acf03bd44b8ac57ddc91ebfbda694cf10cccb9ed82841791,2025-01,North Yorkshire Police,North Yorkshire Police,-1.073667,54.016040,On or near Supermarket,E01013370,York 002A,Investigation complete; no suspect identified
16cc9cdb3c7de2083b7fba31b63714cae7b167630bfc1b860b149c79c3348e6c,2025-01,North Yorkshire Police,North Yorkshire Police,-1.074069,53.939796,On or near ,E01034762,York 023E,Investigation complete; no suspect identified
a361f58fa225bb9a550a3aae0a41340c2facef6457b29251d4c480ad2f1622c5,2025-01,North Yorkshire Police,North Yorkshire Police,-1.083246,53.958528,On or near ,E01013366,York 013A,Investigation complete; no suspect identified
1a31f8d6e8d7a88b812a0efad18184fbfb7dba697752e9f4ec2550d9062305f6,2025-01,North Yorkshire Police,North Yorkshire Police,-1.986846,53.895719,On or near Crofters Mill,E01027583,Craven 008E,Investigation complete; no suspect identified
cdd1268a925b0d89fa45638bca52b3219c09c24fcff5b7854b50f67cc090bb9f,2025-01,North Yorkshire Police,North Yorkshire Police,-0.408469,54.281346,On or near Barwick Street,E01027812,Scarborough 008C,Unable to prosecute suspect
a52da1eddfaa76e64b1eec5d054be1d0395b15acc1140d02bf9e512b92212887,2025-01,North Yorkshire Police,North Yorkshire Police,-2.014155,53.961908,On or near Shopping Area,E01027577,Craven 005C,Investigation complete; no suspect identified
c2a495c7f9867d04ae110add3badb7811691a07851745fc502b4e5f7c1fd9a44,2025-01,North Yorkshire Police,North Yorkshire Police,-2.042743,53.884621,On or near Park Road,E01027560,Craven 007B,Unable to prosecute suspect
f00522ca20219cbf733d964398989bc265ee9bc8e56db9f553307c75248543b1,2025-01,North Yorkshire Police,North Yorkshire Police,-1.068879,53.958399,On or near Supermarket,E01033067,York 013F,Unable to prosecute suspect
f00522ca20219cbf733d964398989bc265ee9bc8e56db9f553307c75248543b1,2025-01,North Yorkshire Police,North Yorkshire Police,-1.068879,53.958399,On or near Supermarket,E01033067,York 013F,Unable to prosecute suspect
f00522ca20219cbf733d964398989bc265ee9bc8e56db9f553307c75248543b1,2025-01,North Yorkshire Police,North Yorkshire Police,-1.068879,53.958399,On or near Supermarket,E01033067,York 013F,Unable to prosecute suspect
78d2bb21e7b2d622d114357b7e74584aec37f3b47381d150f9acb07580bb6065,2025-01,North Yorkshire Police,North Yorkshire Police,-1.400164,54.085510,On or near A1(M),E01027644,Harrogate 005A,Investigation complete; no suspect identified
f4ef94145b9a54131ce9d072b09cfcf6ff31905653dcf410cb7e76088dd7c24c,2025-01,North Yorkshire Police,North Yorkshire Police,-1.444259,54.009470,On or near ,E01027670,Harrogate 012A,Investigation complete; no suspect identified
fdc9cadf774df4a767ce8849007a3f9e8f6915e65c4ed3cbf1db3ac855119ad7,2025-01,North Yorkshire Police,North Yorkshire Police,-1.193341,54.469660,On or near Police Station,E01027625,Hambleton 001E,Investigation complete; no suspect identified
effc6ff1c3a8b9b5164e71d41dc8bf516c058b781c7a55a0b775264402dd5540,2025-01,North Yorkshire Police,North Yorkshire Police,-0.404056,54.282654,On or near Albemarle Back Road,E01027804,Scarborough 010A,Unable to prosecute suspect
ee10cd2db7208b01c14b19f04aee6849ab606dbf4eca25717639a7cf1c085c9c,2025-01,North Yorkshire Police,North Yorkshire Police,-0.401425,54.283572,On or near North Street,E01027806,Scarborough 006B,Investigation complete; no suspect identified
da2040e855a8eedacc06db50061c173d746a236501d104542aa4fb9025fa8ef2,2025-01,North Yorkshire Police,North Yorkshire Police,-1.119021,53.943173,On or near St James Croft,E01013359,York 022E,Investigation complete; no suspect identified
f0164144fd0f1925123bdfaee60b05f49b821109c87cd9e46a6083a13dd8edc4,2025-01,North Yorkshire Police,North Yorkshire Police,-0.400156,54.281416,On or near Huntriss Row,E01027806,Scarborough 006B,Investigation complete; no suspect identified
f0164144fd0f1925123bdfaee60b05f49b821109c87cd9e46a6083a13dd8edc4,2025-01,North Yorkshire Police,North Yorkshire Police,-0.400156,54.281416,On or near Huntriss Row,E01027806,Scarborough 006B,Investigation complete; no suspect identified
9e7a926bc051581e816e161ed8cd90d61f215e481c1ded923d19719212f291a4,2025-01,North Yorkshire Police,North Yorkshire Police,-1.132764,54.491493,On or near Frankfield Mews,E01027599,Hambleton 001C,Investigation complete; no suspect identified
090c530fd7e300e918fe176c43f955e7435690edfc3368c663a3991978156523,2025-01,North Yorkshire Police,North Yorkshire Police,-1.548584,53.989442,On or near Somerset Road,E01027679,Harrogate 019B,Suspect charged
090c530fd7e300e918fe176c43f955e7435690edfc3368c663a3991978156523,2025-01,North Yorkshire Police,North Yorkshire Police,-1.548584,53.989442,On or near Somerset Road,E01027679,Harrogate 019B,Suspect charged
090c530fd7e300e918fe176c43f955e7435690edfc3368c663a3991978156523,2025-01,North Yorkshire Police,North Yorkshire Police,-1.548584,53.989442,On or near Somerset Road,E01027679,Harrogate 019B,Suspect charged
8c9a772da2c50d9b52cd7884cbfc10319264a4cc38b277636ceb980bb707f8bd,2025-01,North Yorkshire Police,North Yorkshire Police,-1.565487,53.978205,On or near ,E01027719,Harrogate 020G,Investigation complete; no suspect identified
4dde44bd2a52f1874be19106917909f45722ce2c9037ee10aa37878e19cf2be6,2025-01,North Yorkshire Police,North Yorkshire Police,-1.152583,53.689408,On or near Whitley Farm Close,E01027924,Selby 010D,Investigation complete; no suspect identified
53e51dbf9449b0c4d26026641f7f13953f57d8603ece45028525a1e3bf3b5342,2025-01,North Yorkshire Police,North Yorkshire Police,-0.405385,54.285646,On or near Wrea Lane,E01027847,Scarborough 006D,Unable to prosecute suspect
53e51dbf9449b0c4d26026641f7f13953f57d8603ece45028525a1e3bf3b5342,2025-01,North Yorkshire Police,North Yorkshire Police,-0.405385,54.285646,On or near Wrea Lane,E01027847,Scarborough 006D,Unable to prosecute suspect
584050d3525c3c4e2b278143eeeb46c1b7d3956ff93cc07c78b3c6724b602da0,2025-01,North Yorkshire Police,North Yorkshire Police,-1.092228,53.958398,On or near Parking Area,E01033068,York 013G,Unable to prosecute suspect
5e6fd61e0d01d38925dbb56354c98ca782d596a8cad5c3a8ae66c88a72f675bc,2025-01,North Yorkshire Police,North Yorkshire Police,-1.120825,53.945775,On or near Cheltenham Court,E01013443,York 018B,Unable to prosecute suspect
4f996d24423c00025a7852d300aa70766e08095273650bf573bd3cc6da222967,2025-01,North Yorkshire Police,North Yorkshire Police,-1.098309,53.993459,On or near ,E01013431,York 006D,Investigation complete; no suspect identified
067e62786ad84236915eeba8ff498e5c7576c44070710a2c295aedfab829d731,2025-01,North Yorkshire Police,North Yorkshire Police,-0.396971,54.239218,On or near Link Walk,E01027817,Scarborough 012A,Investigation complete; no suspect identified
682036b039cdbd9a76c6c05f42b169b38d93a886ecb860a180719d4713a0271f,2025-01,North Yorkshire Police,North Yorkshire Police,-1.830007,54.310328,On or near Shopping Area,E01033185,Richmondshire 006F,Unable to prosecute suspect
682036b039cdbd9a76c6c05f42b169b38d93a886ecb860a180719d4713a0271f,2025-01,North Yorkshire Police,North Yorkshire Police,-1.830007,54.310328,On or near Shopping Area,E01033185,Richmondshire 006F,Unable to prosecute suspect
24a8ea8f07cbbd1e527cb869eabf0021d5184eeb6d02e445077e8144a7bdb2e6,2025-01,North Yorkshire Police,North Yorkshire Police,-1.155775,53.706229,On or near Westfield Garth,E01027889,Selby 010A,Investigation complete; no suspect identified
83134cfd044d9190e22a4bdcda09ea29744e11a4dda7f5b3ccd2743e0daf30de,2025-01,North Yorkshire Police,North Yorkshire Police,-1.134698,53.938748,On or near Pheasant Drive,E01013449,York 022F,Investigation complete; no suspect identified
cae9664e9a0b2bddda43cb2fbfa92e4f76e1328d5ca49600490f00d8007b8009,2025-01,North Yorkshire Police,North Yorkshire Police,-1.074596,53.946614,On or near Wenlock Terrace,E01013362,York 019C,Unable to prosecute suspect
6ec0b887aef300d7ac28bbac5f30c91fad827f597e8a4f7d8f135d4f36c4c538,2025-01,North Yorkshire Police,North Yorkshire Police,-0.401385,54.282609,On or near Parking Area,E01027806,Scarborough 006B,Investigation complete; no suspect identified
4517d8ab5605acc8db96aebbd5383f36bcebc35e50afe9231cdd511056640d84,2025-01,North Yorkshire Police,North Yorkshire Police,-1.120726,53.938171,On or near Wain's Grove,E01013353,York 022A,Suspect charged
4517d8ab5605acc8db96aebbd5383f36bcebc35e50afe9231cdd511056640d84,2025-01,North Yorkshire Police,North Yorkshire Police,-1.120726,53.938171,On or near Wain's Grove,E01013353,York 022A,Suspect charged
977b609ff2533e98d5d7a6bf826e6b93630b58d2e053e59531c606b83e318da2,2025-01,North Yorkshire Police,North Yorkshire Police,-1.081996,53.959662,On or near ,E01013366,York 013A,Suspect charged
977b609ff2533e98d5d7a6bf826e6b93630b58d2e053e59531c606b83e318da2,2025-01,North Yorkshire Police,North Yorkshire Police,-1.081996,53.959662,On or near ,E01013366,York 013A,Suspect charged
028c7a31e5bce801f03a25d7e3584356ecde2ee44faac8388016f13a21213d96,2025-01,North Yorkshire Police,North Yorkshire Police,-1.273803,54.204530,On or near Back Lane,E01027636,Hambleton 009D,Investigation complete; no suspect identified
ca8096ece3fb0b9d108747ddfc8c36d2f5991a559731e7fe0c74e35583db0255,2025-01,North Yorkshire Police,North Yorkshire Police,-1.068879,53.958399,On or near Supermarket,E01033067,York 013F,Investigation complete; no suspect identified
4f6383cac19020a14a61b2489c5b420c2132295f848a6d4478e44617644a577f,2025-01,North Yorkshire Police,North Yorkshire Police,-2.011185,53.918378,On or near Haw Croft,E01027556,Craven 007A,Unable to prosecute suspect
f3228887850bc7a204c58a1d265bc86baeff4026ec3d529efb5696962bf6fe7b,2025-01,North Yorkshire Police,North Yorkshire Police,-1.419485,54.341027,On or near Sports/Recreation Area,E01027609,Hambleton 012D,Investigation complete; no suspect identified
4fcdf236284bb6aa0eef6a4456e07195848ca386a31b279c42914b74aa2bac42,2025-01,North Yorkshire Police,North Yorkshire Police,-0.462345,54.359946,On or near Parking Area,E01027836,Scarborough 004E,Unable to prosecute suspect
1c922f774624590c638f8b22a865b6c97e6298fd19c623239134123d43ea8a08,2025-01,North Yorkshire Police,North Yorkshire Police,-1.395852,54.083458,On or near Ashbourne Close,E01027644,Harrogate 005A,Unable to prosecute suspect
f28bf09abf6dffb30092414846397f8805ca7b549b4667316817a5d1c7f4a5f8,2025-01,North Yorkshire Police,North Yorkshire Police,-1.506319,54.321868,On or near Dales View,E01027604,Hambleton 005B,Investigation complete; no suspect identified
673509159f2549119c28818c781a21f266c807ffc1df164f2f3a0b2f4a3115a8,2025-01,North Yorkshire Police,North Yorkshire Police,-0.429479,54.289489,On or near ,E01027874,Scarborough 007D,Investigation complete; no suspect identified
f7bda09e235b000404a8c63c985cd831a59489d55bd2528e5af19dfb7b077013,2025-01,North Yorkshire Police,North Yorkshire Police,-1.154171,53.691792,On or near All Saints Court,E01027924,Selby 010D,Investigation complete; no suspect identified
534187b7a6de93b4952cc2388c6858d506ccf304ea499c5605c06d005dc24a09,2025-01,North Yorkshire Police,North Yorkshire Police,-1.253888,53.887273,On or near Sandfield Terrace,E01027918,Selby 001A,Unable to prosecute suspect
23b41e43fb358746fe8c0ec2789db49c85f4e84d835c9898de6d77eca94526cd,2025-01,North Yorkshire Police,North Yorkshire Police,-1.061322,53.955589,On or near Olympian Court,E01013400,York 015D,Investigation complete; no suspect identified
d33da09edbba218f57cfac159cc63d396902206ac446945f196327631eab8abb,2025-01,North Yorkshire Police,North Yorkshire Police,-2.012736,53.961033,On or near Parking Area,E01027577,Craven 005C,Investigation complete; no suspect identified
d275fee23dad7bee729af394bbfa0980edfc232393cb5fdcf94afe569f570262,2025-01,North Yorkshire Police,North Yorkshire Police,-1.084601,53.960793,On or near Blake Street,E01013366,York 013A,Unable to prosecute suspect
16fcf90df414b3c533481bb369794a9addebd6ed42af62c3b4bdc87fd8649123,2025-01,North Yorkshire Police,North Yorkshire Police,-1.431782,54.337709,On or near Supermarket,E01027608,Hambleton 013B,Investigation complete; no suspect identified
8d0b9fbe85847496d7273e0ca0deafa02f67226c2536ae09e90034b43643d534,2025-01,North Yorkshire Police,North Yorkshire Police,-1.074596,53.946614,On or near Wenlock Terrace,E01013362,York 019C,Unable to prosecute suspect
8d0b9fbe85847496d7273e0ca0deafa02f67226c2536ae09e90034b43643d534,2025-01,North Yorkshire Police,North Yorkshire Police,-1.074596,53.946614,On or near Wenlock Terrace,E01013362,York 019C,Unable to prosecute suspect
d77e1b2675e2b251824368e13e352d5fb21a49c7bc421d348d499fe629809974,2025-01,North Yorkshire Police,North Yorkshire Police,-1.075136,53.962177,On or near Parking Area,E01013369,York 013C,Unable to prosecute suspect
8952a3739fdfcafe13260de12ca2f911a560737ae74dd80d101531a4edda5b6d,2025-01,North Yorkshire Police,North Yorkshire Police,-1.521998,54.133474,On or near King Street,E01027707,Harrogate 004C,Unable to prosecute suspect
646a62f983d54c5ec8c33e97aa41fd903f6b46376fdcc74ba7412e907c3959d4,2025-01,North Yorkshire Police,North Yorkshire Police,-1.123872,53.937061,On or near Silverdale Court,E01013356,York 022D,Unable to prosecute suspect
646a62f983d54c5ec8c33e97aa41fd903f6b46376fdcc74ba7412e907c3959d4,2025-01,North Yorkshire Police,North Yorkshire Police,-1.123872,53.937061,On or near Silverdale Court,E01013356,York 022D,Unable to prosecute suspect
116d94fafad4a0f724d0813aecea6f146f99ddb155c79f5cf2755d199f410077,2025-01,North Yorkshire Police,North Yorkshire Police,-1.069983,53.979349,On or near Foss Court,E01013406,York 005B,Unable to prosecute suspect
116d94fafad4a0f724d0813aecea6f146f99ddb155c79f5cf2755d199f410077,2025-01,North Yorkshire Police,North Yorkshire Police,-1.069983,53.979349,On or near Foss Court,E01013406,York 005B,Unable to prosecute suspect
e63759b4a8b2874206a13a7cf73f202ab00bcee21645550c8d94a36447903124,2025-01,North Yorkshire Police,North Yorkshire Police,-1.079236,54.009198,On or near Oak Tree Lane,E01013371,York 003A,Unable to prosecute suspect
477b33a815c94a50da9309a54544a9bf1aefaa2c23bdb6c9245f20b90a58a5f8,2025-01,North Yorkshire Police,North Yorkshire Police,-2.360154,54.109257,On or near Holm Lane,E01027569,Craven 001C,Investigation complete; no suspect identified
c8a6efd1e279f1c50db3da7a7b560f6a4edf3b978f65173d337697083a6e6ff9,2025-01,North Yorkshire Police,North Yorkshire Police,-2.013129,53.953052,On or near Rombalds Drive,E01027580,Craven 006B,Unable to prosecute suspect
c8a6efd1e279f1c50db3da7a7b560f6a4edf3b978f65173d337697083a6e6ff9,2025-01,North Yorkshire Police,North Yorkshire Police,-2.013129,53.953052,On or near Rombalds Drive,E01027580,Craven 006B,Unable to prosecute suspect
4f86352b300ce7b07c903841199415f079a952ed5d9c6caba0fa877839022c68,2025-01,North Yorkshire Police,North Yorkshire Police,-1.468739,54.004098,On or near Claro Mews,E01027673,Harrogate 009C,Investigation complete; no suspect identified
cd59bee825e62bedb65a53400333ea61db19cc9faf8cb43682388febd7c02cd3,2025-01,North Yorkshire Police,North Yorkshire Police,-1.131571,53.691298,On or near Moor Lee Lane,E01027890,Selby 010B,Unable to prosecute suspect
128f2722c41dbf358926fa86431f1d6fa5e18faeb79b310e487a15de6b63a6d6,2025-01,North Yorkshire Police,North Yorkshire Police,-2.357548,54.110451,On or near Pant Head Gardens,E01027569,Craven 001C,Investigation complete; no suspect identified
4326db0a3ab0843cd3910cc4f19e91039e5ec9fc7dd2291d18b63077a2b6bccb,2025-01,North Yorkshire Police,North Yorkshire Police,-1.189916,53.663905,On or near Station Road,E01027923,Selby 010C,Investigation complete; no suspect identified
df24b4fd42305926e1cee94baec9e172c02ed118d781261fec3721ae465e6e1c,2025-01,North Yorkshire Police,North Yorkshire Police,-0.612695,54.487094,On or near Bridge Street,E01027865,Scarborough 003C,Unable to prosecute suspect
6fb1f1663cbab143340380b316517dfd42948d0bad93d433212baacf4edef2b4,2025-01,North Yorkshire Police,North Yorkshire Police,-1.071936,53.780716,On or near Portholme Drive,E01027909,Selby 005E,Investigation complete; no suspect identified
70f7a76ea82157f65856d06789ce2bd8be6e15af84d1b27f3bb50470b7fc36cf,2025-01,North Yorkshire Police,North Yorkshire Police,-1.598317,53.994340,On or near ,E01034964,Harrogate 008F,Unable to prosecute suspect
49a3e90db83f4b8a9da2f19ec03c327c7478ade6874729df5a3bc9eb36632b7d,2025-01,North Yorkshire Police,North Yorkshire Police,-1.503034,54.003032,On or near Diamond Place,E01027726,Harrogate 014C,Suspect charged
49a3e90db83f4b8a9da2f19ec03c327c7478ade6874729df5a3bc9eb36632b7d,2025-01,North Yorkshire Police,North Yorkshire Police,-1.503034,54.003032,On or near Diamond Place,E01027726,Harrogate 014C,Suspect charged
27d89bb88e56fc8b76ee31592b336e12d7c71e52013de55095a9f8f3d198b7fe,2025-01,North Yorkshire Police,North Yorkshire Police,-1.079597,53.956836,On or near Shopping Area,E01033070,York 013I,Investigation complete; no suspect identified
c54963f645737d7d4f22f21d6c767af680bcd338f475d985f1eeab8698b57bdf,2025-01,North Yorkshire Police,North Yorkshire Police,-1.107458,54.197616,On or near St. Benedicts Close,E01027775,Ryedale 003A,Investigation complete; no suspect identified
f0c9559b274f535125575235fa24f25590fcdb8e340039880b33e666a5bfff35,2025-01,North Yorkshire Police,North Yorkshire Police,-2.105577,53.982504,On or near Riverside,E01027563,Craven 007C,Investigation complete; no suspect identified
6bb0f5438926a27e4e4c0c6f05ad7d183389acc605d7740575b1ed5b08cf1b45,2025-01,North Yorkshire Police,North Yorkshire Police,-1.155690,54.451770,On or near Back Lane,E01027591,Hambleton 001A,Investigation complete; no suspect identified
d6981b085472371e3cc1d200b81ec32978ddca958b60f35d41dd3221ef214be4,2025-01,North Yorkshire Police,North Yorkshire Police,-0.398538,54.282356,On or near Nightclub,E01027806,Scarborough 006B,Unable to prosecute suspect
db9ebc7172ff5ec5fdac7f1abeccc9c7dd1306d7658b11ecd43c54bcd31b6bee,2025-01,North Yorkshire Police,North Yorkshire Police,-0.802034,54.138234,On or near Mount Crescent,E01027786,Ryedale 010A,Investigation complete; no suspect identified
fa2cb9624f37db9548115f172a68a2b2b26eee90111871547ba4b0d2c10d157e,2025-01,North Yorkshire Police,North Yorkshire Police,-1.993698,53.975621,On or near Bow Bridge Drive,E01027561,Craven 009E,Unable to prosecute suspect
fa2cb9624f37db9548115f172a68a2b2b26eee90111871547ba4b0d2c10d157e,2025-01,North Yorkshire Police,North Yorkshire Police,-1.993698,53.975621,On or near Bow Bridge Drive,E01027561,Craven 009E,Unable to prosecute suspect
a1722fdf214dfb2193b4940949a8909ff23f5f30410579c37c3cba92977f3e76,2025-01,North Yorkshire Police,North Yorkshire Police,-0.932138,54.167546,On or near Railway Street,E01027782,Ryedale 007C,Unable to prosecute suspect
01cc6b0a8e311c9318652cb5d8c9c4736fef6ca4ddd101a8e90a2cbc61e5dd4d,2025-01,North Yorkshire Police,North Yorkshire Police,-0.399707,54.282317,On or near Shopping Area,E01027806,Scarborough 006B,Unable to prosecute suspect
01cc6b0a8e311c9318652cb5d8c9c4736fef6ca4ddd101a8e90a2cbc61e5dd4d,2025-01,North Yorkshire Police,North Yorkshire Police,-0.399707,54.282317,On or near Shopping Area,E01027806,Scarborough 006B,Unable to prosecute suspect
c2a4de58099d9f7f9f46466bba224ef472e8defa3471031395b97a95e8a53e54,2025-01,North Yorkshire Police,North Yorkshire Police,-1.538032,53.993438,On or near Parking Area,E01027678,Harrogate 015E,Unable to prosecute suspect
33247a8d2ea5a70c24004e4194f5dde9c8d35725d6179d995975e90239778774,2025-01,North Yorkshire Police,North Yorkshire Police,-1.107622,53.976911,On or near Surrey Way,E01013434,York 007E,Investigation complete; no suspect identified
a71ed62359957ea05e2a7fd31ceea7a1ad900bbe0eaaf65d40a425135d26e9ca,2025-01,North Yorkshire Police,North Yorkshire Police,-1.080451,53.958919,On or near Shopping Area,E01033070,York 013I,Local resolution
06cc95871d39674ad9d2f3ed71f8af3aadacc9d60bf807bfc8c3613ae34ca94f,2025-01,North Yorkshire Police,North Yorkshire Police,-1.103570,53.946879,On or near Pulleyn Drive,E01013358,York 021B,Unable to prosecute suspect
c0e3cffdc7fef305af9a2f521e6a5e7b7a7777b82f33da9720c09868201b112c,2025-01,North Yorkshire Police,North Yorkshire Police,-1.423838,54.344879,On or near Crossbeck Road,E01027612,Hambleton 013A,Investigation complete; no suspect identified
73626bcfaa187f25b86bb3e045c431e3424d3acabc61bfd64787741fee643293,2025-01,North Yorkshire Police,North Yorkshire Police,-2.423815,54.094427,On or near Reebys Lane,E01027569,Craven 001C,Investigation complete; no suspect identified
eb53058230c41d02e015c47f3b6eee0ab7a67e221da1211dc5ff049802d9635a,2025-01,North Yorkshire Police,North Yorkshire Police,-1.523231,54.136724,On or near Queen Street,E01027706,Harrogate 004B,Investigation complete; no suspect identified
59c9b6fc594ad2714dec3d4cf7d2ce0d500de6af528cdc5173374e6b8e235acc,2025-01,North Yorkshire Police,North Yorkshire Police,-0.411428,54.279497,On or near Roscoe Street,E01027812,Scarborough 008C,Investigation complete; no suspect identified
59c9b6fc594ad2714dec3d4cf7d2ce0d500de6af528cdc5173374e6b8e235acc,2025-01,North Yorkshire Police,North Yorkshire Police,-0.411428,54.279497,On or near Roscoe Street,E01027812,Scarborough 008C,Investigation complete; no suspect identified
94ba281ffc53d1fdb3999e8ba968151b11bb27b29ebe5c4befa5ec6921d12e1d,2025-01,North Yorkshire Police,North Yorkshire Police,-0.614663,54.482523,On or near ,E01027865,Scarborough 003C,Suspect charged
94ba281ffc53d1fdb3999e8ba968151b11bb27b29ebe5c4befa5ec6921d12e1d,2025-01,North Yorkshire Police,North Yorkshire Police,-0.614663,54.482523,On or near ,E01027865,Scarborough 003C,Suspect charged
5262e64b2a3cc897e494d608e0452af65bb0d4c7f00e05170402501304582c76,2025-01,North Yorkshire Police,North Yorkshire Police,-1.068495,53.782568,On or near Supermarket,E01027909,Selby 005E,Investigation complete; no suspect identified
103ec23eb66eb5907d2715eea55dbf2ebcf77ea267eefaeb68152a77755e51a0,2025-01,North Yorkshire Police,North Yorkshire Police,-1.087880,53.956495,On or near Trinity Lane,E01033069,York 013H,Investigation complete; no suspect identified
0da3ce56705b09ef26df7c9d2f5b6aa957548c5ae1d4d8ef92b11791add7f37e,2025-01,North Yorkshire Police,North Yorkshire Police,-0.615190,54.485873,On or near Baxtergate,E01034972,Scarborough 001F,Investigation complete; no suspect identified
8c1dd1429d2bebbc53073a51caa920d14a5419ce75b2c43d2fc6765ddb83f34a,2025-01,North Yorkshire Police,North Yorkshire Police,-1.124431,53.945307,On or near Chesney Fields,E01013443,York 018B,Investigation complete; no suspect identified
527f516546df43f6aa8b1caeb587d55eae306a2ab5f91bc89cfc016546865ca8,2025-01,North Yorkshire Police,North Yorkshire Police,-1.519031,53.997012,On or near Roseville Drive,E01027649,Harrogate 013A,Investigation complete; no suspect identified
b4b368db17efc2b2b506dc37ddb396124597416a65759db86a0bf229187dcd8b,2025-01,North Yorkshire Police,North Yorkshire Police,-1.993698,53.975621,On or near Bow Bridge Drive,E01027561,Craven 009E,Investigation complete; no suspect identified
e9f19219e6d6255ddea3e7a650544163fc1864f6b03d79660d2c3e246b6dce09,2025-01,North Yorkshire Police,North Yorkshire Police,-1.473531,54.013665,On or near High Bond End,E01027674,Harrogate 007C,Investigation complete; no suspect identified
e9f19219e6d6255ddea3e7a650544163fc1864f6b03d79660d2c3e246b6dce09,2025-01,North Yorkshire Police,North Yorkshire Police,-1.473531,54.013665,On or near High Bond End,E01027674,Harrogate 007C,Investigation complete; no suspect identified
6b1bc66a7807c50ad5e009f080219ee72cd0a0778c8aded8c64b44395a5471d2,2025-01,North Yorkshire Police,North Yorkshire Police,-1.398609,54.437693,On or near Prospect View,E01027617,Hambleton 003D,Investigation complete; no suspect identified
f330735749be422679c47f013647771024a8d08d47c04c66b493ad2f6cc7937d,2025-01,North Yorkshire Police,North Yorkshire Police,-1.073084,53.959851,On or near Park/Open Space,E01033067,York 013F,Investigation complete; no suspect identified
f8853f026f629d446542205608db328d2ee4616dd23c5f62d7723129f7cc893d,2025-01,North Yorkshire Police,North Yorkshire Police,-1.079446,53.967163,On or near St Thomas' Place,E01013366,York 013A,Investigation complete; no suspect identified
837a368ce2a6c50e0ffab706c0ae52b0738f11a90f5c553c02ca67ef0491bf6f,2025-01,North Yorkshire Police,North Yorkshire Police,-1.080659,53.957060,On or near Castlegate,E01033070,York 013I,Investigation complete; no suspect identified
b7117e75a2fcce781e9c526b0d199c204beef8e6f1820d4d3fa2e218fddd81be,2025-01,North Yorkshire Police,North Yorkshire Police,-1.356930,54.222070,On or near Primrose Drive,E01034959,Hambleton 009E,Unable to prosecute suspect
b7117e75a2fcce781e9c526b0d199c204beef8e6f1820d4d3fa2e218fddd81be,2025-01,North Yorkshire Police,North Yorkshire Police,-1.356930,54.222070,On or near Primrose Drive,E01034959,Hambleton 009E,Unable to prosecute suspect
016ecaee3269be52e4a9841e2f75068042fa831c8972380caef4efba2d77138d,2025-01,North Yorkshire Police,North Yorkshire Police,-1.068495,53.782568,On or near Supermarket,E01027909,Selby 005E,Investigation complete; no suspect identified
46844d7b7fed5078d71f0e01cc3b7a82203bd0af1a42426c15e64964668a5e14,2025-01,North Yorkshire Police,North Yorkshire Police,-0.400915,54.282121,On or near ,E01027804,Scarborough 010A,Unable to prosecute suspect
dba44f83e206801e90dae56699595f5c3a8e70c611d5f7093b251576ad749d2b,2025-01,North Yorkshire Police,North Yorkshire Police,-1.072425,53.962740,On or near Supermarket,E01013383,York 010D,Investigation complete; no suspect identified
a8ff9681d4d21b13b5ba2b9039c5858bd8ca5eb7fc886c5eecc53f65bbbf2927,2025-01,North Yorkshire Police,North Yorkshire Police,-1.097088,53.969049,On or near Clifton Dale,E01013346,York 007B,Investigation complete; no suspect identified
aadec0121d949e17955f9992f540bdaa4e149dfd1850255d4c1e8ede4e236f19,2025-01,North Yorkshire Police,North Yorkshire Police,-1.425797,54.360071,On or near Sports/Recreation Area,E01027590,Hambleton 003A,Further investigation is not in the public interest
aadec0121d949e17955f9992f540bdaa4e149dfd1850255d4c1e8ede4e236f19,2025-01,North Yorkshire Police,North Yorkshire Police,-1.425797,54.360071,On or near Sports/Recreation Area,E01027590,Hambleton 003A,Further investigation is not in the public interest
e1e9a61f6d4a48ea6744f78c42e8396defcf34f9f49c41f1fa0c336433d6633e,2025-01,North Yorkshire Police,North Yorkshire Police,-1.204100,54.169065,On or near Prospects Cottages,E01027636,Hambleton 009D,Unable to prosecute suspect
e1e9a61f6d4a48ea6744f78c42e8396defcf34f9f49c41f1fa0c336433d6633e,2025-01,North Yorkshire Police,North Yorkshire Police,-1.204100,54.169065,On or near Prospects Cottages,E01027636,Hambleton 009D,Unable to prosecute suspect
dd0b217ea90380ddc54794e9a797a2d9a905a975397c317de2c98b5d97713543,2025-01,North Yorkshire Police,North Yorkshire Police,-1.420253,54.336189,On or near Newlands,E01027610,Hambleton 012C,Suspect charged
dd0b217ea90380ddc54794e9a797a2d9a905a975397c317de2c98b5d97713543,2025-01,North Yorkshire Police,North Yorkshire Police,-1.420253,54.336189,On or near Newlands,E01027610,Hambleton 012C,Suspect charged
7a1d7ea9ca1ce7052c9fc0c50dca398d3e5a18261759d57c2d83e2dfba230361,2025-01,North Yorkshire Police,North Yorkshire Police,-1.455681,54.014538,On or near Sterling Chase,E01027675,Harrogate 007D,Investigation complete; no suspect identified
64ec9fbcf434ecbfdfce21cac593c2cbcaf7fdf765a41def8d7cf2257d8922a5,2025-01,North Yorkshire Police,North Yorkshire Police,-0.840323,54.148406,On or near High Street,E01027774,Ryedale 007A,Investigation complete; no suspect identified
a38e84096162ed26ed3a5c7f7a20611363d29a98235af79cd0d943ed92452fda,2025-01,North Yorkshire Police,North Yorkshire Police,-1.193341,54.469660,On or near Police Station,E01027625,Hambleton 001E,Unable to prosecute suspect
d300bec7bf6ac8d43f172781b2ec873c042cabfa7e47ed9c17b5aec7cc7ca7ce,2025-01,North Yorkshire Police,North Yorkshire Police,-0.402404,54.280888,On or near Shopping Area,E01027804,Scarborough 010A,Investigation complete; no suspect identified
32c08aaca600467b52cc73a21b72bff4bec79216be6119e1a35ec361ade6ee9b,2025-01,North Yorkshire Police,North Yorkshire Police,-1.536419,53.990061,On or near Supermarket,E01027679,Harrogate 019B,Unable to prosecute suspect
32c08aaca600467b52cc73a21b72bff4bec79216be6119e1a35ec361ade6ee9b,2025-01,North Yorkshire Police,North Yorkshire Police,-1.536419,53.990061,On or near Supermarket,E01027679,Harrogate 019B,Unable to prosecute suspect
3eb5a186b18ac83c966099c6f4f55471d7ebd1325dc9bf90da7f242c6de55a3c,2025-01,North Yorkshire Police,North Yorkshire Police,-1.080451,53.958919,On or near Shopping Area,E01033070,York 013I,Investigation complete; no suspect identified
5c50e284f6feec6eafebd3f84cf77bcaebf4fdaf02c945950a42ebba07be1e97,2025-01,North Yorkshire Police,North Yorkshire Police,-0.409609,54.277667,On or near Belgrave Crescent,E01027862,Scarborough 008E,Investigation complete; no suspect identified
178cc99c6c59125934ebc34ba22795c1db2fcebabe2a87427aeceb80a5b9274c,2025-01,North Yorkshire Police,North Yorkshire Police,-1.569462,53.978438,On or near ,E01027719,Harrogate 020G,Suspect charged
178cc99c6c59125934ebc34ba22795c1db2fcebabe2a87427aeceb80a5b9274c,2025-01,North Yorkshire Police,North Yorkshire Police,-1.569462,53.978438,On or near ,E01027719,Harrogate 020G,Suspect charged
f1c866cec3b4d2d799bb51b7d9c3f9a8b9cc1b337ea62e5f00e9577dbf013932,2025-01,North Yorkshire Police,North Yorkshire Police,-1.139086,53.732680,On or near Main Street,E01027890,Selby 010B,Investigation complete; no suspect identified
3638fff007f3d54e691843623439f5ee535d60328fa3f68e00d3be39df5ea034,2025-01,North Yorkshire Police,North Yorkshire Police,-0.995649,54.088908,On or near Pecketts Close,E01027799,Ryedale 007E,Unable to prosecute suspect
3c417b05d012322b71e9157a8f8886a44d48c10c77b31953e32f107debb542ad,2025-01,North Yorkshire Police,North Yorkshire Police,-1.433721,54.339324,On or near Shopping Area,E01027608,Hambleton 013B,Investigation complete; no suspect identified
421ce32e2c3a85148c0e14b7cedece6e0a9007ccd9c7a7c260fa8a70a348b076,2025-01,North Yorkshire Police,North Yorkshire Police,-2.276863,54.069177,On or near Shopping Area,E01027572,Craven 003C,Investigation complete; no suspect identified
b46b733a294fe088dcc481059ef79d6254200255a72fc85a9a1c701eebee995b,2025-01,North Yorkshire Police,North Yorkshire Police,-0.427275,54.292540,On or near Heathcliff Gardens,E01027842,Scarborough 005A,Investigation complete; no suspect identified
ac8b014c9c3cfed25687c826ff485c38c6a374df2e790967a8679ca742422fef,2025-01,North Yorkshire Police,North Yorkshire Police,-2.290821,54.067859,On or near Raines Road,E01027571,Craven 003B,Investigation complete; no suspect identified
3d0cd9d8b9f9ad3c997bf0f6d5e0b8ca6850493820844c44a3a3a3812067cb58,2025-01,North Yorkshire Police,North Yorkshire Police,-1.221695,54.070477,On or near Main Street,E01027634,Hambleton 011C,Investigation complete; no suspect identified
ef0fc31ea072aba96fadf67d3b215a6b1dc35fe5d4e70650dbf3983d97c1babe,2025-01,North Yorkshire Police,North Yorkshire Police,-1.120726,53.938171,On or near Wain's Grove,E01013353,York 022A,Unable to prosecute suspect
ef0fc31ea072aba96fadf67d3b215a6b1dc35fe5d4e70650dbf3983d97c1babe,2025-01,North Yorkshire Police,North Yorkshire Police,-1.120726,53.938171,On or near Wain's Grove,E01013353,York 022A,Unable to prosecute suspect
ef0fc31ea072aba96fadf67d3b215a6b1dc35fe5d4e70650dbf3983d97c1babe,2025-01,North Yorkshire Police,North Yorkshire Police,-1.120726,53.938171,On or near Wain's Grove,E01013353,York 022A,Unable to prosecute suspect
43edda16b1255f8a892feac4aca76a4246304067228d367d4a07e1c05c77ce98,2025-01,North Yorkshire Police,North Yorkshire Police,-1.044786,53.792089,On or near Riverside Close,E01027878,Selby 005A,Suspect charged
43edda16b1255f8a892feac4aca76a4246304067228d367d4a07e1c05c77ce98,2025-01,North Yorkshire Police,North Yorkshire Police,-1.044786,53.792089,On or near Riverside Close,E01027878,Selby 005A,Suspect charged
cf145665c3c3abdd6b105fa3ac1975861c91ffd5a33fdbedad4f5b0ecf56c81e,2025-01,North Yorkshire Police,North Yorkshire Police,-0.400550,54.287119,On or near Queen's Terrace,E01027847,Scarborough 006D,Suspect charged
cf145665c3c3abdd6b105fa3ac1975861c91ffd5a33fdbedad4f5b0ecf56c81e,2025-01,North Yorkshire Police,North Yorkshire Police,-0.400550,54.287119,On or near Queen's Terrace,E01027847,Scarborough 006D,Suspect charged
ebbce812587e5dd36edd233d63fdbc44f8f28a661dd499349b46b5df90cf2d37,2025-01,North Yorkshire Police,North Yorkshire Police,-1.543452,53.984587,On or near Park Avenue,E01027730,Harrogate 019C,Investigation complete; no suspect identified
76d51264c603e008ee67478cd01144c4beb49e33732d2c197ccfcf82603af031,2025-01,North Yorkshire Police,North Yorkshire Police,-1.091223,53.960430,On or near Parking Area,E01033068,York 013G,Investigation complete; no suspect identified
f81f430cff1023c483d638c6febf0f56939f66127ff1bef4493958d8ab5b547f,2025-01,North Yorkshire Police,North Yorkshire Police,-1.079597,53.956836,On or near Shopping Area,E01033070,York 013I,Suspect charged
f81f430cff1023c483d638c6febf0f56939f66127ff1bef4493958d8ab5b547f,2025-01,North Yorkshire Police,North Yorkshire Police,-1.079597,53.956836,On or near Shopping Area,E01033070,York 013I,Suspect charged
f81f430cff1023c483d638c6febf0f56939f66127ff1bef4493958d8ab5b547f,2025-01,North Yorkshire Police,North Yorkshire Police,-1.079597,53.956836,On or near Shopping Area,E01033070,York 013I,Suspect charged
22006c1821459b6ad81a33dd7b352259ae65f46715e61fc139f2ee5acde02970,2025-01,North Yorkshire Police,North Yorkshire Police,-1.525073,53.999616,On or near Gascoigne Crescent,E01027649,Harrogate 013A,Local resolution
1290883180e0a29c8f69af12e2142009d714207e9b8d65a6ad053572a45fc294,2025-01,North Yorkshire Police,North Yorkshire Police,-1.044091,53.944704,On or near Browns Mews,E01013378,York 023B,Investigation complete; no suspect identified
e8c2c9526c3512d97ceebcbeef7d5fcd350fc6d34911a07d9b0c7dfb12846159,2025-01,North Yorkshire Police,North Yorkshire Police,-0.840323,54.148406,On or near High Street,E01027774,Ryedale 007A,Investigation complete; no suspect identified
069d0cdd279415ab777503df5b61467e59dbec7d785b6e5cc6417e5e03ca5803,2025-01,North Yorkshire Police,North Yorkshire Police,-0.994545,54.003612,On or near Barr Lane,E01013437,York 008G,Investigation complete; no suspect identified
59d10b23e2d5207509777b5e9b44a91b706146fbe8cfb52a7e56b1c59baeb164,2025-01,North Yorkshire Police,North Yorkshire Police,-1.466190,54.007826,On or near Silver Street,E01027673,Harrogate 009C,Suspect charged
59d10b23e2d5207509777b5e9b44a91b706146fbe8cfb52a7e56b1c59baeb164,2025-01,North Yorkshire Police,North Yorkshire Police,-1.466190,54.007826,On or near Silver Street,E01027673,Harrogate 009C,Suspect charged
9bbcc886c1b4751de48158e18a6679cdc7ebd228bca7c068d764b6534240400d,2025-01,North Yorkshire Police,North Yorkshire Police,-1.058253,53.713296,On or near Moss Green Lane,E01027890,Selby 010B,Investigation complete; no suspect identified
3017730a0edb6d66a2870b6fe3ea507e39003c8316281b83b32b45befd6c89e5,2025-01,North Yorkshire Police,North Yorkshire Police,-1.085585,53.960387,On or near Lendal,E01013366,York 013A,Investigation complete; no suspect identified
21a2b37b59eb134fcbb2c07f874b4b2dfb9a31780f7897ed3b0f6dcca3603ef8,2025-01,North Yorkshire Police,North Yorkshire Police,-1.990497,53.901364,On or near Hall Street,E01027564,Craven 008B,Investigation complete; no suspect identified
95c240f29a130866db66175c83111c7fd61e6f97b182aadd1518c684f5f742b9,2025-01,North Yorkshire Police,North Yorkshire Police,-0.402373,54.273356,On or near St Martin's Place,E01027852,Scarborough 010B,Investigation complete; no suspect identified
5e6b1d478f9ab87810342373d30d7828e10f7c3af61242addb4f1620b832cbff,2025-01,North Yorkshire Police,North Yorkshire Police,-1.548584,53.989442,On or near Somerset Road,E01027679,Harrogate 019B,Investigation complete; no suspect identified
b6835a3cbb49dfb960a9d1a3cb747fb6cb66faa10b51806ccfe1f291b9a72675,2025-01,North Yorkshire Police,North Yorkshire Police,-1.072425,53.962740,On or near Supermarket,E01013383,York 010D,Investigation complete; no suspect identified
0d1d1d2adec02066c58da240a82c80b2f7fb60cf4a0676c23590440036337a7e,2025-01,North Yorkshire Police,North Yorkshire Police,-1.084983,53.957273,On or near Bridge Street,E01033068,York 013G,Investigation complete; no suspect identified
be4f1ee9ffb877f49539cc37f55a4e671e8a9a7f6fd18b3956a7ec3e7082432e,2025-01,North Yorkshire Police,North Yorkshire Police,-1.068495,53.782568,On or near Supermarket,E01027909,Selby 005E,Investigation complete; no suspect identified
c417053b611035bab1a9fbe6f22a32b9d17a3280617db23cee4277e8d9350015,2025-01,North Yorkshire Police,North Yorkshire Police,-1.068495,53.782568,On or near Supermarket,E01027909,Selby 005E,Investigation complete; no suspect identified
4c335967a819c33c47e29979a3b5a7b23a675ef2cd6ac236c7b4bfd44b826e02,2025-01,North Yorkshire Police,North Yorkshire Police,-1.087942,53.976710,On or near Ashton Avenue,E01013347,York 009C,Investigation complete; no suspect identified
558b81311bde982b25bd42356d8c1a545f9c9d3f503e26192d66084908a2714b,2025-01,North Yorkshire Police,North Yorkshire Police,-1.040337,54.204785,On or near Leysthorpe Lane,E01027800,Ryedale 003D,Investigation complete; no suspect identified
298fc82d6f790f08134546441140851658edff630ac174e0cdf84bd8e3bcf618,2025-01,North Yorkshire Police,North Yorkshire Police,-0.347290,54.226376,On or near Parking Area,E01027807,Scarborough 011A,Investigation complete; no suspect identified
5371785c3e9aa769dcb21cc91a6903d138e66543e23e3012bad73a4271e26ada,2025-01,North Yorkshire Police,North Yorkshire Police,-1.550556,53.994698,On or near Clarence Drive,E01027655,Harrogate 015B,Investigation complete; no suspect identified
14b8f91415c0b015e10099a9fdd4fcab79eb87e2620f03c9e1028f8da586084f,2025-01,North Yorkshire Police,North Yorkshire Police,-1.055002,54.246055,On or near Ashdale Road,E01027781,Ryedale 003C,Unable to prosecute suspect
0d20b66f45cf28c64605c07a8a8b86ba6de801886059707937309f1bb61273e4,2025-01,North Yorkshire Police,North Yorkshire Police,-0.404962,54.283475,On or near Victoria Street,E01027812,Scarborough 008C,Investigation complete; no suspect identified
713ee2ef7e5b2afb3dff364dc69105802d5410be559256a2f4a230a7c9494f14,2025-01,North Yorkshire Police,North Yorkshire Police,-1.498891,53.999905,On or near Albert Place,E01027727,Harrogate 014D,Suspect charged
713ee2ef7e5b2afb3dff364dc69105802d5410be559256a2f4a230a7c9494f14,2025-01,North Yorkshire Police,North Yorkshire Police,-1.498891,53.999905,On or near Albert Place,E01027727,Harrogate 014D,Suspect charged
49b43945df610542505d9450fc3000f4d743213b86deb79cfd682dc6c59ef7d2,2025-01,North Yorkshire Police,North Yorkshire Police,-1.752291,54.406168,On or near Willance Grove,E01027769,Richmondshire 002E,Investigation complete; no suspect identified
de38f99ddee5961d6a41a8890d013f63130bd783c69f4bc458779145721964af,2025-01,North Yorkshire Police,North Yorkshire Police,-1.721235,54.376398,On or near Parking Area,E01034965,Richmondshire 004I,Investigation complete; no suspect identified
75771fcd0df5baf56ccd1eb410a1983fb011415a50b0d0f64ceec1a5763296a3,2025-01,North Yorkshire Police,North Yorkshire Police,-1.081757,53.968124,On or near Supermarket,E01013366,York 013A,Suspect charged
75771fcd0df5baf56ccd1eb410a1983fb011415a50b0d0f64ceec1a5763296a3,2025-01,North Yorkshire Police,North Yorkshire Police,-1.081757,53.968124,On or near Supermarket,E01013366,York 013A,Suspect charged
1f734f0cbb72770e7f467f79d8d318f00b0aa9d87304876a7f0e8b712935a328,2025-01,North Yorkshire Police,North Yorkshire Police,-1.085693,53.963813,On or near Bootham Row,E01013366,York 013A,Suspect charged
1f734f0cbb72770e7f467f79d8d318f00b0aa9d87304876a7f0e8b712935a328,2025-01,North Yorkshire Police,North Yorkshire Police,-1.085693,53.963813,On or near Bootham Row,E01013366,York 013A,Suspect charged
c8d5fba49114ead5ccb7a2bb25c11e39ecdf98b14f36ae3f26861ad191141736,2025-01,North Yorkshire Police,North Yorkshire Police,-2.281900,54.070532,On or near Kirkgate,E01027572,Craven 003C,Unable to prosecute suspect
6fae4a0f2b1d35c472f4224d8da8d0ee27ba1ab11f80c2bbea127b96e41e6bff,2025-01,North Yorkshire Police,North Yorkshire Police,-1.537673,53.996914,On or near Mayfield Grove,E01027678,Harrogate 015E,Unable to prosecute suspect
05f544384ef5aca022e52cb9d7544905d7a5c07ea8a2bd9a0ed2800cd3673ff2,2025-01,North Yorkshire Police,North Yorkshire Police,-0.521120,54.125197,On or near Back Lane,E01027803,Ryedale 004D,Investigation complete; no suspect identified
1b2372127afc5fba81e86561f6e0d6b186460dcb7a732be285c3178665958028,2025-01,North Yorkshire Police,North Yorkshire Police,-1.102495,53.971381,On or near Parking Area,E01013346,York 007B,Investigation complete; no suspect identified
1bde6b15d2f5b6190060e87977c63ddb0ec95b8466aa146a1317912b736eb755,2025-01,North Yorkshire Police,North Yorkshire Police,-1.084041,53.964079,On or near Gillygate,E01013366,York 013A,Suspect charged
1bde6b15d2f5b6190060e87977c63ddb0ec95b8466aa146a1317912b736eb755,2025-01,North Yorkshire Police,North Yorkshire Police,-1.084041,53.964079,On or near Gillygate,E01013366,York 013A,Suspect charged
e0694619cee63d1b8a0a17845f796dc2be830b5d5950ebc69eec83caf3ea6f26,2025-01,North Yorkshire Police,North Yorkshire Police,-0.424808,54.236385,On or near Magpie Garth,E01027859,Scarborough 013D,Unable to prosecute suspect
e0694619cee63d1b8a0a17845f796dc2be830b5d5950ebc69eec83caf3ea6f26,2025-01,North Yorkshire Police,North Yorkshire Police,-0.424808,54.236385,On or near Magpie Garth,E01027859,Scarborough 013D,Unable to prosecute suspect
05dbb005a3ba91f6cbb4dec838346fc8949ac1a8e5704785daf9ef29bc0c6a22,2025-01,North Yorkshire Police,North Yorkshire Police,-1.080451,53.958919,On or near Shopping Area,E01033070,York 013I,Investigation complete; no suspect identified
4acdb7be5ef17b5dfe0b3cbc642370e185fad5a02dcc921cf66df2c5a1554061,2025-01,North Yorkshire Police,North Yorkshire Police,-1.133351,53.947187,On or near Thoresby Road,E01013446,York 018D,Investigation complete; no suspect identified
3b8901e02285ac80bb06087b32eb9fcc712f53e99a9d802d1c2dc884a44575c6,2025-01,North Yorkshire Police,North Yorkshire Police,-1.133351,53.947187,On or near Thoresby Road,E01013446,York 018D,Investigation complete; no suspect identified
9a772f176a48f0c00c596ff2f988106dd288ff2820502defe36f2cb6320ad10e,2025-01,North Yorkshire Police,North Yorkshire Police,-0.393259,54.284587,On or near Princess Square,E01027806,Scarborough 006B,Investigation complete; no suspect identified
14a8a072138e347d94cd21e9fbfdbbdb6c7067d264ce378c801678f3c4d71fb9,2025-01,North Yorkshire Police,North Yorkshire Police,-1.158630,53.699059,On or near Parking Area,E01027889,Selby 010A,Investigation complete; no suspect identified
fb9b1cebc31ee10d362d5681d6283d51c4fcf85b19dca0870ae5f84a36b10a9e,2025-01,North Yorkshire Police,North Yorkshire Police,-0.428582,54.292899,On or near Greylands Park Grove,E01027842,Scarborough 005A,Unable to prosecute suspect
a646316b7bd0c34a67cfabec5da7d98815aee556f4b88d3fcf9b083dc59b344e,2025-01,North Yorkshire Police,North Yorkshire Police,-1.139720,53.953839,On or near Bramham Avenue,E01013444,York 018C,Unable to prosecute suspect
e8ce50bfa7a4fd254c0155d8d30b426fa2f643f596e77befc2980bfc42a919ab,2025-01,North Yorkshire Police,North Yorkshire Police,-0.936193,54.019459,On or near Main Street,E01027797,Ryedale 007D,Investigation complete; no suspect identified
7603da82732096ca9eaf323e6f555978bffcce1f1220397095cac2e881fc2dbf,2025-01,North Yorkshire Police,North Yorkshire Police,-1.396994,54.099596,On or near Market Hill,E01027687,Harrogate 005D,Investigation complete; no suspect identified
a12ff33cd4237e8c1e1fa1928846a4c56db8fbe5f4c83e4c8702ae4f669eeca5,2025-01,North Yorkshire Police,North Yorkshire Police,-1.247867,54.132488,On or near Back Lane,E01027600,Hambleton 011A,Unable to prosecute suspect
ef69a36fcf2701b47c765ddd63082a288f23b195810b30163f21be6a06d004f1,2025-01,North Yorkshire Police,North Yorkshire Police,-1.074069,53.939796,On or near ,E01034762,York 023E,Investigation complete; no suspect identified
02f14a35fa03cdb7e9bc59a23880f3fc63efa19c0beb2ed9c1d615ad80bcc8c3,2025-01,North Yorkshire Police,North Yorkshire Police,-1.078249,53.957159,On or near Merchantgate,E01033070,York 013I,Unable to prosecute suspect
da1288e0f9edb2288af5b4709ff10a19b8667c0cc58f63c67ee7787b21ae9821,2025-01,North Yorkshire Police,North Yorkshire Police,-1.082376,53.957280,On or near King Street,E01033070,York 013I,Investigation complete; no suspect identified
9712c718e6f76b6d742dbaad8f72fd6518204da7a7a07a273e9da45af56521cd,2025-01,North Yorkshire Police,North Yorkshire Police,-1.054467,53.953442,On or near Siward Street,E01013403,York 015F,Investigation complete; no suspect identified
dc6e7c342ff700e603ede1958407f27b4416693d993122f60a93b76d29377feb,2025-01,North Yorkshire Police,North Yorkshire Police,-1.082376,53.957280,On or near King Street,E01033070,York 013I,Investigation complete; no suspect identified
305c900b17697673f47d2aa2a47d6890b70e3e41bd7e8ffc7442d31fcbb04bd6,2025-01,North Yorkshire Police,North Yorkshire Police,-0.401385,54.282609,On or near Parking Area,E01027806,Scarborough 006B,Investigation complete; no suspect identified
145ea57db07f25201617943b2d63c7cb277c878c4eacfb6fb7e6720819d363fd,2025-01,North Yorkshire Police,North Yorkshire Police,-0.403990,54.280010,On or near Parking Area,E01027804,Scarborough 010A,Investigation complete; no suspect identified
e79b4c98945b4c80584df603fa3ddbf6c5ef950d16a98eb693ca0a5507a6cdee,2025-01,North Yorkshire Police,North Yorkshire Police,-1.132907,53.944344,On or near Beagle Ridge Drive,E01013446,York 018D,Investigation complete; no suspect identified
3b377ce13c86e742dbb05651fe13cfa084799a51e364a5e3f6297b5b12090dde,2025-01,North Yorkshire Police,North Yorkshire Police,-1.548126,54.003599,On or near Supermarket,E01027689,Harrogate 011A,Unable to prosecute suspect
eae4470ca9bb04fe7f77739d13e7c63c11ddbf3edb30452e6debe13b823295d4,2025-01,North Yorkshire Police,North Yorkshire Police,-1.536419,53.990061,On or near Supermarket,E01027679,Harrogate 019B,Investigation complete; no suspect identified
27f11dd82d57ff6c65321687855730d09b70c63c999e4a1acf33f4a705c2c76b,2025-01,North Yorkshire Police,North Yorkshire Police,-1.079084,53.960778,On or near Granary Court,E01013369,York 013C,Investigation complete; no suspect identified
752173ae570a3891539411471e88124448216d4e45e9e3a477ad257adac18b8e,2025-01,North Yorkshire Police,North Yorkshire Police,-1.079183,53.959053,On or near Whip-Ma-Whop-Ma-Gate,E01033067,York 013F,Unable to prosecute suspect
70300374617c5a0701855866b110054375f57b68c6dc0f732999fde76b5d43df,2025-01,North Yorkshire Police,North Yorkshire Police,-1.045537,53.940612,On or near Sports/Recreation Area,E01013378,York 023B,Investigation complete; no suspect identified
4bd4a10eed899a9d61708a6baa75f9c8bf0d372346fe12cf9dceca61f45e34ef,2025-01,North Yorkshire Police,North Yorkshire Police,-0.399178,54.201226,On or near Filey Road,E01027835,Scarborough 014G,Unable to prosecute suspect
f7cdd69f9a7006359e07b0ad09592116c08e115bfdae64679f5a6da60abb1b0b,2025-01,North Yorkshire Police,North Yorkshire Police,-1.081757,53.968124,On or near Supermarket,E01013366,York 013A,Unable to prosecute suspect
f7cdd69f9a7006359e07b0ad09592116c08e115bfdae64679f5a6da60abb1b0b,2025-01,North Yorkshire Police,North Yorkshire Police,-1.081757,53.968124,On or near Supermarket,E01013366,York 013A,Unable to prosecute suspect
f7cdd69f9a7006359e07b0ad09592116c08e115bfdae64679f5a6da60abb1b0b,2025-01,North Yorkshire Police,North Yorkshire Police,-1.081757,53.968124,On or near Supermarket,E01013366,York 013A,Unable to prosecute suspect
f7cdd69f9a7006359e07b0ad09592116c08e115bfdae64679f5a6da60abb1b0b,2025-01,North Yorkshire Police,North Yorkshire Police,-1.081757,53.968124,On or near Supermarket,E01013366,York 013A,Unable to prosecute suspect
532635f5bf383edb8730387eaa9f39e04d8b5d9cf6738ee375cea97f8871e171,2025-01,North Yorkshire Police,North Yorkshire Police,-1.723757,54.376790,On or near Shopping Area,E01034965,Richmondshire 004I,Investigation complete; no suspect identified
68532ab64fe2357dee532d527fb254c49a33c20a01a1fae8a82f649d4a540fd5,2025-01,North Yorkshire Police,North Yorkshire Police,-1.142812,54.126861,On or near West Way,E01027622,Hambleton 010E,Unable to prosecute suspect
68532ab64fe2357dee532d527fb254c49a33c20a01a1fae8a82f649d4a540fd5,2025-01,North Yorkshire Police,North Yorkshire Police,-1.142812,54.126861,On or near West Way,E01027622,Hambleton 010E,Unable to prosecute suspect
9532166bf454055e4701822e5a4d0d894e9d85ce68fd42545bd8e1b191bf69ff,2025-01,North Yorkshire Police,North Yorkshire Police,-1.079797,53.961611,On or near Goodramgate,E01013366,York 013A,Investigation complete; no suspect identified
3bd66d5557b2a040be85e6b90b50df65c214a7479f8f1e1c7526c2619e5b7967,2025-01,North Yorkshire Police,North Yorkshire Police,-1.105979,53.951085,On or near Clive Grove,E01013397,York 017C,Investigation complete; no suspect identified
dbe4cfd57bd74a450376e8e02eb74436a96b115d728180783acc1b75600c55cc,2025-01,North Yorkshire Police,North Yorkshire Police,-1.943541,54.323098,On or near East Lane,E01027744,Richmondshire 006A,Investigation complete; no suspect identified
5b05e7b38941f70c0932efc5261743aec7448d6a3433ce3337ab80682ae6c6b4,2025-01,North Yorkshire Police,North Yorkshire Police,-1.080242,53.958346,On or near ,E01033070,York 013I,Investigation complete; no suspect identified
21f819c572fa5120299f3ceb37c04f408ea1963d46bccc19fff50cb6704d81c7,2025-01,North Yorkshire Police,North Yorkshire Police,-1.038626,53.959724,On or near Derwent Way,E01013419,York 014C,Unable to prosecute suspect
21f819c572fa5120299f3ceb37c04f408ea1963d46bccc19fff50cb6704d81c7,2025-01,North Yorkshire Police,North Yorkshire Police,-1.038626,53.959724,On or near Derwent Way,E01013419,York 014C,Unable to prosecute suspect
b8993eeaa98e56ab5e6592080c467e32f3e681ed9598a133f1b1fa3a9a9b7994,2025-01,North Yorkshire Police,North Yorkshire Police,-1.038626,53.959724,On or near Derwent Way,E01013419,York 014C,Unable to prosecute suspect
b8993eeaa98e56ab5e6592080c467e32f3e681ed9598a133f1b1fa3a9a9b7994,2025-01,North Yorkshire Police,North Yorkshire Police,-1.038626,53.959724,On or near Derwent Way,E01013419,York 014C,Unable to prosecute suspect
739ca452a0ffcf257bdbf18b19200a6b52428967347fedd817fd975c8ae98a38,2025-01,North Yorkshire Police,North Yorkshire Police,-1.466320,54.007153,On or near Chapel Street,E01027673,Harrogate 009C,Unable to prosecute suspect
739ca452a0ffcf257bdbf18b19200a6b52428967347fedd817fd975c8ae98a38,2025-01,North Yorkshire Police,North Yorkshire Police,-1.466320,54.007153,On or near Chapel Street,E01027673,Harrogate 009C,Unable to prosecute suspect
9684e2825018ab3ae8650ad270a5dbe93bd157d930fedbfeb3bfabbbeea031fb,2025-01,North Yorkshire Police,North Yorkshire Police,-1.258765,53.885910,On or near Commercial Street,E01027918,Selby 001A,Investigation complete; no suspect identified
4a5da74a2145139425fadf9f4bf6371392e5298ae95421cf37bd8f397f8679b0,2025-01,North Yorkshire Police,North Yorkshire Police,-1.740802,54.400671,On or near Bridge Terrace,E01027770,Richmondshire 002F,Unable to prosecute suspect
97aef99235e979cc1cb9defe7631d516d248e291e6842484bcd268baf96c8848,2025-01,North Yorkshire Police,North Yorkshire Police,-1.096575,53.978662,On or near Water Lane,E01013428,York 006A,Investigation complete; no suspect identified
272e24e52bcd4c5c118e5becd02c493bdb2ca9ab3c10e259ea484b92e12607ad,2025-01,North Yorkshire Police,North Yorkshire Police,-1.290436,54.066579,On or near Rice Lane,E01027634,Hambleton 011C,Unable to prosecute suspect
546aabf30511be4e5034bbb14f4471b38338b4c371fa896f59e1fb7407865768,2025-01,North Yorkshire Police,North Yorkshire Police,-0.397827,54.283650,On or near Shopping Area,E01027806,Scarborough 006B,Suspect charged
546aabf30511be4e5034bbb14f4471b38338b4c371fa896f59e1fb7407865768,2025-01,North Yorkshire Police,North Yorkshire Police,-0.397827,54.283650,On or near Shopping Area,E01027806,Scarborough 006B,Suspect charged
03930da51de7c4350f29a701f189bf4dbc3bd1f848febe6f403a8d3564e587a2,2025-01,North Yorkshire Police,North Yorkshire Police,-0.382193,54.234904,On or near Main Street,E01027808,Scarborough 011B,Investigation complete; no suspect identified
a033532ad8f0f2415b21bbf5ff974ec8faf371aa9e5643e1161ccfe333163fd1,2025-01,North Yorkshire Police,North Yorkshire Police,-1.068879,53.958399,On or near Supermarket,E01033067,York 013F,Investigation complete; no suspect identified
f9613bd2cf82a499f6c68b99326b3cf93e81a828adc0f3961789ae0fc60e4cbf,2025-01,North Yorkshire Police,North Yorkshire Police,-1.831345,54.310249,On or near Shawl Terrace,E01033185,Richmondshire 006F,Unable to prosecute suspect
a211b5aeb5c4fe5bfe8e55e9b94809cc816b4fe44dd581dbee1088f1a625493c,2025-01,North Yorkshire Police,North Yorkshire Police,-1.068879,53.958399,On or near Supermarket,E01033067,York 013F,Unable to prosecute suspect
a211b5aeb5c4fe5bfe8e55e9b94809cc816b4fe44dd581dbee1088f1a625493c,2025-01,North Yorkshire Police,North Yorkshire Police,-1.068879,53.958399,On or near Supermarket,E01033067,York 013F,Unable to prosecute suspect
8b6e7c6d0e566cb55b34a5d94f73a37ae637085b43fada89e51ee8221c8162ce,2025-01,North Yorkshire Police,North Yorkshire Police,-2.162128,53.949276,On or near Gledstone Road,E01027586,Craven 007D,Investigation complete; no suspect identified
5a79f7cfd07e04df985e97cc3376e4737168ebe3a8ca9136051481e3fe0316bd,2025-01,North Yorkshire Police,North Yorkshire Police,-1.073219,53.976417,On or near Mallard Landings,E01013386,York 010E,Unable to prosecute suspect
5a79f7cfd07e04df985e97cc3376e4737168ebe3a8ca9136051481e3fe0316bd,2025-01,North Yorkshire Police,North Yorkshire Police,-1.073219,53.976417,On or near Mallard Landings,E01013386,York 010E,Unable to prosecute suspect
5a79f7cfd07e04df985e97cc3376e4737168ebe3a8ca9136051481e3fe0316bd,2025-01,North Yorkshire Police,North Yorkshire Police,-1.073219,53.976417,On or near Mallard Landings,E01013386,York 010E,Unable to prosecute suspect
732c4f3ecdeabf10ddaed7c6345669b826bb9c34b5585ca395eb0b11f252e75c,2025-01,North Yorkshire Police,North Yorkshire Police,-1.073219,53.976417,On or near Mallard Landings,E01013386,York 010E,Investigation complete; no suspect identified
97881037bb9e0b161b88e429cebc51818d1e91f8541f9db578380f94367edfd6,2025-01,North Yorkshire Police,North Yorkshire Police,-1.073219,53.976417,On or near Mallard Landings,E01013386,York 010E,Investigation complete; no suspect identified
62d7aa7eb9dbde148703bad4693da425e98686d00e386484c4846db0c0195a95,2025-01,North Yorkshire Police,North Yorkshire Police,-1.073219,53.976417,On or near Mallard Landings,E01013386,York 010E,Investigation complete; no suspect identified
a2e151cc64443cee224025b02ce9f33dca8e9ae72240372a9714ee7fe34b6e9d,2025-01,North Yorkshire Police,North Yorkshire Police,-1.073219,53.976417,On or near Mallard Landings,E01013386,York 010E,Unable to prosecute suspect
0970109871925e33b5c7c494bae447425c509dc416a73c206c04d4cee46804c7,2025-01,North Yorkshire Police,North Yorkshire Police,-0.403795,54.239731,On or near Holme Hill,E01027817,Scarborough 012A,Unable to prosecute suspect
91b3e6120bb23066f547013ab22f7f373be858bfe25fbe6f257839bae7bca595,2025-01,North Yorkshire Police,North Yorkshire Police,-1.072431,53.955400,On or near ,E01033067,York 013F,Suspect charged
91b3e6120bb23066f547013ab22f7f373be858bfe25fbe6f257839bae7bca595,2025-01,North Yorkshire Police,North Yorkshire Police,-1.072431,53.955400,On or near ,E01033067,York 013F,Suspect charged
340c6968b5f5fb64bc3d437d5e827d9d98efdc6edf6d128c6f2296389f4c86b1,2025-01,North Yorkshire Police,North Yorkshire Police,-0.400290,54.284303,On or near Elder's Street,E01027806,Scarborough 006B,Unable to prosecute suspect
340c6968b5f5fb64bc3d437d5e827d9d98efdc6edf6d128c6f2296389f4c86b1,2025-01,North Yorkshire Police,North Yorkshire Police,-0.400290,54.284303,On or near Elder's Street,E01027806,Scarborough 006B,Unable to prosecute suspect
6457733ac27f22e88d5fcc6b06e3688589db33f579e40d38b668ac45006cad73,2025-01,North Yorkshire Police,North Yorkshire Police,-0.427459,54.271160,On or near Lightfoots Close,E01027824,Scarborough 009A,Investigation complete; no suspect identified
1ece2488aeaad18b17644b69b3ecf6d3bce7fdf4497fe6c95e0b17edea5bf12b,2025-01,North Yorkshire Police,North Yorkshire Police,-1.073219,53.976417,On or near Mallard Landings,E01013386,York 010E,Investigation complete; no suspect identified
ed5cbefd8b8df709451ec9d91ed4a9a5eec97492eece9bc0a3901b12c40f00ba,2025-01,North Yorkshire Police,North Yorkshire Police,-1.353125,54.150427,On or near Church Lane,E01027737,Harrogate 003D,Investigation complete; no suspect identified
1ff63861a4a80af66a32d163a5d5af2eb171bfe41e91bf6f826bc26e00221b9b,2025-01,North Yorkshire Police,North Yorkshire Police,-1.418829,54.339031,On or near Bankhead Close,E01027609,Hambleton 012D,Further investigation is not in the public interest
513fcb7c0dc4cfebf910fc47e30c057be554ad8aef97861528f3d2c016e238ac,2025-01,North Yorkshire Police,North Yorkshire Police,-1.437882,54.346059,On or near Shopping Area,E01034961,Hambleton 012A,Investigation complete; no suspect identified
3fceb04c7b5272d0268734c76ee71f6a72024492e4a8604fce43a2b07a31b981,2025-01,North Yorkshire Police,North Yorkshire Police,-1.058722,53.951264,On or near Garrow Hill,E01013403,York 015F,Investigation complete; no suspect identified
fb798b038fb419a951c1287a78ef1deca18fb359d8018440b92b5920c8d9acb2,2025-01,North Yorkshire Police,North Yorkshire Police,-0.412142,54.289407,On or near ,E01027849,Scarborough 007A,Further action is not in the public interest
fb798b038fb419a951c1287a78ef1deca18fb359d8018440b92b5920c8d9acb2,2025-01,North Yorkshire Police,North Yorkshire Police,-0.412142,54.289407,On or near ,E01027849,Scarborough 007A,Further action is not in the public interest
754f5c504e3cdde7bf079426bcfb15abb4fb73c0067432f9f5b451f94a49898b,2025-01,North Yorkshire Police,North Yorkshire Police,-1.061499,53.787350,On or near Bank Road,E01027878,Selby 005A,Unable to prosecute suspect
69614bdb9575d16453f1283877449342304cda2694ad92f1f9daf54996ca3260,2025-01,North Yorkshire Police,North Yorkshire Police,-1.068879,53.958399,On or near Supermarket,E01033067,York 013F,Investigation complete; no suspect identified
ef3331c5cfda6dd6a5b00b3d0f1e181b2c898313002c6c0f3fd6460249a11487,2025-01,North Yorkshire Police,North Yorkshire Police,-1.079183,53.959053,On or near Whip-Ma-Whop-Ma-Gate,E01033067,York 013F,Unable to prosecute suspect
d2325708fa448e63d91aee97922ba13be12239abdf516de7fde4317e186899c3,2025-01,North Yorkshire Police,North Yorkshire Police,-0.401495,54.280957,On or near Vernon Place,E01027804,Scarborough 010A,Local resolution
d2325708fa448e63d91aee97922ba13be12239abdf516de7fde4317e186899c3,2025-01,North Yorkshire Police,North Yorkshire Police,-0.401495,54.280957,On or near Vernon Place,E01027804,Scarborough 010A,Local resolution
ba03734b660735761b75b7f661512f728616748757653bb31ed9d42c59ed1f66,2025-01,North Yorkshire Police,North Yorkshire Police,-1.106167,53.942288,On or near Ainsty Grove,E01013358,York 021B,Unable to prosecute suspect
3e3068dc417f74b750fc987685b977d2e62b71eb64f4d0e4f02ff6b06e19cfb8,2025-01,North Yorkshire Police,North Yorkshire Police,-0.395598,54.240206,On or near Wesley Court,E01027818,Scarborough 011D,Investigation complete; no suspect identified
31d7f1eea352905733b73946cb55d9776f5ca5c89ffb086df63382a2d6c79f96,2025-01,North Yorkshire Police,North Yorkshire Police,-1.078249,53.957159,On or near Merchantgate,E01033070,York 013I,Investigation complete; no suspect identified
7054137add300050235f2bc7b7350633bf170c362ad9f9be409abbbb2e3bea9a,2025-01,North Yorkshire Police,North Yorkshire Police,-0.616159,54.480968,On or near Oswy Street,E01027865,Scarborough 003C,Unable to prosecute suspect
7054137add300050235f2bc7b7350633bf170c362ad9f9be409abbbb2e3bea9a,2025-01,North Yorkshire Police,North Yorkshire Police,-0.616159,54.480968,On or near Oswy Street,E01027865,Scarborough 003C,Unable to prosecute suspect
c69a4edafc6a0c373baf099243362662c433f0a5783b960aeb1ccc58cbf1200e,2025-01,North Yorkshire Police,North Yorkshire Police,-1.215346,54.429991,On or near Alum House Lane,E01027627,Hambleton 002E,Investigation complete; no suspect identified
3dd35279c1459c63a25b2c6aa9ddbf0c99b92836b45e4ec921edbb475b7b8d42,2025-01,North Yorkshire Police,North Yorkshire Police,-1.062349,53.775267,On or near Sports/Recreation Area,E01034982,Selby 005J,Investigation complete; no suspect identified
fe8acac1b5d47e829354c1dc6145256f807c76f871d55ceb2581ec352ee22fad,2025-01,North Yorkshire Police,North Yorkshire Police,-1.077481,53.922228,On or near Shopping Mall,E01034762,York 023E,Investigation complete; no suspect identified
d01838a02fcccfd56bf9a44fec7a6ae1fe09ae53502b49ebe44a716e034256d5,2025-01,North Yorkshire Police,North Yorkshire Police,-1.431371,54.345229,On or near Winston Court,E01034961,Hambleton 012A,Investigation complete; no suspect identified
dda327eb37c6be7aae97cbc1cd5d21175d8919b53e3764f50ddfc0a7e7d86426,2025-01,North Yorkshire Police,North Yorkshire Police,-2.018279,53.950598,On or near Bold Venture Street,E01027582,Craven 006D,Investigation complete; no suspect identified
4807b04f5e7ad1240d764005aef814928058d70f727ee5ab0c55e040b3a0f374,2025-01,North Yorkshire Police,North Yorkshire Police,-0.796126,54.133987,On or near Carpenters Yard,E01034970,Ryedale 009D,Investigation complete; no suspect identified
44ad7a13c5e23b9b47b3369f9084ea68db44dc9b969f8d0b653788c3a88e2d6a,2025-01,North Yorkshire Police,North Yorkshire Police,-1.073219,53.976417,On or near Mallard Landings,E01013386,York 010E,Investigation complete; no suspect identified
e6d16216661504b3601a5ce1697077988c81294b6df644007008d02acb2f4e7d,2025-01,North Yorkshire Police,North Yorkshire Police,-1.121477,53.940162,On or near Farmlands Road,E01013359,York 022E,Investigation complete; no suspect identified
c057c38fd3cd52c267c6e2e2613c8fb51fc58782e96e230677bb7e5e4d19f326,2025-01,North Yorkshire Police,North Yorkshire Police,-1.184695,54.126055,On or near Cedar Place,E01027596,Hambleton 010C,Investigation complete; no suspect identified
d0e55c981ab38cb26f3d2e23f744af9e089fc024abaf2500c06744d32c9a01f0,2025-01,North Yorkshire Police,North Yorkshire Police,-0.687235,54.274959,On or near Parking Area,E01027802,Ryedale 002F,Unable to prosecute suspect
33dd0d3d85271ca8090c471d9e9fedfb84f9179894035f6f88b8df8ee5901aeb,2025-01,North Yorkshire Police,North Yorkshire Police,-1.569462,53.978438,On or near ,E01027719,Harrogate 020G,Suspect charged
33dd0d3d85271ca8090c471d9e9fedfb84f9179894035f6f88b8df8ee5901aeb,2025-01,North Yorkshire Police,North Yorkshire Police,-1.569462,53.978438,On or near ,E01027719,Harrogate 020G,Suspect charged
3701eadfc2df0398bc66a115e3b2745650888d8b173ed461e88b641ad8f5c702,2025-01,North Yorkshire Police,North Yorkshire Police,-0.413580,54.276263,On or near Avenue Road,E01027862,Scarborough 008E,Investigation complete; no suspect identified
833ce761b27146753ba91c660a26da0a79b256a3ab6921aa54511995822cb7f9,2025-01,North Yorkshire Police,North Yorkshire Police,-0.403378,54.279263,On or near Bus/Coach Station,E01027804,Scarborough 010A,Unable to prosecute suspect
833ce761b27146753ba91c660a26da0a79b256a3ab6921aa54511995822cb7f9,2025-01,North Yorkshire Police,North Yorkshire Police,-0.403378,54.279263,On or near Bus/Coach Station,E01027804,Scarborough 010A,Unable to prosecute suspect
0fa5411eb7fe7bf4ed63285fd8d0e1a0c63a25def00664dba332406ae7fe0787,2025-01,North Yorkshire Police,North Yorkshire Police,-1.434285,54.337981,On or near Shopping Area,E01027608,Hambleton 013B,Investigation complete; no suspect identified
10a82e9df1eec6f3e4fc0e442bb8a32a4a6bff40488d7fe8f50e147930cca5a1,2025-01,North Yorkshire Police,North Yorkshire Police,-1.081757,53.968124,On or near Supermarket,E01013366,York 013A,Unable to prosecute suspect
c61aea049688e4527fb171b16d8ea3ebfd177d8f97a0c2a44a01bd5010d81501,2025-01,North Yorkshire Police,North Yorkshire Police,-1.085007,53.979806,On or near St Josephs Court,E01013350,York 009E,Investigation complete; no suspect identified
dd49d4654dead4af079f10e6aba3b8795b4d8d8eb1188ae451d2ed8fca0242fa,2025-01,North Yorkshire Police,North Yorkshire Police,-1.560653,54.429951,On or near Silver Hill,E01027751,Richmondshire 001B,Investigation complete; no suspect identified
8a7612df881fc963a26136ba464639d19814c388e81cd564b306283929fbd3eb,2025-01,North Yorkshire Police,North Yorkshire Police,-0.407453,54.272263,On or near Garlands Hill,E01027853,Scarborough 010C,Investigation complete; no suspect identified
388d12b235f29b8925de3ef59ed265a11613f21de87f01aedba46383ad05c18e,2025-01,North Yorkshire Police,North Yorkshire Police,-1.079765,53.787060,On or near Haig Street,E01027907,Selby 005C,Unable to prosecute suspect
388d12b235f29b8925de3ef59ed265a11613f21de87f01aedba46383ad05c18e,2025-01,North Yorkshire Police,North Yorkshire Police,-1.079765,53.787060,On or near Haig Street,E01027907,Selby 005C,Unable to prosecute suspect
a346465c3683bf66d108fa0ec2ffd8555e36d00a884f13e47bea8a61d2ca9fb4,2025-01,North Yorkshire Police,North Yorkshire Police,-1.113866,53.940592,On or near Eason Road,E01013358,York 021B,Unable to prosecute suspect
0a47736cf47e34741d8a3d5a9450f79cda70a26ffc91cb010957fe50264c8a4b,2025-01,North Yorkshire Police,North Yorkshire Police,-0.552627,54.251146,On or near Low Lane,E01027815,Scarborough 013B,Investigation complete; no suspect identified
65945d84be2ac189e61aa1d957b2cd7bcbcf6680dc3d816882cb63b408d3044d,2025-01,North Yorkshire Police,North Yorkshire Police,-1.071913,53.959725,On or near A1036,E01013383,York 010D,Investigation complete; no suspect identified
0c1931808a50cf245a0f373513d2ea3129c83ea389119e02f9fcd2211d5b0e24,2025-01,North Yorkshire Police,North Yorkshire Police,-1.084983,53.957273,On or near Bridge Street,E01033068,York 013G,Investigation complete; no suspect identified
c41ccf822cb643674ac3dc4f0fa430164b3a84194c603cb1e54348c9e7ae9238,2025-01,North Yorkshire Police,North Yorkshire Police,-1.133246,54.488423,On or near Supermarket,E01027597,Hambleton 001B,Investigation complete; no suspect identified
28775cfb2f933bab61e3d2ac1b5da331817ec41f6843f859386930a5fe751b0c,2025-01,North Yorkshire Police,North Yorkshire Police,-1.514429,53.996589,On or near Leyland Road,E01027650,Harrogate 014B,Investigation complete; no suspect identified
28775cfb2f933bab61e3d2ac1b5da331817ec41f6843f859386930a5fe751b0c,2025-01,North Yorkshire Police,North Yorkshire Police,-1.514429,53.996589,On or near Leyland Road,E01027650,Harrogate 014B,Investigation complete; no suspect identified
767e90a1f4d86b0f9f84e17c3d6ac0c7110237decef53e4a6035603e456181c0,2025-01,North Yorkshire Police,North Yorkshire Police,-1.347454,54.230683,On or near Supermarket,E01027620,Hambleton 008A,Investigation complete; no suspect identified
c9b05d8bfd14c0d451a44dc7a099c83859e439b20d8bde7805166454d5314d46,2025-01,North Yorkshire Police,North Yorkshire Police,-1.246346,53.776960,On or near Cornmill Court,E01034978,Selby 004I,Action to be taken by another organisation
74665b1dfc1a01280f776228579b204adf5a57ce08d6007c60ee14344edcf6b5,2025-01,North Yorkshire Police,North Yorkshire Police,-1.517573,53.993807,On or near Hospital,E01027649,Harrogate 013A,Investigation complete; no suspect identified
5bf09d8a4dee928482ce40af24404c3431f9708e56a0db08ee0baae0d30c65ee,2025-01,North Yorkshire Police,North Yorkshire Police,-1.098309,53.993459,On or near ,E01013431,York 006D,Unable to prosecute suspect
e0e5915111d659cbb29f8a740b37f1649026eec62d2443f27cc8fe34ba0a52d0,2025-01,North Yorkshire Police,North Yorkshire Police,-0.600439,54.471215,On or near Supermarket,E01027866,Scarborough 003D,Investigation complete; no suspect identified
acb76fb53907a8f2f53c0e67759bd67b524134324c06d9d25eec3fab37ed7cd6,2025-01,North Yorkshire Police,North Yorkshire Police,-1.046768,53.989425,On or near ,E01013409,York 005C,Investigation complete; no suspect identified
3d7ad280613addaf107fbce0b32cf0078e8a0fd58955b874f7c6ffcc8d840d8c,2025-01,North Yorkshire Police,North Yorkshire Police,-1.522805,54.135203,On or near Duck Hill,E01027706,Harrogate 004B,Suspect charged
3d7ad280613addaf107fbce0b32cf0078e8a0fd58955b874f7c6ffcc8d840d8c,2025-01,North Yorkshire Police,North Yorkshire Police,-1.522805,54.135203,On or near Duck Hill,E01027706,Harrogate 004B,Suspect charged
ab07e7c51aea4c904a98c393b75180fc2dd62011a2888500246abde188a41222,2025-01,North Yorkshire Police,North Yorkshire Police,-1.083246,53.958528,On or near ,E01013366,York 013A,Unable to prosecute suspect
fce2df2dbf1c7aaa5394a41ee384de07ab8c49a314dd2f0b65ca7be035ae41b2,2025-01,North Yorkshire Police,North Yorkshire Police,-1.083246,53.958528,On or near ,E01013366,York 013A,Unable to prosecute suspect
c76202b019e58ec5c01b1f0a4d25779cb644faf699f2085f60fe3909ccbdc758,2025-01,North Yorkshire Police,North Yorkshire Police,-0.964601,53.896920,On or near Dalton Hill,E01013452,York 020D,Investigation complete; no suspect identified
e3061d9f3e788d1441ca8264c5560855439d41805ea506f3e846364666be407b,2025-01,North Yorkshire Police,North Yorkshire Police,-1.348825,54.249797,On or near Church Farm,E01027637,Hambleton 008E,Investigation complete; no suspect identified
be22f6d32f84b5ac24e5eb3121fa7dffa1aabfb3963dfe51d59d1369dcb52823,2025-01,North Yorkshire Police,North Yorkshire Police,-0.752555,54.165945,On or near Howe Road,E01027787,Ryedale 009A,Action to be taken by another organisation
5e138029a3645fe651ae0a587976056b1b55475d19be7ba5e94ef252eaf3b699,2025-01,North Yorkshire Police,North Yorkshire Police,-1.521112,53.929953,On or near Swindon Lane,E01027724,Harrogate 021C,Investigation complete; no suspect identified
a5de2604ba55b196425eec8da5957dc7f6a4a54a63876c231094ec8b9cac16ed,2025-01,North Yorkshire Police,North Yorkshire Police,-2.002281,53.968008,On or near The Drive,E01027576,Craven 009F,Investigation complete; no suspect identified
64ed7b29877d69146a67645c1400deb9d3cd345a9cc28be99224109380061ad7,2025-01,North Yorkshire Police,North Yorkshire Police,-1.992534,53.915394,On or near Main Street,E01027555,Craven 008A,Action to be taken by another organisation
29f317b19d0f611105705e119a0c19d041a5b278d72311413fb4733f5002f16f,2025-01,North Yorkshire Police,North Yorkshire Police,-1.091464,53.973887,On or near Crombie Avenue,E01013347,York 009C,Investigation complete; no suspect identified
c8ffba9a14e66e27e1fc74b4ed963bf8601db6a05ea22ad4c07322e6b912ac87,2025-01,North Yorkshire Police,North Yorkshire Police,-1.084041,53.964079,On or near Gillygate,E01013366,York 013A,Investigation complete; no suspect identified
a4b74086160afedd47a90c5ca0ae85cf948913b1c175cc340d2b71631207957a,2025-01,North Yorkshire Police,North Yorkshire Police,-0.417282,54.271035,On or near Mount View Close,E01027824,Scarborough 009A,Investigation complete; no suspect identified
dcefe26ab0a07d952a83e49a190c3edfa35d5a4b891a7d84f223a13ac06c15a1,2025-01,North Yorkshire Police,North Yorkshire Police,-0.425077,54.296404,On or near Hospital,E01027845,Scarborough 005D,Unable to prosecute suspect
dcefe26ab0a07d952a83e49a190c3edfa35d5a4b891a7d84f223a13ac06c15a1,2025-01,North Yorkshire Police,North Yorkshire Police,-0.425077,54.296404,On or near Hospital,E01027845,Scarborough 005D,Unable to prosecute suspect
ca66f77c909f542cc6404cce23f20a2c6118b74a432064ecc4f4b3e21fadb05e,2025-01,North Yorkshire Police,North Yorkshire Police,-0.475263,54.250831,On or near Seamer Road,E01027816,Scarborough 013C,Unable to prosecute suspect
ca66f77c909f542cc6404cce23f20a2c6118b74a432064ecc4f4b3e21fadb05e,2025-01,North Yorkshire Police,North Yorkshire Police,-0.475263,54.250831,On or near Seamer Road,E01027816,Scarborough 013C,Unable to prosecute suspect
cda3fa62d690035b88f73a9cf96e12300829de6269d33e31c64b4c2ae33ae7a6,2025-01,North Yorkshire Police,North Yorkshire Police,-1.356200,53.945990,On or near Montagu Way,E01027703,Harrogate 016E,Investigation complete; no suspect identified
6d075d153af1f5cf9c524d6f9bcfba62de3a4a540ae86e6ae7c74060cf5d2b52,2025-01,North Yorkshire Police,North Yorkshire Police,-0.600439,54.471215,On or near Supermarket,E01027866,Scarborough 003D,Investigation complete; no suspect identified
6d075d153af1f5cf9c524d6f9bcfba62de3a4a540ae86e6ae7c74060cf5d2b52,2025-01,North Yorkshire Police,North Yorkshire Police,-0.600439,54.471215,On or near Supermarket,E01027866,Scarborough 003D,Investigation complete; no suspect identified
2db9278d3a21d61b599b94c0bd6c49bef730e7a95f7ee5e31c443d4d1b9396e4,2025-01,North Yorkshire Police,North Yorkshire Police,-0.600439,54.471215,On or near Supermarket,E01027866,Scarborough 003D,Investigation complete; no suspect identified
f2a211294282f50de8c87e511317078e983c0637179a6f67fc80648c123c58d1,2025-01,North Yorkshire Police,North Yorkshire Police,-2.105577,53.982504,On or near Riverside,E01027563,Craven 007C,Investigation complete; no suspect identified
090269526a1e51487e3e9fce391f69a4c50d19ba6ee52aa053223c756643e1fa,2025-01,North Yorkshire Police,North Yorkshire Police,-1.080242,53.958346,On or near ,E01033070,York 013I,Investigation complete; no suspect identified
b3780e420b37cfc0aa5064f9db89dfc4fdf2dc6d565e89146164d4d081e50b7f,2025-01,North Yorkshire Police,North Yorkshire Police,-1.469712,54.010412,On or near Stead's Yard,E01027669,Harrogate 009B,Unable to prosecute suspect
b3780e420b37cfc0aa5064f9db89dfc4fdf2dc6d565e89146164d4d081e50b7f,2025-01,North Yorkshire Police,North Yorkshire Police,-1.469712,54.010412,On or near Stead's Yard,E01027669,Harrogate 009B,Unable to prosecute suspect
e18c0e27a1b49d9bd71255bd801429d142cbb70bca14ae778a9675adc51e2c37,2025-01,North Yorkshire Police,North Yorkshire Police,-2.024694,53.951720,On or near Willow Way,E01027582,Craven 006D,Unable to prosecute suspect
e18c0e27a1b49d9bd71255bd801429d142cbb70bca14ae778a9675adc51e2c37,2025-01,North Yorkshire Police,North Yorkshire Police,-2.024694,53.951720,On or near Willow Way,E01027582,Craven 006D,Unable to prosecute suspect
08d2108f39ba173f684ff08354b722e96da9c37d013e6910f3ead0f442ce1e4e,2025-01,North Yorkshire Police,North Yorkshire Police,-1.048285,53.982728,On or near ,E01013409,York 005C,Investigation complete; no suspect identified
edf20e2c069482a2881a8a004ca71e67f231c5a4b43c3b25be02a65f988e2b1f,2025-01,North Yorkshire Police,North Yorkshire Police,-1.063649,53.954421,On or near Milton Street,E01013363,York 019D,Investigation complete; no suspect identified
3ac5098aaeb207709d14ee59c60c29503b5b8f497eaa75cf045208ea651edecb,2025-01,North Yorkshire Police,North Yorkshire Police,-1.077488,53.961242,On or near Aldwark,E01013369,York 013C,Investigation complete; no suspect identified
21a75beea5c004b74106b8a92f2795d3d42742c9c50d522600e10baff31585bb,2025-01,North Yorkshire Police,North Yorkshire Police,-1.075588,53.788565,On or near Elizabeth Court,E01027907,Selby 005C,Investigation complete; no suspect identified
cc517c8fcb8c61ee822e1c2042d18266fd600594ea7db12700bdb37f1ff6b0c8,2025-01,North Yorkshire Police,North Yorkshire Police,-1.534535,53.996489,On or near Petrol Station,E01027659,Harrogate 015C,Unable to prosecute suspect
cc517c8fcb8c61ee822e1c2042d18266fd600594ea7db12700bdb37f1ff6b0c8,2025-01,North Yorkshire Police,North Yorkshire Police,-1.534535,53.996489,On or near Petrol Station,E01027659,Harrogate 015C,Unable to prosecute suspect
c0936f835dda26f4fd2095129dd964de6a100fe0ddd38fc14c07b83a57cf71c8,2025-01,North Yorkshire Police,North Yorkshire Police,-0.396292,54.281822,On or near ,E01027806,Scarborough 006B,Investigation complete; no suspect identified
883803a4feb173c864e2ef162c7ca7ead4059a67093086ae5d2b760b4817ef11,2025-01,North Yorkshire Police,North Yorkshire Police,-1.083276,53.972558,On or near Murrough Wilson Place,E01013350,York 009E,Investigation complete; no suspect identified
a3980d97e2b0030e6f3db976671ad5fb864d4b878699d9dd399fbbcabc138d17,2025-01,North Yorkshire Police,North Yorkshire Police,-0.413295,54.280097,On or near Wooler Street,E01027811,Scarborough 008B,Investigation complete; no suspect identified
4b415514bbd05b629d40f2db8c4a27c73b530f6f68c456fe54f650ab87318f33,2025-01,North Yorkshire Police,North Yorkshire Police,-1.423838,54.344879,On or near Crossbeck Road,E01027612,Hambleton 013A,Unable to prosecute suspect
275e42ffa5fb2915ffa3bef958bf80a9ce3b009c7586b1ad8a7ac901d433a2db,2025-01,North Yorkshire Police,North Yorkshire Police,-0.397827,54.283650,On or near Shopping Area,E01027806,Scarborough 006B,Investigation complete; no suspect identified
666f3e5815bcdf1b41d0d8bdc5d6c9a167796700fc02137bb9361b3570dfde7b,2025-01,North Yorkshire Police,North Yorkshire Police,-1.523357,54.137776,On or near Nightclub,E01027706,Harrogate 004B,Investigation complete; no suspect identified
8b187dad7feefbb9c1246a56acc0d6aaa942cebc965c2db7efdec86b55ed480b,2025-01,North Yorkshire Police,North Yorkshire Police,-1.362479,54.059747,On or near Reas Lane,E01027647,Harrogate 005C,Unable to prosecute suspect
328b1ea767862b622b2b6cd2092d15a3adef860ab6174522b3abb44f0ddc7050,2025-01,North Yorkshire Police,North Yorkshire Police,-0.400186,54.239809,On or near Lowfield,E01027817,Scarborough 012A,Unable to prosecute suspect
f4ef22fcd162e87d749a3fe0b97ec0395417f187fc4ae2e7010b7b310f6b1c01,2025-01,North Yorkshire Police,North Yorkshire Police,-1.055820,53.957632,On or near Burlington Avenue,E01013399,York 015C,Further action is not in the public interest
f4ef22fcd162e87d749a3fe0b97ec0395417f187fc4ae2e7010b7b310f6b1c01,2025-01,North Yorkshire Police,North Yorkshire Police,-1.055820,53.957632,On or near Burlington Avenue,E01013399,York 015C,Further action is not in the public interest
9757eea8ab85dc2d70180e1c8a2d47c57d7fbdc4ed439758063baabf12da62e0,2025-01,North Yorkshire Police,North Yorkshire Police,-1.085007,53.979806,On or near St Josephs Court,E01013350,York 009E,Investigation complete; no suspect identified
02f5d711bbf349fe962612a089dc583bafeec6e812e9c7eab5dda7f1bba99432,2025-01,North Yorkshire Police,North Yorkshire Police,-1.097861,53.974178,On or near Elston Close,E01013428,York 006A,Investigation complete; no suspect identified
fdcf05198eaa3173c0cc012f336a8feac6a4b26c55aa4ff11c977aa50ee761ad,2025-01,North Yorkshire Police,North Yorkshire Police,-1.999119,54.433535,On or near Stang Lane,E01027764,Richmondshire 005D,Investigation complete; no suspect identified
f99c5a4624ecf25737dac483a932b7921a1e5d74a58bafbf45a7a86bc8b9fd0b,2025-01,North Yorkshire Police,North Yorkshire Police,-1.067267,53.983517,On or near Bramble Grove,E01013405,York 005A,Suspect charged
4db1cb83580ab6237c82c8c79034b1e6f8e33ed2e32f96522c870437b65ff8ae,2025-01,North Yorkshire Police,North Yorkshire Police,-1.347454,54.230683,On or near Supermarket,E01027620,Hambleton 008A,Investigation complete; no suspect identified
d89365224602bf4f578e8c8f01aa5ae063898b7c05b361da201949cfeb6c5f05,2025-01,North Yorkshire Police,North Yorkshire Police,-1.121750,53.986606,On or near Eccles Close,E01013432,York 007C,Investigation complete; no suspect identified
a9040b1f3007a113d26e93cefe8ff911dbde5314f58824da5fb8cde915c1d74c,2025-01,North Yorkshire Police,North Yorkshire Police,-1.459748,54.013945,On or near Halfpenny Close,E01027676,Harrogate 009D,Investigation complete; no suspect identified
a9d1dc0bfd5c7b0acdfe2f799b4b29fe2f1ee2424ab849dae30061fed91e4bcc,2025-01,North Yorkshire Police,North Yorkshire Police,-1.133456,53.947979,On or near Cornlands Road,E01013446,York 018D,Investigation complete; no suspect identified
25cf64e85af76e1431051983f8adb05a4ea99ac37eee5cf10688d01664e44ac8,2025-01,North Yorkshire Police,North Yorkshire Police,-1.245179,54.082481,On or near Jack Hole,E01027634,Hambleton 011C,Unable to prosecute suspect
25cf64e85af76e1431051983f8adb05a4ea99ac37eee5cf10688d01664e44ac8,2025-01,North Yorkshire Police,North Yorkshire Police,-1.245179,54.082481,On or near Jack Hole,E01027634,Hambleton 011C,Unable to prosecute suspect
e51fe66b2c4a388e33418848e2195d8f89adc7d8f22055faca32d91c0d5504a1,2025-01,North Yorkshire Police,North Yorkshire Police,-1.080242,53.958346,On or near ,E01033070,York 013I,Suspect charged
e51fe66b2c4a388e33418848e2195d8f89adc7d8f22055faca32d91c0d5504a1,2025-01,North Yorkshire Police,North Yorkshire Police,-1.080242,53.958346,On or near ,E01033070,York 013I,Suspect charged
931f49dd7381b45ab4eeb2d5284a12ef656d7fd69ef4e401b33f2390365b67c5,2025-01,North Yorkshire Police,North Yorkshire Police,-0.612250,54.487907,On or near Market Place,E01027865,Scarborough 003C,Investigation complete; no suspect identified
e6ca193bb353b5a549dda5dd84215dac84886ceea7e545fa63359c01ad1da744,2025-01,North Yorkshire Police,North Yorkshire Police,-1.096540,53.977458,On or near Rainsborough Way,E01013428,York 006A,Investigation complete; no suspect identified
5dd8bb3b29a9ee9b36f540810425cb68f58584ae6bb12d5dbc16cb2b5ee599e2,2025-01,North Yorkshire Police,North Yorkshire Police,-0.416077,54.272026,On or near Salisbury Street,E01027825,Scarborough 009B,Investigation complete; no suspect identified
9c5aed3e4463ecc483757c5757a8a451074a543fa59cee96d10eaedfaab7c53c,2025-01,North Yorkshire Police,North Yorkshire Police,-1.079203,53.773869,On or near The Mount,E01027882,Selby 007C,Investigation complete; no suspect identified
ffec426426c2c121fb54edefe359f3277b10e49fc4baf3da76e4b6fc446c5841,2025-01,North Yorkshire Police,North Yorkshire Police,-1.263381,53.724403,On or near Park Gardens,E01027892,Selby 009B,Unable to prosecute suspect
ddfe7f87371c486eb1ee5148f14d49b655a4de7164ac4cfb97a57feb8f4d4cce,2025-01,North Yorkshire Police,North Yorkshire Police,-1.594004,54.233769,On or near Well Lane,E01027628,Hambleton 007B,Unable to prosecute suspect
ddfe7f87371c486eb1ee5148f14d49b655a4de7164ac4cfb97a57feb8f4d4cce,2025-01,North Yorkshire Police,North Yorkshire Police,-1.594004,54.233769,On or near Well Lane,E01027628,Hambleton 007B,Unable to prosecute suspect
869bd844187bb4e9d1be1a3e99c7f6cf3673b57c57b830855c612a1a7ef393a6,2025-01,North Yorkshire Police,North Yorkshire Police,-1.521506,54.136348,On or near Parking Area,E01027706,Harrogate 004B,Unable to prosecute suspect
cc554d5148315fbbef906a08fb24283412e644d4549ad5a3d1bd1116ddaffe67,2025-01,North Yorkshire Police,North Yorkshire Police,-1.095256,53.969871,On or near Abbey Street,E01013346,York 007B,Investigation complete; no suspect identified
dfe52240bef945ae1e6556b2bc4bc17b0825f077e3c056f42c24c80ea677df8c,2025-01,North Yorkshire Police,North Yorkshire Police,-0.385691,54.247121,On or near Howgate Drive,E01027818,Scarborough 011D,Investigation complete; no suspect identified
35b61fd370dabd35fd4e91ee2cc20e6d6f6d86aeeb9fa061575a36d67b679035,2025-01,North Yorkshire Police,North Yorkshire Police,-1.079084,53.960778,On or near Granary Court,E01013369,York 013C,Unable to prosecute suspect
35b61fd370dabd35fd4e91ee2cc20e6d6f6d86aeeb9fa061575a36d67b679035,2025-01,North Yorkshire Police,North Yorkshire Police,-1.079084,53.960778,On or near Granary Court,E01013369,York 013C,Unable to prosecute suspect
35b61fd370dabd35fd4e91ee2cc20e6d6f6d86aeeb9fa061575a36d67b679035,2025-01,North Yorkshire Police,North Yorkshire Police,-1.079084,53.960778,On or near Granary Court,E01013369,York 013C,Unable to prosecute suspect
eee458d12561ce9ef4039a4a83de1c51bb1aa896f11a04d962b86e9d9bd2cc26,2025-01,North Yorkshire Police,North Yorkshire Police,-1.443179,53.999938,On or near Shopping Area,E01027671,Harrogate 012B,Suspect charged
eee458d12561ce9ef4039a4a83de1c51bb1aa896f11a04d962b86e9d9bd2cc26,2025-01,North Yorkshire Police,North Yorkshire Police,-1.443179,53.999938,On or near Shopping Area,E01027671,Harrogate 012B,Suspect charged
eee458d12561ce9ef4039a4a83de1c51bb1aa896f11a04d962b86e9d9bd2cc26,2025-01,North Yorkshire Police,North Yorkshire Police,-1.443179,53.999938,On or near Shopping Area,E01027671,Harrogate 012B,Suspect charged
eee458d12561ce9ef4039a4a83de1c51bb1aa896f11a04d962b86e9d9bd2cc26,2025-01,North Yorkshire Police,North Yorkshire Police,-1.443179,53.999938,On or near Shopping Area,E01027671,Harrogate 012B,Suspect charged
3803bb2c135d8fcf817e22403c2203e5254df1638ccb0ff7f6306bf9517860f0,2025-01,North Yorkshire Police,North Yorkshire Police,-2.004688,53.957160,On or near Whinny Gill Road,E01027579,Craven 005D,Unable to prosecute suspect
3803bb2c135d8fcf817e22403c2203e5254df1638ccb0ff7f6306bf9517860f0,2025-01,North Yorkshire Police,North Yorkshire Police,-2.004688,53.957160,On or near Whinny Gill Road,E01027579,Craven 005D,Unable to prosecute suspect
2c61d0f9184413bc13ffc0a1f37d917d514768d2d6221e15c7e6b3a00e8ca2f2,2025-01,North Yorkshire Police,North Yorkshire Police,-1.068316,53.962448,On or near Faber Street,E01013383,York 010D,Investigation complete; no suspect identified
06dab598ba31f91b6e264518fc8c8e418af59a97a58e810ea77b2c50c94c9c8e,2025-01,North Yorkshire Police,North Yorkshire Police,-1.079597,53.956836,On or near Shopping Area,E01033070,York 013I,Local resolution
06dab598ba31f91b6e264518fc8c8e418af59a97a58e810ea77b2c50c94c9c8e,2025-01,North Yorkshire Police,North Yorkshire Police,-1.079597,53.956836,On or near Shopping Area,E01033070,York 013I,Local resolution
cf6a1d9daebbd2e0f53da0eadd43102e19fd27bbadbad5423263b377442be4b5,2025-01,North Yorkshire Police,North Yorkshire Police,-1.532502,53.990136,On or near Princes Villa Road,E01027656,Harrogate 019A,Investigation complete; no suspect identified
4f0c0a196571ac9f2e1b5cec276cd42dc3a02c7f08c3b2853b845bcdab45c2c1,2025-01,North Yorkshire Police,North Yorkshire Police,-1.260209,53.724645,On or near Byram Park Road,E01027892,Selby 009B,Investigation complete; no suspect identified
665ffdc850c823173160a9b78da3a5c5e6047612f7316239c8f150092973593c,2025-01,North Yorkshire Police,North Yorkshire Police,-2.021680,53.957553,On or near Supermarket,E01027582,Craven 006D,Unable to prosecute suspect
503f0af7bb9729b02ad3bc00a18c1a154252026f7e0408882a00c8ddfa360769,2025-01,North Yorkshire Police,North Yorkshire Police,-1.536187,53.996136,On or near Supermarket,E01027659,Harrogate 015C,Unable to prosecute suspect
8c3aec275f5dfe7482caf26f8413a3f34ed1845bab2325971019c556aab25172,2025-01,North Yorkshire Police,North Yorkshire Police,-0.406413,54.286856,On or near Trafalgar Road,E01027847,Scarborough 006D,Investigation complete; no suspect identified
da90f15ed191f2a54f0c3b481a558e8ab30331c22a361ed8622dad89b3b650ab,2025-01,North Yorkshire Police,North Yorkshire Police,-1.106698,53.978738,On or near Byron Drive,E01013434,York 007E,Investigation complete; no suspect identified
b5fa841e5b39634715ba1c7c06ae709fb772dae0a331a0b707a17f6c63d640bc,2025-01,North Yorkshire Police,North Yorkshire Police,-1.047801,53.956407,On or near ,E01013401,York 015E,Investigation complete; no suspect identified
123a0777dd2d01292c462caa3540f7d5dce04e47cdc324deb311b81249caed28,2025-01,North Yorkshire Police,North Yorkshire Police,-1.082698,53.789653,On or near Kent Road,E01027907,Selby 005C,Unable to prosecute suspect
6c11756e454dcc097465c7dee6be9a125893b54002313077c606c03391101fc9,2025-01,North Yorkshire Police,North Yorkshire Police,-1.070385,53.969475,On or near Dodsworth Avenue,E01013382,York 010C,Suspect charged
6c11756e454dcc097465c7dee6be9a125893b54002313077c606c03391101fc9,2025-01,North Yorkshire Police,North Yorkshire Police,-1.070385,53.969475,On or near Dodsworth Avenue,E01013382,York 010C,Suspect charged
0e9a692089c48359018e8b4287551b43550e47c32f84d71e8ee63fc7653a1899,2025-01,North Yorkshire Police,North Yorkshire Police,-1.133379,53.766849,On or near ,E01027893,Selby 009C,Suspect charged
0e9a692089c48359018e8b4287551b43550e47c32f84d71e8ee63fc7653a1899,2025-01,North Yorkshire Police,North Yorkshire Police,-1.133379,53.766849,On or near ,E01027893,Selby 009C,Suspect charged
0e9a692089c48359018e8b4287551b43550e47c32f84d71e8ee63fc7653a1899,2025-01,North Yorkshire Police,North Yorkshire Police,-1.133379,53.766849,On or near ,E01027893,Selby 009C,Suspect charged
5c72208c9fa00e4900a357802bd0c1c1a8c39e45c2e61edeb3debfe7462ce68a,2025-01,North Yorkshire Police,North Yorkshire Police,-0.440072,54.279216,On or near ,E01027873,Scarborough 009F,Action to be taken by another organisation
98a9ecdee7896acca942a964e2c292f3869e52766219a1f64c21c14ba55ed814,2025-01,North Yorkshire Police,North Yorkshire Police,-1.579406,54.016823,On or near Greystones Avenue,E01034964,Harrogate 008F,Unable to prosecute suspect
98a9ecdee7896acca942a964e2c292f3869e52766219a1f64c21c14ba55ed814,2025-01,North Yorkshire Police,North Yorkshire Police,-1.579406,54.016823,On or near Greystones Avenue,E01034964,Harrogate 008F,Unable to prosecute suspect
695ee53006082145d57da0893f71dc59dc1dee0c7ebb4ac18e7b9e40d073ade0,2025-01,North Yorkshire Police,North Yorkshire Police,-1.058894,53.781666,On or near The Waterfront,E01027909,Selby 005E,Suspect charged
695ee53006082145d57da0893f71dc59dc1dee0c7ebb4ac18e7b9e40d073ade0,2025-01,North Yorkshire Police,North Yorkshire Police,-1.058894,53.781666,On or near The Waterfront,E01027909,Selby 005E,Suspect charged
964111d7e8d18cdb1e7c7b43afb27e5b55096cd56600d4a31a2cda955411cf74,2025-01,North Yorkshire Police,North Yorkshire Police,-1.088139,53.953702,On or near Swann Street,E01013416,York 013E,Suspect charged
964111d7e8d18cdb1e7c7b43afb27e5b55096cd56600d4a31a2cda955411cf74,2025-01,North Yorkshire Police,North Yorkshire Police,-1.088139,53.953702,On or near Swann Street,E01013416,York 013E,Suspect charged
d1bed5febb5db773694e45baf5b298971f0cf3fae0a38c668fffc0325b3b2169,2025-01,North Yorkshire Police,North Yorkshire Police,-1.546835,54.003052,On or near Coppice View,E01027689,Harrogate 011A,Unable to prosecute suspect
e45ea33a9f38942afa6f29f787847e6af3c38e39b36eb1e36a4dafb7cf7afb24,2025-01,North Yorkshire Police,North Yorkshire Police,-1.083246,53.958528,On or near ,E01013366,York 013A,Investigation complete; no suspect identified
089e18e9d5b9a48dca48297b56f96f00fc700eb874ba24af23a35e7ba042d5d0,2025-01,North Yorkshire Police,North Yorkshire Police,-0.398815,54.280742,On or near St Nicholas Cliff,E01027804,Scarborough 010A,Investigation complete; no suspect identified
6fb0d8048262a8bfdcbd27530ececa5c01482a0b2e269532c99139e64e9062f1,2025-01,North Yorkshire Police,North Yorkshire Police,-1.158630,53.699059,On or near Parking Area,E01027889,Selby 010A,Investigation complete; no suspect identified
aeb933b2732ae3a11d89125ede649cc99737921004fbc45e81d03d45a4a4732b,2025-01,North Yorkshire Police,North Yorkshire Police,-1.044754,53.874885,On or near Sports/Recreation Area,E01027903,Selby 003F,Unable to prosecute suspect
3d11914ad0639453dadabbc8c91485cd7889a5d4ab689468ac8f27994261ace8,2025-01,North Yorkshire Police,North Yorkshire Police,-1.083212,53.959782,On or near ,E01013366,York 013A,Investigation complete; no suspect identified
80cbbecbbcba3ddb7d7d2abe07dcafd5fe8c06cc26b4d13b27214c9d54b18242,2025-01,North Yorkshire Police,North Yorkshire Police,-1.084118,53.959281,On or near ,E01033070,York 013I,Unable to prosecute suspect
1d1c0611f357a3206c7a6cca311dca896a576885085ebfb547c5862019dd7d27,2025-01,North Yorkshire Police,North Yorkshire Police,-1.082339,53.957862,On or near ,E01033070,York 013I,Investigation complete; no suspect identified
cc151714518a11344371c6548b42046e48373a809ef60d6361d813384e55fc69,2025-01,North Yorkshire Police,North Yorkshire Police,-1.458805,54.018354,On or near Hazelheads Lane,E01027675,Harrogate 007D,Unable to prosecute suspect
c630fb974c80f49b54752cabe89b4af289c82219559a35eb4acdcb5503919449,2025-01,North Yorkshire Police,North Yorkshire Police,-1.073667,54.016040,On or near Supermarket,E01013370,York 002A,Unable to prosecute suspect
3f56c1279a5f2ee99cd6b8b453147055831ce45cb87a1c520071371a6ce7617e,2025-01,North Yorkshire Police,North Yorkshire Police,-1.500657,53.998950,On or near Starbeck,E01027727,Harrogate 014D,Unable to prosecute suspect
3f56c1279a5f2ee99cd6b8b453147055831ce45cb87a1c520071371a6ce7617e,2025-01,North Yorkshire Police,North Yorkshire Police,-1.500657,53.998950,On or near Starbeck,E01027727,Harrogate 014D,Unable to prosecute suspect
94a9c5c0d2b934e78936e090e0d0b4ad0cffc23359b1e55ec802ebdbf95ebb5e,2025-01,North Yorkshire Police,North Yorkshire Police,-0.396548,54.282968,On or near Prospect Place,E01027806,Scarborough 006B,Unable to prosecute suspect
b5dcb37eed855ce3b8b0f3b8e7a3b6d7c211488bd0450868c0e44b9bcaee7850,2025-01,North Yorkshire Police,North Yorkshire Police,-0.411697,54.278108,On or near Petrol Station,E01027812,Scarborough 008C,Local resolution
7835a30a8b73a2a7a818f8bd0ca96d840702b95422099d12ee1f3953ce017328,2025-01,North Yorkshire Police,North Yorkshire Police,-2.025297,53.965264,On or near Raikeswood Road,E01027576,Craven 009F,Investigation complete; no suspect identified
1562420589f3b997ff3f996e51022aaf5e59815ff13ce12a5fdb1b9ecaa83a90,2025-01,North Yorkshire Police,North Yorkshire Police,-1.559216,54.304865,On or near Supermarket,E01027603,Hambleton 005A,Unable to prosecute suspect
9fa4a385507fd1b0fd8c773b1d899855b93038b0f74e476e97c92443f3afa591,2025-01,North Yorkshire Police,North Yorkshire Police,-1.071475,53.956109,On or near Speculation Street,E01033067,York 013F,Investigation complete; no suspect identified
6f25fa4a963f545f146be0677fca4887c86c253700032c2da2cef1b80b9bc6f7,2025-01,North Yorkshire Police,North Yorkshire Police,-1.080058,53.960121,On or near King's Square,E01033070,York 013I,Suspect charged
6f25fa4a963f545f146be0677fca4887c86c253700032c2da2cef1b80b9bc6f7,2025-01,North Yorkshire Police,North Yorkshire Police,-1.080058,53.960121,On or near King's Square,E01033070,York 013I,Suspect charged
e1a2fe1679512b7aa0004f9cb9d2cd3725e05c927596e0e4a5798ac0d3e6712f,2025-01,North Yorkshire Police,North Yorkshire Police,-1.343880,54.232551,On or near Police Station,E01027630,Hambleton 008B,Unable to prosecute suspect
39ae0663164aa50f572565b768f942ff1cacf882a54f8948c33a4436b782a4f7,2025-01,North Yorkshire Police,North Yorkshire Police,-1.632405,54.378596,On or near Queens Close,E01027748,Richmondshire 003D,Investigation complete; no suspect identified
2a8c5f369a7c68c34e2f6dc8b7a790591501aa4ace73242f1ce57a2984eaa659,2025-01,North Yorkshire Police,North Yorkshire Police,-1.085693,53.963813,On or near Bootham Row,E01013366,York 013A,Unable to prosecute suspect
2a93ee05731863c57bfa4d4239f17d451a3bfd3b31171a09764911d7ba6b6e1d,2025-01,North Yorkshire Police,North Yorkshire Police,-1.184656,54.188034,On or near Thirsk Bank,E01027636,Hambleton 009D,Investigation complete; no suspect identified
20b67530f9d0fd6ad3f3d6a429f122822cdce766076a133eb174acb6e59b92b5,2025-01,North Yorkshire Police,North Yorkshire Police,-1.051993,53.982568,On or near ,E01013409,York 005C,Investigation complete; no suspect identified
f6b4335a657bddb57355a74281d6f974f410be6e38af940d4aaaf659759aa9c3,2025-01,North Yorkshire Police,North Yorkshire Police,-0.931220,54.266658,On or near ,E01027784,Ryedale 001D,Unable to prosecute suspect
02deb6b3e1d4965cab1e71ff9379bae75612727b2a95de2d76728e546b926f5d,2025-01,North Yorkshire Police,North Yorkshire Police,-0.402884,54.281982,On or near Aberdeen Place,E01027806,Scarborough 006B,Suspect charged
02deb6b3e1d4965cab1e71ff9379bae75612727b2a95de2d76728e546b926f5d,2025-01,North Yorkshire Police,North Yorkshire Police,-0.402884,54.281982,On or near Aberdeen Place,E01027806,Scarborough 006B,Suspect charged
cf778d4f5caaf19593d434410f5b3b679e9ab55ea80db8efeeb278c0a53d6568,2025-01,North Yorkshire Police,North Yorkshire Police,-1.550823,53.984103,On or near Supermarket,E01027653,Harrogate 020A,Investigation complete; no suspect identified
c39ffedf93b483fd06981c884d87f505bced8021c2744030434d4ada67314dbd,2025-01,North Yorkshire Police,North Yorkshire Police,-1.347454,54.230683,On or near Supermarket,E01027620,Hambleton 008A,Local resolution
c39ffedf93b483fd06981c884d87f505bced8021c2744030434d4ada67314dbd,2025-01,North Yorkshire Police,North Yorkshire Police,-1.347454,54.230683,On or near Supermarket,E01027620,Hambleton 008A,Local resolution
7c0efb76db405b18283143793ce4238bfc770da8b47708817b8826c61f5c5a8b,2025-01,North Yorkshire Police,North Yorkshire Police,-1.129873,53.936368,On or near Troutbeck,E01013356,York 022D,Investigation complete; no suspect identified
1fed8fd3168cc4d46d772a41318571fd2e801b2a0d92f2ff57ecbfa3d1dccd62,2025-01,North Yorkshire Police,North Yorkshire Police,-1.085693,53.963813,On or near Bootham Row,E01013366,York 013A,Suspect charged
1fed8fd3168cc4d46d772a41318571fd2e801b2a0d92f2ff57ecbfa3d1dccd62,2025-01,North Yorkshire Police,North Yorkshire Police,-1.085693,53.963813,On or near Bootham Row,E01013366,York 013A,Suspect charged
b0b9bdcc4647f6ece0abdb1ce27739de25a7d4f0df3016f5bc2d061624e95d88,2025-01,North Yorkshire Police,North Yorkshire Police,-1.750342,54.030771,On or near Harper Lane,E01027693,Harrogate 006B,Unable to prosecute suspect
8aad3619d42bad9ab13160abb88a00781239ba1bff96e838554df358dca21e29,2025-01,North Yorkshire Police,North Yorkshire Police,-0.723383,54.228367,On or near Thornton Lane,E01027801,Ryedale 002E,Investigation complete; no suspect identified
17be5f4ede9f8c06cc6476d7236efe6bc58599a6a28d928836634306e2b8b9df,2025-01,North Yorkshire Police,North Yorkshire Police,-1.073654,53.947209,On or near Sports/Recreation Area,E01013362,York 019C,Investigation complete; no suspect identified
f885a4da4f92f5ac6d45809eecd414872e2967a4e33c153cc09e188f189dc1f7,2025-01,North Yorkshire Police,North Yorkshire Police,-1.081757,53.968124,On or near Supermarket,E01013366,York 013A,Investigation complete; no suspect identified
d84a91ac675666b666614fbcdccbcfadd573e80b54c46b5d481a74b3c2179cdd,2025-01,North Yorkshire Police,North Yorkshire Police,-1.419500,54.347087,On or near Thorntree Road,E01034961,Hambleton 012A,Investigation complete; no suspect identified
ccff2239fcfe9c072d30ac8ceed53b96748f6d8da49d6347c3822b1b57a80437,2025-01,North Yorkshire Police,North Yorkshire Police,-1.433780,54.341178,On or near Friarage Street,E01027608,Hambleton 013B,Unable to prosecute suspect
ccff2239fcfe9c072d30ac8ceed53b96748f6d8da49d6347c3822b1b57a80437,2025-01,North Yorkshire Police,North Yorkshire Police,-1.433780,54.341178,On or near Friarage Street,E01027608,Hambleton 013B,Unable to prosecute suspect
358082c06b5939bb3e05142226f9e67947674f065cbdd513a5af8895bcabe40e,2025-01,North Yorkshire Police,North Yorkshire Police,-1.533937,54.014561,On or near Milton Close,E01027641,Harrogate 008A,Unable to prosecute suspect
358082c06b5939bb3e05142226f9e67947674f065cbdd513a5af8895bcabe40e,2025-01,North Yorkshire Police,North Yorkshire Police,-1.533937,54.014561,On or near Milton Close,E01027641,Harrogate 008A,Unable to prosecute suspect
48c12a6d6fbd1241a94a9b3bdec2b9c5c2e2035567ecbf2df58055eff801cb2f,2025-01,North Yorkshire Police,North Yorkshire Police,-1.084983,53.957273,On or near Bridge Street,E01033068,York 013G,Unable to prosecute suspect
87eb34cbb2119ecd7666f9288113b01f1d18e1d5fb5457076af31d7e379dac71,2025-01,North Yorkshire Police,North Yorkshire Police,-2.018161,53.960188,On or near Swadford Street,E01034957,Craven 006F,Investigation complete; no suspect identified
53f82284baa6f42f98719ea9abd6feecc5f878bdefbcc452c2feaa79c910ea7e,2025-01,North Yorkshire Police,North Yorkshire Police,-1.125394,53.955363,On or near Cross Street,E01013441,York 016E,Investigation complete; no suspect identified
d89a79704f7ba12114a818dc625e7b30d44654b157406e7a1943fd26a8b11e90,2025-01,North Yorkshire Police,North Yorkshire Police,-1.132034,53.938657,On or near Linnet Way,E01013449,York 022F,Unable to prosecute suspect
d89a79704f7ba12114a818dc625e7b30d44654b157406e7a1943fd26a8b11e90,2025-01,North Yorkshire Police,North Yorkshire Police,-1.132034,53.938657,On or near Linnet Way,E01013449,York 022F,Unable to prosecute suspect
ae3bd7455f1559e3708902e186c0023295ea66fb244ec8fb46a8f38dee1b2fc1,2025-01,North Yorkshire Police,North Yorkshire Police,-1.064604,54.015260,On or near Linley Avenue,E01013373,York 002B,Investigation complete; no suspect identified
13c94e53c2f7e2251752b5629ac44e5c98fbae9bdbb853226ecf8d763affe964,2025-01,North Yorkshire Police,North Yorkshire Police,-1.082376,53.957280,On or near King Street,E01033070,York 013I,Unable to prosecute suspect
13c94e53c2f7e2251752b5629ac44e5c98fbae9bdbb853226ecf8d763affe964,2025-01,North Yorkshire Police,North Yorkshire Police,-1.082376,53.957280,On or near King Street,E01033070,York 013I,Unable to prosecute suspect
b5055e6767cc62893e50a2e32016cfcf650677dd1efe9946c9a2d7687b83f4cf,2025-01,North Yorkshire Police,North Yorkshire Police,-2.043153,53.942871,On or near New Street,E01027586,Craven 007D,Unable to prosecute suspect
434c5b2db6ce06804921a14930bfe773f0b8a5b047d9c5ab63abc00ff9f7576b,2025-01,North Yorkshire Police,North Yorkshire Police,-1.128066,53.941936,On or near Bradley Drive,E01013448,York 018F,Investigation complete; no suspect identified
f1d43652b189a94cba3f5e61038a9f5e26b0585979f2fb0d48fdfd0002b83b73,2025-01,North Yorkshire Police,North Yorkshire Police,-1.084601,53.960793,On or near Blake Street,E01013366,York 013A,Investigation complete; no suspect identified
f1d43652b189a94cba3f5e61038a9f5e26b0585979f2fb0d48fdfd0002b83b73,2025-01,North Yorkshire Police,North Yorkshire Police,-1.084601,53.960793,On or near Blake Street,E01013366,York 013A,Investigation complete; no suspect identified
f1d43652b189a94cba3f5e61038a9f5e26b0585979f2fb0d48fdfd0002b83b73,2025-01,North Yorkshire Police,North Yorkshire Police,-1.084601,53.960793,On or near Blake Street,E01013366,York 013A,Investigation complete; no suspect identified
bc68e03c2ec46748c7551fa0c1d9628d337bb15b89647d996b67686230b97602,2025-01,North Yorkshire Police,North Yorkshire Police,-1.122010,53.941595,On or near Highmoor Road,E01013359,York 022E,Investigation complete; no suspect identified
b10c4db1caa8d824f04c38ed11995c143b4928ce446672dba033d62b7eb2279c,2025-01,North Yorkshire Police,North Yorkshire Police,-1.133456,53.947979,On or near Cornlands Road,E01013446,York 018D,Suspect charged
b10c4db1caa8d824f04c38ed11995c143b4928ce446672dba033d62b7eb2279c,2025-01,North Yorkshire Police,North Yorkshire Police,-1.133456,53.947979,On or near Cornlands Road,E01013446,York 018D,Suspect charged
a9429839a4cf5484c27a867bd9a701b41d8d5c51b3edafb27cbf4f1d30a437fa,2025-01,North Yorkshire Police,North Yorkshire Police,-1.098639,53.950150,On or near Mount Vale,E01013417,York 017E,Unable to prosecute suspect
a9429839a4cf5484c27a867bd9a701b41d8d5c51b3edafb27cbf4f1d30a437fa,2025-01,North Yorkshire Police,North Yorkshire Police,-1.098639,53.950150,On or near Mount Vale,E01013417,York 017E,Unable to prosecute suspect
c327e628f0bc691f5cc601cb9f3f21b3dca3a7ddaa7a369489c4d619ac7fa46c,2025-01,North Yorkshire Police,North Yorkshire Police,-1.098639,53.950150,On or near Mount Vale,E01013417,York 017E,Further investigation is not in the public interest
c327e628f0bc691f5cc601cb9f3f21b3dca3a7ddaa7a369489c4d619ac7fa46c,2025-01,North Yorkshire Police,North Yorkshire Police,-1.098639,53.950150,On or near Mount Vale,E01013417,York 017E,Further investigation is not in the public interest
00241116d5c93fec9ec2d8b71ef6d8cd93d268ac49832f6ed681a190422b5c3d,2025-01,North Yorkshire Police,North Yorkshire Police,-0.390527,54.248264,On or near Badger Lane,E01027819,Scarborough 012B,Unable to prosecute suspect
00241116d5c93fec9ec2d8b71ef6d8cd93d268ac49832f6ed681a190422b5c3d,2025-01,North Yorkshire Police,North Yorkshire Police,-0.390527,54.248264,On or near Badger Lane,E01027819,Scarborough 012B,Unable to prosecute suspect
cc39656d7c0f066b7ca86002d33b072f31066699c6cf0cae0a9fa1f0ffbbd4b0,2025-01,North Yorkshire Police,North Yorkshire Police,-0.846313,54.077215,On or near Main Street,E01027778,Ryedale 007B,Investigation complete; no suspect identified
8d990886e664a8f1927d345ff4690c353bd9902b6433494bb068ca27e823a1fc,2025-01,North Yorkshire Police,North Yorkshire Police,-1.087769,53.971342,On or near Glencoe Street,E01013345,York 009B,Investigation complete; no suspect identified
90b30a99d997f27c9db4b7728ca8fc506562126abbf92aa9931d0ce13facdb2d,2025-01,North Yorkshire Police,North Yorkshire Police,-1.356146,54.221158,On or near Hedgehog Close,E01034959,Hambleton 009E,Unable to prosecute suspect
90b30a99d997f27c9db4b7728ca8fc506562126abbf92aa9931d0ce13facdb2d,2025-01,North Yorkshire Police,North Yorkshire Police,-1.356146,54.221158,On or near Hedgehog Close,E01034959,Hambleton 009E,Unable to prosecute suspect
b267820acb704a47ae93461b0e130e292beea9d2ba1b601793d22d9ed0580986,2025-01,North Yorkshire Police,North Yorkshire Police,-1.526289,53.998659,On or near County Square,E01027658,Harrogate 013D,Unable to prosecute suspect
b5c42615b16a0fba47369f1a513b8bb8e449dfd68a6f8827e9b6eab4ae0f1ac0,2025-01,North Yorkshire Police,North Yorkshire Police,-1.104071,53.991923,On or near ,E01013429,York 006B,Investigation complete; no suspect identified
bc370d8af74c6ca55f0bbb68af777d9ca798952379f58311b50345cbc8f8c7e1,2025-01,North Yorkshire Police,North Yorkshire Police,-1.555851,53.981596,On or near Hill Rise Avenue,E01027717,Harrogate 020E,Investigation complete; no suspect identified
867fc1bc72a8b3445fa162db150b33e83fa5670fe00b7e137ebeb4f1ade50693,2025-01,North Yorkshire Police,North Yorkshire Police,-1.543798,53.994745,On or near Nightclub,E01027678,Harrogate 015E,Investigation complete; no suspect identified
09ef670afb192a90ae4618007a4091b2757bc52275302eab936d8357da2b2b1b,2025-01,North Yorkshire Police,North Yorkshire Police,-0.849100,54.078653,On or near The Orchards,E01027778,Ryedale 007B,Investigation complete; no suspect identified
eada46727407bf3ddb0bc7c4c6ecc072e56f63af5575688c7c98efe210d2fde7,2025-01,North Yorkshire Police,North Yorkshire Police,-1.104071,53.991923,On or near ,E01013429,York 006B,Investigation complete; no suspect identified
61da86f2ebae4e6adab967e047e2e73a0095553a8af172b318a5d2f395f18cde,2025-01,North Yorkshire Police,North Yorkshire Police,-1.051770,53.953420,On or near Norman Street,E01013403,York 015F,Investigation complete; no suspect identified
0717c2c53d2b13c4a7d830be27a5d9482327c6598cff4d3b6844eea8cead0c0b,2025-01,North Yorkshire Police,North Yorkshire Police,-1.084285,53.968952,On or near Hospital,E01013343,York 009A,Investigation complete; no suspect identified
85439d3bfd0e1445dac4f065339ac36a7d44589ac40a51d2e022a0f71a1e8ebf,2025-01,North Yorkshire Police,North Yorkshire Police,-1.080451,53.958919,On or near Shopping Area,E01033070,York 013I,Unable to prosecute suspect
85439d3bfd0e1445dac4f065339ac36a7d44589ac40a51d2e022a0f71a1e8ebf,2025-01,North Yorkshire Police,North Yorkshire Police,-1.080451,53.958919,On or near Shopping Area,E01033070,York 013I,Unable to prosecute suspect
7cd582ed93c6ebdee0c86491295d83940a982c5b691175fefdf086d0f547169a,2025-01,North Yorkshire Police,North Yorkshire Police,-1.077481,53.922228,On or near Shopping Mall,E01034762,York 023E,Investigation complete; no suspect identified
97b59ad5405176595af961d694529a74db429a57fbd8cd06bb98cc729398acc8,2025-01,North Yorkshire Police,North Yorkshire Police,-1.087626,53.959055,On or near Parking Area,E01033068,York 013G,Unable to prosecute suspect
589fd5caf9b5120249bb13eb9a53489730725825d5182b0f92976bc6b19fb2cf,2025-01,North Yorkshire Police,North Yorkshire Police,-1.569462,53.978438,On or near ,E01027719,Harrogate 020G,Local resolution
589fd5caf9b5120249bb13eb9a53489730725825d5182b0f92976bc6b19fb2cf,2025-01,North Yorkshire Police,North Yorkshire Police,-1.569462,53.978438,On or near ,E01027719,Harrogate 020G,Local resolution
e1926c2412b303b5e0ecf7bcbc8d75c87f7c4ae1321f9fb98f8f876899388804,2025-01,North Yorkshire Police,North Yorkshire Police,-0.633413,54.493073,On or near Mulgrave Crescent,E01027871,Scarborough 001E,Unable to prosecute suspect
eb8ecc7e3e0d16f92904a850ec1d6a59cfdc114d5177061ce4c51968f08c289b,2025-01,North Yorkshire Police,North Yorkshire Police,-1.569462,53.978438,On or near ,E01027719,Harrogate 020G,Suspect charged
eb8ecc7e3e0d16f92904a850ec1d6a59cfdc114d5177061ce4c51968f08c289b,2025-01,North Yorkshire Police,North Yorkshire Police,-1.569462,53.978438,On or near ,E01027719,Harrogate 020G,Suspect charged
8cfdfda1ffd8188733a883a05a3660962ae562119d94ffeca3aa54db488e254c,2025-01,North Yorkshire Police,North Yorkshire Police,-0.777663,54.245854,On or near Market Place,E01027792,Ryedale 002A,Unable to prosecute suspect
8cfdfda1ffd8188733a883a05a3660962ae562119d94ffeca3aa54db488e254c,2025-01,North Yorkshire Police,North Yorkshire Police,-0.777663,54.245854,On or near Market Place,E01027792,Ryedale 002A,Unable to prosecute suspect
1c50b8e93ec80f21322a2533ff04c09cfcdf83ca783dd8955f5e0b8712d7b161,2025-01,North Yorkshire Police,North Yorkshire Police,-1.260036,53.722414,On or near Sandringham Road,E01027892,Selby 009B,Investigation complete; no suspect identified
f1fdeb4de68c0213847ae2de41c4627ee9449b695accf858bb5126619f81b0bd,2025-01,North Yorkshire Police,North Yorkshire Police,-1.098639,53.950150,On or near Mount Vale,E01013417,York 017E,Further investigation is not in the public interest
f1fdeb4de68c0213847ae2de41c4627ee9449b695accf858bb5126619f81b0bd,2025-01,North Yorkshire Police,North Yorkshire Police,-1.098639,53.950150,On or near Mount Vale,E01013417,York 017E,Further investigation is not in the public interest
85c18c1d2d6b6f32ec8fed6d0af2ea51a2fe303e2af396103e22a9e1e09062db,2025-01,North Yorkshire Police,North Yorkshire Police,-1.496051,53.974871,On or near Rudding Lane,E01027704,Harrogate 012D,Unable to prosecute suspect
ecc372ce9644e5857a9995580441d6416b6d85c07d664d80af2bfc9b5bb0b6f8,2025-01,North Yorkshire Police,North Yorkshire Police,-1.049464,53.959091,On or near Supermarket,E01013401,York 015E,Investigation complete; no suspect identified
ecc372ce9644e5857a9995580441d6416b6d85c07d664d80af2bfc9b5bb0b6f8,2025-01,North Yorkshire Police,North Yorkshire Police,-1.049464,53.959091,On or near Supermarket,E01013401,York 015E,Investigation complete; no suspect identified
4707369787ca333e577085d8dee452582b20e8a4c8d2986aac2867ccea817a49,2025-01,North Yorkshire Police,North Yorkshire Police,-1.053237,53.953270,On or near Supermarket,E01013403,York 015F,Unable to prosecute suspect
4707369787ca333e577085d8dee452582b20e8a4c8d2986aac2867ccea817a49,2025-01,North Yorkshire Police,North Yorkshire Police,-1.053237,53.953270,On or near Supermarket,E01013403,York 015F,Unable to prosecute suspect
b1cc717ec3dc194825fd161d3b064f3c7e62e5bfe9683ccc9794200c180156d3,2025-01,North Yorkshire Police,North Yorkshire Police,-2.031572,53.958738,On or near Midland Street,E01034956,Craven 006E,Unable to prosecute suspect
b1cc717ec3dc194825fd161d3b064f3c7e62e5bfe9683ccc9794200c180156d3,2025-01,North Yorkshire Police,North Yorkshire Police,-2.031572,53.958738,On or near Midland Street,E01034956,Craven 006E,Unable to prosecute suspect
b22f545e1ba14d22142581460da5b4315db193d2cbe1d263ba0216026bfe8f84,2025-01,North Yorkshire Police,North Yorkshire Police,-1.080451,53.958919,On or near Shopping Area,E01033070,York 013I,Local resolution
1794de55d0ef4a223b2308f5ea8af1c1b86fbcf189a7f7c8c989db9fa0652b0a,2025-01,North Yorkshire Police,North Yorkshire Police,-1.053237,53.953270,On or near Supermarket,E01013403,York 015F,Unable to prosecute suspect
27c73ce3d5eb404de6533f38277ccc8c4554e7f5cdc383b38df564466d41549f,2025-01,North Yorkshire Police,North Yorkshire Police,-1.053237,53.953270,On or near Supermarket,E01013403,York 015F,Unable to prosecute suspect
27c73ce3d5eb404de6533f38277ccc8c4554e7f5cdc383b38df564466d41549f,2025-01,North Yorkshire Police,North Yorkshire Police,-1.053237,53.953270,On or near Supermarket,E01013403,York 015F,Unable to prosecute suspect
9e9400ffbea23d1a1b2193216e00913e4302c1215064d4ad4ac8372a3242ed0e,2025-01,North Yorkshire Police,North Yorkshire Police,-1.082339,53.957862,On or near ,E01033070,York 013I,Investigation complete; no suspect identified
f2ac6fd0ccb85ec3d4b65cd9a475a030c0a8bee6d90835fe6703b47e420a3503,2025-01,North Yorkshire Police,North Yorkshire Police,-1.082339,53.957862,On or near ,E01033070,York 013I,Investigation complete; no suspect identified
aef149dc7753b4bf9856e5229ee4a64f79807a6b0601621776c3969032d36ab8,2025-01,North Yorkshire Police,North Yorkshire Police,-1.538891,53.993009,On or near Shopping Area,E01027678,Harrogate 015E,Suspect charged
aef149dc7753b4bf9856e5229ee4a64f79807a6b0601621776c3969032d36ab8,2025-01,North Yorkshire Police,North Yorkshire Police,-1.538891,53.993009,On or near Shopping Area,E01027678,Harrogate 015E,Suspect charged
deeef711c322bc230fdabbce38835b1254db705bc8488d0a3e227814f3ec8f25,2025-01,North Yorkshire Police,North Yorkshire Police,-1.068879,53.958399,On or near Supermarket,E01033067,York 013F,Investigation complete; no suspect identified
28a4717b675f66d7db1a458b7b70bfc057aa5d0fa90bffde29046ef524245481,2025-01,North Yorkshire Police,North Yorkshire Police,-1.522847,53.999481,On or near Avondale Road,E01027649,Harrogate 013A,Suspect charged
28a4717b675f66d7db1a458b7b70bfc057aa5d0fa90bffde29046ef524245481,2025-01,North Yorkshire Police,North Yorkshire Police,-1.522847,53.999481,On or near Avondale Road,E01027649,Harrogate 013A,Suspect charged
1420df68c8b6d9e0873d336a206b04e8bcab9227fd5ec645b2ab5e06981c6471,2025-01,North Yorkshire Police,North Yorkshire Police,-1.045433,53.955986,On or near Wycliffe Avenue,E01013398,York 015B,Investigation complete; no suspect identified
3a9653ca9f6518c64fe37bbf90b4dc0ae1f1aa07673a7498a43b993ff6d6ac0a,2025-01,North Yorkshire Police,North Yorkshire Police,-1.068879,53.958399,On or near Supermarket,E01033067,York 013F,Investigation complete; no suspect identified
cb8da9adb19d5609c1a5f68fe60cd76fab37f30d83341ad14d89795126635097,2025-01,North Yorkshire Police,North Yorkshire Police,-0.398538,54.282356,On or near Nightclub,E01027806,Scarborough 006B,Suspect charged
cb8da9adb19d5609c1a5f68fe60cd76fab37f30d83341ad14d89795126635097,2025-01,North Yorkshire Police,North Yorkshire Police,-0.398538,54.282356,On or near Nightclub,E01027806,Scarborough 006B,Suspect charged
e94b44e6226c171ecd2bb54efb0fc3a03b41f5d1969d1a13d756fb5c21aee05f,2025-01,North Yorkshire Police,North Yorkshire Police,-2.280828,54.068027,On or near Bond Lane,E01027573,Craven 003D,Investigation complete; no suspect identified
17b53488331d8ef584c3582e1a74022799cf84fd1e2a5267a094f342e088eaa2,2025-01,North Yorkshire Police,North Yorkshire Police,-1.059887,53.963155,On or near Ninth Avenue,E01013383,York 010D,Suspect charged
17b53488331d8ef584c3582e1a74022799cf84fd1e2a5267a094f342e088eaa2,2025-01,North Yorkshire Police,North Yorkshire Police,-1.059887,53.963155,On or near Ninth Avenue,E01013383,York 010D,Suspect charged
33e954bb2b75570a04ffa0792539e244913e450e2fc45e387f5993e697f97832,2025-01,North Yorkshire Police,North Yorkshire Police,-1.903978,54.291995,On or near Back Lane,E01027763,Richmondshire 005C,Investigation complete; no suspect identified
e253d73216c491d2919f567590dc1d4c5e86deff582791ed492df50546039e1d,2025-01,North Yorkshire Police,North Yorkshire Police,-1.077362,53.973160,On or near Haxby Road,E01013348,York 010A,Investigation complete; no suspect identified
84f853d4a4b7b9dfbe075718b6e8cc37db61836e78f34adfb70a4c87c2e1b932,2025-01,North Yorkshire Police,North Yorkshire Police,-0.942280,54.268412,On or near ,E01027783,Ryedale 001C,Unable to prosecute suspect
e715ce28a9ad8a0aa485af462e2041b18f9b6055a29ae389359577419ab1b57f,2025-01,North Yorkshire Police,North Yorkshire Police,-1.521761,54.136796,On or near Bus/Coach Station,E01027706,Harrogate 004B,Investigation complete; no suspect identified
0d5b246f34b82df2710af9c51d3b4614a4ccad6967a5acf76c174c5fff1f9bd3,2025-01,North Yorkshire Police,North Yorkshire Police,-0.413400,54.276953,On or near Falsgrave Road,E01027862,Scarborough 008E,Unable to prosecute suspect
0d5b246f34b82df2710af9c51d3b4614a4ccad6967a5acf76c174c5fff1f9bd3,2025-01,North Yorkshire Police,North Yorkshire Police,-0.413400,54.276953,On or near Falsgrave Road,E01027862,Scarborough 008E,Unable to prosecute suspect
2c0d7c55914af4563dc133948204d0b43f60b234ebc525fb7c658f774521986a,2025-01,North Yorkshire Police,North Yorkshire Police,-0.777663,54.245854,On or near Market Place,E01027792,Ryedale 002A,Unable to prosecute suspect
2c0d7c55914af4563dc133948204d0b43f60b234ebc525fb7c658f774521986a,2025-01,North Yorkshire Police,North Yorkshire Police,-0.777663,54.245854,On or near Market Place,E01027792,Ryedale 002A,Unable to prosecute suspect
02426fcafd2ec41e2c71edb665d44bb3734aa07eb6e5b157d33f3b50d4fbb091,2025-01,North Yorkshire Police,North Yorkshire Police,-1.114785,53.960507,On or near Chatsworth Terrace,E01013393,York 016A,Unable to prosecute suspect
a1de19e3a213500ca2550b3755c1e2d0f0c0f317b551949b407d3a6e3f765396,2025-01,North Yorkshire Police,North Yorkshire Police,-1.989145,53.893347,On or near Park Avenue,E01027584,Craven 008F,Investigation complete; no suspect identified
40ae784480f276ccd10aaaee6f5e65a45771ce9b98e0b1ae4e3b91893c7e7e95,2025-01,North Yorkshire Police,North Yorkshire Police,-1.418829,54.339031,On or near Bankhead Close,E01027609,Hambleton 012D,Further investigation is not in the public interest
f83faf1cb0962daa9807445b1d18bc2b52e69ed4a6b19b43defeb273eead270f,2025-01,North Yorkshire Police,North Yorkshire Police,-1.233459,53.757140,On or near Mill Close,E01027899,Selby 009D,Unable to prosecute suspect
f83faf1cb0962daa9807445b1d18bc2b52e69ed4a6b19b43defeb273eead270f,2025-01,North Yorkshire Police,North Yorkshire Police,-1.233459,53.757140,On or near Mill Close,E01027899,Selby 009D,Unable to prosecute suspect
a2056147c474dd4770cc67904472ad87e05d8176f72fa710dd3896d8228e215e,2025-01,North Yorkshire Police,North Yorkshire Police,-0.393259,54.284587,On or near Princess Square,E01027806,Scarborough 006B,Investigation complete; no suspect identified
da872e2be9ba41bf7522f8d000b698f23baa9516df021799b4c57253797094df,2025-01,North Yorkshire Police,North Yorkshire Police,-0.397827,54.283650,On or near Shopping Area,E01027806,Scarborough 006B,Suspect charged
da872e2be9ba41bf7522f8d000b698f23baa9516df021799b4c57253797094df,2025-01,North Yorkshire Police,North Yorkshire Police,-0.397827,54.283650,On or near Shopping Area,E01027806,Scarborough 006B,Suspect charged
e445cbff4efd084ea0a66afbd24c849eefde509e05fca6e135bf2793d8a367c5,2025-01,North Yorkshire Police,North Yorkshire Police,-1.059677,53.833517,On or near Silver Street,E01027901,Selby 003D,Investigation complete; no suspect identified
70cc870995116d1e7de2ee2095625b08ad1ab5d17635a07fcd4ddbf0fed59cb6,2025-01,North Yorkshire Police,North Yorkshire Police,-1.082827,53.961067,On or near Shopping Area,E01013366,York 013A,Unable to prosecute suspect
70cc870995116d1e7de2ee2095625b08ad1ab5d17635a07fcd4ddbf0fed59cb6,2025-01,North Yorkshire Police,North Yorkshire Police,-1.082827,53.961067,On or near Shopping Area,E01013366,York 013A,Unable to prosecute suspect
70cc870995116d1e7de2ee2095625b08ad1ab5d17635a07fcd4ddbf0fed59cb6,2025-01,North Yorkshire Police,North Yorkshire Police,-1.082827,53.961067,On or near Shopping Area,E01013366,York 013A,Unable to prosecute suspect
4c94366ec8dad7dceac42cd0c7994f580c7ae32b3116158d60ea87c5e6ff38ee,2025-01,North Yorkshire Police,North Yorkshire Police,-1.342519,54.232273,On or near Supermarket,E01027630,Hambleton 008B,Local resolution
4c94366ec8dad7dceac42cd0c7994f580c7ae32b3116158d60ea87c5e6ff38ee,2025-01,North Yorkshire Police,North Yorkshire Police,-1.342519,54.232273,On or near Supermarket,E01027630,Hambleton 008B,Local resolution
de77af25dffd76b84beae4d0a5d00366151654fc1d667c6eb30b9d42e372d9af,2025-01,North Yorkshire Police,North Yorkshire Police,-1.072439,53.996455,On or near Ryehill Close,E01013407,York 004B,Action to be taken by another organisation
09e2e1af2abbcdcfaf0600572913765e2fd3d92f819c22e615fa32a4674f7996,2025-01,North Yorkshire Police,North Yorkshire Police,-1.134698,53.938748,On or near Pheasant Drive,E01013449,York 022F,Unable to prosecute suspect
fb59d7a904fb14f90e7ba25ad4f8ef4289b60eb39a6cae362d3235639ed2460e,2025-01,North Yorkshire Police,North Yorkshire Police,-1.125394,53.955363,On or near Cross Street,E01013441,York 016E,Suspect charged
fb59d7a904fb14f90e7ba25ad4f8ef4289b60eb39a6cae362d3235639ed2460e,2025-01,North Yorkshire Police,North Yorkshire Police,-1.125394,53.955363,On or near Cross Street,E01013441,York 016E,Suspect charged
fb59d7a904fb14f90e7ba25ad4f8ef4289b60eb39a6cae362d3235639ed2460e,2025-01,North Yorkshire Police,North Yorkshire Police,-1.125394,53.955363,On or near Cross Street,E01013441,York 016E,Suspect charged
ecc8db9a279f5f27e72334024793b760c13e740554a95a2b2c2dda2c1ba132f7,2025-01,North Yorkshire Police,North Yorkshire Police,-1.135612,53.975179,On or near ,E01013422,York 011B,Unable to prosecute suspect
ecc8db9a279f5f27e72334024793b760c13e740554a95a2b2c2dda2c1ba132f7,2025-01,North Yorkshire Police,North Yorkshire Police,-1.135612,53.975179,On or near ,E01013422,York 011B,Unable to prosecute suspect
f6b36ed9d639a0b3e52eef89de1e1e625c809f5cfeef57127260c173d46348dc,2025-01,North Yorkshire Police,North Yorkshire Police,-1.736610,54.403528,On or near Supermarket,E01027770,Richmondshire 002F,Unable to prosecute suspect
f6b36ed9d639a0b3e52eef89de1e1e625c809f5cfeef57127260c173d46348dc,2025-01,North Yorkshire Police,North Yorkshire Police,-1.736610,54.403528,On or near Supermarket,E01027770,Richmondshire 002F,Unable to prosecute suspect
93a18c1878708fc24cd4ad926e13b2fede501a41da850845759558ffa8a741c4,2025-01,North Yorkshire Police,North Yorkshire Police,-1.424585,54.360790,On or near The Green,E01027590,Hambleton 003A,Investigation complete; no suspect identified
dc14c4118121eaed72193ea87627e6c53fc9b843247f87070eb0dcac98dc4793,2025-01,North Yorkshire Police,North Yorkshire Police,-1.081996,53.959662,On or near ,E01013366,York 013A,Unable to prosecute suspect
88fc19bb1a3912c6e15dc08f0aacfa34170ee4e861fa55f88a111931939a6455,2025-01,North Yorkshire Police,North Yorkshire Police,-1.528482,53.978714,On or near Halstead Road,E01027697,Harrogate 017E,Unable to prosecute suspect
b2f868401e416c9d4a118915a86554e51013761dac208264fafa816e3a327e5c,2025-01,North Yorkshire Police,North Yorkshire Police,-0.624079,54.483197,On or near Stakesby Vale,E01027838,Scarborough 003A,Investigation complete; no suspect identified
d01f5573fd9e6a335629fbf3263f710b8208962a7eb5e59b60d53598f8486441,2025-01,North Yorkshire Police,North Yorkshire Police,-0.488641,54.242200,On or near Sheepfold Way,E01027816,Scarborough 013C,Investigation complete; no suspect identified
3d13886cd67d615dcc6efe110da381e4798c364cece86aaf296b8d6fc5311d87,2025-01,North Yorkshire Police,North Yorkshire Police,-1.100530,53.960716,On or near Phoenix Boulevard,E01013391,York 017B,Investigation complete; no suspect identified
2cd090ff3b9f0e78984a2ff2a95d0902968762eabef4e788b688f4256b7a7057,2025-01,North Yorkshire Police,North Yorkshire Police,-1.592834,54.288758,On or near Supermarket,E01027588,Hambleton 006B,Investigation complete; no suspect identified
a3417c4ad1b3540f5f13921bc0f049b1224dda032282c268f0da0898376ce026,2025-01,North Yorkshire Police,North Yorkshire Police,-1.067588,53.961624,On or near Little Hallfield Road,E01013383,York 010D,Investigation complete; no suspect identified
3c6b742aaa0d27387544f40eaaa6804d536f1f87adc1b939e7c4f3005a08ff02,2025-01,North Yorkshire Police,North Yorkshire Police,-2.013127,53.944469,On or near Parking Area,E01027582,Craven 006D,Unable to prosecute suspect
fcb6bf359bce20e24068d8552a9d7f69a111afd5ccb8edaf38da3bb458a41fb4,2025-01,North Yorkshire Police,North Yorkshire Police,-1.462763,54.433099,On or near ,E01027592,Hambleton 003B,Unable to prosecute suspect
228acfb90af12f482f6f6fd1ec150a44a960bc5402b6d940259610a003298140,2025-01,North Yorkshire Police,North Yorkshire Police,-1.076270,54.016330,On or near Supermarket,E01013370,York 002A,Investigation complete; no suspect identified
0d9b2313c7f8dea73748f0ca3b588c7d22a5a96b71187424c3053c714f65bb43,2025-01,North Yorkshire Police,North Yorkshire Police,-1.381890,54.090056,On or near Front Street,E01027644,Harrogate 005A,Investigation complete; no suspect identified
89d0a1c93b838600f1e18a917ef60b0eb909e4bdf3a6b3c5e23c08a5d9177938,2025-01,North Yorkshire Police,North Yorkshire Police,-1.536377,53.984506,On or near Stray Road,E01027730,Harrogate 019C,Investigation complete; no suspect identified
78a6c8d32db641e0ec94ea5610e4a4920d69ffb9c3c13b0dadf23068991096f6,2025-01,North Yorkshire Police,North Yorkshire Police,-1.124898,53.946290,On or near Clay Place,E01013443,York 018B,Investigation complete; no suspect identified
2cffba0fd0d67f11109c4b86ae1afe543bec831e59208930760a53ea67d41e70,2025-01,North Yorkshire Police,North Yorkshire Police,-0.796126,54.133987,On or near Carpenters Yard,E01034970,Ryedale 009D,Investigation complete; no suspect identified
0b98311a5a2b880c143fa88f8ef9ec74f0ee52c1599f8e0d25fb63ec53b23128,2025-01,North Yorkshire Police,North Yorkshire Police,-1.496051,53.974871,On or near Rudding Lane,E01027704,Harrogate 012D,Unable to prosecute suspect
736314977e00938e084dbf8c62db41c043b83a610c88deecf25ee00b73bef9a3,2025-01,North Yorkshire Police,North Yorkshire Police,-1.124478,53.950359,On or near Tudor Road,E01013445,York 016F,Investigation complete; no suspect identified
022f5b741d24236f4ba349b3ed5de6663a08dff912eef56fec19b008d4b84c55,2025-01,North Yorkshire Police,North Yorkshire Police,-0.413400,54.276953,On or near Falsgrave Road,E01027862,Scarborough 008E,Investigation complete; no suspect identified
9a79424eb70caaad55d9ee70825de79a7c976e29c29a7ba133972100d816a44c,2025-01,North Yorkshire Police,North Yorkshire Police,-1.156156,53.769726,On or near Paddock View,E01027893,Selby 009C,Investigation complete; no suspect identified
16784b9439d663a907eec9c0d04808ba14f440021f80801d768cb7358e3418eb,2025-01,North Yorkshire Police,North Yorkshire Police,-1.741448,53.928805,On or near Back Lane,E01027735,Harrogate 018D,Investigation complete; no suspect identified
901b44c6e75611ac0744990a8d52539e1c80ebc99fd85908271191d447672037,2025-01,North Yorkshire Police,North Yorkshire Police,-1.068545,53.961758,On or near Hallfield Road,E01013383,York 010D,Investigation complete; no suspect identified
e332c5730a6a85136ddee65c2d16ede8710ad1c8ade2b86e605eb52e56a8f815,2025-01,North Yorkshire Police,North Yorkshire Police,-0.399073,54.285194,On or near Friar's Gardens,E01027806,Scarborough 006B,Investigation complete; no suspect identified
8c4635a4f0634752c5eabcbe085d5e900da4d67d32d450e2b499cee478d6b7c4,2025-01,North Yorkshire Police,North Yorkshire Police,-0.799936,54.143742,On or near ,E01027787,Ryedale 009A,Investigation complete; no suspect identified
748f70de0a26992dfbd890cfcb1bc4d93f9e2a42f15bc4c89ed77c1728447b43,2025-01,North Yorkshire Police,North Yorkshire Police,-1.082359,53.952516,On or near Clementhorpe,E01013418,York 019F,Investigation complete; no suspect identified
6a99940c2ef60d5b1aa8d25777a8fccef9ab9a475d6c49bf647fe3db5f2e8328,2025-01,North Yorkshire Police,North Yorkshire Police,-2.024503,54.040887,On or near Thorpe Lane,E01027557,Craven 009D,Investigation complete; no suspect identified
78b795a20693f773fe7b94cebaf01f93274c6b7463b8a13c39b5fb304aacb99f,2025-01,North Yorkshire Police,North Yorkshire Police,-1.069405,53.786728,On or near Firth Mews,E01034980,Selby 005H,Unable to prosecute suspect
19b12a161c870e46689c57cebf599abcf128d130035fa4c911655651600953a9,2025-01,North Yorkshire Police,North Yorkshire Police,-1.990497,53.901364,On or near Hall Street,E01027564,Craven 008B,Investigation complete; no suspect identified
0050af60815b617e52ccd741b2631501216c8211e28a32fe8e5bd3efc97fe53e,2025-01,North Yorkshire Police,North Yorkshire Police,-0.796126,54.133987,On or near Carpenters Yard,E01034970,Ryedale 009D,Investigation complete; no suspect identified
b51b7060889c33f34c791ea5cc09dffda19b811e58c96c6113b47d4004308877,2025-01,North Yorkshire Police,North Yorkshire Police,-1.079183,53.959053,On or near Whip-Ma-Whop-Ma-Gate,E01033067,York 013F,Investigation complete; no suspect identified
b51b7060889c33f34c791ea5cc09dffda19b811e58c96c6113b47d4004308877,2025-01,North Yorkshire Police,North Yorkshire Police,-1.079183,53.959053,On or near Whip-Ma-Whop-Ma-Gate,E01033067,York 013F,Investigation complete; no suspect identified
1769acf28f6db13716e5ae7137699ca21b8f1a49080a15f9c43492aa47869ac8,2025-01,North Yorkshire Police,North Yorkshire Police,-1.512610,53.999584,On or near Hawes Road,E01027650,Harrogate 014B,Investigation complete; no suspect identified
d43bb6a1900d2121573b65948918ebaf3b64b95f2386d03b4bc72ad009771f9e,2025-01,North Yorkshire Police,North Yorkshire Police,-0.298066,54.205395,On or near Cooper Road,E01027828,Scarborough 014B,Unable to prosecute suspect
df39940679d66380051dfa85eb48de2d9fb0daab6b58f9cf9ed06fe7e036cf96,2025-01,North Yorkshire Police,North Yorkshire Police,-1.054202,53.959111,On or near Constantine Avenue,E01013399,York 015C,Investigation complete; no suspect identified
8b0cb9ba623e3f7162b5ed16d32f7b6b767a4357e3f085134b9b842496c481fe,2025-01,North Yorkshire Police,North Yorkshire Police,-1.542594,54.000232,On or near Portland Crescent,E01027677,Harrogate 015D,Investigation complete; no suspect identified
9201c19d1f85864338654acfa61a7fb8f8af9f41ef4552b5a6f1e8c8f6c80769,2025-01,North Yorkshire Police,North Yorkshire Police,-0.934591,54.162705,On or near Cavendish Court,E01027782,Ryedale 007C,Suspect charged
9201c19d1f85864338654acfa61a7fb8f8af9f41ef4552b5a6f1e8c8f6c80769,2025-01,North Yorkshire Police,North Yorkshire Police,-0.934591,54.162705,On or near Cavendish Court,E01027782,Ryedale 007C,Suspect charged
587feb4d98b2160fe29bd4327e7f837b2319d6161ff7d05f246ac9dfd290466c,2025-01,North Yorkshire Police,North Yorkshire Police,-1.080451,53.958919,On or near Shopping Area,E01033070,York 013I,Local resolution
cc0dd7c55d3e4a66b2653120bb37529260e6c17de07cc424af6f945c3176b12d,2025-01,North Yorkshire Police,North Yorkshire Police,-1.063285,53.984960,On or near Brockfield Park Drive,E01013405,York 005A,Investigation complete; no suspect identified
cc0dd7c55d3e4a66b2653120bb37529260e6c17de07cc424af6f945c3176b12d,2025-01,North Yorkshire Police,North Yorkshire Police,-1.063285,53.984960,On or near Brockfield Park Drive,E01013405,York 005A,Investigation complete; no suspect identified
7acdfdaa13534974598add8a258e8c3db93af44ef0325c4ec8d60168815109f5,2025-01,North Yorkshire Police,North Yorkshire Police,-0.934591,54.162705,On or near Cavendish Court,E01027782,Ryedale 007C,Suspect charged
7acdfdaa13534974598add8a258e8c3db93af44ef0325c4ec8d60168815109f5,2025-01,North Yorkshire Police,North Yorkshire Police,-0.934591,54.162705,On or near Cavendish Court,E01027782,Ryedale 007C,Suspect charged
e82450e4bccea9c3355297929141292f7140dc58ee2944ef7804553d2c762782,2025-01,North Yorkshire Police,North Yorkshire Police,-1.252476,53.720588,On or near Marsh Lane,E01027891,Selby 009A,Investigation complete; no suspect identified
3b15b962a93e2855b9d1233d3fdd689dda3fcf1acc6371861734f523f5771913,2025-01,North Yorkshire Police,North Yorkshire Police,-1.548584,53.989442,On or near Somerset Road,E01027679,Harrogate 019B,Suspect charged
3b15b962a93e2855b9d1233d3fdd689dda3fcf1acc6371861734f523f5771913,2025-01,North Yorkshire Police,North Yorkshire Police,-1.548584,53.989442,On or near Somerset Road,E01027679,Harrogate 019B,Suspect charged
42bcaf8b428af5224923d96a8705793c085da706365f86545824bd3bfb34b9a8,2025-01,North Yorkshire Police,North Yorkshire Police,-1.539275,53.995474,On or near Commercial Street,E01027678,Harrogate 015E,Investigation complete; no suspect identified
0c8be6df97914b7d96ad9c45c9c5d3782b76de65dc578cdab619f3aafb2658a4,2025-01,North Yorkshire Police,North Yorkshire Police,-1.209229,53.795497,On or near Glentrool Avenue,E01034975,Selby 004F,Unable to prosecute suspect
1697a1a62397b02851d82d4f00158c6cbeede51c7ecf0dcd1ae314b2bb0d854a,2025-01,North Yorkshire Police,North Yorkshire Police,-0.394720,54.284157,On or near St Sepulchre Street,E01027806,Scarborough 006B,Unable to prosecute suspect
1697a1a62397b02851d82d4f00158c6cbeede51c7ecf0dcd1ae314b2bb0d854a,2025-01,North Yorkshire Police,North Yorkshire Police,-0.394720,54.284157,On or near St Sepulchre Street,E01027806,Scarborough 006B,Unable to prosecute suspect
108bcdc970a7b6f5d21e8aaa2676eee65c4abf0cc4690d8f9b5266905a4e80f5,2025-01,North Yorkshire Police,North Yorkshire Police,-0.402404,54.280888,On or near Shopping Area,E01027804,Scarborough 010A,Investigation complete; no suspect identified
108bcdc970a7b6f5d21e8aaa2676eee65c4abf0cc4690d8f9b5266905a4e80f5,2025-01,North Yorkshire Police,North Yorkshire Police,-0.402404,54.280888,On or near Shopping Area,E01027804,Scarborough 010A,Investigation complete; no suspect identified
4804c7390b170b05a6f236717512a8f7710cd0b2b71cb60cac1e50fa03a9c7e2,2025-01,North Yorkshire Police,North Yorkshire Police,-1.120825,53.945775,On or near Cheltenham Court,E01013443,York 018B,Unable to prosecute suspect
d1f8d4e2abb230c2f097e724e8e02cb1ac4cb69100d0615bdedcd145637e8905,2025-01,North Yorkshire Police,North Yorkshire Police,-0.533583,54.431702,On or near New Road,E01034973,Scarborough 004G,Investigation complete; no suspect identified
daad7b0628c458f155eed8cba69558b98aff8e17fa3791bce2c4ae1ab0c56b99,2025-01,North Yorkshire Police,North Yorkshire Police,-1.087626,53.959055,On or near Parking Area,E01033068,York 013G,Suspect charged
daad7b0628c458f155eed8cba69558b98aff8e17fa3791bce2c4ae1ab0c56b99,2025-01,North Yorkshire Police,North Yorkshire Police,-1.087626,53.959055,On or near Parking Area,E01033068,York 013G,Suspect charged
e660d5e628a01855bdc10238ef3b2bfb97c5f936d3936bd7a9632b8e92136ba6,2025-01,North Yorkshire Police,North Yorkshire Police,-1.188713,54.470384,On or near Petrol Station,E01027623,Hambleton 001D,Investigation complete; no suspect identified
b8e3df796509f1224fd6e3fd7d02fafce3e245c9d38b40452fd32e2879ae253e,2025-01,North Yorkshire Police,North Yorkshire Police,-0.393201,54.283667,On or near ,E01027806,Scarborough 006B,Investigation complete; no suspect identified
a211542209ad1052381e170de6559a2501b2e2d0c60cd42e890f0df31a2013cb,2025-01,North Yorkshire Police,North Yorkshire Police,-1.095086,53.917874,On or near Lamplugh Crescent,E01013341,York 024B,Investigation complete; no suspect identified
09306eb13f438fc189fcd36af4f9d040639be05dbeccd605d66a7461f0c4d842,2025-01,North Yorkshire Police,North Yorkshire Police,-0.402272,54.287070,On or near Durham Place,E01027847,Scarborough 006D,Unable to prosecute suspect
09306eb13f438fc189fcd36af4f9d040639be05dbeccd605d66a7461f0c4d842,2025-01,North Yorkshire Police,North Yorkshire Police,-0.402272,54.287070,On or near Durham Place,E01027847,Scarborough 006D,Unable to prosecute suspect
5bd6d1a41b9c8800ced0462cb9fc799cc7a770f5b5fda836aef49769d8d22b65,2025-01,North Yorkshire Police,North Yorkshire Police,-1.541973,53.992904,On or near Cambridge Crescent,E01027679,Harrogate 019B,Investigation complete; no suspect identified
d6129aab170e228d5b970e0c5a7b398080bc2eb933be357aeb2ee37bda3e5af0,2025-01,North Yorkshire Police,North Yorkshire Police,-1.501640,53.997166,On or near Avenue Terrace,E01027729,Harrogate 014F,Investigation complete; no suspect identified
a69333e410aad063117b5693d01360628e72201b491e83abc133cc041acb6b70,2025-01,North Yorkshire Police,North Yorkshire Police,-1.243869,53.795729,On or near Pasture Court,E01034976,Selby 004G,Investigation complete; no suspect identified
8786d58f5b9e6df808da33919362e322f3599b2a74dbd579b5c5aa0b7793b797,2025-01,North Yorkshire Police,North Yorkshire Police,-1.096306,53.982651,On or near Farro Drive,E01013431,York 006D,Investigation complete; no suspect identified
d60cfa1efa51bc3945d82158906be9a6154c3080c5a465fdec08dbd1682f0d7f,2025-01,North Yorkshire Police,North Yorkshire Police,-1.075575,53.952635,On or near Fawcett Street,E01013363,York 019D,Unable to prosecute suspect
3f82c30eabdc4d2c36b499f471f828dc83ceeacd30764263ad86c661d62d85cd,2025-01,North Yorkshire Police,North Yorkshire Police,-1.079183,53.959053,On or near Whip-Ma-Whop-Ma-Gate,E01033067,York 013F,Investigation complete; no suspect identified
2122ec47596c1d09870a3e60e06797558be7121712ceb06661ac7326808f1807,2025-01,North Yorkshire Police,North Yorkshire Police,-1.537596,54.006612,On or near Warren Place,E01027638,Harrogate 010A,Investigation complete; no suspect identified
a469dd98f5de1f112791dad049814f2615d5a9f7b8ba87e38d6c07a620979c33,2025-01,North Yorkshire Police,North Yorkshire Police,-1.627899,53.937225,On or near Braythorne Lane,E01027734,Harrogate 018C,Investigation complete; no suspect identified
5fbeaf854ce02c8b46bbecaf42dd8f012cf23f40b4b7abc0181147cdc0a51e0a,2025-01,North Yorkshire Police,North Yorkshire Police,-0.416996,54.264084,On or near Tricourt,E01027825,Scarborough 009B,Unable to prosecute suspect
5fbeaf854ce02c8b46bbecaf42dd8f012cf23f40b4b7abc0181147cdc0a51e0a,2025-01,North Yorkshire Police,North Yorkshire Police,-0.416996,54.264084,On or near Tricourt,E01027825,Scarborough 009B,Unable to prosecute suspect
71c2d3bce324b8cb34178c282002a8ac16281e0901660a3b04451591c968e31d,2025-01,North Yorkshire Police,North Yorkshire Police,-0.791007,54.076173,On or near Sports/Recreation Area,E01027779,Ryedale 004A,Investigation complete; no suspect identified
4a4cbfca64556fb61dcd53d0b2b08a0d3bba2d935a16c3aef33fc1203111cb9e,2025-01,North Yorkshire Police,North Yorkshire Police,-1.093561,53.981228,On or near Tatton Close,E01013431,York 006D,Investigation complete; no suspect identified
3b9d2cec2f58860047ddcfd4d102f3f7cbff92b4658f691e444ef9bf90bf2e97,2025-01,North Yorkshire Police,North Yorkshire Police,-1.066385,53.963628,On or near Fleming Avenue,E01013383,York 010D,Investigation complete; no suspect identified
52a7089bd4fb720838b0971ae70f21c1154192954cfd88586331807ef74e4012,2025-01,North Yorkshire Police,North Yorkshire Police,-1.057287,53.960178,On or near Melrosegate,E01013381,York 014A,Investigation complete; no suspect identified
5887f61e956b1effb820f79dfe836f2b3133520bf966045b3ec54de2912b53dd,2025-01,North Yorkshire Police,North Yorkshire Police,-1.133246,54.488423,On or near Supermarket,E01027597,Hambleton 001B,Investigation complete; no suspect identified
0b2ea971616c6fbd0ac5f9d98f8e080a136240d865ac15fc955c95f2037df6f6,2025-01,North Yorkshire Police,North Yorkshire Police,-2.004246,53.957708,On or near Crook Rise View,E01027579,Craven 005D,Investigation complete; no suspect identified
df985f3c1085fc1db721055539b62be80347cb6b0367be39e0c2d8ac37eda802,2025-01,North Yorkshire Police,North Yorkshire Police,-0.425077,54.296404,On or near Hospital,E01027845,Scarborough 005D,Unable to prosecute suspect
df985f3c1085fc1db721055539b62be80347cb6b0367be39e0c2d8ac37eda802,2025-01,North Yorkshire Police,North Yorkshire Police,-0.425077,54.296404,On or near Hospital,E01027845,Scarborough 005D,Unable to prosecute suspect
6326537585d0a24291685b841c2c8e13056924f5708c343123c2db5c290737ff,2025-01,North Yorkshire Police,North Yorkshire Police,-1.084983,53.957273,On or near Bridge Street,E01033068,York 013G,Investigation complete; no suspect identified
20093de466e444534c8946c0c0053858880eead35dddbe45a9a4d0e6762ff1fa,2025-01,North Yorkshire Police,North Yorkshire Police,-1.084983,53.957273,On or near Bridge Street,E01033068,York 013G,Investigation complete; no suspect identified
0adbe7f009090a79ca00bd037cea5285eea9daf018b00b2787b6b24e1070af61,2025-01,North Yorkshire Police,North Yorkshire Police,-1.092575,53.984519,On or near Hornbeam Close,E01013431,York 006D,Investigation complete; no suspect identified
6ed62b4bd20414e7b89ce044f983f808561e0ed2b5ec0ffd97e47fba3f80e72c,2025-01,North Yorkshire Police,North Yorkshire Police,-1.685298,54.381207,On or near Blue Nile Way,E01027749,Richmondshire 004A,Unable to prosecute suspect
5a3481bdc1873794f515174b7ec6031b1e96cf1380bcb806ab88bef0a339b80e,2025-01,North Yorkshire Police,North Yorkshire Police,-1.075316,53.943681,On or near Supermarket,E01013362,York 019C,Suspect charged
5a3481bdc1873794f515174b7ec6031b1e96cf1380bcb806ab88bef0a339b80e,2025-01,North Yorkshire Police,North Yorkshire Police,-1.075316,53.943681,On or near Supermarket,E01013362,York 019C,Suspect charged
2bcf357412010ed4fe882266c0154a9d91003d8aa0159df7c01990be84693cfe,2025-01,North Yorkshire Police,North Yorkshire Police,-1.472761,54.014209,On or near Tentergate Gardens,E01027675,Harrogate 007D,Unable to prosecute suspect
600ed996fd510433ede35cfdbd556fa559e6ccd7bd4f45221251280bb550f013,2025-01,North Yorkshire Police,North Yorkshire Police,-1.086921,53.969691,On or near Bootham Green,E01013345,York 009B,Investigation complete; no suspect identified
a2b36d497dce756106b3618b0a2f50195da78e6ba022902f22f211c2c635dec3,2025-01,North Yorkshire Police,North Yorkshire Police,-1.498490,53.995265,On or near First Avenue,E01027729,Harrogate 014F,Investigation complete; no suspect identified
1499f97c53ae8318a75aeb42f2daf2be8c080b724dc631e7b1091a2adf74c189,2025-01,North Yorkshire Police,North Yorkshire Police,-1.347454,54.230683,On or near Supermarket,E01027620,Hambleton 008A,Suspect charged
1499f97c53ae8318a75aeb42f2daf2be8c080b724dc631e7b1091a2adf74c189,2025-01,North Yorkshire Police,North Yorkshire Police,-1.347454,54.230683,On or near Supermarket,E01027620,Hambleton 008A,Suspect charged
f5d9b63b285b59274e8142b018bd7733e9366d24e02a7d0c0093dee9c9717421,2025-01,North Yorkshire Police,North Yorkshire Police,-1.070371,53.784929,On or near Shopping Area,E01027908,Selby 005D,Investigation complete; no suspect identified
093d75c30b04980921b83d9aeae750a39cfb5afd06d9595ea25a2c65eb6154ca,2025-01,North Yorkshire Police,North Yorkshire Police,-1.531286,54.003307,On or near Woodfield Avenue,E01027740,Harrogate 013F,Investigation complete; no suspect identified
e841e16c4d3af8d1aadc4ef7c24ed832e27a124a9df053c334c87fbf958e124e,2025-01,North Yorkshire Police,North Yorkshire Police,-1.660768,54.516171,On or near Glebe Close,E01027759,Richmondshire 001D,Investigation complete; no suspect identified
e841e16c4d3af8d1aadc4ef7c24ed832e27a124a9df053c334c87fbf958e124e,2025-01,North Yorkshire Police,North Yorkshire Police,-1.660768,54.516171,On or near Glebe Close,E01027759,Richmondshire 001D,Investigation complete; no suspect identified
e841e16c4d3af8d1aadc4ef7c24ed832e27a124a9df053c334c87fbf958e124e,2025-01,North Yorkshire Police,North Yorkshire Police,-1.660768,54.516171,On or near Glebe Close,E01027759,Richmondshire 001D,Investigation complete; no suspect identified
e841e16c4d3af8d1aadc4ef7c24ed832e27a124a9df053c334c87fbf958e124e,2025-01,North Yorkshire Police,North Yorkshire Police,-1.660768,54.516171,On or near Glebe Close,E01027759,Richmondshire 001D,Investigation complete; no suspect identified
0532bc5f8050c0760eac0aae4bfec072e68083dc5e2d78ffa02ee17dd857af4a,2025-01,North Yorkshire Police,North Yorkshire Police,-1.760251,54.086460,On or near Back High Street,E01027702,Harrogate 006D,Investigation complete; no suspect identified
082652b3919537ae5469126156af1401ffbb586fd617c178b5f7467cce0bbb04,2025-01,North Yorkshire Police,North Yorkshire Police,-0.401385,54.282609,On or near Parking Area,E01027806,Scarborough 006B,Investigation complete; no suspect identified
55eaf0c0469273f2b73a76ce3f09ec7f053892a374bf6f998a2e8492c1e60a41,2025-01,North Yorkshire Police,North Yorkshire Police,-1.347454,54.230683,On or near Supermarket,E01027620,Hambleton 008A,Suspect charged
55eaf0c0469273f2b73a76ce3f09ec7f053892a374bf6f998a2e8492c1e60a41,2025-01,North Yorkshire Police,North Yorkshire Police,-1.347454,54.230683,On or near Supermarket,E01027620,Hambleton 008A,Suspect charged
aae479221b67b38a3396e62f9989c0c266bb478dc11911b7c1fdbbf3a308e2b5,2025-01,North Yorkshire Police,North Yorkshire Police,-0.417828,54.237276,On or near ,E01027859,Scarborough 013D,Investigation complete; no suspect identified
abb49fd9a1a71857303ea24d154a2f22777da72b00a85243a831178c50b13c02,2025-01,North Yorkshire Police,North Yorkshire Police,-1.082269,53.958690,On or near Market Street,E01033070,York 013I,Investigation complete; no suspect identified
0d09f407565b814d13d15359469d35a7496c04c32be851fa95a821cb6b35fdd5,2025-01,North Yorkshire Police,North Yorkshire Police,-1.079597,53.956836,On or near Shopping Area,E01033070,York 013I,Investigation complete; no suspect identified
33f02b14f0551a9a5577436e0aae653aa510e9dc3fe8487640374a6e66f1952f,2025-01,North Yorkshire Police,North Yorkshire Police,-1.079597,53.956836,On or near Shopping Area,E01033070,York 013I,Investigation complete; no suspect identified
61e2b0340bdd01896ead21880a9073e91e5700ae358d1cf0a84417aa43520e34,2025-01,North Yorkshire Police,North Yorkshire Police,-1.089105,53.962526,On or near Marygate,E01013366,York 013A,Investigation complete; no suspect identified
989f98f3b19a6ecbbc50c8d13a47e0e4cac441d0963ebfbe522bde6d59fafd37,2025-01,North Yorkshire Police,North Yorkshire Police,-1.228398,54.484385,On or near Tanton Road,E01027626,Hambleton 002D,Unable to prosecute suspect
989f98f3b19a6ecbbc50c8d13a47e0e4cac441d0963ebfbe522bde6d59fafd37,2025-01,North Yorkshire Police,North Yorkshire Police,-1.228398,54.484385,On or near Tanton Road,E01027626,Hambleton 002D,Unable to prosecute suspect
21f4c7ed340eec5c3f0b16d1db4670eaf07e6b5187fd2f7303fa110647cb7c40,2025-01,North Yorkshire Police,North Yorkshire Police,-0.398951,54.282793,On or near Newborough,E01027806,Scarborough 006B,Unable to prosecute suspect
f4ad3ecde9bd1606e1764b48c7b587955834ada3ae3d0c5ff0f758cb84a3aea8,2025-01,North Yorkshire Police,North Yorkshire Police,-1.085693,53.963813,On or near Bootham Row,E01013366,York 013A,Investigation complete; no suspect identified
6b0bfb4f4312d3c2051b1e9940c55726f4e0ade6b691b512300f4fdba7b25482,2025-01,North Yorkshire Police,North Yorkshire Police,-1.093561,53.981228,On or near Tatton Close,E01013431,York 006D,Investigation complete; no suspect identified
57a90aeb0b90da2497bf5dd3d46a735b62cfa26d15fc3ce16916bed6fd889a0c,2025-01,North Yorkshire Police,North Yorkshire Police,-1.081996,53.959662,On or near ,E01013366,York 013A,Unable to prosecute suspect
57a90aeb0b90da2497bf5dd3d46a735b62cfa26d15fc3ce16916bed6fd889a0c,2025-01,North Yorkshire Police,North Yorkshire Police,-1.081996,53.959662,On or near ,E01013366,York 013A,Unable to prosecute suspect
0d0063146ad219d46b98e4f620abd478f083e21a1aebaa252ddbbe230384d20e,2025-01,North Yorkshire Police,North Yorkshire Police,-1.069252,53.784722,On or near Robert Street,E01027909,Selby 005E,Unable to prosecute suspect
41fa9545da7f145f417668ed76d836016230a087319fb536787478b0cf7deb35,2025-01,North Yorkshire Police,North Yorkshire Police,-0.600669,54.252549,On or near Snainton Lane,E01027815,Scarborough 013B,Investigation complete; no suspect identified
ae0dc1babffe89027c5c264f24233b5a52305fb4d8bccfccd18f8bef585cc4d9,2025-01,North Yorkshire Police,North Yorkshire Police,-1.456397,54.202975,On or near The Tanyard,E01027736,Harrogate 003C,Investigation complete; no suspect identified
b86d1c06cfb123cb61cd6084dfe1b2ea608fbcfd0151abdb62d1e20374eeeba9,2025-01,North Yorkshire Police,North Yorkshire Police,-1.079446,53.967163,On or near St Thomas' Place,E01013366,York 013A,Investigation complete; no suspect identified
e5ba3697505e75569cd22fe57f9881bf50fcf82eb1d140a51d56689f5ec8d93c,2025-01,North Yorkshire Police,North Yorkshire Police,-1.079183,53.959053,On or near Whip-Ma-Whop-Ma-Gate,E01033067,York 013F,Investigation complete; no suspect identified
e5ba3697505e75569cd22fe57f9881bf50fcf82eb1d140a51d56689f5ec8d93c,2025-01,North Yorkshire Police,North Yorkshire Police,-1.079183,53.959053,On or near Whip-Ma-Whop-Ma-Gate,E01033067,York 013F,Investigation complete; no suspect identified
e5185ef6ced23a8c96c4b4776279fbc8ff3e1a074db53d7efd7beebf8b723484,2025-01,North Yorkshire Police,North Yorkshire Police,-1.067162,53.956120,On or near Charlotte Street,E01033067,York 013F,Unable to prosecute suspect
e5185ef6ced23a8c96c4b4776279fbc8ff3e1a074db53d7efd7beebf8b723484,2025-01,North Yorkshire Police,North Yorkshire Police,-1.067162,53.956120,On or near Charlotte Street,E01033067,York 013F,Unable to prosecute suspect
b4414b5e31dff1a975d88277ba8e0ea8a5238f84ae40582b96a3014e5e5de0ca,2025-01,North Yorkshire Police,North Yorkshire Police,-1.053237,53.953270,On or near Supermarket,E01013403,York 015F,Investigation complete; no suspect identified
4424b2051074619ef134f169d3bf7e65bc43e3099c9d6f2272fa7b8c1d38936d,2025-01,North Yorkshire Police,North Yorkshire Police,-1.084041,53.964079,On or near Gillygate,E01013366,York 013A,Unable to prosecute suspect
4424b2051074619ef134f169d3bf7e65bc43e3099c9d6f2272fa7b8c1d38936d,2025-01,North Yorkshire Police,North Yorkshire Police,-1.084041,53.964079,On or near Gillygate,E01013366,York 013A,Unable to prosecute suspect
b7cf4ee3d8170c5f9ba94ff5f328c3e59bd6cb90b0812f16480bd17636989950,2025-01,North Yorkshire Police,North Yorkshire Police,-1.077481,53.922228,On or near Shopping Mall,E01034762,York 023E,Investigation complete; no suspect identified
061ec96d317da411e7ec87634ab7c9f3da93e4eee942ca05bffc8186183b1af4,2025-01,North Yorkshire Police,North Yorkshire Police,-1.539873,54.006315,On or near Bilton Grange Close,E01027640,Harrogate 010C,Investigation complete; no suspect identified
06ba7047b062770199a29284f5e069ee114e58231f988ea0af24f9265b4d26d3,2025-01,North Yorkshire Police,North Yorkshire Police,-1.062263,53.976827,On or near Foston Grove,E01013385,York 008C,Unable to prosecute suspect
294e9e97b5ee24414103139856175d23fc0fb52db39ce8d1bca7a4dd63186f69,2025-01,North Yorkshire Police,North Yorkshire Police,-0.614683,54.483980,On or near Windsor Crescent,E01027865,Scarborough 003C,Investigation complete; no suspect identified
291630d110f5e28661a99661d03111570be3d218b159a1a454f77dbbe896019c,2025-01,North Yorkshire Police,North Yorkshire Police,-1.132580,53.971845,On or near Millfield Lane,E01013422,York 011B,Investigation complete; no suspect identified
f90104af2d9e1de03bfa5d2b2c0628e94d7cdfa88e5a6eccfda7b73563b03482,2025-01,North Yorkshire Police,North Yorkshire Police,-1.104071,53.991923,On or near ,E01013429,York 006B,Investigation complete; no suspect identified
eeb67860da8eab257f24cf123ceeefe621adade534fb462de4d54ce508fded00,2025-01,North Yorkshire Police,North Yorkshire Police,-1.293164,53.963477,On or near Lucas Grove South,E01027683,Harrogate 016A,Unable to prosecute suspect
20e103f5c80d2312d6f0e8bdbc52517f852866055b41b411a428f7afc45a5f46,2025-01,North Yorkshire Police,North Yorkshire Police,-1.433780,54.341178,On or near Friarage Street,E01027608,Hambleton 013B,Investigation complete; no suspect identified
df83f299095f6ba993adba2ebc20b68fa2126dfefe45cdf3de8cbd1433e085f4,2025-01,North Yorkshire Police,North Yorkshire Police,-1.071696,53.951661,On or near Horsman Avenue,E01013364,York 019E,Investigation complete; no suspect identified
f03c8ce569866af06ba0fed5e82d2ad78b5befdf673b7de383362cda8fc703b3,2025-01,North Yorkshire Police,North Yorkshire Police,-1.433780,54.341178,On or near Friarage Street,E01027608,Hambleton 013B,Investigation complete; no suspect identified
7865df8e45648fecab6605563d5715395eb6cb3063c5e94eb6c7cc20853318bd,2025-01,North Yorkshire Police,North Yorkshire Police,-0.616823,54.485065,On or near Victoria Square,E01034972,Scarborough 001F,Suspect charged
7865df8e45648fecab6605563d5715395eb6cb3063c5e94eb6c7cc20853318bd,2025-01,North Yorkshire Police,North Yorkshire Police,-0.616823,54.485065,On or near Victoria Square,E01034972,Scarborough 001F,Suspect charged
333dedd771728cf371c9cfd0d8bff0167a76ccefd69463b21f0b042a069bc82d,2025-01,North Yorkshire Police,North Yorkshire Police,-1.081757,53.968124,On or near Supermarket,E01013366,York 013A,Unable to prosecute suspect
13665591222df10138379896052ae8ae6bb0dd1a04e8ce7c423d126781f0143d,2025-01,North Yorkshire Police,North Yorkshire Police,-1.523231,54.136724,On or near Queen Street,E01027706,Harrogate 004B,Investigation complete; no suspect identified
876ac0b25a842209d9f8bc11d79f87fe4058585c98ded7a55e07bdbcc6a67099,2025-01,North Yorkshire Police,North Yorkshire Police,-1.257548,53.886793,On or near Springhill Court,E01027918,Selby 001A,Unable to prosecute suspect
686df88efb74697ccd0def17ab14a3a36e96ddd4f7c132f6fe8548d921504a37,2025-01,North Yorkshire Police,North Yorkshire Police,-1.067638,53.783595,On or near The Crescent,E01027909,Selby 005E,Unable to prosecute suspect
2e829f4d9a0f6f306ac9233d37040f6997ce3dccb11e918de0d449b47d7d1a30,2025-01,North Yorkshire Police,North Yorkshire Police,-0.413876,54.282963,On or near Raleigh Street,E01027810,Scarborough 008A,Investigation complete; no suspect identified
1d67ea26a22ffb588b8e12d4c69b7ed5ae3220fce05cf3610551b3c1651ec8e7,2025-01,North Yorkshire Police,North Yorkshire Police,-1.539505,53.992670,On or near Market Place,E01027679,Harrogate 019B,Investigation complete; no suspect identified
4a97839df571640beaeb7573613abd1e26f359dfb7bfef9344ec03c7166684ec,2025-01,North Yorkshire Police,North Yorkshire Police,-1.464487,54.008547,On or near Park Crest,E01027669,Harrogate 009B,Investigation complete; no suspect identified
2e1e4bb5a6007a7c41211cbfa23f1117e7737181931fee01589c0608efefacbb,2025-01,North Yorkshire Police,North Yorkshire Police,-1.079597,53.956836,On or near Shopping Area,E01033070,York 013I,Local resolution
9ac3136827a82cb937b99d2f267a35caa67788450970df52b3d9190fbf479dfe,2025-01,North Yorkshire Police,North Yorkshire Police,-0.398805,54.279816,On or near Cliff Bridge Terrace,E01027804,Scarborough 010A,Unable to prosecute suspect
061d748a41fd6a881b6a2a86dd4929841d3e6cd7f86d5ddec7943f5de91e6c39,2025-01,North Yorkshire Police,North Yorkshire Police,-1.428657,54.360108,On or near Lodge Lane,E01027590,Hambleton 003A,Investigation complete; no suspect identified
58d9add954ad657e4cfa5eefc9002e73c71d68e27ef5b7bd2c6a5dc815bc21d6,2025-01,North Yorkshire Police,North Yorkshire Police,-0.404446,54.280520,On or near Nightclub,E01027804,Scarborough 010A,Suspect charged
58d9add954ad657e4cfa5eefc9002e73c71d68e27ef5b7bd2c6a5dc815bc21d6,2025-01,North Yorkshire Police,North Yorkshire Police,-0.404446,54.280520,On or near Nightclub,E01027804,Scarborough 010A,Suspect charged
69bc2c13cc5b120723ca7a1746018a5d9a28b8e5d148bcad3031815b71decd3e,2025-01,North Yorkshire Police,North Yorkshire Police,-1.556820,53.996690,On or near Dale Bank,E01027654,Harrogate 020B,Investigation complete; no suspect identified
471c6bd91e523430bdc59a548bf02ce30c4d83be82f21b6c5d931023bb654c67,2025-01,North Yorkshire Police,North Yorkshire Police,-1.080451,53.958919,On or near Shopping Area,E01033070,York 013I,Local resolution
471c6bd91e523430bdc59a548bf02ce30c4d83be82f21b6c5d931023bb654c67,2025-01,North Yorkshire Police,North Yorkshire Police,-1.080451,53.958919,On or near Shopping Area,E01033070,York 013I,Local resolution
83ac5e44bfa645ae86a6aa7c475ad16de34b7d5fd04841372392cb7d115f29ac,2025-01,North Yorkshire Police,North Yorkshire Police,-0.401385,54.282609,On or near Parking Area,E01027806,Scarborough 006B,Suspect charged
83ac5e44bfa645ae86a6aa7c475ad16de34b7d5fd04841372392cb7d115f29ac,2025-01,North Yorkshire Police,North Yorkshire Police,-0.401385,54.282609,On or near Parking Area,E01027806,Scarborough 006B,Suspect charged
83ac5e44bfa645ae86a6aa7c475ad16de34b7d5fd04841372392cb7d115f29ac,2025-01,North Yorkshire Police,North Yorkshire Police,-0.401385,54.282609,On or near Parking Area,E01027806,Scarborough 006B,Suspect charged
79dd75b70c99ff3b386ed50745ad821fd407150caa8a759d929fcead2e48e5ae,2025-01,North Yorkshire Police,North Yorkshire Police,-1.083212,53.959782,On or near ,E01013366,York 013A,Unable to prosecute suspect
3d16382bf0469495d84b7fdce213a79aeb528d3332d5bc6d628a18dc19ac581e,2025-01,North Yorkshire Police,North Yorkshire Police,-0.784367,54.242803,On or near Pike Road,E01027795,Ryedale 002D,Investigation complete; no suspect identified
9ecfe09b45590ef74bfa266b3974ea312536c49056243a12b872cdbc720cccfa,2025-01,North Yorkshire Police,North Yorkshire Police,-0.434707,54.281707,On or near Hospital,E01027873,Scarborough 009F,Unable to prosecute suspect
37a09364096fd33b60ee367a454555098c1b3ffc1296c6fce8c8c32426f7e6f8,2025-01,North Yorkshire Police,North Yorkshire Police,-1.654053,54.396607,On or near Citadilla Close,E01027746,Richmondshire 003B,Investigation complete; no suspect identified
29c4c588bd3fbef85c066bdcdfe16317a6b134f4db6e2a00aa85a1ff98b8e450,2025-01,North Yorkshire Police,North Yorkshire Police,-1.396310,54.091953,On or near New Row,E01027645,Harrogate 005B,Investigation complete; no suspect identified
9cb830a8061e7de3c1314aae109c3abedf232f0b702054627bc1e4b8c54ca67c,2025-01,North Yorkshire Police,North Yorkshire Police,-0.405385,54.285646,On or near Wrea Lane,E01027847,Scarborough 006D,Unable to prosecute suspect
d28df78ebe7bcf00290b68c0deea691de6327891a4e739f53f98f2967dbe84b2,2025-01,North Yorkshire Police,North Yorkshire Police,-0.400156,54.281416,On or near Huntriss Row,E01027806,Scarborough 006B,Suspect charged
d28df78ebe7bcf00290b68c0deea691de6327891a4e739f53f98f2967dbe84b2,2025-01,North Yorkshire Police,North Yorkshire Police,-0.400156,54.281416,On or near Huntriss Row,E01027806,Scarborough 006B,Suspect charged
5cd5fd7e984cdbb08572208646364ac1b39f51c2d66e8555e968ac048977e0af,2025-01,North Yorkshire Police,North Yorkshire Police,-1.640514,54.052135,On or near Brimham Rocks Road,E01027681,Harrogate 006A,Investigation complete; no suspect identified
bf7e6e36ab66ec38f57fe669151646a9d3337d0ff721e9c990ba3a746f202adc,2025-01,North Yorkshire Police,North Yorkshire Police,-0.303289,54.214134,On or near Heron Court,E01027830,Scarborough 014D,Suspect charged
bf7e6e36ab66ec38f57fe669151646a9d3337d0ff721e9c990ba3a746f202adc,2025-01,North Yorkshire Police,North Yorkshire Police,-0.303289,54.214134,On or near Heron Court,E01027830,Scarborough 014D,Suspect charged
3039b12accc10f5ef4cbe97fc6213a7357021c96207dbc31d9a8d9852553f71e,2025-01,North Yorkshire Police,North Yorkshire Police,-1.505114,53.988444,On or near Petrol Station,E01027660,Harrogate 017A,Unable to prosecute suspect
63d4bd11453afd042e8a918b71954440bb5d5da57509e1c2eea54f32b3455813,2025-01,North Yorkshire Police,North Yorkshire Police,-0.459480,54.299940,On or near Glen Close,E01027857,Scarborough 004F,Unable to prosecute suspect
90d64cf991dbe39ad168e41e051b424515f52dd25063083696e5652308f3dba1,2025-01,North Yorkshire Police,North Yorkshire Police,-1.627899,53.937225,On or near Braythorne Lane,E01027734,Harrogate 018C,Unable to prosecute suspect
893a418b99d14277d7a0f2b3c25c50399b2d22e0334ce426a9dfc4346e693fb6,2025-01,North Yorkshire Police,North Yorkshire Police,-0.409609,54.277667,On or near Belgrave Crescent,E01027862,Scarborough 008E,Suspect charged
893a418b99d14277d7a0f2b3c25c50399b2d22e0334ce426a9dfc4346e693fb6,2025-01,North Yorkshire Police,North Yorkshire Police,-0.409609,54.277667,On or near Belgrave Crescent,E01027862,Scarborough 008E,Suspect charged
ea9a9573f79cf874f96dda119bed9fcd8b0edd316cd32f9fe13b1526f789f263,2025-01,North Yorkshire Police,North Yorkshire Police,-1.082505,53.966683,On or near Clarence Street,E01013366,York 013A,Suspect charged
ea9a9573f79cf874f96dda119bed9fcd8b0edd316cd32f9fe13b1526f789f263,2025-01,North Yorkshire Police,North Yorkshire Police,-1.082505,53.966683,On or near Clarence Street,E01013366,York 013A,Suspect charged
27795423a959ebd095f8bbe6400b219f1acd05a360b40b7b9a563d9b57d3a179,2025-01,North Yorkshire Police,North Yorkshire Police,-1.348013,54.229275,On or near Victoria Avenue,E01027620,Hambleton 008A,Suspect charged
27795423a959ebd095f8bbe6400b219f1acd05a360b40b7b9a563d9b57d3a179,2025-01,North Yorkshire Police,North Yorkshire Police,-1.348013,54.229275,On or near Victoria Avenue,E01027620,Hambleton 008A,Suspect charged
6f97961b9c8e4e04b0a7345e73c6e189a1eb704017caabe4f6420f5cfc9f8e1c,2025-01,North Yorkshire Police,North Yorkshire Police,-1.089571,53.768753,On or near Petrol Station,E01027880,Selby 007B,Further investigation is not in the public interest
6f97961b9c8e4e04b0a7345e73c6e189a1eb704017caabe4f6420f5cfc9f8e1c,2025-01,North Yorkshire Police,North Yorkshire Police,-1.089571,53.768753,On or near Petrol Station,E01027880,Selby 007B,Further investigation is not in the public interest
60c8e9494f6c736c5e77516f9a4d95471e19c2f9ef03ecf58d04d7baa10ea39f,2025-01,North Yorkshire Police,North Yorkshire Police,-1.134130,53.945584,On or near Tithe Close,E01013446,York 018D,Unable to prosecute suspect
60c8e9494f6c736c5e77516f9a4d95471e19c2f9ef03ecf58d04d7baa10ea39f,2025-01,North Yorkshire Police,North Yorkshire Police,-1.134130,53.945584,On or near Tithe Close,E01013446,York 018D,Unable to prosecute suspect
2a11b399962ba7fa5c5445e50d984008ce044642d0f4c47ae1cc0e78fd090151,2025-01,North Yorkshire Police,North Yorkshire Police,-0.787938,54.142893,On or near Hawthorn Avenue,E01027787,Ryedale 009A,Unable to prosecute suspect
2a11b399962ba7fa5c5445e50d984008ce044642d0f4c47ae1cc0e78fd090151,2025-01,North Yorkshire Police,North Yorkshire Police,-0.787938,54.142893,On or near Hawthorn Avenue,E01027787,Ryedale 009A,Unable to prosecute suspect
ef270267d5e24acbe8027eaa696ddd5443edb0988af31a6e9f9b812be77a935b,2025-01,North Yorkshire Police,North Yorkshire Police,-1.516669,54.141668,On or near Magdalen's Close,E01027705,Harrogate 004A,Unable to prosecute suspect
b6899e0ef90ba6185c01cd1b60fa101675bb55d7c09126a33ea122414f161f7d,2025-01,North Yorkshire Police,North Yorkshire Police,-0.831991,54.264805,On or near ,E01027776,Ryedale 001A,Unable to prosecute suspect
2f5eff9f8cdcd44f94b23d89b61f8552761c8e21be691477f0932b3eccab05bb,2025-01,North Yorkshire Police,North Yorkshire Police,-1.523116,54.137406,On or near Old Market Place,E01027706,Harrogate 004B,Unable to prosecute suspect
d2533b9a87a89457c56c54ba2175efc7137bb07739d3e8725d06f0f4df386859,2025-01,North Yorkshire Police,North Yorkshire Police,-1.074444,53.949600,On or near ,E01013361,York 019B,Unable to prosecute suspect
d2533b9a87a89457c56c54ba2175efc7137bb07739d3e8725d06f0f4df386859,2025-01,North Yorkshire Police,North Yorkshire Police,-1.074444,53.949600,On or near ,E01013361,York 019B,Unable to prosecute suspect
d98528073a8bade005a3b557278771d02ad6b5bc04f1129beb554594fba64d2f,2025-01,North Yorkshire Police,North Yorkshire Police,-0.459188,54.323386,On or near Limestone Way,E01027836,Scarborough 004E,Action to be taken by another organisation
5627b64c998fc96d2c9a550b0b90ac8392a13a021c0b64c84c152884392a96bb,2025-01,North Yorkshire Police,North Yorkshire Police,-1.545590,53.999731,On or near Hollins Road,E01027677,Harrogate 015D,Unable to prosecute suspect
905445ce35d0789e5d08bb8a7be1701155f0844b97590213c540f895bd5a918c,2025-01,North Yorkshire Police,North Yorkshire Police,-1.761706,54.085879,On or near Mill Lane,E01027702,Harrogate 006D,Investigation complete; no suspect identified
5fa245a08620f753c13a05ad9b4c34ddd3d402c5a023cc2d890a93208504d69b,2025-01,North Yorkshire Police,North Yorkshire Police,-1.229514,53.752234,On or near Hillam Hall Lane,E01027899,Selby 009D,Investigation complete; no suspect identified
bd3aedfd384a0ddb997b68c061003bac04b202b8db587261e6f046957eaa81bc,2025-01,North Yorkshire Police,North Yorkshire Police,-1.548584,53.989442,On or near Somerset Road,E01027679,Harrogate 019B,Investigation complete; no suspect identified
5969afb4fa1732b2a5f444084da2d8049718b13318fb900060e8a8f1163d4cb0,2025-01,North Yorkshire Police,North Yorkshire Police,-1.239161,53.795799,On or near Heather Drive,E01034976,Selby 004G,Unable to prosecute suspect
5c2ad8f0c6410a060ba16d7a649d47ddd3e2dd4cc11bf81cf10ad0b88975a025,2025-01,North Yorkshire Police,North Yorkshire Police,-1.076475,53.785506,On or near Buttermere Court,E01027908,Selby 005D,Investigation complete; no suspect identified
57f430ed063c347c23ea7d3fd7b17980dcc290fb4dd99ed2115610aff57b931f,2025-01,North Yorkshire Police,North Yorkshire Police,-1.252725,53.797653,On or near ,E01027914,Selby 004B,Unable to prosecute suspect
2f848d65dbbd4720e524ec8d0a36c0fe388961f38949fb6c30da7d92c023f19e,2025-01,North Yorkshire Police,North Yorkshire Police,-1.080451,53.958919,On or near Shopping Area,E01033070,York 013I,Unable to prosecute suspect
49c8ee246f33bedb247f4a306b9fb53392d6f8a5ad2a6ac6108dcac9729fcf8f,2025-01,North Yorkshire Police,North Yorkshire Police,-1.496051,53.974871,On or near Rudding Lane,E01027704,Harrogate 012D,Unable to prosecute suspect
b7b775a62399cac4edf100052e56e00b6bd106bc57236895e8bdeca5211dd6b1,2025-01,North Yorkshire Police,North Yorkshire Police,-1.496051,53.974871,On or near Rudding Lane,E01027704,Harrogate 012D,Unable to prosecute suspect
194b1b2a6d9f7d7cb8da2405c2c2ad2434ddd850f0531409ab000a4ee49231e3,2025-01,North Yorkshire Police,North Yorkshire Police,-0.769568,54.245565,On or near Marshall Drive,E01027792,Ryedale 002A,Unable to prosecute suspect
194b1b2a6d9f7d7cb8da2405c2c2ad2434ddd850f0531409ab000a4ee49231e3,2025-01,North Yorkshire Police,North Yorkshire Police,-0.769568,54.245565,On or near Marshall Drive,E01027792,Ryedale 002A,Unable to prosecute suspect
0d1a376022c4c02d26e78f04b4957d21fb04d3214b3afdfc02e40b60c8bb43b0,2025-01,North Yorkshire Police,North Yorkshire Police,-1.697295,54.368189,On or near Castleton Road,E01034967,Richmondshire 004K,Investigation complete; no suspect identified
0d1a376022c4c02d26e78f04b4957d21fb04d3214b3afdfc02e40b60c8bb43b0,2025-01,North Yorkshire Police,North Yorkshire Police,-1.697295,54.368189,On or near Castleton Road,E01034967,Richmondshire 004K,Investigation complete; no suspect identified
08bd59a20855a8def12f880a8271891d433473f517376a91d2a781cc3222ceab,2025-01,North Yorkshire Police,North Yorkshire Police,-1.436958,54.283552,On or near ,E01027633,Hambleton 007C,Further investigation is not in the public interest
2812cf70c3ec472b12f09b902669f4759f3bde363f03f45b783f6bc778e751cf,2025-01,North Yorkshire Police,North Yorkshire Police,-1.255075,53.790537,On or near ,E01027915,Selby 004C,Further investigation is not in the public interest
a09455c2790981e9e20d0705bca38d45aed25e72387fca1ef328daedca0f1528,2025-01,North Yorkshire Police,North Yorkshire Police,-1.434285,54.337981,On or near Shopping Area,E01027608,Hambleton 013B,Investigation complete; no suspect identified
4730a79b2970d192992df962e73ab4e5e508ceb0a35f6d53b62f475eb9dd8b67,2025-01,North Yorkshire Police,North Yorkshire Police,-1.049362,53.983500,On or near ,E01013409,York 005C,Investigation complete; no suspect identified
a501b6901ba59a342ebe59f9782eb6fa64b941ea18327dd6e3a44f6ddad4795b,2025-01,North Yorkshire Police,North Yorkshire Police,-0.635585,54.489502,On or near Love Lane,E01027871,Scarborough 001E,Unable to prosecute suspect
98c056cd883dce2ff727be3fdaf976aebcea4ec46bc0111037733e71998113e1,2025-01,North Yorkshire Police,North Yorkshire Police,-1.424717,54.342501,On or near The Meadows,E01027612,Hambleton 013A,Unable to prosecute suspect
98c056cd883dce2ff727be3fdaf976aebcea4ec46bc0111037733e71998113e1,2025-01,North Yorkshire Police,North Yorkshire Police,-1.424717,54.342501,On or near The Meadows,E01027612,Hambleton 013A,Unable to prosecute suspect
7a4225bf3c7c03e98183a07072cc4770b0fd444c73c2f0181a69975b36f247c9,2025-01,North Yorkshire Police,North Yorkshire Police,-0.964426,53.765976,On or near Novey Lane,E01027896,Selby 008D,Unable to prosecute suspect
7a4225bf3c7c03e98183a07072cc4770b0fd444c73c2f0181a69975b36f247c9,2025-01,North Yorkshire Police,North Yorkshire Police,-0.964426,53.765976,On or near Novey Lane,E01027896,Selby 008D,Unable to prosecute suspect
69d4215e40f86b6e7822479d35e6a0ff527900fcffc101a999b27f7766b43525,2025-01,North Yorkshire Police,North Yorkshire Police,-0.410904,54.278349,On or near West Parade Road,E01027812,Scarborough 008C,Investigation complete; no suspect identified
dc964fac2eba24a6f28daebb23f234683feac778440e25354b73d9ea8046650b,2025-01,North Yorkshire Police,North Yorkshire Police,-1.085422,53.962948,On or near A19,E01013366,York 013A,Investigation complete; no suspect identified
63579e48061fa895e932803dc6d98a0da6e3c3478a52f60d3e3547eeff7ed810,2025-01,North Yorkshire Police,North Yorkshire Police,-1.072270,53.783461,On or near Turner's Square,E01027908,Selby 005D,Investigation complete; no suspect identified
754b668f1b8e709310b4a2c35f5725faa5e3b0efe11e48684a9643e2a9e93cec,2025-01,North Yorkshire Police,North Yorkshire Police,-1.537373,53.992303,On or near Parking Area,E01027678,Harrogate 015E,Investigation complete; no suspect identified
6d099073d3fee1d1f3e2a678e90b348c79f248ceebea1fd5dc4953565b3221f5,2025-01,North Yorkshire Police,North Yorkshire Police,-1.296666,53.967309,On or near The Green,E01027683,Harrogate 016A,Investigation complete; no suspect identified
2cbe203504853f5a1e2c560514d4ec967276795d4bcba5bee33db7ea89328c93,2025-01,North Yorkshire Police,North Yorkshire Police,-1.067267,53.983517,On or near Bramble Grove,E01013405,York 005A,Suspect charged
2cbe203504853f5a1e2c560514d4ec967276795d4bcba5bee33db7ea89328c93,2025-01,North Yorkshire Police,North Yorkshire Police,-1.067267,53.983517,On or near Bramble Grove,E01013405,York 005A,Suspect charged
c43bdb0c4c14e21dd04e6f627a36553f6ea6781ec6abfd5ca5107fa4ec084b84,2025-01,North Yorkshire Police,North Yorkshire Police,-1.031315,53.746842,On or near Barlow Road,E01027882,Selby 007C,Further investigation is not in the public interest
c43bdb0c4c14e21dd04e6f627a36553f6ea6781ec6abfd5ca5107fa4ec084b84,2025-01,North Yorkshire Police,North Yorkshire Police,-1.031315,53.746842,On or near Barlow Road,E01027882,Selby 007C,Further investigation is not in the public interest
6052c3898d501ed488ca18ec8cc0189e731c9f0bf35dc89ccb0c3e25ad5011e3,2025-01,North Yorkshire Police,North Yorkshire Police,-1.084675,53.972712,On or near Haughton Road,E01013350,York 009E,Investigation complete; no suspect identified
242d0340c45898ebeb314498654c8a1995d63e1229c7c29e3e4c2d124b4fa788,2025-01,North Yorkshire Police,North Yorkshire Police,-1.144516,53.784798,On or near Carr Lane,E01027886,Selby 002B,Investigation complete; no suspect identified
58f01a6201a36b5a39b97b67b82a507edc6e508934672bfd3f50ef159a9ea792,2025-01,North Yorkshire Police,North Yorkshire Police,-0.303289,54.214134,On or near Heron Court,E01027830,Scarborough 014D,Suspect charged
58f01a6201a36b5a39b97b67b82a507edc6e508934672bfd3f50ef159a9ea792,2025-01,North Yorkshire Police,North Yorkshire Police,-0.303289,54.214134,On or near Heron Court,E01027830,Scarborough 014D,Suspect charged
4c5be77ba0424b87bc2774e27ac7f33744b2d9c6c705980f2a574c715a340f9c,2025-01,North Yorkshire Police,North Yorkshire Police,-0.777663,54.245854,On or near Market Place,E01027792,Ryedale 002A,Suspect charged
4c5be77ba0424b87bc2774e27ac7f33744b2d9c6c705980f2a574c715a340f9c,2025-01,North Yorkshire Police,North Yorkshire Police,-0.777663,54.245854,On or near Market Place,E01027792,Ryedale 002A,Suspect charged
3eaf7f4b0d598b3ea1b5f8816af4ad57b3e1dda46db8de222b39e3d43db000e2,2025-01,North Yorkshire Police,North Yorkshire Police,-0.484789,54.127361,On or near Butterwick Road,E01027803,Ryedale 004D,Unable to prosecute suspect
3eaf7f4b0d598b3ea1b5f8816af4ad57b3e1dda46db8de222b39e3d43db000e2,2025-01,North Yorkshire Police,North Yorkshire Police,-0.484789,54.127361,On or near Butterwick Road,E01027803,Ryedale 004D,Unable to prosecute suspect
d234e674159ab32ed06bfc405300d5ea46a1333f3975d69d7da62f20105d80c2,2025-01,North Yorkshire Police,North Yorkshire Police,-1.431371,54.345229,On or near Winston Court,E01034961,Hambleton 012A,Investigation complete; no suspect identified
6f5100248661b6591060ed58ba41f1a9af81a5c5bab79829c3e58259828a0bf8,2025-01,North Yorkshire Police,North Yorkshire Police,-1.153025,53.691568,On or near All Saints Grove,E01027924,Selby 010D,Investigation complete; no suspect identified
c653d38bca88641d9165f754a7b0eaf700b063f5081f236598f8c85f58185bf2,2025-01,North Yorkshire Police,North Yorkshire Police,-1.059887,53.963155,On or near Ninth Avenue,E01013383,York 010D,Suspect charged
c653d38bca88641d9165f754a7b0eaf700b063f5081f236598f8c85f58185bf2,2025-01,North Yorkshire Police,North Yorkshire Police,-1.059887,53.963155,On or near Ninth Avenue,E01013383,York 010D,Suspect charged
81c7812d42fbed8c3f43b0cd00acf17f46e067601ee9707b91c37071ee5c79ff,2025-01,North Yorkshire Police,North Yorkshire Police,-1.532357,53.977148,On or near Coronation Road,E01027698,Harrogate 020C,Action to be taken by another organisation
7d70a2cc5954735cea1590bb551d8540d01c4510931a349ec94da416bf9e18c7,2025-01,North Yorkshire Police,North Yorkshire Police,-1.081996,53.959662,On or near ,E01013366,York 013A,Investigation complete; no suspect identified
e075e52dc000a91f2eadb52fac986ab7d33de5e65a97bbe927fdd5cd20e4ae79,2025-01,North Yorkshire Police,North Yorkshire Police,-1.107215,53.963103,On or near Stamford Street East,E01013391,York 017B,Unable to prosecute suspect
2ed63af4a5a0fbbdce16005005124071eba696ab2f50a281864fb8c4f96e5c32,2025-01,North Yorkshire Police,North Yorkshire Police,-1.085007,53.979806,On or near St Josephs Court,E01013350,York 009E,Unable to prosecute suspect
0422cadff064140f2b3168c991478cb7e368df048db7ab7d112ae5a487db3483,2025-01,North Yorkshire Police,North Yorkshire Police,-1.424143,54.340692,On or near Elm Avenue,E01027609,Hambleton 012D,Unable to prosecute suspect
e9c0c9e55b189babacbdb63427d1f3433ca9b4559f304e9e2aba488f37169fed,2025-01,North Yorkshire Police,North Yorkshire Police,-1.174789,54.116308,On or near Ladycarr Lane,E01027595,Hambleton 010B,Investigation complete; no suspect identified
bb39502e75b7bf15835a9afb9447dcc402ac46b01141de081746512a06c18783,2025-01,North Yorkshire Police,North Yorkshire Police,-0.404446,54.280520,On or near Nightclub,E01027804,Scarborough 010A,Suspect charged
bb39502e75b7bf15835a9afb9447dcc402ac46b01141de081746512a06c18783,2025-01,North Yorkshire Police,North Yorkshire Police,-0.404446,54.280520,On or near Nightclub,E01027804,Scarborough 010A,Suspect charged
cec34ebb419fc66391087d7364f019e10ce0b6fad9a9c42736a7a3ad68f04f72,2025-01,North Yorkshire Police,North Yorkshire Police,-1.084118,53.959281,On or near ,E01033070,York 013I,Unable to prosecute suspect
599875df53488c9bc22fa7ede59a8c2fa63d93c1a849f31559836674aa90a510,2025-01,North Yorkshire Police,North Yorkshire Police,-0.401385,54.282609,On or near Parking Area,E01027806,Scarborough 006B,Local resolution
599875df53488c9bc22fa7ede59a8c2fa63d93c1a849f31559836674aa90a510,2025-01,North Yorkshire Police,North Yorkshire Police,-0.401385,54.282609,On or near Parking Area,E01027806,Scarborough 006B,Local resolution
a5d6eed3a85d30e99cb3d039922bbaf75b3949d888b2d4c316a3a05e6ae82229,2025-01,North Yorkshire Police,North Yorkshire Police,-1.093194,53.954621,On or near Conference/Exhibition Centre,E01013416,York 013E,Unable to prosecute suspect
58b5a274c74d4ee5c321566a3466031861bca70e563bf05915c532cd8a04c1ac,2025-01,North Yorkshire Police,North Yorkshire Police,-0.964426,53.765976,On or near Novey Lane,E01027896,Selby 008D,Unable to prosecute suspect
58b5a274c74d4ee5c321566a3466031861bca70e563bf05915c532cd8a04c1ac,2025-01,North Yorkshire Police,North Yorkshire Police,-0.964426,53.765976,On or near Novey Lane,E01027896,Selby 008D,Unable to prosecute suspect
45954258f75290ad94a8de6b4bab7f84de903488bdf6087fd21dfd51b6b5ae77,2025-01,North Yorkshire Police,North Yorkshire Police,-0.295307,54.212826,On or near Grove Road,E01027830,Scarborough 014D,Unable to prosecute suspect
343d8477f919676fea4834feba0162832bf9d41ef274d22f4bcd16a91c190fb5,2025-01,North Yorkshire Police,North Yorkshire Police,-1.084118,53.959281,On or near ,E01033070,York 013I,Unable to prosecute suspect
a6d061e4965b68458f9a212832fcaf93d1c595cc8a45280a159a00ba1c5af44a,2025-01,North Yorkshire Police,North Yorkshire Police,-1.724000,54.374667,On or near ,E01034965,Richmondshire 004I,Further investigation is not in the public interest
d84460c258f4fc4a4a61775396a4e247e7a3dd7124f79a936059c30404c5f7c0,2025-01,North Yorkshire Police,North Yorkshire Police,-1.122010,53.941595,On or near Highmoor Road,E01013359,York 022E,Unable to prosecute suspect
44bab00f6d156484b12172c4f753431304dac1b1ee04b85cd404cd4812abd2d3,2025-01,North Yorkshire Police,North Yorkshire Police,-0.967578,54.368685,On or near Mackeridge Lane,E01027777,Ryedale 001B,Investigation complete; no suspect identified
99d3216ff97f1bcc5e82b6949d4f7b071142d8992bf721df646e74d01216bcc9,2025-01,North Yorkshire Police,North Yorkshire Police,-1.459708,54.016974,On or near Carmires Avenue,E01027676,Harrogate 009D,Local resolution
99d3216ff97f1bcc5e82b6949d4f7b071142d8992bf721df646e74d01216bcc9,2025-01,North Yorkshire Police,North Yorkshire Police,-1.459708,54.016974,On or near Carmires Avenue,E01027676,Harrogate 009D,Local resolution
eccc18e167ef7464ffd49b2e59410cabfb597065701713c8dbe96b7ce98a57dc,2025-01,North Yorkshire Police,North Yorkshire Police,-1.433721,54.339324,On or near Shopping Area,E01027608,Hambleton 013B,Suspect charged
eccc18e167ef7464ffd49b2e59410cabfb597065701713c8dbe96b7ce98a57dc,2025-01,North Yorkshire Police,North Yorkshire Police,-1.433721,54.339324,On or near Shopping Area,E01027608,Hambleton 013B,Suspect charged
926c9c3c12c0193f995d5d243be539ad2841789d34245ae0b9baf1e1070eede8,2025-01,North Yorkshire Police,North Yorkshire Police,-1.615186,54.511020,On or near Moor Lane,E01027743,Richmondshire 001A,Unable to prosecute suspect
a99a6b2d6532c7a3fbffa9075c7007d817200fbadacf702a83bdc8e338fac882,2025-01,North Yorkshire Police,North Yorkshire Police,-0.441704,54.241611,On or near Napier Crescent,E01027860,Scarborough 012E,Unable to prosecute suspect
a99a6b2d6532c7a3fbffa9075c7007d817200fbadacf702a83bdc8e338fac882,2025-01,North Yorkshire Police,North Yorkshire Police,-0.441704,54.241611,On or near Napier Crescent,E01027860,Scarborough 012E,Unable to prosecute suspect
4bfc51dce648fc9a889e37b691fb14e10c59107112632bcf775f836eb3345eec,2025-01,North Yorkshire Police,North Yorkshire Police,-1.531061,53.992134,On or near Queens Gate,E01027656,Harrogate 019A,Unable to prosecute suspect
4bfc51dce648fc9a889e37b691fb14e10c59107112632bcf775f836eb3345eec,2025-01,North Yorkshire Police,North Yorkshire Police,-1.531061,53.992134,On or near Queens Gate,E01027656,Harrogate 019A,Unable to prosecute suspect
eadec24ce14ec7d83bd206c925a466cc58fb8413c23e5b2a49b72133576f0f8a,2025-01,North Yorkshire Police,North Yorkshire Police,-2.278919,54.068184,On or near Parking Area,E01027572,Craven 003C,Investigation complete; no suspect identified
a6780afd20119d27d9d3ff3a9ff35e4103bd14ed44181e02f8f60972621dffc1,2025-01,North Yorkshire Police,North Yorkshire Police,-1.630140,54.375371,On or near Scott Close,E01027747,Richmondshire 003C,Unable to prosecute suspect
a6780afd20119d27d9d3ff3a9ff35e4103bd14ed44181e02f8f60972621dffc1,2025-01,North Yorkshire Police,North Yorkshire Police,-1.630140,54.375371,On or near Scott Close,E01027747,Richmondshire 003C,Unable to prosecute suspect
0ee6a393347bd5431b36ce67ecef9a3aefe0db527fbf308ce1d339792121a7fa,2025-01,North Yorkshire Police,North Yorkshire Police,-1.049464,53.959091,On or near Supermarket,E01013401,York 015E,Investigation complete; no suspect identified
65abd1f3a6dcc867307c4e7ad94e26479b010535b23a2d5d40a77268d9a3d7c5,2025-01,North Yorkshire Police,North Yorkshire Police,-1.434285,54.337981,On or near Shopping Area,E01027608,Hambleton 013B,Investigation complete; no suspect identified
c2883ded48b6bca50450c0a93d2da23dfa0b1e8385af75914c953b184d590f0e,2025-01,North Yorkshire Police,North Yorkshire Police,-1.238254,53.796422,On or near Moorland Way,E01034976,Selby 004G,Investigation complete; no suspect identified
c5a5a3f91ceebbe48d2f58c8276b4315a1ae5a66000725b6db21fad64bf808bf,2025-01,North Yorkshire Police,North Yorkshire Police,-0.396548,54.282968,On or near Prospect Place,E01027806,Scarborough 006B,Suspect charged
c5a5a3f91ceebbe48d2f58c8276b4315a1ae5a66000725b6db21fad64bf808bf,2025-01,North Yorkshire Police,North Yorkshire Police,-0.396548,54.282968,On or near Prospect Place,E01027806,Scarborough 006B,Suspect charged
8f1df2438a5dfbb397b507458e3184b02d8c779eabbc28efe0ba42756725cf5c,2025-01,North Yorkshire Police,North Yorkshire Police,-0.618632,54.485427,On or near Union Road,E01034972,Scarborough 001F,Investigation complete; no suspect identified
6040086d7250ba14897aadc7e5aefda60d5e7ca0578beb83057a288ee4d4311f,2025-01,North Yorkshire Police,North Yorkshire Police,-0.396548,54.282968,On or near Prospect Place,E01027806,Scarborough 006B,Unable to prosecute suspect
6040086d7250ba14897aadc7e5aefda60d5e7ca0578beb83057a288ee4d4311f,2025-01,North Yorkshire Police,North Yorkshire Police,-0.396548,54.282968,On or near Prospect Place,E01027806,Scarborough 006B,Unable to prosecute suspect
4b2e7c4401d41a48ecc41f82971d685ea4b23e9f54cf2e3b564a5cd3d9c34bfd,2025-01,North Yorkshire Police,North Yorkshire Police,-1.431782,54.337709,On or near Supermarket,E01027608,Hambleton 013B,Investigation complete; no suspect identified
4b2e7c4401d41a48ecc41f82971d685ea4b23e9f54cf2e3b564a5cd3d9c34bfd,2025-01,North Yorkshire Police,North Yorkshire Police,-1.431782,54.337709,On or near Supermarket,E01027608,Hambleton 013B,Investigation complete; no suspect identified
4b2e7c4401d41a48ecc41f82971d685ea4b23e9f54cf2e3b564a5cd3d9c34bfd,2025-01,North Yorkshire Police,North Yorkshire Police,-1.431782,54.337709,On or near Supermarket,E01027608,Hambleton 013B,Investigation complete; no suspect identified
4b2e7c4401d41a48ecc41f82971d685ea4b23e9f54cf2e3b564a5cd3d9c34bfd,2025-01,North Yorkshire Police,North Yorkshire Police,-1.431782,54.337709,On or near Supermarket,E01027608,Hambleton 013B,Investigation complete; no suspect identified
db6b7f4584271f57e309dd85985a773a7d88240b9fd53ea6fa35b77ce947eabb,2025-01,North Yorkshire Police,North Yorkshire Police,-1.359393,54.221969,On or near Oak Drive,E01034959,Hambleton 009E,Unable to prosecute suspect
1829c7ad13cf546518f36a257975e5fcfcbfca4304ac398c18ec7a46c81de690,2025-01,North Yorkshire Police,North Yorkshire Police,-1.274019,53.886246,On or near Tower Crescent,E01027919,Selby 001B,Unable to prosecute suspect
7026f28c1e40e5fb5d7d4479b25d306396ff211bd4d6203ae5a8db9e96bbd894,2025-01,North Yorkshire Police,North Yorkshire Police,-1.080451,53.958919,On or near Shopping Area,E01033070,York 013I,Suspect charged
7026f28c1e40e5fb5d7d4479b25d306396ff211bd4d6203ae5a8db9e96bbd894,2025-01,North Yorkshire Police,North Yorkshire Police,-1.080451,53.958919,On or near Shopping Area,E01033070,York 013I,Suspect charged
81fff7c585899fe014806864380d18c23315eaf794b0d823a837726a3392ab2f,2025-01,North Yorkshire Police,North Yorkshire Police,-1.119830,53.964841,On or near Welton Avenue,E01013392,York 012F,Investigation complete; no suspect identified
0fc66675ea148fd97b4addec71524317f1452671e88f6bc2309e13023cd8e6cf,2025-01,North Yorkshire Police,North Yorkshire Police,-1.545185,53.992117,On or near Esplanade,E01027680,Harrogate 015F,Investigation complete; no suspect identified
c08f3ca8b92f2366b8b7c8cc23dd7ffd769fff500323e4648650e5455f0df623,2025-01,North Yorkshire Police,North Yorkshire Police,-1.499506,53.984887,On or near ,E01027660,Harrogate 017A,Unable to prosecute suspect
083780e742a8b0c824362d9990f6fc376185515eb877066dc604960ec00b9873,2025-01,North Yorkshire Police,North Yorkshire Police,-1.086976,53.972766,On or near Burton Stone Lane,E01013345,York 009B,Suspect charged
083780e742a8b0c824362d9990f6fc376185515eb877066dc604960ec00b9873,2025-01,North Yorkshire Police,North Yorkshire Police,-1.086976,53.972766,On or near Burton Stone Lane,E01013345,York 009B,Suspect charged
fe428b3633849db53ad733ce267672b1660075e6b02de413608cea2a624dbdec,2025-01,North Yorkshire Police,North Yorkshire Police,-1.086976,53.972766,On or near Burton Stone Lane,E01013345,York 009B,Suspect charged
fe428b3633849db53ad733ce267672b1660075e6b02de413608cea2a624dbdec,2025-01,North Yorkshire Police,North Yorkshire Police,-1.086976,53.972766,On or near Burton Stone Lane,E01013345,York 009B,Suspect charged
93a418ec986423422431d1d4f650902d7c7dafd660923fee007b069ae0393d46,2025-01,North Yorkshire Police,North Yorkshire Police,-1.073219,53.976417,On or near Mallard Landings,E01013386,York 010E,Unable to prosecute suspect
fbd3f4be354d263048f1d07b7737a5e94b77255a438d2410dab8afb171aca513,2025-01,North Yorkshire Police,North Yorkshire Police,-1.079183,53.959053,On or near Whip-Ma-Whop-Ma-Gate,E01033067,York 013F,Further investigation is not in the public interest
fbd3f4be354d263048f1d07b7737a5e94b77255a438d2410dab8afb171aca513,2025-01,North Yorkshire Police,North Yorkshire Police,-1.079183,53.959053,On or near Whip-Ma-Whop-Ma-Gate,E01033067,York 013F,Further investigation is not in the public interest
18e952e486badf12e9aeb39340b380cc88050f6557f4784cf81c29ca9ac2b816,2025-01,North Yorkshire Police,North Yorkshire Police,-0.399707,54.282317,On or near Shopping Area,E01027806,Scarborough 006B,Local resolution
18e952e486badf12e9aeb39340b380cc88050f6557f4784cf81c29ca9ac2b816,2025-01,North Yorkshire Police,North Yorkshire Police,-0.399707,54.282317,On or near Shopping Area,E01027806,Scarborough 006B,Local resolution
d7e57d03279914bb1cc6517de9a35a7cf6a80c349b03cc4a1093700bb8beefe7,2025-01,North Yorkshire Police,North Yorkshire Police,-1.174789,54.116308,On or near Ladycarr Lane,E01027595,Hambleton 010B,Investigation complete; no suspect identified
7c7deca17e751692e8b6bf21c1967c43cc5a18cbf8fd176a56748b7587e1433a,2025-01,North Yorkshire Police,North Yorkshire Police,-0.801904,54.141145,On or near Outgang Road,E01034968,Ryedale 009B,Investigation complete; no suspect identified
456c2283a7d59853cf92d0b3b352f611d115226e16f179b29dc8db76cbe34407,2025-01,North Yorkshire Police,North Yorkshire Police,-0.940852,54.269074,On or near ,E01027783,Ryedale 001C,Unable to prosecute suspect
74faea558f165d894f68b86f9efaf10d84a1424b656a6ce4bbe9d20eaeff085f,2025-01,North Yorkshire Police,North Yorkshire Police,-1.091458,53.965061,On or near Queen Anne's Road,E01013344,York 007A,Unable to prosecute suspect
1400d70915e734762939d3ac6adeaa3be6a40f7dbe29492917e8a97fa76d9d56,2025-01,North Yorkshire Police,North Yorkshire Police,-1.439272,54.344043,On or near Supermarket,E01034962,Hambleton 012B,Investigation complete; no suspect identified
1400d70915e734762939d3ac6adeaa3be6a40f7dbe29492917e8a97fa76d9d56,2025-01,North Yorkshire Police,North Yorkshire Police,-1.439272,54.344043,On or near Supermarket,E01034962,Hambleton 012B,Investigation complete; no suspect identified
cd12a1977f501708192ee9b7058f635b0fea9ba15d3d750251d2176ccca67d6b,2025-01,North Yorkshire Police,North Yorkshire Police,-1.131720,53.951589,On or near Bachelor Hill,E01013445,York 016F,Unable to prosecute suspect
cd12a1977f501708192ee9b7058f635b0fea9ba15d3d750251d2176ccca67d6b,2025-01,North Yorkshire Police,North Yorkshire Police,-1.131720,53.951589,On or near Bachelor Hill,E01013445,York 016F,Unable to prosecute suspect
30b517edb5f179cc063ae8e6b8d51f1df6f6c74d53a493e1f4138bfccca9f6e2,2025-01,North Yorkshire Police,North Yorkshire Police,-0.408252,54.288919,On or near ,E01034974,Scarborough 006F,Unable to prosecute suspect
dfa073d32fccae1996d00a126919f0c97e2dddf42c81a5d1f56eed829366f374,2025-01,North Yorkshire Police,North Yorkshire Police,-0.775660,54.137690,On or near Scarborough Road,E01034969,Ryedale 009C,Unable to prosecute suspect
c89b9c0239de9904f7ac676e857228c0e5a7cd7e3b20c74789eda0b556779e3b,2025-01,North Yorkshire Police,North Yorkshire Police,-0.775660,54.137690,On or near Scarborough Road,E01034969,Ryedale 009C,Unable to prosecute suspect
df291e3c8a62b20ebe8efa1987574145436f52a14ef15aa530e4cd6acf399fce,2025-01,North Yorkshire Police,North Yorkshire Police,-1.531061,53.992134,On or near Queens Gate,E01027656,Harrogate 019A,Unable to prosecute suspect
df291e3c8a62b20ebe8efa1987574145436f52a14ef15aa530e4cd6acf399fce,2025-01,North Yorkshire Police,North Yorkshire Police,-1.531061,53.992134,On or near Queens Gate,E01027656,Harrogate 019A,Unable to prosecute suspect
0008efe371efd42996226a4f453e425c517e60e26ad080b21c85aa980db631bf,2025-01,North Yorkshire Police,North Yorkshire Police,-1.237574,53.795438,On or near Saxon Way,E01034976,Selby 004G,Suspect charged
0008efe371efd42996226a4f453e425c517e60e26ad080b21c85aa980db631bf,2025-01,North Yorkshire Police,North Yorkshire Police,-1.237574,53.795438,On or near Saxon Way,E01034976,Selby 004G,Suspect charged
96dd13f3040a8d9435c6cd3db49f0eea5d65a634918b54a77366bbd9b5ccbcd2,2025-01,North Yorkshire Police,North Yorkshire Police,-1.698888,54.375598,On or near Horseshoe Close,E01034967,Richmondshire 004K,Unable to prosecute suspect
96dd13f3040a8d9435c6cd3db49f0eea5d65a634918b54a77366bbd9b5ccbcd2,2025-01,North Yorkshire Police,North Yorkshire Police,-1.698888,54.375598,On or near Horseshoe Close,E01034967,Richmondshire 004K,Unable to prosecute suspect
f7de7021ebb5907116c67d5d7532e63de3e497d026be2dc0766f5354c2aa1908,2025-01,North Yorkshire Police,North Yorkshire Police,-1.085693,53.963813,On or near Bootham Row,E01013366,York 013A,Investigation complete; no suspect identified
85c4e8cb558ce6f0a764f5187a918f509455a73ead3f5719d57f83bb6eaf399c,2025-01,North Yorkshire Police,North Yorkshire Police,-1.069983,53.979349,On or near Foss Court,E01013406,York 005B,Further investigation is not in the public interest
85c4e8cb558ce6f0a764f5187a918f509455a73ead3f5719d57f83bb6eaf399c,2025-01,North Yorkshire Police,North Yorkshire Police,-1.069983,53.979349,On or near Foss Court,E01013406,York 005B,Further investigation is not in the public interest
c05bf63ea378a3272dd2885d96df3172f58ace7f33609316fafc65e5ae5967df,2025-01,North Yorkshire Police,North Yorkshire Police,-0.404446,54.280520,On or near Nightclub,E01027804,Scarborough 010A,Suspect charged
c05bf63ea378a3272dd2885d96df3172f58ace7f33609316fafc65e5ae5967df,2025-01,North Yorkshire Police,North Yorkshire Police,-0.404446,54.280520,On or near Nightclub,E01027804,Scarborough 010A,Suspect charged
d872b77bd90a06c1ab2b25eff3929c75da4000f6fc95b74a00f707e9531684c4,2025-01,North Yorkshire Police,North Yorkshire Police,-0.402373,54.273356,On or near St Martin's Place,E01027852,Scarborough 010B,Unable to prosecute suspect
d872b77bd90a06c1ab2b25eff3929c75da4000f6fc95b74a00f707e9531684c4,2025-01,North Yorkshire Police,North Yorkshire Police,-0.402373,54.273356,On or near St Martin's Place,E01027852,Scarborough 010B,Unable to prosecute suspect
e43ac392f999a541bfc7995ac388032ded0c41cdb2a23f2aedd3fdc4c1253367,2025-01,North Yorkshire Police,North Yorkshire Police,-1.080180,53.971887,On or near Vyner Street,E01013343,York 009A,Investigation complete; no suspect identified
92a16a369e5e40b5cf83df0724c5ac4bc620f5e018c9732a155b3938af73548e,2025-01,North Yorkshire Police,North Yorkshire Police,-1.114397,53.986021,On or near Manor Way,E01013433,York 007D,Unable to prosecute suspect
92a16a369e5e40b5cf83df0724c5ac4bc620f5e018c9732a155b3938af73548e,2025-01,North Yorkshire Police,North Yorkshire Police,-1.114397,53.986021,On or near Manor Way,E01013433,York 007D,Unable to prosecute suspect
f39c6522fb74161788b256fb742ebd60e50030f1e3a15ebda466ca6d5857910d,2025-01,North Yorkshire Police,North Yorkshire Police,-0.396548,54.282968,On or near Prospect Place,E01027806,Scarborough 006B,Suspect charged
f39c6522fb74161788b256fb742ebd60e50030f1e3a15ebda466ca6d5857910d,2025-01,North Yorkshire Police,North Yorkshire Police,-0.396548,54.282968,On or near Prospect Place,E01027806,Scarborough 006B,Suspect charged
4b98afff94f758bc096882782e8b1c0e557a987072d355e1293c5b69dbd005d4,2025-01,North Yorkshire Police,North Yorkshire Police,-0.776142,54.245381,On or near Birdgate,E01027792,Ryedale 002A,Unable to prosecute suspect
54d7495ce94701aa8d947a8b12616df6bd4ccef16a6c020e31321d4d67c03769,2025-01,North Yorkshire Police,North Yorkshire Police,-2.016546,53.960071,On or near Brookside,E01027577,Craven 005C,Investigation complete; no suspect identified
6a6eab70f74dc76efc9c4b0f14132162eb794ceeafbf2b503f1c161251e1adbe,2025-01,North Yorkshire Police,North Yorkshire Police,-1.073667,54.016040,On or near Supermarket,E01013370,York 002A,Unable to prosecute suspect
6a6eab70f74dc76efc9c4b0f14132162eb794ceeafbf2b503f1c161251e1adbe,2025-01,North Yorkshire Police,North Yorkshire Police,-1.073667,54.016040,On or near Supermarket,E01013370,York 002A,Unable to prosecute suspect
6a6eab70f74dc76efc9c4b0f14132162eb794ceeafbf2b503f1c161251e1adbe,2025-01,North Yorkshire Police,North Yorkshire Police,-1.073667,54.016040,On or near Supermarket,E01013370,York 002A,Unable to prosecute suspect
4619d0a3a17653c29515da29be59d6ec10c92ec78025772c89915775761fc239,2025-01,North Yorkshire Police,North Yorkshire Police,-1.431782,54.337709,On or near Supermarket,E01027608,Hambleton 013B,Investigation complete; no suspect identified
b1d19bf12c0cdc2583ce2b5a60bf17179537d57a6fbc4fed058825a70d94085a,2025-01,North Yorkshire Police,North Yorkshire Police,-2.100568,53.985600,On or near Sharphaw View,E01027563,Craven 007C,Unable to prosecute suspect
f6a7d063f0f9222f2e8f86f85e5788e256de105ed6af43dfc4d06b6582a94933,2025-01,North Yorkshire Police,North Yorkshire Police,-1.143015,53.953638,On or near Barkston Road,E01013444,York 018C,Unable to prosecute suspect
f6a7d063f0f9222f2e8f86f85e5788e256de105ed6af43dfc4d06b6582a94933,2025-01,North Yorkshire Police,North Yorkshire Police,-1.143015,53.953638,On or near Barkston Road,E01013444,York 018C,Unable to prosecute suspect
c89db3b7984ac42c71fc9a91ebcc0289a28aadfbdbc2c207378688f053bebc95,2025-01,North Yorkshire Police,North Yorkshire Police,-1.112542,53.706097,On or near Wand Lane,E01027924,Selby 010D,Unable to prosecute suspect
c89db3b7984ac42c71fc9a91ebcc0289a28aadfbdbc2c207378688f053bebc95,2025-01,North Yorkshire Police,North Yorkshire Police,-1.112542,53.706097,On or near Wand Lane,E01027924,Selby 010D,Unable to prosecute suspect
0fa7bbf5152dbfdb3fab0ce5d44e65e8a9ab97b560eb71d6eee821fcadded269,2025-01,North Yorkshire Police,North Yorkshire Police,-1.711037,54.361976,On or near Parking Area,E01027772,Richmondshire 004F,Unable to prosecute suspect
950f085820654c39699b2701e9040bce8e3b702e132f3215bd196af42990cb92,2025-01,North Yorkshire Police,North Yorkshire Police,-1.050775,53.952647,On or near ,E01013403,York 015F,Unable to prosecute suspect
db81912dfe127eba80f3f99c04482bddbd654a7deb6962d11f5d4cd46de44a90,2025-01,North Yorkshire Police,North Yorkshire Police,-1.536419,53.990061,On or near Supermarket,E01027679,Harrogate 019B,Investigation complete; no suspect identified
23be426855e4c6c94b8579b9186e33d63da61da800235a01dffe24d7f8343392,2025-01,North Yorkshire Police,North Yorkshire Police,-0.421185,54.301116,On or near Petrol Station,E01034974,Scarborough 006F,Unable to prosecute suspect
3c426444941481da0e444d756a3a2771f5b217467f7ef7625932cdf8fd8d1689,2025-01,North Yorkshire Police,North Yorkshire Police,-2.205947,54.303405,On or near Turfy Hill,E01027753,Richmondshire 005B,Unable to prosecute suspect
47bd8846f33f66075105c9518ebe611736d8761458b269904d3731424b0da4e8,2025-01,North Yorkshire Police,North Yorkshire Police,-0.403090,54.280619,On or near York Place,E01027804,Scarborough 010A,Unable to prosecute suspect
47bd8846f33f66075105c9518ebe611736d8761458b269904d3731424b0da4e8,2025-01,North Yorkshire Police,North Yorkshire Police,-0.403090,54.280619,On or near York Place,E01027804,Scarborough 010A,Unable to prosecute suspect
1b82a88a8af54dea87ba4776684be1edc113f3fda84e5cedffce3488951d1823,2025-01,North Yorkshire Police,North Yorkshire Police,-1.181347,54.468453,On or near ,E01027623,Hambleton 001D,Unable to prosecute suspect
42ee7da6d7881d1c49e224ded5a13d228b058758674c638ec88d76822532d5bc,2025-01,North Yorkshire Police,North Yorkshire Police,-1.085693,53.963813,On or near Bootham Row,E01013366,York 013A,Investigation complete; no suspect identified
89c2d38bbde6f4737954124c4fc17ec8b78ff534f075b7d6c60ace20fbfdd937,2025-01,North Yorkshire Police,North Yorkshire Police,-0.521120,54.125197,On or near Back Lane,E01027803,Ryedale 004D,Investigation complete; no suspect identified
7d304e4d5aa36b69b0d6620ee048a2bc0f5a5ee6e831c67befa5a516fb1409bb,2025-01,North Yorkshire Police,North Yorkshire Police,-1.992963,53.898928,On or near Burnroyd Avenue,E01027564,Craven 008B,Unable to prosecute suspect
7d304e4d5aa36b69b0d6620ee048a2bc0f5a5ee6e831c67befa5a516fb1409bb,2025-01,North Yorkshire Police,North Yorkshire Police,-1.992963,53.898928,On or near Burnroyd Avenue,E01027564,Craven 008B,Unable to prosecute suspect
68a569fe4c52eb1334282717a83db0b40f2ec13e65ff424608d5860514d85326,2025-01,North Yorkshire Police,North Yorkshire Police,-0.606849,54.483256,On or near ,E01027864,Scarborough 003B,Unable to prosecute suspect
68a569fe4c52eb1334282717a83db0b40f2ec13e65ff424608d5860514d85326,2025-01,North Yorkshire Police,North Yorkshire Police,-0.606849,54.483256,On or near ,E01027864,Scarborough 003B,Unable to prosecute suspect
68a569fe4c52eb1334282717a83db0b40f2ec13e65ff424608d5860514d85326,2025-01,North Yorkshire Police,North Yorkshire Police,-0.606849,54.483256,On or near ,E01027864,Scarborough 003B,Unable to prosecute suspect
4138425236fb740a2c2d58cfc5df6fe78c59ae04e8321590468fd93e8a9d300b,2025-01,North Yorkshire Police,North Yorkshire Police,-1.079597,53.956836,On or near Shopping Area,E01033070,York 013I,Investigation complete; no suspect identified
1e4347585717052b8bfbfeb3a20cb5755ac0879455ecb85178ec47029116fe0b,2025-01,North Yorkshire Police,North Yorkshire Police,-1.080058,53.960121,On or near King's Square,E01033070,York 013I,Unable to prosecute suspect
1e4347585717052b8bfbfeb3a20cb5755ac0879455ecb85178ec47029116fe0b,2025-01,North Yorkshire Police,North Yorkshire Police,-1.080058,53.960121,On or near King's Square,E01033070,York 013I,Unable to prosecute suspect
bfb648811e5fcc5f6be5533200b2349171a5e0597c5e2f503ca5c7f6f4173127,2025-01,North Yorkshire Police,North Yorkshire Police,-1.006631,53.811956,On or near Park/Open Space,E01027897,Selby 008E,Investigation complete; no suspect identified
a9d73a824b4aa7928579eae65edb7c5ba245b964acc003bace0bc7e251a97481,2025-01,North Yorkshire Police,North Yorkshire Police,-1.133654,54.001648,On or near The Village,E01013430,York 006C,Unable to prosecute suspect
df45ee0f0170046acf778184c1a1dda079f72fc011e5d6c4b968fb6ceee10f73,2025-01,North Yorkshire Police,North Yorkshire Police,-1.080242,53.958346,On or near ,E01033070,York 013I,Investigation complete; no suspect identified
8a2d9b4ccc1c6b75f85b7b266c4ea0f4ffb766a95bce1bb095ecd71d7480dd65,2025-01,North Yorkshire Police,North Yorkshire Police,-1.238254,53.796422,On or near Moorland Way,E01034976,Selby 004G,Unable to prosecute suspect
ceb57a69761895faf6f201f2b2243cc06e53b9a17138319c8b0ba5387cd02b08,2025-01,North Yorkshire Police,North Yorkshire Police,-0.616343,54.485251,On or near Shopping Area,E01034972,Scarborough 001F,Investigation complete; no suspect identified
1f0c9d366271b7318a0733752619aa1a31a19cb498911f4588128a66401f37ed,2025-01,North Yorkshire Police,North Yorkshire Police,-1.347454,54.230683,On or near Supermarket,E01027620,Hambleton 008A,Unable to prosecute suspect
1f0c9d366271b7318a0733752619aa1a31a19cb498911f4588128a66401f37ed,2025-01,North Yorkshire Police,North Yorkshire Police,-1.347454,54.230683,On or near Supermarket,E01027620,Hambleton 008A,Unable to prosecute suspect
d72375ca9e81884efc936e5b57b3844a470f9b9eac91a94c145773d4eee9eb3f,2025-01,North Yorkshire Police,North Yorkshire Police,-1.068879,53.958399,On or near Supermarket,E01033067,York 013F,Unable to prosecute suspect
af145529433a65fdf842c09c8582e928836ed2edc1b40bea7888f23943b83e4f,2025-01,North Yorkshire Police,North Yorkshire Police,-0.402404,54.280888,On or near Shopping Area,E01027804,Scarborough 010A,Local resolution
12d7c1eaf56ae7fbcbb57e2bdda22b18bd2980b244964a6b79d3cefea2de45c3,2025-01,North Yorkshire Police,North Yorkshire Police,-1.262989,53.725129,On or near Crawford Close,E01027892,Selby 009B,Unable to prosecute suspect
221ea739263cc2993fca36e2b8475380032fb34d88c1109d23f53d493d9fc64d,2025-01,North Yorkshire Police,North Yorkshire Police,-1.545755,53.990186,On or near St Mary's Walk,E01027680,Harrogate 015F,Investigation complete; no suspect identified
25c8b7271b29ffed6929f626fb3cd3a5ccdfaa81665f172fe069a7f9ee6180df,2025-01,North Yorkshire Police,North Yorkshire Police,-0.797913,54.135155,On or near Saville Street,E01034970,Ryedale 009D,Unable to prosecute suspect
fca9e845f14db2ea0896aaba9f9fd697667b1ec4c9447a007090a9577c10aa0b,2025-01,North Yorkshire Police,North Yorkshire Police,-1.712826,54.352562,On or near Hunton Road,E01027772,Richmondshire 004F,Further investigation is not in the public interest
e41377d7c6bf96239e855e39ea8badf72539d978bffc0f8941984a67e067c124,2025-01,North Yorkshire Police,North Yorkshire Police,-1.096017,53.974164,On or near St Philip's Grove,E01013349,York 009D,Suspect charged
e41377d7c6bf96239e855e39ea8badf72539d978bffc0f8941984a67e067c124,2025-01,North Yorkshire Police,North Yorkshire Police,-1.096017,53.974164,On or near St Philip's Grove,E01013349,York 009D,Suspect charged
a8ea7cfb602d0b2206ef837f1abd50ed82b0b926da273d5027452afa3ede1392,2025-01,North Yorkshire Police,North Yorkshire Police,-1.547559,54.362549,On or near ,E01027604,Hambleton 005B,Offender given a caution
a8ea7cfb602d0b2206ef837f1abd50ed82b0b926da273d5027452afa3ede1392,2025-01,North Yorkshire Police,North Yorkshire Police,-1.547559,54.362549,On or near ,E01027604,Hambleton 005B,Offender given a caution
e3e45f3a3aa36927128dd18c6c2359875120553aa7ee854873049aa747f0c666,2025-01,North Yorkshire Police,North Yorkshire Police,-0.407186,54.286374,On or near ,E01034974,Scarborough 006F,Unable to prosecute suspect
e3e45f3a3aa36927128dd18c6c2359875120553aa7ee854873049aa747f0c666,2025-01,North Yorkshire Police,North Yorkshire Police,-0.407186,54.286374,On or near ,E01034974,Scarborough 006F,Unable to prosecute suspect
57b1b8e23148d5b1ec0cc1bcc111e8c0b61ce65ba5a418f4e4ea27a8c7be2317,2025-01,North Yorkshire Police,North Yorkshire Police,-1.096017,53.974164,On or near St Philip's Grove,E01013349,York 009D,Suspect charged
57b1b8e23148d5b1ec0cc1bcc111e8c0b61ce65ba5a418f4e4ea27a8c7be2317,2025-01,North Yorkshire Police,North Yorkshire Police,-1.096017,53.974164,On or near St Philip's Grove,E01013349,York 009D,Suspect charged
2063218bc99f36a576657ef4ac274d936e353053b844e181ab53886016e01016,2025-01,North Yorkshire Police,North Yorkshire Police,-0.477252,54.293505,On or near Keld Runnels Road,E01027857,Scarborough 004F,Unable to prosecute suspect
2063218bc99f36a576657ef4ac274d936e353053b844e181ab53886016e01016,2025-01,North Yorkshire Police,North Yorkshire Police,-0.477252,54.293505,On or near Keld Runnels Road,E01027857,Scarborough 004F,Unable to prosecute suspect
b5dcb37eed855ce3b8b0f3b8e7a3b6d7c211488bd0450868c0e44b9bcaee7850,2025-01,North Yorkshire Police,North Yorkshire Police,-0.411697,54.278108,On or near Petrol Station,E01027812,Scarborough 008C,Local resolution
e6a0b3798f8248647010c8db317b435ecb2ce159af7fb254994cb10c44a5be02,2025-01,North Yorkshire Police,North Yorkshire Police,-1.738843,54.403650,On or near Finkle Street,E01027770,Richmondshire 002F,Investigation complete; no suspect identified
5f225f74848409b85f86f5827891a87c4dba01d77ba46d70a48490e5f194b6aa,2025-01,North Yorkshire Police,North Yorkshire Police,-1.469712,54.010412,On or near Stead's Yard,E01027669,Harrogate 009B,Suspect charged
5f225f74848409b85f86f5827891a87c4dba01d77ba46d70a48490e5f194b6aa,2025-01,North Yorkshire Police,North Yorkshire Police,-1.469712,54.010412,On or near Stead's Yard,E01027669,Harrogate 009B,Suspect charged
571c3a5d76281ebb137a4c34e8ac12df6eb2132f24730dfebc3c62881c47f1e5,2025-01,North Yorkshire Police,North Yorkshire Police,-1.063649,53.954421,On or near Milton Street,E01013363,York 019D,Investigation complete; no suspect identified
e0aaa5b3e7184e389217bc4c9d6a8cee59ffb44243c44d193b3b7808d3a747d2,2025-01,North Yorkshire Police,North Yorkshire Police,-1.085693,53.963813,On or near Bootham Row,E01013366,York 013A,Investigation complete; no suspect identified
b9a4cd81b9afb1c075c3c1bbeb2bbc611f2649fb2be6965b3087f51398433a08,2025-01,North Yorkshire Police,North Yorkshire Police,-0.413400,54.276953,On or near Falsgrave Road,E01027862,Scarborough 008E,Investigation complete; no suspect identified
1ea357581d1bb3958a632cf1676c9cef2d11d1d3aa4422d49b7f3a6becfe7ff3,2025-01,North Yorkshire Police,North Yorkshire Police,-0.398762,54.282107,On or near St Nicholas Street,E01027806,Scarborough 006B,Unable to prosecute suspect
1ea357581d1bb3958a632cf1676c9cef2d11d1d3aa4422d49b7f3a6becfe7ff3,2025-01,North Yorkshire Police,North Yorkshire Police,-0.398762,54.282107,On or near St Nicholas Street,E01027806,Scarborough 006B,Unable to prosecute suspect
c439adf418519d999486b7eac42e89f7b79cf0ffbea54ca04e485a9942782a84,2025-01,North Yorkshire Police,North Yorkshire Police,-1.076475,53.785506,On or near Buttermere Court,E01027908,Selby 005D,Investigation complete; no suspect identified
e73814ffc8dc01f9a8e4bc0971733c1919d871afad22a87973f0f6b6fdb778c1,2025-01,North Yorkshire Police,North Yorkshire Police,-0.796937,54.135577,On or near Wheelgate,E01034970,Ryedale 009D,Investigation complete; no suspect identified
7227676560a29ddad015e27c93cc87104801aa5a44c05d39bc015ae67a1a58cf,2025-01,North Yorkshire Police,North Yorkshire Police,-1.090332,53.943274,On or near Campleshon Road,E01013412,York 021C,Investigation complete; no suspect identified
7227676560a29ddad015e27c93cc87104801aa5a44c05d39bc015ae67a1a58cf,2025-01,North Yorkshire Police,North Yorkshire Police,-1.090332,53.943274,On or near Campleshon Road,E01013412,York 021C,Investigation complete; no suspect identified
cee1408618d99cf0bb0a50fa9d036c03f975540e419752034ae517f801e6c0b8,2025-01,North Yorkshire Police,North Yorkshire Police,-0.973006,53.955038,On or near Petrol Station,E01013351,York 020A,Unable to prosecute suspect
b3fb6c494403bef04d397a19a1db942c124842039bc381616fa8af13a70dd7ae,2025-01,North Yorkshire Police,North Yorkshire Police,-1.073357,53.994970,On or near Kenlay Close,E01013407,York 004B,Investigation complete; no suspect identified
920411cca17ba451c485064ae792c3b5876ba0c69b62b7bb9f80242477b76c58,2025-01,North Yorkshire Police,North Yorkshire Police,-1.063649,53.954421,On or near Milton Street,E01013363,York 019D,Investigation complete; no suspect identified
5425bda08969347e953fc66ce77da1d5d28706c8a2373c25131ce0a7c4ec56ba,2025-01,North Yorkshire Police,North Yorkshire Police,-1.658519,54.397224,On or near ,E01027746,Richmondshire 003B,Unable to prosecute suspect
278b894596e81e191a3e7269e173c0614b6528d045049bba48858214d62679d3,2025-01,North Yorkshire Police,North Yorkshire Police,-1.568928,54.005829,On or near Truro Road,E01027720,Harrogate 011C,Unable to prosecute suspect
278b894596e81e191a3e7269e173c0614b6528d045049bba48858214d62679d3,2025-01,North Yorkshire Police,North Yorkshire Police,-1.568928,54.005829,On or near Truro Road,E01027720,Harrogate 011C,Unable to prosecute suspect
f505230df27c3e180c82ea7c900c05e057e607deba1f59f8fd8692f9cbcb9ccf,2025-01,North Yorkshire Police,North Yorkshire Police,-0.779642,54.133974,On or near B1248,E01034971,Ryedale 009E,Investigation complete; no suspect identified
caa4c49fc07fc968160fab9ebeeaabb5554734a6d08dd1f23ad29b0b1c66b001,2025-01,North Yorkshire Police,North Yorkshire Police,-1.060811,53.977651,On or near Healey Grove,E01013385,York 008C,Suspect charged
caa4c49fc07fc968160fab9ebeeaabb5554734a6d08dd1f23ad29b0b1c66b001,2025-01,North Yorkshire Police,North Yorkshire Police,-1.060811,53.977651,On or near Healey Grove,E01013385,York 008C,Suspect charged
3a9a6592af145f88da006179f902c69a1352d1a29a304dbbdf9e78e4932567ce,2025-01,North Yorkshire Police,North Yorkshire Police,-1.462119,54.005228,On or near King James Road,E01027673,Harrogate 009C,Investigation complete; no suspect identified
cfbc5f8cc200ef66eddabf5c9962c7cf527e441c3b43194304721bd399893eb4,2025-01,North Yorkshire Police,North Yorkshire Police,-1.072791,53.786691,On or near Dam Bank,E01034979,Selby 005G,Investigation complete; no suspect identified
7a12dae22db9fc3833ff022ae7b05faec70630b423b2a6b49abe9682163ca527,2025-01,North Yorkshire Police,North Yorkshire Police,-1.240215,53.802160,On or near Hodgson's Lane,E01027916,Selby 004D,Investigation complete; no suspect identified
ecd5861134f02e0a14afab6e49c080b45973a0889af662fa0e8ace5949aa7fd2,2025-01,North Yorkshire Police,North Yorkshire Police,-0.407186,54.286374,On or near ,E01034974,Scarborough 006F,Unable to prosecute suspect
dad8902cc4c22f81dc11d43065b0728ec4cf8a8bf9751a8206ed7594d8cf56de,2025-01,North Yorkshire Police,North Yorkshire Police,-1.084210,53.949412,On or near Bewlay Street,E01013418,York 019F,Investigation complete; no suspect identified
f256b5170bb3cdf637b213a356945ded84a422789d7110001934e16c94d5e905,2025-01,North Yorkshire Police,North Yorkshire Police,-0.394377,54.285851,On or near Church Street,E01027805,Scarborough 006A,Investigation complete; no suspect identified
13e6a4b5e2e19c8827f1360e2234a29aeacbba401a1a827c56cc15f488a25a1e,2025-01,North Yorkshire Police,North Yorkshire Police,-1.093689,53.991205,On or near ,E01013431,York 006D,Unable to prosecute suspect
c847f65b71fb7786dcb42a5c982ce45448f1f2482affe9b9fbca713afa7f4b4e,2025-01,North Yorkshire Police,North Yorkshire Police,-0.401385,54.282609,On or near Parking Area,E01027806,Scarborough 006B,Investigation complete; no suspect identified
6dc0c25201c162e374794a18001d4651533103ccdb02863c71291b9ef9872b9e,2025-01,North Yorkshire Police,North Yorkshire Police,-1.049464,53.959091,On or near Supermarket,E01013401,York 015E,Suspect charged
6dc0c25201c162e374794a18001d4651533103ccdb02863c71291b9ef9872b9e,2025-01,North Yorkshire Police,North Yorkshire Police,-1.049464,53.959091,On or near Supermarket,E01013401,York 015E,Suspect charged
e9e132d619936cdd995dc499e0f885ab163e3b785bd4154171a88ef13cc81142,2025-01,North Yorkshire Police,North Yorkshire Police,-2.098589,53.903319,On or near Marl Hill Lane,E01027556,Craven 007A,Investigation complete; no suspect identified
ff3a954c96c316eacbfa78c7b49f76be41f73a0f19e4be7037d754699b1f54e3,2025-01,North Yorkshire Police,North Yorkshire Police,-1.078605,53.958303,On or near Fossgate,E01033070,York 013I,Investigation complete; no suspect identified
06685411cb76c35a0a5ec75d61d0bf2c52bf9194a91a05a99276ea3d494119b6,2025-01,North Yorkshire Police,North Yorkshire Police,-0.290222,54.211163,On or near Petrol Station,E01027827,Scarborough 014A,Unable to prosecute suspect
2d55c9d6682c2880c8a9033111b625d69eb0564d9dd847724795e0599f540da0,2025-01,North Yorkshire Police,North Yorkshire Police,-1.459847,54.006306,On or near York Garth,E01027669,Harrogate 009B,Investigation complete; no suspect identified
e3c4b7abc852b5110a9077107527bedcb4dece0c6ccf74630d1c98535ff60c5a,2025-01,North Yorkshire Police,North Yorkshire Police,-1.046231,53.882909,On or near Petrol Station,E01013450,York 023C,Investigation complete; no suspect identified
3d22938e118bf7e7b4947990ca6f29d0238effc30c7cc99e845cbc6a7d2572d2,2025-01,North Yorkshire Police,North Yorkshire Police,-1.076552,53.990105,On or near ,E01013404,York 004A,Investigation complete; no suspect identified
739fa67a54fc03ff96bbd0f2b303b5867f83895ca61197a4edf98b5f0291733a,2025-01,North Yorkshire Police,North Yorkshire Police,-1.569462,53.978438,On or near ,E01027719,Harrogate 020G,Suspect charged
739fa67a54fc03ff96bbd0f2b303b5867f83895ca61197a4edf98b5f0291733a,2025-01,North Yorkshire Police,North Yorkshire Police,-1.569462,53.978438,On or near ,E01027719,Harrogate 020G,Suspect charged
bd12a8abe6d982a1be8b9566ac4b210431260357fd1fbaa719ca145c7a9dd37a,2025-01,North Yorkshire Police,North Yorkshire Police,-0.399707,54.282317,On or near Shopping Area,E01027806,Scarborough 006B,Suspect charged
bd12a8abe6d982a1be8b9566ac4b210431260357fd1fbaa719ca145c7a9dd37a,2025-01,North Yorkshire Police,North Yorkshire Police,-0.399707,54.282317,On or near Shopping Area,E01027806,Scarborough 006B,Suspect charged
8e18a996f0548f0ce4593c14bb55184d593c5e3473efdbd6dc7f092b1a6f4f41,2025-01,North Yorkshire Police,North Yorkshire Police,-1.072964,53.940784,On or near ,E01013360,York 019A,Investigation complete; no suspect identified
c7ea3b9933d4b6634c5c4a73ca464a3c47c35343a8b470fdeade94bd463af348,2025-01,North Yorkshire Police,North Yorkshire Police,-1.133456,53.947979,On or near Cornlands Road,E01013446,York 018D,Investigation complete; no suspect identified
72a7da5f01e881b7e9e165ad5a6065546051b859c767aa08526de7aaa8a869c7,2025-01,North Yorkshire Police,North Yorkshire Police,-1.076040,53.991602,On or near Crabtree Grove,E01013410,York 004D,Investigation complete; no suspect identified
420b5ba46a1b279284cf64d326c48bb662095212a4c469f36c4513af42999366,2025-01,North Yorkshire Police,North Yorkshire Police,-1.080058,53.960121,On or near King's Square,E01033070,York 013I,Investigation complete; no suspect identified
4d021cccf1964e6643d60108b62d87c0da56dfdd64566a78684d3046ea28ac64,2025-01,North Yorkshire Police,North Yorkshire Police,-1.117720,53.928743,On or near ,E01013355,York 022C,Investigation complete; no suspect identified
578279278fbb96eb34b85f51a27f1cf6b2636340ff9675609c53d64d7558af0e,2025-01,North Yorkshire Police,North Yorkshire Police,-1.553118,54.003309,On or near Stonebeck Avenue,E01027691,Harrogate 011B,Investigation complete; no suspect identified
4e558fa0fd8f4ce953bed0bc7b3315be445db25ca7a29f67da36fa9821a11e16,2025-01,North Yorkshire Police,North Yorkshire Police,-2.017769,53.897831,On or near Jackson Row,E01027584,Craven 008F,Unable to prosecute suspect
f0081dd0bc580eeada29db4806c575e437041058dfcfd5b28a4394774c78178c,2025-01,North Yorkshire Police,North Yorkshire Police,-1.128066,53.941936,On or near Bradley Drive,E01013448,York 018F,Unable to prosecute suspect
bfa707b96945dd38d04bdfb39e618f14d9bfffa71f9f45f473e2a58d4a7950b0,2025-01,North Yorkshire Police,North Yorkshire Police,-1.350478,54.222682,On or near Cocked Hat Park,E01034960,Hambleton 009F,Unable to prosecute suspect
3883d1f0eab76525c29ac9253e2529da2c63f2ad9d13c09f2e02b0cba8744f99,2025-01,North Yorkshire Police,North Yorkshire Police,-1.084041,53.964079,On or near Gillygate,E01013366,York 013A,Unable to prosecute suspect
3883d1f0eab76525c29ac9253e2529da2c63f2ad9d13c09f2e02b0cba8744f99,2025-01,North Yorkshire Police,North Yorkshire Police,-1.084041,53.964079,On or near Gillygate,E01013366,York 013A,Unable to prosecute suspect
df18f40509cd1e9a0e22a3441310506748596351ee9c81b9ba5536bf5a23b791,2025-01,North Yorkshire Police,North Yorkshire Police,-0.799309,54.132428,On or near Riverside View,E01027790,Ryedale 010D,Investigation complete; no suspect identified
f649c7faaa84b6c10451362349c04af009215fd472900864486accdcaa7d8152,2025-01,North Yorkshire Police,North Yorkshire Police,-1.342519,54.232273,On or near Supermarket,E01027630,Hambleton 008B,Investigation complete; no suspect identified
27ca8f516e3500b7e6fdc2965d7ea03cebc0bccd41ee8b54201abcd56eb73702,2025-01,North Yorkshire Police,North Yorkshire Police,-0.609614,54.482340,On or near Horse Road,E01027864,Scarborough 003B,Investigation complete; no suspect identified
7c6fb7a74e4c0dda03819c35213e2860f576f774b6b4b84ddef146a38d1f5940,2025-01,North Yorkshire Police,North Yorkshire Police,-1.140807,53.915066,On or near Supermarket,E01013424,York 024E,Investigation complete; no suspect identified
fe51b6a56d3e1794fe0339362960f942cbebb2b525d421f1bdbe9d18d5a3f997,2025-01,North Yorkshire Police,North Yorkshire Police,-1.468184,54.012949,On or near Supermarket,E01027669,Harrogate 009B,Investigation complete; no suspect identified
9cf60d56819aa44674a4349cec3d92cfbee3162cc9de7523ccf071a24938a8d0,2025-01,North Yorkshire Police,North Yorkshire Police,-0.798615,54.137346,On or near Petrol Station,E01027786,Ryedale 010A,Investigation complete; no suspect identified
9cf60d56819aa44674a4349cec3d92cfbee3162cc9de7523ccf071a24938a8d0,2025-01,North Yorkshire Police,North Yorkshire Police,-0.798615,54.137346,On or near Petrol Station,E01027786,Ryedale 010A,Investigation complete; no suspect identified
51e497b2c50e155cdf4b0f77018e7b879e2d1ec13f88bdca12b7d1f97209e3ef,2025-01,North Yorkshire Police,North Yorkshire Police,-1.260425,53.723549,On or near West Acres,E01027892,Selby 009B,Unable to prosecute suspect
51e497b2c50e155cdf4b0f77018e7b879e2d1ec13f88bdca12b7d1f97209e3ef,2025-01,North Yorkshire Police,North Yorkshire Police,-1.260425,53.723549,On or near West Acres,E01027892,Selby 009B,Unable to prosecute suspect
e1ab296e714a4a570b8d7e2bd7700b3c327e23d7c4496b19b30c963930fdf37a,2025-01,North Yorkshire Police,North Yorkshire Police,-1.068026,53.785261,On or near Micklegate,E01027909,Selby 005E,Investigation complete; no suspect identified
a277f2391f68d13d9abfadd87a53b45c84e35a1db4a1bd9a9c9ffce041dfce1f,2025-01,North Yorkshire Police,North Yorkshire Police,-1.587902,54.285695,On or near Tom Hall Court,E01027587,Hambleton 006A,Unable to prosecute suspect
a277f2391f68d13d9abfadd87a53b45c84e35a1db4a1bd9a9c9ffce041dfce1f,2025-01,North Yorkshire Police,North Yorkshire Police,-1.587902,54.285695,On or near Tom Hall Court,E01027587,Hambleton 006A,Unable to prosecute suspect
d06883dcbcbf98abfc6bb0e638e71d2abd5782bdd730a0dfa4da3e6d0a214152,2025-01,North Yorkshire Police,North Yorkshire Police,-1.488940,53.977870,On or near Rudding Dower,E01027704,Harrogate 012D,Unable to prosecute suspect
9f3b83f422cee2c49807c783f4c4afa70997023f0f44fbe6e8eaf4237b79262c,2025-01,North Yorkshire Police,North Yorkshire Police,-1.106167,53.942288,On or near Ainsty Grove,E01013358,York 021B,Investigation complete; no suspect identified
98a68593c6621c27ec8076b7b45bffb6e5dce6aca8af5331ae1c26a9fe6bdf9b,2025-01,North Yorkshire Police,North Yorkshire Police,-1.589428,54.285161,On or near Glebe Close,E01027587,Hambleton 006A,Unable to prosecute suspect
98a68593c6621c27ec8076b7b45bffb6e5dce6aca8af5331ae1c26a9fe6bdf9b,2025-01,North Yorkshire Police,North Yorkshire Police,-1.589428,54.285161,On or near Glebe Close,E01027587,Hambleton 006A,Unable to prosecute suspect
0cfdfe244e6769abc599c1c876dab10469cae459a96e3db3ae6e4fd0a6fff7f7,2025-01,North Yorkshire Police,North Yorkshire Police,-1.074596,53.946614,On or near Wenlock Terrace,E01013362,York 019C,Unable to prosecute suspect
0cfdfe244e6769abc599c1c876dab10469cae459a96e3db3ae6e4fd0a6fff7f7,2025-01,North Yorkshire Police,North Yorkshire Police,-1.074596,53.946614,On or near Wenlock Terrace,E01013362,York 019C,Unable to prosecute suspect
0cfdfe244e6769abc599c1c876dab10469cae459a96e3db3ae6e4fd0a6fff7f7,2025-01,North Yorkshire Police,North Yorkshire Police,-1.074596,53.946614,On or near Wenlock Terrace,E01013362,York 019C,Unable to prosecute suspect
4d41a0de19c8d5b6736dfa8bec7a9f3a709515b76d77bdbbd6183fb06692eeb3,2025-01,North Yorkshire Police,North Yorkshire Police,-2.219329,54.004945,On or near Thorndale Street,E01027568,Craven 003A,Investigation complete; no suspect identified
1fce07f10998f6f84258d460d13318c6b1079618c033a4bbb6257936b3299b2e,2025-01,North Yorkshire Police,North Yorkshire Police,-1.084285,53.968952,On or near Hospital,E01013343,York 009A,Investigation complete; no suspect identified
258a051f726d0f5312a517709fc2baee801f2ba879e78d301ccd1f0eee352e2f,2025-01,North Yorkshire Police,North Yorkshire Police,-1.077481,53.922228,On or near Shopping Mall,E01034762,York 023E,Unable to prosecute suspect
2c8a05887f672588b7d5a3bb2318bf23e8d37672b95c947dd4782aaf8ffe65f8,2025-01,North Yorkshire Police,North Yorkshire Police,-1.076040,53.991602,On or near Crabtree Grove,E01013410,York 004D,Unable to prosecute suspect
03e2ab85d8490313f50ff8b7a7b7df486b621809e11a2e4392b93643f8d05b9c,2025-01,North Yorkshire Police,North Yorkshire Police,-1.069718,53.993306,On or near Acacia Avenue,E01013410,York 004D,Investigation complete; no suspect identified
c84e8dcad6530d97c0555e14b4216edf78bcd6dde53d1953ed05532d34139828,2025-01,North Yorkshire Police,North Yorkshire Police,-1.069718,53.993306,On or near Acacia Avenue,E01013410,York 004D,Investigation complete; no suspect identified
8cc6bdc26747438591b46114fa5838e44c26188fbf71b165ee70421e71e45c8c,2025-01,North Yorkshire Police,North Yorkshire Police,-0.401385,54.282609,On or near Parking Area,E01027806,Scarborough 006B,Suspect charged
8cc6bdc26747438591b46114fa5838e44c26188fbf71b165ee70421e71e45c8c,2025-01,North Yorkshire Police,North Yorkshire Police,-0.401385,54.282609,On or near Parking Area,E01027806,Scarborough 006B,Suspect charged
cce1d950e1c7b9ade6e9a45d14b2b2e6c6e14c37c9c2b7d083143ae8aaa4723d,2025-01,North Yorkshire Police,North Yorkshire Police,-1.736610,54.403528,On or near Supermarket,E01027770,Richmondshire 002F,Investigation complete; no suspect identified
f7826cc39cdfca3c37fecf7f566faaa099d5e18154966db251f3cf19679c6616,2025-01,North Yorkshire Police,North Yorkshire Police,-1.444852,53.999173,On or near Grimbald Crag Way,E01027671,Harrogate 012B,Unable to prosecute suspect
740c3a19ea87bf761a3f8c278922f96f044e76b734545a9264c7af9d0da9517e,2025-01,North Yorkshire Police,North Yorkshire Police,-1.082376,53.957280,On or near King Street,E01033070,York 013I,Suspect charged
740c3a19ea87bf761a3f8c278922f96f044e76b734545a9264c7af9d0da9517e,2025-01,North Yorkshire Police,North Yorkshire Police,-1.082376,53.957280,On or near King Street,E01033070,York 013I,Suspect charged
4a9d11db09ede71fa884eb43b32d744900b9f31bb1969245b6a6f03e8c46e4d9,2025-01,North Yorkshire Police,North Yorkshire Police,-1.103646,53.769686,On or near Barff Lane,E01027881,Selby 006A,Investigation complete; no suspect identified
6c0f88e331651a479c51483ce1e864e59681b8591eff1ffcd822e170e0d81d8b,2025-01,North Yorkshire Police,North Yorkshire Police,-1.083246,53.958528,On or near ,E01013366,York 013A,Investigation complete; no suspect identified
29c53c031e7bc383075ca8016fb42a183b5fd97349a7e80fde9a2cc31c804d3d,2025-01,North Yorkshire Police,North Yorkshire Police,-2.218701,54.006151,On or near Sports/Recreation Area,E01027568,Craven 003A,Investigation complete; no suspect identified
1847e30e3ccc6b032233c8b1b3d1d2d98c822b416d2770f119a5ad13c218e232,2025-01,North Yorkshire Police,North Yorkshire Police,-1.086785,53.957808,On or near George Hudson Street,E01033068,York 013G,Unable to prosecute suspect
1847e30e3ccc6b032233c8b1b3d1d2d98c822b416d2770f119a5ad13c218e232,2025-01,North Yorkshire Police,North Yorkshire Police,-1.086785,53.957808,On or near George Hudson Street,E01033068,York 013G,Unable to prosecute suspect
1847e30e3ccc6b032233c8b1b3d1d2d98c822b416d2770f119a5ad13c218e232,2025-01,North Yorkshire Police,North Yorkshire Police,-1.086785,53.957808,On or near George Hudson Street,E01033068,York 013G,Unable to prosecute suspect
66572941c164aa6da39b99e91b680e991eb4606a952814a7c4b85b9d7b0dd804,2025-01,North Yorkshire Police,North Yorkshire Police,-1.082376,53.957280,On or near King Street,E01033070,York 013I,Suspect charged
66572941c164aa6da39b99e91b680e991eb4606a952814a7c4b85b9d7b0dd804,2025-01,North Yorkshire Police,North Yorkshire Police,-1.082376,53.957280,On or near King Street,E01033070,York 013I,Suspect charged
1ebc5bd384684bc5ec4908fe39479e28105e69dae9ba6c5aaa93865e4c9435d7,2025-01,North Yorkshire Police,North Yorkshire Police,-1.138692,53.936404,On or near Halladale Close,E01013354,York 022B,Unable to prosecute suspect
1ebc5bd384684bc5ec4908fe39479e28105e69dae9ba6c5aaa93865e4c9435d7,2025-01,North Yorkshire Police,North Yorkshire Police,-1.138692,53.936404,On or near Halladale Close,E01013354,York 022B,Unable to prosecute suspect
6f542dcda0170acd51e169c6d7f8da6d3c44e6b84e63ad327f2f387f680b42de,2025-01,North Yorkshire Police,North Yorkshire Police,-0.796126,54.133987,On or near Carpenters Yard,E01034970,Ryedale 009D,Investigation complete; no suspect identified
1a41d399dcf9f26b68f6f451a43872cfe30620a85212da430dbdab46ba8fc0b1,2025-01,North Yorkshire Police,North Yorkshire Police,-1.068322,53.789048,On or near Elston Avenue,E01034980,Selby 005H,Unable to prosecute suspect
1a41d399dcf9f26b68f6f451a43872cfe30620a85212da430dbdab46ba8fc0b1,2025-01,North Yorkshire Police,North Yorkshire Police,-1.068322,53.789048,On or near Elston Avenue,E01034980,Selby 005H,Unable to prosecute suspect
002577936eb28ef9a0047317d08b9fd5a96c09cd46b273a7ee59e716adcdbdcb,2025-01,North Yorkshire Police,North Yorkshire Police,-1.529398,54.142239,On or near Fairgrey Close,E01027714,Harrogate 002C,Unable to prosecute suspect
a25f7cb86b27ca401ca57184142d4f37b2dee170ea80fbc9dc3c7bec436e2adb,2025-01,North Yorkshire Police,North Yorkshire Police,-1.521839,54.131362,On or near Southgate Avenue,E01027706,Harrogate 004B,Unable to prosecute suspect
15f8941875e4599c57f5f98cce6cd7320f8693c1f152d864bb206c43d98a3a44,2025-01,North Yorkshire Police,North Yorkshire Police,-1.091464,53.973887,On or near Crombie Avenue,E01013347,York 009C,Unable to prosecute suspect
15f8941875e4599c57f5f98cce6cd7320f8693c1f152d864bb206c43d98a3a44,2025-01,North Yorkshire Police,North Yorkshire Police,-1.091464,53.973887,On or near Crombie Avenue,E01013347,York 009C,Unable to prosecute suspect
e1efecfb664d274d9706ad8bc814f348c3d29f4030b829e9a68b5a57afde443c,2025-01,North Yorkshire Police,North Yorkshire Police,-1.529398,54.142239,On or near Fairgrey Close,E01027714,Harrogate 002C,Unable to prosecute suspect
c32bacb52f149ec2962f4ad12cbc20df384b97638d7fe7ef9b5c8a114ff61cc7,2025-01,North Yorkshire Police,North Yorkshire Police,-0.614770,54.487810,On or near Haggersgate,E01034972,Scarborough 001F,Unable to prosecute suspect
dc51db39748a4eb1938be5a599af95e395a1a501c9137b0e1ab9d1ea00352ce8,2025-01,North Yorkshire Police,North Yorkshire Police,-0.403118,54.282695,On or near Aberdeen Walk,E01027806,Scarborough 006B,Suspect charged
dc51db39748a4eb1938be5a599af95e395a1a501c9137b0e1ab9d1ea00352ce8,2025-01,North Yorkshire Police,North Yorkshire Police,-0.403118,54.282695,On or near Aberdeen Walk,E01027806,Scarborough 006B,Suspect charged
e4bacde5df2c36578e2a8758fc1b5234cc47f31f9e7403b105180a5422919461,2025-01,North Yorkshire Police,North Yorkshire Police,-1.054230,53.961232,On or near Rockingham Avenue,E01013384,York 015A,Unable to prosecute suspect
b374a5052e8e94d1eb6ca54dd769b2c78378f3088682bc5c37b300cc5de70de1,2025-01,North Yorkshire Police,North Yorkshire Police,-0.402884,54.281982,On or near Aberdeen Place,E01027806,Scarborough 006B,Local resolution
25a18e0d0f600dc57d9a60e5bc0d936eb4924d14d491ca75f0a23fdabeb4fcfc,2025-01,North Yorkshire Police,North Yorkshire Police,-1.069651,53.954522,On or near The Tannery,E01013363,York 019D,Suspect charged
25a18e0d0f600dc57d9a60e5bc0d936eb4924d14d491ca75f0a23fdabeb4fcfc,2025-01,North Yorkshire Police,North Yorkshire Police,-1.069651,53.954522,On or near The Tannery,E01013363,York 019D,Suspect charged
2a712737d46c28ec7d869cf6cfc6609557fc60e386cd974e3337b9c7d12ff074,2025-01,North Yorkshire Police,North Yorkshire Police,-1.084446,53.976189,On or near Link Avenue,E01013350,York 009E,Investigation complete; no suspect identified
913a81fcb0c1e2046e4236c167b2a4714a8ea7651c125ceb738299f873c59262,2025-01,North Yorkshire Police,North Yorkshire Police,-1.084285,53.968952,On or near Hospital,E01013343,York 009A,Suspect charged
913a81fcb0c1e2046e4236c167b2a4714a8ea7651c125ceb738299f873c59262,2025-01,North Yorkshire Police,North Yorkshire Police,-1.084285,53.968952,On or near Hospital,E01013343,York 009A,Suspect charged
620af230d49a56c6f9c93c4d34782fbecabc149598447cae6b2c05c789e853a5,2025-01,North Yorkshire Police,North Yorkshire Police,-1.082376,53.957280,On or near King Street,E01033070,York 013I,Suspect charged
620af230d49a56c6f9c93c4d34782fbecabc149598447cae6b2c05c789e853a5,2025-01,North Yorkshire Police,North Yorkshire Police,-1.082376,53.957280,On or near King Street,E01033070,York 013I,Suspect charged
620af230d49a56c6f9c93c4d34782fbecabc149598447cae6b2c05c789e853a5,2025-01,North Yorkshire Police,North Yorkshire Police,-1.082376,53.957280,On or near King Street,E01033070,York 013I,Suspect charged
ea31e73f192b78a012f92a549ff2b827b770daa3991b77eabbf96099b772b7b0,2025-01,North Yorkshire Police,North Yorkshire Police,-1.082376,53.957280,On or near King Street,E01033070,York 013I,Suspect charged
ea31e73f192b78a012f92a549ff2b827b770daa3991b77eabbf96099b772b7b0,2025-01,North Yorkshire Police,North Yorkshire Police,-1.082376,53.957280,On or near King Street,E01033070,York 013I,Suspect charged
818752e20b4bb4461dca3f1a166409fd69328e7a40dc30baad1d6beb97ea3ee4,2025-01,North Yorkshire Police,North Yorkshire Police,-1.082376,53.957280,On or near King Street,E01033070,York 013I,Suspect charged
818752e20b4bb4461dca3f1a166409fd69328e7a40dc30baad1d6beb97ea3ee4,2025-01,North Yorkshire Police,North Yorkshire Police,-1.082376,53.957280,On or near King Street,E01033070,York 013I,Suspect charged
a23b8ee2094ce04b4b424fdd0f842404c50034716bd5341fcde9ddd50f8cdfb8,2025-01,North Yorkshire Police,North Yorkshire Police,-1.117720,53.928743,On or near ,E01013355,York 022C,Investigation complete; no suspect identified
ee1de7d95e7b951faf024512e6bb918ab4bab0adfa98c0488572245ba65bd3bf,2025-01,North Yorkshire Police,North Yorkshire Police,-1.548584,53.989442,On or near Somerset Road,E01027679,Harrogate 019B,Investigation complete; no suspect identified
e84e8bd3532a0df746e3ea2a47b61b588ce7b1aa34932af626b62a06ac920245,2025-01,North Yorkshire Police,North Yorkshire Police,-1.548584,53.989442,On or near Somerset Road,E01027679,Harrogate 019B,Investigation complete; no suspect identified
5b823476fc57942bec68cccd71741cfa89252c1b6992bdeaa4929449434c60bf,2025-01,North Yorkshire Police,North Yorkshire Police,-1.725927,54.409328,On or near Gordon Crescent,E01027767,Richmondshire 002C,Unable to prosecute suspect
5b823476fc57942bec68cccd71741cfa89252c1b6992bdeaa4929449434c60bf,2025-01,North Yorkshire Police,North Yorkshire Police,-1.725927,54.409328,On or near Gordon Crescent,E01027767,Richmondshire 002C,Unable to prosecute suspect
c8afc71dec2d3a4f177793cda11e92a1b3a87973e2a23883b75c6d152fae6d05,2025-01,North Yorkshire Police,North Yorkshire Police,-1.521506,54.136348,On or near Parking Area,E01027706,Harrogate 004B,Unable to prosecute suspect
516e16337cd738516e183a36db399b55315f36e8b0f613504967b65b635f58ed,2025-01,North Yorkshire Police,North Yorkshire Police,-1.454782,54.012098,On or near Park Lane,E01027670,Harrogate 012A,Further investigation is not in the public interest
424c68d136e273ea6494099abe58425d35c35e38d6142446be34a8554dac0a66,2025-01,North Yorkshire Police,North Yorkshire Police,-1.846086,54.156937,On or near Parking Area,E01027701,Harrogate 006C,Investigation complete; no suspect identified
064f0a69a94d0875a560cf39e1cd9a17319442748771676c9a464eeba03770d1,2025-01,North Yorkshire Police,North Yorkshire Police,-1.468179,54.012962,On or near Petrol Station,E01027669,Harrogate 009B,Unable to prosecute suspect
064f0a69a94d0875a560cf39e1cd9a17319442748771676c9a464eeba03770d1,2025-01,North Yorkshire Police,North Yorkshire Police,-1.468179,54.012962,On or near Petrol Station,E01027669,Harrogate 009B,Unable to prosecute suspect
064f0a69a94d0875a560cf39e1cd9a17319442748771676c9a464eeba03770d1,2025-01,North Yorkshire Police,North Yorkshire Police,-1.468179,54.012962,On or near Petrol Station,E01027669,Harrogate 009B,Unable to prosecute suspect
f43181c5d87cbc36a12c1b0189cc514498dd384aee0089b4aad5dfbd1398dcf2,2025-01,North Yorkshire Police,North Yorkshire Police,-1.468179,54.012962,On or near Petrol Station,E01027669,Harrogate 009B,Suspect charged
f43181c5d87cbc36a12c1b0189cc514498dd384aee0089b4aad5dfbd1398dcf2,2025-01,North Yorkshire Police,North Yorkshire Police,-1.468179,54.012962,On or near Petrol Station,E01027669,Harrogate 009B,Suspect charged
a4ca180e2f6870e78a67d3e50f7e7a00611d25628de9afc0c1a9bae4b0fba579,2025-01,North Yorkshire Police,North Yorkshire Police,-1.038459,53.806546,On or near Turnhead Crescent,E01027877,Selby 003B,Unable to prosecute suspect
c45ba95351f234e97594b84137683c7d92c98289c6bc8ba8db12e6771f832e4e,2025-01,North Yorkshire Police,North Yorkshire Police,-1.495767,54.002220,On or near Highbank Grove,E01027726,Harrogate 014C,Investigation complete; no suspect identified
c232b39b0213c394ccceda8db1ad02e30377fc55d5a59ba17281bfc3de6d4a89,2025-01,North Yorkshire Police,North Yorkshire Police,-0.477252,54.293505,On or near Keld Runnels Road,E01027857,Scarborough 004F,Suspect charged
c232b39b0213c394ccceda8db1ad02e30377fc55d5a59ba17281bfc3de6d4a89,2025-01,North Yorkshire Police,North Yorkshire Police,-0.477252,54.293505,On or near Keld Runnels Road,E01027857,Scarborough 004F,Suspect charged
d425c538d681d435a756d3a4abbdb0865757493f4519552a48232bd3c92122b0,2025-01,North Yorkshire Police,North Yorkshire Police,-0.477252,54.293505,On or near Keld Runnels Road,E01027857,Scarborough 004F,Unable to prosecute suspect
d425c538d681d435a756d3a4abbdb0865757493f4519552a48232bd3c92122b0,2025-01,North Yorkshire Police,North Yorkshire Police,-0.477252,54.293505,On or near Keld Runnels Road,E01027857,Scarborough 004F,Unable to prosecute suspect
7e43ffd15b3df7b6a25eecea3ae4c871e154dbdc76a28708af8f1dca772953d7,2025-01,North Yorkshire Police,North Yorkshire Police,-1.337292,54.217291,On or near ,E01034960,Hambleton 009F,Investigation complete; no suspect identified
12cada6395054719e1e183fcd4f1f52e78e1481c48ced31590071d007241ffda,2025-01,North Yorkshire Police,North Yorkshire Police,-0.616823,54.485065,On or near Victoria Square,E01034972,Scarborough 001F,Investigation complete; no suspect identified
8e3e4f6ef1df3229d459740f12ce933c8f2c3a921cb9f844b8c11c8f4808d876,2025-01,North Yorkshire Police,North Yorkshire Police,-1.293715,53.769159,On or near Parking Area,E01034977,Selby 004H,Investigation complete; no suspect identified
52580047030a2aa5c1ddb0e0873a2fa293e5d9e37fe5928467e8190dc0b6434c,2025-01,North Yorkshire Police,North Yorkshire Police,-1.529602,54.005143,On or near Elm Road,E01027740,Harrogate 013F,Suspect charged
52580047030a2aa5c1ddb0e0873a2fa293e5d9e37fe5928467e8190dc0b6434c,2025-01,North Yorkshire Police,North Yorkshire Police,-1.529602,54.005143,On or near Elm Road,E01027740,Harrogate 013F,Suspect charged
0812e18508e9533b54d56de49c5437122316b32a20684feb9a82619fa6077240,2025-01,North Yorkshire Police,North Yorkshire Police,-1.073084,53.959851,On or near Park/Open Space,E01033067,York 013F,Investigation complete; no suspect identified
f96200ef67a07039c377babe7d047dcb8a62d5d48cd2c76b6d60df2df62bcb2a,2025-01,North Yorkshire Police,North Yorkshire Police,-1.540242,53.993626,On or near Oxford Place,E01027678,Harrogate 015E,Unable to prosecute suspect
f96200ef67a07039c377babe7d047dcb8a62d5d48cd2c76b6d60df2df62bcb2a,2025-01,North Yorkshire Police,North Yorkshire Police,-1.540242,53.993626,On or near Oxford Place,E01027678,Harrogate 015E,Unable to prosecute suspect
dd95c950c01cdc3f97b93c5fde3909b26d6aa2e3e48e6a389c23ca6f9244b10b,2025-01,North Yorkshire Police,North Yorkshire Police,-0.394893,54.242552,On or near Herdborough Road,E01027820,Scarborough 012C,Unable to prosecute suspect
bb38c701cd944e55fc72a1a9319c4d18c61b8a1778c33ab6515e34c76fb226e5,2025-01,North Yorkshire Police,North Yorkshire Police,-1.115693,53.960828,On or near Linton Street,E01013393,York 016A,Unable to prosecute suspect
f4e1880e18ad3a4912e1350f4200e5dc7d0c329087a1f5633439d3f68ab19f9f,2025-01,North Yorkshire Police,North Yorkshire Police,-0.769869,54.242656,On or near Hawthorn Lane,E01027793,Ryedale 002B,Unable to prosecute suspect
f024bff06d7121237b3721b62ea04e00a20d5a6f750d14f0293bcc85ea5b1c2d,2025-01,North Yorkshire Police,North Yorkshire Police,-2.100568,53.985600,On or near Sharphaw View,E01027563,Craven 007C,Unable to prosecute suspect
f024bff06d7121237b3721b62ea04e00a20d5a6f750d14f0293bcc85ea5b1c2d,2025-01,North Yorkshire Police,North Yorkshire Police,-2.100568,53.985600,On or near Sharphaw View,E01027563,Craven 007C,Unable to prosecute suspect
6b91cbe4f37f1dc46701b0f74cf38cacf27b28902676a44768ee698251180717,2025-01,North Yorkshire Police,North Yorkshire Police,-1.548584,53.989442,On or near Somerset Road,E01027679,Harrogate 019B,Investigation complete; no suspect identified
c5649eb8c7365964c7d8fb85043cfeb0df7ef8e4884beab541d0ad0b8b701999,2025-01,North Yorkshire Police,North Yorkshire Police,-1.116444,53.960591,On or near Winchester Grove,E01013393,York 016A,Investigation complete; no suspect identified
5433172b9c1788be3fd30df67c9fa73ea78c9a2cb6fbe96360b24ec0441ee408,2025-01,North Yorkshire Police,North Yorkshire Police,-1.072492,53.957006,On or near Navigation Road,E01033070,York 013I,Unable to prosecute suspect
5433172b9c1788be3fd30df67c9fa73ea78c9a2cb6fbe96360b24ec0441ee408,2025-01,North Yorkshire Police,North Yorkshire Police,-1.072492,53.957006,On or near Navigation Road,E01033070,York 013I,Unable to prosecute suspect
fe413c5e313c396cba0e032f7dc397593a04554776f0b563a00b4da6c2b2e2ee,2025-01,North Yorkshire Police,North Yorkshire Police,-0.402373,54.273356,On or near St Martin's Place,E01027852,Scarborough 010B,Unable to prosecute suspect
c6de6dc227a8d3344c3fe7d921cec97e9ac423f7bd493fef5363e4e1906012c4,2025-01,North Yorkshire Police,North Yorkshire Police,-1.102103,53.957016,On or near Cleveland Street,E01013391,York 017B,Investigation complete; no suspect identified
06deb1465541278040f23324f7a705e0aad457fd1fe70e19483d530d433deae3,2025-01,North Yorkshire Police,North Yorkshire Police,-1.006091,54.153483,On or near Scackleton Lane,E01027775,Ryedale 003A,Investigation complete; no suspect identified
e8226bd2881de380257fc6a04b630aae1f727970451dbd96a0148a79dc15a941,2025-01,North Yorkshire Police,North Yorkshire Police,-0.614683,54.483980,On or near Windsor Crescent,E01027865,Scarborough 003C,Investigation complete; no suspect identified
7896ba1f63f111c528f6a1eba0a7532a23724e7722f583371014c308ef934090,2025-01,North Yorkshire Police,North Yorkshire Police,-0.405874,54.286489,On or near Trafalgar Terrace,E01034974,Scarborough 006F,Suspect charged
7896ba1f63f111c528f6a1eba0a7532a23724e7722f583371014c308ef934090,2025-01,North Yorkshire Police,North Yorkshire Police,-0.405874,54.286489,On or near Trafalgar Terrace,E01034974,Scarborough 006F,Suspect charged
85bb8d0e7c0d58647f9c3dd7f405b9ff5c9d7214ea36fec7b5d6694ec6b4eba8,2025-01,North Yorkshire Police,North Yorkshire Police,-0.405874,54.286489,On or near Trafalgar Terrace,E01034974,Scarborough 006F,Suspect charged
85bb8d0e7c0d58647f9c3dd7f405b9ff5c9d7214ea36fec7b5d6694ec6b4eba8,2025-01,North Yorkshire Police,North Yorkshire Police,-0.405874,54.286489,On or near Trafalgar Terrace,E01034974,Scarborough 006F,Suspect charged
1e6d5b0f13135065f41864b7a5f55f9be20e2c155f14f714991cb54a83e8d2b0,2025-01,North Yorkshire Police,North Yorkshire Police,-1.105790,53.963488,On or near Bright Street,E01013390,York 017A,Investigation complete; no suspect identified
31f648b6b88bbabe792005858839c12210d5dc99bdb84935b4efb6e5a9a75bbd,2025-01,North Yorkshire Police,North Yorkshire Police,-0.402373,54.273356,On or near St Martin's Place,E01027852,Scarborough 010B,Investigation complete; no suspect identified
bd39af9b1f7324b5f817efaf21262fc393037088ead3253b47cee0f9d8dd829d,2025-01,North Yorkshire Police,North Yorkshire Police,-1.539772,53.993282,On or near Cambridge Place,E01027678,Harrogate 015E,Unable to prosecute suspect
ce54763d37ac0600eac7d5e0b918f19f04d2298c19b1ed9fa099d03d50b85334,2025-01,North Yorkshire Police,North Yorkshire Police,-1.541344,53.993226,On or near Cambridge Road,E01027678,Harrogate 015E,Investigation complete; no suspect identified
188b172b144823a3bef378267439134a590dd3ec155a62b39399e78bee315449,2025-01,North Yorkshire Police,North Yorkshire Police,-1.001701,53.777483,On or near Turnham Lane,E01027897,Selby 008E,Investigation complete; no suspect identified
011e98bf1613400af4da7d235bf60ef4e0830c811c435ceda1d5bf31d0696444,2025-01,North Yorkshire Police,North Yorkshire Police,-1.080451,53.958919,On or near Shopping Area,E01033070,York 013I,Local resolution
b72c60e30e4e6b0bafc20a329b98df2299b83ddb0030048397742c02fc5037c5,2025-01,North Yorkshire Police,North Yorkshire Police,-1.098309,53.993459,On or near ,E01013431,York 006D,Suspect charged
b72c60e30e4e6b0bafc20a329b98df2299b83ddb0030048397742c02fc5037c5,2025-01,North Yorkshire Police,North Yorkshire Police,-1.098309,53.993459,On or near ,E01013431,York 006D,Suspect charged
07b4bc17ad9bc684dd5ea3f7771eb7b1b1764f967cecf80d0875311c6657ebf7,2025-01,North Yorkshire Police,North Yorkshire Police,-1.085585,53.960387,On or near Lendal,E01013366,York 013A,Investigation complete; no suspect identified
47f4a647633bf80ca95618e66206d1046bd6c32cbf91f00ea514e53cec539d7d,2025-01,North Yorkshire Police,North Yorkshire Police,-0.411428,54.279497,On or near Roscoe Street,E01027812,Scarborough 008C,Investigation complete; no suspect identified
fb51a53e7455b97d62fd3c65f27aaa1bb5455e961c45007b36ccfa8a47b1393d,2025-01,North Yorkshire Police,North Yorkshire Police,-1.138257,53.945686,On or near St Josephs Court,E01013446,York 018D,Investigation complete; no suspect identified
262af1243ad2f952bedcd804f1df6a7a9eeaf7f9ee11c33c51ddd84b50ec2f49,2025-01,North Yorkshire Police,North Yorkshire Police,-1.108395,53.957817,On or near Holgate Park Drive,E01013391,York 017B,Investigation complete; no suspect identified
dab35b2a6578ee938af6763d622dee5f166752e5be700f32d8ed389ce079e3a5,2025-01,North Yorkshire Police,North Yorkshire Police,-1.699397,53.979115,On or near ,E01027734,Harrogate 018C,Investigation complete; no suspect identified
441e39c85b408530d9c154d89831ee27db78776b61256bacc5464e3cad2aa035,2025-01,North Yorkshire Police,North Yorkshire Police,-1.082009,53.789234,On or near Deacon Court,E01027906,Selby 006B,Unable to prosecute suspect
81e54ce8b544d3453067df1148f3908ff80bb83ce45f1528086476faa7307f32,2025-01,North Yorkshire Police,North Yorkshire Police,-2.534835,54.119365,On or near Harley Close,E01027558,Craven 001A,Investigation complete; no suspect identified
ef0cb7e403002d305ff130f5dfd8d8f3607b6da49feed98b8e339dc1198de98b,2025-01,North Yorkshire Police,North Yorkshire Police,-1.104513,53.964026,On or near Jubilee Terrace,E01013390,York 017A,Investigation complete; no suspect identified
63ac301a32ab50dd6f76010bdb346e2da1ffd084dc4855f044e968ade7fd56fb,2025-01,North Yorkshire Police,North Yorkshire Police,-0.397288,54.283688,On or near Market Street,E01027805,Scarborough 006A,Unable to prosecute suspect
f3744fe7ff39179bd1b8a01d83c6b617494a2e90ba8d2d25c98d100e4a1569c5,2025-01,North Yorkshire Police,North Yorkshire Police,-1.085422,53.962948,On or near A19,E01013366,York 013A,Investigation complete; no suspect identified
72b0a7e08e9e1d4040ef7daa98331e4f3c105ca002b3aedf04ef0f9dbb291d4b,2025-01,North Yorkshire Police,North Yorkshire Police,-1.699397,53.979115,On or near ,E01027734,Harrogate 018C,Investigation complete; no suspect identified
5582c993842b0e7365868781998684acae9c6db848ec93dce3ed1b9e5d8c619b,2025-01,North Yorkshire Police,North Yorkshire Police,-1.080451,53.958919,On or near Shopping Area,E01033070,York 013I,Local resolution
cefc8f3a873c6d4c9df6104674686fc7b667ff9f5c592713fbf6d4005059840a,2025-01,North Yorkshire Police,North Yorkshire Police,-0.403812,54.286992,On or near Stanley Street,E01034974,Scarborough 006F,Unable to prosecute suspect
cefc8f3a873c6d4c9df6104674686fc7b667ff9f5c592713fbf6d4005059840a,2025-01,North Yorkshire Police,North Yorkshire Police,-0.403812,54.286992,On or near Stanley Street,E01034974,Scarborough 006F,Unable to prosecute suspect
bf2d23f7f112831827f0cb9b42589ca523265b66502151be9548aac15cf7bd81,2025-01,North Yorkshire Police,North Yorkshire Police,-1.084041,53.964079,On or near Gillygate,E01013366,York 013A,Suspect charged
bf2d23f7f112831827f0cb9b42589ca523265b66502151be9548aac15cf7bd81,2025-01,North Yorkshire Police,North Yorkshire Police,-1.084041,53.964079,On or near Gillygate,E01013366,York 013A,Suspect charged
d510715079835a82930095327145aaf0c4aef5d48620e5b76b23dc068bfea278,2025-01,North Yorkshire Police,North Yorkshire Police,-1.104513,53.964026,On or near Jubilee Terrace,E01013390,York 017A,Investigation complete; no suspect identified
a449d120c9d6e40662914232aa5eaa68a230afc40375d2a293365bbccfc96196,2025-01,North Yorkshire Police,North Yorkshire Police,-1.068879,53.958399,On or near Supermarket,E01033067,York 013F,Unable to prosecute suspect
a449d120c9d6e40662914232aa5eaa68a230afc40375d2a293365bbccfc96196,2025-01,North Yorkshire Police,North Yorkshire Police,-1.068879,53.958399,On or near Supermarket,E01033067,York 013F,Unable to prosecute suspect
c877e7072ab94fae92aa66d7b555736e11c69e9e6f6ae4252f1c9b5ca273f42f,2025-01,North Yorkshire Police,North Yorkshire Police,-0.303683,54.215748,On or near Scarborough Road,E01027830,Scarborough 014D,Suspect charged
c877e7072ab94fae92aa66d7b555736e11c69e9e6f6ae4252f1c9b5ca273f42f,2025-01,North Yorkshire Police,North Yorkshire Police,-0.303683,54.215748,On or near Scarborough Road,E01027830,Scarborough 014D,Suspect charged
8fd68cd215f942bb37313c232b009b5b6fd07a65d35ee564ec6a04696833f9c3,2025-01,North Yorkshire Police,North Yorkshire Police,-0.418373,54.243348,On or near Roxby Gardens,E01027858,Scarborough 012D,Investigation complete; no suspect identified
3321af1f727e385424cd26a5c129abe652444f0d3052fd3c3fab4e0a4e620386,2025-01,North Yorkshire Police,North Yorkshire Police,-0.312212,54.183716,On or near Lennox Close,E01027834,Scarborough 014F,Unable to prosecute suspect
27a9d6465a08dac830925163bad9986ec4b73c846d7e508847c1917f8ef9b8b8,2025-01,North Yorkshire Police,North Yorkshire Police,-1.389357,54.171238,On or near Sports/Recreation Area,E01027737,Harrogate 003D,Investigation complete; no suspect identified
9c092b6cb3373fe8a6787a794e74036c60f7e87a6a7a963b898c4baa1f90d11e,2025-01,North Yorkshire Police,North Yorkshire Police,-1.069258,53.784462,On or near Nightclub,E01027909,Selby 005E,Unable to prosecute suspect
4f3bacfe6dca294f096bf3375c6435deddedb62dffa320309a2097564558617e,2025-01,North Yorkshire Police,North Yorkshire Police,-0.806477,54.141820,On or near Damson Court,E01034968,Ryedale 009B,Unable to prosecute suspect
4f3bacfe6dca294f096bf3375c6435deddedb62dffa320309a2097564558617e,2025-01,North Yorkshire Police,North Yorkshire Police,-0.806477,54.141820,On or near Damson Court,E01034968,Ryedale 009B,Unable to prosecute suspect
2c80b11f25b437c45af95e083b9fc55c39b3f3479bb15a97b37508b0744128d9,2025-01,North Yorkshire Police,North Yorkshire Police,-0.446408,54.232818,On or near Ratten Row,E01027859,Scarborough 013D,Unable to prosecute suspect
b257bc0ac3a52da39e2cfc9a89b018b52941d3400b12fa0a42344eeb88bacabf,2025-01,North Yorkshire Police,North Yorkshire Police,-1.033425,53.950002,On or near Field Lane,E01013378,York 023B,Investigation complete; no suspect identified
f66f9cacc95244423a5a9134357471fee5c420d38e1059079f7292684121f29f,2025-01,North Yorkshire Police,North Yorkshire Police,-0.399393,54.239681,On or near Burnside,E01027817,Scarborough 012A,Unable to prosecute suspect
10803a9f247521002e8203116d1347555dbcfd02707c80999bf5b89f24e8acc0,2025-01,North Yorkshire Police,North Yorkshire Police,-1.543093,53.993735,On or near Parliament Street,E01027678,Harrogate 015E,Suspect charged
2b870c16af26cac74c6278f2b446b0e28e56030dd8ca55c704d761dc9f717e18,2025-01,North Yorkshire Police,North Yorkshire Police,-0.412293,54.286169,On or near Elmville Avenue,E01027851,Scarborough 008D,Unable to prosecute suspect
5684d7ee32a628800661616d3dec1be9fde0039d3cd351bdc2eef0a3d3ebc08d,2025-01,North Yorkshire Police,North Yorkshire Police,-0.411428,54.279497,On or near Roscoe Street,E01027812,Scarborough 008C,Suspect charged
5684d7ee32a628800661616d3dec1be9fde0039d3cd351bdc2eef0a3d3ebc08d,2025-01,North Yorkshire Police,North Yorkshire Police,-0.411428,54.279497,On or near Roscoe Street,E01027812,Scarborough 008C,Suspect charged
5b49e9884a2c7cd9d430d2bb9e70ea3938ed0501f2f3d02aaa7dbb6fad999ac3,2025-01,North Yorkshire Police,North Yorkshire Police,-1.074892,53.968368,On or near Earle Street,E01013368,York 010B,Unable to prosecute suspect
5b49e9884a2c7cd9d430d2bb9e70ea3938ed0501f2f3d02aaa7dbb6fad999ac3,2025-01,North Yorkshire Police,North Yorkshire Police,-1.074892,53.968368,On or near Earle Street,E01013368,York 010B,Unable to prosecute suspect
1dcbca38b65b26713473cc626d238c6f864120e98d35039abb85f4483a4cadd0,2025-01,North Yorkshire Police,North Yorkshire Police,-2.275561,54.068596,On or near Castle Hill,E01027572,Craven 003C,Investigation complete; no suspect identified
015e85ccd701d6c788f03b3e76a9ffd2b2e06b5982c4a55619dc6d6a4ce92f51,2025-01,North Yorkshire Police,North Yorkshire Police,-1.059383,53.774713,On or near Lowther Drive,E01034981,Selby 005I,Unable to prosecute suspect
015e85ccd701d6c788f03b3e76a9ffd2b2e06b5982c4a55619dc6d6a4ce92f51,2025-01,North Yorkshire Police,North Yorkshire Police,-1.059383,53.774713,On or near Lowther Drive,E01034981,Selby 005I,Unable to prosecute suspect
c461006025d8fc1de7d7430e033271428d56d969648af2fb7293f1d67235bf94,2025-01,North Yorkshire Police,North Yorkshire Police,-1.202057,53.667717,On or near Northfield Close,E01027923,Selby 010C,Unable to prosecute suspect
ac9e4290acca79bd15449a1f9341097df4cbde5772b9cd3f6f0270356cb07eae,2025-01,North Yorkshire Police,North Yorkshire Police,-2.016650,53.917685,On or near St John's Street,E01027556,Craven 007A,Unable to prosecute suspect
a489aeace2cc1adcf63001cc8c0b992321212c98815f894cb3ef5d70bc0b6a0b,2025-01,North Yorkshire Police,North Yorkshire Police,-1.092335,53.956259,On or near Queen Street,E01013416,York 013E,Unable to prosecute suspect
0b5a6d31e762710594cad1591923080599ee45aa1fc7d0bb19adf82297f361eb,2025-01,North Yorkshire Police,North Yorkshire Police,-1.074451,53.966270,On or near Lowther Court,E01013368,York 010B,Investigation complete; no suspect identified
fe27cab656c372ab338bba296ed766f5a6e5e91072d9b741494d759d8f1c3d72,2025-01,North Yorkshire Police,North Yorkshire Police,-2.012582,53.957995,On or near East Castle Street,E01027578,Craven 006A,Unable to prosecute suspect
5906f6e59d26bb53dcf3250afaecf0e9634da3af50cb7470ea68d1d83cfb98e4,2025-01,North Yorkshire Police,North Yorkshire Police,-1.537845,54.003413,On or near Dawson Terrace,E01027692,Harrogate 013E,Unable to prosecute suspect
afc360ab3b5462653f7759b1de9909542ad2de8e6bd4300a4c5a3478bacab6ec,2025-01,North Yorkshire Police,North Yorkshire Police,-1.260279,54.236408,On or near Back Lane,E01027637,Hambleton 008E,Unable to prosecute suspect
afc360ab3b5462653f7759b1de9909542ad2de8e6bd4300a4c5a3478bacab6ec,2025-01,North Yorkshire Police,North Yorkshire Police,-1.260279,54.236408,On or near Back Lane,E01027637,Hambleton 008E,Unable to prosecute suspect
2f73a9e66130176e7b8fcd4dee7d5a2a9743eeae1b9d4ec0b0161f6e3621d325,2025-01,North Yorkshire Police,North Yorkshire Police,-1.069141,53.973348,On or near Fossway,E01013386,York 010E,Unable to prosecute suspect
978ad6bfb3e883e61705ad3de399eae47df6b61bce953ac7c0ecfeb2cb25196c,2025-01,North Yorkshire Police,North Yorkshire Police,-1.108395,53.957817,On or near Holgate Park Drive,E01013391,York 017B,Investigation complete; no suspect identified
5d36233033b7bac50c8f2e6c812278d2109228bcef5d57fd4cd8d706c4cdffbc,2025-01,North Yorkshire Police,North Yorkshire Police,-1.029101,53.953885,On or near Petrol Station,E01013420,York 014D,Investigation complete; no suspect identified
14d66c66c9bfb6782b5b2088b12db9893a34bf01390de8118d34157dec35b0aa,2025-01,North Yorkshire Police,North Yorkshire Police,-1.456318,54.273203,On or near Maunby Lane,E01027633,Hambleton 007C,Investigation complete; no suspect identified
107a0bfa6994f5bf59737a116617090b5055e31418b73a401d1be4e89e3a9eb5,2025-01,North Yorkshire Police,North Yorkshire Police,-1.546209,53.993316,On or near Royal Parade,E01027678,Harrogate 015E,Investigation complete; no suspect identified
e7982b9aabe6615808550d95acb1a1fd96416a297ffd7ca3f5b48f4eaf841a15,2025-01,North Yorkshire Police,North Yorkshire Police,-1.059345,53.836130,On or near Pinfold Close,E01027901,Selby 003D,Investigation complete; no suspect identified
1b7ecaeec02c718189891d66ad214db87f60551b592632e9aae231ccd5d5a7ec,2025-01,North Yorkshire Police,North Yorkshire Police,-0.613886,54.487018,On or near St Ann's Staith,E01034972,Scarborough 001F,Unable to prosecute suspect
bde245f1d01ac67ec263e97f82860361ecaf5772aa7c1a811fb8362bc9121e0a,2025-01,North Yorkshire Police,North Yorkshire Police,-1.085033,53.945921,On or near Finsbury Street,E01013414,York 021D,Unable to prosecute suspect
25c56a190c8590ffa78fc39b7376447b1619f72dd24dc99e36755e12d374527c,2025-01,North Yorkshire Police,North Yorkshire Police,-1.435411,54.341925,On or near Police Station,E01034962,Hambleton 012B,Unable to prosecute suspect
7a9ca2cbd8f813e3a7202985dc523a5f37af499de03189af536aafbe83973f14,2025-01,North Yorkshire Police,North Yorkshire Police,-1.395254,54.098275,On or near Norwood Terrace,E01027687,Harrogate 005D,Unable to prosecute suspect
44c32a3a8c07e576362acdaaffc7b0611b86fed3dcb2859cd371629922956dfd,2025-01,North Yorkshire Police,North Yorkshire Police,-1.551219,53.984095,On or near Manor Drive,E01027653,Harrogate 020A,Unable to prosecute suspect
62987813cf63cc68a84dc4c9076912d8b1c02c920e3ab94a03c99f5bde3275c2,2025-01,North Yorkshire Police,North Yorkshire Police,-1.463156,54.336675,On or near Park/Open Space,E01027616,Hambleton 013C,Investigation complete; no suspect identified
2be41deff670fd196fa5fe9e3cfcb980fd4ef34c63ed4d1ceba64f0e6e4b0dd2,2025-01,North Yorkshire Police,North Yorkshire Police,-2.016438,53.957842,On or near Sackville Street,E01027578,Craven 006A,Action to be taken by another organisation
b975b61a618d87827477184e23cb1e593540f1b4667f7db4733164fd77f70180,2025-01,North Yorkshire Police,North Yorkshire Police,-1.133456,53.947979,On or near Cornlands Road,E01013446,York 018D,Investigation complete; no suspect identified
e04b68dc39d1b39ddb941e8f10cb44d460fccc4eb1878e1d58db4ceadec75d9e,2025-01,North Yorkshire Police,North Yorkshire Police,-0.433078,54.287798,On or near Scalby Road,E01027874,Scarborough 007D,Suspect charged
e04b68dc39d1b39ddb941e8f10cb44d460fccc4eb1878e1d58db4ceadec75d9e,2025-01,North Yorkshire Police,North Yorkshire Police,-0.433078,54.287798,On or near Scalby Road,E01027874,Scarborough 007D,Suspect charged
e04b68dc39d1b39ddb941e8f10cb44d460fccc4eb1878e1d58db4ceadec75d9e,2025-01,North Yorkshire Police,North Yorkshire Police,-0.433078,54.287798,On or near Scalby Road,E01027874,Scarborough 007D,Suspect charged
fb6d4e9d33d5c9198879e3587ee4990f4b18dabfe98cd4b465d1178a18a99e44,2025-01,North Yorkshire Police,North Yorkshire Police,-1.590561,54.288670,On or near Bridge Street,E01027589,Hambleton 006C,Unable to prosecute suspect
6036b3c61605c08c32f09ea2ad09102ddab625f521c4d251be9394b3b1e42fa9,2025-01,North Yorkshire Police,North Yorkshire Police,-1.090173,53.951281,On or near Scarcroft Road,E01013416,York 013E,Investigation complete; no suspect identified
49c92d4dd3ad6f31980b27324ddbe218db06ec87666000ce393b8cb443c2d4ff,2025-01,North Yorkshire Police,North Yorkshire Police,-1.290436,54.066579,On or near Rice Lane,E01027634,Hambleton 011C,Investigation complete; no suspect identified
ea3a46cc9e5301cbc7c42c209a18503d8f98760a88e19b32f6d8a0615cadfc42,2025-01,North Yorkshire Police,North Yorkshire Police,-1.075316,53.943681,On or near Supermarket,E01013362,York 019C,Investigation complete; no suspect identified
f80f83421c5f22329c8ffd3648dc3981329c1d2cfbe66816ca1751ae36ee8b1e,2025-01,North Yorkshire Police,North Yorkshire Police,-1.504570,53.997043,On or near Petrol Station,E01027727,Harrogate 014D,Investigation complete; no suspect identified
442fd070e968b703173c5030cf7ea1fb6c349bf5deae701700dcae840db96440,2025-01,North Yorkshire Police,North Yorkshire Police,-1.066414,53.993010,On or near Pollard Close,E01013407,York 004B,Unable to prosecute suspect
442fd070e968b703173c5030cf7ea1fb6c349bf5deae701700dcae840db96440,2025-01,North Yorkshire Police,North Yorkshire Police,-1.066414,53.993010,On or near Pollard Close,E01013407,York 004B,Unable to prosecute suspect
49018becfccc17780ca2f45c4d7b0ed32a0b8d033b85ac68a8da8fe338633833,2025-01,North Yorkshire Police,North Yorkshire Police,-1.066414,53.993010,On or near Pollard Close,E01013407,York 004B,Unable to prosecute suspect
49018becfccc17780ca2f45c4d7b0ed32a0b8d033b85ac68a8da8fe338633833,2025-01,North Yorkshire Police,North Yorkshire Police,-1.066414,53.993010,On or near Pollard Close,E01013407,York 004B,Unable to prosecute suspect
6b693d88727388f06975f5a4c83001939f3fccf35cc0c0ab2510cd73872455ef,2025-01,North Yorkshire Police,North Yorkshire Police,-1.084285,53.968952,On or near Hospital,E01013343,York 009A,Unable to prosecute suspect
4a396626691e93e3578c87b4ece80ded9d6a3363886f0b9574d9a4ff6e773843,2025-01,North Yorkshire Police,North Yorkshire Police,-1.069263,53.784246,On or near Finkle Street,E01027909,Selby 005E,Investigation complete; no suspect identified
443485e2c46e52330217d8fc2be1ddaa986b4d740d7536dc4b535cda8e003b5b,2025-01,North Yorkshire Police,North Yorkshire Police,-0.777663,54.245854,On or near Market Place,E01027792,Ryedale 002A,Suspect charged
443485e2c46e52330217d8fc2be1ddaa986b4d740d7536dc4b535cda8e003b5b,2025-01,North Yorkshire Police,North Yorkshire Police,-0.777663,54.245854,On or near Market Place,E01027792,Ryedale 002A,Suspect charged
9a1b8b022658bf8deb091fc111fb00a969504739cb699c6a554b3e08e8db5879,2025-01,North Yorkshire Police,North Yorkshire Police,-0.411428,54.279497,On or near Roscoe Street,E01027812,Scarborough 008C,Suspect charged
9a1b8b022658bf8deb091fc111fb00a969504739cb699c6a554b3e08e8db5879,2025-01,North Yorkshire Police,North Yorkshire Police,-0.411428,54.279497,On or near Roscoe Street,E01027812,Scarborough 008C,Suspect charged
9a1b8b022658bf8deb091fc111fb00a969504739cb699c6a554b3e08e8db5879,2025-01,North Yorkshire Police,North Yorkshire Police,-0.411428,54.279497,On or near Roscoe Street,E01027812,Scarborough 008C,Suspect charged
8c99926cdf46e4a81571ab05450dc105ba8f05cf3c6cb098ee2df9389a5e4058,2025-01,North Yorkshire Police,North Yorkshire Police,-1.526517,54.013498,On or near Fieldway,E01027639,Harrogate 010B,Unable to prosecute suspect
492213e9098fc434718148c00c8b05f674b7babdab25eace1ed1ae0a12c35544,2025-01,North Yorkshire Police,North Yorkshire Police,-1.563318,54.006897,On or near Nidderdale Way,E01027720,Harrogate 011C,Unable to prosecute suspect
492213e9098fc434718148c00c8b05f674b7babdab25eace1ed1ae0a12c35544,2025-01,North Yorkshire Police,North Yorkshire Police,-1.563318,54.006897,On or near Nidderdale Way,E01027720,Harrogate 011C,Unable to prosecute suspect
d1781326b156ee8b5a8cc642c31f6cb7614e1aebfc9ed20b5a5fb6a4ec027c6c,2025-01,North Yorkshire Police,North Yorkshire Police,-1.058633,53.778384,On or near Volta Street,E01027909,Selby 005E,Unable to prosecute suspect
7e1377f3fa52c7fc6032ce7af55166e80b09b19d253962add931d00815e53b1b,2025-01,North Yorkshire Police,North Yorkshire Police,-1.549125,54.139798,On or near Hornblower Close,E01027715,Harrogate 002D,Unable to prosecute suspect
7e1377f3fa52c7fc6032ce7af55166e80b09b19d253962add931d00815e53b1b,2025-01,North Yorkshire Police,North Yorkshire Police,-1.549125,54.139798,On or near Hornblower Close,E01027715,Harrogate 002D,Unable to prosecute suspect
2d219236ead8cae6f774fd84f72ad05aba0a89f29d3473eec688620832523f26,2025-01,North Yorkshire Police,North Yorkshire Police,-1.041079,53.961092,On or near St Aelreds Way,E01013419,York 014C,Further investigation is not in the public interest
1745dde8f7edf82b7102973eb4e9cc3390a6bcc043dd01dc2c9e7c5ac09bac90,2025-01,North Yorkshire Police,North Yorkshire Police,-1.046768,53.989425,On or near ,E01013409,York 005C,Investigation complete; no suspect identified
c0e4f65132d4071f71cd0eb8d071f2324fce7105b8551202afb17a1a7ffcd90a,2025-01,North Yorkshire Police,North Yorkshire Police,-0.608898,54.474342,On or near Fairmead Way,E01027866,Scarborough 003D,Action to be taken by another organisation
608766ec6d783cedfbafbe942bebe3670365d45cfea7483e32def8bfc8bc8e71,2025-01,North Yorkshire Police,North Yorkshire Police,-0.405836,54.273554,On or near Cromwell Terrace,E01027852,Scarborough 010B,Further investigation is not in the public interest
608766ec6d783cedfbafbe942bebe3670365d45cfea7483e32def8bfc8bc8e71,2025-01,North Yorkshire Police,North Yorkshire Police,-0.405836,54.273554,On or near Cromwell Terrace,E01027852,Scarborough 010B,Further investigation is not in the public interest
29acb8c413da2f248c79c40a965c9961d5ed3e9416e61067d837029ce8762248,2025-01,North Yorkshire Police,North Yorkshire Police,-1.088251,53.976532,On or near Waveney Grove,E01013350,York 009E,Investigation complete; no suspect identified
50e6e3abceb4540acdfedb8d94365b80f097ee929d60dad02d9575fcbb59c391,2025-01,North Yorkshire Police,North Yorkshire Police,-1.086603,53.969599,On or near Newborough Street,E01013345,York 009B,Investigation complete; no suspect identified
537e8ab17f2cff0c029a0408c17ecdd7433d80328786922ba139b099b635b575,2025-01,North Yorkshire Police,North Yorkshire Police,-0.790441,54.552383,On or near Seaton Close,E01027840,Scarborough 002C,Unable to prosecute suspect
d7d87716a2fee3a7439dc674f7b2b11313e4acfdb5b459cbe6b66160cb3a3830,2025-01,North Yorkshire Police,North Yorkshire Police,-1.134432,53.773310,On or near Harry Moor Lane,E01027894,Selby 007D,Unable to prosecute suspect
bb8109c9eb3862a63188fdc03de69e68a5f84ed35f79a7997fbc416348b488ae,2025-01,North Yorkshire Police,North Yorkshire Police,-1.133456,53.947979,On or near Cornlands Road,E01013446,York 018D,Investigation complete; no suspect identified
1ac1ad291f3cb36cf9cb429af0343c4a1a622d7b27fe6c72449fa539643058a2,2025-01,North Yorkshire Police,North Yorkshire Police,-1.263486,53.850167,On or near Rockingham Court,E01027904,Selby 002E,Unable to prosecute suspect
558ab8c71b1c2ff8136e872a00dbee55e31c9da91e91473624bb6b77959bbfd3,2025-01,North Yorkshire Police,North Yorkshire Police,-1.561435,54.004580,On or near Newby Crescent,E01027723,Harrogate 011E,Investigation complete; no suspect identified
c5d3ef2924f81abdc01316e95ab11ed1ac8310df5a4dfc078463bedd95bddb56,2025-01,North Yorkshire Police,North Yorkshire Police,-1.083246,53.958528,On or near ,E01013366,York 013A,Unable to prosecute suspect
c5d3ef2924f81abdc01316e95ab11ed1ac8310df5a4dfc078463bedd95bddb56,2025-01,North Yorkshire Police,North Yorkshire Police,-1.083246,53.958528,On or near ,E01013366,York 013A,Unable to prosecute suspect
65ba6cd00ad0546c44ef0d6a84bbfa91aac6ec8149be17606a273cf99c7f4967,2025-01,North Yorkshire Police,North Yorkshire Police,-1.689316,54.383375,On or near Copperbeech Way,E01027749,Richmondshire 004A,Unable to prosecute suspect
65ba6cd00ad0546c44ef0d6a84bbfa91aac6ec8149be17606a273cf99c7f4967,2025-01,North Yorkshire Police,North Yorkshire Police,-1.689316,54.383375,On or near Copperbeech Way,E01027749,Richmondshire 004A,Unable to prosecute suspect
c861f843fff258950d9b2182fae3a99dd26b4c239dc0795e53091ce9e96b76d9,2025-01,North Yorkshire Police,North Yorkshire Police,-1.044167,53.989037,On or near ,E01013409,York 005C,Unable to prosecute suspect
3782ad563882e23616be5191b495c668d2a6e655a8759898c6bf8d1ca1c6d553,2025-01,North Yorkshire Police,North Yorkshire Police,-0.280576,54.188662,On or near Flat Cliffs,E01027833,Scarborough 014E,Unable to prosecute suspect
dfd9da2090966111bfbf3868b3c124e6273e15fa3fbcfbe77b3e4bb35e96d9ab,2025-01,North Yorkshire Police,North Yorkshire Police,-1.087337,53.953426,On or near Custance Walk,E01013416,York 013E,Investigation complete; no suspect identified
d5a7bf22aa15c450a1a1c3acd89c4931b79e59b83572abdbe137ab358a59cb0d,2025-01,North Yorkshire Police,North Yorkshire Police,-1.567434,54.353908,On or near Kirkby Lane,E01027603,Hambleton 005A,Unable to prosecute suspect
d5a7bf22aa15c450a1a1c3acd89c4931b79e59b83572abdbe137ab358a59cb0d,2025-01,North Yorkshire Police,North Yorkshire Police,-1.567434,54.353908,On or near Kirkby Lane,E01027603,Hambleton 005A,Unable to prosecute suspect
afbd202cb40b3bf584a09040e8af0d27c430846e61cf90f0d09172b75697117a,2025-01,North Yorkshire Police,North Yorkshire Police,-1.525073,53.999616,On or near Gascoigne Crescent,E01027649,Harrogate 013A,Unable to prosecute suspect
6f251a6a094057217662d78d1a9dd287c4565667dbefc18273d4585686f0ac76,2025-01,North Yorkshire Police,North Yorkshire Police,-1.193461,54.467486,On or near Lady Hullock's Court,E01027625,Hambleton 001E,Unable to prosecute suspect
6cf7ee54dda7304f3b99d96c13e05aad026f19debad584d9be7778c4be0add4f,2025-01,North Yorkshire Police,North Yorkshire Police,-1.193461,54.467486,On or near Lady Hullock's Court,E01027625,Hambleton 001E,Unable to prosecute suspect
8c93e293b50fb89a9bcabeccda0365692f0345889c17290f1ffc82919a4d326f,2025-01,North Yorkshire Police,North Yorkshire Police,-1.193461,54.467486,On or near Lady Hullock's Court,E01027625,Hambleton 001E,Unable to prosecute suspect
8c93e293b50fb89a9bcabeccda0365692f0345889c17290f1ffc82919a4d326f,2025-01,North Yorkshire Police,North Yorkshire Police,-1.193461,54.467486,On or near Lady Hullock's Court,E01027625,Hambleton 001E,Unable to prosecute suspect
30a79e5f5ebd33f833044b907511750f7279a447dd4a5039888d1aebdeaccd26,2025-01,North Yorkshire Police,North Yorkshire Police,-1.193461,54.467486,On or near Lady Hullock's Court,E01027625,Hambleton 001E,Unable to prosecute suspect
30a79e5f5ebd33f833044b907511750f7279a447dd4a5039888d1aebdeaccd26,2025-01,North Yorkshire Police,North Yorkshire Police,-1.193461,54.467486,On or near Lady Hullock's Court,E01027625,Hambleton 001E,Unable to prosecute suspect
a7be5242e0d2d1eb0dfa587c1d0292f27356982b7a4e95fcea7403ae74dd0899,2025-01,North Yorkshire Police,North Yorkshire Police,-1.193461,54.467486,On or near Lady Hullock's Court,E01027625,Hambleton 001E,Unable to prosecute suspect
24b73b2ced35b34e80fa5bd8e2e1d604067afb3992c04f6d6470c12ec23ac0e0,2025-01,North Yorkshire Police,North Yorkshire Police,-1.436568,54.340894,On or near Applegarth Court,E01034962,Hambleton 012B,Unable to prosecute suspect
76f4a7a87b14629695f4f80dec0715c4bce5edce2a7ea84b2b3670a37e5bb571,2025-01,North Yorkshire Police,North Yorkshire Police,-0.548488,54.432646,On or near Church Lane,E01034973,Scarborough 004G,Unable to prosecute suspect
76f4a7a87b14629695f4f80dec0715c4bce5edce2a7ea84b2b3670a37e5bb571,2025-01,North Yorkshire Police,North Yorkshire Police,-0.548488,54.432646,On or near Church Lane,E01034973,Scarborough 004G,Unable to prosecute suspect
8d491caca48b51d3b13542ee7596d57bb8491a803e931f85f8dceda2cc2ab554,2025-01,North Yorkshire Police,North Yorkshire Police,-1.076040,53.991602,On or near Crabtree Grove,E01013410,York 004D,Unable to prosecute suspect
4f521162b137999c6f6a5b88070dc27bc0153f2a2168729638995c61e281beaa,2025-01,North Yorkshire Police,North Yorkshire Police,-1.068689,53.975807,On or near Byland Avenue,E01013386,York 010E,Unable to prosecute suspect
103b321f2698e2fc6cc737f315d99a6edbcd88017189d3067540718f56b83b14,2025-01,North Yorkshire Police,North Yorkshire Police,-1.239610,53.891804,On or near Little Catterton Lane,E01027920,Selby 001C,Investigation complete; no suspect identified
18998940938eacf395588ee326f4bfd115d12b72ef9a4c551d818a723ecc4677,2025-01,North Yorkshire Police,North Yorkshire Police,-0.280576,54.188662,On or near Flat Cliffs,E01027833,Scarborough 014E,Unable to prosecute suspect
e9132ac1f70068d77dc515ac30d76e6c4e90ad6ac9c42c49cd2dae5a7b060286,2025-01,North Yorkshire Police,North Yorkshire Police,-0.775863,54.128749,On or near Wayfarings Close,E01034971,Ryedale 009E,Unable to prosecute suspect
e9132ac1f70068d77dc515ac30d76e6c4e90ad6ac9c42c49cd2dae5a7b060286,2025-01,North Yorkshire Police,North Yorkshire Police,-0.775863,54.128749,On or near Wayfarings Close,E01034971,Ryedale 009E,Unable to prosecute suspect
a2d7d0588c566826deed98711ff60bb8091afce22374ccd4e791d279877a4439,2025-01,North Yorkshire Police,North Yorkshire Police,-1.085124,54.014842,On or near Forest Close,E01013372,York 003B,Unable to prosecute suspect
a2d7d0588c566826deed98711ff60bb8091afce22374ccd4e791d279877a4439,2025-01,North Yorkshire Police,North Yorkshire Police,-1.085124,54.014842,On or near Forest Close,E01013372,York 003B,Unable to prosecute suspect
3ce841e527fb66f00643fedec59027c1d7824f39111dfe1252668c384f3ddf99,2025-01,North Yorkshire Police,North Yorkshire Police,-1.524376,54.007216,On or near Woodfield Road,E01027740,Harrogate 013F,Investigation complete; no suspect identified
e0aa4194e1b906f20bf30b54201f2ae1aab71bcb7c7959d8203bbe5665e165e7,2025-01,North Yorkshire Police,North Yorkshire Police,-1.541973,53.992904,On or near Cambridge Crescent,E01027679,Harrogate 019B,Unable to prosecute suspect
c3d14d1a2dd5038f04a70931ad7262a21675bb82a1e6c0ecc44d19ebd0dd0fa3,2025-01,North Yorkshire Police,North Yorkshire Police,-1.082340,53.956866,On or near Cumberland Street,E01033070,York 013I,Unable to prosecute suspect
fd99ca5c5e3c031c61d36dc44dc10afcf72a94c0d78450074e32b6eab0bfd4f7,2025-01,North Yorkshire Police,North Yorkshire Police,-1.088251,53.976532,On or near Waveney Grove,E01013350,York 009E,Investigation complete; no suspect identified
8f767f09e91b222b7501009ff1c36eb6d35128adb198e14ac2b13fcb239d0997,2025-01,North Yorkshire Police,North Yorkshire Police,-1.169600,53.770431,On or near The Willows,E01027893,Selby 009C,Unable to prosecute suspect
8f767f09e91b222b7501009ff1c36eb6d35128adb198e14ac2b13fcb239d0997,2025-01,North Yorkshire Police,North Yorkshire Police,-1.169600,53.770431,On or near The Willows,E01027893,Selby 009C,Unable to prosecute suspect
7da98f323330f5ea6cd3bd52a73aadd80b9e883470546248b65cc16baab864f6,2025-01,North Yorkshire Police,North Yorkshire Police,-0.428644,54.284742,On or near ,E01027872,Scarborough 007C,Suspect charged
7da98f323330f5ea6cd3bd52a73aadd80b9e883470546248b65cc16baab864f6,2025-01,North Yorkshire Police,North Yorkshire Police,-0.428644,54.284742,On or near ,E01027872,Scarborough 007C,Suspect charged
7da98f323330f5ea6cd3bd52a73aadd80b9e883470546248b65cc16baab864f6,2025-01,North Yorkshire Police,North Yorkshire Police,-0.428644,54.284742,On or near ,E01027872,Scarborough 007C,Suspect charged
74e3727fe4ef674e8a1c1f459d07a9070db2857c84141f1367fc0c02e74e5462,2025-01,North Yorkshire Police,North Yorkshire Police,-1.541973,53.992904,On or near Cambridge Crescent,E01027679,Harrogate 019B,Unable to prosecute suspect
74e3727fe4ef674e8a1c1f459d07a9070db2857c84141f1367fc0c02e74e5462,2025-01,North Yorkshire Police,North Yorkshire Police,-1.541973,53.992904,On or near Cambridge Crescent,E01027679,Harrogate 019B,Unable to prosecute suspect
d2f3cb7f0af25f0020d729950bfb3bf32aed8432dd2154135b5a87475b0c095d,2025-01,North Yorkshire Police,North Yorkshire Police,-1.084118,53.959281,On or near ,E01033070,York 013I,Suspect charged
d2f3cb7f0af25f0020d729950bfb3bf32aed8432dd2154135b5a87475b0c095d,2025-01,North Yorkshire Police,North Yorkshire Police,-1.084118,53.959281,On or near ,E01033070,York 013I,Suspect charged
59e84e141f5ae2170518b96091ef122fea0a151dcebe814d843aa01648ed635f,2025-01,North Yorkshire Police,North Yorkshire Police,-1.084118,53.959281,On or near ,E01033070,York 013I,Suspect charged
59e84e141f5ae2170518b96091ef122fea0a151dcebe814d843aa01648ed635f,2025-01,North Yorkshire Police,North Yorkshire Police,-1.084118,53.959281,On or near ,E01033070,York 013I,Suspect charged
59e84e141f5ae2170518b96091ef122fea0a151dcebe814d843aa01648ed635f,2025-01,North Yorkshire Police,North Yorkshire Police,-1.084118,53.959281,On or near ,E01033070,York 013I,Suspect charged
59e84e141f5ae2170518b96091ef122fea0a151dcebe814d843aa01648ed635f,2025-01,North Yorkshire Police,North Yorkshire Police,-1.084118,53.959281,On or near ,E01033070,York 013I,Suspect charged
59e84e141f5ae2170518b96091ef122fea0a151dcebe814d843aa01648ed635f,2025-01,North Yorkshire Police,North Yorkshire Police,-1.084118,53.959281,On or near ,E01033070,York 013I,Suspect charged
33e07f1a72d79081af759436c842679de92be896b67713f77b49a55c141eb61f,2025-01,North Yorkshire Police,North Yorkshire Police,-1.040600,54.033721,On or near Ladysmith Mews,E01013440,York 001D,Further investigation is not in the public interest
14e6e4771155a3e3e798605aa3f29ec47b2b5f3aeffa258b4d869c5d4ce9b545,2025-01,North Yorkshire Police,North Yorkshire Police,-1.344198,54.231887,On or near Castlegate,E01027630,Hambleton 008B,Unable to prosecute suspect
e2ed760b9ed1dd6a25239a9173dcecb350c1cd3b76264ed82122304f0639e466,2025-01,North Yorkshire Police,North Yorkshire Police,-1.063348,53.953574,On or near Lawrence Square,E01013363,York 019D,Unable to prosecute suspect
e2ed760b9ed1dd6a25239a9173dcecb350c1cd3b76264ed82122304f0639e466,2025-01,North Yorkshire Police,North Yorkshire Police,-1.063348,53.953574,On or near Lawrence Square,E01013363,York 019D,Unable to prosecute suspect
81089a58ef64d74f724e0257c2fde11308a3d0d4af0e4446c7f8b6f177d0d02c,2025-01,North Yorkshire Police,North Yorkshire Police,-1.066945,53.953557,On or near Farrar Street,E01013363,York 019D,Investigation complete; no suspect identified
86a8642b6df168d6f0fbfdd38fbbaa27c6985b33bb71e26aae064001cd453ee5,2025-01,North Yorkshire Police,North Yorkshire Police,-1.193638,53.954456,On or near Bradley Crescent,E01013421,York 011A,Further investigation is not in the public interest
2ec5daf2bb5741631974fbf335573d5cddda8a8aa1603f6b70b979535a88a4f3,2025-01,North Yorkshire Police,North Yorkshire Police,-1.075189,53.957000,On or near Theatre/Concert Hall,E01033070,York 013I,Investigation complete; no suspect identified
abec4a2872a667059c6d5135347008dfe4bc254a1f0601130d9c148bda84127f,2025-01,North Yorkshire Police,North Yorkshire Police,-1.082376,53.957280,On or near King Street,E01033070,York 013I,Investigation complete; no suspect identified
2f034e966abde45b73992f28931e08b1ae5041226333056f73b2a79a1b149bf0,2025-01,North Yorkshire Police,North Yorkshire Police,-1.124431,53.945307,On or near Chesney Fields,E01013443,York 018B,Unable to prosecute suspect
df7941fb597ef214ac6aec72c32dce1791c5652a73ee405fc519dea1db5b6931,2025-01,North Yorkshire Police,North Yorkshire Police,-1.105659,53.966021,On or near Swinerton Avenue,E01013390,York 017A,Unable to prosecute suspect
40796e744c4a3b56955a0a45adaf94713bd37a42e394549269b3f9059f93f0a1,2025-01,North Yorkshire Police,North Yorkshire Police,-1.293164,53.963477,On or near Lucas Grove South,E01027683,Harrogate 016A,Action to be taken by another organisation
40796e744c4a3b56955a0a45adaf94713bd37a42e394549269b3f9059f93f0a1,2025-01,North Yorkshire Police,North Yorkshire Police,-1.293164,53.963477,On or near Lucas Grove South,E01027683,Harrogate 016A,Action to be taken by another organisation
40796e744c4a3b56955a0a45adaf94713bd37a42e394549269b3f9059f93f0a1,2025-01,North Yorkshire Police,North Yorkshire Police,-1.293164,53.963477,On or near Lucas Grove South,E01027683,Harrogate 016A,Action to be taken by another organisation
fb0769471fc05695ab84cee5f5ae152543c44ea7d1384563fb3073f79b530751,2025-01,North Yorkshire Police,North Yorkshire Police,-1.130708,53.833819,On or near Rythergate,E01027886,Selby 002B,Unable to prosecute suspect
fb0769471fc05695ab84cee5f5ae152543c44ea7d1384563fb3073f79b530751,2025-01,North Yorkshire Police,North Yorkshire Police,-1.130708,53.833819,On or near Rythergate,E01027886,Selby 002B,Unable to prosecute suspect
c02ef90e3210b9e2b194d15c0a1ae533a304df85332ef790cc7a85eabc152b19,2025-01,North Yorkshire Police,North Yorkshire Police,-0.423953,54.241893,On or near Station View,E01027860,Scarborough 012E,Further investigation is not in the public interest
19f44a3464fb0175139d71cf8b8cae18cd3641658820f287f609d967159ebff2,2025-01,North Yorkshire Police,North Yorkshire Police,-0.404665,54.278042,On or near Further/Higher Educational Building,E01027804,Scarborough 010A,Further investigation is not in the public interest
19f44a3464fb0175139d71cf8b8cae18cd3641658820f287f609d967159ebff2,2025-01,North Yorkshire Police,North Yorkshire Police,-0.404665,54.278042,On or near Further/Higher Educational Building,E01027804,Scarborough 010A,Further investigation is not in the public interest
dde657e0f7a9bfc466d6e6f7a38c6d1d645a3fc25fd87d0626c1defdb2d82108,2025-01,North Yorkshire Police,North Yorkshire Police,-0.449902,54.303305,On or near North Street,E01027855,Scarborough 005E,Unable to prosecute suspect
210d6fdc2d83b4b23681dd6d1c29ebafcbf440f010f808597c87ac95b77d34ae,2025-01,North Yorkshire Police,North Yorkshire Police,-1.430650,54.340606,On or near Parking Area,E01027608,Hambleton 013B,Unable to prosecute suspect
210d6fdc2d83b4b23681dd6d1c29ebafcbf440f010f808597c87ac95b77d34ae,2025-01,North Yorkshire Police,North Yorkshire Police,-1.430650,54.340606,On or near Parking Area,E01027608,Hambleton 013B,Unable to prosecute suspect
7c40c8ea8d29b7ebea8a5628ee489114667540fcb4a160ea1737036cc086d59f,2025-01,North Yorkshire Police,North Yorkshire Police,-0.404665,54.278042,On or near Further/Higher Educational Building,E01027804,Scarborough 010A,Further investigation is not in the public interest
7c40c8ea8d29b7ebea8a5628ee489114667540fcb4a160ea1737036cc086d59f,2025-01,North Yorkshire Police,North Yorkshire Police,-0.404665,54.278042,On or near Further/Higher Educational Building,E01027804,Scarborough 010A,Further investigation is not in the public interest
a4487e6495b940303b0834ee6e69c5a62b48b622217573d4c0e936801f5ccf15,2025-01,North Yorkshire Police,North Yorkshire Police,-1.511063,53.993574,On or near Fairfax Avenue,E01027651,Harrogate 013B,Unable to prosecute suspect
a4487e6495b940303b0834ee6e69c5a62b48b622217573d4c0e936801f5ccf15,2025-01,North Yorkshire Police,North Yorkshire Police,-1.511063,53.993574,On or near Fairfax Avenue,E01027651,Harrogate 013B,Unable to prosecute suspect
67caec64fdf31b15d7cd0aff529b0c6eb55206ad9eb3737444568f88daac2616,2025-01,North Yorkshire Police,North Yorkshire Police,-1.418075,54.150318,On or near Moor Lane,E01027737,Harrogate 003D,Unable to prosecute suspect
4302aeaf9d288bb907c6ee5da534d4619720df3aec0420e6218028407aad38f1,2025-01,North Yorkshire Police,North Yorkshire Police,-1.099790,54.113083,On or near Harryfield Lane,E01027622,Hambleton 010E,Unable to prosecute suspect
4302aeaf9d288bb907c6ee5da534d4619720df3aec0420e6218028407aad38f1,2025-01,North Yorkshire Police,North Yorkshire Police,-1.099790,54.113083,On or near Harryfield Lane,E01027622,Hambleton 010E,Unable to prosecute suspect
ef233b0375c2d75f94fa2d0885ed62c2f51ec76f04d986b59f0fcf1ab0083dbb,2025-01,North Yorkshire Police,North Yorkshire Police,-1.540004,53.976440,On or near Rhodes Drive,E01027718,Harrogate 020F,Investigation complete; no suspect identified
40e14a489d64aa07d9797183e9e6c70e306568611cdfe849afa3c2dfa368dab3,2025-01,North Yorkshire Police,North Yorkshire Police,-1.732807,54.412723,On or near High Riding,E01027765,Richmondshire 002A,Suspect charged
40e14a489d64aa07d9797183e9e6c70e306568611cdfe849afa3c2dfa368dab3,2025-01,North Yorkshire Police,North Yorkshire Police,-1.732807,54.412723,On or near High Riding,E01027765,Richmondshire 002A,Suspect charged
ef68de21c5affd78e25f3654bacea9e06877baa41e08aefb2203d51117b58e5f,2025-01,North Yorkshire Police,North Yorkshire Police,-1.732807,54.412723,On or near High Riding,E01027765,Richmondshire 002A,Suspect charged
ef68de21c5affd78e25f3654bacea9e06877baa41e08aefb2203d51117b58e5f,2025-01,North Yorkshire Police,North Yorkshire Police,-1.732807,54.412723,On or near High Riding,E01027765,Richmondshire 002A,Suspect charged
0b07a911a3ad9cb4ce7e0b4135992d73fa5e594ca7cfd731c9990151092e7dd3,2025-01,North Yorkshire Police,North Yorkshire Police,-0.403847,54.242356,On or near Bank Side,E01027819,Scarborough 012B,Unable to prosecute suspect
fe22b7504b0e33893d820958c2bde04d86b35ca402dacdd7463ddbb11e00c283,2025-01,North Yorkshire Police,North Yorkshire Police,-1.107127,53.955130,On or near Falconer Street,E01013395,York 016C,Investigation complete; no suspect identified
e1a0caf77966003648c382e3f4fc75fb26250954f624560c17814300ff478cc0,2025-01,North Yorkshire Police,North Yorkshire Police,-1.270678,53.883251,On or near Station Road,E01027921,Selby 001D,Suspect charged
e1a0caf77966003648c382e3f4fc75fb26250954f624560c17814300ff478cc0,2025-01,North Yorkshire Police,North Yorkshire Police,-1.270678,53.883251,On or near Station Road,E01027921,Selby 001D,Suspect charged
53d8bd4f3a6bfd0b6a82fde9941f2fd831a93805922b5811c66ecd36db5bd094,2025-01,North Yorkshire Police,North Yorkshire Police,-1.514429,53.996589,On or near Leyland Road,E01027650,Harrogate 014B,Suspect charged
53d8bd4f3a6bfd0b6a82fde9941f2fd831a93805922b5811c66ecd36db5bd094,2025-01,North Yorkshire Police,North Yorkshire Police,-1.514429,53.996589,On or near Leyland Road,E01027650,Harrogate 014B,Suspect charged
6eb7af5e4b9d220024ad4f661d8723a0649268d0a26c1ef4f81bab293ebe0ccd,2025-01,North Yorkshire Police,North Yorkshire Police,-1.083726,53.965236,On or near Claremont Terrace,E01013366,York 013A,Suspect charged
6eb7af5e4b9d220024ad4f661d8723a0649268d0a26c1ef4f81bab293ebe0ccd,2025-01,North Yorkshire Police,North Yorkshire Police,-1.083726,53.965236,On or near Claremont Terrace,E01013366,York 013A,Suspect charged
798712ca8ec9a493df221b262044b44e36f8106d8cacc1931bf64db95154bb6f,2025-01,North Yorkshire Police,North Yorkshire Police,-0.434707,54.281707,On or near Hospital,E01027873,Scarborough 009F,Investigation complete; no suspect identified
b26e2c52e762bdce7b544cd6c272f62b399896bb6c47804776aa53931acb5dc4,2025-01,North Yorkshire Police,North Yorkshire Police,-1.081996,53.959662,On or near ,E01013366,York 013A,Investigation complete; no suspect identified
fbebcb7d1ad3456aafa339d8cc6ae67441ac1ca7c5992bdbb4d2ee98b15ca9f4,2025-01,North Yorkshire Police,North Yorkshire Police,-1.053237,53.953270,On or near Supermarket,E01013403,York 015F,Suspect charged
fbebcb7d1ad3456aafa339d8cc6ae67441ac1ca7c5992bdbb4d2ee98b15ca9f4,2025-01,North Yorkshire Police,North Yorkshire Police,-1.053237,53.953270,On or near Supermarket,E01013403,York 015F,Suspect charged
cbd1eb98196284f1428f011a222b6392883f6d31df6447e51016d901b203a69a,2025-01,North Yorkshire Police,North Yorkshire Police,-1.124898,53.946290,On or near Clay Place,E01013443,York 018B,Unable to prosecute suspect
cbd1eb98196284f1428f011a222b6392883f6d31df6447e51016d901b203a69a,2025-01,North Yorkshire Police,North Yorkshire Police,-1.124898,53.946290,On or near Clay Place,E01013443,York 018B,Unable to prosecute suspect
7494aafaa2f46e6b431918d7ebc7beefccb59c1ab76d0830cd5cf19839182a11,2025-01,North Yorkshire Police,North Yorkshire Police,-1.203878,53.796693,On or near Parking Area,E01034975,Selby 004F,Investigation complete; no suspect identified
9277d449328c25c6c05de9165e136fb16144c6dc7fdfb56eb0d17d35366922a4,2025-01,North Yorkshire Police,North Yorkshire Police,-1.087476,53.784242,On or near Peppermint Way,E01027906,Selby 006B,Unable to prosecute suspect
9277d449328c25c6c05de9165e136fb16144c6dc7fdfb56eb0d17d35366922a4,2025-01,North Yorkshire Police,North Yorkshire Police,-1.087476,53.784242,On or near Peppermint Way,E01027906,Selby 006B,Unable to prosecute suspect
7ff4036fb8b1185e4d6af81182412c62850b7f480374954f9ab571914d61f8cb,2025-01,North Yorkshire Police,North Yorkshire Police,-1.692388,54.381280,On or near ,E01027749,Richmondshire 004A,Unable to prosecute suspect
a45e33b5307c8e34e828fe1f5879ed8970deb52df8c02e5934bc08115ec6bcba,2025-01,North Yorkshire Police,North Yorkshire Police,-1.107622,53.976911,On or near Surrey Way,E01013434,York 007E,Investigation complete; no suspect identified
ac8df95946f36fcfaea83e97db408a65fbb05b4eda8d37d0a2d82957387b767c,2025-01,North Yorkshire Police,North Yorkshire Police,-2.467791,54.154408,On or near Church Street,E01027570,Craven 001D,Unable to prosecute suspect
b406112a5127ce6e355d52f1d00c9edcbd06e8a4a677c7a7f76efc2b99fd644f,2025-01,North Yorkshire Police,North Yorkshire Police,-1.084517,53.960122,On or near ,E01013366,York 013A,Investigation complete; no suspect identified
ebff7bc37fe12a76f489ec3249d6a864e41148040a3684e6f34ad3d4042ceea8,2025-01,North Yorkshire Police,North Yorkshire Police,-1.760608,54.077429,On or near Peat Lane,E01027693,Harrogate 006B,Investigation complete; no suspect identified
c89f88496ce44760e9cfba787884880c860cc933a80ff2bb78a05c4fd69cf17c,2025-01,North Yorkshire Police,North Yorkshire Police,-1.545810,53.999174,On or near Hollins Mews,E01027677,Harrogate 015D,Further investigation is not in the public interest
c1fef60f1ef413010ca74005570c3f92400402f8902a664f07dc7a68f8367b2d,2025-01,North Yorkshire Police,North Yorkshire Police,-0.840543,54.177781,On or near Habton Lane,E01027774,Ryedale 007A,Investigation complete; no suspect identified
b6208a6465a631975f31c52b31dd4e607305dd90e3d680a6c74d0f750f46a7a8,2025-01,North Yorkshire Police,North Yorkshire Police,-1.059345,53.836130,On or near Pinfold Close,E01027901,Selby 003D,Further investigation is not in the public interest
9a4798ee50bc5aed42faebb21c511bfd25bffbbf097d52afe79cfcd04d073b97,2025-01,North Yorkshire Police,North Yorkshire Police,-1.736610,54.403528,On or near Supermarket,E01027770,Richmondshire 002F,Unable to prosecute suspect
9a4798ee50bc5aed42faebb21c511bfd25bffbbf097d52afe79cfcd04d073b97,2025-01,North Yorkshire Police,North Yorkshire Police,-1.736610,54.403528,On or near Supermarket,E01027770,Richmondshire 002F,Unable to prosecute suspect
4f90dec7fca855f61ffb5d4ab2945ca284bb332407f83b8d1064a47390a9ddc7,2025-01,North Yorkshire Police,North Yorkshire Police,-1.428050,54.337340,On or near Crosby Gardens,E01027608,Hambleton 013B,Suspect charged
4f90dec7fca855f61ffb5d4ab2945ca284bb332407f83b8d1064a47390a9ddc7,2025-01,North Yorkshire Police,North Yorkshire Police,-1.428050,54.337340,On or near Crosby Gardens,E01027608,Hambleton 013B,Suspect charged
2db03498ee349fa68fb4c579ac3fb2824bfb07494a42ab64b81c9fb8780f0f54,2025-01,North Yorkshire Police,North Yorkshire Police,-1.547559,54.362549,On or near ,E01027604,Hambleton 005B,Unable to prosecute suspect
2db03498ee349fa68fb4c579ac3fb2824bfb07494a42ab64b81c9fb8780f0f54,2025-01,North Yorkshire Police,North Yorkshire Police,-1.547559,54.362549,On or near ,E01027604,Hambleton 005B,Unable to prosecute suspect
087413c5e68dd6ed5f81c703eb983d3134cdf956ca3133bd92775074195efba1,2025-01,North Yorkshire Police,North Yorkshire Police,-1.083246,53.958528,On or near ,E01013366,York 013A,Unable to prosecute suspect
087413c5e68dd6ed5f81c703eb983d3134cdf956ca3133bd92775074195efba1,2025-01,North Yorkshire Police,North Yorkshire Police,-1.083246,53.958528,On or near ,E01013366,York 013A,Unable to prosecute suspect
68b4aefefc5946a0cb502494177c83c7a06b199ef10f157936543bb290c9962f,2025-01,North Yorkshire Police,North Yorkshire Police,-0.767239,54.251105,On or near Parking Area,E01027792,Ryedale 002A,Unable to prosecute suspect
b75d304f12d865677718c4940739902acdefaa5ef6c8d4ab0d2727e5f523ea0f,2025-01,North Yorkshire Police,North Yorkshire Police,-1.993846,53.899656,On or near Town End Close,E01027564,Craven 008B,Investigation complete; no suspect identified
001ba7bd92d342e0df6503d904d6bbd739c7c4197e67443e54bbb6f2a46d8e73,2025-01,North Yorkshire Police,North Yorkshire Police,-1.435137,54.339782,On or near Shopping Area,E01027608,Hambleton 013B,Investigation complete; no suspect identified
6b1a9bfc67b015cfd223c048873dff7c905d12098551995423cfb409809510a1,2025-01,North Yorkshire Police,North Yorkshire Police,-0.409609,54.277667,On or near Belgrave Crescent,E01027862,Scarborough 008E,Unable to prosecute suspect
06584452080449ae8935022293d4451e446dbcb1b9c656799899c25e97a3dd6f,2025-01,North Yorkshire Police,North Yorkshire Police,-0.434707,54.281707,On or near Hospital,E01027873,Scarborough 009F,Investigation complete; no suspect identified
cb3a5861f05904665041c088e3f55d6ae730fc3d19c093e9964ceb544a1abc77,2025-01,North Yorkshire Police,North Yorkshire Police,-0.387462,54.247360,On or near Claygate Way,E01027818,Scarborough 011D,Unable to prosecute suspect
1e32a4be584d1eb2253c23aac6b72d9be4921f45736bd6f18d4b1b281b6305d8,2025-01,North Yorkshire Police,North Yorkshire Police,-1.074704,53.793564,On or near Monk Lane,E01034979,Selby 005G,Suspect charged
1e32a4be584d1eb2253c23aac6b72d9be4921f45736bd6f18d4b1b281b6305d8,2025-01,North Yorkshire Police,North Yorkshire Police,-1.074704,53.793564,On or near Monk Lane,E01034979,Selby 005G,Suspect charged
5e4755a6f31629a522839fb9a6ec001f6759092e231cd6a8f74627682b1a0b26,2025-01,North Yorkshire Police,North Yorkshire Police,-1.086115,53.954990,On or near Hampden Street,E01033069,York 013H,Suspect charged
5e4755a6f31629a522839fb9a6ec001f6759092e231cd6a8f74627682b1a0b26,2025-01,North Yorkshire Police,North Yorkshire Police,-1.086115,53.954990,On or near Hampden Street,E01033069,York 013H,Suspect charged
944c217ee33ac654953c449d0e028282bcba6e6e2591e95b50a75ccb1b001044,2025-01,North Yorkshire Police,North Yorkshire Police,-0.441102,54.288900,On or near Ling Hill,E01027843,Scarborough 005B,Further investigation is not in the public interest
baed4c1681727d8b12855d55085c8436b4f87cc976846804f1b81f4049cfd872,2025-01,North Yorkshire Police,North Yorkshire Police,-1.496051,53.974871,On or near Rudding Lane,E01027704,Harrogate 012D,Unable to prosecute suspect
9dfbb943b9c0ad875ad7f3752550c77cdef5f3488cfaeaac8807b5fcde82bb21,2025-01,North Yorkshire Police,North Yorkshire Police,-1.094611,53.861685,On or near The Gale,E01027902,Selby 003E,Investigation complete; no suspect identified
7a77a92ce3b64bac58c9f66a9a3ff4b1779a26fb8c350e80bea5ff039bf2fa05,2025-01,North Yorkshire Police,North Yorkshire Police,-1.078216,53.962102,On or near Margaret Philipson Court,E01013369,York 013C,Investigation complete; no suspect identified
2e749e74e1195578a4827030daec82a7870f2e0c072ac4ec8a47072c3a3e81ab,2025-01,North Yorkshire Police,North Yorkshire Police,-1.538891,53.993009,On or near Shopping Area,E01027678,Harrogate 015E,Investigation complete; no suspect identified
95eab70ad7b5f0f9146a8dedf3bd4368ee42a710726e4fb92aa1fe513b6ac354,2025-01,North Yorkshire Police,North Yorkshire Police,-1.133456,53.947979,On or near Cornlands Road,E01013446,York 018D,Unable to prosecute suspect
95eab70ad7b5f0f9146a8dedf3bd4368ee42a710726e4fb92aa1fe513b6ac354,2025-01,North Yorkshire Police,North Yorkshire Police,-1.133456,53.947979,On or near Cornlands Road,E01013446,York 018D,Unable to prosecute suspect
d06719502b71038a6d46cf09fda46ff55246a4af33825d6e1859036c9f901bf9,2025-01,North Yorkshire Police,North Yorkshire Police,-2.219593,53.971052,On or near Cow Gate Lane,E01027568,Craven 003A,Investigation complete; no suspect identified
beb9f7c0995264553f973333a3b6a2febf20126b73bb9b2893986ddf313c009b,2025-01,North Yorkshire Police,North Yorkshire Police,-1.095509,53.983763,On or near Supermarket,E01013431,York 006D,Investigation complete; no suspect identified
0a26e5c032ac5698e792a150540bffc0b5dc4793c62c6b309b0ea3f92a76346e,2025-01,North Yorkshire Police,North Yorkshire Police,-1.036118,54.029478,On or near Cumbrian Avenue,E01013436,York 001A,Investigation complete; no suspect identified
9d03080e8dc34c2b0c9f5d4dee0629a91095234aba5a19d07434b2dcc96de15e,2025-01,North Yorkshire Police,North Yorkshire Police,-1.072249,53.975493,On or near Turner Close,E01013386,York 010E,Investigation complete; no suspect identified
312e0d2d99b144f52aee4f4e0ca93f7642f15d2f914ce8e2284bb82e79e2a77f,2025-01,North Yorkshire Police,North Yorkshire Police,-1.991517,53.902766,On or near Bank Road,E01027565,Craven 008C,Unable to prosecute suspect
a280cf2f995deb2cd49d153d41a3e79288e1a0e816ae9056dcf33b3ed2c668ba,2025-01,North Yorkshire Police,North Yorkshire Police,-1.561435,54.004580,On or near Newby Crescent,E01027723,Harrogate 011E,Investigation complete; no suspect identified
c96bed427747149792827c59a0cc7a78e4513f99da80a4f19d31df0d6b0ce1fa,2025-01,North Yorkshire Police,North Yorkshire Police,-1.075501,53.961524,On or near Jewbury,E01013369,York 013C,Investigation complete; no suspect identified
6b37f6cbc17f71ef2b7f2749cfadefedcdb82daf22ffd0bb92cc0c857e81d357,2025-01,North Yorkshire Police,North Yorkshire Police,-1.394669,54.095414,On or near Hall Square,E01027645,Harrogate 005B,Unable to prosecute suspect
6b37f6cbc17f71ef2b7f2749cfadefedcdb82daf22ffd0bb92cc0c857e81d357,2025-01,North Yorkshire Police,North Yorkshire Police,-1.394669,54.095414,On or near Hall Square,E01027645,Harrogate 005B,Unable to prosecute suspect
6ce766c463529ed5c15e305d9b74079b7dd32efdcb3f5c142fb164d57bc2ac12,2025-01,North Yorkshire Police,North Yorkshire Police,-0.608923,54.479510,On or near Abbot's Walk,E01027864,Scarborough 003B,Unable to prosecute suspect
6ce766c463529ed5c15e305d9b74079b7dd32efdcb3f5c142fb164d57bc2ac12,2025-01,North Yorkshire Police,North Yorkshire Police,-0.608923,54.479510,On or near Abbot's Walk,E01027864,Scarborough 003B,Unable to prosecute suspect
b7f0d9652316beeae948a298dfaa8d5fb70a0a4dae722259c161b6bac8a59991,2025-01,North Yorkshire Police,North Yorkshire Police,-1.040304,54.035992,On or near Low Croft,E01013438,York 001B,Unable to prosecute suspect
8353d018cd34504e6e77c2e8603b2aaf30daf51f0b0dcecd16304b6666804a6a,2025-01,North Yorkshire Police,North Yorkshire Police,-1.038994,53.807719,On or near Turnhead Court,E01027877,Selby 003B,Unable to prosecute suspect
e12eac3faeefc2c0ddf230d3e477077c85cfe678649b5bb622595fc80185cf68,2025-01,North Yorkshire Police,North Yorkshire Police,-1.070588,53.959688,On or near Shopping Area,E01013383,York 010D,Suspect charged
e12eac3faeefc2c0ddf230d3e477077c85cfe678649b5bb622595fc80185cf68,2025-01,North Yorkshire Police,North Yorkshire Police,-1.070588,53.959688,On or near Shopping Area,E01013383,York 010D,Suspect charged
5ab6fed35c23bff1368af9640849a38313d525cd369c8d563792d7a26404847b,2025-01,North Yorkshire Police,North Yorkshire Police,-0.631270,54.488825,On or near Murrayfield Gardens,E01027871,Scarborough 001E,Investigation complete; no suspect identified
da15f14e790f414fffe4e62eb1b6cb1f5102e02c1a119ad642ea92d08e00ea52,2025-01,North Yorkshire Police,North Yorkshire Police,-0.441102,54.288900,On or near Ling Hill,E01027843,Scarborough 005B,Further investigation is not in the public interest
80913145bfe9f54ed84f3fa655791998e8e780ebd21170b161985b9223cca45e,2025-01,North Yorkshire Police,North Yorkshire Police,-1.537373,53.992303,On or near Parking Area,E01027678,Harrogate 015E,Investigation complete; no suspect identified
e52a24d587c76dc9d8f79dc864ad2acc0b1d663ab6a6e4725c68fe983573e488,2025-01,North Yorkshire Police,North Yorkshire Police,-1.090332,53.943274,On or near Campleshon Road,E01013412,York 021C,Suspect charged
e52a24d587c76dc9d8f79dc864ad2acc0b1d663ab6a6e4725c68fe983573e488,2025-01,North Yorkshire Police,North Yorkshire Police,-1.090332,53.943274,On or near Campleshon Road,E01013412,York 021C,Suspect charged
520eb3ebae4f68d9323eae787747faa428a62a47f95331e00725762473c5fdf8,2025-01,North Yorkshire Police,North Yorkshire Police,-1.586576,54.292350,On or near Meadowfield,E01027589,Hambleton 006C,Unable to prosecute suspect
520eb3ebae4f68d9323eae787747faa428a62a47f95331e00725762473c5fdf8,2025-01,North Yorkshire Police,North Yorkshire Police,-1.586576,54.292350,On or near Meadowfield,E01027589,Hambleton 006C,Unable to prosecute suspect
82b948603fd1084bbf1415caf490128c2d889c9a60d51962fbe8aa8d44e599d0,2025-01,North Yorkshire Police,North Yorkshire Police,-1.080451,53.958919,On or near Shopping Area,E01033070,York 013I,Local resolution
c0ec2f0f659fe26df000fc168f608655875e03558f00e5ac950e3788bd3139c1,2025-01,North Yorkshire Police,North Yorkshire Police,-1.433721,54.339324,On or near Shopping Area,E01027608,Hambleton 013B,Investigation complete; no suspect identified
a59ce2965da8a444d2967b248e43367c4179fe9c8aa12658b41e44dcbc79da30,2025-01,North Yorkshire Police,North Yorkshire Police,-1.129598,53.731893,On or near Millfield Road,E01027890,Selby 010B,Investigation complete; no suspect identified
84f5f33c335c5fe60c043c3e320386fc313f09e7e61e548f22182b0462169659,2025-01,North Yorkshire Police,North Yorkshire Police,-1.054128,53.996402,On or near ,E01013409,York 005C,Investigation complete; no suspect identified
b9eee32e3ded4ca460b706cbb6457168044e40e03a5d9e70c185e0b11a44904d,2025-01,North Yorkshire Police,North Yorkshire Police,-0.388950,54.284394,On or near Quay Street,E01027805,Scarborough 006A,Investigation complete; no suspect identified
6f61870473309e618ed662668aa020f52b07e3c1af109e700238839ac202e904,2025-01,North Yorkshire Police,North Yorkshire Police,-1.049362,53.983500,On or near ,E01013409,York 005C,Unable to prosecute suspect
5b61fdeaf7cd61f677bae95b7922397262e1f75403ae3e0a388e2b4b38cf9156,2025-01,North Yorkshire Police,North Yorkshire Police,-0.418043,54.278847,On or near Hampton Road,E01027861,Scarborough 009D,Further investigation is not in the public interest
a44672dc3ccd0b0295ba6e4f33d7500d86e3ea19102a0b2b9e8d61da7d2ec48b,2025-01,North Yorkshire Police,North Yorkshire Police,-0.402404,54.280888,On or near Shopping Area,E01027804,Scarborough 010A,Investigation complete; no suspect identified
021f3dd53f0b9ff295c746e458311f9c2c5b0bdcf3712b181a2e4bea4a3d541f,2025-01,North Yorkshire Police,North Yorkshire Police,-0.403990,54.280010,On or near Parking Area,E01027804,Scarborough 010A,Investigation complete; no suspect identified
e5562ed721df1f902ae2cf859ad0b846d9a23c080fc845e583d8befafb1adf07,2025-01,North Yorkshire Police,North Yorkshire Police,-1.408402,54.100642,On or near Back Lane,E01027687,Harrogate 005D,Unable to prosecute suspect
e5562ed721df1f902ae2cf859ad0b846d9a23c080fc845e583d8befafb1adf07,2025-01,North Yorkshire Police,North Yorkshire Police,-1.408402,54.100642,On or near Back Lane,E01027687,Harrogate 005D,Unable to prosecute suspect
ef53ad11b88597e54a6354f93934f4d3e805f79ab019b519388444bf17f47a1f,2025-01,North Yorkshire Police,North Yorkshire Police,-1.515425,54.145896,On or near Station Close,E01027705,Harrogate 004A,Unable to prosecute suspect
f2f7839421e074457fbf33f7d04f0449c554218b801b899d94cad19964340350,2025-01,North Yorkshire Police,North Yorkshire Police,-0.403990,54.280010,On or near Parking Area,E01027804,Scarborough 010A,Suspect charged
f2f7839421e074457fbf33f7d04f0449c554218b801b899d94cad19964340350,2025-01,North Yorkshire Police,North Yorkshire Police,-0.403990,54.280010,On or near Parking Area,E01027804,Scarborough 010A,Suspect charged
f2f7839421e074457fbf33f7d04f0449c554218b801b899d94cad19964340350,2025-01,North Yorkshire Police,North Yorkshire Police,-0.403990,54.280010,On or near Parking Area,E01027804,Scarborough 010A,Suspect charged
f2f7839421e074457fbf33f7d04f0449c554218b801b899d94cad19964340350,2025-01,North Yorkshire Police,North Yorkshire Police,-0.403990,54.280010,On or near Parking Area,E01027804,Scarborough 010A,Suspect charged
631b4f3b98ae2ae3e5c356dc30b211b302c6c8dfd8c1118fe4d8f5d5c8b20dcd,2025-01,North Yorkshire Police,North Yorkshire Police,-1.554850,53.983938,On or near Garden Mews,E01027653,Harrogate 020A,Investigation complete; no suspect identified
829bd85eb037bafde703d3b43c459885b2f86caacb51f8d2422c3165c701ad31,2025-01,North Yorkshire Police,North Yorkshire Police,-1.615377,54.388491,On or near Flat Lane,E01027745,Richmondshire 003A,Unable to prosecute suspect
9a16b50a93fd15ca2301ae5f092433223f72910b4482d7d7d9ebcf3f3b77acf4,2025-01,North Yorkshire Police,North Yorkshire Police,-1.163152,53.874110,On or near West End Avenue,E01027875,Selby 002A,Investigation complete; no suspect identified
e7b31edbe490fe78f561dc9d1c0d4e61c7df3e6ca4b0a175909fdfe26c618408,2025-01,North Yorkshire Police,North Yorkshire Police,-1.117294,53.712855,On or near Wand Lane,E01027890,Selby 010B,Investigation complete; no suspect identified
9263c3ec92389c5a934b16a0ebe5045f027621a98f9e71d90bc5aff4eb0070dc,2025-01,North Yorkshire Police,North Yorkshire Police,-1.641202,54.165560,On or near Church Street,E01027666,Harrogate 001A,Investigation complete; no suspect identified
9c461f2fcb50254b320263050fd524c48ab768fb3a3469da6e98700ca2ac7404,2025-01,North Yorkshire Police,North Yorkshire Police,-2.059559,54.027141,On or near Moor Lane,E01027557,Craven 009D,Unable to prosecute suspect
9947810e75e0c7f187c4af93d905be4f714cad19c122be24926344c28d5abef8,2025-01,North Yorkshire Police,North Yorkshire Police,-1.244745,53.801056,On or near Springfield Court,E01027916,Selby 004D,Unable to prosecute suspect
9947810e75e0c7f187c4af93d905be4f714cad19c122be24926344c28d5abef8,2025-01,North Yorkshire Police,North Yorkshire Police,-1.244745,53.801056,On or near Springfield Court,E01027916,Selby 004D,Unable to prosecute suspect
e4bf6c04bb2f8498576fc6e4254a4b069244289ff411369f373f683022cd4946,2025-01,North Yorkshire Police,North Yorkshire Police,-0.623069,54.457670,On or near Beacon Way,E01027821,Scarborough 004A,Investigation complete; no suspect identified
4ca880bb81d9b0cf707d6b8706572e5206dbef3920fb2c7b6c2a2b317ef5ee3b,2025-01,North Yorkshire Police,North Yorkshire Police,-1.084601,53.960793,On or near Blake Street,E01013366,York 013A,Investigation complete; no suspect identified
4296b96096eb80c2cb8f06e4a63004f2d25656c64fd757b8ba1261fcf04df848,2025-01,North Yorkshire Police,North Yorkshire Police,-1.193843,54.475514,On or near Hildyard Close,E01027624,Hambleton 002C,Investigation complete; no suspect identified
37583a28f6e62bd8f602f7d4ef1dcda3584f533500a2780ef7b4c79670dd1ec5,2025-01,North Yorkshire Police,North Yorkshire Police,-1.125231,53.948567,On or near Middleton Road,E01013447,York 018E,Unable to prosecute suspect
37583a28f6e62bd8f602f7d4ef1dcda3584f533500a2780ef7b4c79670dd1ec5,2025-01,North Yorkshire Police,North Yorkshire Police,-1.125231,53.948567,On or near Middleton Road,E01013447,York 018E,Unable to prosecute suspect
521aef728be9d968dcbf19b8bb1027904ccbc7ccef06cf0283c7527daa2a76f2,2025-01,North Yorkshire Police,North Yorkshire Police,-1.533230,54.126760,On or near Whitcliffe Drive,E01027709,Harrogate 004E,Unable to prosecute suspect
521aef728be9d968dcbf19b8bb1027904ccbc7ccef06cf0283c7527daa2a76f2,2025-01,North Yorkshire Police,North Yorkshire Police,-1.533230,54.126760,On or near Whitcliffe Drive,E01027709,Harrogate 004E,Unable to prosecute suspect
3d296bf7f93ad9f3c7554b740f4491599dc7ac605c8dbedb9304107e4dc28331,2025-01,North Yorkshire Police,North Yorkshire Police,-1.501652,54.322595,On or near Meadowfields,E01027604,Hambleton 005B,Investigation complete; no suspect identified
c54c8e7c2a147204ff3d6835d251bda4075cb8f311f7146b00ff6430456bb75e,2025-01,North Yorkshire Police,North Yorkshire Police,-1.760608,54.077429,On or near Peat Lane,E01027693,Harrogate 006B,Unable to prosecute suspect
d8f02eb0539b0bf4897daab5f0b2022fe6207beabfe8a003fc3d500f38e48f70,2025-01,North Yorkshire Police,North Yorkshire Police,-1.435251,54.008204,On or near Copper Close,E01027670,Harrogate 012A,Unable to prosecute suspect
1c4551cf93802a03ae41c29bb2054cedb34e30b5a3a804f1a28da8b8cee3f379,2025-01,North Yorkshire Police,North Yorkshire Police,-1.561435,54.004580,On or near Newby Crescent,E01027723,Harrogate 011E,Suspect charged
1c4551cf93802a03ae41c29bb2054cedb34e30b5a3a804f1a28da8b8cee3f379,2025-01,North Yorkshire Police,North Yorkshire Police,-1.561435,54.004580,On or near Newby Crescent,E01027723,Harrogate 011E,Suspect charged
0db65256d8cadbcc6aa0e3f446c2d7c7ae85e3e23b8fab5bde7631ec7a2891f4,2025-01,North Yorkshire Police,North Yorkshire Police,-1.458805,54.018354,On or near Hazelheads Lane,E01027675,Harrogate 007D,Unable to prosecute suspect
7a7b6a9e8554a5595d694af90522347f2818cc065a5ae355b6457b8079478791,2025-01,North Yorkshire Police,North Yorkshire Police,-1.435251,54.008204,On or near Copper Close,E01027670,Harrogate 012A,Unable to prosecute suspect
dad6cb891dd5ec4b626c53ba7de1ced3094482fd412e90ecdb22b475d400507c,2025-01,North Yorkshire Police,North Yorkshire Police,-1.090996,53.956150,On or near Bar Lane,E01033068,York 013G,Investigation complete; no suspect identified
d30434cbb9a8ab84348a56077e9a27bf999a7c8c6c68c7a50ed451cd47ddac2c,2025-01,North Yorkshire Police,North Yorkshire Police,-1.538891,53.993009,On or near Shopping Area,E01027678,Harrogate 015E,Unable to prosecute suspect
166fcc71b6180ad588a01fe3341b62c8f7dc59c9dfbc727d5baedf71b0cab0cb,2025-01,North Yorkshire Police,North Yorkshire Police,-1.059887,53.963155,On or near Ninth Avenue,E01013383,York 010D,Unable to prosecute suspect
166fcc71b6180ad588a01fe3341b62c8f7dc59c9dfbc727d5baedf71b0cab0cb,2025-01,North Yorkshire Police,North Yorkshire Police,-1.059887,53.963155,On or near Ninth Avenue,E01013383,York 010D,Unable to prosecute suspect
8c450dc2b02808559c571edfa13ed9a199d3478f973fbf013a7add78398b0ebb,2025-01,North Yorkshire Police,North Yorkshire Police,-0.511562,54.242350,On or near Fothill Lane,E01027814,Scarborough 013A,Unable to prosecute suspect
acb2166e12f0b60fafadffb48019df0aed36ef4f71a165cccdc8e479873eb57e,2025-01,North Yorkshire Police,North Yorkshire Police,-1.038994,53.807719,On or near Turnhead Court,E01027877,Selby 003B,Unable to prosecute suspect
2c3f3264bc481af3284b97c129414dbf097c4f5f1735572822d23d2a45807a73,2025-01,North Yorkshire Police,North Yorkshire Police,-0.393201,54.283667,On or near ,E01027806,Scarborough 006B,Investigation complete; no suspect identified
a327393184d72482719984922a51ec402a21abc9bb72aba591503228b3606216,2025-01,North Yorkshire Police,North Yorkshire Police,-0.773566,54.545364,On or near Rosedale Lane,E01027840,Scarborough 002C,Unable to prosecute suspect
da994bb09ce21e80dd775148578c36cd74bf21433ec9a1332ac87eab3850f151,2025-01,North Yorkshire Police,North Yorkshire Police,-1.533230,54.126760,On or near Whitcliffe Drive,E01027709,Harrogate 004E,Unable to prosecute suspect
da994bb09ce21e80dd775148578c36cd74bf21433ec9a1332ac87eab3850f151,2025-01,North Yorkshire Police,North Yorkshire Police,-1.533230,54.126760,On or near Whitcliffe Drive,E01027709,Harrogate 004E,Unable to prosecute suspect
da994bb09ce21e80dd775148578c36cd74bf21433ec9a1332ac87eab3850f151,2025-01,North Yorkshire Police,North Yorkshire Police,-1.533230,54.126760,On or near Whitcliffe Drive,E01027709,Harrogate 004E,Unable to prosecute suspect
50b2cf5e033077a469bda9123499b7e9472359d10f188008bf8febc9a3951946,2025-01,North Yorkshire Police,North Yorkshire Police,-1.061888,53.951920,On or near ,E01013363,York 019D,Investigation complete; no suspect identified
b4ee492020d980adaff127db0e28e0fa6b254350db0e36d8ee8928d6069b8a29,2025-01,North Yorkshire Police,North Yorkshire Police,-1.038994,53.807719,On or near Turnhead Court,E01027877,Selby 003B,Unable to prosecute suspect
5b9f9e5c7baa2187c42f0de1f243691221e6b1fd7c914696a50ac4491354503a,2025-01,North Yorkshire Police,North Yorkshire Police,-1.052698,53.772369,On or near Woodland Glade,E01034983,Selby 005K,Unable to prosecute suspect
5b9f9e5c7baa2187c42f0de1f243691221e6b1fd7c914696a50ac4491354503a,2025-01,North Yorkshire Police,North Yorkshire Police,-1.052698,53.772369,On or near Woodland Glade,E01034983,Selby 005K,Unable to prosecute suspect
97bab400d231157b2c1fb61daf7bef8b7a5d544e0bd422b3197605501608d437,2025-01,North Yorkshire Police,North Yorkshire Police,-1.084041,53.964079,On or near Gillygate,E01013366,York 013A,Unable to prosecute suspect
9dfbf6cd1c84698a692533bda026b976310d3a04da81920edede8091a4dfb2bc,2025-01,North Yorkshire Police,North Yorkshire Police,-1.435251,54.008204,On or near Copper Close,E01027670,Harrogate 012A,Unable to prosecute suspect
03ef026dda8c1b523083e40a8efd2b0252714e4e2b84450efa11de729bf912fc,2025-01,North Yorkshire Police,North Yorkshire Police,-0.771634,54.247815,On or near Dove Road,E01027792,Ryedale 002A,Unable to prosecute suspect
a48f1edd4e9457cfbe351916569b368c641aea0a2a12bf9d5ded7c3ff6f12931,2025-01,North Yorkshire Police,North Yorkshire Police,-1.237574,53.795438,On or near Saxon Way,E01034976,Selby 004G,Suspect charged
a48f1edd4e9457cfbe351916569b368c641aea0a2a12bf9d5ded7c3ff6f12931,2025-01,North Yorkshire Police,North Yorkshire Police,-1.237574,53.795438,On or near Saxon Way,E01034976,Selby 004G,Suspect charged
7063c71adb18140ca2e60681acad2168ab4089d3e115a95dcfb20208703bdf9a,2025-01,North Yorkshire Police,North Yorkshire Police,-1.056838,53.774532,On or near Abbot's Road,E01034981,Selby 005I,Unable to prosecute suspect
7063c71adb18140ca2e60681acad2168ab4089d3e115a95dcfb20208703bdf9a,2025-01,North Yorkshire Police,North Yorkshire Police,-1.056838,53.774532,On or near Abbot's Road,E01034981,Selby 005I,Unable to prosecute suspect
3c0150bd4a50202fd2ef62ded68f8e67be63e06ba1764c7c8fd9dc54ab594feb,2025-01,North Yorkshire Police,North Yorkshire Police,-1.237574,53.795438,On or near Saxon Way,E01034976,Selby 004G,Suspect charged
3c0150bd4a50202fd2ef62ded68f8e67be63e06ba1764c7c8fd9dc54ab594feb,2025-01,North Yorkshire Police,North Yorkshire Police,-1.237574,53.795438,On or near Saxon Way,E01034976,Selby 004G,Suspect charged
d616bd26024ab769eeaa55ad6d14401d824f73753cb13b823609b4d1a81a19d9,2025-01,North Yorkshire Police,North Yorkshire Police,-0.441102,54.288900,On or near Ling Hill,E01027843,Scarborough 005B,Further investigation is not in the public interest
ebe71cd8e3f17c1ef8600edcc2f305d70ab471ba5e04cd7d8a47d0a614d59474,2025-01,North Yorkshire Police,North Yorkshire Police,-1.521724,54.002973,On or near Claro Park,E01027649,Harrogate 013A,Unable to prosecute suspect
4137581782ccf2de4ca1c46348ebde9cb5b064db2639541e43fbf59dd97025e7,2025-01,North Yorkshire Police,North Yorkshire Police,-1.058632,53.963874,On or near ,E01013383,York 010D,Investigation complete; no suspect identified
76d107957cf896e4eaa7cef1eacac9da69785d9e3ed8e91cdbebd86af33926b7,2025-01,North Yorkshire Police,North Yorkshire Police,-1.337323,54.235831,On or near Rymer Way,E01027631,Hambleton 008C,Investigation complete; no suspect identified
9f3fa21b294a85416d9614b0dd3e76b79518aea09179604a4254ceb88eaa78e3,2025-01,North Yorkshire Police,North Yorkshire Police,-0.783013,54.122377,On or near Spring Beck Avenue,E01027791,Ryedale 010C,Offender given a caution
9f3fa21b294a85416d9614b0dd3e76b79518aea09179604a4254ceb88eaa78e3,2025-01,North Yorkshire Police,North Yorkshire Police,-0.783013,54.122377,On or near Spring Beck Avenue,E01027791,Ryedale 010C,Offender given a caution
eb04bf5ba6a69472abae5baccf94bb2bb9e963b0f7d644fc2e956d46b560b5f9,2025-01,North Yorkshire Police,North Yorkshire Police,-1.084118,53.959281,On or near ,E01033070,York 013I,Unable to prosecute suspect
d028c201e1a0087e45b874349a6ff373d700d038b9b059edc43d7a26293ae728,2025-01,North Yorkshire Police,North Yorkshire Police,-1.078366,53.947021,On or near Frances Street,E01013361,York 019B,Investigation complete; no suspect identified
5add498ac88b180cb1905f69d71d52fe1eb98b7e894caf312ac7672fad1669d9,2025-01,North Yorkshire Police,North Yorkshire Police,-1.081139,53.958790,On or near Parliament Street,E01033070,York 013I,Unable to prosecute suspect
ed1bba8234b574b34043c36f7247ca0fe8a85932982e3b02522265e40279d9ec,2025-01,North Yorkshire Police,North Yorkshire Police,-0.396548,54.282968,On or near Prospect Place,E01027806,Scarborough 006B,Investigation complete; no suspect identified
217a860559e356f93265ceabc4301ef82e740eee2e7535451d06c010c6326bfa,2025-01,North Yorkshire Police,North Yorkshire Police,-1.653059,54.256826,On or near Halfpenny House Lane,E01027593,Hambleton 006D,Unable to prosecute suspect
06a263199460e4e670b13182a9df948c56a7e4e53e8016f7d623af7efaa3118f,2025-01,North Yorkshire Police,North Yorkshire Police,-1.089988,53.967485,On or near St Olave's Road,E01013344,York 007A,Investigation complete; no suspect identified
d0a12e79575c85087ef0be21a669911e85aeb588c531f137484232c354d64649,2025-01,North Yorkshire Police,North Yorkshire Police,-1.068612,53.789652,On or near Coupland Square,E01034980,Selby 005H,Unable to prosecute suspect
d0a12e79575c85087ef0be21a669911e85aeb588c531f137484232c354d64649,2025-01,North Yorkshire Police,North Yorkshire Police,-1.068612,53.789652,On or near Coupland Square,E01034980,Selby 005H,Unable to prosecute suspect
3d9cadec4775620ed31628cee74820f66a6f7f723eb395f486f6a67ded234cdf,2025-01,North Yorkshire Police,North Yorkshire Police,-1.535765,53.995685,On or near Back Dragon Parade,E01027659,Harrogate 015C,Unable to prosecute suspect
3d9cadec4775620ed31628cee74820f66a6f7f723eb395f486f6a67ded234cdf,2025-01,North Yorkshire Police,North Yorkshire Police,-1.535765,53.995685,On or near Back Dragon Parade,E01027659,Harrogate 015C,Unable to prosecute suspect
d3da5a628f90db4b1c9dcaffd086a44d341a7738b6c4d45b1d8d8510b04a6646,2025-01,North Yorkshire Police,North Yorkshire Police,-1.594004,54.233769,On or near Well Lane,E01027628,Hambleton 007B,Unable to prosecute suspect
d3da5a628f90db4b1c9dcaffd086a44d341a7738b6c4d45b1d8d8510b04a6646,2025-01,North Yorkshire Police,North Yorkshire Police,-1.594004,54.233769,On or near Well Lane,E01027628,Hambleton 007B,Unable to prosecute suspect
b124b53895a5e514719c3fa7f237e63a0e49981b38d828c5d45e0a6886c6c5eb,2025-01,North Yorkshire Police,North Yorkshire Police,-1.047134,53.952826,On or near ,E01013403,York 015F,Unable to prosecute suspect
3b79149b98c6c702facb3faae7fda299697d42a9be8e541988a46c44a5c4445c,2025-01,North Yorkshire Police,North Yorkshire Police,-2.024694,53.951720,On or near Willow Way,E01027582,Craven 006D,Suspect charged
3b79149b98c6c702facb3faae7fda299697d42a9be8e541988a46c44a5c4445c,2025-01,North Yorkshire Police,North Yorkshire Police,-2.024694,53.951720,On or near Willow Way,E01027582,Craven 006D,Suspect charged
aeec5e21c1bad8e2b52a4c68d608ae033814a83c9802c0d6f2cae9f68fa2ffb3,2025-01,North Yorkshire Police,North Yorkshire Police,-1.084118,53.959281,On or near ,E01033070,York 013I,Unable to prosecute suspect
124e84eb3974e9f24142e5b18843071ce1934a4347729cd70eb5c0d81f261bb5,2025-01,North Yorkshire Police,North Yorkshire Police,-1.081757,53.968124,On or near Supermarket,E01013366,York 013A,Unable to prosecute suspect
124e84eb3974e9f24142e5b18843071ce1934a4347729cd70eb5c0d81f261bb5,2025-01,North Yorkshire Police,North Yorkshire Police,-1.081757,53.968124,On or near Supermarket,E01013366,York 013A,Unable to prosecute suspect
124e84eb3974e9f24142e5b18843071ce1934a4347729cd70eb5c0d81f261bb5,2025-01,North Yorkshire Police,North Yorkshire Police,-1.081757,53.968124,On or near Supermarket,E01013366,York 013A,Unable to prosecute suspect
379c3d35aea2a5c82b919909fa32c5b7f0a33eb48e86c69150a1dc79f0b72ea1,2025-01,North Yorkshire Police,North Yorkshire Police,-1.065136,53.973784,On or near Muncastergate,E01013385,York 008C,Investigation complete; no suspect identified
8b6f6ab50f74884bccaa05c8fe6f7c9c21005250cb42c203a8ec69fb6dddde3d,2025-01,North Yorkshire Police,North Yorkshire Police,-2.107929,53.984003,On or near Neville Road,E01027563,Craven 007C,Unable to prosecute suspect
61fad5516c078e0b1b9b11d6400718a38c2c57b51172902f469affba0033601b,2025-01,North Yorkshire Police,North Yorkshire Police,-2.017914,53.952899,On or near Waterside,E01027580,Craven 006B,Investigation complete; no suspect identified
34fd4e01a92a78841189a4beef595095b2520e0f761170fafc75e76c365c208a,2025-01,North Yorkshire Police,North Yorkshire Police,-1.088251,53.976532,On or near Waveney Grove,E01013350,York 009E,Unable to prosecute suspect
a650fa35f2e581c1b552a63b0a8b37b1533295c891176a27fcf5de9008bb7220,2025-01,North Yorkshire Police,North Yorkshire Police,-0.423147,54.263575,On or near ,E01027825,Scarborough 009B,Further investigation is not in the public interest
d392f761e592afc4843040ccaf968e288676b50d172409eb32881a42a65f79d0,2025-01,North Yorkshire Police,North Yorkshire Police,-1.081082,53.960722,On or near Low Petergate,E01013366,York 013A,Unable to prosecute suspect
104622ac326bd8b568efacab3afae90f321b312eaec0f7710ff7a059d7540d6c,2025-01,North Yorkshire Police,North Yorkshire Police,-1.509064,53.997520,On or near Century Walk,E01027648,Harrogate 014A,Unable to prosecute suspect
104622ac326bd8b568efacab3afae90f321b312eaec0f7710ff7a059d7540d6c,2025-01,North Yorkshire Police,North Yorkshire Police,-1.509064,53.997520,On or near Century Walk,E01027648,Harrogate 014A,Unable to prosecute suspect
96ccda4bc1c1cf866e5167d1b9d740a7d18c7f60a609a0940fe806bf56d2f795,2025-01,North Yorkshire Police,North Yorkshire Police,-0.418928,54.291425,On or near North Leas Avenue,E01027850,Scarborough 007B,Unable to prosecute suspect
a231c5647957505dd05ec9210e885bbc58fd8560564a48689b37e57891955df1,2025-01,North Yorkshire Police,North Yorkshire Police,-1.128416,53.997530,On or near Sycamore Close,E01013430,York 006C,Unable to prosecute suspect
a892d797bf640516b963fde4b717941295b5a309d5971a37473f5925a93e7d36,2025-01,North Yorkshire Police,North Yorkshire Police,-1.529779,54.007049,On or near Butler Road,E01027738,Harrogate 010E,Suspect charged
a892d797bf640516b963fde4b717941295b5a309d5971a37473f5925a93e7d36,2025-01,North Yorkshire Police,North Yorkshire Police,-1.529779,54.007049,On or near Butler Road,E01027738,Harrogate 010E,Suspect charged
29526c2af18821b7d2651fac55d6bc67ef97a3e60dc460f1e89b6bb4a931f9a1,2025-01,North Yorkshire Police,North Yorkshire Police,-1.086844,53.971848,On or near Falsgrave Crescent,E01013343,York 009A,Unable to prosecute suspect
29526c2af18821b7d2651fac55d6bc67ef97a3e60dc460f1e89b6bb4a931f9a1,2025-01,North Yorkshire Police,North Yorkshire Police,-1.086844,53.971848,On or near Falsgrave Crescent,E01013343,York 009A,Unable to prosecute suspect
eefc6cb1c90c5416370f7d3c63be0e5d86efeb0595bb020a387efee4ef624aaf,2025-01,North Yorkshire Police,North Yorkshire Police,-0.407259,54.281276,On or near Police Station,E01027812,Scarborough 008C,Suspect charged
eefc6cb1c90c5416370f7d3c63be0e5d86efeb0595bb020a387efee4ef624aaf,2025-01,North Yorkshire Police,North Yorkshire Police,-0.407259,54.281276,On or near Police Station,E01027812,Scarborough 008C,Suspect charged
048a90a473d74975a5bbf6457bae59e3ae1eb70fcb6bc1fdc3a24d4cd0beb0f2,2025-01,North Yorkshire Police,North Yorkshire Police,-0.776142,54.245381,On or near Birdgate,E01027792,Ryedale 002A,Unable to prosecute suspect
048a90a473d74975a5bbf6457bae59e3ae1eb70fcb6bc1fdc3a24d4cd0beb0f2,2025-01,North Yorkshire Police,North Yorkshire Police,-0.776142,54.245381,On or near Birdgate,E01027792,Ryedale 002A,Unable to prosecute suspect
3f1e25cab849812d542fa8448330e6ffcf0b8477a7443469667a7a38b9b12587,2025-01,North Yorkshire Police,North Yorkshire Police,-0.777663,54.245854,On or near Market Place,E01027792,Ryedale 002A,Suspect charged
3f1e25cab849812d542fa8448330e6ffcf0b8477a7443469667a7a38b9b12587,2025-01,North Yorkshire Police,North Yorkshire Police,-0.777663,54.245854,On or near Market Place,E01027792,Ryedale 002A,Suspect charged
ee88a5df75e53b92f6d59fc8180ab22dfe88af3e44e4b8c1eacaec996fc9b0ae,2025-01,North Yorkshire Police,North Yorkshire Police,-1.174789,54.116308,On or near Ladycarr Lane,E01027595,Hambleton 010B,Investigation complete; no suspect identified
4ec6a4d9a1796c985a070ce67d2f90227f9513ec63905b2c6b903942cc0740b2,2025-01,North Yorkshire Police,North Yorkshire Police,-0.777663,54.245854,On or near Market Place,E01027792,Ryedale 002A,Suspect charged
4ec6a4d9a1796c985a070ce67d2f90227f9513ec63905b2c6b903942cc0740b2,2025-01,North Yorkshire Police,North Yorkshire Police,-0.777663,54.245854,On or near Market Place,E01027792,Ryedale 002A,Suspect charged
49146e0df8f070f52d9ab50f81ff2576e6e7463dc6dee8cd4c78898dedec4903,2025-01,North Yorkshire Police,North Yorkshire Police,-1.085120,53.964249,On or near Bootham Square,E01013366,York 013A,Suspect charged
49146e0df8f070f52d9ab50f81ff2576e6e7463dc6dee8cd4c78898dedec4903,2025-01,North Yorkshire Police,North Yorkshire Police,-1.085120,53.964249,On or near Bootham Square,E01013366,York 013A,Suspect charged
297c7320385c6255d96cd4d92db4ccaea237ef546de9563f72f777316151a094,2025-01,North Yorkshire Police,North Yorkshire Police,-0.377180,54.252004,On or near Reservoir Lane,E01027809,Scarborough 011C,Unable to prosecute suspect
54535d41d29dda15813cb6ffc73422bbc0d0270d98c296e6ebd089ed60db4524,2025-01,North Yorkshire Police,North Yorkshire Police,-0.403847,54.242356,On or near Bank Side,E01027819,Scarborough 012B,Unable to prosecute suspect
97e2253e57f7dac2e885ce3ff5d7c383b4b2fdd8453a249446a61ece8823e1b4,2025-01,North Yorkshire Police,North Yorkshire Police,-0.449630,54.269069,On or near ,E01027873,Scarborough 009F,Unable to prosecute suspect
97e2253e57f7dac2e885ce3ff5d7c383b4b2fdd8453a249446a61ece8823e1b4,2025-01,North Yorkshire Police,North Yorkshire Police,-0.449630,54.269069,On or near ,E01027873,Scarborough 009F,Unable to prosecute suspect
5d634cf5e2f4b2ec04783b566249371e8a292a063e84818dd8072e729570fcb6,2025-01,North Yorkshire Police,North Yorkshire Police,-0.771634,54.247815,On or near Dove Road,E01027792,Ryedale 002A,Unable to prosecute suspect
4365624845754337f57eec7f8a34e9c5ae437ae1acc6704ea1af51cda6fbe47c,2025-01,North Yorkshire Police,North Yorkshire Police,-1.081996,53.959662,On or near ,E01013366,York 013A,Local resolution
3648a67af4dba665ac0bd45ce7695861ca6aabf96f020f883483e06b59861602,2025-01,North Yorkshire Police,North Yorkshire Police,-1.137896,53.946968,On or near Apple Blossom Court,E01013446,York 018D,Investigation complete; no suspect identified
0b07a911a3ad9cb4ce7e0b4135992d73fa5e594ca7cfd731c9990151092e7dd3,2025-01,North Yorkshire Police,North Yorkshire Police,-0.403847,54.242356,On or near Bank Side,E01027819,Scarborough 012B,Unable to prosecute suspect
c920d04865c6d267421d1059330eb137ac5db2530cc592d1ccd95a9693d37df9,2025-01,North Yorkshire Police,North Yorkshire Police,-1.119360,53.966149,On or near Prior's Walk,E01013392,York 012F,Unable to prosecute suspect
287e6a83da8265ab44b3417a9da9319f97088c4610767d12ac1d99f0ada15473,2025-01,North Yorkshire Police,North Yorkshire Police,-1.253799,53.888801,On or near Meadow Way,E01027918,Selby 001A,Unable to prosecute suspect
dd00e381c9c0469b47e32284b7e86049499855e4edd819abb26bef86201b1e80,2025-01,North Yorkshire Police,North Yorkshire Police,-1.077608,53.954439,On or near A1036,E01033070,York 013I,Investigation complete; no suspect identified
907015981988b2d7c53eb8e1365b514982e95cfd9d6ba87a757cb9e6a5bf23a7,2025-01,North Yorkshire Police,North Yorkshire Police,-1.247384,53.800354,On or near Springfield Road,E01027916,Selby 004D,Unable to prosecute suspect
907015981988b2d7c53eb8e1365b514982e95cfd9d6ba87a757cb9e6a5bf23a7,2025-01,North Yorkshire Police,North Yorkshire Police,-1.247384,53.800354,On or near Springfield Road,E01027916,Selby 004D,Unable to prosecute suspect
7648ebaf556f252ec0b175a033402cf7bb943b44c76b38cf562c96960241fdb3,2025-01,North Yorkshire Police,North Yorkshire Police,-0.404114,54.288713,On or near Sports/Recreation Area,E01034974,Scarborough 006F,Unable to prosecute suspect
7648ebaf556f252ec0b175a033402cf7bb943b44c76b38cf562c96960241fdb3,2025-01,North Yorkshire Police,North Yorkshire Police,-0.404114,54.288713,On or near Sports/Recreation Area,E01034974,Scarborough 006F,Unable to prosecute suspect
226d171fa0ff4204faecd46881b3c6b276156a339eb14cd1c035efc486d5725e,2025-01,North Yorkshire Police,North Yorkshire Police,-1.086732,53.958796,On or near Nightclub,E01033068,York 013G,Unable to prosecute suspect
226d171fa0ff4204faecd46881b3c6b276156a339eb14cd1c035efc486d5725e,2025-01,North Yorkshire Police,North Yorkshire Police,-1.086732,53.958796,On or near Nightclub,E01033068,York 013G,Unable to prosecute suspect
f7feb3784df36c5206037a3a03550e00188ab54ef77c44866dd07a541b80868e,2025-01,North Yorkshire Police,North Yorkshire Police,-1.056979,54.246188,On or near Eastgate,E01027781,Ryedale 003C,Unable to prosecute suspect
a6d0cdf00ec14114e2b58354318cceddb354cc8eb9e536953d9410476619b588,2025-01,North Yorkshire Police,North Yorkshire Police,-1.496200,54.002949,On or near Hillbank Road,E01027726,Harrogate 014C,Local resolution
f0015d6513e7ae07592df635cd437586ddc414b97295d6ec27ebc667f8fd0532,2025-01,North Yorkshire Police,North Yorkshire Police,-1.293164,53.963477,On or near Lucas Grove South,E01027683,Harrogate 016A,Local resolution
f0015d6513e7ae07592df635cd437586ddc414b97295d6ec27ebc667f8fd0532,2025-01,North Yorkshire Police,North Yorkshire Police,-1.293164,53.963477,On or near Lucas Grove South,E01027683,Harrogate 016A,Local resolution
ad99fd30b8f44432e12ab166af2836cd5678cb5d1fe920ec195211f95251f884,2025-01,North Yorkshire Police,North Yorkshire Police,-1.063740,53.983714,On or near Highthorn Road,E01013405,York 005A,Investigation complete; no suspect identified
3c076c964c71eb27bec2c1e3ce772c0a1ef403512f468b91bb0075d2024f0a39,2025-01,North Yorkshire Police,North Yorkshire Police,-0.401593,54.284383,On or near Parking Area,E01027806,Scarborough 006B,Investigation complete; no suspect identified
8b569d5692cc90605c1700bcaf4aaf027a7233313016b8aa59a6ed7ede61af03,2025-01,North Yorkshire Police,North Yorkshire Police,-1.454782,54.012098,On or near Park Lane,E01027670,Harrogate 012A,Unable to prosecute suspect
6f71c5a08ff897780411fe9870215939e6279d0d119617efe6cf2b631fce1429,2025-01,North Yorkshire Police,North Yorkshire Police,-1.055087,53.966900,On or near ,E01013379,York 008A,Investigation complete; no suspect identified
009fe388f052cdd5380868a9c2aa5669ad8f3a5dbf8f939dc1533bcb990f6708,2025-01,North Yorkshire Police,North Yorkshire Police,-1.536174,54.002823,On or near Skipton Street,E01027657,Harrogate 013C,Unable to prosecute suspect
c96285edb10bd5e30d1180788f0447d7e2c36dfb95bd9601a81c947d04630abb,2025-01,North Yorkshire Police,North Yorkshire Police,-1.525059,54.000856,On or near Claro Avenue,E01027649,Harrogate 013A,Unable to prosecute suspect
c96285edb10bd5e30d1180788f0447d7e2c36dfb95bd9601a81c947d04630abb,2025-01,North Yorkshire Police,North Yorkshire Police,-1.525059,54.000856,On or near Claro Avenue,E01027649,Harrogate 013A,Unable to prosecute suspect
d01255d5fc8e1b416a22094b4106d9df13a81009823cf7605c74c795bcad1f9b,2025-01,North Yorkshire Police,North Yorkshire Police,-1.121527,53.698011,On or near Parking Area,E01027924,Selby 010D,Unable to prosecute suspect
d01255d5fc8e1b416a22094b4106d9df13a81009823cf7605c74c795bcad1f9b,2025-01,North Yorkshire Police,North Yorkshire Police,-1.121527,53.698011,On or near Parking Area,E01027924,Selby 010D,Unable to prosecute suspect
d01255d5fc8e1b416a22094b4106d9df13a81009823cf7605c74c795bcad1f9b,2025-01,North Yorkshire Police,North Yorkshire Police,-1.121527,53.698011,On or near Parking Area,E01027924,Selby 010D,Unable to prosecute suspect
ce28c35c6726b5eae59790d535064945e68a486fd4293fd4c84efc8e3664e6b1,2025-01,North Yorkshire Police,North Yorkshire Police,-0.404114,54.288713,On or near Sports/Recreation Area,E01034974,Scarborough 006F,Unable to prosecute suspect
ce28c35c6726b5eae59790d535064945e68a486fd4293fd4c84efc8e3664e6b1,2025-01,North Yorkshire Police,North Yorkshire Police,-0.404114,54.288713,On or near Sports/Recreation Area,E01034974,Scarborough 006F,Unable to prosecute suspect
ce28c35c6726b5eae59790d535064945e68a486fd4293fd4c84efc8e3664e6b1,2025-01,North Yorkshire Police,North Yorkshire Police,-0.404114,54.288713,On or near Sports/Recreation Area,E01034974,Scarborough 006F,Unable to prosecute suspect
2ecd0947b202f42a892bb899816cd95a7173ca555e236cded0b4dbe4bd0b1081,2025-01,North Yorkshire Police,North Yorkshire Police,-1.420895,54.360574,On or near Lead Lane,E01027590,Hambleton 003A,Unable to prosecute suspect
c7e8794df29fb23020eee22c78a44bbb2a60b0f4dc344eeaeb8565f549eb5616,2025-01,North Yorkshire Police,North Yorkshire Police,-1.503034,54.003032,On or near Diamond Place,E01027726,Harrogate 014C,Unable to prosecute suspect
c7e8794df29fb23020eee22c78a44bbb2a60b0f4dc344eeaeb8565f549eb5616,2025-01,North Yorkshire Police,North Yorkshire Police,-1.503034,54.003032,On or near Diamond Place,E01027726,Harrogate 014C,Unable to prosecute suspect
c7e8794df29fb23020eee22c78a44bbb2a60b0f4dc344eeaeb8565f549eb5616,2025-01,North Yorkshire Police,North Yorkshire Police,-1.503034,54.003032,On or near Diamond Place,E01027726,Harrogate 014C,Unable to prosecute suspect
09236e503874aadd64a811335f03b6024aff419450377609aebcdee5652605b1,2025-01,North Yorkshire Police,North Yorkshire Police,-1.065713,53.963012,On or near Scrope Avenue,E01013383,York 010D,Unable to prosecute suspect
09236e503874aadd64a811335f03b6024aff419450377609aebcdee5652605b1,2025-01,North Yorkshire Police,North Yorkshire Police,-1.065713,53.963012,On or near Scrope Avenue,E01013383,York 010D,Unable to prosecute suspect
5ff64fce7822f454f579cca3e5737af623d35b2dbfbd315db60d7929cc3121bc,2025-01,North Yorkshire Police,North Yorkshire Police,-1.525059,54.000856,On or near Claro Avenue,E01027649,Harrogate 013A,Unable to prosecute suspect
5ff64fce7822f454f579cca3e5737af623d35b2dbfbd315db60d7929cc3121bc,2025-01,North Yorkshire Police,North Yorkshire Police,-1.525059,54.000856,On or near Claro Avenue,E01027649,Harrogate 013A,Unable to prosecute suspect
4f3278614be3e0ac1e03c8d031888fd6638617d442ecc4db43687c02d2bb887e,2025-01,North Yorkshire Police,North Yorkshire Police,-0.399942,54.275454,On or near Oliver Street,E01027854,Scarborough 010D,Unable to prosecute suspect
2b2bd367ae19ac2cde98a47cab9c635955cf76aad5f4552a97084e0194829833,2025-01,North Yorkshire Police,North Yorkshire Police,-1.142739,53.971999,On or near Petrol Station,E01013422,York 011B,Suspect charged
2b2bd367ae19ac2cde98a47cab9c635955cf76aad5f4552a97084e0194829833,2025-01,North Yorkshire Police,North Yorkshire Police,-1.142739,53.971999,On or near Petrol Station,E01013422,York 011B,Suspect charged
c4f9790e73566f7d7fac87cfabf4ba0bf7b578b7e98f7910c44039a710b12045,2025-01,North Yorkshire Police,North Yorkshire Police,-1.025157,53.949108,On or near ,E01013378,York 023B,Unable to prosecute suspect
c4f9790e73566f7d7fac87cfabf4ba0bf7b578b7e98f7910c44039a710b12045,2025-01,North Yorkshire Police,North Yorkshire Police,-1.025157,53.949108,On or near ,E01013378,York 023B,Unable to prosecute suspect
db8608a6167eb6aa04e0d739827ff247234d235863b433f3896c268de5ecd65e,2025-01,North Yorkshire Police,North Yorkshire Police,-1.425983,54.336657,On or near Greenhowsyke Lane,E01027608,Hambleton 013B,Unable to prosecute suspect
db8608a6167eb6aa04e0d739827ff247234d235863b433f3896c268de5ecd65e,2025-01,North Yorkshire Police,North Yorkshire Police,-1.425983,54.336657,On or near Greenhowsyke Lane,E01027608,Hambleton 013B,Unable to prosecute suspect
f7f14d9b419cf64ca108a70df93a44081ae0f332de3ecf0fadd39d39f41a1168,2025-01,North Yorkshire Police,North Yorkshire Police,-1.537500,54.005686,On or near Supermarket,E01027739,Harrogate 010F,Unable to prosecute suspect
d9a76ae7aa24faee3fd43d5db1e0a0c3b65141a87b20c2b20bc78e4232c4ae02,2025-01,North Yorkshire Police,North Yorkshire Police,-1.080749,53.962669,On or near Chapter House Street,E01013366,York 013A,Unable to prosecute suspect
d9a76ae7aa24faee3fd43d5db1e0a0c3b65141a87b20c2b20bc78e4232c4ae02,2025-01,North Yorkshire Police,North Yorkshire Police,-1.080749,53.962669,On or near Chapter House Street,E01013366,York 013A,Unable to prosecute suspect
30cdb3e7447958dba70902779f3aa59e802342321cc91303b666f3a24b44737e,2025-01,North Yorkshire Police,North Yorkshire Police,-1.077168,53.971603,On or near White Cross Road,E01013348,York 010A,Unable to prosecute suspect
30cdb3e7447958dba70902779f3aa59e802342321cc91303b666f3a24b44737e,2025-01,North Yorkshire Police,North Yorkshire Police,-1.077168,53.971603,On or near White Cross Road,E01013348,York 010A,Unable to prosecute suspect
b4fe9dca0853b0a97acf5a2891fc591ae812b5e7aca8b4896cfd6eaaa59c8aff,2025-01,North Yorkshire Police,North Yorkshire Police,-1.077168,53.971603,On or near White Cross Road,E01013348,York 010A,Unable to prosecute suspect
b4fe9dca0853b0a97acf5a2891fc591ae812b5e7aca8b4896cfd6eaaa59c8aff,2025-01,North Yorkshire Police,North Yorkshire Police,-1.077168,53.971603,On or near White Cross Road,E01013348,York 010A,Unable to prosecute suspect
d8eeff44bd51a760160e06b28229c701b6813a194be05416cc8f860ea5858abe,2025-01,North Yorkshire Police,North Yorkshire Police,-0.425574,54.289872,On or near ,E01027874,Scarborough 007D,Unable to prosecute suspect
d8eeff44bd51a760160e06b28229c701b6813a194be05416cc8f860ea5858abe,2025-01,North Yorkshire Police,North Yorkshire Police,-0.425574,54.289872,On or near ,E01027874,Scarborough 007D,Unable to prosecute suspect
a6938ee4e9d0d87c4fa5bb148e7f1ee3d5dd8ae147a589b92a1fcc4b7a9662c7,2025-01,North Yorkshire Police,North Yorkshire Police,-0.398815,54.280742,On or near St Nicholas Cliff,E01027804,Scarborough 010A,Suspect charged
a6938ee4e9d0d87c4fa5bb148e7f1ee3d5dd8ae147a589b92a1fcc4b7a9662c7,2025-01,North Yorkshire Police,North Yorkshire Police,-0.398815,54.280742,On or near St Nicholas Cliff,E01027804,Scarborough 010A,Suspect charged
678375154a092fd5a832fb14efc0fb66585269dfe3e8df73aa0ca5bb8e6a6741,2025-01,North Yorkshire Police,North Yorkshire Police,-1.504570,53.997043,On or near Petrol Station,E01027727,Harrogate 014D,Investigation complete; no suspect identified
83c4e09f493cdc969bb462d559bd2fde0e897648831d41874a6c88f837ea1b81,2025-01,North Yorkshire Police,North Yorkshire Police,-0.439036,54.235851,On or near Long Lane,E01027859,Scarborough 013D,Investigation complete; no suspect identified
af0f61f8b1c0fd951d35791dae548ece8108e7bf357dee29da06d26b65bc33cf,2025-01,North Yorkshire Police,North Yorkshire Police,-1.090158,53.944244,On or near Lorne Street,E01013414,York 021D,Investigation complete; no suspect identified
f1ebf5b55be8730435ebe8053a49b447abf76a46e687a8f8d9b323568d8afaea,2025-01,North Yorkshire Police,North Yorkshire Police,-1.082376,53.957280,On or near King Street,E01033070,York 013I,Local resolution
f1ebf5b55be8730435ebe8053a49b447abf76a46e687a8f8d9b323568d8afaea,2025-01,North Yorkshire Police,North Yorkshire Police,-1.082376,53.957280,On or near King Street,E01033070,York 013I,Local resolution
3b58095bca9d980006947d63e0152ef03d6f19280362f8812792d63326f419cf,2025-01,North Yorkshire Police,North Yorkshire Police,-1.083485,53.955365,On or near Skeldergate,E01033069,York 013H,Investigation complete; no suspect identified
2d70e53931111978aa4cc1f1a6b81d84aa863e52030044ebcfe22a0fad620547,2025-01,North Yorkshire Police,North Yorkshire Police,-1.084601,53.960793,On or near Blake Street,E01013366,York 013A,Investigation complete; no suspect identified
a4bfd2a5fabe86b9d54f3218b36c062578caa0e65b2704613fec160a39e9d3d3,2025-01,North Yorkshire Police,North Yorkshire Police,-1.084952,53.946128,On or near Butcher Terrace,E01013414,York 021D,Suspect charged
a4bfd2a5fabe86b9d54f3218b36c062578caa0e65b2704613fec160a39e9d3d3,2025-01,North Yorkshire Police,North Yorkshire Police,-1.084952,53.946128,On or near Butcher Terrace,E01013414,York 021D,Suspect charged
717d19366ada2a1a271928530705653a4dc1820047f06dbb6a066b566e89cb5d,2025-01,North Yorkshire Police,North Yorkshire Police,-1.717011,53.724822,On or near Victoria Avenue,E01011061,Kirklees 005B,Unable to prosecute suspect
717d19366ada2a1a271928530705653a4dc1820047f06dbb6a066b566e89cb5d,2025-01,North Yorkshire Police,North Yorkshire Police,-1.717011,53.724822,On or near Victoria Avenue,E01011061,Kirklees 005B,Unable to prosecute suspect
45c3854cc2824d3a1552618c5a331c06262ef3aac1a99cffd24e82076911c5dc,2025-01,North Yorkshire Police,North Yorkshire Police,-0.402373,54.273356,On or near St Martin's Place,E01027852,Scarborough 010B,Unable to prosecute suspect
015b0ed697e8122627e522fe6efa9bd81f4cb596f02cd527a394d06af33e8f41,2025-01,North Yorkshire Police,North Yorkshire Police,-2.348092,54.093654,On or near Shepherd Gate,E01027569,Craven 001C,Investigation complete; no suspect identified
cfb97f05d1f15ab2d45c51920b91f98d6a14323f5c8a08e20ad53f149cae1902,2025-01,North Yorkshire Police,North Yorkshire Police,-1.053831,53.977489,On or near New Lane,E01013409,York 005C,Investigation complete; no suspect identified
37d79353738784d468194ee1f2ca75cdb8e64c761e3e7b4777ebedf11a8631ba,2025-01,North Yorkshire Police,North Yorkshire Police,-1.142262,53.952482,On or near Barkston Grove,E01013444,York 018C,Unable to prosecute suspect
1edb8e523f2cefbfcc62922c2e04e3c4b5571bc7fde6d31a6f2a1a1a0343b972,2025-01,North Yorkshire Police,North Yorkshire Police,-1.662725,54.514847,On or near Bowling Green Lane,E01027759,Richmondshire 001D,Investigation complete; no suspect identified
2458b059bbfc7395ff27edcc90d3d727caa45b8bfa18c15c3304961c7700aea8,2025-01,North Yorkshire Police,North Yorkshire Police,-1.055371,53.992322,On or near Woodland Way,E01013409,York 005C,Action to be taken by another organisation
2458b059bbfc7395ff27edcc90d3d727caa45b8bfa18c15c3304961c7700aea8,2025-01,North Yorkshire Police,North Yorkshire Police,-1.055371,53.992322,On or near Woodland Way,E01013409,York 005C,Action to be taken by another organisation
65886c155cb4a80ffd0a56a2f6e53df4d004790286e2fce85fc65a19b386182f,2025-01,North Yorkshire Police,North Yorkshire Police,-1.589301,53.926341,On or near Almscliffe Drive,E01027724,Harrogate 021C,Investigation complete; no suspect identified
a59db6ac7d54b218dfcc0a3a89e12282a0941fbfea115b6d8f77be649ed73b2e,2025-01,North Yorkshire Police,North Yorkshire Police,-1.076046,53.946518,On or near Ambrose Street,E01013362,York 019C,Unable to prosecute suspect
a59db6ac7d54b218dfcc0a3a89e12282a0941fbfea115b6d8f77be649ed73b2e,2025-01,North Yorkshire Police,North Yorkshire Police,-1.076046,53.946518,On or near Ambrose Street,E01013362,York 019C,Unable to prosecute suspect
a59db6ac7d54b218dfcc0a3a89e12282a0941fbfea115b6d8f77be649ed73b2e,2025-01,North Yorkshire Police,North Yorkshire Police,-1.076046,53.946518,On or near Ambrose Street,E01013362,York 019C,Unable to prosecute suspect
a59db6ac7d54b218dfcc0a3a89e12282a0941fbfea115b6d8f77be649ed73b2e,2025-01,North Yorkshire Police,North Yorkshire Police,-1.076046,53.946518,On or near Ambrose Street,E01013362,York 019C,Unable to prosecute suspect
595097ec3ee2f5be36ac4403886135db7c3342052aea19874141a339b1a1edf5,2025-01,North Yorkshire Police,North Yorkshire Police,-1.075242,53.926369,On or near Naburn Lane,E01034762,York 023E,Unable to prosecute suspect
306606a88cf4adc989598913bca5cabd6a64d03cbab77cb0feb9dc3cf609d7de,2025-01,North Yorkshire Police,North Yorkshire Police,-1.085693,53.963813,On or near Bootham Row,E01013366,York 013A,Unable to prosecute suspect
306606a88cf4adc989598913bca5cabd6a64d03cbab77cb0feb9dc3cf609d7de,2025-01,North Yorkshire Police,North Yorkshire Police,-1.085693,53.963813,On or near Bootham Row,E01013366,York 013A,Unable to prosecute suspect
698d83ff749cbc53e01416864ee3d43bf9fce403909e3d3aa100362fb1438bf6,2025-01,North Yorkshire Police,North Yorkshire Police,-1.133002,53.977223,On or near Foss Walk,E01013422,York 011B,Local resolution
698d83ff749cbc53e01416864ee3d43bf9fce403909e3d3aa100362fb1438bf6,2025-01,North Yorkshire Police,North Yorkshire Police,-1.133002,53.977223,On or near Foss Walk,E01013422,York 011B,Local resolution
c494dcee628a5724302c84a522bf6944c5b675061991fffd12e2ca5d9654183e,2025-01,North Yorkshire Police,North Yorkshire Police,-1.418075,54.150318,On or near Moor Lane,E01027737,Harrogate 003D,Unable to prosecute suspect
c494dcee628a5724302c84a522bf6944c5b675061991fffd12e2ca5d9654183e,2025-01,North Yorkshire Police,North Yorkshire Police,-1.418075,54.150318,On or near Moor Lane,E01027737,Harrogate 003D,Unable to prosecute suspect
8cbc4e15687250b0445edd2d6970cbb47d18bb95a129f91a1a808e02e4739ad7,2025-01,North Yorkshire Police,North Yorkshire Police,-1.536840,53.999140,On or near Providence Terrace,E01027657,Harrogate 013C,Unable to prosecute suspect
8cbc4e15687250b0445edd2d6970cbb47d18bb95a129f91a1a808e02e4739ad7,2025-01,North Yorkshire Police,North Yorkshire Police,-1.536840,53.999140,On or near Providence Terrace,E01027657,Harrogate 013C,Unable to prosecute suspect
7b996f495fa80f08502855577c366af8c6193ae92d5d6782270da951cb1d893a,2025-01,North Yorkshire Police,North Yorkshire Police,-1.691974,54.056251,On or near The Crescent,E01027681,Harrogate 006A,Unable to prosecute suspect
d817a607882159e75a8b739e9c9d4b88f06e87b487b24e775153d8cb4abd65da,2025-01,North Yorkshire Police,North Yorkshire Police,-1.193461,54.467486,On or near Lady Hullock's Court,E01027625,Hambleton 001E,Unable to prosecute suspect
cf4acd81fbfee30b987d2f146693b308a4bb4f6b36ca183c899b7d806b45d6de,2025-01,North Yorkshire Police,North Yorkshire Police,-1.096575,53.978662,On or near Water Lane,E01013428,York 006A,Unable to prosecute suspect
9f99b39c08a94f2b107227833279d359ae0102c5e4ff583430ad2af91e4e392b,2025-01,North Yorkshire Police,North Yorkshire Police,-1.055371,53.992322,On or near Woodland Way,E01013409,York 005C,Unable to prosecute suspect
a893b58d0d2d5d8240c46d6f7dcf0d0367585f17736e9edc5841f817f9243d96,2025-01,North Yorkshire Police,North Yorkshire Police,-1.082827,53.961067,On or near Shopping Area,E01013366,York 013A,Investigation complete; no suspect identified
3e424224a45921b91d52e00e0ba5fe6d5fb5794c7523c931c0b3f427fef674b4,2025-01,North Yorkshire Police,North Yorkshire Police,-1.193461,54.467486,On or near Lady Hullock's Court,E01027625,Hambleton 001E,Unable to prosecute suspect
3e424224a45921b91d52e00e0ba5fe6d5fb5794c7523c931c0b3f427fef674b4,2025-01,North Yorkshire Police,North Yorkshire Police,-1.193461,54.467486,On or near Lady Hullock's Court,E01027625,Hambleton 001E,Unable to prosecute suspect
aebdfcf84c4ba935e9fa2e7361570415044ec9b9463c0b8fa54f25fe194fd32b,2025-01,North Yorkshire Police,North Yorkshire Police,-1.352635,54.220123,On or near Oak Drive,E01034959,Hambleton 009E,Unable to prosecute suspect
aebdfcf84c4ba935e9fa2e7361570415044ec9b9463c0b8fa54f25fe194fd32b,2025-01,North Yorkshire Police,North Yorkshire Police,-1.352635,54.220123,On or near Oak Drive,E01034959,Hambleton 009E,Unable to prosecute suspect
2715256f6fb6dc0b04112973e1d382ba90ab86101bf1232e78a61fd042aadaf7,2025-01,North Yorkshire Police,North Yorkshire Police,-0.287969,54.188533,On or near Primrose Valley Road,E01027833,Scarborough 014E,Investigation complete; no suspect identified
f1c475b99f66f2704f103338106a88420229ab3f8987f0645f8b37bfceceb59e,2025-01,North Yorkshire Police,North Yorkshire Police,-1.290891,53.870097,On or near Parking Area,E01027922,Selby 001E,Unable to prosecute suspect
0f39eae971c29d206fc7318de0a7f0172ee09aa21e690f9cedc30a8af6804d02,2025-01,North Yorkshire Police,North Yorkshire Police,-1.042229,53.808374,On or near Orchard Drive,E01027877,Selby 003B,Unable to prosecute suspect
0f39eae971c29d206fc7318de0a7f0172ee09aa21e690f9cedc30a8af6804d02,2025-01,North Yorkshire Police,North Yorkshire Police,-1.042229,53.808374,On or near Orchard Drive,E01027877,Selby 003B,Unable to prosecute suspect
a055b17ab203bf762089b59e09c58c57496edf5f81883f497ba8df9f96c4f033,2025-01,North Yorkshire Police,North Yorkshire Police,-1.083246,53.958528,On or near ,E01013366,York 013A,Suspect charged
a055b17ab203bf762089b59e09c58c57496edf5f81883f497ba8df9f96c4f033,2025-01,North Yorkshire Police,North Yorkshire Police,-1.083246,53.958528,On or near ,E01013366,York 013A,Suspect charged
533c89d9cb75558603b13e83e583afba3b2a8668e732c8fd8c3c4567b13421aa,2025-01,North Yorkshire Police,North Yorkshire Police,-1.533337,54.006793,On or near Albert Road,E01027739,Harrogate 010F,Unable to prosecute suspect
6733420378bf5e9466de3125a4d0f5cec782502a943e2197e7ac614cd567f044,2025-01,North Yorkshire Police,North Yorkshire Police,-2.017769,53.897831,On or near Jackson Row,E01027584,Craven 008F,Unable to prosecute suspect
6733420378bf5e9466de3125a4d0f5cec782502a943e2197e7ac614cd567f044,2025-01,North Yorkshire Police,North Yorkshire Police,-2.017769,53.897831,On or near Jackson Row,E01027584,Craven 008F,Unable to prosecute suspect
921f3992277c8480ec354b7846c229d2170cbf3f8f1883f9d39f9aac0325575f,2025-01,North Yorkshire Police,North Yorkshire Police,-1.184695,54.477699,On or near Cherrywood Avenue,E01027624,Hambleton 002C,Unable to prosecute suspect
921f3992277c8480ec354b7846c229d2170cbf3f8f1883f9d39f9aac0325575f,2025-01,North Yorkshire Police,North Yorkshire Police,-1.184695,54.477699,On or near Cherrywood Avenue,E01027624,Hambleton 002C,Unable to prosecute suspect
b663e738f4b207f282f88290f8eb8c3a7b77b4f611e1d352cf26a4c0ab2c827c,2025-01,North Yorkshire Police,North Yorkshire Police,-0.407259,54.281276,On or near Police Station,E01027812,Scarborough 008C,Investigation complete; no suspect identified
135917be9932db90be626101aaf3e9997d80a8da875ffb0ba731e83e7e929f20,2025-01,North Yorkshire Police,North Yorkshire Police,-1.229771,53.754797,On or near Bedfords Fold,E01027899,Selby 009D,Unable to prosecute suspect
135917be9932db90be626101aaf3e9997d80a8da875ffb0ba731e83e7e929f20,2025-01,North Yorkshire Police,North Yorkshire Police,-1.229771,53.754797,On or near Bedfords Fold,E01027899,Selby 009D,Unable to prosecute suspect
7283fe6e14f48407d9b654b5a07b937fb4a7043a596c9b11834df8f784684009,2025-01,North Yorkshire Police,North Yorkshire Police,-1.290891,53.870097,On or near Parking Area,E01027922,Selby 001E,Unable to prosecute suspect
6df1855be5ec6547992292b39cafb94d70bc9372f814d8f0abf770bc709c78ac,2025-01,North Yorkshire Police,North Yorkshire Police,-1.725247,54.076715,On or near Lupton Bank,E01027701,Harrogate 006C,Unable to prosecute suspect
0affd72622ae90d10eb3b8b8df87f908ace04ec52809c619b703710c75fa1341,2025-01,North Yorkshire Police,North Yorkshire Police,-1.089812,53.942659,On or near Clock Tower Way,E01013412,York 021C,Unable to prosecute suspect
12231c112b1fa4f0a11ff71502e608d40abb9ee6c38d5200d77e93b55f495da3,2025-01,North Yorkshire Police,North Yorkshire Police,-0.632035,54.488573,On or near Twickenhan Court,E01027871,Scarborough 001E,Unable to prosecute suspect
12231c112b1fa4f0a11ff71502e608d40abb9ee6c38d5200d77e93b55f495da3,2025-01,North Yorkshire Police,North Yorkshire Police,-0.632035,54.488573,On or near Twickenhan Court,E01027871,Scarborough 001E,Unable to prosecute suspect
eb682c659c343af4f782277264c7e5d7325b55c5787f69aef3ee41446b65f676,2025-01,North Yorkshire Police,North Yorkshire Police,-1.051190,53.944068,On or near Barn Grove,E01013378,York 023B,Unable to prosecute suspect
eb682c659c343af4f782277264c7e5d7325b55c5787f69aef3ee41446b65f676,2025-01,North Yorkshire Police,North Yorkshire Police,-1.051190,53.944068,On or near Barn Grove,E01013378,York 023B,Unable to prosecute suspect
9f68c5c6cd289c1d09b351969f6b0a2707ca9c9a9f6e9b42e69a8842ca583f4b,2025-01,North Yorkshire Police,North Yorkshire Police,-1.616072,54.393284,On or near Bolton Road,E01027745,Richmondshire 003A,Further investigation is not in the public interest
de131d5b3c4640cccc45427cb14c54041e29804ea09167e0bdefc96fcb7c865b,2025-01,North Yorkshire Police,North Yorkshire Police,-1.136356,54.081156,On or near Walton Close,E01027601,Hambleton 010D,Unable to prosecute suspect
950eced4828f70628f540929a5d9f3994a8ed6f859115320806032d13ab703ba,2025-01,North Yorkshire Police,North Yorkshire Police,-1.066385,53.963628,On or near Fleming Avenue,E01013383,York 010D,Unable to prosecute suspect
950eced4828f70628f540929a5d9f3994a8ed6f859115320806032d13ab703ba,2025-01,North Yorkshire Police,North Yorkshire Police,-1.066385,53.963628,On or near Fleming Avenue,E01013383,York 010D,Unable to prosecute suspect
503c232134a2ceae42c909eb2034028dbffe4e7cc8a9c08f4a733383c087f5e7,2025-01,North Yorkshire Police,North Yorkshire Police,-1.535212,54.064456,On or near Church Lane,E01027642,Harrogate 007A,Investigation complete; no suspect identified
f2d147d4128839feedf23cf93002a216c1762fcbb27e47233310ec1d0b388252,2025-01,North Yorkshire Police,North Yorkshire Police,-1.469040,54.041624,On or near Shaw Lane,E01027646,Harrogate 007B,Investigation complete; no suspect identified
f0b76fb41ba79ae65a4d0c58e49a6c4a6198459d4d79c37880f38054b87c4bdd,2025-01,North Yorkshire Police,North Yorkshire Police,-1.059282,53.781939,On or near Shipyard Road,E01027909,Selby 005E,Investigation complete; no suspect identified
5d35cd666234a236bb9f6fb74adba5352c4842819c4d5fe1b58d7f090ed4cbc6,2025-01,North Yorkshire Police,North Yorkshire Police,-1.532342,54.002996,On or near Woodfield Gardens,E01027740,Harrogate 013F,Suspect charged
5d35cd666234a236bb9f6fb74adba5352c4842819c4d5fe1b58d7f090ed4cbc6,2025-01,North Yorkshire Police,North Yorkshire Police,-1.532342,54.002996,On or near Woodfield Gardens,E01027740,Harrogate 013F,Suspect charged
94fcb1dd324777afe6ddb4def3f19c48eb6ee02cb7bc726f1f966791016d0a64,2025-01,North Yorkshire Police,North Yorkshire Police,-1.599665,53.915806,On or near A658,E01027734,Harrogate 018C,Formal action is not in the public interest
e6534cd7df14e00398a202faf243fcff3be90b0a981fed0eb161300ee2d3852c,2025-01,North Yorkshire Police,North Yorkshire Police,-1.049464,53.959091,On or near Supermarket,E01013401,York 015E,Suspect charged
e6534cd7df14e00398a202faf243fcff3be90b0a981fed0eb161300ee2d3852c,2025-01,North Yorkshire Police,North Yorkshire Police,-1.049464,53.959091,On or near Supermarket,E01013401,York 015E,Suspect charged
e6534cd7df14e00398a202faf243fcff3be90b0a981fed0eb161300ee2d3852c,2025-01,North Yorkshire Police,North Yorkshire Police,-1.049464,53.959091,On or near Supermarket,E01013401,York 015E,Suspect charged
8b37c4775ddf74e3d9bddcc9c3d01528b16d025012af2f0ce2e3df10d9ba63cc,2025-01,North Yorkshire Police,North Yorkshire Police,-0.434350,54.274847,On or near ,E01027824,Scarborough 009A,Unable to prosecute suspect
f2786d9520bf64d82fdd4c5acb6d1ee3af90366b54004a51271d80f8ef1358f4,2025-01,North Yorkshire Police,North Yorkshire Police,-1.137083,53.945758,On or near St Michaels Court,E01013446,York 018D,Unable to prosecute suspect
f2786d9520bf64d82fdd4c5acb6d1ee3af90366b54004a51271d80f8ef1358f4,2025-01,North Yorkshire Police,North Yorkshire Police,-1.137083,53.945758,On or near St Michaels Court,E01013446,York 018D,Unable to prosecute suspect
b2ad0e5cee1e5f01a59e2f5c7c71d33966dda3df986ebe9b4824d5c5f9d0f27f,2025-01,North Yorkshire Police,North Yorkshire Police,-0.640826,54.486488,On or near Lilla Close,E01027839,Scarborough 001B,Unable to prosecute suspect
77a387922e1bd952c047f0df268047418f1a405375920b69cf63d704dee9bc2f,2025-01,North Yorkshire Police,North Yorkshire Police,-1.089812,53.942659,On or near Clock Tower Way,E01013412,York 021C,Investigation complete; no suspect identified
685b92f113cd78c39dcc18af0ace779c68de92a6d1479cc6980ff1693df88af3,2025-01,North Yorkshire Police,North Yorkshire Police,-1.089812,53.942659,On or near Clock Tower Way,E01013412,York 021C,Investigation complete; no suspect identified
074486202ccc47e233ef1c96e91e383deec4371a0d7c89510577ec40ca930930,2025-01,North Yorkshire Police,North Yorkshire Police,-1.080659,53.957060,On or near Castlegate,E01033070,York 013I,Unable to prosecute suspect
074486202ccc47e233ef1c96e91e383deec4371a0d7c89510577ec40ca930930,2025-01,North Yorkshire Police,North Yorkshire Police,-1.080659,53.957060,On or near Castlegate,E01033070,York 013I,Unable to prosecute suspect
074486202ccc47e233ef1c96e91e383deec4371a0d7c89510577ec40ca930930,2025-01,North Yorkshire Police,North Yorkshire Police,-1.080659,53.957060,On or near Castlegate,E01033070,York 013I,Unable to prosecute suspect
074486202ccc47e233ef1c96e91e383deec4371a0d7c89510577ec40ca930930,2025-01,North Yorkshire Police,North Yorkshire Police,-1.080659,53.957060,On or near Castlegate,E01033070,York 013I,Unable to prosecute suspect
259801bc31e777f71932de8413f15487729c63be4c9b5d76dc0c56db25e5d665,2025-01,North Yorkshire Police,North Yorkshire Police,-0.408715,54.277763,On or near Belgrave Terrace,E01027804,Scarborough 010A,Unable to prosecute suspect
259801bc31e777f71932de8413f15487729c63be4c9b5d76dc0c56db25e5d665,2025-01,North Yorkshire Police,North Yorkshire Police,-0.408715,54.277763,On or near Belgrave Terrace,E01027804,Scarborough 010A,Unable to prosecute suspect
b90c0598e3bafba161e793eb42bd02b51968878b6c110bafeb4b8bd0a0ede00e,2025-01,North Yorkshire Police,North Yorkshire Police,-1.765273,54.474513,On or near Parking Area,E01027752,Richmondshire 001C,Suspect charged
b90c0598e3bafba161e793eb42bd02b51968878b6c110bafeb4b8bd0a0ede00e,2025-01,North Yorkshire Police,North Yorkshire Police,-1.765273,54.474513,On or near Parking Area,E01027752,Richmondshire 001C,Suspect charged
b90c0598e3bafba161e793eb42bd02b51968878b6c110bafeb4b8bd0a0ede00e,2025-01,North Yorkshire Police,North Yorkshire Police,-1.765273,54.474513,On or near Parking Area,E01027752,Richmondshire 001C,Suspect charged
b90c0598e3bafba161e793eb42bd02b51968878b6c110bafeb4b8bd0a0ede00e,2025-01,North Yorkshire Police,North Yorkshire Police,-1.765273,54.474513,On or near Parking Area,E01027752,Richmondshire 001C,Suspect charged
313498bb8e266ed160022e0363b38ddc10a62bde743091deb4e5a9a53734fff0,2025-01,North Yorkshire Police,North Yorkshire Police,-1.064266,53.785744,On or near Bridge Court,E01027878,Selby 005A,Unable to prosecute suspect
fc972c27d337379883ec6df11e97c08269e2a707edd6992c89ae3b8a5706bf41,2025-01,North Yorkshire Police,North Yorkshire Police,-0.393231,54.285692,On or near Church Stairs Street,E01027805,Scarborough 006A,Suspect charged
fc972c27d337379883ec6df11e97c08269e2a707edd6992c89ae3b8a5706bf41,2025-01,North Yorkshire Police,North Yorkshire Police,-0.393231,54.285692,On or near Church Stairs Street,E01027805,Scarborough 006A,Suspect charged
5f01e23aacc37d6bf3418caceb7b6aba97fce8ebe5a108cb1693797d2c940fdd,2025-01,North Yorkshire Police,North Yorkshire Police,-1.545503,53.997906,On or near Springfield Mews,E01027677,Harrogate 015D,Unable to prosecute suspect
e1604402b0135621a4ee7946cfdb42908368905584e42134cf13a94a512334c3,2025-01,North Yorkshire Police,North Yorkshire Police,-1.062119,53.934797,On or near ,E01034761,York 023D,Unable to prosecute suspect
e1604402b0135621a4ee7946cfdb42908368905584e42134cf13a94a512334c3,2025-01,North Yorkshire Police,North Yorkshire Police,-1.062119,53.934797,On or near ,E01034761,York 023D,Unable to prosecute suspect
e0db548944c8875e187d1bf8f583f257d5bd9559615d2fe38e79c42c73206f1a,2025-01,North Yorkshire Police,North Yorkshire Police,-1.517112,54.137733,On or near Lickley Street,E01027705,Harrogate 004A,Unable to prosecute suspect
e0db548944c8875e187d1bf8f583f257d5bd9559615d2fe38e79c42c73206f1a,2025-01,North Yorkshire Police,North Yorkshire Police,-1.517112,54.137733,On or near Lickley Street,E01027705,Harrogate 004A,Unable to prosecute suspect
6698687983bd503d42ac9a46a159d517f8f86a4faa11a3abc71eab92465b92f1,2025-01,North Yorkshire Police,North Yorkshire Police,-0.435499,54.293249,On or near Fieldstead Crescent,E01027842,Scarborough 005A,Unable to prosecute suspect
6698687983bd503d42ac9a46a159d517f8f86a4faa11a3abc71eab92465b92f1,2025-01,North Yorkshire Police,North Yorkshire Police,-0.435499,54.293249,On or near Fieldstead Crescent,E01027842,Scarborough 005A,Unable to prosecute suspect
d9fdb26fb15e20f535db64a69e0861487743485263ced6f3ed98f730e7e98487,2025-01,North Yorkshire Police,North Yorkshire Police,-1.711027,54.361230,On or near Field Grove,E01027772,Richmondshire 004F,Further action is not in the public interest
781a7553b27fb52c494a9b8535361af93255f352f6836700c0baed5c8684ee9f,2025-01,North Yorkshire Police,North Yorkshire Police,-1.992534,53.915394,On or near Main Street,E01027555,Craven 008A,Unable to prosecute suspect
9c5411b9fdb80864ed57c417d84928501c5feab0d4d1e6974eb32f19ad878231,2025-01,North Yorkshire Police,North Yorkshire Police,-1.436382,54.330882,On or near Willow Road,E01027606,Hambleton 012E,Unable to prosecute suspect
c4b066e89805e276a4bb49b43eeb497d0054d1a0d8a8d5d0b404aeb7005ee35e,2025-01,North Yorkshire Police,North Yorkshire Police,-1.008401,53.959314,On or near ,E01013419,York 014C,Suspect charged
c4b066e89805e276a4bb49b43eeb497d0054d1a0d8a8d5d0b404aeb7005ee35e,2025-01,North Yorkshire Police,North Yorkshire Police,-1.008401,53.959314,On or near ,E01013419,York 014C,Suspect charged
706e760cae2aadfdd98f236de4c440fe9579aa43931c5860fb68a6126c1aeb65,2025-01,North Yorkshire Police,North Yorkshire Police,-1.089571,53.768753,On or near Petrol Station,E01027880,Selby 007B,Further investigation is not in the public interest
706e760cae2aadfdd98f236de4c440fe9579aa43931c5860fb68a6126c1aeb65,2025-01,North Yorkshire Police,North Yorkshire Police,-1.089571,53.768753,On or near Petrol Station,E01027880,Selby 007B,Further investigation is not in the public interest
356793c53c2170ab1c8430391e618cea4066e3b31752e7cec9315964bfe824a7,2025-01,North Yorkshire Police,North Yorkshire Police,-1.242333,53.756253,On or near Betteras Hill Road,E01027899,Selby 009D,Unable to prosecute suspect
356793c53c2170ab1c8430391e618cea4066e3b31752e7cec9315964bfe824a7,2025-01,North Yorkshire Police,North Yorkshire Police,-1.242333,53.756253,On or near Betteras Hill Road,E01027899,Selby 009D,Unable to prosecute suspect
b0dd27e3e26e877f4fb77ab977448354f9d7570ad918a5afa4986bbbbfa2d9c8,2025-01,North Yorkshire Police,North Yorkshire Police,-0.640826,54.486488,On or near Lilla Close,E01027839,Scarborough 001B,Unable to prosecute suspect
b0dd27e3e26e877f4fb77ab977448354f9d7570ad918a5afa4986bbbbfa2d9c8,2025-01,North Yorkshire Police,North Yorkshire Police,-0.640826,54.486488,On or near Lilla Close,E01027839,Scarborough 001B,Unable to prosecute suspect
30ce195362229ab3637b8649fb381a96c3b440fb4fb503db0cfd3aceccf3e20b,2025-01,North Yorkshire Police,North Yorkshire Police,-1.058633,53.778384,On or near Volta Street,E01027909,Selby 005E,Action to be taken by another organisation
6de5c73b9a420ad8cb6ddbf0887370888b3c59f24513aaeeb8ba21c69c439cd5,2025-01,North Yorkshire Police,North Yorkshire Police,-1.711027,54.361230,On or near Field Grove,E01027772,Richmondshire 004F,Further action is not in the public interest
0b3e3ab1a162e33bfdd399845f19a65c0526a65cbe2385e75b54e3a7ebf3330a,2025-01,North Yorkshire Police,North Yorkshire Police,-1.041635,54.027240,On or near Farriers Chase,E01013440,York 001D,Action to be taken by another organisation
c32d96ed8889982b2a517b7f3e876c6a4cd39c75958e266322e77b34e0dfa867,2025-01,North Yorkshire Police,North Yorkshire Police,-1.107127,53.955130,On or near Falconer Street,E01013395,York 016C,Suspect charged
c32d96ed8889982b2a517b7f3e876c6a4cd39c75958e266322e77b34e0dfa867,2025-01,North Yorkshire Police,North Yorkshire Police,-1.107127,53.955130,On or near Falconer Street,E01013395,York 016C,Suspect charged
ac33fecc2a4845855cefc718ce8a629e549889e47fb78ef0d0c4642df2f56ee0,2025-01,North Yorkshire Police,North Yorkshire Police,-0.403774,54.275262,On or near Grosvenor Crescent,E01027852,Scarborough 010B,Unable to prosecute suspect
ac33fecc2a4845855cefc718ce8a629e549889e47fb78ef0d0c4642df2f56ee0,2025-01,North Yorkshire Police,North Yorkshire Police,-0.403774,54.275262,On or near Grosvenor Crescent,E01027852,Scarborough 010B,Unable to prosecute suspect
ac33fecc2a4845855cefc718ce8a629e549889e47fb78ef0d0c4642df2f56ee0,2025-01,North Yorkshire Police,North Yorkshire Police,-0.403774,54.275262,On or near Grosvenor Crescent,E01027852,Scarborough 010B,Unable to prosecute suspect
ac33fecc2a4845855cefc718ce8a629e549889e47fb78ef0d0c4642df2f56ee0,2025-01,North Yorkshire Police,North Yorkshire Police,-0.403774,54.275262,On or near Grosvenor Crescent,E01027852,Scarborough 010B,Unable to prosecute suspect
ac33fecc2a4845855cefc718ce8a629e549889e47fb78ef0d0c4642df2f56ee0,2025-01,North Yorkshire Police,North Yorkshire Police,-0.403774,54.275262,On or near Grosvenor Crescent,E01027852,Scarborough 010B,Unable to prosecute suspect
d7a58598d0e8a616182210acd049a436f75ef1147606e8883ef33ea28a63003b,2025-01,North Yorkshire Police,North Yorkshire Police,-1.426784,54.362031,On or near Linen Way,E01027590,Hambleton 003A,Unable to prosecute suspect
c6bcb99f9b7b457a4c014a0affb38943620aed55286594bb096e59af3f7e77ce,2025-01,North Yorkshire Police,North Yorkshire Police,-1.058670,54.003628,On or near Abbots Gait,E01013408,York 004C,Unable to prosecute suspect
c6bcb99f9b7b457a4c014a0affb38943620aed55286594bb096e59af3f7e77ce,2025-01,North Yorkshire Police,North Yorkshire Police,-1.058670,54.003628,On or near Abbots Gait,E01013408,York 004C,Unable to prosecute suspect
69fd06ee0128ae4a86c4b09616338b71aaca1000b744683518c2fcbd559c3987,2025-01,North Yorkshire Police,North Yorkshire Police,-1.079659,53.790510,On or near St John Mews,E01027906,Selby 006B,Unable to prosecute suspect
ff5bb59489ec1c4284ae3f27869e1c5ec3343e70c958423b5824168c71ddb986,2025-01,North Yorkshire Police,North Yorkshire Police,-1.085422,53.962948,On or near A19,E01013366,York 013A,Suspect charged
ff5bb59489ec1c4284ae3f27869e1c5ec3343e70c958423b5824168c71ddb986,2025-01,North Yorkshire Police,North Yorkshire Police,-1.085422,53.962948,On or near A19,E01013366,York 013A,Suspect charged
ff5bb59489ec1c4284ae3f27869e1c5ec3343e70c958423b5824168c71ddb986,2025-01,North Yorkshire Police,North Yorkshire Police,-1.085422,53.962948,On or near A19,E01013366,York 013A,Suspect charged
d22eaadbb54e1e3c21306acc6dcbebc65205b6770fb3ac536727ecf71e5b072e,2025-01,North Yorkshire Police,North Yorkshire Police,-1.524376,54.007216,On or near Woodfield Road,E01027740,Harrogate 013F,Unable to prosecute suspect
d22eaadbb54e1e3c21306acc6dcbebc65205b6770fb3ac536727ecf71e5b072e,2025-01,North Yorkshire Police,North Yorkshire Police,-1.524376,54.007216,On or near Woodfield Road,E01027740,Harrogate 013F,Unable to prosecute suspect
d22eaadbb54e1e3c21306acc6dcbebc65205b6770fb3ac536727ecf71e5b072e,2025-01,North Yorkshire Police,North Yorkshire Police,-1.524376,54.007216,On or near Woodfield Road,E01027740,Harrogate 013F,Unable to prosecute suspect
d22eaadbb54e1e3c21306acc6dcbebc65205b6770fb3ac536727ecf71e5b072e,2025-01,North Yorkshire Police,North Yorkshire Police,-1.524376,54.007216,On or near Woodfield Road,E01027740,Harrogate 013F,Unable to prosecute suspect
c0fa01b0657df8253b818b531e4cb28ed9ad4e49d07cfa47d3613dfba5d3e8fe,2025-01,North Yorkshire Police,North Yorkshire Police,-0.419682,54.287794,On or near Long Walk,E01027850,Scarborough 007B,Unable to prosecute suspect
c0fa01b0657df8253b818b531e4cb28ed9ad4e49d07cfa47d3613dfba5d3e8fe,2025-01,North Yorkshire Police,North Yorkshire Police,-0.419682,54.287794,On or near Long Walk,E01027850,Scarborough 007B,Unable to prosecute suspect
5fdff9af6e54fc5dc434cef198259f297470dbd7c382efb4e319275a7887fe24,2025-01,North Yorkshire Police,North Yorkshire Police,-1.093194,53.954621,On or near Conference/Exhibition Centre,E01013416,York 013E,Unable to prosecute suspect
5fdff9af6e54fc5dc434cef198259f297470dbd7c382efb4e319275a7887fe24,2025-01,North Yorkshire Police,North Yorkshire Police,-1.093194,53.954621,On or near Conference/Exhibition Centre,E01013416,York 013E,Unable to prosecute suspect
5fdff9af6e54fc5dc434cef198259f297470dbd7c382efb4e319275a7887fe24,2025-01,North Yorkshire Police,North Yorkshire Police,-1.093194,53.954621,On or near Conference/Exhibition Centre,E01013416,York 013E,Unable to prosecute suspect
ec2dfb068b1da00293ee409c45047c398fa0876464f6cc41ae99b4f4aa58936f,2025-01,North Yorkshire Police,North Yorkshire Police,-1.087689,53.954094,On or near Nunnery Lane,E01013416,York 013E,Unable to prosecute suspect
bfce6e514faf7f52355d661e08fa63d289e0e9fbfb5d8dcc4c6717d39fae5d6b,2025-01,North Yorkshire Police,North Yorkshire Police,-1.072405,53.946490,On or near Police Station,E01013362,York 019C,Offender given a caution
bfce6e514faf7f52355d661e08fa63d289e0e9fbfb5d8dcc4c6717d39fae5d6b,2025-01,North Yorkshire Police,North Yorkshire Police,-1.072405,53.946490,On or near Police Station,E01013362,York 019C,Offender given a caution
26ee9627938a1c834d9ea3a6ea9b6ea6fe74cf448db8a406a5fbc20fac855aa9,2025-01,North Yorkshire Police,North Yorkshire Police,-1.118602,53.950801,On or near Queenswood Grove,E01013441,York 016E,Unable to prosecute suspect
26ee9627938a1c834d9ea3a6ea9b6ea6fe74cf448db8a406a5fbc20fac855aa9,2025-01,North Yorkshire Police,North Yorkshire Police,-1.118602,53.950801,On or near Queenswood Grove,E01013441,York 016E,Unable to prosecute suspect
86d553cd0aec8d5c8787fdbf4b1a05f03e90d351bdc708d9f62fa937a69ffef9,2025-01,North Yorkshire Police,North Yorkshire Police,-1.104513,53.964026,On or near Jubilee Terrace,E01013390,York 017A,Investigation complete; no suspect identified
c80a2266a94a08ff4c7d562f6ffe7ddfa55d665dbe7ac9954401f608ef1a8037,2025-01,North Yorkshire Police,North Yorkshire Police,-1.508856,53.993142,On or near Tyson Place,E01027651,Harrogate 013B,Suspect charged
c80a2266a94a08ff4c7d562f6ffe7ddfa55d665dbe7ac9954401f608ef1a8037,2025-01,North Yorkshire Police,North Yorkshire Police,-1.508856,53.993142,On or near Tyson Place,E01027651,Harrogate 013B,Suspect charged
dacb9ddac0c4ad96d6a6ba16ffa3649340241f0fe97519b4bfbbbd350625e19e,2025-01,North Yorkshire Police,North Yorkshire Police,-1.064969,53.928123,On or near Fordlands Road,E01034761,York 023D,Investigation complete; no suspect identified
d573f94b5231c936db14fb5f608c3af88f4a241dfd89672a8c0570d856b3fe2d,2025-01,North Yorkshire Police,North Yorkshire Police,-0.416851,54.238428,On or near ,E01027859,Scarborough 013D,Unable to prosecute suspect
d573f94b5231c936db14fb5f608c3af88f4a241dfd89672a8c0570d856b3fe2d,2025-01,North Yorkshire Police,North Yorkshire Police,-0.416851,54.238428,On or near ,E01027859,Scarborough 013D,Unable to prosecute suspect
892654f9016e3d00a81e2799208f45af59c92553097e8230906958cc9c84775b,2025-01,North Yorkshire Police,North Yorkshire Police,-1.094366,53.944833,On or near Knavesmire Crescent,E01013412,York 021C,Unable to prosecute suspect
892654f9016e3d00a81e2799208f45af59c92553097e8230906958cc9c84775b,2025-01,North Yorkshire Police,North Yorkshire Police,-1.094366,53.944833,On or near Knavesmire Crescent,E01013412,York 021C,Unable to prosecute suspect
67e747faf09a0784e1296e1ef3a2f08fc7c0f895f25c12c8d86fc73a75ebc1a1,2025-01,North Yorkshire Police,North Yorkshire Police,-1.073869,53.944344,On or near Fulford Road,E01013362,York 019C,Investigation complete; no suspect identified
b637a2d62bd21ff6d2098d0fc101f7aad404a29b25d52b1fe0ef4530f6f945fa,2025-01,North Yorkshire Police,North Yorkshire Police,-1.078129,53.972258,On or near Greenfields,E01013348,York 010A,Unable to prosecute suspect
b637a2d62bd21ff6d2098d0fc101f7aad404a29b25d52b1fe0ef4530f6f945fa,2025-01,North Yorkshire Police,North Yorkshire Police,-1.078129,53.972258,On or near Greenfields,E01013348,York 010A,Unable to prosecute suspect
03d820606ceb7b298cbb76d20251cf619fe122b9b2408dc39803ed0ecf7d8c7f,2025-01,North Yorkshire Police,North Yorkshire Police,-1.508856,53.993142,On or near Tyson Place,E01027651,Harrogate 013B,Suspect charged
03d820606ceb7b298cbb76d20251cf619fe122b9b2408dc39803ed0ecf7d8c7f,2025-01,North Yorkshire Police,North Yorkshire Police,-1.508856,53.993142,On or near Tyson Place,E01027651,Harrogate 013B,Suspect charged
7915ddbe92af3f18c90dfda0f07714e7986fa080a9c322c2326dab5b45a5ab48,2025-01,North Yorkshire Police,North Yorkshire Police,-1.977117,53.905676,On or near Parking Area,E01027565,Craven 008C,Unable to prosecute suspect
a07248bc27a310bf95a9bfe7ee1f35b0163f31a908afaac94e1426ce868ba2be,2025-01,North Yorkshire Police,North Yorkshire Police,-1.444819,53.951142,On or near Station Court,E01027725,Harrogate 021D,Investigation complete; no suspect identified
20a3c3e06504f38061ecb7dbe10d39b99005fceac72c40e871930c71a5332239,2025-01,North Yorkshire Police,North Yorkshire Police,-1.154154,53.706245,On or near Westfield Road,E01027889,Selby 010A,Unable to prosecute suspect
20a3c3e06504f38061ecb7dbe10d39b99005fceac72c40e871930c71a5332239,2025-01,North Yorkshire Police,North Yorkshire Police,-1.154154,53.706245,On or near Westfield Road,E01027889,Selby 010A,Unable to prosecute suspect
3a280ee773d36fc31cd73526a26cee44675c9218ed7cb3d982f94ec5fa794849,2025-01,North Yorkshire Police,North Yorkshire Police,-1.126216,53.941545,On or near Martin Cheeseman Court,E01013448,York 018F,Investigation complete; no suspect identified
badf9d65c8db54063bab141605d364799c0c914be11388eb9bb034cd17a73b65,2025-01,North Yorkshire Police,North Yorkshire Police,-1.253799,53.888801,On or near Meadow Way,E01027918,Selby 001A,Unable to prosecute suspect
badf9d65c8db54063bab141605d364799c0c914be11388eb9bb034cd17a73b65,2025-01,North Yorkshire Police,North Yorkshire Police,-1.253799,53.888801,On or near Meadow Way,E01027918,Selby 001A,Unable to prosecute suspect
b4a8813c037427d1638ad810c6dc75f6cf97e5e96ac6ef568aaada5945845154,2025-01,North Yorkshire Police,North Yorkshire Police,-1.509064,53.997520,On or near Century Walk,E01027648,Harrogate 014A,Unable to prosecute suspect
6c278ed0807b262158bf6e2eb30c23cf1ac689c8f99857eb1c4450f688c6ce2c,2025-01,North Yorkshire Police,North Yorkshire Police,-1.081996,53.959662,On or near ,E01013366,York 013A,Investigation complete; no suspect identified
2c29c3c1e52879bdc8e913bedd4766d72939a50a20eff583f837ca0d10b664bc,2025-01,North Yorkshire Police,North Yorkshire Police,-1.560312,53.980839,On or near Wharfedale Place,E01027719,Harrogate 020G,Unable to prosecute suspect
2c29c3c1e52879bdc8e913bedd4766d72939a50a20eff583f837ca0d10b664bc,2025-01,North Yorkshire Police,North Yorkshire Police,-1.560312,53.980839,On or near Wharfedale Place,E01027719,Harrogate 020G,Unable to prosecute suspect
a6cf1885522c54f6384b2b3fa5ebdac3a05fef05a35f49bbd7699a8f18a44e95,2025-01,North Yorkshire Police,North Yorkshire Police,-1.078993,53.955888,On or near Parking Area,E01033070,York 013I,Investigation complete; no suspect identified
8050d1bb73ff48e6e23724f3c336fada1ac78bf391904463c5f658cb17214d46,2025-01,North Yorkshire Police,North Yorkshire Police,-1.124898,53.946290,On or near Clay Place,E01013443,York 018B,Unable to prosecute suspect
8050d1bb73ff48e6e23724f3c336fada1ac78bf391904463c5f658cb17214d46,2025-01,North Yorkshire Police,North Yorkshire Police,-1.124898,53.946290,On or near Clay Place,E01013443,York 018B,Unable to prosecute suspect
fe22b7504b0e33893d820958c2bde04d86b35ca402dacdd7463ddbb11e00c283,2025-01,North Yorkshire Police,North Yorkshire Police,-1.107127,53.955130,On or near Falconer Street,E01013395,York 016C,Investigation complete; no suspect identified
f66f9cacc95244423a5a9134357471fee5c420d38e1059079f7292684121f29f,2025-01,North Yorkshire Police,North Yorkshire Police,-0.399393,54.239681,On or near Burnside,E01027817,Scarborough 012A,Unable to prosecute suspect
9d46302bb661d3a99094a8dfaf20483c52a6b5dfc52292fa6934507b81a096fc,2025-01,North Yorkshire Police,North Yorkshire Police,-0.395787,54.285951,On or near St Mary's Walk,E01027805,Scarborough 006A,Unable to prosecute suspect
7eea1a937fb3fa6c5386a8312477eb7bd60a7df74d1c3b3aea8b97b748822d95,2025-01,North Yorkshire Police,North Yorkshire Police,-2.033832,53.982447,On or near Parking Area,E01027562,Craven 009C,Investigation complete; no suspect identified
12dc25e43c292d438c5f79c3078e7817aea93e71844c900fc2ca1bfff82872ae,2025-01,North Yorkshire Police,North Yorkshire Police,-0.977783,53.767583,On or near Church View,E01027896,Selby 008D,Unable to prosecute suspect
664cef9c722632fc20fc8a1d41141c6a085da562ca7cc0a08798bfad62ea7e92,2025-01,North Yorkshire Police,North Yorkshire Police,-0.401702,54.287530,On or near Clarence Road,E01027847,Scarborough 006D,Suspect charged
664cef9c722632fc20fc8a1d41141c6a085da562ca7cc0a08798bfad62ea7e92,2025-01,North Yorkshire Police,North Yorkshire Police,-0.401702,54.287530,On or near Clarence Road,E01027847,Scarborough 006D,Suspect charged
3e34d18a41318252ec141ee384b2f9babc73d39369d44f0f0dd180a44535f882,2025-01,North Yorkshire Police,North Yorkshire Police,-0.401702,54.287530,On or near Clarence Road,E01027847,Scarborough 006D,Suspect charged
3e34d18a41318252ec141ee384b2f9babc73d39369d44f0f0dd180a44535f882,2025-01,North Yorkshire Police,North Yorkshire Police,-0.401702,54.287530,On or near Clarence Road,E01027847,Scarborough 006D,Suspect charged
3ddb2845fb79100e5206ca49f68fc5fa01f296802765baa601a01833c9f41bb0,2025-01,North Yorkshire Police,North Yorkshire Police,-1.091254,53.970245,On or near Lumley Road,E01013345,York 009B,Investigation complete; no suspect identified
cbab8fa2d47d1fc8dfb470e567ec41b9ecb867f4766eefa0e716d8f1df33de86,2025-01,North Yorkshire Police,North Yorkshire Police,-1.616926,54.395794,On or near Westfields,E01027745,Richmondshire 003A,Unable to prosecute suspect
5f7b7c5bc4393a2e839c7b13e938ad0dc456f5500acc5d864c70cf212e018736,2025-01,North Yorkshire Police,North Yorkshire Police,-1.528133,54.005604,On or near Alder Road,E01027740,Harrogate 013F,Unable to prosecute suspect
5f7b7c5bc4393a2e839c7b13e938ad0dc456f5500acc5d864c70cf212e018736,2025-01,North Yorkshire Police,North Yorkshire Police,-1.528133,54.005604,On or near Alder Road,E01027740,Harrogate 013F,Unable to prosecute suspect
b2768d3b784572cfaea7a355ff0b5816b6317db2569310e13dce610ab5582079,2025-01,North Yorkshire Police,North Yorkshire Police,-1.038994,53.807719,On or near Turnhead Court,E01027877,Selby 003B,Unable to prosecute suspect
6c9326a75890d95f6b3b658e6af050018147ff7ef7f39446c81e266450468090,2025-01,North Yorkshire Police,North Yorkshire Police,-1.092428,53.954804,On or near Blossom Street,E01013416,York 013E,Investigation complete; no suspect identified
7b06793ae7fa9734316c487a6f71cc06286c4e66498a40ffe5cb8ef5b3589899,2025-01,North Yorkshire Police,North Yorkshire Police,-1.535765,53.995685,On or near Back Dragon Parade,E01027659,Harrogate 015C,Suspect charged
7b06793ae7fa9734316c487a6f71cc06286c4e66498a40ffe5cb8ef5b3589899,2025-01,North Yorkshire Police,North Yorkshire Police,-1.535765,53.995685,On or near Back Dragon Parade,E01027659,Harrogate 015C,Suspect charged
0c8bce849b82cddc98c662291685886b4bea71559427b93980b7901170c7d42e,2025-01,North Yorkshire Police,North Yorkshire Police,-1.535765,53.995685,On or near Back Dragon Parade,E01027659,Harrogate 015C,Suspect charged
0c8bce849b82cddc98c662291685886b4bea71559427b93980b7901170c7d42e,2025-01,North Yorkshire Police,North Yorkshire Police,-1.535765,53.995685,On or near Back Dragon Parade,E01027659,Harrogate 015C,Suspect charged
70fa106d9f2b7fbe8b878de84351fcd6f62053cdc1871a4a3805fda35642f73d,2025-01,North Yorkshire Police,North Yorkshire Police,-0.401702,54.287530,On or near Clarence Road,E01027847,Scarborough 006D,Suspect charged
70fa106d9f2b7fbe8b878de84351fcd6f62053cdc1871a4a3805fda35642f73d,2025-01,North Yorkshire Police,North Yorkshire Police,-0.401702,54.287530,On or near Clarence Road,E01027847,Scarborough 006D,Suspect charged
7ab9ba5b5a8b6319108b744759a5d0dd0f161090c8c9234bac9d3342d014a2e4,2025-01,North Yorkshire Police,North Yorkshire Police,-1.078605,53.958303,On or near Fossgate,E01033070,York 013I,Investigation complete; no suspect identified
7b1ca9a97ada81a6f664d3edd13bd0418133d4aca50ce146bb128791515a40e6,2025-01,North Yorkshire Police,North Yorkshire Police,-1.038994,53.807719,On or near Turnhead Court,E01027877,Selby 003B,Unable to prosecute suspect
88c0492daf5a6943be7ca8ab47bdd8be5dca8bec3b3921d69558ada87f53510e,2025-01,North Yorkshire Police,North Yorkshire Police,-1.082827,53.961067,On or near Shopping Area,E01013366,York 013A,Investigation complete; no suspect identified
88c0492daf5a6943be7ca8ab47bdd8be5dca8bec3b3921d69558ada87f53510e,2025-01,North Yorkshire Police,North Yorkshire Police,-1.082827,53.961067,On or near Shopping Area,E01013366,York 013A,Investigation complete; no suspect identified
88c0492daf5a6943be7ca8ab47bdd8be5dca8bec3b3921d69558ada87f53510e,2025-01,North Yorkshire Police,North Yorkshire Police,-1.082827,53.961067,On or near Shopping Area,E01013366,York 013A,Investigation complete; no suspect identified
b3fc0091a300be8804e4927f1bdd5d8400c746061eeb55891ebee3268fd55cab,2025-01,North Yorkshire Police,North Yorkshire Police,-1.106235,53.985404,On or near Thornton Moor Close,E01013433,York 007D,Unable to prosecute suspect
d6b4dc72123b3fec95117367d67a1e02d0101d8678d94bd4bb32cfeee9881b56,2025-01,North Yorkshire Police,North Yorkshire Police,-1.099348,53.917924,On or near Melton Drive,E01013341,York 024B,Unable to prosecute suspect
04848fc9c0c1fef1f0a0fb4f76efd1e374d44d9acf6f108f37e248b6312a52d2,2025-01,North Yorkshire Police,North Yorkshire Police,-1.084041,53.964079,On or near Gillygate,E01013366,York 013A,Suspect charged
04848fc9c0c1fef1f0a0fb4f76efd1e374d44d9acf6f108f37e248b6312a52d2,2025-01,North Yorkshire Police,North Yorkshire Police,-1.084041,53.964079,On or near Gillygate,E01013366,York 013A,Suspect charged
ed2be3aa6980001d99c61953cf25345fde1a020fe41b1b7202523bb6c4c85aa6,2025-01,North Yorkshire Police,North Yorkshire Police,-1.531530,54.004656,On or near Albany Avenue,E01027740,Harrogate 013F,Suspect charged
ed2be3aa6980001d99c61953cf25345fde1a020fe41b1b7202523bb6c4c85aa6,2025-01,North Yorkshire Police,North Yorkshire Police,-1.531530,54.004656,On or near Albany Avenue,E01027740,Harrogate 013F,Suspect charged
5960a3e4338659780bbc6b068ebae95d19f205a3598ba3b3022642c668a25a42,2025-01,North Yorkshire Police,North Yorkshire Police,-1.247384,53.800354,On or near Springfield Road,E01027916,Selby 004D,Suspect charged
5960a3e4338659780bbc6b068ebae95d19f205a3598ba3b3022642c668a25a42,2025-01,North Yorkshire Police,North Yorkshire Police,-1.247384,53.800354,On or near Springfield Road,E01027916,Selby 004D,Suspect charged
8ddbea5aa7bad66e77f30ce2cd53e37b788fd720860d296bc98b48ef5db0b569,2025-01,North Yorkshire Police,North Yorkshire Police,-1.247384,53.800354,On or near Springfield Road,E01027916,Selby 004D,Suspect charged
8ddbea5aa7bad66e77f30ce2cd53e37b788fd720860d296bc98b48ef5db0b569,2025-01,North Yorkshire Police,North Yorkshire Police,-1.247384,53.800354,On or near Springfield Road,E01027916,Selby 004D,Suspect charged
405e111fc360e452cdb0b6cb787755c12234bc2a6c58dd9ddaf9003fdd726f3b,2025-01,North Yorkshire Police,North Yorkshire Police,-1.072492,53.957006,On or near Navigation Road,E01033070,York 013I,Unable to prosecute suspect
405e111fc360e452cdb0b6cb787755c12234bc2a6c58dd9ddaf9003fdd726f3b,2025-01,North Yorkshire Police,North Yorkshire Police,-1.072492,53.957006,On or near Navigation Road,E01033070,York 013I,Unable to prosecute suspect
d299dfaaf86528d0d7fc4814db50b785a73daedcb8c1882c51a37eb619af13da,2025-01,North Yorkshire Police,North Yorkshire Police,-1.819875,54.311203,On or near Bishopdale Close,E01033185,Richmondshire 006F,Unable to prosecute suspect
ded1f0175027ac70305a920620497a658098c4200bc68014e8935ab3b13b7896,2025-01,North Yorkshire Police,North Yorkshire Police,-1.079084,53.960778,On or near Granary Court,E01013369,York 013C,Investigation complete; no suspect identified
431ada4b43a3f01094ade59c535831e8edde4dffefa1e3647798af416e81fcd5,2025-01,North Yorkshire Police,North Yorkshire Police,-1.541525,53.997549,On or near Parking Area,E01027677,Harrogate 015D,Unable to prosecute suspect
f01dadff078271829b3740e61db2e21101657f62ce19a91960f5e8250f8912a7,2025-01,North Yorkshire Police,North Yorkshire Police,-1.097064,53.972276,On or near Lister Way,E01013346,York 007B,Investigation complete; no suspect identified
3a3b185595612ebc78dfa142f58de70daa830004d925de531b719a05d047a6c4,2025-01,North Yorkshire Police,North Yorkshire Police,-1.249177,53.790046,On or near Bartlett Way,E01027915,Selby 004C,Further investigation is not in the public interest
1bf6c68a9f5b4a3a9fe6710a0e5bdcec3e7590bf0c126d2feb688c905ae8002c,2025-01,North Yorkshire Police,North Yorkshire Police,-1.529602,54.005143,On or near Elm Road,E01027740,Harrogate 013F,Suspect charged
1bf6c68a9f5b4a3a9fe6710a0e5bdcec3e7590bf0c126d2feb688c905ae8002c,2025-01,North Yorkshire Police,North Yorkshire Police,-1.529602,54.005143,On or near Elm Road,E01027740,Harrogate 013F,Suspect charged
320f3c75e0adccc0a3e993c2f065f07b595a23adf3c1e8fb57179ee64bbbadc3,2025-01,North Yorkshire Police,North Yorkshire Police,-0.398815,54.280742,On or near St Nicholas Cliff,E01027804,Scarborough 010A,Unable to prosecute suspect
59c721030b450d1cc0a27d7f9a7931e244194f7429db7ac33e876a27ecf13e2e,2025-01,North Yorkshire Police,North Yorkshire Police,-1.419285,54.333955,On or near Knotto Bottom Close,E01027609,Hambleton 012D,Unable to prosecute suspect
6991f477eed98c04523e8ad02831e79f4522b6a382fefcaac9e1b07193514e83,2025-01,North Yorkshire Police,North Yorkshire Police,-1.082339,53.957862,On or near ,E01033070,York 013I,Unable to prosecute suspect
410e8d497dac10bba4912c946558f9e3ae6fcb3223b82627b5273fc4c0274821,2025-01,North Yorkshire Police,North Yorkshire Police,-1.028468,53.948911,On or near Further/Higher Educational Building,E01013378,York 023B,Investigation complete; no suspect identified
8892926dc4ff683b68ecc96ce7dceb1f71be254017998fb85ebb0b3e96650692,2025-01,North Yorkshire Police,North Yorkshire Police,-1.084601,53.960793,On or near Blake Street,E01013366,York 013A,Unable to prosecute suspect
96dfd7feb967b2befb43dbb9ed0445f12ed7ffa6b6fca58b3d11953c08eaafc9,2025-01,North Yorkshire Police,North Yorkshire Police,-0.402881,54.275708,On or near Ramshill Road,E01027854,Scarborough 010D,Unable to prosecute suspect
b2afd3eda55e134a751b86d698cba2e3eec73d400c629491862d482f16574419,2025-01,North Yorkshire Police,North Yorkshire Police,-1.540195,53.999261,On or near King's Road,E01027677,Harrogate 015D,Unable to prosecute suspect
9781931bed6c2c13bbe9b88be2a03be2fd09c012e3e797ffb4f1da0fe4513266,2025-01,North Yorkshire Police,North Yorkshire Police,-1.131720,53.951589,On or near Bachelor Hill,E01013445,York 016F,Unable to prosecute suspect
0df1638e10ec403c33afd91253046810ed557e4df780116826447b6a63a23269,2025-01,North Yorkshire Police,North Yorkshire Police,-1.084601,53.960793,On or near Blake Street,E01013366,York 013A,Investigation complete; no suspect identified
ccbf740812abda6620f3a48bcba1ed38849335599be4e64444466bd786eb1567,2025-01,North Yorkshire Police,North Yorkshire Police,-1.049464,53.959091,On or near Supermarket,E01013401,York 015E,Suspect charged
ccbf740812abda6620f3a48bcba1ed38849335599be4e64444466bd786eb1567,2025-01,North Yorkshire Police,North Yorkshire Police,-1.049464,53.959091,On or near Supermarket,E01013401,York 015E,Suspect charged
70d7db1e2ad43873a7658bafea0658486d4172d60b81337c9d6a7bd063f27611,2025-01,North Yorkshire Police,North Yorkshire Police,-1.079084,53.960778,On or near Granary Court,E01013369,York 013C,Investigation complete; no suspect identified
5a00c2628ef85af5e2b61d44b8de0338d74816c43b82e9285d23421ea8b35618,2025-01,North Yorkshire Police,North Yorkshire Police,-0.433360,54.281177,On or near Quaker Close,E01027873,Scarborough 009F,Unable to prosecute suspect
06bdf2db35ff30ca308c0b35e2eed4d6f039fd039facd783756910776fcc4eee,2025-01,North Yorkshire Police,North Yorkshire Police,-0.627574,54.470106,On or near Ruswarp,E01027838,Scarborough 003A,Investigation complete; no suspect identified
057a7a373baf4f4ea52d47b864b662dd912bebf1624e8b116a8bad4993bb5fc8,2025-01,North Yorkshire Police,North Yorkshire Police,-0.407259,54.281276,On or near Police Station,E01027812,Scarborough 008C,Suspect charged
057a7a373baf4f4ea52d47b864b662dd912bebf1624e8b116a8bad4993bb5fc8,2025-01,North Yorkshire Police,North Yorkshire Police,-0.407259,54.281276,On or near Police Station,E01027812,Scarborough 008C,Suspect charged
b30b24d652b7a1694e5bd2c763a7b5735283e723d8d9d7bb26d628a91d2beaa0,2025-01,North Yorkshire Police,North Yorkshire Police,-1.565865,54.005495,On or near Ely Close,E01027720,Harrogate 011C,Investigation complete; no suspect identified
b80873c519c00053ded2d6293fd0acf0bc487c8cc2cee663503235103a767475,2025-01,North Yorkshire Police,North Yorkshire Police,-1.061590,53.956544,On or near Fieldside Place,E01013399,York 015C,Unable to prosecute suspect
b80873c519c00053ded2d6293fd0acf0bc487c8cc2cee663503235103a767475,2025-01,North Yorkshire Police,North Yorkshire Police,-1.061590,53.956544,On or near Fieldside Place,E01013399,York 015C,Unable to prosecute suspect
6443869ce03f9694d85302b5e22aa294d498999a0ef89324cadd702542393bad,2025-01,North Yorkshire Police,North Yorkshire Police,-1.119360,53.966149,On or near Prior's Walk,E01013392,York 012F,Investigation complete; no suspect identified
b79efb250fd775acd8efd08bd2b230274149a902efe8dc62a8da3952448e55fb,2025-01,North Yorkshire Police,North Yorkshire Police,-1.108407,54.102865,On or near Main Street,E01027622,Hambleton 010E,Unable to prosecute suspect
c1486933787774fe104f3fd7d7578ff4feed16f5ed73bdbfd7271f1856ab383b,2025-01,North Yorkshire Police,North Yorkshire Police,-1.113661,54.103227,On or near High Street,E01027622,Hambleton 010E,Unable to prosecute suspect
c97a7346f254bb3cdfecaf94db986deedff15da03ba2dbf7d384a65ccf163fe3,2025-01,North Yorkshire Police,North Yorkshire Police,-1.069983,53.979349,On or near Foss Court,E01013406,York 005B,Unable to prosecute suspect
c97a7346f254bb3cdfecaf94db986deedff15da03ba2dbf7d384a65ccf163fe3,2025-01,North Yorkshire Police,North Yorkshire Police,-1.069983,53.979349,On or near Foss Court,E01013406,York 005B,Unable to prosecute suspect
b0f950a08a8f41bca999e75017dc07d7c4c625fc5597bc3b8820c37e5ac511c0,2025-01,North Yorkshire Police,North Yorkshire Police,-1.074271,53.963375,On or near Supermarket,E01013369,York 013C,Investigation complete; no suspect identified
29a58ab6b36b3ee1f0d16626d265f9978f224bea581a6b00b254602e692555ad,2025-01,North Yorkshire Police,North Yorkshire Police,-1.783667,54.269344,On or near Braithwaite Lane,E01027760,Richmondshire 006E,Investigation complete; no suspect identified
68b86262e11274a767f30a8b380c64f4f26e9eb297105926e9df1b17e5f857cc,2025-01,North Yorkshire Police,North Yorkshire Police,-1.349714,54.236222,On or near Westlands Lane,E01027630,Hambleton 008B,Offender given a caution
68b86262e11274a767f30a8b380c64f4f26e9eb297105926e9df1b17e5f857cc,2025-01,North Yorkshire Police,North Yorkshire Police,-1.349714,54.236222,On or near Westlands Lane,E01027630,Hambleton 008B,Offender given a caution
3a41b82d6ec30a0f363b07bb1e67cc8703c11bc31d3bd8fe97e45852c2a2e0b5,2025-01,North Yorkshire Police,North Yorkshire Police,-1.075956,53.959559,On or near Dundas Street,E01033070,York 013I,Unable to prosecute suspect
cc79cf5050c06b78d1a451b7bcbb55e18b5abbb7bac359836df95d79f4c67b0c,2025-01,North Yorkshire Police,North Yorkshire Police,-1.112542,53.706097,On or near Wand Lane,E01027924,Selby 010D,Investigation complete; no suspect identified
5d0329780d9a0358b15722bad8ae18891c08a80cdc07af95df13ee6f19b50dcd,2025-01,North Yorkshire Police,North Yorkshire Police,-1.525059,54.000856,On or near Claro Avenue,E01027649,Harrogate 013A,Unable to prosecute suspect
5d0329780d9a0358b15722bad8ae18891c08a80cdc07af95df13ee6f19b50dcd,2025-01,North Yorkshire Police,North Yorkshire Police,-1.525059,54.000856,On or near Claro Avenue,E01027649,Harrogate 013A,Unable to prosecute suspect
3179c4212570d641a674d56dc9ef2ba873216f1a6ec447350ce87946015d345b,2025-01,North Yorkshire Police,North Yorkshire Police,-1.080451,53.958919,On or near Shopping Area,E01033070,York 013I,Local resolution
d3ce6a32a0069e867ed81de03dffba8f721e29ba090a458d298cf67aad672d4a,2025-01,North Yorkshire Police,North Yorkshire Police,-0.415633,54.260794,On or near Shopping Area,E01027825,Scarborough 009B,Unable to prosecute suspect
83afa7a313263bbe37e4132acba4a17e9e906ccbe41d3ad87a5ee82390ef7ea4,2025-01,North Yorkshire Police,North Yorkshire Police,-1.079597,53.956836,On or near Shopping Area,E01033070,York 013I,Local resolution
270fa732c4881048b19cd9a8e96e7feb78984a613bb3bf94cf4e93532f6c1a59,2025-01,North Yorkshire Police,North Yorkshire Police,-1.083246,53.958528,On or near ,E01013366,York 013A,Local resolution
ed2ec0609456a36bf79bab979a744b9f33c2ec80e190bae2d1a2bad425771bca,2025-01,North Yorkshire Police,North Yorkshire Police,-1.059383,53.774713,On or near Lowther Drive,E01034981,Selby 005I,Unable to prosecute suspect
ed2ec0609456a36bf79bab979a744b9f33c2ec80e190bae2d1a2bad425771bca,2025-01,North Yorkshire Police,North Yorkshire Police,-1.059383,53.774713,On or near Lowther Drive,E01034981,Selby 005I,Unable to prosecute suspect
6a701cc58f9bc8535b52824b04396aa34e4cd476275451da598593ebb323d6b8,2025-01,North Yorkshire Police,North Yorkshire Police,-1.083246,53.958528,On or near ,E01013366,York 013A,Local resolution
25562d75471edf8ae908b47d86d54c02920c89fda2072fe5c9895d91c8ceec63,2025-01,North Yorkshire Police,North Yorkshire Police,-0.607576,54.478712,On or near Abbot's Road,E01027864,Scarborough 003B,Investigation complete; no suspect identified
34c1e5ce991ab67d502594451fcbad9f5853e62a057c715f4de087e3eb3fed44,2025-01,North Yorkshire Police,North Yorkshire Police,-1.084118,53.959281,On or near ,E01033070,York 013I,Investigation complete; no suspect identified
f4e37b4843cafe44085337870095a4fd889f418cce8b41684fd030b55b03d767,2025-01,North Yorkshire Police,North Yorkshire Police,-1.062726,53.965685,On or near East Parade,E01013380,York 008B,Unable to prosecute suspect
f4e37b4843cafe44085337870095a4fd889f418cce8b41684fd030b55b03d767,2025-01,North Yorkshire Police,North Yorkshire Police,-1.062726,53.965685,On or near East Parade,E01013380,York 008B,Unable to prosecute suspect
195b6ffb284614406fff54d6d2f3cc504bbe12d687117466e125d92808f9aac1,2025-01,North Yorkshire Police,North Yorkshire Police,-1.102133,53.954922,On or near Enfield Crescent,E01013391,York 017B,Unable to prosecute suspect
18b4747a1e427770b9bd11912e09abba58262ebab151ae4b77a2bfe826ae53d6,2025-01,North Yorkshire Police,North Yorkshire Police,-1.431782,54.337709,On or near Supermarket,E01027608,Hambleton 013B,Unable to prosecute suspect
18b4747a1e427770b9bd11912e09abba58262ebab151ae4b77a2bfe826ae53d6,2025-01,North Yorkshire Police,North Yorkshire Police,-1.431782,54.337709,On or near Supermarket,E01027608,Hambleton 013B,Unable to prosecute suspect
948ea3980bf3c3abc52349f659d33f64f6ccaa9ec66e47dcb52bf58722abe585,2025-01,North Yorkshire Police,North Yorkshire Police,-0.446408,54.232818,On or near Ratten Row,E01027859,Scarborough 013D,Unable to prosecute suspect
948ea3980bf3c3abc52349f659d33f64f6ccaa9ec66e47dcb52bf58722abe585,2025-01,North Yorkshire Police,North Yorkshire Police,-0.446408,54.232818,On or near Ratten Row,E01027859,Scarborough 013D,Unable to prosecute suspect
3a885fe02b25e096d95756fbfe93e88142c4675612c2ff846331e1a15cfc0d66,2025-01,North Yorkshire Police,North Yorkshire Police,-2.534835,54.119365,On or near Harley Close,E01027558,Craven 001A,Investigation complete; no suspect identified
f08fedb989b5b8c5f27f50f1a1de1752b4104d17117dcdb7d8c05c64a0972926,2025-01,North Yorkshire Police,North Yorkshire Police,-1.091223,53.960430,On or near Parking Area,E01033068,York 013G,Investigation complete; no suspect identified
a01a1935edfd44dcf94f6e5be4ad7ab7d8a6ab250cc4018d09a49e56aaaf41fd,2025-01,North Yorkshire Police,North Yorkshire Police,-1.690676,54.378597,On or near Constantine Avenue,E01034966,Richmondshire 004J,Unable to prosecute suspect
c43260bf386d15b5d8eb931d88c9a80d079877b2876a192cdcaf665c4500c635,2025-01,North Yorkshire Police,North Yorkshire Police,-1.690855,54.381357,On or near Sayers Wynd,E01027749,Richmondshire 004A,Unable to prosecute suspect
5f4b3d47286db71853be45c6056231ececf68795d0a0eb9dab05be0dbd7d6fec,2025-01,North Yorkshire Police,North Yorkshire Police,-0.408715,54.277763,On or near Belgrave Terrace,E01027804,Scarborough 010A,Unable to prosecute suspect
5f4b3d47286db71853be45c6056231ececf68795d0a0eb9dab05be0dbd7d6fec,2025-01,North Yorkshire Police,North Yorkshire Police,-0.408715,54.277763,On or near Belgrave Terrace,E01027804,Scarborough 010A,Unable to prosecute suspect
9cbadd7656094d620cb08884f0c0faa0322c115edaaf179f79009d7ade9e2862,2025-01,North Yorkshire Police,North Yorkshire Police,-1.083087,53.957537,On or near Low Ousegate,E01013366,York 013A,Unable to prosecute suspect
7a53376ae86a4c5c94b67d7677540e3942ebebdc4ff07cbe5abd6b89f58f150b,2025-01,North Yorkshire Police,North Yorkshire Police,-1.431782,54.337709,On or near Supermarket,E01027608,Hambleton 013B,Suspect charged
7a53376ae86a4c5c94b67d7677540e3942ebebdc4ff07cbe5abd6b89f58f150b,2025-01,North Yorkshire Police,North Yorkshire Police,-1.431782,54.337709,On or near Supermarket,E01027608,Hambleton 013B,Suspect charged
64f063e2b616b37864e7e14f1f6d3892cce7370e79343da893d737da8ca91968,2025-01,North Yorkshire Police,North Yorkshire Police,-2.283670,54.070222,On or near Mill Close,E01027572,Craven 003C,Unable to prosecute suspect
b8ec49f85e602ba68d85760ae49cd9c2aa9d42e1005446b08668205ba53fe370,2025-01,North Yorkshire Police,North Yorkshire Police,-1.155467,53.979198,On or near Beech Grove,E01013426,York 011C,Unable to prosecute suspect
67f06ac9c83add005f476a5aec50c67c867d53d5e2158d0b47cd53e04dad273d,2025-01,North Yorkshire Police,North Yorkshire Police,-0.757424,54.533741,On or near Nettledale Close,E01027840,Scarborough 002C,Unable to prosecute suspect
6509f09a79a3e658c08d2064005b1c2f38ba39a1b0a3b5dce95e30d8339a3c45,2025-01,North Yorkshire Police,North Yorkshire Police,-0.614035,54.486255,On or near Angel Yard,E01034972,Scarborough 001F,Unable to prosecute suspect
6509f09a79a3e658c08d2064005b1c2f38ba39a1b0a3b5dce95e30d8339a3c45,2025-01,North Yorkshire Police,North Yorkshire Police,-0.614035,54.486255,On or near Angel Yard,E01034972,Scarborough 001F,Unable to prosecute suspect
34488e3bef0e5e8a601e09ba5c227a9fecf1526451abb4454d86e7f814c0f620,2025-01,North Yorkshire Police,North Yorkshire Police,-1.523357,54.137776,On or near Nightclub,E01027706,Harrogate 004B,Unable to prosecute suspect
34488e3bef0e5e8a601e09ba5c227a9fecf1526451abb4454d86e7f814c0f620,2025-01,North Yorkshire Police,North Yorkshire Police,-1.523357,54.137776,On or near Nightclub,E01027706,Harrogate 004B,Unable to prosecute suspect
93b3d086e5f5dd224ae9fe122c53ef97a7305f10469b9cc2db415e221fc1be28,2025-01,North Yorkshire Police,North Yorkshire Police,-1.424785,54.337666,On or near Valley Road,E01027608,Hambleton 013B,Unable to prosecute suspect
93b3d086e5f5dd224ae9fe122c53ef97a7305f10469b9cc2db415e221fc1be28,2025-01,North Yorkshire Police,North Yorkshire Police,-1.424785,54.337666,On or near Valley Road,E01027608,Hambleton 013B,Unable to prosecute suspect
1264cda13360ac59c61d61db49c904e89ea6f821515e89c389285c7612450b3e,2025-01,North Yorkshire Police,North Yorkshire Police,-1.256852,53.723338,On or near Grey Fold,E01027891,Selby 009A,Unable to prosecute suspect
1264cda13360ac59c61d61db49c904e89ea6f821515e89c389285c7612450b3e,2025-01,North Yorkshire Police,North Yorkshire Police,-1.256852,53.723338,On or near Grey Fold,E01027891,Selby 009A,Unable to prosecute suspect
24dd5f0a14efd802087d44845cd8fdb746a1ed935ccb21416629be1bce15918a,2025-01,North Yorkshire Police,North Yorkshire Police,-1.497602,54.090531,On or near St John's Road,E01027643,Harrogate 003A,Unable to prosecute suspect
24dd5f0a14efd802087d44845cd8fdb746a1ed935ccb21416629be1bce15918a,2025-01,North Yorkshire Police,North Yorkshire Police,-1.497602,54.090531,On or near St John's Road,E01027643,Harrogate 003A,Unable to prosecute suspect
1c3e92cea3205e327486bd0681c375ce4606cbe2448df2ea4d466e257d33c5ce,2025-01,North Yorkshire Police,North Yorkshire Police,-1.083087,53.957537,On or near Low Ousegate,E01013366,York 013A,Investigation complete; no suspect identified
af7bed4f5920716689a4c6afcee879db8bc45bac0c71cc9c0c24aafbc6adf748,2025-01,North Yorkshire Police,North Yorkshire Police,-1.071475,53.956109,On or near Speculation Street,E01033067,York 013F,Unable to prosecute suspect
af7bed4f5920716689a4c6afcee879db8bc45bac0c71cc9c0c24aafbc6adf748,2025-01,North Yorkshire Police,North Yorkshire Police,-1.071475,53.956109,On or near Speculation Street,E01033067,York 013F,Unable to prosecute suspect
59578440cf52cefe3aab4d45f6332fee258f6e3f1954c78819ed19d24928a7fa,2025-01,North Yorkshire Police,North Yorkshire Police,-0.365257,54.239399,On or near ,E01027807,Scarborough 011A,Unable to prosecute suspect
dae62bd511f44f3f47c5a0aa6135726ca16dda90a41980c7886955804ed4d57d,2025-01,North Yorkshire Police,North Yorkshire Police,-1.433721,54.339324,On or near Shopping Area,E01027608,Hambleton 013B,Unable to prosecute suspect
dae62bd511f44f3f47c5a0aa6135726ca16dda90a41980c7886955804ed4d57d,2025-01,North Yorkshire Police,North Yorkshire Police,-1.433721,54.339324,On or near Shopping Area,E01027608,Hambleton 013B,Unable to prosecute suspect
dae62bd511f44f3f47c5a0aa6135726ca16dda90a41980c7886955804ed4d57d,2025-01,North Yorkshire Police,North Yorkshire Police,-1.433721,54.339324,On or near Shopping Area,E01027608,Hambleton 013B,Unable to prosecute suspect
9c79519e28cfb26d635a566849de94d760b277c1fb0dda5cd82956f9cbbd8853,2025-01,North Yorkshire Police,North Yorkshire Police,-1.537845,54.003413,On or near Dawson Terrace,E01027692,Harrogate 013E,Unable to prosecute suspect
9c79519e28cfb26d635a566849de94d760b277c1fb0dda5cd82956f9cbbd8853,2025-01,North Yorkshire Police,North Yorkshire Police,-1.537845,54.003413,On or near Dawson Terrace,E01027692,Harrogate 013E,Unable to prosecute suspect
644ad3eff1ca437ea2c730b0df6026503272f8c945075240cdd61d4337dc2c97,2025-01,North Yorkshire Police,North Yorkshire Police,-1.045345,53.955176,On or near Hadrian Avenue,E01013398,York 015B,Unable to prosecute suspect
1f874bae0d685dd0987e9128bb1a437459aadbf6184228503d295460b9c7c1f3,2025-01,North Yorkshire Police,North Yorkshire Police,-1.428846,54.340894,On or near Dene Road,E01027612,Hambleton 013A,Unable to prosecute suspect
1f874bae0d685dd0987e9128bb1a437459aadbf6184228503d295460b9c7c1f3,2025-01,North Yorkshire Police,North Yorkshire Police,-1.428846,54.340894,On or near Dene Road,E01027612,Hambleton 013A,Unable to prosecute suspect
7d010458bfa025a87bb4f3aa721abacb793f7dcace7aae98dbad38f7d28c28af,2025-01,North Yorkshire Police,North Yorkshire Police,-0.398538,54.282356,On or near Nightclub,E01027806,Scarborough 006B,Suspect charged
7d010458bfa025a87bb4f3aa721abacb793f7dcace7aae98dbad38f7d28c28af,2025-01,North Yorkshire Police,North Yorkshire Police,-0.398538,54.282356,On or near Nightclub,E01027806,Scarborough 006B,Suspect charged
10803a9f247521002e8203116d1347555dbcfd02707c80999bf5b89f24e8acc0,2025-01,North Yorkshire Police,North Yorkshire Police,-1.543093,53.993735,On or near Parliament Street,E01027678,Harrogate 015E,Suspect charged
a8fa1a05e0ee2b9723e67d27d6a7d6348ae3fc8d4d4b5ac642fd05510bc3bb03,2025-01,North Yorkshire Police,North Yorkshire Police,-1.091223,53.960430,On or near Parking Area,E01033068,York 013G,Unable to prosecute suspect
2acdad3273840320f4b69ce635f0ec605749a5be6d72c61843a123fdc908c1f3,2025-01,North Yorkshire Police,North Yorkshire Police,-1.295686,54.214960,On or near Bagby Lane,E01027636,Hambleton 009D,Investigation complete; no suspect identified
98c7014fe695090c8ad9e1a6c61f126b53871b260a6132eebe5b30c69c41c7db,2025-01,North Yorkshire Police,North Yorkshire Police,-1.071696,53.951661,On or near Horsman Avenue,E01013364,York 019E,Local resolution
98c7014fe695090c8ad9e1a6c61f126b53871b260a6132eebe5b30c69c41c7db,2025-01,North Yorkshire Police,North Yorkshire Police,-1.071696,53.951661,On or near Horsman Avenue,E01013364,York 019E,Local resolution
ccc6581ae3955310eb5623a8e7493e2416db716a4934fb9d0dc82ce67fb43fd4,2025-01,North Yorkshire Police,North Yorkshire Police,-1.253799,53.888801,On or near Meadow Way,E01027918,Selby 001A,Unable to prosecute suspect
ccc6581ae3955310eb5623a8e7493e2416db716a4934fb9d0dc82ce67fb43fd4,2025-01,North Yorkshire Police,North Yorkshire Police,-1.253799,53.888801,On or near Meadow Way,E01027918,Selby 001A,Unable to prosecute suspect
68fa284de8f622af6afd8a24bd6eae3e24f253d03ae15106458fbab239fbc640,2025-01,North Yorkshire Police,North Yorkshire Police,-2.045683,53.943939,On or near Beck Side,E01027586,Craven 007D,Unable to prosecute suspect
68fa284de8f622af6afd8a24bd6eae3e24f253d03ae15106458fbab239fbc640,2025-01,North Yorkshire Police,North Yorkshire Police,-2.045683,53.943939,On or near Beck Side,E01027586,Craven 007D,Unable to prosecute suspect
1d363d5d6aa71e714d71fca4f3de4130387b1c7c2d5b2a7bb53dcb045fbe3b04,2025-01,North Yorkshire Police,North Yorkshire Police,-1.529639,53.905684,On or near Otley Road,E01011561,Leeds 006A,Unable to prosecute suspect
18a6f68943aca5993a2a0f7dd053481a4454e4a67f4d8cffd2885d66d5cd9c00,2025-01,North Yorkshire Police,North Yorkshire Police,-1.161494,53.920657,On or near Further/Higher Educational Building,E01013421,York 011A,Unable to prosecute suspect
d421a8dbdfbaea820037c782a958e55760f4d6b86be65eb3d8f01c027035f953,2025-01,North Yorkshire Police,North Yorkshire Police,-1.703299,54.376598,On or near Beckfield Close,E01034966,Richmondshire 004J,Unable to prosecute suspect
203d29f4bb77454a7bc46f78a965f71e2e831a0217e213691c09f7cc76bc0a56,2025-01,North Yorkshire Police,North Yorkshire Police,-1.078902,53.962781,On or near Monk Bar Court,E01013369,York 013C,Unable to prosecute suspect
203d29f4bb77454a7bc46f78a965f71e2e831a0217e213691c09f7cc76bc0a56,2025-01,North Yorkshire Police,North Yorkshire Police,-1.078902,53.962781,On or near Monk Bar Court,E01013369,York 013C,Unable to prosecute suspect
e8c70d97c479209ed0bee59052fc7b6b73bcab0165b691657f715f6454ce23f4,2025-01,North Yorkshire Police,North Yorkshire Police,-1.082240,53.956569,On or near Theatre/Concert Hall,E01033070,York 013I,Investigation complete; no suspect identified
88e5fb2bfed0a9ae4e5e340d57742f5170b948ae2d877633712b162955225010,2025-01,North Yorkshire Police,North Yorkshire Police,-1.347960,54.227746,On or near Carlton Avenue,E01027620,Hambleton 008A,Unable to prosecute suspect
88e5fb2bfed0a9ae4e5e340d57742f5170b948ae2d877633712b162955225010,2025-01,North Yorkshire Police,North Yorkshire Police,-1.347960,54.227746,On or near Carlton Avenue,E01027620,Hambleton 008A,Unable to prosecute suspect
306252e98bd654ef145cfb1bc213f43aa67dc54722a368dbfe1df693527ad67e,2025-01,North Yorkshire Police,North Yorkshire Police,-1.498032,54.321924,On or near Harewood Close,E01027604,Hambleton 005B,Unable to prosecute suspect
306252e98bd654ef145cfb1bc213f43aa67dc54722a368dbfe1df693527ad67e,2025-01,North Yorkshire Police,North Yorkshire Police,-1.498032,54.321924,On or near Harewood Close,E01027604,Hambleton 005B,Unable to prosecute suspect
3dc9df103807d60509ddf9a549a4b4029a5d729fcaaaecc7f31833fb40435ea0,2025-01,North Yorkshire Police,North Yorkshire Police,-1.294011,53.966565,On or near Springfield Lane,E01027683,Harrogate 016A,Unable to prosecute suspect
3dc9df103807d60509ddf9a549a4b4029a5d729fcaaaecc7f31833fb40435ea0,2025-01,North Yorkshire Police,North Yorkshire Police,-1.294011,53.966565,On or near Springfield Lane,E01027683,Harrogate 016A,Unable to prosecute suspect
3dc9df103807d60509ddf9a549a4b4029a5d729fcaaaecc7f31833fb40435ea0,2025-01,North Yorkshire Police,North Yorkshire Police,-1.294011,53.966565,On or near Springfield Lane,E01027683,Harrogate 016A,Unable to prosecute suspect
898b0651c6bedccf2ced1b071bed6f191f8e0379e070a44e0aaf2a46065f0820,2025-01,North Yorkshire Police,North Yorkshire Police,-1.294943,53.968233,On or near Crawford Close,E01027683,Harrogate 016A,Unable to prosecute suspect
898b0651c6bedccf2ced1b071bed6f191f8e0379e070a44e0aaf2a46065f0820,2025-01,North Yorkshire Police,North Yorkshire Police,-1.294943,53.968233,On or near Crawford Close,E01027683,Harrogate 016A,Unable to prosecute suspect
898b0651c6bedccf2ced1b071bed6f191f8e0379e070a44e0aaf2a46065f0820,2025-01,North Yorkshire Police,North Yorkshire Police,-1.294943,53.968233,On or near Crawford Close,E01027683,Harrogate 016A,Unable to prosecute suspect
5ddbad303741292eab3d23955851b2b446f2f13a549ad24b722317ae371da9a1,2025-01,North Yorkshire Police,North Yorkshire Police,-1.061274,53.786548,On or near John Street,E01027878,Selby 005A,Unable to prosecute suspect
716dddaad251eecd2e312108eab3875f4aa82e7f7137dfc8ecd292d8cd9052a6,2025-01,North Yorkshire Police,North Yorkshire Police,-1.054580,53.960223,On or near ,E01013384,York 015A,Unable to prosecute suspect
716dddaad251eecd2e312108eab3875f4aa82e7f7137dfc8ecd292d8cd9052a6,2025-01,North Yorkshire Police,North Yorkshire Police,-1.054580,53.960223,On or near ,E01013384,York 015A,Unable to prosecute suspect
bc6a632f258c6778dbac1cf68c00315a78eedea8474a04e127f6a28298b1d8e6,2025-01,North Yorkshire Police,North Yorkshire Police,-0.405874,54.286489,On or near Trafalgar Terrace,E01034974,Scarborough 006F,Unable to prosecute suspect
bc6a632f258c6778dbac1cf68c00315a78eedea8474a04e127f6a28298b1d8e6,2025-01,North Yorkshire Police,North Yorkshire Police,-0.405874,54.286489,On or near Trafalgar Terrace,E01034974,Scarborough 006F,Unable to prosecute suspect
94b04ebbd7eefde3cdf2edeef0d46c80c074bccbe1a9c70cac16677f18a88a0f,2025-01,North Yorkshire Police,North Yorkshire Police,-1.069270,53.787356,On or near Newmillgate,E01034980,Selby 005H,Unable to prosecute suspect
94b04ebbd7eefde3cdf2edeef0d46c80c074bccbe1a9c70cac16677f18a88a0f,2025-01,North Yorkshire Police,North Yorkshire Police,-1.069270,53.787356,On or near Newmillgate,E01034980,Selby 005H,Unable to prosecute suspect
6ecc1f7c3f1fdfd059a4be6a9f9d3f8374c4fe13a9722a13a085c4e1a14f0805,2025-01,North Yorkshire Police,North Yorkshire Police,-0.404802,54.280857,On or near Alma Square,E01027804,Scarborough 010A,Investigation complete; no suspect identified
b20eb419faafe15b6f1aa870ac816c072774cc20675e76b8f1fc48c9ebfb46b0,2025-01,North Yorkshire Police,North Yorkshire Police,-1.241473,54.494345,On or near Well Lane,E01027626,Hambleton 002D,Investigation complete; no suspect identified
b4c2a933e55e44511162bf50fff96946f7e86e61fb1faaf68b004e06a0d38340,2025-01,North Yorkshire Police,North Yorkshire Police,-0.403990,54.280010,On or near Parking Area,E01027804,Scarborough 010A,Unable to prosecute suspect
b4c2a933e55e44511162bf50fff96946f7e86e61fb1faaf68b004e06a0d38340,2025-01,North Yorkshire Police,North Yorkshire Police,-0.403990,54.280010,On or near Parking Area,E01027804,Scarborough 010A,Unable to prosecute suspect
2a9f562bac86c8019cffd8aa5bd3dc89c47603702e5eec310455d6ae29f2dc41,2025-01,North Yorkshire Police,North Yorkshire Police,-1.744489,54.461799,On or near Warrener Lane,E01027752,Richmondshire 001C,Investigation complete; no suspect identified
dcee2c1ef5c00eddf8e5a974921edb7f0b369264646a820adb9f07354df1f1b8,2025-01,North Yorkshire Police,North Yorkshire Police,-1.080632,53.959658,On or near Newgate,E01033070,York 013I,Unable to prosecute suspect
dcee2c1ef5c00eddf8e5a974921edb7f0b369264646a820adb9f07354df1f1b8,2025-01,North Yorkshire Police,North Yorkshire Police,-1.080632,53.959658,On or near Newgate,E01033070,York 013I,Unable to prosecute suspect
2eab0e442d17ce725c2301b5338136a845d32b1e5c2f841b934b64658bffe343,2025-01,North Yorkshire Police,North Yorkshire Police,-0.441379,54.301109,On or near Chichester Close,E01027856,Scarborough 005F,Unable to prosecute suspect
4b09b723f63ef4b084cc44789c3f6473c96a0903c0e7a65eb59e05cc98d99e85,2025-01,North Yorkshire Police,North Yorkshire Police,-0.617317,54.488738,On or near Albert Place,E01034972,Scarborough 001F,Unable to prosecute suspect
4b09b723f63ef4b084cc44789c3f6473c96a0903c0e7a65eb59e05cc98d99e85,2025-01,North Yorkshire Police,North Yorkshire Police,-0.617317,54.488738,On or near Albert Place,E01034972,Scarborough 001F,Unable to prosecute suspect
95e70f4b85a3578ff110fdc379fbedad57c011c97fb1136e2a98bc52c94bf4d4,2025-01,North Yorkshire Police,North Yorkshire Police,-1.498053,53.990958,On or near Hookstone Chase,E01027663,Harrogate 017D,Investigation complete; no suspect identified
43620a64acd38a45adf9313458f1ae890893b0ee7340d699aa6d7074cb9ce11b,2025-01,North Yorkshire Police,North Yorkshire Police,-1.101243,53.979992,On or near Stonelands Court,E01013435,York 006E,Unable to prosecute suspect
34c6a605400b51abc1a8b60cb828e07e3f488704af82f19260600c4f2d673d6b,2025-01,North Yorkshire Police,North Yorkshire Police,-0.413801,54.286512,On or near Oakville Avenue,E01027851,Scarborough 008D,Investigation complete; no suspect identified
5b731dea73e6a7c0fd1481e28e1da789d53052e000d11d881aeea1cdeaae48e4,2025-01,North Yorkshire Police,North Yorkshire Police,-1.287928,53.965720,On or near Norfolk Gardens,E01027683,Harrogate 016A,Unable to prosecute suspect
5b731dea73e6a7c0fd1481e28e1da789d53052e000d11d881aeea1cdeaae48e4,2025-01,North Yorkshire Police,North Yorkshire Police,-1.287928,53.965720,On or near Norfolk Gardens,E01027683,Harrogate 016A,Unable to prosecute suspect
5b731dea73e6a7c0fd1481e28e1da789d53052e000d11d881aeea1cdeaae48e4,2025-01,North Yorkshire Police,North Yorkshire Police,-1.287928,53.965720,On or near Norfolk Gardens,E01027683,Harrogate 016A,Unable to prosecute suspect
460652a5bb58d0835c46b7fbffa08d8a5463b9a33c0829ff15291b80df6768af,2025-01,North Yorkshire Police,North Yorkshire Police,-0.681113,54.232937,On or near Cawcliff Lane,E01027802,Ryedale 002F,Unable to prosecute suspect
460652a5bb58d0835c46b7fbffa08d8a5463b9a33c0829ff15291b80df6768af,2025-01,North Yorkshire Police,North Yorkshire Police,-0.681113,54.232937,On or near Cawcliff Lane,E01027802,Ryedale 002F,Unable to prosecute suspect
e46eb09f5f1d95108597eb36ae7669ee4c96526be1bf32e40ce07efb2ee78c16,2025-01,North Yorkshire Police,North Yorkshire Police,-1.091223,53.960430,On or near Parking Area,E01033068,York 013G,Unable to prosecute suspect
e46eb09f5f1d95108597eb36ae7669ee4c96526be1bf32e40ce07efb2ee78c16,2025-01,North Yorkshire Police,North Yorkshire Police,-1.091223,53.960430,On or near Parking Area,E01033068,York 013G,Unable to prosecute suspect
dd88cabf6dd79454557882fa24c02e28df0e47e1fd73fe9152b90c8dbcf4379e,2025-01,North Yorkshire Police,North Yorkshire Police,-2.017769,53.897831,On or near Jackson Row,E01027584,Craven 008F,Unable to prosecute suspect
dd88cabf6dd79454557882fa24c02e28df0e47e1fd73fe9152b90c8dbcf4379e,2025-01,North Yorkshire Police,North Yorkshire Police,-2.017769,53.897831,On or near Jackson Row,E01027584,Craven 008F,Unable to prosecute suspect
347ed62390883df32ba3ee4113454cb399ebc92aa47108af76ad679acf411b9c,2025-01,North Yorkshire Police,North Yorkshire Police,-1.698501,54.387469,On or near ,E01034966,Richmondshire 004J,Unable to prosecute suspect
02cdd42310e0752a45e677e13d27dc9ed5700dfc3114855f7aeb95c205aee65d,2025-01,North Yorkshire Police,North Yorkshire Police,-1.086785,53.957808,On or near George Hudson Street,E01033068,York 013G,Further action is not in the public interest
02cdd42310e0752a45e677e13d27dc9ed5700dfc3114855f7aeb95c205aee65d,2025-01,North Yorkshire Police,North Yorkshire Police,-1.086785,53.957808,On or near George Hudson Street,E01033068,York 013G,Further action is not in the public interest
31e626a05970967b0622ca04b7a61d7dfba20c69ddf659fc7e5dd88b86d22054,2025-01,North Yorkshire Police,North Yorkshire Police,-1.072439,53.996455,On or near Ryehill Close,E01013407,York 004B,Further action is not in the public interest
66e393980cd5a430e9cc6ac950ff0058966220c139623ec538e830dcf3e600ae,2025-01,North Yorkshire Police,North Yorkshire Police,-1.038626,53.959724,On or near Derwent Way,E01013419,York 014C,Unable to prosecute suspect
66e393980cd5a430e9cc6ac950ff0058966220c139623ec538e830dcf3e600ae,2025-01,North Yorkshire Police,North Yorkshire Police,-1.038626,53.959724,On or near Derwent Way,E01013419,York 014C,Unable to prosecute suspect
6fc462a8357e12b1a21cc7396289f7f568f52d93ef5e7705e3b9f35ba3a0e928,2025-01,North Yorkshire Police,North Yorkshire Police,-1.038626,53.959724,On or near Derwent Way,E01013419,York 014C,Unable to prosecute suspect
6fc462a8357e12b1a21cc7396289f7f568f52d93ef5e7705e3b9f35ba3a0e928,2025-01,North Yorkshire Police,North Yorkshire Police,-1.038626,53.959724,On or near Derwent Way,E01013419,York 014C,Unable to prosecute suspect
d046ab0a36070ea89d2904917b62e4c1cf21d3ef6de817ae73e62e76331cebd9,2025-01,North Yorkshire Police,North Yorkshire Police,-1.078583,53.785585,On or near Flaxley Road,E01027908,Selby 005D,Unable to prosecute suspect
d046ab0a36070ea89d2904917b62e4c1cf21d3ef6de817ae73e62e76331cebd9,2025-01,North Yorkshire Police,North Yorkshire Police,-1.078583,53.785585,On or near Flaxley Road,E01027908,Selby 005D,Unable to prosecute suspect
41722c78d06ab6da625ece7eddddcb5a9828df2b161f130f041cbf26a93359fe,2025-01,North Yorkshire Police,North Yorkshire Police,-1.124975,53.968078,On or near Langholme Drive,E01013338,York 012D,Further investigation is not in the public interest
d69c30699913a09f64db037ad5d0fbfb883b22a6f0e8f9d4ec8d4a7f45529a44,2025-01,North Yorkshire Police,North Yorkshire Police,-1.062276,53.782448,On or near Cowie Drive,E01027909,Selby 005E,Unable to prosecute suspect
78a14fa77b0ec90fc2e6b97e8636c7501e072d05128713fe1194d4b44f531ba0,2025-01,North Yorkshire Police,North Yorkshire Police,-1.075240,53.954390,On or near ,E01033067,York 013F,Unable to prosecute suspect
06afa9a81756d0fac1f119fba920be21d8b68d62a2527f6c91617af69a9f05d0,2025-01,North Yorkshire Police,North Yorkshire Police,-1.462169,54.022638,On or near Rowan Way,E01027675,Harrogate 007D,Unable to prosecute suspect
554be44f7ef174fedfd7431e5f2b3a832d810bcb88cb98967a4337c9213e1f3f,2025-01,North Yorkshire Police,North Yorkshire Police,-0.974722,54.126589,On or near South Back Lane,E01027782,Ryedale 007C,Further investigation is not in the public interest
d97f41763f54492df5398cff4631d00fa7d1ce129274ab57264a4ae9274c8417,2025-01,North Yorkshire Police,North Yorkshire Police,-1.681640,54.380407,On or near Walkerville Road,E01027749,Richmondshire 004A,Unable to prosecute suspect
d97f41763f54492df5398cff4631d00fa7d1ce129274ab57264a4ae9274c8417,2025-01,North Yorkshire Police,North Yorkshire Police,-1.681640,54.380407,On or near Walkerville Road,E01027749,Richmondshire 004A,Unable to prosecute suspect
d97f41763f54492df5398cff4631d00fa7d1ce129274ab57264a4ae9274c8417,2025-01,North Yorkshire Police,North Yorkshire Police,-1.681640,54.380407,On or near Walkerville Road,E01027749,Richmondshire 004A,Unable to prosecute suspect
ad00188b3c9c9d74f546903531940982b373b6319382233ccdba25993ea469ac,2025-01,North Yorkshire Police,North Yorkshire Police,-0.401615,54.283017,On or near Aberdeen Terrace,E01027806,Scarborough 006B,Unable to prosecute suspect
ad00188b3c9c9d74f546903531940982b373b6319382233ccdba25993ea469ac,2025-01,North Yorkshire Police,North Yorkshire Police,-0.401615,54.283017,On or near Aberdeen Terrace,E01027806,Scarborough 006B,Unable to prosecute suspect
8a6bba2735fff3fa400c70ff05d4b685b210cad0917e19c2f7c9626a28b6e590,2025-01,North Yorkshire Police,North Yorkshire Police,-1.084962,53.961677,On or near Theatre/Concert Hall,E01013366,York 013A,Unable to prosecute suspect
8a6bba2735fff3fa400c70ff05d4b685b210cad0917e19c2f7c9626a28b6e590,2025-01,North Yorkshire Police,North Yorkshire Police,-1.084962,53.961677,On or near Theatre/Concert Hall,E01013366,York 013A,Unable to prosecute suspect
f8c4030f172f05daa59c614ba1d8947ad7f1877cb7994b36d84c70b6cf2e5404,2025-01,North Yorkshire Police,North Yorkshire Police,-1.677979,54.368211,On or near Breckenbrough Lane,E01027756,Richmondshire 006B,Unable to prosecute suspect
f8c4030f172f05daa59c614ba1d8947ad7f1877cb7994b36d84c70b6cf2e5404,2025-01,North Yorkshire Police,North Yorkshire Police,-1.677979,54.368211,On or near Breckenbrough Lane,E01027756,Richmondshire 006B,Unable to prosecute suspect
778b265986564fcb8191f5e987641b91f18d11ad5af5d10102df5a9109e3816c,2025-01,North Yorkshire Police,North Yorkshire Police,-1.318830,54.050511,On or near Springfield Rise,E01027695,Harrogate 016C,Local resolution
778b265986564fcb8191f5e987641b91f18d11ad5af5d10102df5a9109e3816c,2025-01,North Yorkshire Police,North Yorkshire Police,-1.318830,54.050511,On or near Springfield Rise,E01027695,Harrogate 016C,Local resolution
88366519199c8738203c4552222ee790ca706888a00c9f51d87ce95b0835554b,2025-01,North Yorkshire Police,North Yorkshire Police,-1.532855,53.958563,On or near Supermarket,E01027700,Harrogate 021B,Unable to prosecute suspect
a72c496a2d5108a50a7184726c4b647b1a11135c32ae259896d1cb89fdf8a851,2025-01,North Yorkshire Police,North Yorkshire Police,-1.253799,53.888801,On or near Meadow Way,E01027918,Selby 001A,Unable to prosecute suspect
a72c496a2d5108a50a7184726c4b647b1a11135c32ae259896d1cb89fdf8a851,2025-01,North Yorkshire Police,North Yorkshire Police,-1.253799,53.888801,On or near Meadow Way,E01027918,Selby 001A,Unable to prosecute suspect
c68083bd128c9e148e049524312d70c136073d56ddd9d0b6ad413c111185efd8,2025-01,North Yorkshire Police,North Yorkshire Police,-1.094005,53.974149,On or near Spalding Avenue,E01013349,York 009D,Unable to prosecute suspect
c68083bd128c9e148e049524312d70c136073d56ddd9d0b6ad413c111185efd8,2025-01,North Yorkshire Police,North Yorkshire Police,-1.094005,53.974149,On or near Spalding Avenue,E01013349,York 009D,Unable to prosecute suspect
757ac422106380da833cf79fecc9526e9d90978d5a9e21afe99308fd2680d9dd,2025-01,North Yorkshire Police,North Yorkshire Police,-0.390416,54.200633,On or near Filey Road,E01027835,Scarborough 014G,Formal action is not in the public interest
757ac422106380da833cf79fecc9526e9d90978d5a9e21afe99308fd2680d9dd,2025-01,North Yorkshire Police,North Yorkshire Police,-0.390416,54.200633,On or near Filey Road,E01027835,Scarborough 014G,Formal action is not in the public interest
39782e31e12bb8cefa49006ef96ada25198a530a4ff49f1ca9a99315cdee87b6,2025-01,North Yorkshire Police,North Yorkshire Police,-1.542131,54.014619,On or near Peckett's Way,E01027641,Harrogate 008A,Investigation complete; no suspect identified
fe0c682bec0b03575248901cd14f7a62c938be1aa8569583f0a83ca9617c924c,2025-01,North Yorkshire Police,North Yorkshire Police,-1.088597,53.957139,On or near Micklegate,E01033068,York 013G,Investigation complete; no suspect identified
089d1573aae52b07d6183417aaa338e895fc4d607d9c0459cc63fe3267f03eb5,2025-01,North Yorkshire Police,North Yorkshire Police,-1.073654,53.947209,On or near Sports/Recreation Area,E01013362,York 019C,Unable to prosecute suspect
089d1573aae52b07d6183417aaa338e895fc4d607d9c0459cc63fe3267f03eb5,2025-01,North Yorkshire Police,North Yorkshire Police,-1.073654,53.947209,On or near Sports/Recreation Area,E01013362,York 019C,Unable to prosecute suspect
646c6776910ade98929e333c576ac5da5bd754147e877dd4341bd9ccc0d0b67f,2025-01,North Yorkshire Police,North Yorkshire Police,-1.426445,54.345430,On or near Turker Lane,E01027612,Hambleton 013A,Unable to prosecute suspect
646c6776910ade98929e333c576ac5da5bd754147e877dd4341bd9ccc0d0b67f,2025-01,North Yorkshire Police,North Yorkshire Police,-1.426445,54.345430,On or near Turker Lane,E01027612,Hambleton 013A,Unable to prosecute suspect
ef4aa9657717ec85834b3ea5828a81887f47327b675689b80e0cfa51fc116b81,2025-01,North Yorkshire Police,North Yorkshire Police,-1.554329,54.009974,On or near Grey Hill Road,E01027691,Harrogate 011B,Unable to prosecute suspect
ef4aa9657717ec85834b3ea5828a81887f47327b675689b80e0cfa51fc116b81,2025-01,North Yorkshire Police,North Yorkshire Police,-1.554329,54.009974,On or near Grey Hill Road,E01027691,Harrogate 011B,Unable to prosecute suspect
4ed5fc85a96d363ddaeac1d5f85a798d47b5065e15c2e2bca1d975b904b1e526,2025-01,North Yorkshire Police,North Yorkshire Police,-1.044786,53.792089,On or near Riverside Close,E01027878,Selby 005A,Unable to prosecute suspect
65fa28378803f42d0b1541293b5acda0c5d32e5be722101735c0f3090c84b5de,2025-01,North Yorkshire Police,North Yorkshire Police,-1.091223,53.960430,On or near Parking Area,E01033068,York 013G,Unable to prosecute suspect
a139d93835e1532f5d55aa6a9dc7c6040dd1bad4d3d06aa005775a4387062df6,2025-01,North Yorkshire Police,North Yorkshire Police,-1.538573,53.973424,On or near Mallinson Way,E01027698,Harrogate 020C,Unable to prosecute suspect
cf026dd8fbbd802ee633ed3dd103dbf70e7f643f33ee07389d1614f21667af0e,2025-01,North Yorkshire Police,North Yorkshire Police,-0.407579,54.276157,On or near Westwood Close,E01027804,Scarborough 010A,Unable to prosecute suspect
cf026dd8fbbd802ee633ed3dd103dbf70e7f643f33ee07389d1614f21667af0e,2025-01,North Yorkshire Police,North Yorkshire Police,-0.407579,54.276157,On or near Westwood Close,E01027804,Scarborough 010A,Unable to prosecute suspect
ba2a96b0e6d02d92649f95e6a3f91d3ad930d8f481e8a65c4e8543d837bfb5cf,2025-01,North Yorkshire Police,North Yorkshire Police,-0.781093,54.245062,On or near Southgate,E01027795,Ryedale 002D,Suspect charged
ba2a96b0e6d02d92649f95e6a3f91d3ad930d8f481e8a65c4e8543d837bfb5cf,2025-01,North Yorkshire Police,North Yorkshire Police,-0.781093,54.245062,On or near Southgate,E01027795,Ryedale 002D,Suspect charged
ba25393b4f254621e75f64163c807e052253aa17972f40334a3d7d3d13f69745,2025-01,North Yorkshire Police,North Yorkshire Police,-1.130020,53.946175,On or near St Stephen's Road,E01013447,York 018E,Investigation complete; no suspect identified
e4a0edfea7f0a5cf5118eeb4def6cb057e190f6ab7d10cae936f2d47e3377599,2025-01,North Yorkshire Police,North Yorkshire Police,-1.133456,53.947979,On or near Cornlands Road,E01013446,York 018D,Unable to prosecute suspect
e4a0edfea7f0a5cf5118eeb4def6cb057e190f6ab7d10cae936f2d47e3377599,2025-01,North Yorkshire Police,North Yorkshire Police,-1.133456,53.947979,On or near Cornlands Road,E01013446,York 018D,Unable to prosecute suspect
644d9443349b1cca41c4e2dca0886f881d26c4032b3a761bceb1c41049246e0e,2025-01,North Yorkshire Police,North Yorkshire Police,-0.779334,54.131436,On or near North Road,E01034971,Ryedale 009E,Unable to prosecute suspect
e5d32e9b4b3149a184dae6a8ba16a2b7f486727ee32b958600e7b5b8e2db7ca7,2025-01,North Yorkshire Police,North Yorkshire Police,-0.723834,54.127643,On or near Middleton Close,E01027779,Ryedale 004A,Unable to prosecute suspect
9cf9b0a2b97935048d7c95af587f17f1dbd5e512ebf53f97924cd05ed14c408c,2025-01,North Yorkshire Police,North Yorkshire Police,-1.095035,53.920228,On or near De Grey Place,E01013341,York 024B,Investigation complete; no suspect identified
28b74664b1748e0d88cd0d2c25629d791a141daf8aa8a18896c2b672de207ddf,2025-01,North Yorkshire Police,North Yorkshire Police,-0.406021,54.289852,On or near Victoria Park Avenue,E01034974,Scarborough 006F,Unable to prosecute suspect
28b74664b1748e0d88cd0d2c25629d791a141daf8aa8a18896c2b672de207ddf,2025-01,North Yorkshire Police,North Yorkshire Police,-0.406021,54.289852,On or near Victoria Park Avenue,E01034974,Scarborough 006F,Unable to prosecute suspect
64786a39ed36a1103f4812b0d5d462b07ca1fb755e61683511af34ebd789412a,2025-01,North Yorkshire Police,North Yorkshire Police,-1.398517,54.094715,On or near Cherry Lane,E01027645,Harrogate 005B,Unable to prosecute suspect
3ae20dc429737ef7690487f999b9260ab3f2d4672c686ba3ba1e69763d66c8e3,2025-01,North Yorkshire Police,North Yorkshire Police,-1.085422,53.962948,On or near A19,E01013366,York 013A,Investigation complete; no suspect identified
3ae20dc429737ef7690487f999b9260ab3f2d4672c686ba3ba1e69763d66c8e3,2025-01,North Yorkshire Police,North Yorkshire Police,-1.085422,53.962948,On or near A19,E01013366,York 013A,Investigation complete; no suspect identified
66e4a83da4ff5018fe853bbe95e69e409fc162b5b62dbbd554e3ac97de849a7b,2025-01,North Yorkshire Police,North Yorkshire Police,-1.068545,53.961758,On or near Hallfield Road,E01013383,York 010D,Investigation complete; no suspect identified
0ce2f6843115f439a5bdf0f23d6d0ff76045b9df7b144ba1b12606603d293e64,2025-01,North Yorkshire Police,North Yorkshire Police,-0.427422,54.277379,On or near Raincliffe Grove,E01027863,Scarborough 009E,Unable to prosecute suspect
0ce2f6843115f439a5bdf0f23d6d0ff76045b9df7b144ba1b12606603d293e64,2025-01,North Yorkshire Police,North Yorkshire Police,-0.427422,54.277379,On or near Raincliffe Grove,E01027863,Scarborough 009E,Unable to prosecute suspect
a560fb2773bcff75f15e6ab60bd1d4843591e80d46a9881b184bd58b4a19f80a,2025-01,North Yorkshire Police,North Yorkshire Police,-1.125231,53.948567,On or near Middleton Road,E01013447,York 018E,Unable to prosecute suspect
a560fb2773bcff75f15e6ab60bd1d4843591e80d46a9881b184bd58b4a19f80a,2025-01,North Yorkshire Police,North Yorkshire Police,-1.125231,53.948567,On or near Middleton Road,E01013447,York 018E,Unable to prosecute suspect
e49e04d882191c293ce48f00a480dea2875986738b26e5142d068b93a2d524e9,2025-01,North Yorkshire Police,North Yorkshire Police,-1.652011,54.390400,On or near Gatherley Road,E01027746,Richmondshire 003B,Suspect charged
e49e04d882191c293ce48f00a480dea2875986738b26e5142d068b93a2d524e9,2025-01,North Yorkshire Police,North Yorkshire Police,-1.652011,54.390400,On or near Gatherley Road,E01027746,Richmondshire 003B,Suspect charged
3c0b3920b03bdcf381e5c8e1503117d51b963b29905ad738a0607edd93c6c852,2025-01,North Yorkshire Police,North Yorkshire Police,-1.079183,53.959053,On or near Whip-Ma-Whop-Ma-Gate,E01033067,York 013F,Suspect charged
3c0b3920b03bdcf381e5c8e1503117d51b963b29905ad738a0607edd93c6c852,2025-01,North Yorkshire Police,North Yorkshire Police,-1.079183,53.959053,On or near Whip-Ma-Whop-Ma-Gate,E01033067,York 013F,Suspect charged
ed30fd45d6fdefdfa0bd9e4fbf005dc80d4957396bff05c842670bcdb4e404e3,2025-01,North Yorkshire Police,North Yorkshire Police,-1.391526,53.945321,On or near Wetherby Road,E01027703,Harrogate 016E,Investigation complete; no suspect identified
57254685c9b6f7bc54726773f13334a2ea5bd590dbfdc6cf99932466f72c8a30,2025-01,North Yorkshire Police,North Yorkshire Police,-0.994606,54.251418,On or near Gale Lane,E01027780,Ryedale 003B,Unable to prosecute suspect
57254685c9b6f7bc54726773f13334a2ea5bd590dbfdc6cf99932466f72c8a30,2025-01,North Yorkshire Police,North Yorkshire Police,-0.994606,54.251418,On or near Gale Lane,E01027780,Ryedale 003B,Unable to prosecute suspect
1e65e59bbfc71b995326b7c8ba68bcdd8bba1b346acfbd248a18cd746e9b01b0,2025-01,North Yorkshire Police,North Yorkshire Police,-0.491080,54.245179,On or near Morley Drive,E01027814,Scarborough 013A,Unable to prosecute suspect
b5066d63d51bd51143737be6d3eb568357eab1bcde80dd0baaa4b0cabdf0c915,2025-01,North Yorkshire Police,North Yorkshire Police,-1.514429,53.996589,On or near Leyland Road,E01027650,Harrogate 014B,Local resolution
b5066d63d51bd51143737be6d3eb568357eab1bcde80dd0baaa4b0cabdf0c915,2025-01,North Yorkshire Police,North Yorkshire Police,-1.514429,53.996589,On or near Leyland Road,E01027650,Harrogate 014B,Local resolution
1f944f9efec6e5c6728c85969fb98f85ec8df94c0d8cd6ccee30552bd1b0cf15,2025-01,North Yorkshire Police,North Yorkshire Police,-0.774348,54.134954,On or near Fletton Road,E01034969,Ryedale 009C,Unable to prosecute suspect
1f944f9efec6e5c6728c85969fb98f85ec8df94c0d8cd6ccee30552bd1b0cf15,2025-01,North Yorkshire Police,North Yorkshire Police,-0.774348,54.134954,On or near Fletton Road,E01034969,Ryedale 009C,Unable to prosecute suspect
2225647282e48920c068d303eff8b58b674e1026a1306102bb7ee8a49e4a3074,2025-01,North Yorkshire Police,North Yorkshire Police,-1.083087,53.957537,On or near Low Ousegate,E01013366,York 013A,Unable to prosecute suspect
2225647282e48920c068d303eff8b58b674e1026a1306102bb7ee8a49e4a3074,2025-01,North Yorkshire Police,North Yorkshire Police,-1.083087,53.957537,On or near Low Ousegate,E01013366,York 013A,Unable to prosecute suspect
ae0b1475a0322007f5ca3748da427c0ec15f9f901782dd10e00a14987d0b6bd7,2025-01,North Yorkshire Police,North Yorkshire Police,-1.539197,54.001216,On or near West Grove Road,E01027692,Harrogate 013E,Investigation complete; no suspect identified
a69a433e14e1c708ad1d26e44e064766c838e7fd19486db7fc37cb5a5616c1cc,2025-01,North Yorkshire Police,North Yorkshire Police,-1.506997,54.002104,On or near Olive Way,E01027727,Harrogate 014D,Investigation complete; no suspect identified
46cab1a72b69b3a34a857f63a9574b0edd95e7555697d65a5640e1d73308fa41,2025-01,North Yorkshire Police,North Yorkshire Police,-1.424979,54.334782,On or near Greenhill Crescent,E01027610,Hambleton 012C,Unable to prosecute suspect
46cab1a72b69b3a34a857f63a9574b0edd95e7555697d65a5640e1d73308fa41,2025-01,North Yorkshire Police,North Yorkshire Police,-1.424979,54.334782,On or near Greenhill Crescent,E01027610,Hambleton 012C,Unable to prosecute suspect
43c79d6e2f31d8d041c7fa35d9656eaf69c79530a5800af2a6913e0eeb11a13d,2025-01,North Yorkshire Police,North Yorkshire Police,-1.072670,53.788057,On or near Petrol Station,E01034979,Selby 005G,Unable to prosecute suspect
43c79d6e2f31d8d041c7fa35d9656eaf69c79530a5800af2a6913e0eeb11a13d,2025-01,North Yorkshire Police,North Yorkshire Police,-1.072670,53.788057,On or near Petrol Station,E01034979,Selby 005G,Unable to prosecute suspect
161efc7bd28b7e5ecb4593aa9468d68d4c615455d26112a6a37308295d2ccb57,2025-01,North Yorkshire Police,North Yorkshire Police,-1.124431,53.945307,On or near Chesney Fields,E01013443,York 018B,Unable to prosecute suspect
161efc7bd28b7e5ecb4593aa9468d68d4c615455d26112a6a37308295d2ccb57,2025-01,North Yorkshire Police,North Yorkshire Police,-1.124431,53.945307,On or near Chesney Fields,E01013443,York 018B,Unable to prosecute suspect
161efc7bd28b7e5ecb4593aa9468d68d4c615455d26112a6a37308295d2ccb57,2025-01,North Yorkshire Police,North Yorkshire Police,-1.124431,53.945307,On or near Chesney Fields,E01013443,York 018B,Unable to prosecute suspect
5a283ad056927767f0020366651846f9b0ca2b131c0ffef703383e5f9756a0fd,2025-01,North Yorkshire Police,North Yorkshire Police,-0.985019,53.820968,On or near Park/Open Space,E01027900,Selby 003C,Investigation complete; no suspect identified
5a283ad056927767f0020366651846f9b0ca2b131c0ffef703383e5f9756a0fd,2025-01,North Yorkshire Police,North Yorkshire Police,-0.985019,53.820968,On or near Park/Open Space,E01027900,Selby 003C,Investigation complete; no suspect identified
5a283ad056927767f0020366651846f9b0ca2b131c0ffef703383e5f9756a0fd,2025-01,North Yorkshire Police,North Yorkshire Police,-0.985019,53.820968,On or near Park/Open Space,E01027900,Selby 003C,Investigation complete; no suspect identified
5a283ad056927767f0020366651846f9b0ca2b131c0ffef703383e5f9756a0fd,2025-01,North Yorkshire Police,North Yorkshire Police,-0.985019,53.820968,On or near Park/Open Space,E01027900,Selby 003C,Investigation complete; no suspect identified
5a283ad056927767f0020366651846f9b0ca2b131c0ffef703383e5f9756a0fd,2025-01,North Yorkshire Police,North Yorkshire Police,-0.985019,53.820968,On or near Park/Open Space,E01027900,Selby 003C,Investigation complete; no suspect identified
bae04f9e434d9bcda0426c06ca0a4b00c566c4dffa9fef67deb673f01e7f3c07,2025-01,North Yorkshire Police,North Yorkshire Police,-1.089105,53.962526,On or near Marygate,E01013366,York 013A,Investigation complete; no suspect identified
afd736f521a8b597bcc9082e53ec574404cbefd813b25f03e7b01ecd280212d7,2025-01,North Yorkshire Police,North Yorkshire Police,-1.881109,54.386196,On or near Crook Bank Lane,E01027764,Richmondshire 005D,Unable to prosecute suspect
9f433d6c4cc7341c8c9f3da83d527c7e1aad11cfb04c77e38eb49ebcf830e362,2025-01,North Yorkshire Police,North Yorkshire Police,-1.134130,53.945584,On or near Tithe Close,E01013446,York 018D,Unable to prosecute suspect
9f433d6c4cc7341c8c9f3da83d527c7e1aad11cfb04c77e38eb49ebcf830e362,2025-01,North Yorkshire Police,North Yorkshire Police,-1.134130,53.945584,On or near Tithe Close,E01013446,York 018D,Unable to prosecute suspect
c2b5658dfe3cd130734d567dab3f47966cbbdab17b2ed4483955d562c07a50f1,2025-01,North Yorkshire Police,North Yorkshire Police,-1.437882,54.346059,On or near Shopping Area,E01034961,Hambleton 012A,Investigation complete; no suspect identified
5265674b064059af481278eadfe42026a8b21f06d869b7f3df832cbb59018d71,2025-01,North Yorkshire Police,North Yorkshire Police,-1.060673,54.246378,On or near Supermarket,E01027780,Ryedale 003B,Formal action is not in the public interest
5265674b064059af481278eadfe42026a8b21f06d869b7f3df832cbb59018d71,2025-01,North Yorkshire Police,North Yorkshire Police,-1.060673,54.246378,On or near Supermarket,E01027780,Ryedale 003B,Formal action is not in the public interest
c36db6953b18775fdb0d46e36e4cf350663d525fe5f2c9d03bd69c2690e1c833,2025-01,North Yorkshire Police,North Yorkshire Police,-1.097088,53.969049,On or near Clifton Dale,E01013346,York 007B,Unable to prosecute suspect
34b7f21177c3a002ef8fc68d2cdb9a04ed79277bf1cc0a08901eeaac06d4d36e,2025-01,North Yorkshire Police,North Yorkshire Police,-1.060673,54.246378,On or near Supermarket,E01027780,Ryedale 003B,Formal action is not in the public interest
34b7f21177c3a002ef8fc68d2cdb9a04ed79277bf1cc0a08901eeaac06d4d36e,2025-01,North Yorkshire Police,North Yorkshire Police,-1.060673,54.246378,On or near Supermarket,E01027780,Ryedale 003B,Formal action is not in the public interest
51716f0fec501eee359a62e79e6aa7b208cbd1671c65d5d4e57e48a55144fad3,2025-01,North Yorkshire Police,North Yorkshire Police,-0.408675,54.275605,On or near Westwood Road,E01027804,Scarborough 010A,Unable to prosecute suspect
51716f0fec501eee359a62e79e6aa7b208cbd1671c65d5d4e57e48a55144fad3,2025-01,North Yorkshire Police,North Yorkshire Police,-0.408675,54.275605,On or near Westwood Road,E01027804,Scarborough 010A,Unable to prosecute suspect
d470e4c3178e02bb6ee640606ed43577ca4c3ee2c96e1cea5ddf6bda9ba7fe40,2025-01,North Yorkshire Police,North Yorkshire Police,-1.608476,54.057850,On or near Mill Bank,E01027681,Harrogate 006A,Unable to prosecute suspect
d470e4c3178e02bb6ee640606ed43577ca4c3ee2c96e1cea5ddf6bda9ba7fe40,2025-01,North Yorkshire Police,North Yorkshire Police,-1.608476,54.057850,On or near Mill Bank,E01027681,Harrogate 006A,Unable to prosecute suspect
f9cf1a45803d465beec19996982a9d2770577ee2366255c8210effa79760a853,2025-01,North Yorkshire Police,North Yorkshire Police,-1.187675,54.120781,On or near Paradise Field Estate,E01027594,Hambleton 010A,Unable to prosecute suspect
f9cf1a45803d465beec19996982a9d2770577ee2366255c8210effa79760a853,2025-01,North Yorkshire Police,North Yorkshire Police,-1.187675,54.120781,On or near Paradise Field Estate,E01027594,Hambleton 010A,Unable to prosecute suspect
3fcd0a7eb555b83c409be83a3b0b601cd6de433bbd4005828d97422497d931b3,2025-01,North Yorkshire Police,North Yorkshire Police,-1.132381,53.943271,On or near Supermarket,E01013446,York 018D,Unable to prosecute suspect
3fcd0a7eb555b83c409be83a3b0b601cd6de433bbd4005828d97422497d931b3,2025-01,North Yorkshire Police,North Yorkshire Police,-1.132381,53.943271,On or near Supermarket,E01013446,York 018D,Unable to prosecute suspect
1b21121f1f1ae0f0e5d01f932c48ef5776df849c4268fb19904edd0258d39025,2025-01,North Yorkshire Police,North Yorkshire Police,-1.344017,54.222935,On or near King's Gardens,E01034960,Hambleton 009F,Unable to prosecute suspect
1b21121f1f1ae0f0e5d01f932c48ef5776df849c4268fb19904edd0258d39025,2025-01,North Yorkshire Police,North Yorkshire Police,-1.344017,54.222935,On or near King's Gardens,E01034960,Hambleton 009F,Unable to prosecute suspect
07360a12511569e8d75a96bf0649f9cc450d760e862974b00e6241908b4ad2ab,2025-01,North Yorkshire Police,North Yorkshire Police,-1.741776,53.932401,On or near Askwith Lane,E01027735,Harrogate 018D,Unable to prosecute suspect
07360a12511569e8d75a96bf0649f9cc450d760e862974b00e6241908b4ad2ab,2025-01,North Yorkshire Police,North Yorkshire Police,-1.741776,53.932401,On or near Askwith Lane,E01027735,Harrogate 018D,Unable to prosecute suspect
0167265451f4fdf994836ec211bd67414d0cc5e60e84c7cd7c6c525e11ffa2c3,2025-01,North Yorkshire Police,North Yorkshire Police,-1.419785,54.334497,On or near Knotto Bottom Way,E01027609,Hambleton 012D,Unable to prosecute suspect
0167265451f4fdf994836ec211bd67414d0cc5e60e84c7cd7c6c525e11ffa2c3,2025-01,North Yorkshire Police,North Yorkshire Police,-1.419785,54.334497,On or near Knotto Bottom Way,E01027609,Hambleton 012D,Unable to prosecute suspect
faad47fa3e8f83802a2af9f569ed5dc8fb7491ae5a3b532c86150c9a09f09ea8,2025-01,North Yorkshire Police,North Yorkshire Police,-1.521453,54.128942,On or near Wakeman Road,E01027711,Harrogate 004G,Unable to prosecute suspect
6c044722de196c2d387bd13aa3763b189c2247d577a4cc6bda3d58774e4ce4e8,2025-01,North Yorkshire Police,North Yorkshire Police,-1.144429,53.706230,On or near Pasture Drive,E01027890,Selby 010B,Investigation complete; no suspect identified
e61f8e751ca6178c25ab1cf12cf9fcd841ebb14c5d3590304c8c023fb40039cb,2025-01,North Yorkshire Police,North Yorkshire Police,-1.462169,54.022638,On or near Rowan Way,E01027675,Harrogate 007D,Unable to prosecute suspect
e61f8e751ca6178c25ab1cf12cf9fcd841ebb14c5d3590304c8c023fb40039cb,2025-01,North Yorkshire Police,North Yorkshire Police,-1.462169,54.022638,On or near Rowan Way,E01027675,Harrogate 007D,Unable to prosecute suspect
e0390b22c94dbb7e075350de08b143199f373f3fd9d32fb31dcc615b6cf39f25,2025-01,North Yorkshire Police,North Yorkshire Police,,,No location,,,Investigation complete; no suspect identified
3a03869e592782fab13187353c714a01ed5fb8bbb9f9a79f3122c01bbf0b3c9e,2025-01,North Yorkshire Police,North Yorkshire Police,-1.182577,54.118599,On or near Wagtail Close,E01027595,Hambleton 010B,Unable to prosecute suspect
3a03869e592782fab13187353c714a01ed5fb8bbb9f9a79f3122c01bbf0b3c9e,2025-01,North Yorkshire Police,North Yorkshire Police,-1.182577,54.118599,On or near Wagtail Close,E01027595,Hambleton 010B,Unable to prosecute suspect
28bff00fd020358939f31877ea8b44cc02e13a7ed354f06053fa841a04c4b0c0,2025-01,North Yorkshire Police,North Yorkshire Police,-1.536067,54.127598,On or near St Wilfred Crescent,E01027709,Harrogate 004E,Unable to prosecute suspect
28bff00fd020358939f31877ea8b44cc02e13a7ed354f06053fa841a04c4b0c0,2025-01,North Yorkshire Police,North Yorkshire Police,-1.536067,54.127598,On or near St Wilfred Crescent,E01027709,Harrogate 004E,Unable to prosecute suspect
37b8eb948f516e17664166476079d4de94200365b05f56c6944610268030bccf,2025-01,North Yorkshire Police,North Yorkshire Police,-0.417499,54.260980,On or near Spencer Way,E01027825,Scarborough 009B,Investigation complete; no suspect identified
520c6054256761736dc0e7ab20407a36fb99dccc32005d566dd19f546a03eca1,2025-01,North Yorkshire Police,North Yorkshire Police,-1.098309,53.993459,On or near ,E01013431,York 006D,Unable to prosecute suspect
520c6054256761736dc0e7ab20407a36fb99dccc32005d566dd19f546a03eca1,2025-01,North Yorkshire Police,North Yorkshire Police,-1.098309,53.993459,On or near ,E01013431,York 006D,Unable to prosecute suspect
810d3c4161bae58f08caed51595e1e2dbf1049cfdc66f9736bf6d4b4bccfc179,2025-01,North Yorkshire Police,North Yorkshire Police,-1.073654,53.947209,On or near Sports/Recreation Area,E01013362,York 019C,Unable to prosecute suspect
810d3c4161bae58f08caed51595e1e2dbf1049cfdc66f9736bf6d4b4bccfc179,2025-01,North Yorkshire Police,North Yorkshire Police,-1.073654,53.947209,On or near Sports/Recreation Area,E01013362,York 019C,Unable to prosecute suspect
9cd215247113c8a4ddc57e00381f0f80902e43030b881fa0f3337960464a8f22,2025-01,North Yorkshire Police,North Yorkshire Police,-1.524534,54.001402,On or near Hambleton Road,E01027649,Harrogate 013A,Unable to prosecute suspect
9cd215247113c8a4ddc57e00381f0f80902e43030b881fa0f3337960464a8f22,2025-01,North Yorkshire Police,North Yorkshire Police,-1.524534,54.001402,On or near Hambleton Road,E01027649,Harrogate 013A,Unable to prosecute suspect
d73354da0bbe99126fa3edc706594afd0fade5b74112a1720a9c2c3b8f04fc66,2025-01,North Yorkshire Police,North Yorkshire Police,-0.978234,53.961896,On or near Greenside Walk,E01013351,York 020A,Unable to prosecute suspect
3c3e1a46d73ca83bd35a25c37108123ade77a3c33f35539696cfa9ece458aad9,2025-01,North Yorkshire Police,North Yorkshire Police,-1.074713,53.965454,On or near Park Crescent,E01013369,York 013C,Offender given a caution
3c3e1a46d73ca83bd35a25c37108123ade77a3c33f35539696cfa9ece458aad9,2025-01,North Yorkshire Police,North Yorkshire Police,-1.074713,53.965454,On or near Park Crescent,E01013369,York 013C,Offender given a caution
d03a6dbab78028797cd9e74d8d177da946f9f771972521af910468355543b102,2025-01,North Yorkshire Police,North Yorkshire Police,-1.076830,53.966190,On or near Jackson Street,E01013369,York 013C,Further investigation is not in the public interest
e801cc0b5b433dfbfcba2a566a3d785499b241605375d93cb9fa175d3092f65b,2025-01,North Yorkshire Police,North Yorkshire Police,-1.391814,54.171435,On or near Orchard Cottages,E01027737,Harrogate 003D,Unable to prosecute suspect
e801cc0b5b433dfbfcba2a566a3d785499b241605375d93cb9fa175d3092f65b,2025-01,North Yorkshire Police,North Yorkshire Police,-1.391814,54.171435,On or near Orchard Cottages,E01027737,Harrogate 003D,Unable to prosecute suspect
872af663421eb87ef54ced6effea9e76c9d2c5008a905a954486f65e1623e744,2025-01,North Yorkshire Police,North Yorkshire Police,-1.438546,54.336832,On or near Malpas Drive,E01027605,Hambleton 013D,Unable to prosecute suspect
872af663421eb87ef54ced6effea9e76c9d2c5008a905a954486f65e1623e744,2025-01,North Yorkshire Police,North Yorkshire Police,-1.438546,54.336832,On or near Malpas Drive,E01027605,Hambleton 013D,Unable to prosecute suspect
872af663421eb87ef54ced6effea9e76c9d2c5008a905a954486f65e1623e744,2025-01,North Yorkshire Police,North Yorkshire Police,-1.438546,54.336832,On or near Malpas Drive,E01027605,Hambleton 013D,Unable to prosecute suspect
90f5008c02baa294fb3520b9de8525e6da78b2d6f2d26f7cc3601e0bb8554a14,2025-01,North Yorkshire Police,North Yorkshire Police,-1.084994,53.974162,On or near Intake Avenue,E01013345,York 009B,Unable to prosecute suspect
90f5008c02baa294fb3520b9de8525e6da78b2d6f2d26f7cc3601e0bb8554a14,2025-01,North Yorkshire Police,North Yorkshire Police,-1.084994,53.974162,On or near Intake Avenue,E01013345,York 009B,Unable to prosecute suspect
1f2d41b3d97ecfca7bd9a80ab49457d072b5e65016eef9eaf46af90a04d9f735,2025-01,North Yorkshire Police,North Yorkshire Police,-0.815801,54.461464,On or near Rake Lane,E01027813,Scarborough 002A,Suspect charged
1f2d41b3d97ecfca7bd9a80ab49457d072b5e65016eef9eaf46af90a04d9f735,2025-01,North Yorkshire Police,North Yorkshire Police,-0.815801,54.461464,On or near Rake Lane,E01027813,Scarborough 002A,Suspect charged
31a4c0d411a9ea90e14bb280dc6a209bb4c32b65ce79c858b657c20b8cdb0f6f,2025-01,North Yorkshire Police,North Yorkshire Police,-1.133456,53.947979,On or near Cornlands Road,E01013446,York 018D,Unable to prosecute suspect
31a4c0d411a9ea90e14bb280dc6a209bb4c32b65ce79c858b657c20b8cdb0f6f,2025-01,North Yorkshire Police,North Yorkshire Police,-1.133456,53.947979,On or near Cornlands Road,E01013446,York 018D,Unable to prosecute suspect
e9ee3320d1278783b44d05653ef9fbe20e1123cdc4957a2cce226756d240b58e,2025-01,North Yorkshire Police,North Yorkshire Police,-1.391814,54.171435,On or near Orchard Cottages,E01027737,Harrogate 003D,Unable to prosecute suspect
e9ee3320d1278783b44d05653ef9fbe20e1123cdc4957a2cce226756d240b58e,2025-01,North Yorkshire Police,North Yorkshire Police,-1.391814,54.171435,On or near Orchard Cottages,E01027737,Harrogate 003D,Unable to prosecute suspect
d1476b347e1fb7b39158152735c9f1c219c9b9caeb86d6352e26a8a0693eba97,2025-01,North Yorkshire Police,North Yorkshire Police,-1.440798,54.338595,On or near Bailey Court,E01027608,Hambleton 013B,Unable to prosecute suspect
d1476b347e1fb7b39158152735c9f1c219c9b9caeb86d6352e26a8a0693eba97,2025-01,North Yorkshire Police,North Yorkshire Police,-1.440798,54.338595,On or near Bailey Court,E01027608,Hambleton 013B,Unable to prosecute suspect
756e5752cc9f24ac1bafd3c11daaf27e7df2476150fc9494d391cba076692367,2025-01,North Yorkshire Police,North Yorkshire Police,-0.423298,54.292957,On or near ,E01027845,Scarborough 005D,Local resolution
21a6fb40b3aa06f162e0ef88e773cd1e07f8d43ba18ce4555581030cd0d45210,2025-01,North Yorkshire Police,North Yorkshire Police,-1.524376,54.007216,On or near Woodfield Road,E01027740,Harrogate 013F,Unable to prosecute suspect
21a6fb40b3aa06f162e0ef88e773cd1e07f8d43ba18ce4555581030cd0d45210,2025-01,North Yorkshire Police,North Yorkshire Police,-1.524376,54.007216,On or near Woodfield Road,E01027740,Harrogate 013F,Unable to prosecute suspect
3e31686e0f8f9e91af236b404130ff042015478e213bee746ca90beaaf71b208,2025-01,North Yorkshire Police,North Yorkshire Police,-1.130117,53.940765,On or near Cranfield Place,E01013448,York 018F,Unable to prosecute suspect
a4924d45a28f7ceaf61f86e98feb1c9e503cfd01b702acf1296bc7c1f6ee2717,2025-01,North Yorkshire Police,North Yorkshire Police,-1.093194,53.954621,On or near Conference/Exhibition Centre,E01013416,York 013E,Unable to prosecute suspect
a4924d45a28f7ceaf61f86e98feb1c9e503cfd01b702acf1296bc7c1f6ee2717,2025-01,North Yorkshire Police,North Yorkshire Police,-1.093194,53.954621,On or near Conference/Exhibition Centre,E01013416,York 013E,Unable to prosecute suspect
b20d7d3717e602ab0dcd85bca6948fb355e016c2f6574fe4edf15e1e34db39c6,2025-01,North Yorkshire Police,North Yorkshire Police,-1.086976,53.972766,On or near Burton Stone Lane,E01013345,York 009B,Unable to prosecute suspect
b20d7d3717e602ab0dcd85bca6948fb355e016c2f6574fe4edf15e1e34db39c6,2025-01,North Yorkshire Police,North Yorkshire Police,-1.086976,53.972766,On or near Burton Stone Lane,E01013345,York 009B,Unable to prosecute suspect
b0d5a5bd48c67fd57c7ee696b2991e5146e99e3533593f19f8b3f9acd2388f57,2025-01,North Yorkshire Police,North Yorkshire Police,-0.402138,54.243576,On or near ,E01027819,Scarborough 012B,Unable to prosecute suspect
b0d5a5bd48c67fd57c7ee696b2991e5146e99e3533593f19f8b3f9acd2388f57,2025-01,North Yorkshire Police,North Yorkshire Police,-0.402138,54.243576,On or near ,E01027819,Scarborough 012B,Unable to prosecute suspect
918c6de258eb6f77fcfc8d2162a8368b84ef9155a2e3b91ddcbfaa8cec6ba48a,2025-01,North Yorkshire Police,North Yorkshire Police,-0.617375,54.198679,On or near Kirby Lane,E01027802,Ryedale 002F,Further investigation is not in the public interest
37d79353738784d468194ee1f2ca75cdb8e64c761e3e7b4777ebedf11a8631ba,2025-01,North Yorkshire Police,North Yorkshire Police,-1.142262,53.952482,On or near Barkston Grove,E01013444,York 018C,Unable to prosecute suspect
25b191c728645554d2375a54061b5f99369d0aaca3b396cea2006f7441a69a8a,2025-01,North Yorkshire Police,North Yorkshire Police,-1.184695,54.477699,On or near Cherrywood Avenue,E01027624,Hambleton 002C,Unable to prosecute suspect
c69d4a0c17c67b9ee0d58037f8f5925841e1be7ce666eee7ac33c08b6783e4e0,2025-01,North Yorkshire Police,North Yorkshire Police,-1.539772,53.993282,On or near Cambridge Place,E01027678,Harrogate 015E,Investigation complete; no suspect identified
327bae2775fe21d123b855884377c6c49781cd125af504a81abd8ece3430191f,2025-01,North Yorkshire Police,North Yorkshire Police,-1.076595,53.960274,On or near St Saviour's Place,E01033067,York 013F,Suspect charged
327bae2775fe21d123b855884377c6c49781cd125af504a81abd8ece3430191f,2025-01,North Yorkshire Police,North Yorkshire Police,-1.076595,53.960274,On or near St Saviour's Place,E01033067,York 013F,Suspect charged
327bae2775fe21d123b855884377c6c49781cd125af504a81abd8ece3430191f,2025-01,North Yorkshire Police,North Yorkshire Police,-1.076595,53.960274,On or near St Saviour's Place,E01033067,York 013F,Suspect charged
762f6ac679363b50fd371daab6eca25426e6999c7909def74dcf52adb35ebffd,2025-01,North Yorkshire Police,North Yorkshire Police,-1.433370,54.335227,On or near Lynton Way,E01027606,Hambleton 012E,Unable to prosecute suspect
80f3345e14ec657323e4791fdb190eb2f18e934ddd499c8c5baf39e41cfe937a,2025-01,North Yorkshire Police,North Yorkshire Police,-1.244252,54.040943,On or near Mill Lane,E01027619,Hambleton 011B,Investigation complete; no suspect identified
676697fd6afb40e9977b147e65dacf8edc62f07d19efdd038de8f038d74a9ae5,2025-01,North Yorkshire Police,North Yorkshire Police,-1.132651,53.941960,On or near Corlett Court,E01013448,York 018F,Unable to prosecute suspect
676697fd6afb40e9977b147e65dacf8edc62f07d19efdd038de8f038d74a9ae5,2025-01,North Yorkshire Police,North Yorkshire Police,-1.132651,53.941960,On or near Corlett Court,E01013448,York 018F,Unable to prosecute suspect
d44d1ccee6e91312f365abaabeda3c46f4d12803df78ea2b9d3bfe60d47c3174,2025-01,North Yorkshire Police,North Yorkshire Police,-1.110703,54.102091,On or near Carr Lane,E01027622,Hambleton 010E,Local resolution
2929b48ae080f072344e6792aa664c5cf7c2b742f57e68fe57cddd592650bf82,2025-01,North Yorkshire Police,North Yorkshire Police,-1.985351,53.908895,On or near Skipton Road,E01027555,Craven 008A,Unable to prosecute suspect
2929b48ae080f072344e6792aa664c5cf7c2b742f57e68fe57cddd592650bf82,2025-01,North Yorkshire Police,North Yorkshire Police,-1.985351,53.908895,On or near Skipton Road,E01027555,Craven 008A,Unable to prosecute suspect
6f00e41f476e659ce02d00c8947d799244e6c9dfc53ad113bc3b9eb584720427,2025-01,North Yorkshire Police,North Yorkshire Police,-1.358680,54.208067,On or near Topcliffe Road,E01034959,Hambleton 009E,Further investigation is not in the public interest
1cbab99243000c067d28244aae1840c8e677dd0db33edf37f5622a4364dfddd2,2025-01,North Yorkshire Police,North Yorkshire Police,-0.397827,54.283650,On or near Shopping Area,E01027806,Scarborough 006B,Suspect charged
1cbab99243000c067d28244aae1840c8e677dd0db33edf37f5622a4364dfddd2,2025-01,North Yorkshire Police,North Yorkshire Police,-0.397827,54.283650,On or near Shopping Area,E01027806,Scarborough 006B,Suspect charged
efa05fc11048cb0894996b6fcaafb167c9276118b525fe99ec245e40c3cfddb6,2025-01,North Yorkshire Police,North Yorkshire Police,-1.060673,54.246378,On or near Supermarket,E01027780,Ryedale 003B,Investigation complete; no suspect identified
43ef8997da25f31a5deecd463576dd20ceed3e58cf37a0d0db46cf77eb402cb9,2025-01,North Yorkshire Police,North Yorkshire Police,-1.092573,53.948118,On or near Coggan Close,E01013412,York 021C,Action to be taken by another organisation
9afa30a9bf6e7aa9cbf406a5db05849ff08fe9b5e9a60a423af96e12f4fb1652,2025-01,North Yorkshire Police,North Yorkshire Police,-0.413652,54.269631,On or near Sports/Recreation Area,E01027853,Scarborough 010C,Unable to prosecute suspect
9afa30a9bf6e7aa9cbf406a5db05849ff08fe9b5e9a60a423af96e12f4fb1652,2025-01,North Yorkshire Police,North Yorkshire Police,-0.413652,54.269631,On or near Sports/Recreation Area,E01027853,Scarborough 010C,Unable to prosecute suspect
9afa30a9bf6e7aa9cbf406a5db05849ff08fe9b5e9a60a423af96e12f4fb1652,2025-01,North Yorkshire Police,North Yorkshire Police,-0.413652,54.269631,On or near Sports/Recreation Area,E01027853,Scarborough 010C,Unable to prosecute suspect
8483d3b9a6d8af88c88516982acdc5495a124efb380943b65975da35b6feb9ec,2025-01,North Yorkshire Police,North Yorkshire Police,-1.079084,53.960778,On or near Granary Court,E01013369,York 013C,Investigation complete; no suspect identified
15deec42c57fabeff94b4c8c38b7b4af3618916164938d897f2c8824d37c9983,2025-01,North Yorkshire Police,North Yorkshire Police,-1.079084,53.960778,On or near Granary Court,E01013369,York 013C,Investigation complete; no suspect identified
346ebde8ef218495d2a7d082d89939f15bf5f187e92b9058fa15dc9f2af31f9b,2025-01,North Yorkshire Police,North Yorkshire Police,-2.010603,53.964161,On or near Overdale Court,E01027574,Craven 005A,Investigation complete; no suspect identified
395dafa4f125ecd44157dde68324053c9c3da5526d76841d833a8fd0462f6757,2025-01,North Yorkshire Police,North Yorkshire Police,-1.060762,53.782283,On or near The Haven,E01027909,Selby 005E,Unable to prosecute suspect
b738a2c31a7163318d14099f01a6004fb04c7c518980a6bba3eea2107f975f67,2025-01,North Yorkshire Police,North Yorkshire Police,-1.072585,53.950742,On or near Cemetery Road,E01013364,York 019E,Suspect charged
b738a2c31a7163318d14099f01a6004fb04c7c518980a6bba3eea2107f975f67,2025-01,North Yorkshire Police,North Yorkshire Police,-1.072585,53.950742,On or near Cemetery Road,E01013364,York 019E,Suspect charged
408107ed1aebaa071d6d14dbb94da0d53ce343879d704f96b3e1ef514bd2f204,2025-01,North Yorkshire Police,North Yorkshire Police,-0.775863,54.128749,On or near Wayfarings Close,E01034971,Ryedale 009E,Suspect charged
408107ed1aebaa071d6d14dbb94da0d53ce343879d704f96b3e1ef514bd2f204,2025-01,North Yorkshire Police,North Yorkshire Police,-0.775863,54.128749,On or near Wayfarings Close,E01034971,Ryedale 009E,Suspect charged
ecd6cb570ece5787f40ae8a73acc933d27118672d719565925b8e5dc0f210a5c,2025-01,North Yorkshire Police,North Yorkshire Police,-0.991669,54.253523,On or near Beckett Close,E01027780,Ryedale 003B,Unable to prosecute suspect
ecd6cb570ece5787f40ae8a73acc933d27118672d719565925b8e5dc0f210a5c,2025-01,North Yorkshire Police,North Yorkshire Police,-0.991669,54.253523,On or near Beckett Close,E01027780,Ryedale 003B,Unable to prosecute suspect
4a2ff660937b197485838c66f5ce67e376d700f1fac4c65f767be377c8b767b8,2025-01,North Yorkshire Police,North Yorkshire Police,-1.563318,54.006897,On or near Nidderdale Way,E01027720,Harrogate 011C,Unable to prosecute suspect
4a2ff660937b197485838c66f5ce67e376d700f1fac4c65f767be377c8b767b8,2025-01,North Yorkshire Police,North Yorkshire Police,-1.563318,54.006897,On or near Nidderdale Way,E01027720,Harrogate 011C,Unable to prosecute suspect
95b2bd1f9cbd36f397c8e039b42ac5de22ace5a03f9460f6cbbaa383d320f765,2025-01,North Yorkshire Police,North Yorkshire Police,,,No location,,,Unable to prosecute suspect
c543cd528cefd48a5b02ad53abb376dddb27fd21984a827321ee421c046ee54d,2025-01,North Yorkshire Police,North Yorkshire Police,-1.065638,53.767533,On or near ,E01027879,Selby 007A,Investigation complete; no suspect identified
2e3a111326f4f8c712bb563c275f10600ba105017bc6297fa2b91d5119b07963,2025-01,North Yorkshire Police,North Yorkshire Police,-1.074263,53.953425,On or near Theatre/Concert Hall,E01013363,York 019D,Unable to prosecute suspect
2e3a111326f4f8c712bb563c275f10600ba105017bc6297fa2b91d5119b07963,2025-01,North Yorkshire Police,North Yorkshire Police,-1.074263,53.953425,On or near Theatre/Concert Hall,E01013363,York 019D,Unable to prosecute suspect
0a9ad5b0008aa7f66bdbae2e2298c87abfc7907985d3e835c9c47c22b5bf26d2,2025-01,North Yorkshire Police,North Yorkshire Police,-1.686431,54.380096,On or near Lavender Court,E01027749,Richmondshire 004A,Unable to prosecute suspect
b5c70cd1a5301bb7661322a4a838a09ab8ec2fdd62350d177f2db2b4173cc10a,2025-01,North Yorkshire Police,North Yorkshire Police,-1.135474,53.942484,On or near Stirrup Close,E01013449,York 022F,Unable to prosecute suspect
b5c70cd1a5301bb7661322a4a838a09ab8ec2fdd62350d177f2db2b4173cc10a,2025-01,North Yorkshire Police,North Yorkshire Police,-1.135474,53.942484,On or near Stirrup Close,E01013449,York 022F,Unable to prosecute suspect
4b4e806ca980c5fbfd64bae53febc7abbd96036a4da38342d5c8c8701287fc32,2025-01,North Yorkshire Police,North Yorkshire Police,-1.985351,53.908895,On or near Skipton Road,E01027555,Craven 008A,Unable to prosecute suspect
4b4e806ca980c5fbfd64bae53febc7abbd96036a4da38342d5c8c8701287fc32,2025-01,North Yorkshire Police,North Yorkshire Police,-1.985351,53.908895,On or near Skipton Road,E01027555,Craven 008A,Unable to prosecute suspect
cb5cff769e82aebd52fd86fad9e8f4d7353f4b8d3ab015e4092fe8930d51b11a,2025-01,North Yorkshire Police,North Yorkshire Police,-2.076005,54.379463,On or near B6270,E01027773,Richmondshire 005E,Investigation complete; no suspect identified
7a9ee8f7308013632ae5416ec660482c2d540ae09e1815cbd7ce7b63a5946267,2025-01,North Yorkshire Police,North Yorkshire Police,-0.417087,54.273325,On or near West Bank,E01027826,Scarborough 009C,Unable to prosecute suspect
c465041d82fd2b951b5df955b9962798479afee354ce72ca533f699fb2fc52ab,2025-01,North Yorkshire Police,North Yorkshire Police,-1.081757,53.968124,On or near Supermarket,E01013366,York 013A,Suspect charged
c465041d82fd2b951b5df955b9962798479afee354ce72ca533f699fb2fc52ab,2025-01,North Yorkshire Police,North Yorkshire Police,-1.081757,53.968124,On or near Supermarket,E01013366,York 013A,Suspect charged
32e0f5f3073a0e996f8822b3e0e52b544b46972c9ff727e907a7b601614823c0,2025-01,North Yorkshire Police,North Yorkshire Police,-0.407106,54.280851,On or near Victoria Road,E01027804,Scarborough 010A,Suspect charged
32e0f5f3073a0e996f8822b3e0e52b544b46972c9ff727e907a7b601614823c0,2025-01,North Yorkshire Police,North Yorkshire Police,-0.407106,54.280851,On or near Victoria Road,E01027804,Scarborough 010A,Suspect charged
32e0f5f3073a0e996f8822b3e0e52b544b46972c9ff727e907a7b601614823c0,2025-01,North Yorkshire Police,North Yorkshire Police,-0.407106,54.280851,On or near Victoria Road,E01027804,Scarborough 010A,Suspect charged
7dc05c97ede427fdfe0d1b40c2a15d0ef5878f5b764a64cfbbf29c85aeb438a7,2025-01,North Yorkshire Police,North Yorkshire Police,-1.538891,53.993009,On or near Shopping Area,E01027678,Harrogate 015E,Unable to prosecute suspect
24eaf664ccf642640c95b7843f89c810eff6d06b4f31d22c89f3fbd61d423f6d,2025-01,North Yorkshire Police,North Yorkshire Police,-1.076633,53.988209,On or near Garthway,E01013404,York 004A,Suspect charged
24eaf664ccf642640c95b7843f89c810eff6d06b4f31d22c89f3fbd61d423f6d,2025-01,North Yorkshire Police,North Yorkshire Police,-1.076633,53.988209,On or near Garthway,E01013404,York 004A,Suspect charged
2dcc86e123c439b19090553b5e8ae23d0cc15cdabc66615a92994e4327d52154,2025-01,North Yorkshire Police,North Yorkshire Police,-1.509064,53.997520,On or near Century Walk,E01027648,Harrogate 014A,Unable to prosecute suspect
2dcc86e123c439b19090553b5e8ae23d0cc15cdabc66615a92994e4327d52154,2025-01,North Yorkshire Police,North Yorkshire Police,-1.509064,53.997520,On or near Century Walk,E01027648,Harrogate 014A,Unable to prosecute suspect
d348849b83d139a55b7c4e84a3c36801c2a8683f6f447b8204221548b80ee2b1,2025-01,North Yorkshire Police,North Yorkshire Police,-1.545278,54.137519,On or near Ash Bank Avenue,E01027715,Harrogate 002D,Unable to prosecute suspect
d348849b83d139a55b7c4e84a3c36801c2a8683f6f447b8204221548b80ee2b1,2025-01,North Yorkshire Police,North Yorkshire Police,-1.545278,54.137519,On or near Ash Bank Avenue,E01027715,Harrogate 002D,Unable to prosecute suspect
735f8719c62f8ef266e2cd5c8b97222f0c281f9b133eb17d06c5710a666122f6,2025-01,North Yorkshire Police,North Yorkshire Police,-0.408410,54.282891,On or near Cambridge Street,E01027812,Scarborough 008C,Unable to prosecute suspect
735f8719c62f8ef266e2cd5c8b97222f0c281f9b133eb17d06c5710a666122f6,2025-01,North Yorkshire Police,North Yorkshire Police,-0.408410,54.282891,On or near Cambridge Street,E01027812,Scarborough 008C,Unable to prosecute suspect
59e80cc6c0cf9e424b558b982e52ecf3226eeee573967f312debd6d198b1f27d,2025-01,North Yorkshire Police,North Yorkshire Police,-0.409728,54.288544,On or near Peasholm Crescent,E01027849,Scarborough 007A,Unable to prosecute suspect
59e80cc6c0cf9e424b558b982e52ecf3226eeee573967f312debd6d198b1f27d,2025-01,North Yorkshire Police,North Yorkshire Police,-0.409728,54.288544,On or near Peasholm Crescent,E01027849,Scarborough 007A,Unable to prosecute suspect
a147a88057bfd9a95952dc2f0b785e546f218fe703c10483ceb09c9b993fdda3,2025-01,North Yorkshire Police,North Yorkshire Police,-0.409728,54.288544,On or near Peasholm Crescent,E01027849,Scarborough 007A,Unable to prosecute suspect
a147a88057bfd9a95952dc2f0b785e546f218fe703c10483ceb09c9b993fdda3,2025-01,North Yorkshire Police,North Yorkshire Police,-0.409728,54.288544,On or near Peasholm Crescent,E01027849,Scarborough 007A,Unable to prosecute suspect
a1409ac6e891df968c3bae2b423425df5078c31d6dd181c4ffe19f4ba9ee2f89,2025-01,North Yorkshire Police,North Yorkshire Police,-1.066283,53.989333,On or near Alderley Court,E01013404,York 004A,Local resolution
2c2af25d2b563cef3db669737f9043c189bf6dc3f53bdb1adba8adc41162c1ab,2025-01,North Yorkshire Police,North Yorkshire Police,-1.287928,53.965720,On or near Norfolk Gardens,E01027683,Harrogate 016A,Investigation complete; no suspect identified
ef3f47cb6d36fc7d8ac581647612018db24c3e1bd43741c335ff9bc596e8e19a,2025-01,North Yorkshire Police,North Yorkshire Police,-0.407259,54.281276,On or near Police Station,E01027812,Scarborough 008C,Suspect charged
ef3f47cb6d36fc7d8ac581647612018db24c3e1bd43741c335ff9bc596e8e19a,2025-01,North Yorkshire Police,North Yorkshire Police,-0.407259,54.281276,On or near Police Station,E01027812,Scarborough 008C,Suspect charged
98e5529b3f2afb2dcadc86d1786f5d98040f5d5db2b5841d0a95f5162004f90b,2025-01,North Yorkshire Police,North Yorkshire Police,-1.068689,53.975807,On or near Byland Avenue,E01013386,York 010E,Unable to prosecute suspect
3367d344d446c8e199317ef783bee8df0829875997a552f6bcd39dba6f7972da,2025-01,North Yorkshire Police,North Yorkshire Police,-1.468179,54.012962,On or near Petrol Station,E01027669,Harrogate 009B,Unable to prosecute suspect
3367d344d446c8e199317ef783bee8df0829875997a552f6bcd39dba6f7972da,2025-01,North Yorkshire Police,North Yorkshire Police,-1.468179,54.012962,On or near Petrol Station,E01027669,Harrogate 009B,Unable to prosecute suspect
3367d344d446c8e199317ef783bee8df0829875997a552f6bcd39dba6f7972da,2025-01,North Yorkshire Police,North Yorkshire Police,-1.468179,54.012962,On or near Petrol Station,E01027669,Harrogate 009B,Unable to prosecute suspect
3367d344d446c8e199317ef783bee8df0829875997a552f6bcd39dba6f7972da,2025-01,North Yorkshire Police,North Yorkshire Police,-1.468179,54.012962,On or near Petrol Station,E01027669,Harrogate 009B,Unable to prosecute suspect
3367d344d446c8e199317ef783bee8df0829875997a552f6bcd39dba6f7972da,2025-01,North Yorkshire Police,North Yorkshire Police,-1.468179,54.012962,On or near Petrol Station,E01027669,Harrogate 009B,Unable to prosecute suspect
4eb99d5b58d54ae4d2444e3eb18f46ad86d2d7e5f90362ee540d9d96d01fd962,2025-01,North Yorkshire Police,North Yorkshire Police,-1.253799,53.888801,On or near Meadow Way,E01027918,Selby 001A,Further investigation is not in the public interest
4eb99d5b58d54ae4d2444e3eb18f46ad86d2d7e5f90362ee540d9d96d01fd962,2025-01,North Yorkshire Police,North Yorkshire Police,-1.253799,53.888801,On or near Meadow Way,E01027918,Selby 001A,Further investigation is not in the public interest
b7221b89a2c2ba9e5fdf26988fc1cc90a85a017af84ca484c8429db78bcc613e,2025-01,North Yorkshire Police,North Yorkshire Police,-1.063285,53.984960,On or near Brockfield Park Drive,E01013405,York 005A,Suspect charged
b7221b89a2c2ba9e5fdf26988fc1cc90a85a017af84ca484c8429db78bcc613e,2025-01,North Yorkshire Police,North Yorkshire Police,-1.063285,53.984960,On or near Brockfield Park Drive,E01013405,York 005A,Suspect charged
b7221b89a2c2ba9e5fdf26988fc1cc90a85a017af84ca484c8429db78bcc613e,2025-01,North Yorkshire Police,North Yorkshire Police,-1.063285,53.984960,On or near Brockfield Park Drive,E01013405,York 005A,Suspect charged
b7221b89a2c2ba9e5fdf26988fc1cc90a85a017af84ca484c8429db78bcc613e,2025-01,North Yorkshire Police,North Yorkshire Police,-1.063285,53.984960,On or near Brockfield Park Drive,E01013405,York 005A,Suspect charged
5d0ae07ec171e1c7089ca9ea8185a90cf2c931fdd9458c71cce7917f2e579ef0,2025-01,North Yorkshire Police,North Yorkshire Police,-1.042185,53.972687,On or near Larchfield,E01013388,York 008E,Unable to prosecute suspect
5d0ae07ec171e1c7089ca9ea8185a90cf2c931fdd9458c71cce7917f2e579ef0,2025-01,North Yorkshire Police,North Yorkshire Police,-1.042185,53.972687,On or near Larchfield,E01013388,York 008E,Unable to prosecute suspect
a4a4ef4defe7df21c2dae284cfa0b894f0cddc13187fa2e6d100d207335947be,2025-01,North Yorkshire Police,North Yorkshire Police,-1.082403,53.950521,On or near Anne Street,E01013418,York 019F,Unable to prosecute suspect
9bf5e9ddf5e3bc633e3e83457990a7fb10a53d43fbedea3be8e8e3b55ee184ca,2025-01,North Yorkshire Police,North Yorkshire Police,-2.292915,54.143853,On or near Chapel Lane,E01027571,Craven 003B,Unable to prosecute suspect
9bf5e9ddf5e3bc633e3e83457990a7fb10a53d43fbedea3be8e8e3b55ee184ca,2025-01,North Yorkshire Police,North Yorkshire Police,-2.292915,54.143853,On or near Chapel Lane,E01027571,Craven 003B,Unable to prosecute suspect
1513daef72ecc29606612a3fd4b0184a21eeaa026ba7541d9f564e9660d14375,2025-01,North Yorkshire Police,North Yorkshire Police,-1.985351,53.908895,On or near Skipton Road,E01027555,Craven 008A,Offender given a caution
1513daef72ecc29606612a3fd4b0184a21eeaa026ba7541d9f564e9660d14375,2025-01,North Yorkshire Police,North Yorkshire Police,-1.985351,53.908895,On or near Skipton Road,E01027555,Craven 008A,Offender given a caution
a65bb7058bb06f1d0b629c7b40cc42f06dfa9072e11be95638ca6b76bd701e8f,2025-01,North Yorkshire Police,North Yorkshire Police,-1.050983,53.953863,On or near A1079,E01013403,York 015F,Unable to prosecute suspect
a65bb7058bb06f1d0b629c7b40cc42f06dfa9072e11be95638ca6b76bd701e8f,2025-01,North Yorkshire Police,North Yorkshire Police,-1.050983,53.953863,On or near A1079,E01013403,York 015F,Unable to prosecute suspect
13a0b2f219a7fbdbde010f55ba1d3a50d1ff497472860ffc97a0c6efa15bc3ff,2025-01,North Yorkshire Police,North Yorkshire Police,-1.068689,53.975807,On or near Byland Avenue,E01013386,York 010E,Unable to prosecute suspect
0a4a49a4f6e0c1750374d1d541a95ec96b3cd79fa14df0c9ea6a238f6934148f,2025-01,North Yorkshire Police,North Yorkshire Police,,,No location,,,Suspect charged
0a4a49a4f6e0c1750374d1d541a95ec96b3cd79fa14df0c9ea6a238f6934148f,2025-01,North Yorkshire Police,North Yorkshire Police,,,No location,,,Suspect charged
ce7cd6df38afc76c172e11380156d823bb7de65ab4290fdb39612ae90bd08366,2025-01,North Yorkshire Police,North Yorkshire Police,-1.537158,53.993848,On or near Parking Area,E01027656,Harrogate 019A,Investigation complete; no suspect identified
cc007fc4a7b1995cd96b702b5ef3a89083f2021914e7c629ad3f2b891eebd3c2,2025-01,North Yorkshire Police,North Yorkshire Police,-1.081430,53.958064,On or near High Ousegate,E01033070,York 013I,Unable to prosecute suspect
a60c42074ec2876374bfe224272ba0f722def4702c811f110279203a7469b9ea,2025-01,North Yorkshire Police,North Yorkshire Police,-1.080058,53.960121,On or near King's Square,E01033070,York 013I,Suspect charged
a60c42074ec2876374bfe224272ba0f722def4702c811f110279203a7469b9ea,2025-01,North Yorkshire Police,North Yorkshire Police,-1.080058,53.960121,On or near King's Square,E01033070,York 013I,Suspect charged
de50e0c62771f67f114c375535776e6423d7894b041f23c8976fa0ed087abde2,2025-01,North Yorkshire Police,North Yorkshire Police,-1.551746,54.000392,On or near Scargill Road,E01027689,Harrogate 011A,Investigation complete; no suspect identified
7f41888d98be327ed329114d5deed521a03232e44774374f3fb795aef3bedad5,2025-01,North Yorkshire Police,North Yorkshire Police,-1.685536,54.376265,On or near Beechwood Grove,E01034967,Richmondshire 004K,Unable to prosecute suspect
7f41888d98be327ed329114d5deed521a03232e44774374f3fb795aef3bedad5,2025-01,North Yorkshire Police,North Yorkshire Police,-1.685536,54.376265,On or near Beechwood Grove,E01034967,Richmondshire 004K,Unable to prosecute suspect
61bf94c795078b5ab137d502f7b175462d36397595a4aee74a78c5f9e9f1f499,2025-01,North Yorkshire Police,North Yorkshire Police,-0.531155,54.181965,On or near St Hilda's Street,E01027798,Ryedale 004C,Unable to prosecute suspect
4a4d9fab3424ef137e5e3d4c6efdb08e81b54ca82758e067ced6d0f09a4c52c9,2025-01,North Yorkshire Police,North Yorkshire Police,-1.078379,53.785890,On or near Supermarket,E01027908,Selby 005D,Suspect charged
4a4d9fab3424ef137e5e3d4c6efdb08e81b54ca82758e067ced6d0f09a4c52c9,2025-01,North Yorkshire Police,North Yorkshire Police,-1.078379,53.785890,On or near Supermarket,E01027908,Selby 005D,Suspect charged
1cb32cd2fb8bae55acbba52800eb54caf22baf1a0fe70a8d83725c0cad034013,2025-01,North Yorkshire Police,North Yorkshire Police,-1.201885,54.468279,On or near Leven Road,E01027626,Hambleton 002D,Unable to prosecute suspect
1cb32cd2fb8bae55acbba52800eb54caf22baf1a0fe70a8d83725c0cad034013,2025-01,North Yorkshire Police,North Yorkshire Police,-1.201885,54.468279,On or near Leven Road,E01027626,Hambleton 002D,Unable to prosecute suspect
61110f7bebbee46b5eea9958e04423cd9edcbcbddf63e9a4592050db3437e08c,2025-01,North Yorkshire Police,North Yorkshire Police,-1.247140,53.821582,On or near Common Road,E01027904,Selby 002E,Unable to prosecute suspect
666c23f35509f8e6b0b51451452d390fa9ca1090bfd6fea061e3f926ff2d221e,2025-01,North Yorkshire Police,North Yorkshire Police,-2.017769,53.897831,On or near Jackson Row,E01027584,Craven 008F,Unable to prosecute suspect
666c23f35509f8e6b0b51451452d390fa9ca1090bfd6fea061e3f926ff2d221e,2025-01,North Yorkshire Police,North Yorkshire Police,-2.017769,53.897831,On or near Jackson Row,E01027584,Craven 008F,Unable to prosecute suspect
2854f5b77ef8b1aded721c6b6789848fd24b670dade76601d4e25103097ab0ba,2025-01,North Yorkshire Police,North Yorkshire Police,-1.083447,53.776212,On or near Green Lane,E01034984,Selby 006F,Unable to prosecute suspect
37099ce14bae8a4c537eff312255f3596ef5a377c91c11c86056e47b6fda0f82,2025-01,North Yorkshire Police,North Yorkshire Police,-1.067895,53.939669,On or near Endfields Road,E01013360,York 019A,Unable to prosecute suspect
37099ce14bae8a4c537eff312255f3596ef5a377c91c11c86056e47b6fda0f82,2025-01,North Yorkshire Police,North Yorkshire Police,-1.067895,53.939669,On or near Endfields Road,E01013360,York 019A,Unable to prosecute suspect
37099ce14bae8a4c537eff312255f3596ef5a377c91c11c86056e47b6fda0f82,2025-01,North Yorkshire Police,North Yorkshire Police,-1.067895,53.939669,On or near Endfields Road,E01013360,York 019A,Unable to prosecute suspect
e2868503a5b5d9c056af945e2e8db0826270ac59b7ab1253bb193111e1d44afd,2025-01,North Yorkshire Police,North Yorkshire Police,-1.087342,53.944150,On or near Montague Street,E01013412,York 021C,Unable to prosecute suspect
e2868503a5b5d9c056af945e2e8db0826270ac59b7ab1253bb193111e1d44afd,2025-01,North Yorkshire Police,North Yorkshire Police,-1.087342,53.944150,On or near Montague Street,E01013412,York 021C,Unable to prosecute suspect
eaf257e841820084394cebffe235f9f058af57a4c2e3e5a4f11955b9ed4f8ef6,2025-01,North Yorkshire Police,North Yorkshire Police,-1.087084,53.974097,On or near Bede Avenue,E01013345,York 009B,Unable to prosecute suspect
eaf257e841820084394cebffe235f9f058af57a4c2e3e5a4f11955b9ed4f8ef6,2025-01,North Yorkshire Police,North Yorkshire Police,-1.087084,53.974097,On or near Bede Avenue,E01013345,York 009B,Unable to prosecute suspect
eaf257e841820084394cebffe235f9f058af57a4c2e3e5a4f11955b9ed4f8ef6,2025-01,North Yorkshire Police,North Yorkshire Police,-1.087084,53.974097,On or near Bede Avenue,E01013345,York 009B,Unable to prosecute suspect
eaf257e841820084394cebffe235f9f058af57a4c2e3e5a4f11955b9ed4f8ef6,2025-01,North Yorkshire Police,North Yorkshire Police,-1.087084,53.974097,On or near Bede Avenue,E01013345,York 009B,Unable to prosecute suspect
c1a4382a567d5e107751701112d9074c342ed2b34ed7b8bf2a1da1844313cdcd,2025-01,North Yorkshire Police,North Yorkshire Police,-1.443117,54.009151,On or near Holly Blue Close,E01027670,Harrogate 012A,Investigation complete; no suspect identified
3a09ab063bbcfe4d8c7932d098247bad103f7c67b54deed9ec8e7738fe073a2e,2025-01,North Yorkshire Police,North Yorkshire Police,-1.097861,53.974178,On or near Elston Close,E01013428,York 006A,Investigation complete; no suspect identified
2dcf415042c9d8a2aad9741eeb1c50e1f3e4f152a1ea063d60b838776732374a,2025-01,North Yorkshire Police,North Yorkshire Police,-1.504570,53.997043,On or near Petrol Station,E01027727,Harrogate 014D,Unable to prosecute suspect
77e746aa0825122cea830fd94df9fe2e43f104d7b474937c033ea9ef7aea8826,2025-01,North Yorkshire Police,North Yorkshire Police,-1.061415,53.774109,On or near Eden Avenue,E01034982,Selby 005J,Unable to prosecute suspect
77e746aa0825122cea830fd94df9fe2e43f104d7b474937c033ea9ef7aea8826,2025-01,North Yorkshire Police,North Yorkshire Police,-1.061415,53.774109,On or near Eden Avenue,E01034982,Selby 005J,Unable to prosecute suspect
a9c1b8d2b45b1bbae8e611e7cd43f9b1bd270bb1a4962c257acd7bc87690dc2e,2025-01,North Yorkshire Police,North Yorkshire Police,-1.734357,54.406552,On or near A6108,E01027766,Richmondshire 002B,Suspect charged
a9c1b8d2b45b1bbae8e611e7cd43f9b1bd270bb1a4962c257acd7bc87690dc2e,2025-01,North Yorkshire Police,North Yorkshire Police,-1.734357,54.406552,On or near A6108,E01027766,Richmondshire 002B,Suspect charged
f3ef0287a0c259a0555dd58e4e6ab19ba29dcd0c6a82bfa7a7e3319eaff0f9fd,2025-01,North Yorkshire Police,North Yorkshire Police,-1.069983,53.979349,On or near Foss Court,E01013406,York 005B,Unable to prosecute suspect
f3ef0287a0c259a0555dd58e4e6ab19ba29dcd0c6a82bfa7a7e3319eaff0f9fd,2025-01,North Yorkshire Police,North Yorkshire Police,-1.069983,53.979349,On or near Foss Court,E01013406,York 005B,Unable to prosecute suspect
b066f24aa04a1234b78d3a0fc32a7ce50049814bf31ae34c479704cd97fb6add,2025-01,North Yorkshire Police,North Yorkshire Police,-1.536603,54.137180,On or near Aislabie Close,E01027713,Harrogate 002B,Unable to prosecute suspect
882fe7b9f133b29ea6b4c18b8bbfb8e80b2271d6bb2268c74c54e46724359b56,2025-01,North Yorkshire Police,North Yorkshire Police,-1.458805,54.018354,On or near Hazelheads Lane,E01027675,Harrogate 007D,Unable to prosecute suspect
882fe7b9f133b29ea6b4c18b8bbfb8e80b2271d6bb2268c74c54e46724359b56,2025-01,North Yorkshire Police,North Yorkshire Police,-1.458805,54.018354,On or near Hazelheads Lane,E01027675,Harrogate 007D,Unable to prosecute suspect
ad5077a90cd7968019e28356d5e69d634d69cc90c4f9f8d6d5ab239c6c6161da,2025-01,North Yorkshire Police,North Yorkshire Police,-0.594423,54.469215,On or near ,E01034973,Scarborough 004G,Investigation complete; no suspect identified
ad5077a90cd7968019e28356d5e69d634d69cc90c4f9f8d6d5ab239c6c6161da,2025-01,North Yorkshire Police,North Yorkshire Police,-0.594423,54.469215,On or near ,E01034973,Scarborough 004G,Investigation complete; no suspect identified
36fa65a9ebc5a0520405b9e986b743369eb1ea9d05acfb1fd702d7c8973cfb04,2025-01,North Yorkshire Police,North Yorkshire Police,-1.080569,53.790553,On or near Hollywood,E01027906,Selby 006B,Unable to prosecute suspect
4cc0149c8b80594f751514e2111ef89041f945bb703c7657bcad084fb0a24d63,2025-01,North Yorkshire Police,North Yorkshire Police,-1.559378,54.015834,On or near Ripon Road,E01027665,Harrogate 008C,Unable to prosecute suspect
c0856f90725a76a31a808774895dcd85caee1bc2a6d5b24fe06a6aad2aa5820c,2025-01,North Yorkshire Police,North Yorkshire Police,-1.088365,53.961505,On or near Theatre/Concert Hall,E01013366,York 013A,Investigation complete; no suspect identified
4139bbc328b8983941369a44151998123b17fd291f18a3b78b8b4cc68fa71bc5,2025-01,North Yorkshire Police,North Yorkshire Police,-1.524875,54.136191,On or near Westgate,E01027713,Harrogate 002B,Unable to prosecute suspect
4139bbc328b8983941369a44151998123b17fd291f18a3b78b8b4cc68fa71bc5,2025-01,North Yorkshire Police,North Yorkshire Police,-1.524875,54.136191,On or near Westgate,E01027713,Harrogate 002B,Unable to prosecute suspect
e7a4f82966a18b4b80ac1d7c09ebfd11f7491afa42ba95da77c998a84489d7f3,2025-01,North Yorkshire Police,North Yorkshire Police,-1.521839,54.131362,On or near Southgate Avenue,E01027706,Harrogate 004B,Suspect charged
e7a4f82966a18b4b80ac1d7c09ebfd11f7491afa42ba95da77c998a84489d7f3,2025-01,North Yorkshire Police,North Yorkshire Police,-1.521839,54.131362,On or near Southgate Avenue,E01027706,Harrogate 004B,Suspect charged
353178eb248ce171d33e3375fe032d74d22cfa862aeef1960fec60a7cf6e8afa,2025-01,North Yorkshire Police,North Yorkshire Police,-2.023998,53.958713,On or near Supermarket,E01034957,Craven 006F,Unable to prosecute suspect
abec2a4f130375dd1fd6560517f052371101f42c59880ba81d9bb8293216370b,2025-01,North Yorkshire Police,North Yorkshire Police,-1.058670,54.003628,On or near Abbots Gait,E01013408,York 004C,Unable to prosecute suspect
abec2a4f130375dd1fd6560517f052371101f42c59880ba81d9bb8293216370b,2025-01,North Yorkshire Police,North Yorkshire Police,-1.058670,54.003628,On or near Abbots Gait,E01013408,York 004C,Unable to prosecute suspect
e63bdfe09cdf5eec5fe55437d0c5d0d8436047a6fe6f99450811e2f8d8fb4a97,2025-01,North Yorkshire Police,North Yorkshire Police,-1.056838,53.774532,On or near Abbot's Road,E01034981,Selby 005I,Suspect charged
e63bdfe09cdf5eec5fe55437d0c5d0d8436047a6fe6f99450811e2f8d8fb4a97,2025-01,North Yorkshire Police,North Yorkshire Police,-1.056838,53.774532,On or near Abbot's Road,E01034981,Selby 005I,Suspect charged
9cb7be2ec3dc3855499ef570792e1b140525d8b212c44ac46e5a50f07675cc3c,2025-01,North Yorkshire Police,North Yorkshire Police,-1.037808,54.036296,On or near Glebe Close,E01013439,York 001C,Unable to prosecute suspect
9cb7be2ec3dc3855499ef570792e1b140525d8b212c44ac46e5a50f07675cc3c,2025-01,North Yorkshire Police,North Yorkshire Police,-1.037808,54.036296,On or near Glebe Close,E01013439,York 001C,Unable to prosecute suspect
947e8cb99fe21ccffbacd89a9a6681daddfca3784c24eeebb2ad441cc5686134,2025-01,North Yorkshire Police,North Yorkshire Police,-2.019513,53.951379,On or near Henry Street,E01027582,Craven 006D,Investigation complete; no suspect identified
364f4050c10df6de3247e5db13e2d942ce6029f4fd5ff23d5db036f089e79fc9,2025-01,North Yorkshire Police,North Yorkshire Police,-1.069263,53.784246,On or near Finkle Street,E01027909,Selby 005E,Unable to prosecute suspect
364f4050c10df6de3247e5db13e2d942ce6029f4fd5ff23d5db036f089e79fc9,2025-01,North Yorkshire Police,North Yorkshire Police,-1.069263,53.784246,On or near Finkle Street,E01027909,Selby 005E,Unable to prosecute suspect
364f4050c10df6de3247e5db13e2d942ce6029f4fd5ff23d5db036f089e79fc9,2025-01,North Yorkshire Police,North Yorkshire Police,-1.069263,53.784246,On or near Finkle Street,E01027909,Selby 005E,Unable to prosecute suspect
718ec2cdf308fb54d38a0618c2ccd47f6e066f4031c40a80443639dc46d2104b,2025-01,North Yorkshire Police,North Yorkshire Police,-1.082980,53.952009,On or near Cherry Street,E01013418,York 019F,Unable to prosecute suspect
718ec2cdf308fb54d38a0618c2ccd47f6e066f4031c40a80443639dc46d2104b,2025-01,North Yorkshire Police,North Yorkshire Police,-1.082980,53.952009,On or near Cherry Street,E01013418,York 019F,Unable to prosecute suspect
b457b4698747c803cfe33f41d529d4411f543c81f897feaf5d1d663e7ee95bbd,2025-01,North Yorkshire Police,North Yorkshire Police,-2.034588,53.957560,On or near Broughton Mews,E01034956,Craven 006E,Unable to prosecute suspect
b457b4698747c803cfe33f41d529d4411f543c81f897feaf5d1d663e7ee95bbd,2025-01,North Yorkshire Police,North Yorkshire Police,-2.034588,53.957560,On or near Broughton Mews,E01034956,Craven 006E,Unable to prosecute suspect
5b2679612b7a0786ea529b4ed0c772e743194da2cace4f953aa3a0f79a172109,2025-01,North Yorkshire Police,North Yorkshire Police,-1.522847,53.999481,On or near Avondale Road,E01027649,Harrogate 013A,Unable to prosecute suspect
5b2679612b7a0786ea529b4ed0c772e743194da2cace4f953aa3a0f79a172109,2025-01,North Yorkshire Police,North Yorkshire Police,-1.522847,53.999481,On or near Avondale Road,E01027649,Harrogate 013A,Unable to prosecute suspect
5b2679612b7a0786ea529b4ed0c772e743194da2cace4f953aa3a0f79a172109,2025-01,North Yorkshire Police,North Yorkshire Police,-1.522847,53.999481,On or near Avondale Road,E01027649,Harrogate 013A,Unable to prosecute suspect
cbfa295e3432c8642980f71fcaab031d8a2ac8777e31caa5c60797d1c1fec003,2025-01,North Yorkshire Police,North Yorkshire Police,-0.399073,54.285194,On or near Friar's Gardens,E01027806,Scarborough 006B,Investigation complete; no suspect identified
5bbdf5a32137e921f5ffe33cba28bf5f6f6e82b2dc5521aa45204902dc938994,2025-01,North Yorkshire Police,North Yorkshire Police,-1.074349,54.250402,On or near Skurkhill Lane,E01027780,Ryedale 003B,Investigation complete; no suspect identified
051e325480797428476b294abc1fc937a93ad3f9fe0317d89e7805d7ea03f7a3,2025-01,North Yorkshire Police,North Yorkshire Police,-1.455320,54.014087,On or near Noble Court,E01027676,Harrogate 009D,Offender given a caution
051e325480797428476b294abc1fc937a93ad3f9fe0317d89e7805d7ea03f7a3,2025-01,North Yorkshire Police,North Yorkshire Police,-1.455320,54.014087,On or near Noble Court,E01027676,Harrogate 009D,Offender given a caution
eebf35149a6f95e8268f9da62252c6c1ee87f1ad17c60315e62dca7b241d9898,2025-01,North Yorkshire Police,North Yorkshire Police,-1.075240,53.954390,On or near ,E01033067,York 013F,Unable to prosecute suspect
eebf35149a6f95e8268f9da62252c6c1ee87f1ad17c60315e62dca7b241d9898,2025-01,North Yorkshire Police,North Yorkshire Police,-1.075240,53.954390,On or near ,E01033067,York 013F,Unable to prosecute suspect
665974b86a3bb788b2bb00e075f33c06fc5d255f0fa16a2384999d08b2d76de2,2025-01,North Yorkshire Police,North Yorkshire Police,-0.548488,54.432646,On or near Church Lane,E01034973,Scarborough 004G,Unable to prosecute suspect
665974b86a3bb788b2bb00e075f33c06fc5d255f0fa16a2384999d08b2d76de2,2025-01,North Yorkshire Police,North Yorkshire Police,-0.548488,54.432646,On or near Church Lane,E01034973,Scarborough 004G,Unable to prosecute suspect
1a5d19abb506c80476e65a9eb6d104db626279394949f90a9d7bb59cf1ce873d,2025-01,North Yorkshire Police,North Yorkshire Police,-1.110703,54.102091,On or near Carr Lane,E01027622,Hambleton 010E,Further action is not in the public interest
1a5d19abb506c80476e65a9eb6d104db626279394949f90a9d7bb59cf1ce873d,2025-01,North Yorkshire Police,North Yorkshire Police,-1.110703,54.102091,On or near Carr Lane,E01027622,Hambleton 010E,Further action is not in the public interest
b88965a21b83b5434bca2390b18f06cbc562381172c0a4ccc0a0597108083928,2025-01,North Yorkshire Police,North Yorkshire Police,-1.240832,54.184132,On or near Butt Lane,E01027636,Hambleton 009D,Unable to prosecute suspect
b88965a21b83b5434bca2390b18f06cbc562381172c0a4ccc0a0597108083928,2025-01,North Yorkshire Police,North Yorkshire Police,-1.240832,54.184132,On or near Butt Lane,E01027636,Hambleton 009D,Unable to prosecute suspect
cd7241813ab74b2d507c9a040dca7c6391d0d4eed8dc91e6e08ad6a4b6db5f03,2025-01,North Yorkshire Police,North Yorkshire Police,-1.064505,53.778430,On or near Prospect Way,E01027909,Selby 005E,Suspect charged
cd7241813ab74b2d507c9a040dca7c6391d0d4eed8dc91e6e08ad6a4b6db5f03,2025-01,North Yorkshire Police,North Yorkshire Police,-1.064505,53.778430,On or near Prospect Way,E01027909,Selby 005E,Suspect charged
1a73664ab3f684c132105854af6a3d18be9543123f78f80542a356384e9f4621,2025-01,North Yorkshire Police,North Yorkshire Police,-1.140211,53.952935,On or near Bramham Road,E01013444,York 018C,Unable to prosecute suspect
1a73664ab3f684c132105854af6a3d18be9543123f78f80542a356384e9f4621,2025-01,North Yorkshire Police,North Yorkshire Police,-1.140211,53.952935,On or near Bramham Road,E01013444,York 018C,Unable to prosecute suspect
e38cc69d045065ab395a2c971502cb62a1891da5752bbcde5aa15cac1fb2cd97,2025-01,North Yorkshire Police,North Yorkshire Police,-0.394759,54.284733,On or near Springfield,E01027805,Scarborough 006A,Offender given a caution
35f451976ff4a68d3ecc9d8bc631ab06503c14fc36bad0db97fd1fab1a410d88,2025-01,North Yorkshire Police,North Yorkshire Police,-1.540785,53.992756,On or near Petergate,E01027679,Harrogate 019B,Local resolution
35f451976ff4a68d3ecc9d8bc631ab06503c14fc36bad0db97fd1fab1a410d88,2025-01,North Yorkshire Police,North Yorkshire Police,-1.540785,53.992756,On or near Petergate,E01027679,Harrogate 019B,Local resolution
72e98c8392d4e1a39477d07b2f1c74dbe08c89c9795c01fc7530869fdc4f7c21,2025-01,North Yorkshire Police,North Yorkshire Police,-1.665194,54.360007,On or near Back Lane,E01027756,Richmondshire 006B,Unable to prosecute suspect
72e98c8392d4e1a39477d07b2f1c74dbe08c89c9795c01fc7530869fdc4f7c21,2025-01,North Yorkshire Police,North Yorkshire Police,-1.665194,54.360007,On or near Back Lane,E01027756,Richmondshire 006B,Unable to prosecute suspect
486923aafecb638950049af52b853c934fc33f934f60dcd978de5476091bc9c5,2025-01,North Yorkshire Police,North Yorkshire Police,-1.084517,53.960122,On or near ,E01013366,York 013A,Unable to prosecute suspect
486923aafecb638950049af52b853c934fc33f934f60dcd978de5476091bc9c5,2025-01,North Yorkshire Police,North Yorkshire Police,-1.084517,53.960122,On or near ,E01013366,York 013A,Unable to prosecute suspect
eff5931e09f164ececfeea3dcc4f1938d2e52359428561e1850b06e80749e674,2025-01,North Yorkshire Police,North Yorkshire Police,-1.080420,54.203084,On or near Bolton Bank,E01027775,Ryedale 003A,Suspect charged
eff5931e09f164ececfeea3dcc4f1938d2e52359428561e1850b06e80749e674,2025-01,North Yorkshire Police,North Yorkshire Police,-1.080420,54.203084,On or near Bolton Bank,E01027775,Ryedale 003A,Suspect charged
c235f7accaedf21b0bff9349e6e3a7155372e76d4f11160f83403b757380626b,2025-01,North Yorkshire Police,North Yorkshire Police,-1.100031,53.750002,On or near Park Lane,E01027895,Selby 007E,Investigation complete; no suspect identified
a3fa372a065d86ea890c5a22ccd0ed3c879b7bc9249401c2038237b04fcb71f6,2025-01,North Yorkshire Police,North Yorkshire Police,-1.803893,54.021946,On or near Bramley Head Lane,E01027693,Harrogate 006B,Unable to prosecute suspect
adc4ddc7c181e4d7f09fc5bb0708f81107d3eaedfdf223884c254489086cd165,2025-01,North Yorkshire Police,North Yorkshire Police,-1.566950,53.981843,On or near Orchid Gardens,E01027653,Harrogate 020A,Unable to prosecute suspect
e57b60fa4c7db0606df81276c4360534dfe66aec9600861f9295c5c68efe58a0,2025-01,North Yorkshire Police,North Yorkshire Police,-1.694305,54.381213,On or near Manor Grove,E01027749,Richmondshire 004A,Unable to prosecute suspect
e57b60fa4c7db0606df81276c4360534dfe66aec9600861f9295c5c68efe58a0,2025-01,North Yorkshire Police,North Yorkshire Police,-1.694305,54.381213,On or near Manor Grove,E01027749,Richmondshire 004A,Unable to prosecute suspect
e8062a8b658a6aa166b355b426d9f0def17d73750393bdb99ee29e110818692e,2025-01,North Yorkshire Police,North Yorkshire Police,-1.540277,53.994561,On or near Cheltenham Parade,E01027678,Harrogate 015E,Unable to prosecute suspect
f5ef506466df5311ffcb9853dffc56ee6b9c05a01ed9d29d573f4055116093fa,2025-01,North Yorkshire Police,North Yorkshire Police,-1.216487,53.643750,On or near Main Street,E01027923,Selby 010C,Unable to prosecute suspect
f5ef506466df5311ffcb9853dffc56ee6b9c05a01ed9d29d573f4055116093fa,2025-01,North Yorkshire Police,North Yorkshire Police,-1.216487,53.643750,On or near Main Street,E01027923,Selby 010C,Unable to prosecute suspect
22f9aee36659c3112d219311823dc06251bc1ffc11a8e2773e2ae7a290da7915,2025-01,North Yorkshire Police,North Yorkshire Police,-2.326705,54.321185,On or near Garsdale,E01019384,South Lakeland 009C,Investigation complete; no suspect identified
87e933e5eba8f4b35b7366f1b6991701882109e7e2a8be035bcd6715a2a72c77,2025-01,North Yorkshire Police,North Yorkshire Police,-0.820861,54.126394,On or near Cherry Farm Close,E01027778,Ryedale 007B,Unable to prosecute suspect
1a923b449a0124a7cb4ccfa7fc51dfedc482534d1f3b37a4db041e1cd4787063,2025-01,North Yorkshire Police,North Yorkshire Police,-1.537158,53.993848,On or near Parking Area,E01027656,Harrogate 019A,Unable to prosecute suspect
1a923b449a0124a7cb4ccfa7fc51dfedc482534d1f3b37a4db041e1cd4787063,2025-01,North Yorkshire Police,North Yorkshire Police,-1.537158,53.993848,On or near Parking Area,E01027656,Harrogate 019A,Unable to prosecute suspect
59d743fee6fff9a51fc171dd9f67b7173500beda43d12f5192ccee8769f5e368,2025-01,North Yorkshire Police,North Yorkshire Police,-1.139137,53.920714,On or near Tadcaster Road,E01013423,York 024D,Investigation complete; no suspect identified
6b26bbd063f649191658e05363bc3b6707455edbc02860d690dd21e84cb10af9,2025-01,North Yorkshire Police,North Yorkshire Police,-1.552509,54.213517,On or near Fore Lane,E01027628,Hambleton 007B,Further investigation is not in the public interest
6b26bbd063f649191658e05363bc3b6707455edbc02860d690dd21e84cb10af9,2025-01,North Yorkshire Police,North Yorkshire Police,-1.552509,54.213517,On or near Fore Lane,E01027628,Hambleton 007B,Further investigation is not in the public interest
9e2ae8fd4c62aaa8cf2701926da6bfe56c31a2fadd96bf4ba52ec1231feed8af,2025-01,North Yorkshire Police,North Yorkshire Police,-0.428464,54.287136,On or near Gildercliffe,E01027872,Scarborough 007C,Unable to prosecute suspect
5147b42ae27b17fd4d36f89d90ead801015aeed8e8838f6d98dd5917bfb86342,2025-01,North Yorkshire Police,North Yorkshire Police,-1.541907,53.993371,On or near Cambridge Terrace,E01027679,Harrogate 019B,Suspect charged
5147b42ae27b17fd4d36f89d90ead801015aeed8e8838f6d98dd5917bfb86342,2025-01,North Yorkshire Police,North Yorkshire Police,-1.541907,53.993371,On or near Cambridge Terrace,E01027679,Harrogate 019B,Suspect charged
89758f801e88ae77adbdd0274629badb7ea4ffdefd9c3a8de42bb4c1965cde15,2025-01,North Yorkshire Police,North Yorkshire Police,-1.522301,54.137772,On or near Finkle Close,E01027706,Harrogate 004B,Unable to prosecute suspect
0b9fb8420d5a991d8bf5870dc33623a18effaee4c10b7524aeabead1a3778afe,2025-01,North Yorkshire Police,North Yorkshire Police,-0.404962,54.283475,On or near Victoria Street,E01027812,Scarborough 008C,Unable to prosecute suspect
0b9fb8420d5a991d8bf5870dc33623a18effaee4c10b7524aeabead1a3778afe,2025-01,North Yorkshire Police,North Yorkshire Police,-0.404962,54.283475,On or near Victoria Street,E01027812,Scarborough 008C,Unable to prosecute suspect
052566c0dfc558c91564cb9b4345a83038e1dba4e2bd1b4d88aae3a642bbe1a2,2025-01,North Yorkshire Police,North Yorkshire Police,-1.077782,53.966575,On or near March Street,E01013369,York 013C,Unable to prosecute suspect
052566c0dfc558c91564cb9b4345a83038e1dba4e2bd1b4d88aae3a642bbe1a2,2025-01,North Yorkshire Police,North Yorkshire Police,-1.077782,53.966575,On or near March Street,E01013369,York 013C,Unable to prosecute suspect
052566c0dfc558c91564cb9b4345a83038e1dba4e2bd1b4d88aae3a642bbe1a2,2025-01,North Yorkshire Police,North Yorkshire Police,-1.077782,53.966575,On or near March Street,E01013369,York 013C,Unable to prosecute suspect
030a263d2311c748b24e4af099eeeacea19ce97155d539349e43d63477868cc9,2025-01,North Yorkshire Police,North Yorkshire Police,-1.082827,53.961067,On or near Shopping Area,E01013366,York 013A,Unable to prosecute suspect
f29f1e18e2bf8ea6b978f0f24f426135896f6dcc72cb7e286ef0dc08ee2a2c81,2025-01,North Yorkshire Police,North Yorkshire Police,-1.056996,53.775593,On or near Swans Way,E01034981,Selby 005I,Unable to prosecute suspect
f29f1e18e2bf8ea6b978f0f24f426135896f6dcc72cb7e286ef0dc08ee2a2c81,2025-01,North Yorkshire Police,North Yorkshire Police,-1.056996,53.775593,On or near Swans Way,E01034981,Selby 005I,Unable to prosecute suspect
f5accf82170f4ac60dd1cd7df8ea1d7917c0b89e8085b76caba3d71ecadcbe47,2025-01,North Yorkshire Police,North Yorkshire Police,-1.066513,53.782292,On or near Park Street,E01027909,Selby 005E,Unable to prosecute suspect
f5accf82170f4ac60dd1cd7df8ea1d7917c0b89e8085b76caba3d71ecadcbe47,2025-01,North Yorkshire Police,North Yorkshire Police,-1.066513,53.782292,On or near Park Street,E01027909,Selby 005E,Unable to prosecute suspect
1947f6cbfec1773f632fdb419925de5e0f23a8114718e666505a412b0caebf43,2025-01,North Yorkshire Police,North Yorkshire Police,-0.386916,54.283998,On or near ,E01027805,Scarborough 006A,Further action is not in the public interest
1947f6cbfec1773f632fdb419925de5e0f23a8114718e666505a412b0caebf43,2025-01,North Yorkshire Police,North Yorkshire Police,-0.386916,54.283998,On or near ,E01027805,Scarborough 006A,Further action is not in the public interest
483154d9e9a5ccd62a87fcc0fbdee94b326869c62047aa891574a03067397e01,2025-01,North Yorkshire Police,North Yorkshire Police,-1.262537,53.883399,On or near High Street,E01027921,Selby 001D,Investigation complete; no suspect identified
ccc507c1799655af46858aac44df4812a17326515e8bcd482010ff692a6f408f,2025-01,North Yorkshire Police,North Yorkshire Police,-1.707359,54.309063,On or near ,E01027758,Richmondshire 006D,Unable to prosecute suspect
ccc507c1799655af46858aac44df4812a17326515e8bcd482010ff692a6f408f,2025-01,North Yorkshire Police,North Yorkshire Police,-1.707359,54.309063,On or near ,E01027758,Richmondshire 006D,Unable to prosecute suspect
da4f567a79c4ebb1e669ee1da3b5ef5275d2b85d7032b5f30cf0645fe95b958b,2025-01,North Yorkshire Police,North Yorkshire Police,-1.058894,53.781666,On or near The Waterfront,E01027909,Selby 005E,Unable to prosecute suspect
da4f567a79c4ebb1e669ee1da3b5ef5275d2b85d7032b5f30cf0645fe95b958b,2025-01,North Yorkshire Police,North Yorkshire Police,-1.058894,53.781666,On or near The Waterfront,E01027909,Selby 005E,Unable to prosecute suspect
37d089e6e878430c90702be959286b3aaebfc2c1e6fa89b0f3fb359661ddd4f9,2025-01,North Yorkshire Police,North Yorkshire Police,-0.402681,54.288029,On or near North Marine Road,E01027847,Scarborough 006D,Unable to prosecute suspect
37d089e6e878430c90702be959286b3aaebfc2c1e6fa89b0f3fb359661ddd4f9,2025-01,North Yorkshire Police,North Yorkshire Police,-0.402681,54.288029,On or near North Marine Road,E01027847,Scarborough 006D,Unable to prosecute suspect
864580c49134bff3aa6d7dd574421a72a3f319c3ec169dae322aadd77aede0e6,2025-01,North Yorkshire Police,North Yorkshire Police,-1.598317,53.994340,On or near ,E01034964,Harrogate 008F,Investigation complete; no suspect identified
d317ab2fdbd5bec1f904acdd57cb0e928e1a50b4341d22eee64a02ea99c1861d,2025-01,North Yorkshire Police,North Yorkshire Police,-1.435137,54.339782,On or near Shopping Area,E01027608,Hambleton 013B,Local resolution
4a3cd56142e56d648e73eb39e29c8b03bc819d26a3b65b52da12493bf9277d86,2025-01,North Yorkshire Police,North Yorkshire Police,-1.072791,53.786691,On or near Dam Bank,E01034979,Selby 005G,Investigation complete; no suspect identified
f3d17572042012dfc11f3b14d6811a052b28465c9979ec25167461a7b4c857fa,2025-01,North Yorkshire Police,North Yorkshire Police,-1.519186,54.142397,On or near North Road,E01027705,Harrogate 004A,Formal action is not in the public interest
f3d17572042012dfc11f3b14d6811a052b28465c9979ec25167461a7b4c857fa,2025-01,North Yorkshire Police,North Yorkshire Police,-1.519186,54.142397,On or near North Road,E01027705,Harrogate 004A,Formal action is not in the public interest
ee4ae6e06a817902fddd908454eef865fecf10477f0b3502d94d183df8b0ac8a,2025-01,North Yorkshire Police,North Yorkshire Police,-1.332569,53.942515,On or near ,E01027684,Harrogate 016B,Unable to prosecute suspect
ee4ae6e06a817902fddd908454eef865fecf10477f0b3502d94d183df8b0ac8a,2025-01,North Yorkshire Police,North Yorkshire Police,-1.332569,53.942515,On or near ,E01027684,Harrogate 016B,Unable to prosecute suspect
1bc715402c07b8e7fb56a713135eef0dee4de032b4e11006140fff139dd052f9,2025-01,North Yorkshire Police,North Yorkshire Police,-1.408830,54.072710,On or near Roecliffe Drive,E01027647,Harrogate 005C,Unable to prosecute suspect
1bc715402c07b8e7fb56a713135eef0dee4de032b4e11006140fff139dd052f9,2025-01,North Yorkshire Police,North Yorkshire Police,-1.408830,54.072710,On or near Roecliffe Drive,E01027647,Harrogate 005C,Unable to prosecute suspect
bda0a9d2768df7c2bdf4955da23f1e1a898c829cab7cb6deb439c4ff501deb7b,2025-01,North Yorkshire Police,North Yorkshire Police,-0.400519,54.242081,On or near ,E01027819,Scarborough 012B,Unable to prosecute suspect
6c3a40c0da74f30997ddea3d5d7f0678df26e49dba9ad72bb5ef54c368ef1721,2025-01,North Yorkshire Police,North Yorkshire Police,-1.095390,53.944661,On or near Knavesmire Road,E01013412,York 021C,Investigation complete; no suspect identified
94f319d28b29c0d5c87f715e20bb5b3bca5c9fe95ea68bb3d9fd0ff803a7727b,2025-01,North Yorkshire Police,North Yorkshire Police,-0.654114,54.480012,On or near Parking Area,E01027841,Scarborough 002D,Unable to prosecute suspect
94f319d28b29c0d5c87f715e20bb5b3bca5c9fe95ea68bb3d9fd0ff803a7727b,2025-01,North Yorkshire Police,North Yorkshire Police,-0.654114,54.480012,On or near Parking Area,E01027841,Scarborough 002D,Unable to prosecute suspect
2384a9ff3e6bc339dd5f051c93d1299fee70865c398b78090aea3d5fef475dc3,2025-01,North Yorkshire Police,North Yorkshire Police,-1.147346,54.452484,On or near Green Balk,E01027591,Hambleton 001A,Unable to prosecute suspect
2384a9ff3e6bc339dd5f051c93d1299fee70865c398b78090aea3d5fef475dc3,2025-01,North Yorkshire Police,North Yorkshire Police,-1.147346,54.452484,On or near Green Balk,E01027591,Hambleton 001A,Unable to prosecute suspect
8eeb5d3585bb21b5438a508f9736e4a110a104acb01c02d84f107d94bf6f1ef9,2025-01,North Yorkshire Police,North Yorkshire Police,-0.287969,54.188533,On or near Primrose Valley Road,E01027833,Scarborough 014E,Suspect charged
8eeb5d3585bb21b5438a508f9736e4a110a104acb01c02d84f107d94bf6f1ef9,2025-01,North Yorkshire Police,North Yorkshire Police,-0.287969,54.188533,On or near Primrose Valley Road,E01027833,Scarborough 014E,Suspect charged
70f1a5557ea3e237d11876fc640d711c45fb842946f7392ebdffb295992dccde,2025-01,North Yorkshire Police,North Yorkshire Police,-1.151616,54.107141,On or near Green Lane,E01027622,Hambleton 010E,Unable to prosecute suspect
8848b88a63459a9c96ae81c6ff96491cb18fc48d58449ee68a4add262b0fd8e7,2025-01,North Yorkshire Police,North Yorkshire Police,-1.464393,54.021785,On or near Larch Close,E01027675,Harrogate 007D,Unable to prosecute suspect
8848b88a63459a9c96ae81c6ff96491cb18fc48d58449ee68a4add262b0fd8e7,2025-01,North Yorkshire Police,North Yorkshire Police,-1.464393,54.021785,On or near Larch Close,E01027675,Harrogate 007D,Unable to prosecute suspect
cb9c6bd95ae411e63b0c2f191f1f263cd48fccd30f10053d9800d7d49d65cd3a,2025-01,North Yorkshire Police,North Yorkshire Police,-1.531530,54.004656,On or near Albany Avenue,E01027740,Harrogate 013F,Unable to prosecute suspect
bb78bb54a987406be8771f50a240705b5283011023fb75506aace87d29495b14,2025-01,North Yorkshire Police,North Yorkshire Police,-1.085693,53.963813,On or near Bootham Row,E01013366,York 013A,Unable to prosecute suspect
bb78bb54a987406be8771f50a240705b5283011023fb75506aace87d29495b14,2025-01,North Yorkshire Police,North Yorkshire Police,-1.085693,53.963813,On or near Bootham Row,E01013366,York 013A,Unable to prosecute suspect
bb78bb54a987406be8771f50a240705b5283011023fb75506aace87d29495b14,2025-01,North Yorkshire Police,North Yorkshire Police,-1.085693,53.963813,On or near Bootham Row,E01013366,York 013A,Unable to prosecute suspect
aeaeabc67c9547130680cef7c10397ff8c81cd6325dcd8c02415120e8e3d1977,2025-01,North Yorkshire Police,North Yorkshire Police,-1.070486,53.933415,On or near Glen Close,E01034762,York 023E,Formal action is not in the public interest
aeaeabc67c9547130680cef7c10397ff8c81cd6325dcd8c02415120e8e3d1977,2025-01,North Yorkshire Police,North Yorkshire Police,-1.070486,53.933415,On or near Glen Close,E01034762,York 023E,Formal action is not in the public interest
00dd9785128532f804965dc95c8571d194cd7d7d627b8868ce6da05fdc3eb1b5,2025-01,North Yorkshire Police,North Yorkshire Police,-1.076003,53.954643,On or near Lead Mill Lane,E01033070,York 013I,Unable to prosecute suspect
00dd9785128532f804965dc95c8571d194cd7d7d627b8868ce6da05fdc3eb1b5,2025-01,North Yorkshire Police,North Yorkshire Police,-1.076003,53.954643,On or near Lead Mill Lane,E01033070,York 013I,Unable to prosecute suspect
20e1802bbc28676b05204359c0cddcfe71b9e010210b87f8df09f9bbd83ef261,2025-01,North Yorkshire Police,North Yorkshire Police,-1.538032,53.993438,On or near Parking Area,E01027678,Harrogate 015E,Unable to prosecute suspect
20e1802bbc28676b05204359c0cddcfe71b9e010210b87f8df09f9bbd83ef261,2025-01,North Yorkshire Police,North Yorkshire Police,-1.538032,53.993438,On or near Parking Area,E01027678,Harrogate 015E,Unable to prosecute suspect
2c01bd5ec0b95c4a5384f27a4c5eb6ab41c28a45d333092ef04078e5a92bf6ec,2025-01,North Yorkshire Police,North Yorkshire Police,-1.069263,53.784246,On or near Finkle Street,E01027909,Selby 005E,Suspect charged
2c01bd5ec0b95c4a5384f27a4c5eb6ab41c28a45d333092ef04078e5a92bf6ec,2025-01,North Yorkshire Police,North Yorkshire Police,-1.069263,53.784246,On or near Finkle Street,E01027909,Selby 005E,Suspect charged
400686f84d5dcb607dc50c1de254b6540e0c864aa1f15e699f2b68f8eee3cb45,2025-01,North Yorkshire Police,North Yorkshire Police,-1.538032,53.993438,On or near Parking Area,E01027678,Harrogate 015E,Unable to prosecute suspect
400686f84d5dcb607dc50c1de254b6540e0c864aa1f15e699f2b68f8eee3cb45,2025-01,North Yorkshire Police,North Yorkshire Police,-1.538032,53.993438,On or near Parking Area,E01027678,Harrogate 015E,Unable to prosecute suspect
f525c9c911be035665685263d2579adb064295cced4ee227b6177d11ce26f431,2025-01,North Yorkshire Police,North Yorkshire Police,-1.069263,53.784246,On or near Finkle Street,E01027909,Selby 005E,Suspect charged
f525c9c911be035665685263d2579adb064295cced4ee227b6177d11ce26f431,2025-01,North Yorkshire Police,North Yorkshire Police,-1.069263,53.784246,On or near Finkle Street,E01027909,Selby 005E,Suspect charged
92dfb97cc10a512984d12b6e7b45f9baf38d745a3b209b864b627a8d955ee375,2025-01,North Yorkshire Police,North Yorkshire Police,-1.283677,53.784837,On or near Gorse Lane,E01034977,Selby 004H,Unable to prosecute suspect
9636992430f018c3d426f3b441e88c9aebd9e6e9947af3a3c406afef1f01b56d,2025-01,North Yorkshire Police,North Yorkshire Police,-0.407259,54.281276,On or near Police Station,E01027812,Scarborough 008C,Formal action is not in the public interest
9636992430f018c3d426f3b441e88c9aebd9e6e9947af3a3c406afef1f01b56d,2025-01,North Yorkshire Police,North Yorkshire Police,-0.407259,54.281276,On or near Police Station,E01027812,Scarborough 008C,Formal action is not in the public interest
47e7a45d50ca779776202a6b0971b628308a2541b74526cda72000f5fe9ba5fd,2025-01,North Yorkshire Police,North Yorkshire Police,-1.042229,53.808374,On or near Orchard Drive,E01027877,Selby 003B,Unable to prosecute suspect
47e7a45d50ca779776202a6b0971b628308a2541b74526cda72000f5fe9ba5fd,2025-01,North Yorkshire Police,North Yorkshire Police,-1.042229,53.808374,On or near Orchard Drive,E01027877,Selby 003B,Unable to prosecute suspect
d8e6549327e65af2271a18b9c72360f1fe75cffc17246ca13b81cefdc676b7df,2025-01,North Yorkshire Police,North Yorkshire Police,-0.403251,54.287182,On or near Howard Street,E01034974,Scarborough 006F,Unable to prosecute suspect
d8e6549327e65af2271a18b9c72360f1fe75cffc17246ca13b81cefdc676b7df,2025-01,North Yorkshire Police,North Yorkshire Police,-0.403251,54.287182,On or near Howard Street,E01034974,Scarborough 006F,Unable to prosecute suspect
fb931d53b12f7610cf0adebd6b2f68761e4000a5537ff674e0c4a23cda4ab7b7,2025-01,North Yorkshire Police,North Yorkshire Police,-0.398815,54.280742,On or near St Nicholas Cliff,E01027804,Scarborough 010A,Suspect charged
fb931d53b12f7610cf0adebd6b2f68761e4000a5537ff674e0c4a23cda4ab7b7,2025-01,North Yorkshire Police,North Yorkshire Police,-0.398815,54.280742,On or near St Nicholas Cliff,E01027804,Scarborough 010A,Suspect charged
11cbe87bed04cb79a3d1b06e413daf6f3b879d9fbdc3eae23a1d585f0ead6aef,2025-01,North Yorkshire Police,North Yorkshire Police,-0.417828,54.237276,On or near ,E01027859,Scarborough 013D,Unable to prosecute suspect
11cbe87bed04cb79a3d1b06e413daf6f3b879d9fbdc3eae23a1d585f0ead6aef,2025-01,North Yorkshire Police,North Yorkshire Police,-0.417828,54.237276,On or near ,E01027859,Scarborough 013D,Unable to prosecute suspect
3cf0b8a3843b98dba3f93683a7018ec9b57896baaff91e7c9217ab5653df9975,2025-01,North Yorkshire Police,North Yorkshire Police,-1.077608,53.954439,On or near A1036,E01033070,York 013I,Unable to prosecute suspect
3cf0b8a3843b98dba3f93683a7018ec9b57896baaff91e7c9217ab5653df9975,2025-01,North Yorkshire Police,North Yorkshire Police,-1.077608,53.954439,On or near A1036,E01033070,York 013I,Unable to prosecute suspect
3cf0b8a3843b98dba3f93683a7018ec9b57896baaff91e7c9217ab5653df9975,2025-01,North Yorkshire Police,North Yorkshire Police,-1.077608,53.954439,On or near A1036,E01033070,York 013I,Unable to prosecute suspect
eb7f2e5e517f1253ad6b8c217d989aaebf9ad9b7a2a1f8f01985ff72a6d815ba,2025-01,North Yorkshire Police,North Yorkshire Police,-1.110703,54.102091,On or near Carr Lane,E01027622,Hambleton 010E,Further action is not in the public interest
eb7f2e5e517f1253ad6b8c217d989aaebf9ad9b7a2a1f8f01985ff72a6d815ba,2025-01,North Yorkshire Police,North Yorkshire Police,-1.110703,54.102091,On or near Carr Lane,E01027622,Hambleton 010E,Further action is not in the public interest
95ab8a62e2a5f32141f254610622df1adedfb07d180d668a184e998a38cb175a,2025-01,North Yorkshire Police,North Yorkshire Police,-1.700692,53.993045,On or near Spinksburn Lane,E01027735,Harrogate 018D,Unable to prosecute suspect
95ab8a62e2a5f32141f254610622df1adedfb07d180d668a184e998a38cb175a,2025-01,North Yorkshire Police,North Yorkshire Police,-1.700692,53.993045,On or near Spinksburn Lane,E01027735,Harrogate 018D,Unable to prosecute suspect
27fb58007f2107b3a2f0f8e6e249635d031af173e8f0cf041416daf60be82302,2025-01,North Yorkshire Police,North Yorkshire Police,-1.199700,54.470358,On or near Allen Court,E01027625,Hambleton 001E,Unable to prosecute suspect
afab45d6e24b26efbe49b3c7b7f7ac0f96d9873d1a21430e3bb966a8d7b6ec94,2025-01,North Yorkshire Police,North Yorkshire Police,-1.199700,54.470358,On or near Allen Court,E01027625,Hambleton 001E,Suspect charged
afab45d6e24b26efbe49b3c7b7f7ac0f96d9873d1a21430e3bb966a8d7b6ec94,2025-01,North Yorkshire Police,North Yorkshire Police,-1.199700,54.470358,On or near Allen Court,E01027625,Hambleton 001E,Suspect charged
6b08df5cc0a53118b2da63fff093883189d13bc0bc876bc3544ec5427ef7f9e1,2025-01,North Yorkshire Police,North Yorkshire Police,-0.346615,54.227140,On or near Grange Close,E01027807,Scarborough 011A,Unable to prosecute suspect
47a70a87e14f2b1d2238b81e0b612189235bb77298ded305667cec2b3d616e36,2025-01,North Yorkshire Police,North Yorkshire Police,-0.762803,54.120332,On or near ,E01027788,Ryedale 010B,Unable to prosecute suspect
47a70a87e14f2b1d2238b81e0b612189235bb77298ded305667cec2b3d616e36,2025-01,North Yorkshire Police,North Yorkshire Police,-0.762803,54.120332,On or near ,E01027788,Ryedale 010B,Unable to prosecute suspect
d62854e6e8de27a41e1e99650622c6b7e1acecc93c0e7f7222423f8e1ebac495,2025-01,North Yorkshire Police,North Yorkshire Police,-1.653106,54.056972,On or near Brimham Rocks Road,E01027681,Harrogate 006A,Local resolution
06afa9a81756d0fac1f119fba920be21d8b68d62a2527f6c91617af69a9f05d0,2025-01,North Yorkshire Police,North Yorkshire Police,-1.462169,54.022638,On or near Rowan Way,E01027675,Harrogate 007D,Unable to prosecute suspect
3cd8d141080a8cb4db2b6b89926a2a7a9664a4b0149bb8d492a4378cfc0b4755,2025-01,North Yorkshire Police,North Yorkshire Police,-1.069983,53.979349,On or near Foss Court,E01013406,York 005B,Unable to prosecute suspect
8cdc19b7bac3bbe8985ceb907a72b84ae7774344648c708facc691ff792c4dd0,2025-01,North Yorkshire Police,North Yorkshire Police,-1.069983,53.979349,On or near Foss Court,E01013406,York 005B,Unable to prosecute suspect
46df21ce122ae1a1e99e0874d44f787c6567903e076a57d13301d81ea3a24565,2025-01,North Yorkshire Police,North Yorkshire Police,-1.069983,53.979349,On or near Foss Court,E01013406,York 005B,Unable to prosecute suspect
22d07a9ec615da0437a24fbbf92821800d4ea8998d58c768026825b1a99d1287,2025-01,North Yorkshire Police,North Yorkshire Police,-0.423845,54.288190,On or near Barrowcliff Road,E01027872,Scarborough 007C,Unable to prosecute suspect
22d07a9ec615da0437a24fbbf92821800d4ea8998d58c768026825b1a99d1287,2025-01,North Yorkshire Police,North Yorkshire Police,-0.423845,54.288190,On or near Barrowcliff Road,E01027872,Scarborough 007C,Unable to prosecute suspect
3282e3552c1ac0fc4a57c309186c32e24f53f7646bff83de63ba939b356a4bfc,2025-01,North Yorkshire Police,North Yorkshire Police,-1.075956,53.959559,On or near Dundas Street,E01033070,York 013I,Unable to prosecute suspect
acba7d00f7c7b6583687e1c4f49fdc76c833a8c4ff3160795499246434c3f495,2025-01,North Yorkshire Police,North Yorkshire Police,-1.084285,53.968952,On or near Hospital,E01013343,York 009A,Further investigation is not in the public interest
60593cd4eebb6e72187256100c0684e14dc6abda5813b2bde96c4a45c43e05ee,2025-01,North Yorkshire Police,North Yorkshire Police,-1.082240,53.956569,On or near Theatre/Concert Hall,E01033070,York 013I,Investigation complete; no suspect identified
f375415f4bee7ccc15279cc9eb7884224fb0fece930b1d76675b2c2ac8d6d535,2025-01,North Yorkshire Police,North Yorkshire Police,-1.149682,54.444700,On or near Cringle Moor Chase,E01027591,Hambleton 001A,Suspect charged
f375415f4bee7ccc15279cc9eb7884224fb0fece930b1d76675b2c2ac8d6d535,2025-01,North Yorkshire Police,North Yorkshire Police,-1.149682,54.444700,On or near Cringle Moor Chase,E01027591,Hambleton 001A,Suspect charged
dad6476589c55a6692df4a9da3bb82700246d8ae697921faf0ef3eb410065327,2025-01,North Yorkshire Police,North Yorkshire Police,-1.527175,54.002563,On or near French Street,E01027658,Harrogate 013D,Investigation complete; no suspect identified
8bc59ca4af542ff0b65dc5f729e44d273b95f4cb3b99bc73c20c75229ec191d2,2025-01,North Yorkshire Police,North Yorkshire Police,-1.087354,53.954765,On or near Lower Priory Street,E01033069,York 013H,Unable to prosecute suspect
8e4634c0d651e15729cb9c1016a153d118df5e7771216ea3c55d8445e546cb86,2025-01,North Yorkshire Police,North Yorkshire Police,-0.400362,54.243973,On or near Merry Dale,E01027819,Scarborough 012B,Further investigation is not in the public interest
14593101f8c549f90969008bd21fe8b00afa8bbabe6f19decb1b99617fa6366a,2025-01,North Yorkshire Police,North Yorkshire Police,-1.250931,53.796385,On or near Orchard Cottages,E01027915,Selby 004C,Unable to prosecute suspect
fdc2a29bc350570db37341e4c87e39f3928dc7ae6e650075ccc7e286c5183c5c,2025-01,North Yorkshire Police,North Yorkshire Police,-1.563318,54.006897,On or near Nidderdale Way,E01027720,Harrogate 011C,Unable to prosecute suspect
9c033627ae55a6d8c468c7445d21b79bf5929d51447a89c63f9af98b4ed454ee,2025-01,North Yorkshire Police,North Yorkshire Police,-0.611023,54.472191,On or near Swallow Crescent,E01027866,Scarborough 003D,Unable to prosecute suspect
e4611fb802706ad8440831012205aa04470391038b94ba919cad7a2c8e427d28,2025-01,North Yorkshire Police,North Yorkshire Police,-1.059618,53.787281,On or near Olympia Crescent,E01027878,Selby 005A,Investigation complete; no suspect identified
c981fca34c9831023c6faec3136c92e3193ac4476ceb17daf154611f6a68ff2b,2025-01,North Yorkshire Police,North Yorkshire Police,-2.004688,53.957160,On or near Whinny Gill Road,E01027579,Craven 005D,Unable to prosecute suspect
c981fca34c9831023c6faec3136c92e3193ac4476ceb17daf154611f6a68ff2b,2025-01,North Yorkshire Police,North Yorkshire Police,-2.004688,53.957160,On or near Whinny Gill Road,E01027579,Craven 005D,Unable to prosecute suspect
43d795737d7182167267d8c6d954c3be76e6fbb53a4963cc3bee1313de519b4c,2025-01,North Yorkshire Police,North Yorkshire Police,-1.081996,53.959662,On or near ,E01013366,York 013A,Investigation complete; no suspect identified
ee0eed01f0a50f0e2a245140e111153f593fd6ff170b2aff71fb5e35db39ca03,2025-01,North Yorkshire Police,North Yorkshire Police,-1.517112,54.137733,On or near Lickley Street,E01027705,Harrogate 004A,Unable to prosecute suspect
ee0eed01f0a50f0e2a245140e111153f593fd6ff170b2aff71fb5e35db39ca03,2025-01,North Yorkshire Police,North Yorkshire Police,-1.517112,54.137733,On or near Lickley Street,E01027705,Harrogate 004A,Unable to prosecute suspect
52315eb3cb84d4f48386c14ca97d1deaf5c71f7d2e8061666f0bbed4651b835f,2025-01,North Yorkshire Police,North Yorkshire Police,-1.056815,53.958134,On or near Hewley Avenue,E01013399,York 015C,Suspect charged
52315eb3cb84d4f48386c14ca97d1deaf5c71f7d2e8061666f0bbed4651b835f,2025-01,North Yorkshire Police,North Yorkshire Police,-1.056815,53.958134,On or near Hewley Avenue,E01013399,York 015C,Suspect charged
1740075d6d1e2adb56f300d4c3eb11c57a850e011d2d327d45cb4a0168f15fb7,2025-01,North Yorkshire Police,North Yorkshire Police,-1.084285,53.968952,On or near Hospital,E01013343,York 009A,Unable to prosecute suspect
1740075d6d1e2adb56f300d4c3eb11c57a850e011d2d327d45cb4a0168f15fb7,2025-01,North Yorkshire Police,North Yorkshire Police,-1.084285,53.968952,On or near Hospital,E01013343,York 009A,Unable to prosecute suspect
cd04364a379f6344ceb88b6721f357b87356a94adb18d0357f9be3fa8ba4c0cf,2025-01,North Yorkshire Police,North Yorkshire Police,-1.055820,53.957632,On or near Burlington Avenue,E01013399,York 015C,Investigation complete; no suspect identified
f7f82a84995f07699f59bbb99ee46f0908a9e85d14945306c4c0380e981d1c1e,2025-01,North Yorkshire Police,North Yorkshire Police,-1.092294,53.977102,On or near Archer Close,E01013349,York 009D,Local resolution
0a02e45f3c8e443aa838ec10a188c0e54c645315881b3ef6466add9e36b5da1a,2025-01,North Yorkshire Police,North Yorkshire Police,-1.091464,53.973887,On or near Crombie Avenue,E01013347,York 009C,Investigation complete; no suspect identified
fe1bef12ab40fd3ceac525b21b88c4a9265b46724caf774551c149e6e15a68c7,2025-01,North Yorkshire Police,North Yorkshire Police,-1.253799,53.888801,On or near Meadow Way,E01027918,Selby 001A,Unable to prosecute suspect
fe1bef12ab40fd3ceac525b21b88c4a9265b46724caf774551c149e6e15a68c7,2025-01,North Yorkshire Police,North Yorkshire Police,-1.253799,53.888801,On or near Meadow Way,E01027918,Selby 001A,Unable to prosecute suspect
260b977cb7db362a9d0fd8ac796dee4455014f5b853bc806795a8207464c0c9f,2025-01,North Yorkshire Police,North Yorkshire Police,-1.591688,54.289662,On or near Emgate,E01027588,Hambleton 006B,Investigation complete; no suspect identified
eedbf97607cf0935a651012d4e458967f4759246de77b1748c9deea2ed909185,2025-01,North Yorkshire Police,North Yorkshire Police,-1.068322,53.789048,On or near Elston Avenue,E01034980,Selby 005H,Unable to prosecute suspect
eedbf97607cf0935a651012d4e458967f4759246de77b1748c9deea2ed909185,2025-01,North Yorkshire Police,North Yorkshire Police,-1.068322,53.789048,On or near Elston Avenue,E01034980,Selby 005H,Unable to prosecute suspect
cf1b2646b189815bd9928d79329e3ea5f06ef546f1c99cdd242295080228f689,2025-01,North Yorkshire Police,North Yorkshire Police,-1.253799,53.888801,On or near Meadow Way,E01027918,Selby 001A,Unable to prosecute suspect
cf1b2646b189815bd9928d79329e3ea5f06ef546f1c99cdd242295080228f689,2025-01,North Yorkshire Police,North Yorkshire Police,-1.253799,53.888801,On or near Meadow Way,E01027918,Selby 001A,Unable to prosecute suspect
5296633037ac29c9503ca6b27988b7651d7ce2fc3a8580852c322ebdbb8e115c,2025-01,North Yorkshire Police,North Yorkshire Police,-1.091458,53.965061,On or near Queen Anne's Road,E01013344,York 007A,Unable to prosecute suspect
5296633037ac29c9503ca6b27988b7651d7ce2fc3a8580852c322ebdbb8e115c,2025-01,North Yorkshire Police,North Yorkshire Police,-1.091458,53.965061,On or near Queen Anne's Road,E01013344,York 007A,Unable to prosecute suspect
836a49bb37d3ac21e812cb3f544e55560cad5e9c4400fe733d0ea31e8bca6f07,2025-01,North Yorkshire Police,North Yorkshire Police,-1.091458,53.965061,On or near Queen Anne's Road,E01013344,York 007A,Unable to prosecute suspect
836a49bb37d3ac21e812cb3f544e55560cad5e9c4400fe733d0ea31e8bca6f07,2025-01,North Yorkshire Police,North Yorkshire Police,-1.091458,53.965061,On or near Queen Anne's Road,E01013344,York 007A,Unable to prosecute suspect
ed2cafd7970412488dd99302429b80d9a1ee94a998d59cfe3bcb9fed1a005bed,2025-01,North Yorkshire Police,North Yorkshire Police,-1.068612,53.789652,On or near Coupland Square,E01034980,Selby 005H,Unable to prosecute suspect
debf759863f43dbb10efe519f9a7bc747278569a66b17431b34e870f297be684,2025-01,North Yorkshire Police,North Yorkshire Police,-0.788375,54.246897,On or near Anchorite Lane,E01027795,Ryedale 002D,Unable to prosecute suspect
debf759863f43dbb10efe519f9a7bc747278569a66b17431b34e870f297be684,2025-01,North Yorkshire Police,North Yorkshire Police,-0.788375,54.246897,On or near Anchorite Lane,E01027795,Ryedale 002D,Unable to prosecute suspect
04ff1afa01998df9aef0f1615b9d6ce895e7bf775542ed4d9a45d9a3e0208f13,2025-01,North Yorkshire Police,North Yorkshire Police,-1.079800,53.958689,On or near Pavement,E01033070,York 013I,Unable to prosecute suspect
38d37cbd204c92755649922d13c1bd14eafa6865773d1fdebdd7e37228c08c19,2025-01,North Yorkshire Police,North Yorkshire Police,-1.428050,54.337340,On or near Crosby Gardens,E01027608,Hambleton 013B,Unable to prosecute suspect
38d37cbd204c92755649922d13c1bd14eafa6865773d1fdebdd7e37228c08c19,2025-01,North Yorkshire Police,North Yorkshire Police,-1.428050,54.337340,On or near Crosby Gardens,E01027608,Hambleton 013B,Unable to prosecute suspect
e92b31efb98385b62d91c751c0bdfee17302338c5fbb7c26c55a88443b21f800,2025-01,North Yorkshire Police,North Yorkshire Police,-1.077335,53.955084,On or near Parking Area,E01033070,York 013I,Investigation complete; no suspect identified
41cbf3095aeaa03a6c38e99004f85f7f55b1475543849f4b6fcd2d91a515ab71,2025-01,North Yorkshire Police,North Yorkshire Police,-1.438864,54.345084,On or near A167,E01034962,Hambleton 012B,Unable to prosecute suspect
5f9deff2dfe4d6eb47ded646797991595d77cb6d4d8556ac6fadc51bd62eef84,2025-01,North Yorkshire Police,North Yorkshire Police,-1.090332,53.943274,On or near Campleshon Road,E01013412,York 021C,Suspect charged
5f9deff2dfe4d6eb47ded646797991595d77cb6d4d8556ac6fadc51bd62eef84,2025-01,North Yorkshire Police,North Yorkshire Police,-1.090332,53.943274,On or near Campleshon Road,E01013412,York 021C,Suspect charged
5f9deff2dfe4d6eb47ded646797991595d77cb6d4d8556ac6fadc51bd62eef84,2025-01,North Yorkshire Police,North Yorkshire Police,-1.090332,53.943274,On or near Campleshon Road,E01013412,York 021C,Suspect charged
59fc5db63e71835e37d863f541311660608fdcbeef9755fe5184f8c315e8b53d,2025-01,North Yorkshire Police,North Yorkshire Police,-1.056815,53.958134,On or near Hewley Avenue,E01013399,York 015C,Unable to prosecute suspect
59fc5db63e71835e37d863f541311660608fdcbeef9755fe5184f8c315e8b53d,2025-01,North Yorkshire Police,North Yorkshire Police,-1.056815,53.958134,On or near Hewley Avenue,E01013399,York 015C,Unable to prosecute suspect
59fc5db63e71835e37d863f541311660608fdcbeef9755fe5184f8c315e8b53d,2025-01,North Yorkshire Police,North Yorkshire Police,-1.056815,53.958134,On or near Hewley Avenue,E01013399,York 015C,Unable to prosecute suspect
411977b4aa736d0de98b9d10f8d77fb441b50ffe2e21268144f6fae453de6322,2025-01,North Yorkshire Police,North Yorkshire Police,-1.293164,53.963477,On or near Lucas Grove South,E01027683,Harrogate 016A,Unable to prosecute suspect
411977b4aa736d0de98b9d10f8d77fb441b50ffe2e21268144f6fae453de6322,2025-01,North Yorkshire Police,North Yorkshire Police,-1.293164,53.963477,On or near Lucas Grove South,E01027683,Harrogate 016A,Unable to prosecute suspect
1cbeeb77a0dac6034b065c04c52e72f50462fc65e0812b44978467ddc0d96ebf,2025-01,North Yorkshire Police,North Yorkshire Police,-1.081416,53.767720,On or near Bartons Garth,E01027882,Selby 007C,Unable to prosecute suspect
1cbeeb77a0dac6034b065c04c52e72f50462fc65e0812b44978467ddc0d96ebf,2025-01,North Yorkshire Police,North Yorkshire Police,-1.081416,53.767720,On or near Bartons Garth,E01027882,Selby 007C,Unable to prosecute suspect
ade33d55a3a60a64ea90bb49e5f8f315f447dd97224b6b0d8efd74ad41331705,2025-01,North Yorkshire Police,North Yorkshire Police,-1.464208,54.014801,On or near Stockwell Place,E01027676,Harrogate 009D,Unable to prosecute suspect
ade33d55a3a60a64ea90bb49e5f8f315f447dd97224b6b0d8efd74ad41331705,2025-01,North Yorkshire Police,North Yorkshire Police,-1.464208,54.014801,On or near Stockwell Place,E01027676,Harrogate 009D,Unable to prosecute suspect
a4409d625a5323cbec91e283bd743debda51863bfb39032985db1db561936281,2025-01,North Yorkshire Police,North Yorkshire Police,-2.292208,54.069546,On or near Hospital,E01027571,Craven 003B,Unable to prosecute suspect
099a282ccb1f383b3b670680c865e13db609c1917d97a267a778c6d5314b419f,2025-01,North Yorkshire Police,North Yorkshire Police,-1.132419,54.492506,On or near Woodbine Close,E01027599,Hambleton 001C,Unable to prosecute suspect
a4f7114d5c55a93f41b0b3dadd27474aff4bc3a0754fe8a8bc67e86afc67da25,2025-01,North Yorkshire Police,North Yorkshire Police,-1.525480,54.126091,On or near Grove Lane,E01027710,Harrogate 004F,Unable to prosecute suspect
a4f7114d5c55a93f41b0b3dadd27474aff4bc3a0754fe8a8bc67e86afc67da25,2025-01,North Yorkshire Police,North Yorkshire Police,-1.525480,54.126091,On or near Grove Lane,E01027710,Harrogate 004F,Unable to prosecute suspect
fd1773d28307f542c446ad92bd573deef803b238f1f4e4d24d569f92d8ee6e46,2025-01,North Yorkshire Police,North Yorkshire Police,-1.536108,54.008736,On or near Hill Top Walk,E01027638,Harrogate 010A,Unable to prosecute suspect
fd1773d28307f542c446ad92bd573deef803b238f1f4e4d24d569f92d8ee6e46,2025-01,North Yorkshire Police,North Yorkshire Police,-1.536108,54.008736,On or near Hill Top Walk,E01027638,Harrogate 010A,Unable to prosecute suspect
0ddb67a2fc7793a553c72218a66bce874e90f35229a858bae445ffc9a487ed39,2025-01,North Yorkshire Police,North Yorkshire Police,-1.126304,53.962838,On or near Iver Close,E01013335,York 012A,Investigation complete; no suspect identified
02d2beaf0ffd158c1ce35bb348f72d58ff97d72f965bc327025ae9cef05c9017,2025-01,North Yorkshire Police,North Yorkshire Police,-1.088636,53.968671,On or near Grosvenor Road,E01013344,York 007A,Unable to prosecute suspect
be64a6fda97a1dcf7c5b1c63e475f5b4feb687524c225bffe3d41fef30f982ba,2025-01,North Yorkshire Police,North Yorkshire Police,-2.004338,53.964647,On or near Kingsway,E01027574,Craven 005A,Unable to prosecute suspect
87eecfdbfa302520190539ccbbe8905de034cdca9b207c2689ee8b28b58dde6b,2025-01,North Yorkshire Police,North Yorkshire Police,-1.045181,53.956999,On or near Osbaldwick Lane,E01013398,York 015B,Unable to prosecute suspect
87eecfdbfa302520190539ccbbe8905de034cdca9b207c2689ee8b28b58dde6b,2025-01,North Yorkshire Police,North Yorkshire Police,-1.045181,53.956999,On or near Osbaldwick Lane,E01013398,York 015B,Unable to prosecute suspect
84b4d8fa0a954d5a0857dea50ec76cca68c8dbc035091f75e1fef1bde06e11a5,2025-01,North Yorkshire Police,North Yorkshire Police,-1.545996,53.994681,On or near Crescent Gardens,E01027678,Harrogate 015E,Investigation complete; no suspect identified
6901f8beac7acd2c25557cb7d7eabe7fa9f2b332b5ff909d1abfca0e3101a3ba,2025-01,North Yorkshire Police,North Yorkshire Police,-1.074444,53.949600,On or near ,E01013361,York 019B,Unable to prosecute suspect
598c8179491c3182fb68726a8c23596008d93d06eb302a0ecb3aaac139089a5a,2025-01,North Yorkshire Police,North Yorkshire Police,-1.330036,54.125801,On or near Birchwood Gardens,E01027600,Hambleton 011A,Unable to prosecute suspect
4a0d8b622650074a9276aa5d8538007fe208178ec93a1e4a2b06107fda1ca1f3,2025-01,North Yorkshire Police,North Yorkshire Police,-1.732748,54.407618,On or near Police Station,E01027766,Richmondshire 002B,Further investigation is not in the public interest
4a0d8b622650074a9276aa5d8538007fe208178ec93a1e4a2b06107fda1ca1f3,2025-01,North Yorkshire Police,North Yorkshire Police,-1.732748,54.407618,On or near Police Station,E01027766,Richmondshire 002B,Further investigation is not in the public interest
aeb8d1ce51cfb623ba88c1b322c19f579324f11ddeb851bbecc8f46efca6e965,2025-01,North Yorkshire Police,North Yorkshire Police,-0.554237,54.226637,On or near Dark Lane,E01027815,Scarborough 013B,Further investigation is not in the public interest
07c9e05241b98f3384d06dcb7bfeb13d4e021ed2b42b7a74186213a9b2618751,2025-01,North Yorkshire Police,North Yorkshire Police,-1.540242,53.993626,On or near Oxford Place,E01027678,Harrogate 015E,Unable to prosecute suspect
8d8b66b270f5f71f43548f03dade77d92c5a3ba6ed44018a1bf2e6b9e2b730ae,2025-01,North Yorkshire Police,North Yorkshire Police,-1.554173,54.008805,On or near Supermarket,E01027691,Harrogate 011B,Suspect charged
8d8b66b270f5f71f43548f03dade77d92c5a3ba6ed44018a1bf2e6b9e2b730ae,2025-01,North Yorkshire Police,North Yorkshire Police,-1.554173,54.008805,On or near Supermarket,E01027691,Harrogate 011B,Suspect charged
cc705f1c50874e0c1f1b6eb745a282535b3de85e0104f878c693b8728fd4b876,2025-01,North Yorkshire Police,North Yorkshire Police,-1.251177,53.791146,On or near High Trees Court,E01027914,Selby 004B,Unable to prosecute suspect
d54f9098cf19a63c0c612883584689725903a694c406d0c58afbac9f873e6ecf,2025-01,North Yorkshire Police,North Yorkshire Police,-1.090230,53.959155,On or near Station Avenue,E01033068,York 013G,Investigation complete; no suspect identified
76395c4762bffd8f1186e2c951c0676e07e90a1d00189c3ed81115ea1f170834,2025-01,North Yorkshire Police,North Yorkshire Police,-1.556580,53.983315,On or near Pendragon Way,E01027653,Harrogate 020A,Unable to prosecute suspect
76395c4762bffd8f1186e2c951c0676e07e90a1d00189c3ed81115ea1f170834,2025-01,North Yorkshire Police,North Yorkshire Police,-1.556580,53.983315,On or near Pendragon Way,E01027653,Harrogate 020A,Unable to prosecute suspect
83ac4682db868dba66c132f02ad18fa1c6ecc08093f7847263e38efc914f366b,2025-01,North Yorkshire Police,North Yorkshire Police,-1.232052,53.760295,On or near Orchard Close,E01027899,Selby 009D,Formal action is not in the public interest
83ac4682db868dba66c132f02ad18fa1c6ecc08093f7847263e38efc914f366b,2025-01,North Yorkshire Police,North Yorkshire Police,-1.232052,53.760295,On or near Orchard Close,E01027899,Selby 009D,Formal action is not in the public interest
4fc4827c7b9d6cac36d80ed44a481dafbe62981f8a72366d09af36affbf132b9,2025-01,North Yorkshire Police,North Yorkshire Police,-1.081996,53.959662,On or near ,E01013366,York 013A,Investigation complete; no suspect identified
d91383ec9a0074db047945f29599993896d474387e7490be89a3c76ab27c963f,2025-01,North Yorkshire Police,North Yorkshire Police,-0.404082,54.281980,On or near Albemarle Crescent,E01027804,Scarborough 010A,Formal action is not in the public interest
d91383ec9a0074db047945f29599993896d474387e7490be89a3c76ab27c963f,2025-01,North Yorkshire Police,North Yorkshire Police,-0.404082,54.281980,On or near Albemarle Crescent,E01027804,Scarborough 010A,Formal action is not in the public interest
2f599682a3ed77886c3ffdb902b2e84bf74e6882a26551a09cbbb70b150e1cbb,2025-01,North Yorkshire Police,North Yorkshire Police,-1.524376,54.007216,On or near Woodfield Road,E01027740,Harrogate 013F,Unable to prosecute suspect
2f599682a3ed77886c3ffdb902b2e84bf74e6882a26551a09cbbb70b150e1cbb,2025-01,North Yorkshire Police,North Yorkshire Police,-1.524376,54.007216,On or near Woodfield Road,E01027740,Harrogate 013F,Unable to prosecute suspect
2f599682a3ed77886c3ffdb902b2e84bf74e6882a26551a09cbbb70b150e1cbb,2025-01,North Yorkshire Police,North Yorkshire Police,-1.524376,54.007216,On or near Woodfield Road,E01027740,Harrogate 013F,Unable to prosecute suspect
2f599682a3ed77886c3ffdb902b2e84bf74e6882a26551a09cbbb70b150e1cbb,2025-01,North Yorkshire Police,North Yorkshire Police,-1.524376,54.007216,On or near Woodfield Road,E01027740,Harrogate 013F,Unable to prosecute suspect
2f599682a3ed77886c3ffdb902b2e84bf74e6882a26551a09cbbb70b150e1cbb,2025-01,North Yorkshire Police,North Yorkshire Police,-1.524376,54.007216,On or near Woodfield Road,E01027740,Harrogate 013F,Unable to prosecute suspect
e796a235e252197429a8e09e6852a00b2f15c29039b79e73e91b2ed8d6d22f26,2025-01,North Yorkshire Police,North Yorkshire Police,-1.532931,54.006243,On or near King Edward's Drive,E01027739,Harrogate 010F,Suspect charged
e796a235e252197429a8e09e6852a00b2f15c29039b79e73e91b2ed8d6d22f26,2025-01,North Yorkshire Police,North Yorkshire Police,-1.532931,54.006243,On or near King Edward's Drive,E01027739,Harrogate 010F,Suspect charged
6f5f94107467e466340a618f8c3347f7f671df4ef625ad758ed9e579a14acfbf,2025-01,North Yorkshire Police,North Yorkshire Police,-1.559112,54.004913,On or near Harewood Road,E01027723,Harrogate 011E,Investigation complete; no suspect identified
230c4c22535ffbee4f1c293f3346006b5dbcf7ccb3d6448161f2fbb16ab741d4,2025-01,North Yorkshire Police,North Yorkshire Police,-1.099881,53.955471,On or near St Paul's Terrace,E01013391,York 017B,Unable to prosecute suspect
a6fb71b3842136346fc6b092697ff2db8ed83b850638b69d48711e6912e1ff4d,2025-01,North Yorkshire Police,North Yorkshire Police,-2.019169,53.963908,On or near Park Street,E01027577,Craven 005C,Unable to prosecute suspect
a6fb71b3842136346fc6b092697ff2db8ed83b850638b69d48711e6912e1ff4d,2025-01,North Yorkshire Police,North Yorkshire Police,-2.019169,53.963908,On or near Park Street,E01027577,Craven 005C,Unable to prosecute suspect
21a3573f3dbe94b0e6cc81a9cf5f3220859151b6e1aa0a8cb82e4a2d3dc59348,2025-01,North Yorkshire Police,North Yorkshire Police,-0.415462,54.262832,On or near Shopping Area,E01027825,Scarborough 009B,Suspect charged
21a3573f3dbe94b0e6cc81a9cf5f3220859151b6e1aa0a8cb82e4a2d3dc59348,2025-01,North Yorkshire Police,North Yorkshire Police,-0.415462,54.262832,On or near Shopping Area,E01027825,Scarborough 009B,Suspect charged
88c8f3b5978e7cbe4c738e568f10802704be8e25e5768674b033278d6ae9c6af,2025-01,North Yorkshire Police,North Yorkshire Police,-0.321082,54.231429,On or near ,E01027807,Scarborough 011A,Unable to prosecute suspect
88c8f3b5978e7cbe4c738e568f10802704be8e25e5768674b033278d6ae9c6af,2025-01,North Yorkshire Police,North Yorkshire Police,-0.321082,54.231429,On or near ,E01027807,Scarborough 011A,Unable to prosecute suspect
2c1f1ee9969221b1db11625e9290fff42a7eb6591e1f73cd277645f8ed92660c,2025-01,North Yorkshire Police,North Yorkshire Police,-1.538891,53.993009,On or near Shopping Area,E01027678,Harrogate 015E,Unable to prosecute suspect
2c1f1ee9969221b1db11625e9290fff42a7eb6591e1f73cd277645f8ed92660c,2025-01,North Yorkshire Police,North Yorkshire Police,-1.538891,53.993009,On or near Shopping Area,E01027678,Harrogate 015E,Unable to prosecute suspect
7e76eef6dcc79df29d21eeb911c906060c5e8f95d6271fbd13e36d288515f36d,2025-01,North Yorkshire Police,North Yorkshire Police,-1.274810,53.876650,On or near ,E01027921,Selby 001D,Unable to prosecute suspect
42c07a6a8cd0c5f84a3fb713f389ae4fc11ea7650d2749562f56f9804cb28a96,2025-01,North Yorkshire Police,North Yorkshire Police,-1.589647,54.286357,On or near The Court,E01027587,Hambleton 006A,Unable to prosecute suspect
0ae598c131123a09a8c1cf7110131c59c47178f8f05995e3edb678df4fdf3390,2025-01,North Yorkshire Police,North Yorkshire Police,-1.559112,54.004913,On or near Harewood Road,E01027723,Harrogate 011E,Investigation complete; no suspect identified
1b8a961b216f492bb17a7a1a5a7b15f0b9db2ec43f45893b8caf3005674f0c93,2025-01,North Yorkshire Police,North Yorkshire Police,-1.671485,54.442307,On or near ,E01027761,Richmondshire 001E,Investigation complete; no suspect identified
a8a4a9b359e3a8d076b0105889e44bec7fa4ccde3ce7c297205188093819ec7a,2025-01,North Yorkshire Police,North Yorkshire Police,-1.503034,54.003032,On or near Diamond Place,E01027726,Harrogate 014C,Local resolution
a8a4a9b359e3a8d076b0105889e44bec7fa4ccde3ce7c297205188093819ec7a,2025-01,North Yorkshire Police,North Yorkshire Police,-1.503034,54.003032,On or near Diamond Place,E01027726,Harrogate 014C,Local resolution
a0e2fd40de66ba0faffedd285da0468c41d23ee53a9c81214bab468f96801ba6,2025-01,North Yorkshire Police,North Yorkshire Police,-1.082827,53.961067,On or near Shopping Area,E01013366,York 013A,Suspect charged
a0e2fd40de66ba0faffedd285da0468c41d23ee53a9c81214bab468f96801ba6,2025-01,North Yorkshire Police,North Yorkshire Police,-1.082827,53.961067,On or near Shopping Area,E01013366,York 013A,Suspect charged
ab0750ffcaaa904415e3e1e4de5d1b49e96e98254096b23ebca7eb2d1dedf0b7,2025-01,North Yorkshire Police,North Yorkshire Police,-1.082827,53.961067,On or near Shopping Area,E01013366,York 013A,Suspect charged
ab0750ffcaaa904415e3e1e4de5d1b49e96e98254096b23ebca7eb2d1dedf0b7,2025-01,North Yorkshire Police,North Yorkshire Police,-1.082827,53.961067,On or near Shopping Area,E01013366,York 013A,Suspect charged
616cda4ad12b69e3a4a0b5153448e7e68941588f6191a7962ff916465a09fcbf,2025-01,North Yorkshire Police,North Yorkshire Police,-1.082827,53.961067,On or near Shopping Area,E01013366,York 013A,Suspect charged
616cda4ad12b69e3a4a0b5153448e7e68941588f6191a7962ff916465a09fcbf,2025-01,North Yorkshire Police,North Yorkshire Police,-1.082827,53.961067,On or near Shopping Area,E01013366,York 013A,Suspect charged
fe28c2b71a8138731e9b1be145165d6a21d46e78549292409d7218a0b9ff4066,2025-01,North Yorkshire Police,North Yorkshire Police,-0.475263,54.250831,On or near Seamer Road,E01027816,Scarborough 013C,Unable to prosecute suspect
fe28c2b71a8138731e9b1be145165d6a21d46e78549292409d7218a0b9ff4066,2025-01,North Yorkshire Police,North Yorkshire Police,-0.475263,54.250831,On or near Seamer Road,E01027816,Scarborough 013C,Unable to prosecute suspect
c57b7d9abc0c7e557a9c13fb9344bc56be87d3f55efa94194d2e0ef135b8966d,2025-01,North Yorkshire Police,North Yorkshire Police,-0.402884,54.281982,On or near Aberdeen Place,E01027806,Scarborough 006B,Unable to prosecute suspect
1afb616d3ae842372ea3c5df966a66985ebf956b52921fa38df5f34c22f80eb9,2025-01,North Yorkshire Police,North Yorkshire Police,-1.359393,54.221969,On or near Oak Drive,E01034959,Hambleton 009E,Unable to prosecute suspect
1afb616d3ae842372ea3c5df966a66985ebf956b52921fa38df5f34c22f80eb9,2025-01,North Yorkshire Police,North Yorkshire Police,-1.359393,54.221969,On or near Oak Drive,E01034959,Hambleton 009E,Unable to prosecute suspect
629795d03da96029100628c5c2e1eadb2805a64e7eac6c2f8a9a15a758441f33,2025-01,North Yorkshire Police,North Yorkshire Police,-0.615931,54.485432,On or near Nightclub,E01034972,Scarborough 001F,Further action is not in the public interest
629795d03da96029100628c5c2e1eadb2805a64e7eac6c2f8a9a15a758441f33,2025-01,North Yorkshire Police,North Yorkshire Police,-0.615931,54.485432,On or near Nightclub,E01034972,Scarborough 001F,Further action is not in the public interest
9edc8cd4ea4bf48d658f021d3c643b43b68fdf542efc03a44649d547843b5e9c,2025-01,North Yorkshire Police,North Yorkshire Police,-1.521724,54.002973,On or near Claro Park,E01027649,Harrogate 013A,Unable to prosecute suspect
5b1bf0834778a442b2a9f6116afd79de1f80d907d1d85c75cba85f044a77f3fa,2025-01,North Yorkshire Police,North Yorkshire Police,-1.547879,54.002445,On or near Coppice Gate,E01027689,Harrogate 011A,Unable to prosecute suspect
cd845e0d8233ddf86ff1e0d841efc98a3ff129b1882257c7e2719270dbf38265,2025-01,North Yorkshire Police,North Yorkshire Police,-0.409609,54.277667,On or near Belgrave Crescent,E01027862,Scarborough 008E,Unable to prosecute suspect
cd845e0d8233ddf86ff1e0d841efc98a3ff129b1882257c7e2719270dbf38265,2025-01,North Yorkshire Police,North Yorkshire Police,-0.409609,54.277667,On or near Belgrave Crescent,E01027862,Scarborough 008E,Unable to prosecute suspect
5b0da733cb71b73740bbd339fec27369e13be0cbe1e14b0c90cbcdea1aab6806,2025-01,North Yorkshire Police,North Yorkshire Police,-1.067408,53.789876,On or near Holme View,E01034979,Selby 005G,Local resolution
5b0da733cb71b73740bbd339fec27369e13be0cbe1e14b0c90cbcdea1aab6806,2025-01,North Yorkshire Police,North Yorkshire Police,-1.067408,53.789876,On or near Holme View,E01034979,Selby 005G,Local resolution
ab5b5ad7298f630140d580ff259690dc72ad15cdadd7aa22e968e96d4d1b539a,2025-01,North Yorkshire Police,North Yorkshire Police,-1.535671,54.005526,On or near Church Avenue,E01027739,Harrogate 010F,Offender given a caution
e211a8bba44258940dfc62e8f36f33e0858de1932ac583afb8c8f13c3a4b7782,2025-01,North Yorkshire Police,North Yorkshire Police,-1.139251,54.488403,On or near Holly Garth Close,E01027599,Hambleton 001C,Unable to prosecute suspect
e211a8bba44258940dfc62e8f36f33e0858de1932ac583afb8c8f13c3a4b7782,2025-01,North Yorkshire Police,North Yorkshire Police,-1.139251,54.488403,On or near Holly Garth Close,E01027599,Hambleton 001C,Unable to prosecute suspect
e211a8bba44258940dfc62e8f36f33e0858de1932ac583afb8c8f13c3a4b7782,2025-01,North Yorkshire Police,North Yorkshire Police,-1.139251,54.488403,On or near Holly Garth Close,E01027599,Hambleton 001C,Unable to prosecute suspect
e211a8bba44258940dfc62e8f36f33e0858de1932ac583afb8c8f13c3a4b7782,2025-01,North Yorkshire Police,North Yorkshire Police,-1.139251,54.488403,On or near Holly Garth Close,E01027599,Hambleton 001C,Unable to prosecute suspect
e1ce39ddbd70f9a6fcb5796b861a7527a00e2635b1f4eeda71a9c6d9957183f0,2025-01,North Yorkshire Police,North Yorkshire Police,-1.359393,54.221969,On or near Oak Drive,E01034959,Hambleton 009E,Unable to prosecute suspect
e1ce39ddbd70f9a6fcb5796b861a7527a00e2635b1f4eeda71a9c6d9957183f0,2025-01,North Yorkshire Police,North Yorkshire Police,-1.359393,54.221969,On or near Oak Drive,E01034959,Hambleton 009E,Unable to prosecute suspect
c4af848110df78466fbbe992ffeb2ce7e642aad084d4a019e5fa0f992224d968,2025-01,North Yorkshire Police,North Yorkshire Police,-1.059887,53.963155,On or near Ninth Avenue,E01013383,York 010D,Unable to prosecute suspect
c4af848110df78466fbbe992ffeb2ce7e642aad084d4a019e5fa0f992224d968,2025-01,North Yorkshire Police,North Yorkshire Police,-1.059887,53.963155,On or near Ninth Avenue,E01013383,York 010D,Unable to prosecute suspect
70f4cf201e3e04e8370176bd438d8f56adf817de2659f08e110963dcd6cd8ac0,2025-01,North Yorkshire Police,North Yorkshire Police,-1.214748,53.855224,On or near West End Approach,E01027904,Selby 002E,Unable to prosecute suspect
f8b6931da213fc5c12cd50167c13b70473de725510f5d2d48213a4cdb19d3829,2025-01,North Yorkshire Police,North Yorkshire Police,-1.076830,53.966190,On or near Jackson Street,E01013369,York 013C,Further investigation is not in the public interest
e915e472900510908891c387b0d735d44dccc45be2ca669db2c309c08141f48f,2025-01,North Yorkshire Police,North Yorkshire Police,-1.424538,54.346527,On or near Fountains Road,E01034961,Hambleton 012A,Unable to prosecute suspect
e915e472900510908891c387b0d735d44dccc45be2ca669db2c309c08141f48f,2025-01,North Yorkshire Police,North Yorkshire Police,-1.424538,54.346527,On or near Fountains Road,E01034961,Hambleton 012A,Unable to prosecute suspect
93eeba15e6bfb840329bed2421c9f1b0aafebc0e4622ba4a357badd68a59557b,2025-01,North Yorkshire Police,North Yorkshire Police,-1.051019,53.948902,On or near Morrell Way,E01013378,York 023B,Unable to prosecute suspect
84daff5f969d15ee33e0e843a1c650d1f49139ec854172057b074308ef5ddb3a,2025-01,North Yorkshire Police,North Yorkshire Police,-0.280576,54.188662,On or near Flat Cliffs,E01027833,Scarborough 014E,Unable to prosecute suspect
49d9b75c8332529777898788c6bc4db0b6c52514856d3d02b6f152aaca4e113b,2025-01,North Yorkshire Police,North Yorkshire Police,-1.156601,53.699782,On or near Cannon Hall Lane,E01027890,Selby 010B,Unable to prosecute suspect
e8b53247f270330698d6eb79f1f02ece7f329ca44fbfb73de773715f3042b811,2025-01,North Yorkshire Police,North Yorkshire Police,-1.529704,53.997441,On or near Westmoreland Street,E01027659,Harrogate 015C,Unable to prosecute suspect
7b1caf38c659f2931ad110ee6c1cdda9b50f26e077cf104787ad9cdf174a7171,2025-01,North Yorkshire Police,North Yorkshire Police,-0.608923,54.479510,On or near Abbot's Walk,E01027864,Scarborough 003B,Unable to prosecute suspect
7b1caf38c659f2931ad110ee6c1cdda9b50f26e077cf104787ad9cdf174a7171,2025-01,North Yorkshire Police,North Yorkshire Police,-0.608923,54.479510,On or near Abbot's Walk,E01027864,Scarborough 003B,Unable to prosecute suspect
aa2fd176ada3e29d5bd82dd86daa3683eb9eaf9f51249a8067efb5336d0eb310,2025-01,North Yorkshire Police,North Yorkshire Police,-1.678980,54.382009,On or near Herriot Drive,E01027756,Richmondshire 006B,Unable to prosecute suspect
e554e6f633a67e594ca811e98d4226935fb58a4d972c049b05ba396175919781,2025-01,North Yorkshire Police,North Yorkshire Police,-1.082211,53.786251,On or near Tennant Street,E01027907,Selby 005C,Suspect charged
e554e6f633a67e594ca811e98d4226935fb58a4d972c049b05ba396175919781,2025-01,North Yorkshire Police,North Yorkshire Police,-1.082211,53.786251,On or near Tennant Street,E01027907,Selby 005C,Suspect charged
aead5d31bf50334888893e3d3a630014211d7f104ad15d7f5067c760bbc384c1,2025-01,North Yorkshire Police,North Yorkshire Police,-1.457252,54.014563,On or near Half Crown Way,E01027675,Harrogate 007D,Suspect charged
aead5d31bf50334888893e3d3a630014211d7f104ad15d7f5067c760bbc384c1,2025-01,North Yorkshire Police,North Yorkshire Police,-1.457252,54.014563,On or near Half Crown Way,E01027675,Harrogate 007D,Suspect charged
406d2d4bdf0409d3ff0c1b46c70c862d3f2530e68110aa96e90fcb7cf91c412a,2025-01,North Yorkshire Police,North Yorkshire Police,-1.491965,53.988677,On or near Dalby Court,E01027661,Harrogate 017B,Suspect charged
406d2d4bdf0409d3ff0c1b46c70c862d3f2530e68110aa96e90fcb7cf91c412a,2025-01,North Yorkshire Police,North Yorkshire Police,-1.491965,53.988677,On or near Dalby Court,E01027661,Harrogate 017B,Suspect charged
efefceb0548c56a0676c7e41e33b832dcafc41c1e2b379369a7576678ac3f6e4,2025-01,North Yorkshire Police,North Yorkshire Police,-1.120466,53.937495,On or near Chaloner's Crescent,E01013353,York 022A,Unable to prosecute suspect
efefceb0548c56a0676c7e41e33b832dcafc41c1e2b379369a7576678ac3f6e4,2025-01,North Yorkshire Police,North Yorkshire Police,-1.120466,53.937495,On or near Chaloner's Crescent,E01013353,York 022A,Unable to prosecute suspect
19e9a8bdda9074b72ddc887f4f986018484a5d526198246cb9cb5c59154b11a3,2025-01,North Yorkshire Police,North Yorkshire Police,-1.351314,54.221258,On or near Ash Court,E01034959,Hambleton 009E,Investigation complete; no suspect identified
8f0c6fe2634f402a145c4f69bdf4b82a786e75583c86d17866721747812c7553,2025-01,North Yorkshire Police,North Yorkshire Police,-2.004902,53.961034,On or near Hurrs Road,E01027575,Craven 005B,Unable to prosecute suspect
af51731f7d3cfd0dc6fbaaeae04fb0256e5f2334192956165c107c55f3ce5e78,2025-01,North Yorkshire Police,North Yorkshire Police,-1.078249,53.957159,On or near Merchantgate,E01033070,York 013I,Offender given a caution
af51731f7d3cfd0dc6fbaaeae04fb0256e5f2334192956165c107c55f3ce5e78,2025-01,North Yorkshire Police,North Yorkshire Police,-1.078249,53.957159,On or near Merchantgate,E01033070,York 013I,Offender given a caution
af51731f7d3cfd0dc6fbaaeae04fb0256e5f2334192956165c107c55f3ce5e78,2025-01,North Yorkshire Police,North Yorkshire Police,-1.078249,53.957159,On or near Merchantgate,E01033070,York 013I,Offender given a caution
7e691475952c209194f72c274ab9eed15a31867a45f4559a9ab43e59e99ff320,2025-01,North Yorkshire Police,North Yorkshire Police,-0.425077,54.296404,On or near Hospital,E01027845,Scarborough 005D,Unable to prosecute suspect
e6f6a659a711424cd6a64a30d247d5513cb03ac7cf77456bcb773d9611aef9a3,2025-01,North Yorkshire Police,North Yorkshire Police,-1.537158,53.993848,On or near Parking Area,E01027656,Harrogate 019A,Suspect charged
e6f6a659a711424cd6a64a30d247d5513cb03ac7cf77456bcb773d9611aef9a3,2025-01,North Yorkshire Police,North Yorkshire Police,-1.537158,53.993848,On or near Parking Area,E01027656,Harrogate 019A,Suspect charged
d7cebb75db0344e89f1483bcd59ccd451b6f04ea99a007c2cba4e7db044962d4,2025-01,North Yorkshire Police,North Yorkshire Police,-0.766957,54.507172,On or near Mickleby Lane,E01027841,Scarborough 002D,Investigation complete; no suspect identified
46f069f6039ff8dfc9628314b2ded15687d690e22b10864ec746496fc46e3f72,2025-01,North Yorkshire Police,North Yorkshire Police,-1.173013,54.405686,On or near Raisdale Road,E01027627,Hambleton 002E,Unable to prosecute suspect
46f069f6039ff8dfc9628314b2ded15687d690e22b10864ec746496fc46e3f72,2025-01,North Yorkshire Police,North Yorkshire Police,-1.173013,54.405686,On or near Raisdale Road,E01027627,Hambleton 002E,Unable to prosecute suspect
b482d4c555d847709148add22b582a1565dcd417c8abc9851a0c9350e5583ab9,2025-01,North Yorkshire Police,North Yorkshire Police,-1.109243,53.963091,On or near Stamford Street West,E01013391,York 017B,Unable to prosecute suspect
b482d4c555d847709148add22b582a1565dcd417c8abc9851a0c9350e5583ab9,2025-01,North Yorkshire Police,North Yorkshire Police,-1.109243,53.963091,On or near Stamford Street West,E01013391,York 017B,Unable to prosecute suspect
aa2ad6dd9e1ca59139bd371501417a6605e856898d2cbc553da99831ed6c45ed,2025-01,North Yorkshire Police,North Yorkshire Police,-1.115991,53.960426,On or near Garland Street,E01013393,York 016A,Offender given a caution
aa2ad6dd9e1ca59139bd371501417a6605e856898d2cbc553da99831ed6c45ed,2025-01,North Yorkshire Police,North Yorkshire Police,-1.115991,53.960426,On or near Garland Street,E01013393,York 016A,Offender given a caution
d3e86102ad49c23a223173b00fd68c923800a214a55f4720dd57719b9cb26f8d,2025-01,North Yorkshire Police,North Yorkshire Police,-1.072405,53.946490,On or near Police Station,E01013362,York 019C,Suspect charged
d3e86102ad49c23a223173b00fd68c923800a214a55f4720dd57719b9cb26f8d,2025-01,North Yorkshire Police,North Yorkshire Police,-1.072405,53.946490,On or near Police Station,E01013362,York 019C,Suspect charged
4cb8630b864f535a9ad2b91b4b95aa923fb7b2ba29ca5b9193464f30ecb2892c,2025-01,North Yorkshire Police,North Yorkshire Police,-0.408469,54.281346,On or near Barwick Street,E01027812,Scarborough 008C,Further investigation is not in the public interest
4cb8630b864f535a9ad2b91b4b95aa923fb7b2ba29ca5b9193464f30ecb2892c,2025-01,North Yorkshire Police,North Yorkshire Police,-0.408469,54.281346,On or near Barwick Street,E01027812,Scarborough 008C,Further investigation is not in the public interest
b178b8a409a47cf6d7e00c61562165783e1fa088f23f47d3dac8d449683584af,2025-01,North Yorkshire Police,North Yorkshire Police,-1.088251,53.976532,On or near Waveney Grove,E01013350,York 009E,Suspect charged
b178b8a409a47cf6d7e00c61562165783e1fa088f23f47d3dac8d449683584af,2025-01,North Yorkshire Police,North Yorkshire Police,-1.088251,53.976532,On or near Waveney Grove,E01013350,York 009E,Suspect charged
1db6f0204731fa3bb7728cea80fb9095dce766457a3028790b5a0008e910bc7a,2025-01,North Yorkshire Police,North Yorkshire Police,-1.426622,54.342717,On or near Forest Road,E01027612,Hambleton 013A,Unable to prosecute suspect
1db6f0204731fa3bb7728cea80fb9095dce766457a3028790b5a0008e910bc7a,2025-01,North Yorkshire Police,North Yorkshire Police,-1.426622,54.342717,On or near Forest Road,E01027612,Hambleton 013A,Unable to prosecute suspect
be1e08ba9ec4781ec723b2bf69963afa201e0488e805483ffef53c800e1c677d,2025-01,North Yorkshire Police,North Yorkshire Police,-1.544283,53.993722,On or near Parking Area,E01027678,Harrogate 015E,Unable to prosecute suspect
be1e08ba9ec4781ec723b2bf69963afa201e0488e805483ffef53c800e1c677d,2025-01,North Yorkshire Police,North Yorkshire Police,-1.544283,53.993722,On or near Parking Area,E01027678,Harrogate 015E,Unable to prosecute suspect
776004d99fc05206dfe1e0bdf4b8940bfb070113a98a8b9e8598d469b8b95511,2025-01,North Yorkshire Police,North Yorkshire Police,-1.230633,53.787224,On or near ,E01034975,Selby 004F,Investigation complete; no suspect identified
41a543c330e5d552e23ea59f8297b7a3b11d918c614f1105292aea3fc7cd872e,2025-01,North Yorkshire Police,North Yorkshire Police,-0.785378,54.131497,On or near Grove Street,E01027790,Ryedale 010D,Unable to prosecute suspect
41a543c330e5d552e23ea59f8297b7a3b11d918c614f1105292aea3fc7cd872e,2025-01,North Yorkshire Police,North Yorkshire Police,-0.785378,54.131497,On or near Grove Street,E01027790,Ryedale 010D,Unable to prosecute suspect
5ec5a2a1ebac3bcf6afadfddcb6c1dd82ccf46e2cffc0b1a544310fe37a0fbc0,2025-01,North Yorkshire Police,North Yorkshire Police,-1.181347,54.468453,On or near ,E01027623,Hambleton 001D,Unable to prosecute suspect
5ec5a2a1ebac3bcf6afadfddcb6c1dd82ccf46e2cffc0b1a544310fe37a0fbc0,2025-01,North Yorkshire Police,North Yorkshire Police,-1.181347,54.468453,On or near ,E01027623,Hambleton 001D,Unable to prosecute suspect
9f27d8a7cd8713cf6ff87017e75f0e41a53c70b1302f3d72c41efac035b6b8a5,2025-01,North Yorkshire Police,North Yorkshire Police,-1.356200,53.945990,On or near Montagu Way,E01027703,Harrogate 016E,Unable to prosecute suspect
9f27d8a7cd8713cf6ff87017e75f0e41a53c70b1302f3d72c41efac035b6b8a5,2025-01,North Yorkshire Police,North Yorkshire Police,-1.356200,53.945990,On or near Montagu Way,E01027703,Harrogate 016E,Unable to prosecute suspect
7f75e96c693eb9c0d495a4b4bf95369e88a9f5ae1c292c1eb64d15902c28ced1,2025-01,North Yorkshire Police,North Yorkshire Police,-1.537158,53.993848,On or near Parking Area,E01027656,Harrogate 019A,Unable to prosecute suspect
7f75e96c693eb9c0d495a4b4bf95369e88a9f5ae1c292c1eb64d15902c28ced1,2025-01,North Yorkshire Police,North Yorkshire Police,-1.537158,53.993848,On or near Parking Area,E01027656,Harrogate 019A,Unable to prosecute suspect
7f75e96c693eb9c0d495a4b4bf95369e88a9f5ae1c292c1eb64d15902c28ced1,2025-01,North Yorkshire Police,North Yorkshire Police,-1.537158,53.993848,On or near Parking Area,E01027656,Harrogate 019A,Unable to prosecute suspect
52afec7a19f30fc6f8b1580c156af1dbdc925ab6a2e9e9c46a43b473e6a7b0c5,2025-01,North Yorkshire Police,North Yorkshire Police,-1.464208,54.014801,On or near Stockwell Place,E01027676,Harrogate 009D,Unable to prosecute suspect
6f12ebe9512b0c0ad709ae798c1e46d3338d55c533680fe655bd06e271a90699,2025-01,North Yorkshire Police,North Yorkshire Police,-1.101243,53.979992,On or near Stonelands Court,E01013435,York 006E,Unable to prosecute suspect
17ae615357f1a5b7ee57e3d728f8b61f42c7bc73fa75eec26f2af39952cea5ec,2025-01,North Yorkshire Police,North Yorkshire Police,-0.404446,54.280520,On or near Nightclub,E01027804,Scarborough 010A,Unable to prosecute suspect
17ae615357f1a5b7ee57e3d728f8b61f42c7bc73fa75eec26f2af39952cea5ec,2025-01,North Yorkshire Police,North Yorkshire Police,-0.404446,54.280520,On or near Nightclub,E01027804,Scarborough 010A,Unable to prosecute suspect
aab473dea8cef5cee07bab13f7f928ec015d7f9d67f594d44dacfb61061f2ee7,2025-01,North Yorkshire Police,North Yorkshire Police,-1.070588,53.959688,On or near Shopping Area,E01013383,York 010D,Local resolution
003e376f00980a5200802f1e3afdb4f0b70ffb988781580a435a3f8d955dec0b,2025-01,North Yorkshire Police,North Yorkshire Police,-1.097512,53.972728,On or near Brompton Road,E01013346,York 007B,Unable to prosecute suspect
79b82ea9f9be05bd535e19eba81d24487b955aee935567474ab243a5367e74f3,2025-01,North Yorkshire Police,North Yorkshire Police,-1.539772,53.993282,On or near Cambridge Place,E01027678,Harrogate 015E,Local resolution
79b82ea9f9be05bd535e19eba81d24487b955aee935567474ab243a5367e74f3,2025-01,North Yorkshire Police,North Yorkshire Police,-1.539772,53.993282,On or near Cambridge Place,E01027678,Harrogate 015E,Local resolution
54192ba91c27b39f1191e179ed298cfe6fc8e1914ae45fb44c1627f56197b8f9,2025-01,North Yorkshire Police,North Yorkshire Police,-1.356930,54.222070,On or near Primrose Drive,E01034959,Hambleton 009E,Unable to prosecute suspect
54192ba91c27b39f1191e179ed298cfe6fc8e1914ae45fb44c1627f56197b8f9,2025-01,North Yorkshire Police,North Yorkshire Police,-1.356930,54.222070,On or near Primrose Drive,E01034959,Hambleton 009E,Unable to prosecute suspect
15ede5c67605b4eeef133c65c7840928a52751d689d76022d50af1b427350708,2025-01,North Yorkshire Police,North Yorkshire Police,-1.507828,53.997614,On or near Nightingale Drive,E01027648,Harrogate 014A,Unable to prosecute suspect
15ede5c67605b4eeef133c65c7840928a52751d689d76022d50af1b427350708,2025-01,North Yorkshire Police,North Yorkshire Police,-1.507828,53.997614,On or near Nightingale Drive,E01027648,Harrogate 014A,Unable to prosecute suspect
2d959dd91b429d528254f840fd592cf3320c7a7e6fc119508a4c2eb6df9985b9,2025-01,North Yorkshire Police,North Yorkshire Police,-0.771505,54.465723,On or near A171,E01027841,Scarborough 002D,Investigation complete; no suspect identified
2d959dd91b429d528254f840fd592cf3320c7a7e6fc119508a4c2eb6df9985b9,2025-01,North Yorkshire Police,North Yorkshire Police,-0.771505,54.465723,On or near A171,E01027841,Scarborough 002D,Investigation complete; no suspect identified
a6476e8b0ae77c45ef49ad86ee9612e86c94e42c474f2c030558459e33d6161f,2025-01,North Yorkshire Police,North Yorkshire Police,-0.616823,54.485065,On or near Victoria Square,E01034972,Scarborough 001F,Local resolution
a6476e8b0ae77c45ef49ad86ee9612e86c94e42c474f2c030558459e33d6161f,2025-01,North Yorkshire Police,North Yorkshire Police,-0.616823,54.485065,On or near Victoria Square,E01034972,Scarborough 001F,Local resolution
dada85dd837b0d0be87ac653e202e93fff8465e098b992a885e208ec452a2bf0,2025-01,North Yorkshire Police,North Yorkshire Police,-0.375919,54.248545,On or near Seafield Avenue,E01027809,Scarborough 011C,Unable to prosecute suspect
dada85dd837b0d0be87ac653e202e93fff8465e098b992a885e208ec452a2bf0,2025-01,North Yorkshire Police,North Yorkshire Police,-0.375919,54.248545,On or near Seafield Avenue,E01027809,Scarborough 011C,Unable to prosecute suspect
98230e46d1bc60645cf9d690dcf5dec58e3ad0ab28286811d08d4d3bb71992b5,2025-01,North Yorkshire Police,North Yorkshire Police,-1.084118,53.959281,On or near ,E01033070,York 013I,Suspect charged
98230e46d1bc60645cf9d690dcf5dec58e3ad0ab28286811d08d4d3bb71992b5,2025-01,North Yorkshire Police,North Yorkshire Police,-1.084118,53.959281,On or near ,E01033070,York 013I,Suspect charged
fecf02d770beae655b090ba48bb4827d7086bd6880e850b3fbd8ca77e0b127af,2025-01,North Yorkshire Police,North Yorkshire Police,-1.125129,53.772640,On or near Barff Grove,E01027894,Selby 007D,Suspect charged
fecf02d770beae655b090ba48bb4827d7086bd6880e850b3fbd8ca77e0b127af,2025-01,North Yorkshire Police,North Yorkshire Police,-1.125129,53.772640,On or near Barff Grove,E01027894,Selby 007D,Suspect charged
6f0f46b339b10fa1119edc8e978306264703088fc9581c23448d00c0bd90e851,2025-01,North Yorkshire Police,North Yorkshire Police,-0.977390,53.965852,On or near Kendal Close,E01013352,York 020B,Unable to prosecute suspect
05161a3f620d436ca4fd665b8b73f435a5bfec8e376f4db970278d8df68f6fe7,2025-01,North Yorkshire Police,North Yorkshire Police,-1.076475,53.785506,On or near Buttermere Court,E01027908,Selby 005D,Unable to prosecute suspect
05161a3f620d436ca4fd665b8b73f435a5bfec8e376f4db970278d8df68f6fe7,2025-01,North Yorkshire Police,North Yorkshire Police,-1.076475,53.785506,On or near Buttermere Court,E01027908,Selby 005D,Unable to prosecute suspect
855c73236fa0a69a3497ea2e8ea570743887358c1a7eb0c08f4ea3129c6830a8,2025-01,North Yorkshire Police,North Yorkshire Police,-1.736330,54.403860,On or near Ryders Wynd,E01027766,Richmondshire 002B,Unable to prosecute suspect
855c73236fa0a69a3497ea2e8ea570743887358c1a7eb0c08f4ea3129c6830a8,2025-01,North Yorkshire Police,North Yorkshire Police,-1.736330,54.403860,On or near Ryders Wynd,E01027766,Richmondshire 002B,Unable to prosecute suspect
0069a55e4d4e37958b9c9aeeeea24c52e22bf47ff1c32a950ecb3d20da09e031,2025-01,North Yorkshire Police,North Yorkshire Police,-1.254853,53.886003,On or near Grange Road,E01027918,Selby 001A,Investigation complete; no suspect identified
400fc14b4cd654c56c5749390c8a85782650b2ecb4dca65225bd17a0c0a57ed4,2025-01,North Yorkshire Police,North Yorkshire Police,-1.097088,53.969049,On or near Clifton Dale,E01013346,York 007B,Formal action is not in the public interest
400fc14b4cd654c56c5749390c8a85782650b2ecb4dca65225bd17a0c0a57ed4,2025-01,North Yorkshire Police,North Yorkshire Police,-1.097088,53.969049,On or near Clifton Dale,E01013346,York 007B,Formal action is not in the public interest
2da57fb05759cd812e78fbf150a2bb96ee47a6275aa8f5c51aa830e71308b14e,2025-01,North Yorkshire Police,North Yorkshire Police,-2.037439,53.958925,On or near Jubilee Close,E01034956,Craven 006E,Suspect charged
2da57fb05759cd812e78fbf150a2bb96ee47a6275aa8f5c51aa830e71308b14e,2025-01,North Yorkshire Police,North Yorkshire Police,-2.037439,53.958925,On or near Jubilee Close,E01034956,Craven 006E,Suspect charged
b47b325384243521405e9a8f536d90e1954364fa6d49a2b197bc912f7dec5f69,2025-01,North Yorkshire Police,North Yorkshire Police,-2.037439,53.958925,On or near Jubilee Close,E01034956,Craven 006E,Suspect charged
b47b325384243521405e9a8f536d90e1954364fa6d49a2b197bc912f7dec5f69,2025-01,North Yorkshire Police,North Yorkshire Police,-2.037439,53.958925,On or near Jubilee Close,E01034956,Craven 006E,Suspect charged
2691962e01c734241b0ca80c7718d92afa77ec0d536f10a7f79f24067e8d6eaa,2025-01,North Yorkshire Police,North Yorkshire Police,-1.246302,53.798900,On or near East Bank,E01027916,Selby 004D,Unable to prosecute suspect
2691962e01c734241b0ca80c7718d92afa77ec0d536f10a7f79f24067e8d6eaa,2025-01,North Yorkshire Police,North Yorkshire Police,-1.246302,53.798900,On or near East Bank,E01027916,Selby 004D,Unable to prosecute suspect
369074b1b6f7c7982302586759f24e83248a60cc701a4950aa9e63f1b3a58441,2025-01,North Yorkshire Police,North Yorkshire Police,-2.037439,53.958925,On or near Jubilee Close,E01034956,Craven 006E,Unable to prosecute suspect
10aff83f8758ce3e8ae3d90b1fc61b2ff0c1ec4410deae9167748c02933bb471,2025-01,North Yorkshire Police,North Yorkshire Police,-0.397518,54.286477,On or near Blenheim Street,E01027805,Scarborough 006A,Unable to prosecute suspect
10aff83f8758ce3e8ae3d90b1fc61b2ff0c1ec4410deae9167748c02933bb471,2025-01,North Yorkshire Police,North Yorkshire Police,-0.397518,54.286477,On or near Blenheim Street,E01027805,Scarborough 006A,Unable to prosecute suspect
f8151d96355b38084b21839fe5100769a3110d5d603c3b0f0e297f2644910288,2025-01,North Yorkshire Police,North Yorkshire Police,-0.425077,54.296404,On or near Hospital,E01027845,Scarborough 005D,Further investigation is not in the public interest
f8151d96355b38084b21839fe5100769a3110d5d603c3b0f0e297f2644910288,2025-01,North Yorkshire Police,North Yorkshire Police,-0.425077,54.296404,On or near Hospital,E01027845,Scarborough 005D,Further investigation is not in the public interest
3a3881e66b1de3981663da91332dd6a26ba413a968b17b8d08690cab4c9b73c9,2025-01,North Yorkshire Police,North Yorkshire Police,-1.670941,54.050137,On or near Stripe Lane,E01027681,Harrogate 006A,Unable to prosecute suspect
3a3881e66b1de3981663da91332dd6a26ba413a968b17b8d08690cab4c9b73c9,2025-01,North Yorkshire Police,North Yorkshire Police,-1.670941,54.050137,On or near Stripe Lane,E01027681,Harrogate 006A,Unable to prosecute suspect
6885d743bcec62e76a6f01ee2e5c5d3d5f56077ccbd93c93f06801219afd7be9,2025-01,North Yorkshire Police,North Yorkshire Police,-1.396818,54.064265,On or near Pilmoor Road,E01027647,Harrogate 005C,Investigation complete; no suspect identified
c50db78b1c75092971155d3cc8b5a4052746cf60e545a9d41117420046caadda,2025-01,North Yorkshire Police,North Yorkshire Police,-1.070486,53.933415,On or near Glen Close,E01034762,York 023E,Unable to prosecute suspect
c50db78b1c75092971155d3cc8b5a4052746cf60e545a9d41117420046caadda,2025-01,North Yorkshire Police,North Yorkshire Police,-1.070486,53.933415,On or near Glen Close,E01034762,York 023E,Unable to prosecute suspect
d830a4bd0d4a607ca4616067c18e001f2099f45bb763e6b5abd38c20a4e4d16d,2025-01,North Yorkshire Police,North Yorkshire Police,-1.132238,54.495183,On or near Petrol Station,E01027598,Hambleton 002A,Suspect charged
d830a4bd0d4a607ca4616067c18e001f2099f45bb763e6b5abd38c20a4e4d16d,2025-01,North Yorkshire Police,North Yorkshire Police,-1.132238,54.495183,On or near Petrol Station,E01027598,Hambleton 002A,Suspect charged
c1108bfa49ba21579bb8c7a5776364affdbdd24c5d123227515a76dd7d562cb5,2025-01,North Yorkshire Police,North Yorkshire Police,-1.155435,54.022987,On or near The Old Orchard,E01027619,Hambleton 011B,Unable to prosecute suspect
db04c37140782fa668131ce660d672b2837e04bf7156db7c8d7e34f5b55c787a,2025-01,North Yorkshire Police,North Yorkshire Police,-1.275954,53.875695,On or near ,E01027921,Selby 001D,Suspect charged
db04c37140782fa668131ce660d672b2837e04bf7156db7c8d7e34f5b55c787a,2025-01,North Yorkshire Police,North Yorkshire Police,-1.275954,53.875695,On or near ,E01027921,Selby 001D,Suspect charged
83c00ee69e316bbdbb2806162546119786303d6324bf5a0c316776886c019b18,2025-01,North Yorkshire Police,North Yorkshire Police,-1.343202,54.232789,On or near Parking Area,E01027630,Hambleton 008B,Investigation complete; no suspect identified
071fdb50d9d7f5d02d8dd48b1468c0ab3af655c4b3ec7ff02ada7e45c5372fae,2025-01,North Yorkshire Police,North Yorkshire Police,-1.042584,53.806129,On or near River View,E01027877,Selby 003B,Unable to prosecute suspect
efa70d6c61d382dbc622a1396700c7a6dc6bfdd2f3cc323fa7e2b3aefbd493b2,2025-01,North Yorkshire Police,North Yorkshire Police,-1.551593,53.987683,On or near West Cliffe Grove,E01027652,Harrogate 015A,Investigation complete; no suspect identified
2bda45f8be607d5b2065e6efd8fad3adc25fa453215d123a55aa1b05731bd7ad,2025-01,North Yorkshire Police,North Yorkshire Police,-0.413400,54.276953,On or near Falsgrave Road,E01027862,Scarborough 008E,Unable to prosecute suspect
2bda45f8be607d5b2065e6efd8fad3adc25fa453215d123a55aa1b05731bd7ad,2025-01,North Yorkshire Police,North Yorkshire Police,-0.413400,54.276953,On or near Falsgrave Road,E01027862,Scarborough 008E,Unable to prosecute suspect
08208177a56d7676ff2f5d734b7a1271b67787e2ebe1a0def3de22b42f4d2038,2025-01,North Yorkshire Police,North Yorkshire Police,-1.432469,54.342529,On or near Friarage Mount,E01027612,Hambleton 013A,Unable to prosecute suspect
08208177a56d7676ff2f5d734b7a1271b67787e2ebe1a0def3de22b42f4d2038,2025-01,North Yorkshire Police,North Yorkshire Police,-1.432469,54.342529,On or near Friarage Mount,E01027612,Hambleton 013A,Unable to prosecute suspect
6da632ef39f5283de31677ac6ec651bdddea1cce4ff72e3d278753e3d3c4411d,2025-01,North Yorkshire Police,North Yorkshire Police,-1.074647,53.955333,On or near Margaret Street,E01033067,York 013F,Unable to prosecute suspect
186321135f35fbfa9701743e5a80acc6eee877a0322b94674498bc2ab47e9f56,2025-01,North Yorkshire Police,North Yorkshire Police,-1.425489,54.335666,On or near Prospect View,E01027610,Hambleton 012C,Unable to prosecute suspect
186321135f35fbfa9701743e5a80acc6eee877a0322b94674498bc2ab47e9f56,2025-01,North Yorkshire Police,North Yorkshire Police,-1.425489,54.335666,On or near Prospect View,E01027610,Hambleton 012C,Unable to prosecute suspect
e140579c3b56f9c24c784b9065da6c613b0ff966e3f8fab1572ea35abf3545e7,2025-01,North Yorkshire Police,North Yorkshire Police,-1.430650,54.340606,On or near Parking Area,E01027608,Hambleton 013B,Unable to prosecute suspect
e140579c3b56f9c24c784b9065da6c613b0ff966e3f8fab1572ea35abf3545e7,2025-01,North Yorkshire Police,North Yorkshire Police,-1.430650,54.340606,On or near Parking Area,E01027608,Hambleton 013B,Unable to prosecute suspect
1f5b27d6cdc7eff363aa9d164d1c5507f3835da478eded238a03b03145b0a2b1,2025-01,North Yorkshire Police,North Yorkshire Police,-1.595531,54.289450,On or near Police Station,E01027588,Hambleton 006B,Suspect charged
1f5b27d6cdc7eff363aa9d164d1c5507f3835da478eded238a03b03145b0a2b1,2025-01,North Yorkshire Police,North Yorkshire Police,-1.595531,54.289450,On or near Police Station,E01027588,Hambleton 006B,Suspect charged
b5bda2cbd57633d7ac5923bb4efc4316833cf738a5ea81b312cc73cfa49f1a7f,2025-01,North Yorkshire Police,North Yorkshire Police,-1.555267,54.004980,On or near Burnside Close,E01027691,Harrogate 011B,Unable to prosecute suspect
492fd905ed0fb81432e00711de0845708f6efac04a2b5522fa75a64bbfa948d3,2025-01,North Yorkshire Police,North Yorkshire Police,-0.611690,54.487272,On or near ,E01027865,Scarborough 003C,Unable to prosecute suspect
a9f359edf7103aa2f9dac3b310175b9845e18b1ad101ef24df5028a18c1f916e,2025-01,North Yorkshire Police,North Yorkshire Police,-1.204938,54.169313,On or near High Street,E01027636,Hambleton 009D,Investigation complete; no suspect identified
4ea96bfae1b9e82d2db918f5c5d48b6ac3a6792b7f4b0a8e6925c4a2e0439372,2025-01,North Yorkshire Police,North Yorkshire Police,-1.073131,54.030524,On or near Crossmoor Lane,E01013376,York 002D,Unable to prosecute suspect
4ea96bfae1b9e82d2db918f5c5d48b6ac3a6792b7f4b0a8e6925c4a2e0439372,2025-01,North Yorkshire Police,North Yorkshire Police,-1.073131,54.030524,On or near Crossmoor Lane,E01013376,York 002D,Unable to prosecute suspect
7b2e250579e366bff285bc15f6d074b19b85e678cb1d3e904b2d6605d5e62ec0,2025-01,North Yorkshire Police,North Yorkshire Police,-0.392101,54.286315,On or near Paradise Mews,E01027805,Scarborough 006A,Suspect charged
7b2e250579e366bff285bc15f6d074b19b85e678cb1d3e904b2d6605d5e62ec0,2025-01,North Yorkshire Police,North Yorkshire Police,-0.392101,54.286315,On or near Paradise Mews,E01027805,Scarborough 006A,Suspect charged
65156d37ca3c8dd603d95fbfd9244abe18b83e111eecb39d5bbf4fbdb2cbcb72,2025-01,North Yorkshire Police,North Yorkshire Police,-1.075723,53.994889,On or near Darbie Close,E01013407,York 004B,Further investigation is not in the public interest
df90e88625da5840583eaa8bfa9d910b8fd33762efdb0d18c67dc70473be46ab,2025-01,North Yorkshire Police,North Yorkshire Police,-1.537093,53.996966,On or near Nydd Vale Road,E01027678,Harrogate 015E,Unable to prosecute suspect
df90e88625da5840583eaa8bfa9d910b8fd33762efdb0d18c67dc70473be46ab,2025-01,North Yorkshire Police,North Yorkshire Police,-1.537093,53.996966,On or near Nydd Vale Road,E01027678,Harrogate 015E,Unable to prosecute suspect
938f48a5de8286f629c427476b39c52d3b7800a7ab874e0e2608687af42dcbd6,2025-01,North Yorkshire Police,North Yorkshire Police,-1.192056,54.469112,On or near Levenside,E01027625,Hambleton 001E,Investigation complete; no suspect identified
b41c21a65be1176c8f9f7aab0d50d41108fa0962835c8c867be456a5a09cd740,2025-01,North Yorkshire Police,North Yorkshire Police,-1.524376,54.007216,On or near Woodfield Road,E01027740,Harrogate 013F,Further investigation is not in the public interest
b41c21a65be1176c8f9f7aab0d50d41108fa0962835c8c867be456a5a09cd740,2025-01,North Yorkshire Police,North Yorkshire Police,-1.524376,54.007216,On or near Woodfield Road,E01027740,Harrogate 013F,Further investigation is not in the public interest
9d5f5dc592e937bd84acb296a8cf890ff8f6666c238ecbc49f7646b8b008ce33,2025-01,North Yorkshire Police,North Yorkshire Police,-0.397246,54.200227,On or near Sports/Recreation Area,E01027835,Scarborough 014G,Investigation complete; no suspect identified
a7000af1acf85c72d2063728d81ca61ef9093e6c39afe96b5d406d48911ad88b,2025-01,North Yorkshire Police,North Yorkshire Police,-1.089426,53.957585,On or near Bus/Coach Station,E01033068,York 013G,Unable to prosecute suspect
3b7d301aeeb4ecf971cf2738c46e61ac20bac46a4df016605c2c59b07b9a6da5,2025-01,North Yorkshire Police,North Yorkshire Police,-1.517184,53.995863,On or near Hurstleigh Terrace,E01027649,Harrogate 013A,Unable to prosecute suspect
0f2f5c4153c8531b20fb9f9969286c3320837d7fdb259912f9d988e9aba448ce,2025-01,North Yorkshire Police,North Yorkshire Police,-1.214748,53.855224,On or near West End Approach,E01027904,Selby 002E,Unable to prosecute suspect
b74c59b426ed06a3aaced661024ab27c08220c447aeb602b27a09bfd80fd8476,2025-01,North Yorkshire Police,North Yorkshire Police,-1.083246,53.958528,On or near ,E01013366,York 013A,Suspect charged
b74c59b426ed06a3aaced661024ab27c08220c447aeb602b27a09bfd80fd8476,2025-01,North Yorkshire Police,North Yorkshire Police,-1.083246,53.958528,On or near ,E01013366,York 013A,Suspect charged
939e259fed1acd7733d84a26633cb5a3eb1742424e43c81974435d9012115c4b,2025-01,North Yorkshire Police,North Yorkshire Police,-1.431716,54.357040,On or near Hilton Square,E01027590,Hambleton 003A,Further action is not in the public interest
939e259fed1acd7733d84a26633cb5a3eb1742424e43c81974435d9012115c4b,2025-01,North Yorkshire Police,North Yorkshire Police,-1.431716,54.357040,On or near Hilton Square,E01027590,Hambleton 003A,Further action is not in the public interest
6a1c21f0d52fdd43a5f9b57a3e310201c20d2902390bf5ca62443059d3588e74,2025-01,North Yorkshire Police,North Yorkshire Police,-1.122425,53.772378,On or near ,E01027894,Selby 007D,Unable to prosecute suspect
6a1c21f0d52fdd43a5f9b57a3e310201c20d2902390bf5ca62443059d3588e74,2025-01,North Yorkshire Police,North Yorkshire Police,-1.122425,53.772378,On or near ,E01027894,Selby 007D,Unable to prosecute suspect
795c1b9dd07344220d70d5299eeedc5053ffa0936b908dd27170e8ecaecd5c5b,2025-01,North Yorkshire Police,North Yorkshire Police,-1.549345,54.006549,On or near West Street,E01027690,Harrogate 010D,Investigation complete; no suspect identified
2b6f9ec9dd32355fe6361785b08ad836de9835f426ee394921cd02ff27315e36,2025-01,North Yorkshire Police,North Yorkshire Police,-1.145601,53.703712,On or near The Hedgerows,E01027890,Selby 010B,Unable to prosecute suspect
2b6f9ec9dd32355fe6361785b08ad836de9835f426ee394921cd02ff27315e36,2025-01,North Yorkshire Police,North Yorkshire Police,-1.145601,53.703712,On or near The Hedgerows,E01027890,Selby 010B,Unable to prosecute suspect
5c3909fce582b8b1fe6587a6e34450b551b8c130eedbcf6338f9f7c03742491e,2025-01,North Yorkshire Police,North Yorkshire Police,-1.148583,53.703815,On or near Poplar Close,E01027890,Selby 010B,Unable to prosecute suspect
345da31627b46ef11d9a35e8945d61854fc38e5835d31addb366f3c2f99aeb6b,2025-01,North Yorkshire Police,North Yorkshire Police,-1.555520,53.974036,On or near Yew Tree Walk,E01027716,Harrogate 020D,Further investigation is not in the public interest
202d8d091ebcbcaf3c5b0eb957723b0696db33b3944a2e6da23dc8e9d993d094,2025-01,North Yorkshire Police,North Yorkshire Police,-1.084041,53.964079,On or near Gillygate,E01013366,York 013A,Further investigation is not in the public interest
7d543e4779cfa3d3cfb049553c2eb573bd5b84cc4971abe489d1341875f44ad9,2025-01,North Yorkshire Police,North Yorkshire Police,-1.426622,54.342717,On or near Forest Road,E01027612,Hambleton 013A,Suspect charged
7d543e4779cfa3d3cfb049553c2eb573bd5b84cc4971abe489d1341875f44ad9,2025-01,North Yorkshire Police,North Yorkshire Police,-1.426622,54.342717,On or near Forest Road,E01027612,Hambleton 013A,Suspect charged
e28b4fa28413fe0d28b06fdd35fa1f9c632e39ae4126ea53686910292c8a7aab,2025-01,North Yorkshire Police,North Yorkshire Police,-1.459381,54.015148,On or near Alexandra Park Road,E01027676,Harrogate 009D,Unable to prosecute suspect
f33a3a01a9ee3b131e7f7be09a522057e31f3d5a36b92a8e0b9b91eb4a6ca269,2025-01,North Yorkshire Police,North Yorkshire Police,-1.066618,53.992095,On or near Burn Estate,E01013407,York 004B,Unable to prosecute suspect
36fa65a9ebc5a0520405b9e986b743369eb1ea9d05acfb1fd702d7c8973cfb04,2025-01,North Yorkshire Police,North Yorkshire Police,-1.080569,53.790553,On or near Hollywood,E01027906,Selby 006B,Unable to prosecute suspect
f40f0844c7311df370cfaed4390b43b3f92899c4b9440f740e7a78f64b70d82a,2025-01,North Yorkshire Police,North Yorkshire Police,-1.463606,54.014160,On or near Frogmire Drive,E01027676,Harrogate 009D,Investigation complete; no suspect identified
1aacfd48a48b994885e9e5f438050a9e5ece85d644b48be8b23886468a691403,2025-01,North Yorkshire Police,North Yorkshire Police,-1.050701,53.772110,On or near Far Moss,E01034983,Selby 005K,Further investigation is not in the public interest
1aacfd48a48b994885e9e5f438050a9e5ece85d644b48be8b23886468a691403,2025-01,North Yorkshire Police,North Yorkshire Police,-1.050701,53.772110,On or near Far Moss,E01034983,Selby 005K,Further investigation is not in the public interest
8f870b67b28746e585c03eb0d375d3a598404ea4a69edd2fa715637a1a1beb77,2025-01,North Yorkshire Police,North Yorkshire Police,-1.064555,53.772767,On or near Bawtry Road,E01034982,Selby 005J,Suspect charged
8f870b67b28746e585c03eb0d375d3a598404ea4a69edd2fa715637a1a1beb77,2025-01,North Yorkshire Police,North Yorkshire Police,-1.064555,53.772767,On or near Bawtry Road,E01034982,Selby 005J,Suspect charged
e9b95bc2291d3064e0891a98126b7ee96908a47d8f00629a3642463198f40bb9,2025-01,North Yorkshire Police,North Yorkshire Police,-1.087409,53.957831,On or near Parking Area,E01033068,York 013G,Investigation complete; no suspect identified
ead16f52facc3689ca83cfd5793b1de2cbc3ccee691c7c28de4c5419762e9d5c,2025-01,North Yorkshire Police,North Yorkshire Police,-1.058670,54.003628,On or near Abbots Gait,E01013408,York 004C,Unable to prosecute suspect
ead16f52facc3689ca83cfd5793b1de2cbc3ccee691c7c28de4c5419762e9d5c,2025-01,North Yorkshire Police,North Yorkshire Police,-1.058670,54.003628,On or near Abbots Gait,E01013408,York 004C,Unable to prosecute suspect
4cc0149c8b80594f751514e2111ef89041f945bb703c7657bcad084fb0a24d63,2025-01,North Yorkshire Police,North Yorkshire Police,-1.559378,54.015834,On or near Ripon Road,E01027665,Harrogate 008C,Unable to prosecute suspect
f33a3a01a9ee3b131e7f7be09a522057e31f3d5a36b92a8e0b9b91eb4a6ca269,2025-01,North Yorkshire Police,North Yorkshire Police,-1.066618,53.992095,On or near Burn Estate,E01013407,York 004B,Unable to prosecute suspect
b31e1fc9d0369bd1eb5e744cc4aea6f17df2836055b54130465dd494adc15a7d,2025-01,North Yorkshire Police,North Yorkshire Police,-1.525579,54.008794,On or near Poplar Grove,E01027741,Harrogate 010G,Suspect charged
b31e1fc9d0369bd1eb5e744cc4aea6f17df2836055b54130465dd494adc15a7d,2025-01,North Yorkshire Police,North Yorkshire Police,-1.525579,54.008794,On or near Poplar Grove,E01027741,Harrogate 010G,Suspect charged
b31e1fc9d0369bd1eb5e744cc4aea6f17df2836055b54130465dd494adc15a7d,2025-01,North Yorkshire Police,North Yorkshire Police,-1.525579,54.008794,On or near Poplar Grove,E01027741,Harrogate 010G,Suspect charged
b31e1fc9d0369bd1eb5e744cc4aea6f17df2836055b54130465dd494adc15a7d,2025-01,North Yorkshire Police,North Yorkshire Police,-1.525579,54.008794,On or near Poplar Grove,E01027741,Harrogate 010G,Suspect charged
26609ed4cd183581d742102ba14acbd5878d8bd42307bdb2defc86a18edfdd69,2025-01,North Yorkshire Police,North Yorkshire Police,-0.421101,54.277198,On or near Stepney Avenue,E01027861,Scarborough 009D,Further investigation is not in the public interest
26609ed4cd183581d742102ba14acbd5878d8bd42307bdb2defc86a18edfdd69,2025-01,North Yorkshire Police,North Yorkshire Police,-0.421101,54.277198,On or near Stepney Avenue,E01027861,Scarborough 009D,Further investigation is not in the public interest
2ee1ec5f9d265fdef83bd2d45834253f5e90e9a6ec4e57776b8509c569ac6730,2025-01,North Yorkshire Police,North Yorkshire Police,-0.421101,54.277198,On or near Stepney Avenue,E01027861,Scarborough 009D,Further investigation is not in the public interest
bbcc3f20ef6507409f3e34df4f6655c2f1104839f5af030b811a516d0328cbb7,2025-01,North Yorkshire Police,North Yorkshire Police,-0.421101,54.277198,On or near Stepney Avenue,E01027861,Scarborough 009D,Investigation complete; no suspect identified
98b5950c379dbf0274e4bf08929dd3656ca5f9d204e15772bc8479f730c14001,2025-01,North Yorkshire Police,North Yorkshire Police,-0.783005,54.132561,On or near Old Court Close,E01027790,Ryedale 010D,Unable to prosecute suspect
98b5950c379dbf0274e4bf08929dd3656ca5f9d204e15772bc8479f730c14001,2025-01,North Yorkshire Police,North Yorkshire Police,-0.783005,54.132561,On or near Old Court Close,E01027790,Ryedale 010D,Unable to prosecute suspect
5645f4fba1d7101cbd1e6a8ea82c6303efcc820b387f887d63c3a61e6e742801,2025-01,North Yorkshire Police,North Yorkshire Police,-1.077608,53.954439,On or near A1036,E01033070,York 013I,Suspect charged
5645f4fba1d7101cbd1e6a8ea82c6303efcc820b387f887d63c3a61e6e742801,2025-01,North Yorkshire Police,North Yorkshire Police,-1.077608,53.954439,On or near A1036,E01033070,York 013I,Suspect charged
0222cab258eeb99345ae14957a56a9adfc52091a28642dbdb3a508cc190b9002,2025-01,North Yorkshire Police,North Yorkshire Police,-1.703299,54.376598,On or near Beckfield Close,E01034966,Richmondshire 004J,Unable to prosecute suspect
0222cab258eeb99345ae14957a56a9adfc52091a28642dbdb3a508cc190b9002,2025-01,North Yorkshire Police,North Yorkshire Police,-1.703299,54.376598,On or near Beckfield Close,E01034966,Richmondshire 004J,Unable to prosecute suspect
75976389d463e43e71738b1d9e3b9d1188fdb9449c9378b4e78b201040d40820,2025-01,North Yorkshire Police,North Yorkshire Police,-1.653106,54.056972,On or near Brimham Rocks Road,E01027681,Harrogate 006A,Unable to prosecute suspect
61835b7858e5a8b33b907f15eda8b23504e262eb82b78f7610baecaebea7e18f,2025-01,North Yorkshire Police,North Yorkshire Police,-1.349422,54.222542,On or near Topcliffe Road,E01034960,Hambleton 009F,Unable to prosecute suspect
117b22c65822e2b859b81505b92528ab2bcdd17581b9cd152816fe2b804a0a37,2025-01,North Yorkshire Police,North Yorkshire Police,-0.434707,54.281707,On or near Hospital,E01027873,Scarborough 009F,Local resolution
117b22c65822e2b859b81505b92528ab2bcdd17581b9cd152816fe2b804a0a37,2025-01,North Yorkshire Police,North Yorkshire Police,-0.434707,54.281707,On or near Hospital,E01027873,Scarborough 009F,Local resolution
9f135d52df5501c7c18d49fc0234f18ab6862ba8a36d19ece4b3d64cf670d266,2025-01,North Yorkshire Police,North Yorkshire Police,-0.412612,54.243506,On or near Musham Bank Road,E01027819,Scarborough 012B,Investigation complete; no suspect identified
092a1137d7918ed2b1f6ae2056f35dd92a3a291bc7c70f2e290f9f883e0b0167,2025-01,North Yorkshire Police,North Yorkshire Police,-0.929465,54.267475,On or near Petch Garth,E01027784,Ryedale 001D,Investigation complete; no suspect identified
833e65e8d92864810dfbf504264163664b1709aa3da6a4a54caa7336171195c4,2025-01,North Yorkshire Police,North Yorkshire Police,-1.155063,53.921954,On or near ,E01013421,York 011A,Suspect charged
833e65e8d92864810dfbf504264163664b1709aa3da6a4a54caa7336171195c4,2025-01,North Yorkshire Police,North Yorkshire Police,-1.155063,53.921954,On or near ,E01013421,York 011A,Suspect charged
f792673896bfb1d6d87e473d97d8815cbd895ce0b1935707a3cf8436b88bc606,2025-01,North Yorkshire Police,North Yorkshire Police,-0.416821,54.269052,On or near Harcourt Avenue,E01027825,Scarborough 009B,Investigation complete; no suspect identified
f792673896bfb1d6d87e473d97d8815cbd895ce0b1935707a3cf8436b88bc606,2025-01,North Yorkshire Police,North Yorkshire Police,-0.416821,54.269052,On or near Harcourt Avenue,E01027825,Scarborough 009B,Investigation complete; no suspect identified
d087171166ece221efed81187bc287b10aecb864ebac423a8763a3fd0a663c74,2025-01,North Yorkshire Police,North Yorkshire Police,-1.356200,53.945990,On or near Montagu Way,E01027703,Harrogate 016E,Investigation complete; no suspect identified
a74cda4811fe4833875585b38f77c113efbee3eaa2e16dd3d01fb047dad3222c,2025-01,North Yorkshire Police,North Yorkshire Police,-1.045220,53.967735,On or near ,E01013389,York 008F,Unable to prosecute suspect
a74cda4811fe4833875585b38f77c113efbee3eaa2e16dd3d01fb047dad3222c,2025-01,North Yorkshire Police,North Yorkshire Police,-1.045220,53.967735,On or near ,E01013389,York 008F,Unable to prosecute suspect
4d3587642051d5a7484239140150f4b1c3b5aebe6349b0358239a7e7be070342,2025-01,North Yorkshire Police,North Yorkshire Police,-1.074713,53.965454,On or near Park Crescent,E01013369,York 013C,Offender given a caution
d63717736528234f602427ceffecf0a659bed3d86751e864cc74fa1e667504f4,2025-01,North Yorkshire Police,North Yorkshire Police,-1.192255,54.122061,On or near Market Place,E01027596,Hambleton 010C,Local resolution
d63717736528234f602427ceffecf0a659bed3d86751e864cc74fa1e667504f4,2025-01,North Yorkshire Police,North Yorkshire Police,-1.192255,54.122061,On or near Market Place,E01027596,Hambleton 010C,Local resolution
3f80115c1d1ef782b9f288d2e82f5e5a8a7db80d166c05c860b1e4b7a581ba9b,2025-01,North Yorkshire Police,North Yorkshire Police,-1.537373,53.992303,On or near Parking Area,E01027678,Harrogate 015E,Suspect charged
3f80115c1d1ef782b9f288d2e82f5e5a8a7db80d166c05c860b1e4b7a581ba9b,2025-01,North Yorkshire Police,North Yorkshire Police,-1.537373,53.992303,On or near Parking Area,E01027678,Harrogate 015E,Suspect charged
9a1e32690709e059fe67c57a0a48b510d200faca2b3ac517ec079cf9c13e0501,2025-01,North Yorkshire Police,North Yorkshire Police,-1.532931,54.006243,On or near King Edward's Drive,E01027739,Harrogate 010F,Suspect charged
9a1e32690709e059fe67c57a0a48b510d200faca2b3ac517ec079cf9c13e0501,2025-01,North Yorkshire Police,North Yorkshire Police,-1.532931,54.006243,On or near King Edward's Drive,E01027739,Harrogate 010F,Suspect charged
b8bc4fc1948de37669f6f89663a0db68ad7f2456aad51a98f2fc64ae9ce7ef7a,2025-01,North Yorkshire Police,North Yorkshire Police,-1.530423,54.123307,On or near South Grange Road,E01027708,Harrogate 004D,Local resolution
b8bc4fc1948de37669f6f89663a0db68ad7f2456aad51a98f2fc64ae9ce7ef7a,2025-01,North Yorkshire Police,North Yorkshire Police,-1.530423,54.123307,On or near South Grange Road,E01027708,Harrogate 004D,Local resolution
4e8d4cc655b9e5ede548e7c18f62c5f3f2b049c81f4d83471f43966cd19158e2,2025-01,North Yorkshire Police,North Yorkshire Police,-2.101318,53.999269,On or near Gardens Road,E01027562,Craven 009C,Unable to prosecute suspect
4e8d4cc655b9e5ede548e7c18f62c5f3f2b049c81f4d83471f43966cd19158e2,2025-01,North Yorkshire Police,North Yorkshire Police,-2.101318,53.999269,On or near Gardens Road,E01027562,Craven 009C,Unable to prosecute suspect
db0bbdba22f634422c044176400818c5d0d1ee898263d38c538a2159120ab1dd,2025-01,North Yorkshire Police,North Yorkshire Police,-1.065812,53.966060,On or near Cinder Lane,E01013380,York 008B,Suspect charged
db0bbdba22f634422c044176400818c5d0d1ee898263d38c538a2159120ab1dd,2025-01,North Yorkshire Police,North Yorkshire Police,-1.065812,53.966060,On or near Cinder Lane,E01013380,York 008B,Suspect charged
b0527ffc98bb6fea0d2c88c373b0427757db2a79aaa3e353abb58fde7b8634e1,2025-01,North Yorkshire Police,North Yorkshire Police,-1.282144,54.451787,On or near Northfields,E01027618,Hambleton 002B,Unable to prosecute suspect
4c34c6b6557a6faf03fc55075559bc68f04dd220ee41b3c6af9bbca052e95080,2025-01,North Yorkshire Police,North Yorkshire Police,-1.495767,54.002220,On or near Highbank Grove,E01027726,Harrogate 014C,Further investigation is not in the public interest
4c34c6b6557a6faf03fc55075559bc68f04dd220ee41b3c6af9bbca052e95080,2025-01,North Yorkshire Police,North Yorkshire Police,-1.495767,54.002220,On or near Highbank Grove,E01027726,Harrogate 014C,Further investigation is not in the public interest
8e04dc2bf61923c662780e99e93f796c4a1d2c8c802f11b944e3ea79087ba2d8,2025-01,North Yorkshire Police,North Yorkshire Police,-1.132134,54.488433,On or near Parking Area,E01027597,Hambleton 001B,Investigation complete; no suspect identified
557bd35689166789136f321d074dbd4dc6dfb48a630e1ac61dc5256ad06d5106,2025-01,North Yorkshire Police,North Yorkshire Police,-1.558545,54.482671,On or near Lewis Close,E01027751,Richmondshire 001B,Investigation complete; no suspect identified
557bd35689166789136f321d074dbd4dc6dfb48a630e1ac61dc5256ad06d5106,2025-01,North Yorkshire Police,North Yorkshire Police,-1.558545,54.482671,On or near Lewis Close,E01027751,Richmondshire 001B,Investigation complete; no suspect identified
1349172894a1d50a4bae7a72179eeaec20c362d3944b1ed7103fdd8fc0e7af0e,2025-01,North Yorkshire Police,North Yorkshire Police,-0.611023,54.472191,On or near Swallow Crescent,E01027866,Scarborough 003D,Unable to prosecute suspect
1349172894a1d50a4bae7a72179eeaec20c362d3944b1ed7103fdd8fc0e7af0e,2025-01,North Yorkshire Police,North Yorkshire Police,-0.611023,54.472191,On or near Swallow Crescent,E01027866,Scarborough 003D,Unable to prosecute suspect
1349172894a1d50a4bae7a72179eeaec20c362d3944b1ed7103fdd8fc0e7af0e,2025-01,North Yorkshire Police,North Yorkshire Police,-0.611023,54.472191,On or near Swallow Crescent,E01027866,Scarborough 003D,Unable to prosecute suspect
b69034401eb4908a0f7ba5e2d8db22a77141ff0132c993dc7ff590cc76219c4a,2025-01,North Yorkshire Police,North Yorkshire Police,-1.068350,53.787789,On or near Holmes Avenue,E01034980,Selby 005H,Unable to prosecute suspect
b69034401eb4908a0f7ba5e2d8db22a77141ff0132c993dc7ff590cc76219c4a,2025-01,North Yorkshire Police,North Yorkshire Police,-1.068350,53.787789,On or near Holmes Avenue,E01034980,Selby 005H,Unable to prosecute suspect
6a3417f42694e3c7f8df425db69f0c9ec715621524383f65196d06da3f16a140,2025-01,North Yorkshire Police,North Yorkshire Police,-1.996811,53.932597,On or near Browns Court,E01027555,Craven 008A,Unable to prosecute suspect
6a3417f42694e3c7f8df425db69f0c9ec715621524383f65196d06da3f16a140,2025-01,North Yorkshire Police,North Yorkshire Police,-1.996811,53.932597,On or near Browns Court,E01027555,Craven 008A,Unable to prosecute suspect
6a3417f42694e3c7f8df425db69f0c9ec715621524383f65196d06da3f16a140,2025-01,North Yorkshire Police,North Yorkshire Police,-1.996811,53.932597,On or near Browns Court,E01027555,Craven 008A,Unable to prosecute suspect
5db50667d999e4b451faec79e83fcbb1dea3340c6fdba7a62d14ef2471bcb8ae,2025-01,North Yorkshire Police,North Yorkshire Police,-1.081139,53.958790,On or near Parliament Street,E01033070,York 013I,Unable to prosecute suspect
084f3052760cc8f67ac3adef89c9d962230c73f15a8b9937a8e17caf6e5078ef,2025-01,North Yorkshire Police,North Yorkshire Police,-1.081139,53.958790,On or near Parliament Street,E01033070,York 013I,Unable to prosecute suspect
3dcebf0e2c48940fcbb9269b27e75c88c3ad80256662d2fde270f5e33d6ce618,2025-01,North Yorkshire Police,North Yorkshire Police,-1.522301,54.137772,On or near Finkle Close,E01027706,Harrogate 004B,Unable to prosecute suspect
3dcebf0e2c48940fcbb9269b27e75c88c3ad80256662d2fde270f5e33d6ce618,2025-01,North Yorkshire Police,North Yorkshire Police,-1.522301,54.137772,On or near Finkle Close,E01027706,Harrogate 004B,Unable to prosecute suspect
6a5be70e007238aaa808ea4bed9d7d107880e40832b44d1bdc570311d8ab525d,2025-01,North Yorkshire Police,North Yorkshire Police,-2.159206,53.986112,On or near Moorber Lane,E01027562,Craven 009C,Unable to prosecute suspect
6a5be70e007238aaa808ea4bed9d7d107880e40832b44d1bdc570311d8ab525d,2025-01,North Yorkshire Police,North Yorkshire Police,-2.159206,53.986112,On or near Moorber Lane,E01027562,Craven 009C,Unable to prosecute suspect
8433d6c43decfde21123f3c56347737cf4c8938c7f6cd769982c9a4d711136d9,2025-01,North Yorkshire Police,North Yorkshire Police,-1.460936,54.010535,On or near Holly Court,E01027668,Harrogate 009A,Suspect charged
8433d6c43decfde21123f3c56347737cf4c8938c7f6cd769982c9a4d711136d9,2025-01,North Yorkshire Police,North Yorkshire Police,-1.460936,54.010535,On or near Holly Court,E01027668,Harrogate 009A,Suspect charged
ae652254f90e9d9710eed59edc198909d20752a9cad57636271364e4d720ab36,2025-01,North Yorkshire Police,North Yorkshire Police,-0.416542,54.286728,On or near Peasholme Bridge,E01027849,Scarborough 007A,Suspect charged
ae652254f90e9d9710eed59edc198909d20752a9cad57636271364e4d720ab36,2025-01,North Yorkshire Police,North Yorkshire Police,-0.416542,54.286728,On or near Peasholme Bridge,E01027849,Scarborough 007A,Suspect charged
ae652254f90e9d9710eed59edc198909d20752a9cad57636271364e4d720ab36,2025-01,North Yorkshire Police,North Yorkshire Police,-0.416542,54.286728,On or near Peasholme Bridge,E01027849,Scarborough 007A,Suspect charged
ac529a24d5385985e50ab493f366391c8e7900cb58a0f741a1d163fd24f5c7f8,2025-01,North Yorkshire Police,North Yorkshire Police,-0.608815,54.483598,On or near The Ropery,E01027864,Scarborough 003B,Unable to prosecute suspect
ac529a24d5385985e50ab493f366391c8e7900cb58a0f741a1d163fd24f5c7f8,2025-01,North Yorkshire Police,North Yorkshire Police,-0.608815,54.483598,On or near The Ropery,E01027864,Scarborough 003B,Unable to prosecute suspect
eba95efbfa8475f0bdf85e9378b5e5fd9c2ceb2144c299170a5f88b60d96b0d1,2025-01,North Yorkshire Police,North Yorkshire Police,-1.312969,53.964994,On or near Rudgate,E01027683,Harrogate 016A,Unable to prosecute suspect
206c3b3bc984979fd8b90a077a635de60fd87b8fbbf268a026d7cd0fc9905250,2025-01,North Yorkshire Police,North Yorkshire Police,-1.083246,53.958528,On or near ,E01013366,York 013A,Unable to prosecute suspect
a4bca4a2454ba226f52b2ea8e55a9b98afe6b8d2b7b644c0262a3b01f46ba3a8,2025-01,North Yorkshire Police,North Yorkshire Police,-0.429617,54.287097,On or near Briercliffe,E01027874,Scarborough 007D,Further investigation is not in the public interest
a4bca4a2454ba226f52b2ea8e55a9b98afe6b8d2b7b644c0262a3b01f46ba3a8,2025-01,North Yorkshire Police,North Yorkshire Police,-0.429617,54.287097,On or near Briercliffe,E01027874,Scarborough 007D,Further investigation is not in the public interest
25e7d785ad55c09a9732d63137a1eea1f6ed88c691c20b5a982d52f73f342cdf,2025-01,North Yorkshire Police,North Yorkshire Police,-1.517891,54.132676,On or near Bondgate Green,E01027707,Harrogate 004C,Suspect charged
25e7d785ad55c09a9732d63137a1eea1f6ed88c691c20b5a982d52f73f342cdf,2025-01,North Yorkshire Police,North Yorkshire Police,-1.517891,54.132676,On or near Bondgate Green,E01027707,Harrogate 004C,Suspect charged
c936ea898b0010781aa6db6907f813515eba544a0651f5d85b452d87e91503d9,2025-01,North Yorkshire Police,North Yorkshire Police,-0.429617,54.287097,On or near Briercliffe,E01027874,Scarborough 007D,Formal action is not in the public interest
c936ea898b0010781aa6db6907f813515eba544a0651f5d85b452d87e91503d9,2025-01,North Yorkshire Police,North Yorkshire Police,-0.429617,54.287097,On or near Briercliffe,E01027874,Scarborough 007D,Formal action is not in the public interest
0a3f490d45329527092d942082244e5d69c517d6d321406ad834a48402cf0ea7,2025-01,North Yorkshire Police,North Yorkshire Police,-0.429617,54.287097,On or near Briercliffe,E01027874,Scarborough 007D,Unable to prosecute suspect
0a3f490d45329527092d942082244e5d69c517d6d321406ad834a48402cf0ea7,2025-01,North Yorkshire Police,North Yorkshire Police,-0.429617,54.287097,On or near Briercliffe,E01027874,Scarborough 007D,Unable to prosecute suspect
80e16d9e3f6f3b58618ccdb22950d6f81968926a4f213e4a0eda83366133ada7,2025-01,North Yorkshire Police,North Yorkshire Police,-1.495767,54.002220,On or near Highbank Grove,E01027726,Harrogate 014C,Unable to prosecute suspect
80e16d9e3f6f3b58618ccdb22950d6f81968926a4f213e4a0eda83366133ada7,2025-01,North Yorkshire Police,North Yorkshire Police,-1.495767,54.002220,On or near Highbank Grove,E01027726,Harrogate 014C,Unable to prosecute suspect
7e82641ef0fc2eb8718fcdc6cfb5a44a1b2ab8e93fc6346b80d366751b4ff420,2025-01,North Yorkshire Police,North Yorkshire Police,-1.081996,53.959662,On or near ,E01013366,York 013A,Further action is not in the public interest
35dc615e1fcf7771809846b1417af2bbe300f9e70d356e347c01c524f61297aa,2025-01,North Yorkshire Police,North Yorkshire Police,-1.053237,53.953270,On or near Supermarket,E01013403,York 015F,Suspect charged
35dc615e1fcf7771809846b1417af2bbe300f9e70d356e347c01c524f61297aa,2025-01,North Yorkshire Police,North Yorkshire Police,-1.053237,53.953270,On or near Supermarket,E01013403,York 015F,Suspect charged
3b364d3269971636c70fa91e80ef7cd8574ee76bae857ff7d1eca135268f1b7b,2025-01,North Yorkshire Police,North Yorkshire Police,-1.342099,54.231687,On or near Chapel Street,E01027620,Hambleton 008A,Unable to prosecute suspect
a8fd7da99cc98c6fcf571bba9c0772cfbfe2b3bdd59ddd2a473610381c868d94,2025-01,North Yorkshire Police,North Yorkshire Police,-1.124486,53.955788,On or near York Road,E01013441,York 016E,Unable to prosecute suspect
a8fd7da99cc98c6fcf571bba9c0772cfbfe2b3bdd59ddd2a473610381c868d94,2025-01,North Yorkshire Police,North Yorkshire Police,-1.124486,53.955788,On or near York Road,E01013441,York 016E,Unable to prosecute suspect
9bc8e082ffb7512f0ce14985bca1890a543a6e7173504b46ab33a402b7d88e43,2025-01,North Yorkshire Police,North Yorkshire Police,-1.592324,53.998982,On or near Burley Bank Close,E01034964,Harrogate 008F,Unable to prosecute suspect
8727c4d9b01151a785bd0e494bfef18f1ab38ed4b50fe5ca17ff46d70c566167,2025-01,North Yorkshire Police,North Yorkshire Police,-1.071416,53.991701,On or near Hawthorn Terrace Central,E01013410,York 004D,Unable to prosecute suspect
8727c4d9b01151a785bd0e494bfef18f1ab38ed4b50fe5ca17ff46d70c566167,2025-01,North Yorkshire Police,North Yorkshire Police,-1.071416,53.991701,On or near Hawthorn Terrace Central,E01013410,York 004D,Unable to prosecute suspect
8278a55c26958ed86c661e3cf2e56d651c318247afc0a2bbda653908138fab0d,2025-01,North Yorkshire Police,North Yorkshire Police,-1.975166,54.273607,On or near Dame Lane,E01027763,Richmondshire 005C,Investigation complete; no suspect identified
ab40347a405c804a054bb8a492ce2826f9211e2e859b228b749e2d055d655b00,2025-01,North Yorkshire Police,North Yorkshire Police,-0.321294,54.200876,On or near West Street,E01027835,Scarborough 014G,Unable to prosecute suspect
69ee9c8b6496ada0c49b5f2d96cd9c3f1ebe735f0faf6ff58333a6d48cbf57c4,2025-01,North Yorkshire Police,North Yorkshire Police,-1.592834,54.288758,On or near Supermarket,E01027588,Hambleton 006B,Suspect charged
69ee9c8b6496ada0c49b5f2d96cd9c3f1ebe735f0faf6ff58333a6d48cbf57c4,2025-01,North Yorkshire Police,North Yorkshire Police,-1.592834,54.288758,On or near Supermarket,E01027588,Hambleton 006B,Suspect charged
69ee9c8b6496ada0c49b5f2d96cd9c3f1ebe735f0faf6ff58333a6d48cbf57c4,2025-01,North Yorkshire Police,North Yorkshire Police,-1.592834,54.288758,On or near Supermarket,E01027588,Hambleton 006B,Suspect charged
0750db9f81d8657cbe774c71ca5611201031d1e092c3a77170cee78cb96e9967,2025-01,North Yorkshire Police,North Yorkshire Police,-1.528500,54.006864,On or near Charles Avenue,E01027740,Harrogate 013F,Investigation complete; no suspect identified
0cee2a1114917289ca761d07922d3cac5cf78ec82bdabcfb9aa82448f240fddf,2025-01,North Yorkshire Police,North Yorkshire Police,,,No location,,,Further investigation is not in the public interest
0cee2a1114917289ca761d07922d3cac5cf78ec82bdabcfb9aa82448f240fddf,2025-01,North Yorkshire Police,North Yorkshire Police,,,No location,,,Further investigation is not in the public interest
a9bfe39858f57474e50f82f0edd5d97d0349b7fff0a338f7674cfc93e060d0df,2025-01,North Yorkshire Police,North Yorkshire Police,-1.356522,54.228565,On or near The Dialstone,E01034959,Hambleton 009E,Suspect charged
a9bfe39858f57474e50f82f0edd5d97d0349b7fff0a338f7674cfc93e060d0df,2025-01,North Yorkshire Police,North Yorkshire Police,-1.356522,54.228565,On or near The Dialstone,E01034959,Hambleton 009E,Suspect charged
38ef422ecf71c3e8d2e9e64462f95c5109af051d7d67e0e97128a4d2f193fd72,2025-01,North Yorkshire Police,North Yorkshire Police,-1.060811,53.977651,On or near Healey Grove,E01013385,York 008C,Suspect charged
38ef422ecf71c3e8d2e9e64462f95c5109af051d7d67e0e97128a4d2f193fd72,2025-01,North Yorkshire Police,North Yorkshire Police,-1.060811,53.977651,On or near Healey Grove,E01013385,York 008C,Suspect charged
6a98d2e49e394cfb3cdc15e2294180275da5d0534e8911f293b727a9daae9b78,2025-01,North Yorkshire Police,North Yorkshire Police,-1.540493,53.988836,On or near A61,E01027679,Harrogate 019B,Unable to prosecute suspect
b911329a7b1bbee1d79487539841160b84114cac1afe777995d740d905b30bda,2025-01,North Yorkshire Police,North Yorkshire Police,-0.404082,54.281980,On or near Albemarle Crescent,E01027804,Scarborough 010A,Further action is not in the public interest
b911329a7b1bbee1d79487539841160b84114cac1afe777995d740d905b30bda,2025-01,North Yorkshire Police,North Yorkshire Police,-0.404082,54.281980,On or near Albemarle Crescent,E01027804,Scarborough 010A,Further action is not in the public interest
998f34e474b397c1a6430e93f2567e5e48d88de0a0d2f433983c17a10b273525,2025-01,North Yorkshire Police,North Yorkshire Police,-1.084118,53.959281,On or near ,E01033070,York 013I,Local resolution
b188347989025bf198a6dc7eb78653f91c786e8d91492e14d3f2bdd8940774fa,2025-01,North Yorkshire Police,North Yorkshire Police,-1.660799,54.391063,On or near St Edmunds Close,E01027746,Richmondshire 003B,Unable to prosecute suspect
b188347989025bf198a6dc7eb78653f91c786e8d91492e14d3f2bdd8940774fa,2025-01,North Yorkshire Police,North Yorkshire Police,-1.660799,54.391063,On or near St Edmunds Close,E01027746,Richmondshire 003B,Unable to prosecute suspect
5dccb185795705fc054eafa4201a9a03042d392cda139d08d43d9b0e4fc48c6e,2025-01,North Yorkshire Police,North Yorkshire Police,-1.039733,53.957998,On or near Hambleton Avenue,E01013419,York 014C,Unable to prosecute suspect
ddc22fb8283de9c1670f0b7452bd98bb93f74386a008fa51c50a8086c1fb0696,2025-01,North Yorkshire Police,North Yorkshire Police,-1.551653,53.982066,On or near Pannal Ash Close,E01027717,Harrogate 020E,Unable to prosecute suspect
ddc22fb8283de9c1670f0b7452bd98bb93f74386a008fa51c50a8086c1fb0696,2025-01,North Yorkshire Police,North Yorkshire Police,-1.551653,53.982066,On or near Pannal Ash Close,E01027717,Harrogate 020E,Unable to prosecute suspect
ddc22fb8283de9c1670f0b7452bd98bb93f74386a008fa51c50a8086c1fb0696,2025-01,North Yorkshire Police,North Yorkshire Police,-1.551653,53.982066,On or near Pannal Ash Close,E01027717,Harrogate 020E,Unable to prosecute suspect
b3f20997114096a5d7d476031dd7e45fa6fd6bba3432fd884856b1587f13e4dd,2025-01,North Yorkshire Police,North Yorkshire Police,-1.734357,54.406552,On or near A6108,E01027766,Richmondshire 002B,Suspect charged
b3f20997114096a5d7d476031dd7e45fa6fd6bba3432fd884856b1587f13e4dd,2025-01,North Yorkshire Police,North Yorkshire Police,-1.734357,54.406552,On or near A6108,E01027766,Richmondshire 002B,Suspect charged
f0e7463f0ec2eb28241e893d39073c8af8c842a654c62ab08310686aaa864072,2025-01,North Yorkshire Police,North Yorkshire Police,-0.431120,54.285975,On or near Bus/Coach Station,E01027872,Scarborough 007C,Investigation complete; no suspect identified
f0e7463f0ec2eb28241e893d39073c8af8c842a654c62ab08310686aaa864072,2025-01,North Yorkshire Police,North Yorkshire Police,-0.431120,54.285975,On or near Bus/Coach Station,E01027872,Scarborough 007C,Investigation complete; no suspect identified
f0e7463f0ec2eb28241e893d39073c8af8c842a654c62ab08310686aaa864072,2025-01,North Yorkshire Police,North Yorkshire Police,-0.431120,54.285975,On or near Bus/Coach Station,E01027872,Scarborough 007C,Investigation complete; no suspect identified
ccc9394d20d1b999532097832b6b2cd482de2bbffd45e608091329f5c005ef73,2025-01,North Yorkshire Police,North Yorkshire Police,-0.409798,54.242459,On or near ,E01027819,Scarborough 012B,Unable to prosecute suspect
ccc9394d20d1b999532097832b6b2cd482de2bbffd45e608091329f5c005ef73,2025-01,North Yorkshire Police,North Yorkshire Police,-0.409798,54.242459,On or near ,E01027819,Scarborough 012B,Unable to prosecute suspect
279a01781fee3e20069a8e74d8bc0f103c6e6b5a18d0f9ae5195cac6dd98316a,2025-01,North Yorkshire Police,North Yorkshire Police,-0.280576,54.188662,On or near Flat Cliffs,E01027833,Scarborough 014E,Unable to prosecute suspect
ac856956e7aa86d430ad7e622f20a10277084dfe361273b3a13e917e40f45a5a,2025-01,North Yorkshire Police,North Yorkshire Police,-1.346608,54.248284,On or near Stockton Road,E01027637,Hambleton 008E,Unable to prosecute suspect
ac856956e7aa86d430ad7e622f20a10277084dfe361273b3a13e917e40f45a5a,2025-01,North Yorkshire Police,North Yorkshire Police,-1.346608,54.248284,On or near Stockton Road,E01027637,Hambleton 008E,Unable to prosecute suspect
8724355ac5bb486a415926769caa6da9840d732512242dc972669b412f2b483b,2025-01,North Yorkshire Police,North Yorkshire Police,-1.067267,53.983517,On or near Bramble Grove,E01013405,York 005A,Suspect charged
8724355ac5bb486a415926769caa6da9840d732512242dc972669b412f2b483b,2025-01,North Yorkshire Police,North Yorkshire Police,-1.067267,53.983517,On or near Bramble Grove,E01013405,York 005A,Suspect charged
8724355ac5bb486a415926769caa6da9840d732512242dc972669b412f2b483b,2025-01,North Yorkshire Police,North Yorkshire Police,-1.067267,53.983517,On or near Bramble Grove,E01013405,York 005A,Suspect charged
f2bdecd00bab72ef6eb1213a44e323a456f065f64f866db130fcd04b3697f67a,2025-01,North Yorkshire Police,North Yorkshire Police,-1.458017,54.012077,On or near Hambleton Close,E01027668,Harrogate 009A,Unable to prosecute suspect
3a44d5f09580e301141dc17e3a070ac03fb4cfbc499d5ff4010c80de48d4cddf,2025-01,North Yorkshire Police,North Yorkshire Police,-1.347724,54.237838,On or near Percy Drive,E01027630,Hambleton 008B,Unable to prosecute suspect
ef3968e163ad3eafc186e3ba9006c71fa8ba77ad8ef83b9e75909df7fed55e67,2025-01,North Yorkshire Police,North Yorkshire Police,-1.087694,53.958732,On or near Rougier Street,E01033068,York 013G,Local resolution
ef3968e163ad3eafc186e3ba9006c71fa8ba77ad8ef83b9e75909df7fed55e67,2025-01,North Yorkshire Police,North Yorkshire Police,-1.087694,53.958732,On or near Rougier Street,E01033068,York 013G,Local resolution
9c0a708549caf1e82d664e4301eb8bd8c0ec6144a8b8bc30c2f19ea90b2aa823,2025-01,North Yorkshire Police,North Yorkshire Police,-0.405857,54.281770,On or near Parking Area,E01027804,Scarborough 010A,Suspect charged
9c0a708549caf1e82d664e4301eb8bd8c0ec6144a8b8bc30c2f19ea90b2aa823,2025-01,North Yorkshire Police,North Yorkshire Police,-0.405857,54.281770,On or near Parking Area,E01027804,Scarborough 010A,Suspect charged
9c0a708549caf1e82d664e4301eb8bd8c0ec6144a8b8bc30c2f19ea90b2aa823,2025-01,North Yorkshire Police,North Yorkshire Police,-0.405857,54.281770,On or near Parking Area,E01027804,Scarborough 010A,Suspect charged
88eff2bcaaa1e184b474354837a1ae9c742254cb6816cebecedb09f04632cf33,2025-01,North Yorkshire Police,North Yorkshire Police,-0.869794,54.194003,On or near Moor Lane,E01027800,Ryedale 003D,Unable to prosecute suspect
88eff2bcaaa1e184b474354837a1ae9c742254cb6816cebecedb09f04632cf33,2025-01,North Yorkshire Police,North Yorkshire Police,-0.869794,54.194003,On or near Moor Lane,E01027800,Ryedale 003D,Unable to prosecute suspect
dafa20414527ea802e30d86cafb65321321b6c2362ba9c683888ebc9466d6906,2025-01,North Yorkshire Police,North Yorkshire Police,-0.398951,54.282793,On or near Newborough,E01027806,Scarborough 006B,Unable to prosecute suspect
dafa20414527ea802e30d86cafb65321321b6c2362ba9c683888ebc9466d6906,2025-01,North Yorkshire Police,North Yorkshire Police,-0.398951,54.282793,On or near Newborough,E01027806,Scarborough 006B,Unable to prosecute suspect
dafa20414527ea802e30d86cafb65321321b6c2362ba9c683888ebc9466d6906,2025-01,North Yorkshire Police,North Yorkshire Police,-0.398951,54.282793,On or near Newborough,E01027806,Scarborough 006B,Unable to prosecute suspect
80b7cd3548024f0edd93001738c2f707a372a485b7812b8c1b5686adc6bb6c88,2025-01,North Yorkshire Police,North Yorkshire Police,-1.052375,53.954962,On or near Milson Grove,E01013403,York 015F,Unable to prosecute suspect
85e1b797a39837f4a83d77ef5f161b557908aa7aa3eb2a24e58cf10774f74a7a,2025-01,North Yorkshire Police,North Yorkshire Police,-1.436036,54.344909,On or near Swain Court,E01034961,Hambleton 012A,Action to be taken by another organisation
225adc6e013d8a309aed019514c7b573e22e7385017ad138462cfd15ff1ebe39,2025-01,North Yorkshire Police,North Yorkshire Police,-0.634710,54.479624,On or near Stakesby Vale Court,E01027838,Scarborough 003A,Unable to prosecute suspect
225adc6e013d8a309aed019514c7b573e22e7385017ad138462cfd15ff1ebe39,2025-01,North Yorkshire Police,North Yorkshire Police,-0.634710,54.479624,On or near Stakesby Vale Court,E01027838,Scarborough 003A,Unable to prosecute suspect
b1828269487e6e4506d29f7e3e5e48336a34c50246cf3d6e172bc0d53219ada8,2025-01,North Yorkshire Police,North Yorkshire Police,-2.500760,54.119036,On or near Springfield Crescent,E01027558,Craven 001A,Unable to prosecute suspect
b1828269487e6e4506d29f7e3e5e48336a34c50246cf3d6e172bc0d53219ada8,2025-01,North Yorkshire Police,North Yorkshire Police,-2.500760,54.119036,On or near Springfield Crescent,E01027558,Craven 001A,Unable to prosecute suspect
70bb9dd42d01c5775c257a06139296d941b6278c543d947e85de002e99182b41,2025-01,North Yorkshire Police,North Yorkshire Police,-1.059518,53.957885,On or near Rawdon Avenue,E01013399,York 015C,Unable to prosecute suspect
1feea1da8a8bb8cd2c6b042d91ad61c2529c14dff380cdb1e31a66855b9a6705,2025-01,North Yorkshire Police,North Yorkshire Police,-1.078902,53.962781,On or near Monk Bar Court,E01013369,York 013C,Suspect charged
1feea1da8a8bb8cd2c6b042d91ad61c2529c14dff380cdb1e31a66855b9a6705,2025-01,North Yorkshire Police,North Yorkshire Police,-1.078902,53.962781,On or near Monk Bar Court,E01013369,York 013C,Suspect charged
c0f468737ca59a7033588aef25b20927990fc838284c5c18216cafe302442469,2025-01,North Yorkshire Police,North Yorkshire Police,-1.061322,53.955589,On or near Olympian Court,E01013400,York 015D,Suspect charged
c0f468737ca59a7033588aef25b20927990fc838284c5c18216cafe302442469,2025-01,North Yorkshire Police,North Yorkshire Police,-1.061322,53.955589,On or near Olympian Court,E01013400,York 015D,Suspect charged
c371c2684294f05131ea8a10267b1e2eb96b3ccc645f6a6a6ff13909f0b0ddc9,2025-01,North Yorkshire Police,North Yorkshire Police,-1.540277,53.994561,On or near Cheltenham Parade,E01027678,Harrogate 015E,Unable to prosecute suspect
c371c2684294f05131ea8a10267b1e2eb96b3ccc645f6a6a6ff13909f0b0ddc9,2025-01,North Yorkshire Police,North Yorkshire Police,-1.540277,53.994561,On or near Cheltenham Parade,E01027678,Harrogate 015E,Unable to prosecute suspect
862f2cf13c0d40f623c624774a65e5eef49e52ad4acef0f1f0ae9d59c93e3376,2025-01,North Yorkshire Police,North Yorkshire Police,-1.527473,54.422609,On or near Golden Acres,E01027592,Hambleton 003B,Unable to prosecute suspect
862f2cf13c0d40f623c624774a65e5eef49e52ad4acef0f1f0ae9d59c93e3376,2025-01,North Yorkshire Police,North Yorkshire Police,-1.527473,54.422609,On or near Golden Acres,E01027592,Hambleton 003B,Unable to prosecute suspect
db149d9c742b4b7fc6701a2fb67e745fa149ee57d42ff93781aa777c9ce92296,2025-01,North Yorkshire Police,North Yorkshire Police,-1.327379,54.125445,On or near Balk Avenue,E01027600,Hambleton 011A,Unable to prosecute suspect
db149d9c742b4b7fc6701a2fb67e745fa149ee57d42ff93781aa777c9ce92296,2025-01,North Yorkshire Police,North Yorkshire Police,-1.327379,54.125445,On or near Balk Avenue,E01027600,Hambleton 011A,Unable to prosecute suspect
30d502b47619ebdcff3ba084bf323093ab1d96e671541539ddec2147d7d66f17,2025-01,North Yorkshire Police,North Yorkshire Police,-1.942232,54.390824,On or near Hill Close,E01027764,Richmondshire 005D,Unable to prosecute suspect
20e3b846a88b78b50d5ff0df13e4ef34c76bc15abccdb6965eba0492cbe31be0,2025-01,North Yorkshire Police,North Yorkshire Police,-1.085422,53.962948,On or near A19,E01013366,York 013A,Unable to prosecute suspect
20e3b846a88b78b50d5ff0df13e4ef34c76bc15abccdb6965eba0492cbe31be0,2025-01,North Yorkshire Police,North Yorkshire Police,-1.085422,53.962948,On or near A19,E01013366,York 013A,Unable to prosecute suspect
a7a1d3255376a65d088a38e622b7223a8db18377492bbdd981cb61cce47ae040,2025-01,North Yorkshire Police,North Yorkshire Police,-1.093127,53.973855,On or near Kingsway North,E01013349,York 009D,Unable to prosecute suspect
a7a1d3255376a65d088a38e622b7223a8db18377492bbdd981cb61cce47ae040,2025-01,North Yorkshire Police,North Yorkshire Police,-1.093127,53.973855,On or near Kingsway North,E01013349,York 009D,Unable to prosecute suspect
bb2c239faec513fa00213d601a7b3f36e7e7b6ebd480965eeeed2a12ef4e1ecb,2025-01,North Yorkshire Police,North Yorkshire Police,-1.074893,53.781512,On or near Brook Street,E01027908,Selby 005D,Suspect charged
bb2c239faec513fa00213d601a7b3f36e7e7b6ebd480965eeeed2a12ef4e1ecb,2025-01,North Yorkshire Police,North Yorkshire Police,-1.074893,53.781512,On or near Brook Street,E01027908,Selby 005D,Suspect charged
324c5f7dce3e7d67a68705cf3f5bf21de6d72d86478b5fdc0011dc36ee7cc153,2025-01,North Yorkshire Police,North Yorkshire Police,-1.436568,54.340894,On or near Applegarth Court,E01034962,Hambleton 012B,Unable to prosecute suspect
324c5f7dce3e7d67a68705cf3f5bf21de6d72d86478b5fdc0011dc36ee7cc153,2025-01,North Yorkshire Police,North Yorkshire Police,-1.436568,54.340894,On or near Applegarth Court,E01034962,Hambleton 012B,Unable to prosecute suspect
324c5f7dce3e7d67a68705cf3f5bf21de6d72d86478b5fdc0011dc36ee7cc153,2025-01,North Yorkshire Police,North Yorkshire Police,-1.436568,54.340894,On or near Applegarth Court,E01034962,Hambleton 012B,Unable to prosecute suspect
324c5f7dce3e7d67a68705cf3f5bf21de6d72d86478b5fdc0011dc36ee7cc153,2025-01,North Yorkshire Police,North Yorkshire Police,-1.436568,54.340894,On or near Applegarth Court,E01034962,Hambleton 012B,Unable to prosecute suspect
324c5f7dce3e7d67a68705cf3f5bf21de6d72d86478b5fdc0011dc36ee7cc153,2025-01,North Yorkshire Police,North Yorkshire Police,-1.436568,54.340894,On or near Applegarth Court,E01034962,Hambleton 012B,Unable to prosecute suspect
1cfccb6719ef845a601e1ca99467d6742c5f35a27db745987497d3e995e6b251,2025-01,North Yorkshire Police,North Yorkshire Police,-1.103220,53.988060,On or near Aviator Court,E01013431,York 006D,Unable to prosecute suspect
1cfccb6719ef845a601e1ca99467d6742c5f35a27db745987497d3e995e6b251,2025-01,North Yorkshire Police,North Yorkshire Police,-1.103220,53.988060,On or near Aviator Court,E01013431,York 006D,Unable to prosecute suspect
e04f86c9bdc5bada4e89f6556c7f76c2237bba9628317661ef5d168fc2f1569a,2025-01,North Yorkshire Police,North Yorkshire Police,-0.441306,54.284732,On or near Lady Edith's Drive,E01027873,Scarborough 009F,Suspect charged
e04f86c9bdc5bada4e89f6556c7f76c2237bba9628317661ef5d168fc2f1569a,2025-01,North Yorkshire Police,North Yorkshire Police,-0.441306,54.284732,On or near Lady Edith's Drive,E01027873,Scarborough 009F,Suspect charged
fe18d08b9032b2c4bd39026530aec3d558cbc0054dc6691a02f0ca09ec8aeba3,2025-01,North Yorkshire Police,North Yorkshire Police,-1.120726,53.938171,On or near Wain's Grove,E01013353,York 022A,Suspect charged
fe18d08b9032b2c4bd39026530aec3d558cbc0054dc6691a02f0ca09ec8aeba3,2025-01,North Yorkshire Police,North Yorkshire Police,-1.120726,53.938171,On or near Wain's Grove,E01013353,York 022A,Suspect charged
af525602f6140afc22c5ae30f85714085f9f12a9090a2a581e018ac42af446e6,2025-01,North Yorkshire Police,North Yorkshire Police,-0.402137,54.285415,On or near James Place,E01027806,Scarborough 006B,Further action is not in the public interest
af525602f6140afc22c5ae30f85714085f9f12a9090a2a581e018ac42af446e6,2025-01,North Yorkshire Police,North Yorkshire Police,-0.402137,54.285415,On or near James Place,E01027806,Scarborough 006B,Further action is not in the public interest
3123ae2060d8f7cee5ee8d141a5ab0979e36cc3c80f0dc61585a5c730d820f02,2025-01,North Yorkshire Police,North Yorkshire Police,-1.112542,53.706097,On or near Wand Lane,E01027924,Selby 010D,Unable to prosecute suspect
3123ae2060d8f7cee5ee8d141a5ab0979e36cc3c80f0dc61585a5c730d820f02,2025-01,North Yorkshire Police,North Yorkshire Police,-1.112542,53.706097,On or near Wand Lane,E01027924,Selby 010D,Unable to prosecute suspect
debc850458697399d5bbf30cf38d585f493994ff691101ccfc06fb5ac963adaa,2025-01,North Yorkshire Police,North Yorkshire Police,-1.112542,53.706097,On or near Wand Lane,E01027924,Selby 010D,Unable to prosecute suspect
debc850458697399d5bbf30cf38d585f493994ff691101ccfc06fb5ac963adaa,2025-01,North Yorkshire Police,North Yorkshire Police,-1.112542,53.706097,On or near Wand Lane,E01027924,Selby 010D,Unable to prosecute suspect
df969b8f63785c24b37432d0a282063c352446ffa7eae18650fa19c966fb9daf,2025-01,North Yorkshire Police,North Yorkshire Police,-1.112542,53.706097,On or near Wand Lane,E01027924,Selby 010D,Unable to prosecute suspect
df969b8f63785c24b37432d0a282063c352446ffa7eae18650fa19c966fb9daf,2025-01,North Yorkshire Police,North Yorkshire Police,-1.112542,53.706097,On or near Wand Lane,E01027924,Selby 010D,Unable to prosecute suspect
6812b3fc3a1398f51dec00f02c73e93a4a74ad9d266a0e6a3c1b8bee6bed6580,2025-01,North Yorkshire Police,North Yorkshire Police,-1.451228,54.003840,On or near Petrol Station,E01027671,Harrogate 012B,Suspect charged
6812b3fc3a1398f51dec00f02c73e93a4a74ad9d266a0e6a3c1b8bee6bed6580,2025-01,North Yorkshire Police,North Yorkshire Police,-1.451228,54.003840,On or near Petrol Station,E01027671,Harrogate 012B,Suspect charged
6b9b417d393e692e97ea990baf8a5c46c5426089fdde4233c840b9cb249b4399,2025-01,North Yorkshire Police,North Yorkshire Police,-1.725752,54.375402,On or near Petrol Station,E01033184,Richmondshire 004H,Suspect charged
6b9b417d393e692e97ea990baf8a5c46c5426089fdde4233c840b9cb249b4399,2025-01,North Yorkshire Police,North Yorkshire Police,-1.725752,54.375402,On or near Petrol Station,E01033184,Richmondshire 004H,Suspect charged
e28ef2da8a75373fe13937c3eea3e5175f79de0e831ad233e85a65383f484f31,2025-01,North Yorkshire Police,North Yorkshire Police,-1.049054,53.954918,On or near Lilac Avenue,E01013401,York 015E,Unable to prosecute suspect
e28ef2da8a75373fe13937c3eea3e5175f79de0e831ad233e85a65383f484f31,2025-01,North Yorkshire Police,North Yorkshire Police,-1.049054,53.954918,On or near Lilac Avenue,E01013401,York 015E,Unable to prosecute suspect
411358a055daa33b78285d341274a5a67893e3f603e7aaf719886cb7b6818fba,2025-01,North Yorkshire Police,North Yorkshire Police,-0.402137,54.285415,On or near James Place,E01027806,Scarborough 006B,Suspect charged
411358a055daa33b78285d341274a5a67893e3f603e7aaf719886cb7b6818fba,2025-01,North Yorkshire Police,North Yorkshire Police,-0.402137,54.285415,On or near James Place,E01027806,Scarborough 006B,Suspect charged
411358a055daa33b78285d341274a5a67893e3f603e7aaf719886cb7b6818fba,2025-01,North Yorkshire Police,North Yorkshire Police,-0.402137,54.285415,On or near James Place,E01027806,Scarborough 006B,Suspect charged
8009964f3a6f989ac459aa2261271e35eae32bf997e2568ff489e5ee734bb3a5,2025-01,North Yorkshire Police,North Yorkshire Police,-1.115382,53.976915,On or near Eades Close,E01013434,York 007E,Unable to prosecute suspect
1683e2ddae0b57ae338fe0f5c6fca04dbf1eea0cb821eb7dedae86dc375b14d5,2025-01,North Yorkshire Police,North Yorkshire Police,-1.219564,53.826754,On or near Laurels Farm Drive,E01027888,Selby 002D,Unable to prosecute suspect
1683e2ddae0b57ae338fe0f5c6fca04dbf1eea0cb821eb7dedae86dc375b14d5,2025-01,North Yorkshire Police,North Yorkshire Police,-1.219564,53.826754,On or near Laurels Farm Drive,E01027888,Selby 002D,Unable to prosecute suspect
1e2b7b7ee76cbd4b250554357a7681a1f532721879ffef27ae52909108796b3d,2025-01,North Yorkshire Police,North Yorkshire Police,-1.086338,53.955234,On or near Fairfax Street,E01033069,York 013H,Unable to prosecute suspect
1e2b7b7ee76cbd4b250554357a7681a1f532721879ffef27ae52909108796b3d,2025-01,North Yorkshire Police,North Yorkshire Police,-1.086338,53.955234,On or near Fairfax Street,E01033069,York 013H,Unable to prosecute suspect
f17dbfb7896c5349f782fa98378f0bf787c466a1dd38030d2b61ce3c635c1a0b,2025-01,North Yorkshire Police,North Yorkshire Police,-1.542239,54.325560,On or near Pittfields Corner,E01027603,Hambleton 005A,Unable to prosecute suspect
f17dbfb7896c5349f782fa98378f0bf787c466a1dd38030d2b61ce3c635c1a0b,2025-01,North Yorkshire Police,North Yorkshire Police,-1.542239,54.325560,On or near Pittfields Corner,E01027603,Hambleton 005A,Unable to prosecute suspect
d5541e54bc37184ac3b186a3aea27e3956010e56f9b35f643ffd284418b3071f,2025-01,North Yorkshire Police,North Yorkshire Police,-1.528500,54.006864,On or near Charles Avenue,E01027740,Harrogate 013F,Investigation complete; no suspect identified
e4d2c10d8492516fa0bd0049195b0c4378c4920479293d64db331bfecdf2f9f2,2025-01,North Yorkshire Police,North Yorkshire Police,-1.149097,53.984241,On or near Pear Tree Avenue,E01013426,York 011C,Investigation complete; no suspect identified
e4d2c10d8492516fa0bd0049195b0c4378c4920479293d64db331bfecdf2f9f2,2025-01,North Yorkshire Police,North Yorkshire Police,-1.149097,53.984241,On or near Pear Tree Avenue,E01013426,York 011C,Investigation complete; no suspect identified
5fcc0078c8b1e4866f1cedea1ba61154a3b5f02cf27fb0b1e6fa4f73e1de6e20,2025-01,North Yorkshire Police,North Yorkshire Police,-1.528500,54.006864,On or near Charles Avenue,E01027740,Harrogate 013F,Investigation complete; no suspect identified
12ffedf0ba9bb4905010288b22f0257aeee46927b80f62cb2f83c332ea3c9f0c,2025-01,North Yorkshire Police,North Yorkshire Police,-1.080451,53.958919,On or near Shopping Area,E01033070,York 013I,Further investigation is not in the public interest
12ffedf0ba9bb4905010288b22f0257aeee46927b80f62cb2f83c332ea3c9f0c,2025-01,North Yorkshire Police,North Yorkshire Police,-1.080451,53.958919,On or near Shopping Area,E01033070,York 013I,Further investigation is not in the public interest
60eaeae0060804c6021eb0ac60749239b0614d7a18c94210c0d609bcddeae35b,2025-01,North Yorkshire Police,North Yorkshire Police,-1.080451,53.958919,On or near Shopping Area,E01033070,York 013I,Unable to prosecute suspect
60eaeae0060804c6021eb0ac60749239b0614d7a18c94210c0d609bcddeae35b,2025-01,North Yorkshire Police,North Yorkshire Police,-1.080451,53.958919,On or near Shopping Area,E01033070,York 013I,Unable to prosecute suspect
291f52821de60b2cd60822b28b429297c37c0c3077c9999d2d9d790fc61528ee,2025-01,North Yorkshire Police,North Yorkshire Police,-1.542239,54.325560,On or near Pittfields Corner,E01027603,Hambleton 005A,Suspect charged
291f52821de60b2cd60822b28b429297c37c0c3077c9999d2d9d790fc61528ee,2025-01,North Yorkshire Police,North Yorkshire Police,-1.542239,54.325560,On or near Pittfields Corner,E01027603,Hambleton 005A,Suspect charged
a7a4f23689cfd8d0f3c90a4d8666d001c6cbeb836bee71b95f4667f221abcf50,2025-01,North Yorkshire Police,North Yorkshire Police,-1.090230,53.959155,On or near Station Avenue,E01033068,York 013G,Suspect charged
a7a4f23689cfd8d0f3c90a4d8666d001c6cbeb836bee71b95f4667f221abcf50,2025-01,North Yorkshire Police,North Yorkshire Police,-1.090230,53.959155,On or near Station Avenue,E01033068,York 013G,Suspect charged
a7a4f23689cfd8d0f3c90a4d8666d001c6cbeb836bee71b95f4667f221abcf50,2025-01,North Yorkshire Police,North Yorkshire Police,-1.090230,53.959155,On or near Station Avenue,E01033068,York 013G,Suspect charged
0a8056baf10beef3ca31d65d2b1037b6c20ebee80b0fac189498fe4446840d82,2025-01,North Yorkshire Police,North Yorkshire Police,-1.083726,53.965236,On or near Claremont Terrace,E01013366,York 013A,Suspect charged
0a8056baf10beef3ca31d65d2b1037b6c20ebee80b0fac189498fe4446840d82,2025-01,North Yorkshire Police,North Yorkshire Police,-1.083726,53.965236,On or near Claremont Terrace,E01013366,York 013A,Suspect charged
d2ef85a4cddc004a8633a3c80995b0f18d458e07a7fd4ce45ba52b109422d9d4,2025-01,North Yorkshire Police,North Yorkshire Police,-1.072439,53.996455,On or near Ryehill Close,E01013407,York 004B,Further action is not in the public interest
8dc13684fda18a50817e01947afc7e10e57fd95cd2ebb62aaafdbaffeb1b112f,2025-01,North Yorkshire Police,North Yorkshire Police,-1.072439,53.996455,On or near Ryehill Close,E01013407,York 004B,Further action is not in the public interest
7da9a144cb975310ad61c63f4076ad9e530b23a86593206060963bfe9a0c8c4f,2025-01,North Yorkshire Police,North Yorkshire Police,-1.083726,53.965236,On or near Claremont Terrace,E01013366,York 013A,Unable to prosecute suspect
7da9a144cb975310ad61c63f4076ad9e530b23a86593206060963bfe9a0c8c4f,2025-01,North Yorkshire Police,North Yorkshire Police,-1.083726,53.965236,On or near Claremont Terrace,E01013366,York 013A,Unable to prosecute suspect
7da9a144cb975310ad61c63f4076ad9e530b23a86593206060963bfe9a0c8c4f,2025-01,North Yorkshire Police,North Yorkshire Police,-1.083726,53.965236,On or near Claremont Terrace,E01013366,York 013A,Unable to prosecute suspect
af82e62098f52a091af01bc7c21454d6870c77b07a6a5b274170944804759158,2025-01,North Yorkshire Police,North Yorkshire Police,-1.617777,54.513059,On or near Boathouse Lane,E01027743,Richmondshire 001A,Suspect charged
1dc9e09f9fa3c8e3af22f83073e1a59a1c28cc32be59ca8b3f0a0661a2a52538,2025-01,North Yorkshire Police,North Yorkshire Police,-0.400915,54.282121,On or near ,E01027804,Scarborough 010A,Unable to prosecute suspect
1dc9e09f9fa3c8e3af22f83073e1a59a1c28cc32be59ca8b3f0a0661a2a52538,2025-01,North Yorkshire Police,North Yorkshire Police,-0.400915,54.282121,On or near ,E01027804,Scarborough 010A,Unable to prosecute suspect
c90bae190f41c92a9935da447284a80e71b4506ee5def5fd45a6cd04001bbe3e,2025-01,North Yorkshire Police,North Yorkshire Police,-1.059318,53.961362,On or near Eighth Avenue,E01013384,York 015A,Unable to prosecute suspect
c90bae190f41c92a9935da447284a80e71b4506ee5def5fd45a6cd04001bbe3e,2025-01,North Yorkshire Police,North Yorkshire Police,-1.059318,53.961362,On or near Eighth Avenue,E01013384,York 015A,Unable to prosecute suspect
c7067384c1431bdc4738cbe26d0936cc56a75db631e72e9b0a0c29a22deb9030,2025-01,North Yorkshire Police,North Yorkshire Police,-1.593678,54.290406,On or near North End,E01027588,Hambleton 006B,Suspect charged
c7067384c1431bdc4738cbe26d0936cc56a75db631e72e9b0a0c29a22deb9030,2025-01,North Yorkshire Police,North Yorkshire Police,-1.593678,54.290406,On or near North End,E01027588,Hambleton 006B,Suspect charged
1baaf902fa731f95dd69f1758f8852e8cd17beeb6d0357b7e9f065671a7203cb,2025-01,North Yorkshire Police,North Yorkshire Police,-1.120915,53.933561,On or near Chapmans Court,E01013355,York 022C,Unable to prosecute suspect
1baaf902fa731f95dd69f1758f8852e8cd17beeb6d0357b7e9f065671a7203cb,2025-01,North Yorkshire Police,North Yorkshire Police,-1.120915,53.933561,On or near Chapmans Court,E01013355,York 022C,Unable to prosecute suspect
245db29fcec420fcca34ada260fd3968a2a4a364cb36cddf8feeaa669133ff53,2025-01,North Yorkshire Police,North Yorkshire Police,-0.280576,54.188662,On or near Flat Cliffs,E01027833,Scarborough 014E,Unable to prosecute suspect
245db29fcec420fcca34ada260fd3968a2a4a364cb36cddf8feeaa669133ff53,2025-01,North Yorkshire Police,North Yorkshire Police,-0.280576,54.188662,On or near Flat Cliffs,E01027833,Scarborough 014E,Unable to prosecute suspect
af82e62098f52a091af01bc7c21454d6870c77b07a6a5b274170944804759158,2025-01,North Yorkshire Police,North Yorkshire Police,-1.617777,54.513059,On or near Boathouse Lane,E01027743,Richmondshire 001A,Suspect charged
f0c75b805a945dd38add544c3773841e870762e33ee8e412519c90462169dad6,2025-01,North Yorkshire Police,North Yorkshire Police,-1.493135,53.991558,On or near Rothbury Close,E01027663,Harrogate 017D,Investigation complete; no suspect identified
9af27e01db884be494285bf8d2b540ca7c3a884a9b86cc022f2dc3016e391b53,2025-01,North Yorkshire Police,North Yorkshire Police,-1.973663,53.928756,On or near Wilcock Lane,E01010638,Bradford 062A,Suspect charged
9af27e01db884be494285bf8d2b540ca7c3a884a9b86cc022f2dc3016e391b53,2025-01,North Yorkshire Police,North Yorkshire Police,-1.973663,53.928756,On or near Wilcock Lane,E01010638,Bradford 062A,Suspect charged
d5a6b93b84da823d3c309afe64c217842e76305ba735897883442c591893ea2f,2025-01,North Yorkshire Police,North Yorkshire Police,-1.517573,53.993807,On or near Hospital,E01027649,Harrogate 013A,Unable to prosecute suspect
41e606f23a66dbc3b8ff2c093339b788752d57a5da6d09d80b0755a60058800e,2025-01,North Yorkshire Police,North Yorkshire Police,-2.018718,53.958964,On or near Bus/Coach Station,E01034957,Craven 006F,Suspect charged
41e606f23a66dbc3b8ff2c093339b788752d57a5da6d09d80b0755a60058800e,2025-01,North Yorkshire Police,North Yorkshire Police,-2.018718,53.958964,On or near Bus/Coach Station,E01034957,Craven 006F,Suspect charged
eb66388bb756ce4750af9278ffd7d238364e052ab0046f2273ca4350c355d08b,2025-01,North Yorkshire Police,North Yorkshire Police,-1.716646,54.372055,On or near Quentin Road,E01027771,Richmondshire 004E,Unable to prosecute suspect
eb66388bb756ce4750af9278ffd7d238364e052ab0046f2273ca4350c355d08b,2025-01,North Yorkshire Police,North Yorkshire Police,-1.716646,54.372055,On or near Quentin Road,E01027771,Richmondshire 004E,Unable to prosecute suspect
21d44febbae1215a59c0c399c45674a001b47ea0b7e6ca7e417bd33f001467c2,2025-01,North Yorkshire Police,North Yorkshire Police,-1.020750,53.708168,On or near High Street,E01027885,Selby 008C,Unable to prosecute suspect
44f47e01edfc9b748e11180f7caae9f3e3a3f4dedd6c573ae2ee0f007ad6ced8,2025-01,North Yorkshire Police,North Yorkshire Police,-1.084296,53.955911,On or near Albion Street,E01033069,York 013H,Suspect charged
44f47e01edfc9b748e11180f7caae9f3e3a3f4dedd6c573ae2ee0f007ad6ced8,2025-01,North Yorkshire Police,North Yorkshire Police,-1.084296,53.955911,On or near Albion Street,E01033069,York 013H,Suspect charged
44f47e01edfc9b748e11180f7caae9f3e3a3f4dedd6c573ae2ee0f007ad6ced8,2025-01,North Yorkshire Police,North Yorkshire Police,-1.084296,53.955911,On or near Albion Street,E01033069,York 013H,Suspect charged
be3c068b4a93d089d2e69d333352618e106ef3eb4be51936f6bf57eb8b9348d8,2025-01,North Yorkshire Police,North Yorkshire Police,-0.421960,54.284462,On or near Woodland Rise,E01027872,Scarborough 007C,Unable to prosecute suspect
be3c068b4a93d089d2e69d333352618e106ef3eb4be51936f6bf57eb8b9348d8,2025-01,North Yorkshire Police,North Yorkshire Police,-0.421960,54.284462,On or near Woodland Rise,E01027872,Scarborough 007C,Unable to prosecute suspect
bd8b39d6a260bcfd932b6b97506433cba943813d4d9bc83695485f2fe0adc7e5,2025-01,North Yorkshire Police,North Yorkshire Police,-1.481803,54.382582,On or near Danby Lane,E01027604,Hambleton 005B,Unable to prosecute suspect
bd8b39d6a260bcfd932b6b97506433cba943813d4d9bc83695485f2fe0adc7e5,2025-01,North Yorkshire Police,North Yorkshire Police,-1.481803,54.382582,On or near Danby Lane,E01027604,Hambleton 005B,Unable to prosecute suspect
5edc991cfdfdddfc477790f955a951b445cb3bd852e9893178863afef4a972ac,2025-01,North Yorkshire Police,North Yorkshire Police,,,No location,,,Unable to prosecute suspect
654d0eb4e68109f86d5a7a8c4f8d4a3b4bdfd96c4840e0c9aa4c9e76f30c4c4a,2025-01,North Yorkshire Police,North Yorkshire Police,-1.090204,53.901514,On or near St Matthew's Close,E01013450,York 023C,Unable to prosecute suspect
654d0eb4e68109f86d5a7a8c4f8d4a3b4bdfd96c4840e0c9aa4c9e76f30c4c4a,2025-01,North Yorkshire Police,North Yorkshire Police,-1.090204,53.901514,On or near St Matthew's Close,E01013450,York 023C,Unable to prosecute suspect
5583f80f33a34664b22bf5de876c7e348709dbda12e87d2cfbdfb5686d2f3142,2025-01,North Yorkshire Police,North Yorkshire Police,-1.066561,53.784926,On or near Church Lane,E01027909,Selby 005E,Investigation complete; no suspect identified
70c1a2598ab7a2a0326471332ddd37c6f0a99eebac0ad784c4b84d8efd69cdd3,2025-01,North Yorkshire Police,North Yorkshire Police,-0.396943,54.270012,On or near Belvedere Place,E01027868,Scarborough 010E,Unable to prosecute suspect
66b376d81b224c838b7c686d19ba790e1c9a8896b4662268fbc9c3fc38d2acfe,2025-01,North Yorkshire Police,North Yorkshire Police,-1.588887,54.282490,On or near Parker Drive,E01027588,Hambleton 006B,Unable to prosecute suspect
513c01bd6ec408b2fabc8a00f09ad27f6b054bb83a4799a4a64176ff0c205449,2025-01,North Yorkshire Police,North Yorkshire Police,-1.432554,54.339725,On or near Nightclub,E01027608,Hambleton 013B,Unable to prosecute suspect
513c01bd6ec408b2fabc8a00f09ad27f6b054bb83a4799a4a64176ff0c205449,2025-01,North Yorkshire Police,North Yorkshire Police,-1.432554,54.339725,On or near Nightclub,E01027608,Hambleton 013B,Unable to prosecute suspect
513c01bd6ec408b2fabc8a00f09ad27f6b054bb83a4799a4a64176ff0c205449,2025-01,North Yorkshire Police,North Yorkshire Police,-1.432554,54.339725,On or near Nightclub,E01027608,Hambleton 013B,Unable to prosecute suspect
296c53c83f708358a59417e2037dce34e607dbc8f052b163fb0ae5741bb3f9a7,2025-01,North Yorkshire Police,North Yorkshire Police,-1.561494,54.303406,On or near Grange Avenue,E01027603,Hambleton 005A,Further action is not in the public interest
296c53c83f708358a59417e2037dce34e607dbc8f052b163fb0ae5741bb3f9a7,2025-01,North Yorkshire Police,North Yorkshire Police,-1.561494,54.303406,On or near Grange Avenue,E01027603,Hambleton 005A,Further action is not in the public interest
61fbf929aa4fddb0acc32d9a0de7de7670373ed412bed1d9758b2999002f906e,2025-01,North Yorkshire Police,North Yorkshire Police,-1.088172,53.950772,On or near Thorpe Street,E01013413,York 017D,Unable to prosecute suspect
a22df12b17e498deec875b1185bae7f0459835a36fa7d03e473162ca5dcfc193,2025-01,North Yorkshire Police,North Yorkshire Police,-0.429020,54.292311,On or near Greylands Park Road,E01027842,Scarborough 005A,Unable to prosecute suspect
a22df12b17e498deec875b1185bae7f0459835a36fa7d03e473162ca5dcfc193,2025-01,North Yorkshire Police,North Yorkshire Police,-0.429020,54.292311,On or near Greylands Park Road,E01027842,Scarborough 005A,Unable to prosecute suspect
1f537fc26959e7e86f0b69d56a744bd750b8441781769a6eb0293d704c4d4d8a,2025-01,North Yorkshire Police,North Yorkshire Police,-0.417085,54.270170,On or near Rosebery Avenue,E01027825,Scarborough 009B,Unable to prosecute suspect
1f537fc26959e7e86f0b69d56a744bd750b8441781769a6eb0293d704c4d4d8a,2025-01,North Yorkshire Police,North Yorkshire Police,-0.417085,54.270170,On or near Rosebery Avenue,E01027825,Scarborough 009B,Unable to prosecute suspect
899d0255ea2a9b83ff93094ad864537b6d415adaa3e42f185400a64640b2ed0e,2025-01,North Yorkshire Police,North Yorkshire Police,-1.112899,53.987574,On or near Coningham Avenue,E01013429,York 006B,Unable to prosecute suspect
899d0255ea2a9b83ff93094ad864537b6d415adaa3e42f185400a64640b2ed0e,2025-01,North Yorkshire Police,North Yorkshire Police,-1.112899,53.987574,On or near Coningham Avenue,E01013429,York 006B,Unable to prosecute suspect
2892a2df47297fb3d057ca5524cd248d0738157afe1ed5574d8310c642fa00db,2025-01,North Yorkshire Police,North Yorkshire Police,-1.188713,54.470384,On or near Petrol Station,E01027623,Hambleton 001D,Further action is not in the public interest
2892a2df47297fb3d057ca5524cd248d0738157afe1ed5574d8310c642fa00db,2025-01,North Yorkshire Police,North Yorkshire Police,-1.188713,54.470384,On or near Petrol Station,E01027623,Hambleton 001D,Further action is not in the public interest
cee8e6af98db542c895b94233ce0d0f7899bad33572975b8f36bc65f8f7d7d78,2025-01,North Yorkshire Police,North Yorkshire Police,-0.400550,54.287119,On or near Queen's Terrace,E01027847,Scarborough 006D,Suspect charged
cee8e6af98db542c895b94233ce0d0f7899bad33572975b8f36bc65f8f7d7d78,2025-01,North Yorkshire Police,North Yorkshire Police,-0.400550,54.287119,On or near Queen's Terrace,E01027847,Scarborough 006D,Suspect charged
ea3c19b7ef846e8eb9772cddd5a3995721e73822805e0d2afebc16b5d26c605e,2025-01,North Yorkshire Police,North Yorkshire Police,-1.537743,53.991953,On or near Station Parade,E01027678,Harrogate 015E,Unable to prosecute suspect
ea3c19b7ef846e8eb9772cddd5a3995721e73822805e0d2afebc16b5d26c605e,2025-01,North Yorkshire Police,North Yorkshire Police,-1.537743,53.991953,On or near Station Parade,E01027678,Harrogate 015E,Unable to prosecute suspect
5073d87b36d9eb4cded386a6fd974349aa883deb1ba5fd7ba77e070b0bad9d6d,2025-01,North Yorkshire Police,North Yorkshire Police,-1.091223,53.960430,On or near Parking Area,E01033068,York 013G,Unable to prosecute suspect
139c95d7b51bbe34a456d179e67c2a3eb4104a43c3543f894e67eda12782b761,2025-01,North Yorkshire Police,North Yorkshire Police,-0.521834,54.237066,On or near Wykeham Lane,E01027814,Scarborough 013A,Unable to prosecute suspect
139c95d7b51bbe34a456d179e67c2a3eb4104a43c3543f894e67eda12782b761,2025-01,North Yorkshire Police,North Yorkshire Police,-0.521834,54.237066,On or near Wykeham Lane,E01027814,Scarborough 013A,Unable to prosecute suspect
470f442c7a41da296c02542797c6f0f93842aff73db5bef2e449a8517ff98f8d,2025-01,North Yorkshire Police,North Yorkshire Police,-1.098372,53.970991,On or near Clifton Place,E01013346,York 007B,Unable to prosecute suspect
470f442c7a41da296c02542797c6f0f93842aff73db5bef2e449a8517ff98f8d,2025-01,North Yorkshire Police,North Yorkshire Police,-1.098372,53.970991,On or near Clifton Place,E01013346,York 007B,Unable to prosecute suspect
c10eaa090d7ed8b1a01c1a76b51efcd206ca7a0da9d131bf8db9758633ddda59,2025-01,North Yorkshire Police,North Yorkshire Police,-1.069270,53.787356,On or near Newmillgate,E01034980,Selby 005H,Suspect charged
c10eaa090d7ed8b1a01c1a76b51efcd206ca7a0da9d131bf8db9758633ddda59,2025-01,North Yorkshire Police,North Yorkshire Police,-1.069270,53.787356,On or near Newmillgate,E01034980,Selby 005H,Suspect charged
c10eaa090d7ed8b1a01c1a76b51efcd206ca7a0da9d131bf8db9758633ddda59,2025-01,North Yorkshire Police,North Yorkshire Police,-1.069270,53.787356,On or near Newmillgate,E01034980,Selby 005H,Suspect charged
c10eaa090d7ed8b1a01c1a76b51efcd206ca7a0da9d131bf8db9758633ddda59,2025-01,North Yorkshire Police,North Yorkshire Police,-1.069270,53.787356,On or near Newmillgate,E01034980,Selby 005H,Suspect charged
f23ca016aae727e5ec9d424cfb3f69a1afbee20ddacafc08e490b8f5c885fae0,2025-01,North Yorkshire Police,North Yorkshire Police,-0.407348,54.282131,On or near Supermarket,E01027812,Scarborough 008C,Unable to prosecute suspect
f23ca016aae727e5ec9d424cfb3f69a1afbee20ddacafc08e490b8f5c885fae0,2025-01,North Yorkshire Police,North Yorkshire Police,-0.407348,54.282131,On or near Supermarket,E01027812,Scarborough 008C,Unable to prosecute suspect
cf020d349554f2563e918334f60f9fd3c77a72c4a6d3977396e8abbd894a55bd,2025-01,North Yorkshire Police,North Yorkshire Police,-0.430263,54.291528,On or near Greylands Park Avenue,E01027842,Scarborough 005A,Unable to prosecute suspect
cf020d349554f2563e918334f60f9fd3c77a72c4a6d3977396e8abbd894a55bd,2025-01,North Yorkshire Police,North Yorkshire Police,-0.430263,54.291528,On or near Greylands Park Avenue,E01027842,Scarborough 005A,Unable to prosecute suspect
cf020d349554f2563e918334f60f9fd3c77a72c4a6d3977396e8abbd894a55bd,2025-01,North Yorkshire Police,North Yorkshire Police,-0.430263,54.291528,On or near Greylands Park Avenue,E01027842,Scarborough 005A,Unable to prosecute suspect
bc47bfb1f789c10f960972371340669141c5c9361ddadaa60058c12e6b99cc1c,2025-01,North Yorkshire Police,North Yorkshire Police,-1.237235,53.798088,On or near ,E01034976,Selby 004G,Further action is not in the public interest
bc47bfb1f789c10f960972371340669141c5c9361ddadaa60058c12e6b99cc1c,2025-01,North Yorkshire Police,North Yorkshire Police,-1.237235,53.798088,On or near ,E01034976,Selby 004G,Further action is not in the public interest
a998df1eeff723c6df2306a502050f3df494aef10354ffb7103434f25777ed23,2025-01,North Yorkshire Police,North Yorkshire Police,-0.797205,54.134762,On or near Chapel Lane,E01034970,Ryedale 009D,Unable to prosecute suspect
a998df1eeff723c6df2306a502050f3df494aef10354ffb7103434f25777ed23,2025-01,North Yorkshire Police,North Yorkshire Police,-0.797205,54.134762,On or near Chapel Lane,E01034970,Ryedale 009D,Unable to prosecute suspect
a998df1eeff723c6df2306a502050f3df494aef10354ffb7103434f25777ed23,2025-01,North Yorkshire Police,North Yorkshire Police,-0.797205,54.134762,On or near Chapel Lane,E01034970,Ryedale 009D,Unable to prosecute suspect
5ab69e7f631605cfae60c9e75a48dcca6ba0b0f5e8292ffdfd2a17534f86c8b6,2025-01,North Yorkshire Police,North Yorkshire Police,-1.157558,54.019928,On or near Main Street,E01027619,Hambleton 011B,Unable to prosecute suspect
5ab69e7f631605cfae60c9e75a48dcca6ba0b0f5e8292ffdfd2a17534f86c8b6,2025-01,North Yorkshire Police,North Yorkshire Police,-1.157558,54.019928,On or near Main Street,E01027619,Hambleton 011B,Unable to prosecute suspect
98a6067d290d721b8d5e9b2bd81144b52e7209a01aee91ecd6d533f30b8eabe9,2025-01,North Yorkshire Police,North Yorkshire Police,-1.520235,54.132380,On or near Bondgate Green Close,E01027706,Harrogate 004B,Unable to prosecute suspect
98a6067d290d721b8d5e9b2bd81144b52e7209a01aee91ecd6d533f30b8eabe9,2025-01,North Yorkshire Police,North Yorkshire Police,-1.520235,54.132380,On or near Bondgate Green Close,E01027706,Harrogate 004B,Unable to prosecute suspect
d246f2f6a119704479d0edb6b2a6f0b53f42cd858f7742ec3d21d0efaedc0fab,2025-01,North Yorkshire Police,North Yorkshire Police,-1.073099,53.950908,On or near Winterscale Court,E01013364,York 019E,Unable to prosecute suspect
d246f2f6a119704479d0edb6b2a6f0b53f42cd858f7742ec3d21d0efaedc0fab,2025-01,North Yorkshire Police,North Yorkshire Police,-1.073099,53.950908,On or near Winterscale Court,E01013364,York 019E,Unable to prosecute suspect
4ebf29667d41887a15f91622b7ca5c134f92c4e524a09c6d3943b80a06ae2532,2025-01,North Yorkshire Police,North Yorkshire Police,-1.078355,53.959245,On or near Parking Area,E01033067,York 013F,Unable to prosecute suspect
89033aa6519b248efda5ace65671cc56cb50bca45fe74d353bd39b6d169814c6,2025-01,North Yorkshire Police,North Yorkshire Police,,,No location,,,Further investigation is not in the public interest
89033aa6519b248efda5ace65671cc56cb50bca45fe74d353bd39b6d169814c6,2025-01,North Yorkshire Police,North Yorkshire Police,,,No location,,,Further investigation is not in the public interest
3a2aec16673604cf0509480442ae8b1381baf7642d9d552861adf99b34118bf1,2025-01,North Yorkshire Police,North Yorkshire Police,-1.060762,53.782283,On or near The Haven,E01027909,Selby 005E,Unable to prosecute suspect
3a2aec16673604cf0509480442ae8b1381baf7642d9d552861adf99b34118bf1,2025-01,North Yorkshire Police,North Yorkshire Police,-1.060762,53.782283,On or near The Haven,E01027909,Selby 005E,Unable to prosecute suspect
a13976c6b232a254c6d37c4b803d4c2c0ef46d629004562fa329e02d181ce206,2025-01,North Yorkshire Police,North Yorkshire Police,-1.077481,53.922228,On or near Shopping Mall,E01034762,York 023E,Unable to prosecute suspect
516538c6bebf5691d61472bdb5344e0e4379ec411e123b1bb3df2fc7e65f8b9b,2025-01,North Yorkshire Police,North Yorkshire Police,-1.056815,53.958134,On or near Hewley Avenue,E01013399,York 015C,Local resolution
516538c6bebf5691d61472bdb5344e0e4379ec411e123b1bb3df2fc7e65f8b9b,2025-01,North Yorkshire Police,North Yorkshire Police,-1.056815,53.958134,On or near Hewley Avenue,E01013399,York 015C,Local resolution
fe06a48efe3b3a3a27abba2856b4264aca013f3c11e6aedad2e54be2f80f1557,2025-01,North Yorkshire Police,North Yorkshire Police,-1.069252,53.784722,On or near Robert Street,E01027909,Selby 005E,Suspect charged
fe06a48efe3b3a3a27abba2856b4264aca013f3c11e6aedad2e54be2f80f1557,2025-01,North Yorkshire Police,North Yorkshire Police,-1.069252,53.784722,On or near Robert Street,E01027909,Selby 005E,Suspect charged
8bcc4f6036cef8392ab6804ee11bd7605a3ba88d6e1f96f64a4d5a31a330f91c,2025-01,North Yorkshire Police,North Yorkshire Police,-1.069252,53.784722,On or near Robert Street,E01027909,Selby 005E,Suspect charged
8bcc4f6036cef8392ab6804ee11bd7605a3ba88d6e1f96f64a4d5a31a330f91c,2025-01,North Yorkshire Police,North Yorkshire Police,-1.069252,53.784722,On or near Robert Street,E01027909,Selby 005E,Suspect charged
79dd918a807513dda01270c199e4546f8864ca21f8b662f44c1d9a7e91aec035,2025-01,North Yorkshire Police,North Yorkshire Police,-1.526649,54.121548,On or near Peckfield,E01027708,Harrogate 004D,Formal action is not in the public interest
bffc57b4fb7c46f090552d18f0c253165ab2b8b5989984f72a44fe948a223a3c,2025-01,North Yorkshire Police,North Yorkshire Police,-0.415705,54.276129,On or near Seamer Road Corner,E01027862,Scarborough 008E,Unable to prosecute suspect
bffc57b4fb7c46f090552d18f0c253165ab2b8b5989984f72a44fe948a223a3c,2025-01,North Yorkshire Police,North Yorkshire Police,-0.415705,54.276129,On or near Seamer Road Corner,E01027862,Scarborough 008E,Unable to prosecute suspect
05d51c195f8f7d3c03350518d3f42ebbbe9c304b319a3f243141b881a5a774cd,2025-01,North Yorkshire Police,North Yorkshire Police,-1.053237,53.953270,On or near Supermarket,E01013403,York 015F,Formal action is not in the public interest
05d51c195f8f7d3c03350518d3f42ebbbe9c304b319a3f243141b881a5a774cd,2025-01,North Yorkshire Police,North Yorkshire Police,-1.053237,53.953270,On or near Supermarket,E01013403,York 015F,Formal action is not in the public interest
4ec23b13d388877b02a425e0730d564d103be150a1eacd86b530cfa050b28a96,2025-01,North Yorkshire Police,North Yorkshire Police,-1.193234,54.118931,On or near Parking Area,E01027595,Hambleton 010B,Unable to prosecute suspect
4ec23b13d388877b02a425e0730d564d103be150a1eacd86b530cfa050b28a96,2025-01,North Yorkshire Police,North Yorkshire Police,-1.193234,54.118931,On or near Parking Area,E01027595,Hambleton 010B,Unable to prosecute suspect
3a27c34d6e9bf697a90b061c367525d232ae56e6e0b7ef5ef5dd7f40b68def08,2025-01,North Yorkshire Police,North Yorkshire Police,-1.426329,54.343830,On or near Turker Close,E01027612,Hambleton 013A,Unable to prosecute suspect
2bb81d84a9d64f0fa7a17d4d25a4f4fa6d294512547fa28e4fff2ae306ea2a15,2025-01,North Yorkshire Police,North Yorkshire Police,-1.186117,54.472146,On or near Supermarket,E01027623,Hambleton 001D,Further investigation is not in the public interest
615cf990559c704d0be1de92b9bf26dbde64c6c37292ceb1386c45e45d96c24e,2025-01,North Yorkshire Police,North Yorkshire Police,-1.104071,53.991923,On or near ,E01013429,York 006B,Investigation complete; no suspect identified
2ac31038aded5cf716e4beef9100d7027ff461f208aa2bd6995a9bc2d2602f3f,2025-01,North Yorkshire Police,North Yorkshire Police,-1.257379,53.723521,On or near Grey Fold,E01027891,Selby 009A,Unable to prosecute suspect
2ac31038aded5cf716e4beef9100d7027ff461f208aa2bd6995a9bc2d2602f3f,2025-01,North Yorkshire Police,North Yorkshire Police,-1.257379,53.723521,On or near Grey Fold,E01027891,Selby 009A,Unable to prosecute suspect
613f4bd379eeb326c9515c74ef1c808092197b7891a66c33314ca1b519d1a9be,2025-01,North Yorkshire Police,North Yorkshire Police,-1.519031,53.997012,On or near Roseville Drive,E01027649,Harrogate 013A,Investigation complete; no suspect identified
ebfa70a77ba4c35bee90a947638985161983a1b77075ae162d8dc1b6ccf11cc4,2025-01,North Yorkshire Police,North Yorkshire Police,-0.429020,54.292311,On or near Greylands Park Road,E01027842,Scarborough 005A,Suspect charged
ebfa70a77ba4c35bee90a947638985161983a1b77075ae162d8dc1b6ccf11cc4,2025-01,North Yorkshire Police,North Yorkshire Police,-0.429020,54.292311,On or near Greylands Park Road,E01027842,Scarborough 005A,Suspect charged
ebfa70a77ba4c35bee90a947638985161983a1b77075ae162d8dc1b6ccf11cc4,2025-01,North Yorkshire Police,North Yorkshire Police,-0.429020,54.292311,On or near Greylands Park Road,E01027842,Scarborough 005A,Suspect charged
2f2193f6806069a5a2d64a0398cff60f891f8a13ad18441d9c07db77bbfb231e,2025-01,North Yorkshire Police,North Yorkshire Police,-1.090901,53.997420,On or near ,E01013377,York 003D,Unable to prosecute suspect
2f2193f6806069a5a2d64a0398cff60f891f8a13ad18441d9c07db77bbfb231e,2025-01,North Yorkshire Police,North Yorkshire Police,-1.090901,53.997420,On or near ,E01013377,York 003D,Unable to prosecute suspect
828ac51558454d7d7d726771ac33ab8a26b65d2920cfe671faf2fed1c24a68b6,2025-01,North Yorkshire Police,North Yorkshire Police,-1.079183,53.959053,On or near Whip-Ma-Whop-Ma-Gate,E01033067,York 013F,Unable to prosecute suspect
828ac51558454d7d7d726771ac33ab8a26b65d2920cfe671faf2fed1c24a68b6,2025-01,North Yorkshire Police,North Yorkshire Police,-1.079183,53.959053,On or near Whip-Ma-Whop-Ma-Gate,E01033067,York 013F,Unable to prosecute suspect
169bd095e5316347d15fe64f9acc06ef3161179c0f8b9d3e9c63b34bb377be87,2025-01,North Yorkshire Police,North Yorkshire Police,-1.395439,54.083456,On or near Wetherby Road,E01027644,Harrogate 005A,Unable to prosecute suspect
169bd095e5316347d15fe64f9acc06ef3161179c0f8b9d3e9c63b34bb377be87,2025-01,North Yorkshire Police,North Yorkshire Police,-1.395439,54.083456,On or near Wetherby Road,E01027644,Harrogate 005A,Unable to prosecute suspect
121e4fd83d2102b582910815dba630cab4be06a92c47507c21909fdc5eaaf295,2025-01,North Yorkshire Police,North Yorkshire Police,-1.604195,54.294437,On or near ,E01027593,Hambleton 006D,Investigation complete; no suspect identified
121e4fd83d2102b582910815dba630cab4be06a92c47507c21909fdc5eaaf295,2025-01,North Yorkshire Police,North Yorkshire Police,-1.604195,54.294437,On or near ,E01027593,Hambleton 006D,Investigation complete; no suspect identified
121e4fd83d2102b582910815dba630cab4be06a92c47507c21909fdc5eaaf295,2025-01,North Yorkshire Police,North Yorkshire Police,-1.604195,54.294437,On or near ,E01027593,Hambleton 006D,Investigation complete; no suspect identified
121e4fd83d2102b582910815dba630cab4be06a92c47507c21909fdc5eaaf295,2025-01,North Yorkshire Police,North Yorkshire Police,-1.604195,54.294437,On or near ,E01027593,Hambleton 006D,Investigation complete; no suspect identified
17cf8b45c890c0b6dde5fe6a28a6e5c7fb90f0644f11cda76301ee5afa4b4436,2025-01,North Yorkshire Police,North Yorkshire Police,-1.184695,54.477699,On or near Cherrywood Avenue,E01027624,Hambleton 002C,Unable to prosecute suspect
17cf8b45c890c0b6dde5fe6a28a6e5c7fb90f0644f11cda76301ee5afa4b4436,2025-01,North Yorkshire Police,North Yorkshire Police,-1.184695,54.477699,On or near Cherrywood Avenue,E01027624,Hambleton 002C,Unable to prosecute suspect
1b3e04df852cff7180f478612c9b243f20dc623e2e8911937c383a9e7140b8da,2025-01,North Yorkshire Police,North Yorkshire Police,-1.066561,53.784926,On or near Church Lane,E01027909,Selby 005E,Formal action is not in the public interest
1b3e04df852cff7180f478612c9b243f20dc623e2e8911937c383a9e7140b8da,2025-01,North Yorkshire Police,North Yorkshire Police,-1.066561,53.784926,On or near Church Lane,E01027909,Selby 005E,Formal action is not in the public interest
7122c3f79535f1ef6eb0a5643137b9f78f1823538489f6759b08c210e708a76d,2025-01,North Yorkshire Police,North Yorkshire Police,-0.418552,54.287195,On or near Northstead,E01027850,Scarborough 007B,Unable to prosecute suspect
7122c3f79535f1ef6eb0a5643137b9f78f1823538489f6759b08c210e708a76d,2025-01,North Yorkshire Police,North Yorkshire Police,-0.418552,54.287195,On or near Northstead,E01027850,Scarborough 007B,Unable to prosecute suspect
6f85abf95cee3572e73bd9f7c5c7c7fa935b090ed076018d5d64d1ba790e4bd7,2025-01,North Yorkshire Police,North Yorkshire Police,-1.238760,53.801418,On or near ,E01034975,Selby 004F,Unable to prosecute suspect
d20035129dc848a2306eb6bf179a8ba4e623b504afa954bbf1d4851d1e7a8821,2025-01,North Yorkshire Police,North Yorkshire Police,-1.073219,53.976417,On or near Mallard Landings,E01013386,York 010E,Further investigation is not in the public interest
d20035129dc848a2306eb6bf179a8ba4e623b504afa954bbf1d4851d1e7a8821,2025-01,North Yorkshire Police,North Yorkshire Police,-1.073219,53.976417,On or near Mallard Landings,E01013386,York 010E,Further investigation is not in the public interest
4104c2678f4e729bb95de7c1e8416cf1e9232856f3bb08b38efcaaf5d65eeef0,2025-01,North Yorkshire Police,North Yorkshire Police,-1.552884,54.003830,On or near Nesfield Close,E01027691,Harrogate 011B,Unable to prosecute suspect
4104c2678f4e729bb95de7c1e8416cf1e9232856f3bb08b38efcaaf5d65eeef0,2025-01,North Yorkshire Police,North Yorkshire Police,-1.552884,54.003830,On or near Nesfield Close,E01027691,Harrogate 011B,Unable to prosecute suspect
fa11c6e969d33732404c2caee61dc36a65f7d13593766f04929b7da18d502fa9,2025-01,North Yorkshire Police,North Yorkshire Police,-1.121907,53.947949,On or near Kingsway West,E01013443,York 018B,Unable to prosecute suspect
596608fdf61de312b553f895d6c06c048390d0bc99aaa0f35402cb065b0e7440,2025-01,North Yorkshire Police,North Yorkshire Police,-0.417464,54.273905,On or near Springhill Road,E01027826,Scarborough 009C,Suspect charged
596608fdf61de312b553f895d6c06c048390d0bc99aaa0f35402cb065b0e7440,2025-01,North Yorkshire Police,North Yorkshire Police,-0.417464,54.273905,On or near Springhill Road,E01027826,Scarborough 009C,Suspect charged
ed57b35cde62f636c75f38aa5643fb59776971db884a4eaa038b647930318b2c,2025-01,North Yorkshire Police,North Yorkshire Police,-0.417464,54.273905,On or near Springhill Road,E01027826,Scarborough 009C,Suspect charged
ed57b35cde62f636c75f38aa5643fb59776971db884a4eaa038b647930318b2c,2025-01,North Yorkshire Police,North Yorkshire Police,-0.417464,54.273905,On or near Springhill Road,E01027826,Scarborough 009C,Suspect charged
42d09e4a740b1a39c41d9986ceee35f88950857df3a25418c2bf57ff186ad7ce,2025-01,North Yorkshire Police,North Yorkshire Police,-1.071925,53.970844,On or near Arran Place,E01013382,York 010C,Unable to prosecute suspect
42d09e4a740b1a39c41d9986ceee35f88950857df3a25418c2bf57ff186ad7ce,2025-01,North Yorkshire Police,North Yorkshire Police,-1.071925,53.970844,On or near Arran Place,E01013382,York 010C,Unable to prosecute suspect
c02ce2c6f5e73e604075d243661b9840df41f1de59d314d680c008471916cfe8,2025-01,North Yorkshire Police,North Yorkshire Police,-1.068350,53.787789,On or near Holmes Avenue,E01034980,Selby 005H,Unable to prosecute suspect
c02ce2c6f5e73e604075d243661b9840df41f1de59d314d680c008471916cfe8,2025-01,North Yorkshire Police,North Yorkshire Police,-1.068350,53.787789,On or near Holmes Avenue,E01034980,Selby 005H,Unable to prosecute suspect
09cf6627974356c15f8e74472c797dfe8d3c673e2444d88a6114c819981c2e8d,2025-01,North Yorkshire Police,North Yorkshire Police,-1.083246,53.958528,On or near ,E01013366,York 013A,Further action is not in the public interest
09cf6627974356c15f8e74472c797dfe8d3c673e2444d88a6114c819981c2e8d,2025-01,North Yorkshire Police,North Yorkshire Police,-1.083246,53.958528,On or near ,E01013366,York 013A,Further action is not in the public interest
610646f9a271c1a11c5e449eff6670d6e488c6b342b95119c5d6fdc915a7a535,2025-01,North Yorkshire Police,North Yorkshire Police,-1.038994,53.807719,On or near Turnhead Court,E01027877,Selby 003B,Investigation complete; no suspect identified
1b58f86970c7342c4969dfd3cbbfca504c42ef22e77a68ed4b206850421f5f74,2025-01,North Yorkshire Police,North Yorkshire Police,-1.057427,53.963424,On or near Wolfe Avenue,E01013380,York 008B,Unable to prosecute suspect
1b58f86970c7342c4969dfd3cbbfca504c42ef22e77a68ed4b206850421f5f74,2025-01,North Yorkshire Police,North Yorkshire Police,-1.057427,53.963424,On or near Wolfe Avenue,E01013380,York 008B,Unable to prosecute suspect
e14b393d0fee50d8d9df0cf40c41e2ada8cefe3b5893e903f91a4153f80a3e7d,2025-01,North Yorkshire Police,North Yorkshire Police,-1.540812,53.991696,On or near John Street,E01027679,Harrogate 019B,Investigation complete; no suspect identified
6a4173f51a9c3ea4d4a37fb79e4a7875101367d35755c27485d07a3f3d61327d,2025-01,North Yorkshire Police,North Yorkshire Police,-1.085002,53.952204,On or near Clement Street,E01013416,York 013E,Unable to prosecute suspect
6a4173f51a9c3ea4d4a37fb79e4a7875101367d35755c27485d07a3f3d61327d,2025-01,North Yorkshire Police,North Yorkshire Police,-1.085002,53.952204,On or near Clement Street,E01013416,York 013E,Unable to prosecute suspect
ba9d0f514624236a145b5e8ec27a7843a175f9aa586a6021af526eb55c67ec1b,2025-01,North Yorkshire Police,North Yorkshire Police,-1.084006,53.954533,On or near Cromwell Road,E01033069,York 013H,Further action is not in the public interest
ffda8e507a63454e7deaae64ff3ef2e3e97c7d2a04ecd32686e33d1931f8bdeb,2025-01,North Yorkshire Police,North Yorkshire Police,-1.433780,54.341178,On or near Friarage Street,E01027608,Hambleton 013B,Unable to prosecute suspect
5ca0eba04d19040cc6af1eb4e30d40adba7e25c30fd9b30b828c8371dc6e5f6c,2025-01,North Yorkshire Police,North Yorkshire Police,-1.344198,54.231887,On or near Castlegate,E01027630,Hambleton 008B,Unable to prosecute suspect
bc85075164c840f06e96951bc7c856d75600af815476f4aec6ff05cc0a9be3a4,2025-01,North Yorkshire Police,North Yorkshire Police,-1.068685,53.786336,On or near Alma Terrace,E01034980,Selby 005H,Unable to prosecute suspect
bc85075164c840f06e96951bc7c856d75600af815476f4aec6ff05cc0a9be3a4,2025-01,North Yorkshire Police,North Yorkshire Police,-1.068685,53.786336,On or near Alma Terrace,E01034980,Selby 005H,Unable to prosecute suspect
0ba83f1b2ebdf627e53247fca946d4d2a65c2091ed3b96518d4dc78ee7787fec,2025-01,North Yorkshire Police,North Yorkshire Police,-1.074647,53.955333,On or near Margaret Street,E01033067,York 013F,Unable to prosecute suspect
0ba83f1b2ebdf627e53247fca946d4d2a65c2091ed3b96518d4dc78ee7787fec,2025-01,North Yorkshire Police,North Yorkshire Police,-1.074647,53.955333,On or near Margaret Street,E01033067,York 013F,Unable to prosecute suspect
7161638565d1c040b62f2bf1b4364c2bf890f082cb82f2f55221cbe9b3ff9cf5,2025-01,North Yorkshire Police,North Yorkshire Police,-1.068685,53.786336,On or near Alma Terrace,E01034980,Selby 005H,Unable to prosecute suspect
4d09786abad9d84837d3ce4bcacb58e23302022b6693fe43671babafdb484e53,2025-01,North Yorkshire Police,North Yorkshire Police,-1.604195,54.294437,On or near ,E01027593,Hambleton 006D,Investigation complete; no suspect identified
2773b096925c0ee9611b27dd5e03bc958a1f448e217c75afcbe1e5e173a7a280,2025-01,North Yorkshire Police,North Yorkshire Police,-1.846086,54.156937,On or near Parking Area,E01027701,Harrogate 006C,Unable to prosecute suspect
933eaaaca80782e167888d4d2bc659fda7fd3aeb1abc7effdf2b9471d726756c,2025-01,North Yorkshire Police,North Yorkshire Police,-1.543798,53.994745,On or near Nightclub,E01027678,Harrogate 015E,Unable to prosecute suspect
933eaaaca80782e167888d4d2bc659fda7fd3aeb1abc7effdf2b9471d726756c,2025-01,North Yorkshire Police,North Yorkshire Police,-1.543798,53.994745,On or near Nightclub,E01027678,Harrogate 015E,Unable to prosecute suspect
5d831b4f25280f6f184d58f5298a84b8c3e467fbf26b59fdaee9d3bd3c3195fa,2025-01,North Yorkshire Police,North Yorkshire Police,-1.526366,53.997203,On or near Devonshire Lane,E01027658,Harrogate 013D,Unable to prosecute suspect
5d831b4f25280f6f184d58f5298a84b8c3e467fbf26b59fdaee9d3bd3c3195fa,2025-01,North Yorkshire Police,North Yorkshire Police,-1.526366,53.997203,On or near Devonshire Lane,E01027658,Harrogate 013D,Unable to prosecute suspect
4eb4b91b3fd34c13b6e8afa9c32b4104f095d43b8ebfd40d004a9c50f3af7815,2025-01,North Yorkshire Police,North Yorkshire Police,-1.086888,53.975407,On or near Burrill Avenue,E01013347,York 009C,Unable to prosecute suspect
4eb4b91b3fd34c13b6e8afa9c32b4104f095d43b8ebfd40d004a9c50f3af7815,2025-01,North Yorkshire Police,North Yorkshire Police,-1.086888,53.975407,On or near Burrill Avenue,E01013347,York 009C,Unable to prosecute suspect
59195b7683d93c2eef2742bb57bc36440c5c1557edbbfeba609d84eb034033d0,2025-01,North Yorkshire Police,North Yorkshire Police,-1.345672,54.230790,On or near Topcliffe Road,E01027620,Hambleton 008A,Unable to prosecute suspect
6f09cd1017bf2326243c57a4a44e1fae995d89f6f9908d40ba7d3c93f4269123,2025-01,North Yorkshire Police,North Yorkshire Police,-1.071925,53.970844,On or near Arran Place,E01013382,York 010C,Unable to prosecute suspect
6f09cd1017bf2326243c57a4a44e1fae995d89f6f9908d40ba7d3c93f4269123,2025-01,North Yorkshire Police,North Yorkshire Police,-1.071925,53.970844,On or near Arran Place,E01013382,York 010C,Unable to prosecute suspect
caed383a41c422937002edaa07cab2f36716283e1e35eba6adc062000690d252,2025-01,North Yorkshire Police,North Yorkshire Police,-1.061792,53.967925,On or near Seymour Grove,E01013379,York 008A,Unable to prosecute suspect
0916b481e374c7b15e3259ca12ff83c0967ca3137c01eee4353510d2dec7a499,2025-01,North Yorkshire Police,North Yorkshire Police,-1.085336,53.789799,On or near Grange Meadows,E01027906,Selby 006B,Investigation complete; no suspect identified
ae2273745683088b8960b05eeb92acfc222f651dec26db7d2bed2cd177111f3b,2025-01,North Yorkshire Police,North Yorkshire Police,-1.058632,53.963874,On or near ,E01013383,York 010D,Unable to prosecute suspect
0a7dc84e1ebbf31ad5495badf601e85de7c8840808ca717916673be027ec5e7f,2025-01,North Yorkshire Police,North Yorkshire Police,-1.416703,54.233770,On or near Foss Sike Lane,E01027633,Hambleton 007C,Unable to prosecute suspect
4d3768b15dd781ec0a0a105b6386bbd0abbd38c7e236dcdab8a3763da7f9d012,2025-01,North Yorkshire Police,North Yorkshire Police,-0.780993,54.134356,On or near Bowling Lane,E01034969,Ryedale 009C,Formal action is not in the public interest
4d3768b15dd781ec0a0a105b6386bbd0abbd38c7e236dcdab8a3763da7f9d012,2025-01,North Yorkshire Police,North Yorkshire Police,-0.780993,54.134356,On or near Bowling Lane,E01034969,Ryedale 009C,Formal action is not in the public interest
95a5271ab752a1b201d2fc571caf9630bdcdff64b60f47f62b9abbd3da5ae372,2025-01,North Yorkshire Police,North Yorkshire Police,-1.079597,53.956836,On or near Shopping Area,E01033070,York 013I,Further investigation is not in the public interest
95a5271ab752a1b201d2fc571caf9630bdcdff64b60f47f62b9abbd3da5ae372,2025-01,North Yorkshire Police,North Yorkshire Police,-1.079597,53.956836,On or near Shopping Area,E01033070,York 013I,Further investigation is not in the public interest
be7e268298317e69c56edda24ea7d0c791f7f49067ef33a18c5e2b27514f5116,2025-01,North Yorkshire Police,North Yorkshire Police,-1.087195,53.953677,On or near St Benidict Road,E01013416,York 013E,Unable to prosecute suspect
be7e268298317e69c56edda24ea7d0c791f7f49067ef33a18c5e2b27514f5116,2025-01,North Yorkshire Police,North Yorkshire Police,-1.087195,53.953677,On or near St Benidict Road,E01013416,York 013E,Unable to prosecute suspect
19396bb9500e51bc071e06b3fcea482cd874d17aedd37fc7f3a9e22fc5f624d7,2025-01,North Yorkshire Police,North Yorkshire Police,,,No location,,,Suspect charged
19396bb9500e51bc071e06b3fcea482cd874d17aedd37fc7f3a9e22fc5f624d7,2025-01,North Yorkshire Police,North Yorkshire Police,,,No location,,,Suspect charged
1e0e2b38d6ca411e9fc81675e3e747cbcd10dbc175a06a931b7c0c8708f1c339,2025-01,North Yorkshire Police,North Yorkshire Police,-1.253682,53.787684,On or near Highfield Villas,E01027915,Selby 004C,Unable to prosecute suspect
1e0e2b38d6ca411e9fc81675e3e747cbcd10dbc175a06a931b7c0c8708f1c339,2025-01,North Yorkshire Police,North Yorkshire Police,-1.253682,53.787684,On or near Highfield Villas,E01027915,Selby 004C,Unable to prosecute suspect
64d6954c2134352ff77ea63cefc7b6cb524b6fdff1233fc0191fe9aeb7fefc77,2025-01,North Yorkshire Police,North Yorkshire Police,-1.089426,53.957585,On or near Bus/Coach Station,E01033068,York 013G,Unable to prosecute suspect
64d6954c2134352ff77ea63cefc7b6cb524b6fdff1233fc0191fe9aeb7fefc77,2025-01,North Yorkshire Police,North Yorkshire Police,-1.089426,53.957585,On or near Bus/Coach Station,E01033068,York 013G,Unable to prosecute suspect
f3f9691328129274bed63d984116c1edcaebb5821e9cb2b19edc8a0a20ab5d53,2025-01,North Yorkshire Police,North Yorkshire Police,-1.428846,54.340894,On or near Dene Road,E01027612,Hambleton 013A,Unable to prosecute suspect
ace2de96e21c710ed56282c47bd906dfb9787591f66d8dc306ec197255ea1fb7,2025-01,North Yorkshire Police,North Yorkshire Police,-1.442329,54.002972,On or near Grimbald Grag Link,E01027671,Harrogate 012B,Unable to prosecute suspect
fc919dbbae3da016e8e640c7a59f2cadbce7a5afd15361816bdbd2fb7f252a8e,2025-01,North Yorkshire Police,North Yorkshire Police,-2.281900,54.070532,On or near Kirkgate,E01027572,Craven 003C,Unable to prosecute suspect
7ffbae04b1061818fb20942f1f6a81cac556bba1af7851aedc84ba955ca12544,2025-01,North Yorkshire Police,North Yorkshire Police,-1.130745,53.942818,On or near Foxwood Lane,E01013448,York 018F,Further action is not in the public interest
7ffbae04b1061818fb20942f1f6a81cac556bba1af7851aedc84ba955ca12544,2025-01,North Yorkshire Police,North Yorkshire Police,-1.130745,53.942818,On or near Foxwood Lane,E01013448,York 018F,Further action is not in the public interest
89006ce051a6cce63c6446f74273bbc3fa0005ac10e431101488b96ae250faaf,2025-01,North Yorkshire Police,North Yorkshire Police,-1.155063,53.921954,On or near ,E01013421,York 011A,Formal action is not in the public interest
9254ea86c891f979562928678a01d4594c94cf8ca898e6a4e1d1d2dc57684074,2025-01,North Yorkshire Police,North Yorkshire Police,-1.037130,54.033900,On or near Oaklands,E01013440,York 001D,Unable to prosecute suspect
e7b91738e7fffa1a909d0db34986d2490544102db8ebd90205b4d1589f89725e,2025-01,North Yorkshire Police,North Yorkshire Police,-0.420192,54.290524,On or near Maple Drive,E01027850,Scarborough 007B,Unable to prosecute suspect
e7b91738e7fffa1a909d0db34986d2490544102db8ebd90205b4d1589f89725e,2025-01,North Yorkshire Police,North Yorkshire Police,-0.420192,54.290524,On or near Maple Drive,E01027850,Scarborough 007B,Unable to prosecute suspect
e42f336325073ebc4f852f78095f6042e2eaae92f021decdf3c89c1923a2e3dd,2025-01,North Yorkshire Police,North Yorkshire Police,-0.417828,54.237276,On or near ,E01027859,Scarborough 013D,Unable to prosecute suspect
e42f336325073ebc4f852f78095f6042e2eaae92f021decdf3c89c1923a2e3dd,2025-01,North Yorkshire Police,North Yorkshire Police,-0.417828,54.237276,On or near ,E01027859,Scarborough 013D,Unable to prosecute suspect
e42f336325073ebc4f852f78095f6042e2eaae92f021decdf3c89c1923a2e3dd,2025-01,North Yorkshire Police,North Yorkshire Police,-0.417828,54.237276,On or near ,E01027859,Scarborough 013D,Unable to prosecute suspect
acb126c237916c7cfe45cab628003b5e0c1031f25b055defda22e6c7694b124e,2025-01,North Yorkshire Police,North Yorkshire Police,-1.122459,53.961579,On or near Glebe Avenue,E01013392,York 012F,Unable to prosecute suspect
acb126c237916c7cfe45cab628003b5e0c1031f25b055defda22e6c7694b124e,2025-01,North Yorkshire Police,North Yorkshire Police,-1.122459,53.961579,On or near Glebe Avenue,E01013392,York 012F,Unable to prosecute suspect
9aa72b06e53c86a37ddb9679bf56c72ef14be7f627954ecc24ff399332c3b4bf,2025-01,North Yorkshire Police,North Yorkshire Police,-1.513773,54.135383,On or near Hillshaw Parkway,E01027705,Harrogate 004A,Unable to prosecute suspect
f799411bee49d927354a783885a2a6dc33b00411158371cfbae7953b3cccb6e9,2025-01,North Yorkshire Police,North Yorkshire Police,-0.786327,54.130437,On or near Ebeneezers Yard,E01027790,Ryedale 010D,Unable to prosecute suspect
f799411bee49d927354a783885a2a6dc33b00411158371cfbae7953b3cccb6e9,2025-01,North Yorkshire Police,North Yorkshire Police,-0.786327,54.130437,On or near Ebeneezers Yard,E01027790,Ryedale 010D,Unable to prosecute suspect
cf4a767d0d35d8d2ed1b1d3999ac2207b3bee76ad0b553e2088f3e6e5a31837a,2025-01,North Yorkshire Police,North Yorkshire Police,-1.039908,53.951034,On or near Bishopsway,E01013402,York 014B,Suspect charged
cf4a767d0d35d8d2ed1b1d3999ac2207b3bee76ad0b553e2088f3e6e5a31837a,2025-01,North Yorkshire Police,North Yorkshire Police,-1.039908,53.951034,On or near Bishopsway,E01013402,York 014B,Suspect charged
cf4a767d0d35d8d2ed1b1d3999ac2207b3bee76ad0b553e2088f3e6e5a31837a,2025-01,North Yorkshire Police,North Yorkshire Police,-1.039908,53.951034,On or near Bishopsway,E01013402,York 014B,Suspect charged
6ae77da49443cb46239cd73b7b88eb2b1a58143ad8585dae852873eef7c4f63e,2025-01,North Yorkshire Police,North Yorkshire Police,-1.039908,53.951034,On or near Bishopsway,E01013402,York 014B,Suspect charged
6ae77da49443cb46239cd73b7b88eb2b1a58143ad8585dae852873eef7c4f63e,2025-01,North Yorkshire Police,North Yorkshire Police,-1.039908,53.951034,On or near Bishopsway,E01013402,York 014B,Suspect charged
6ae77da49443cb46239cd73b7b88eb2b1a58143ad8585dae852873eef7c4f63e,2025-01,North Yorkshire Police,North Yorkshire Police,-1.039908,53.951034,On or near Bishopsway,E01013402,York 014B,Suspect charged
7aa3e888c3adb939c0e7fda03ef76fc8af9fa1757ce4bf287798712742d302d9,2025-01,North Yorkshire Police,North Yorkshire Police,-1.523158,54.006996,On or near Dene Park,E01027740,Harrogate 013F,Unable to prosecute suspect
d5c3988ac48d6f56ee203dcc9714cefe74c3c0f04854cf121f54e3ca98f67dfe,2025-01,North Yorkshire Police,North Yorkshire Police,-1.648725,53.920525,On or near Leathley Lane,E01027734,Harrogate 018C,Unable to prosecute suspect
5119ac47dea13b175b951b709fa551df9242141c83c7093c5ff55f5f4dfe40d5,2025-01,North Yorkshire Police,North Yorkshire Police,-2.491305,54.121663,On or near Windy Hill,E01027558,Craven 001A,Unable to prosecute suspect
12d090d56bd6fc532e988ff28b2a1ce1ea75b157ddf17c7b64c4ca5305109b25,2025-01,North Yorkshire Police,North Yorkshire Police,-1.100253,53.954449,On or near Cecilia Place,E01013397,York 017C,Unable to prosecute suspect
12d090d56bd6fc532e988ff28b2a1ce1ea75b157ddf17c7b64c4ca5305109b25,2025-01,North Yorkshire Police,North Yorkshire Police,-1.100253,53.954449,On or near Cecilia Place,E01013397,York 017C,Unable to prosecute suspect
1898ae1a15422f7b36a5f2a16d6301c21e37d97f18b57284334551568e6f1879,2025-01,North Yorkshire Police,North Yorkshire Police,-1.100253,53.954449,On or near Cecilia Place,E01013397,York 017C,Unable to prosecute suspect
1898ae1a15422f7b36a5f2a16d6301c21e37d97f18b57284334551568e6f1879,2025-01,North Yorkshire Police,North Yorkshire Police,-1.100253,53.954449,On or near Cecilia Place,E01013397,York 017C,Unable to prosecute suspect
7fa8e954d46483b026d971aef2e34d7ae6f3d1dceae11e7f2df9ba2961c4f185,2025-01,North Yorkshire Police,North Yorkshire Police,-1.349714,54.236222,On or near Westlands Lane,E01027630,Hambleton 008B,Unable to prosecute suspect
7fa8e954d46483b026d971aef2e34d7ae6f3d1dceae11e7f2df9ba2961c4f185,2025-01,North Yorkshire Police,North Yorkshire Police,-1.349714,54.236222,On or near Westlands Lane,E01027630,Hambleton 008B,Unable to prosecute suspect
cc8771438d521065a477106ec6eca97b5b95f9202a8f0b92d17ee045b234f24f,2025-01,North Yorkshire Police,North Yorkshire Police,-0.419451,54.296222,On or near Briardene Avenue,E01027845,Scarborough 005D,Further investigation is not in the public interest
5915a2456047103c538cab0b2f0dc8bb27e38ed7e0a5ea27d8eb2dc13d7ce252,2025-01,North Yorkshire Police,North Yorkshire Police,-1.073568,53.993021,On or near Cherry Tree Avenue,E01013410,York 004D,Unable to prosecute suspect
5915a2456047103c538cab0b2f0dc8bb27e38ed7e0a5ea27d8eb2dc13d7ce252,2025-01,North Yorkshire Police,North Yorkshire Police,-1.073568,53.993021,On or near Cherry Tree Avenue,E01013410,York 004D,Unable to prosecute suspect
58c6ac127c4e4a2abadaced434c13c46ceb2e58bf7980a100b5648dd2b187124,2025-01,North Yorkshire Police,North Yorkshire Police,-1.061551,53.967105,On or near Heworth Road,E01013380,York 008B,Unable to prosecute suspect
6f39e1ab3b74281e306ed597d52da69f9874e916bdcdd4686d83c118b66bcf49,2025-01,North Yorkshire Police,North Yorkshire Police,-1.118574,53.947772,On or near Sandown Close,E01013443,York 018B,Further action is not in the public interest
6f39e1ab3b74281e306ed597d52da69f9874e916bdcdd4686d83c118b66bcf49,2025-01,North Yorkshire Police,North Yorkshire Police,-1.118574,53.947772,On or near Sandown Close,E01013443,York 018B,Further action is not in the public interest
30b3e29776c68bc6c65ab45def59f5bb60cf807256353b0ba2b782db4ad92e33,2025-01,North Yorkshire Police,North Yorkshire Police,-0.985182,54.015955,On or near Shopping Area,E01013437,York 008G,Unable to prosecute suspect
30b3e29776c68bc6c65ab45def59f5bb60cf807256353b0ba2b782db4ad92e33,2025-01,North Yorkshire Police,North Yorkshire Police,-0.985182,54.015955,On or near Shopping Area,E01013437,York 008G,Unable to prosecute suspect
d2e04ddb4c07cb85a647c2befbecfc6ee9543ab985bb99971d678cb48761d149,2025-01,North Yorkshire Police,North Yorkshire Police,-0.416851,54.238428,On or near ,E01027859,Scarborough 013D,Local resolution
4562ca33b92e46f4d417dfaaa67c42cdea4b965435b93c9649a20bf5931c7646,2025-01,North Yorkshire Police,North Yorkshire Police,-0.280576,54.188662,On or near Flat Cliffs,E01027833,Scarborough 014E,Suspect charged
4562ca33b92e46f4d417dfaaa67c42cdea4b965435b93c9649a20bf5931c7646,2025-01,North Yorkshire Police,North Yorkshire Police,-0.280576,54.188662,On or near Flat Cliffs,E01027833,Scarborough 014E,Suspect charged
5fbada0f1527096c7f06b695c7fd8f9942773694c707ee49734fed7d75ec09d4,2025-01,North Yorkshire Police,North Yorkshire Police,-1.084118,53.959281,On or near ,E01033070,York 013I,Offender given a caution
5fbada0f1527096c7f06b695c7fd8f9942773694c707ee49734fed7d75ec09d4,2025-01,North Yorkshire Police,North Yorkshire Police,-1.084118,53.959281,On or near ,E01033070,York 013I,Offender given a caution
5a96cf3c1f1a46735ab3cabca4cd64eea77a77077d2761dedcf6fd9bceda777b,2025-01,North Yorkshire Police,North Yorkshire Police,-1.085884,53.961369,On or near St Leonards Mews,E01013366,York 013A,Suspect charged
5a96cf3c1f1a46735ab3cabca4cd64eea77a77077d2761dedcf6fd9bceda777b,2025-01,North Yorkshire Police,North Yorkshire Police,-1.085884,53.961369,On or near St Leonards Mews,E01013366,York 013A,Suspect charged
775af7ae2e66056b9fe90dc90b24b855d04a3ac8ba3ef5fd0a79bbe7cf290c05,2025-01,North Yorkshire Police,North Yorkshire Police,-1.162047,54.020607,On or near Station Lane,E01027619,Hambleton 011B,Unable to prosecute suspect
775af7ae2e66056b9fe90dc90b24b855d04a3ac8ba3ef5fd0a79bbe7cf290c05,2025-01,North Yorkshire Police,North Yorkshire Police,-1.162047,54.020607,On or near Station Lane,E01027619,Hambleton 011B,Unable to prosecute suspect
775af7ae2e66056b9fe90dc90b24b855d04a3ac8ba3ef5fd0a79bbe7cf290c05,2025-01,North Yorkshire Police,North Yorkshire Police,-1.162047,54.020607,On or near Station Lane,E01027619,Hambleton 011B,Unable to prosecute suspect
3617d43aa4efe7ddab37733aee4616657e6f0d4bf22f997ea60d22a5d400e623,2025-01,North Yorkshire Police,North Yorkshire Police,-2.052980,53.895196,On or near Cow Lane,E01027560,Craven 007B,Unable to prosecute suspect
3617d43aa4efe7ddab37733aee4616657e6f0d4bf22f997ea60d22a5d400e623,2025-01,North Yorkshire Police,North Yorkshire Police,-2.052980,53.895196,On or near Cow Lane,E01027560,Craven 007B,Unable to prosecute suspect
3a8573590e9a901f3328a99d403a8f279f4524966db9a344ae021c15f7c66a7d,2025-01,North Yorkshire Police,North Yorkshire Police,-1.186659,54.114834,On or near Hurns Way,E01027594,Hambleton 010A,Unable to prosecute suspect
3a8573590e9a901f3328a99d403a8f279f4524966db9a344ae021c15f7c66a7d,2025-01,North Yorkshire Police,North Yorkshire Police,-1.186659,54.114834,On or near Hurns Way,E01027594,Hambleton 010A,Unable to prosecute suspect
dc91f29bedf8fd83e63261bbfabe116d5b0e9ee6634e29aec9146836cebdaad0,2025-01,North Yorkshire Police,North Yorkshire Police,-1.547671,54.006210,On or near Archie Street,E01027690,Harrogate 010D,Unable to prosecute suspect
72d7c01cfabac67f1a91fdcad6e88dbaaa83d571aee5708819358fa35bce445b,2025-01,North Yorkshire Police,North Yorkshire Police,-1.089812,53.942659,On or near Clock Tower Way,E01013412,York 021C,Investigation complete; no suspect identified
6fc424c7eac30727c98b9861f7eb50348632cbdaaff16d679f1c7091e5d72b12,2025-01,North Yorkshire Police,North Yorkshire Police,-1.186659,54.114834,On or near Hurns Way,E01027594,Hambleton 010A,Unable to prosecute suspect
6fc424c7eac30727c98b9861f7eb50348632cbdaaff16d679f1c7091e5d72b12,2025-01,North Yorkshire Police,North Yorkshire Police,-1.186659,54.114834,On or near Hurns Way,E01027594,Hambleton 010A,Unable to prosecute suspect
6d0eab324660c1af707fbab033643adb8337b779c11559532823a8230a353d0c,2025-01,North Yorkshire Police,North Yorkshire Police,-1.531171,54.142498,On or near Fennel Grove,E01027714,Harrogate 002C,Unable to prosecute suspect
6d0eab324660c1af707fbab033643adb8337b779c11559532823a8230a353d0c,2025-01,North Yorkshire Police,North Yorkshire Police,-1.531171,54.142498,On or near Fennel Grove,E01027714,Harrogate 002C,Unable to prosecute suspect
ab87db2618b53d11b17585c76839883528837d3be83721cf0e7786a2169eac16,2025-01,North Yorkshire Police,North Yorkshire Police,-1.072405,53.946490,On or near Police Station,E01013362,York 019C,Suspect charged
ab87db2618b53d11b17585c76839883528837d3be83721cf0e7786a2169eac16,2025-01,North Yorkshire Police,North Yorkshire Police,-1.072405,53.946490,On or near Police Station,E01013362,York 019C,Suspect charged
086872f49b030b7fed4b46bfc5908d01cf659b1638ee1268afa347a0aa87f7ef,2025-01,North Yorkshire Police,North Yorkshire Police,-1.249177,53.790046,On or near Bartlett Way,E01027915,Selby 004C,Suspect charged
086872f49b030b7fed4b46bfc5908d01cf659b1638ee1268afa347a0aa87f7ef,2025-01,North Yorkshire Police,North Yorkshire Police,-1.249177,53.790046,On or near Bartlett Way,E01027915,Selby 004C,Suspect charged
07bc3bfc66c279ccf39a0e5f3d80aaf515323125664dc2d51a3579554c86316e,2025-01,North Yorkshire Police,North Yorkshire Police,-1.593678,54.290406,On or near North End,E01027588,Hambleton 006B,Suspect charged
07bc3bfc66c279ccf39a0e5f3d80aaf515323125664dc2d51a3579554c86316e,2025-01,North Yorkshire Police,North Yorkshire Police,-1.593678,54.290406,On or near North End,E01027588,Hambleton 006B,Suspect charged
989a5e19c192746ba0a77848b524911625160af7a7759838fdaf48600d624839,2025-01,North Yorkshire Police,North Yorkshire Police,-1.593678,54.290406,On or near North End,E01027588,Hambleton 006B,Suspect charged
989a5e19c192746ba0a77848b524911625160af7a7759838fdaf48600d624839,2025-01,North Yorkshire Police,North Yorkshire Police,-1.593678,54.290406,On or near North End,E01027588,Hambleton 006B,Suspect charged
15dd4948ce51474002c464b431c1517bad3b188af9431a564d6a13e1fa272fd8,2025-01,North Yorkshire Police,North Yorkshire Police,-0.397827,54.283650,On or near Shopping Area,E01027806,Scarborough 006B,Unable to prosecute suspect
687708c7112d83d4a5a509135d8f4823a93d26571f9c64fc071f57cdfd17ae55,2025-01,North Yorkshire Police,North Yorkshire Police,-1.073219,53.976417,On or near Mallard Landings,E01013386,York 010E,Suspect charged
687708c7112d83d4a5a509135d8f4823a93d26571f9c64fc071f57cdfd17ae55,2025-01,North Yorkshire Police,North Yorkshire Police,-1.073219,53.976417,On or near Mallard Landings,E01013386,York 010E,Suspect charged
dbef40fda69f030eee7d5a84786d49f14084d28041e38ba7b37ccf68b9025ca8,2025-01,North Yorkshire Police,North Yorkshire Police,-0.792133,54.119179,On or near Whitewall Corner Hill,E01027791,Ryedale 010C,Investigation complete; no suspect identified
d7bc2e8cfd9e26bba99b84d505336b212d33a171b77d721aff7da818220cc9e1,2025-01,North Yorkshire Police,North Yorkshire Police,-0.779334,54.131436,On or near North Road,E01034971,Ryedale 009E,Unable to prosecute suspect
d7bc2e8cfd9e26bba99b84d505336b212d33a171b77d721aff7da818220cc9e1,2025-01,North Yorkshire Police,North Yorkshire Police,-0.779334,54.131436,On or near North Road,E01034971,Ryedale 009E,Unable to prosecute suspect
ca122b0589d1abe40e79ceb0d253db91d79ea3ed3aef24cfac14df41eff0fb0d,2025-01,North Yorkshire Police,North Yorkshire Police,-1.722460,54.379636,On or near Dane Road,E01034965,Richmondshire 004I,Unable to prosecute suspect
ca122b0589d1abe40e79ceb0d253db91d79ea3ed3aef24cfac14df41eff0fb0d,2025-01,North Yorkshire Police,North Yorkshire Police,-1.722460,54.379636,On or near Dane Road,E01034965,Richmondshire 004I,Unable to prosecute suspect
8eb1bb1930e27e4eb0dfca09f8d51c27e30b25c76142cdce291b38bcbc80e2f8,2025-01,North Yorkshire Police,North Yorkshire Police,-1.080749,53.962669,On or near Chapter House Street,E01013366,York 013A,Investigation complete; no suspect identified
dd025c1c4eedae0f643d79601310e29bf3074fa164b7d555a93d105f3371d620,2025-01,North Yorkshire Police,North Yorkshire Police,-1.081276,53.951879,On or near River Street,E01013418,York 019F,Investigation complete; no suspect identified
2b1f141770738ab20962ef8c31328890830709e5679e7d7d593979a333c60d5b,2025-01,North Yorkshire Police,North Yorkshire Police,-0.403774,54.275262,On or near Grosvenor Crescent,E01027852,Scarborough 010B,Unable to prosecute suspect
2b1f141770738ab20962ef8c31328890830709e5679e7d7d593979a333c60d5b,2025-01,North Yorkshire Police,North Yorkshire Police,-0.403774,54.275262,On or near Grosvenor Crescent,E01027852,Scarborough 010B,Unable to prosecute suspect
411c721a0cd969b5a954b12bb3c5ab044addba562902a5a94a9bed89fdf94d65,2025-01,North Yorkshire Police,North Yorkshire Police,-0.411428,54.279497,On or near Roscoe Street,E01027812,Scarborough 008C,Suspect charged
411c721a0cd969b5a954b12bb3c5ab044addba562902a5a94a9bed89fdf94d65,2025-01,North Yorkshire Police,North Yorkshire Police,-0.411428,54.279497,On or near Roscoe Street,E01027812,Scarborough 008C,Suspect charged
411c721a0cd969b5a954b12bb3c5ab044addba562902a5a94a9bed89fdf94d65,2025-01,North Yorkshire Police,North Yorkshire Police,-0.411428,54.279497,On or near Roscoe Street,E01027812,Scarborough 008C,Suspect charged
a672864a5d435e43e74432ddc3e0404a1825582c7394d7c89050403b9cd5e897,2025-01,North Yorkshire Police,North Yorkshire Police,-1.592800,54.284363,On or near Parking Area,E01027587,Hambleton 006A,Suspect charged
a672864a5d435e43e74432ddc3e0404a1825582c7394d7c89050403b9cd5e897,2025-01,North Yorkshire Police,North Yorkshire Police,-1.592800,54.284363,On or near Parking Area,E01027587,Hambleton 006A,Suspect charged
88e48f09b896d4ac193988f2bceb940c65aa6bee24908844dbb9706091c0fa4d,2025-01,North Yorkshire Police,North Yorkshire Police,-1.592800,54.284363,On or near Parking Area,E01027587,Hambleton 006A,Suspect charged
88e48f09b896d4ac193988f2bceb940c65aa6bee24908844dbb9706091c0fa4d,2025-01,North Yorkshire Police,North Yorkshire Police,-1.592800,54.284363,On or near Parking Area,E01027587,Hambleton 006A,Suspect charged
de8b91aa882175ad535c19a1b7f5c082fabe2af44b6b779203a38d41f6a5086a,2025-01,North Yorkshire Police,North Yorkshire Police,-1.055313,53.953089,On or near Garrow Hill Avenue,E01013403,York 015F,Unable to prosecute suspect
de8b91aa882175ad535c19a1b7f5c082fabe2af44b6b779203a38d41f6a5086a,2025-01,North Yorkshire Police,North Yorkshire Police,-1.055313,53.953089,On or near Garrow Hill Avenue,E01013403,York 015F,Unable to prosecute suspect
91f38694eda47378aa18ad0839eb968e4a85bc306bbd9983c598a885ec5ce69a,2025-01,North Yorkshire Police,North Yorkshire Police,-1.583540,54.284143,On or near Javelin Way,E01027588,Hambleton 006B,Unable to prosecute suspect
91f38694eda47378aa18ad0839eb968e4a85bc306bbd9983c598a885ec5ce69a,2025-01,North Yorkshire Police,North Yorkshire Police,-1.583540,54.284143,On or near Javelin Way,E01027588,Hambleton 006B,Unable to prosecute suspect
405f386ef0401ea375ac2c6d90c66b37aec125c83a8b232b87153ebe396589e4,2025-01,North Yorkshire Police,North Yorkshire Police,-1.120726,53.938171,On or near Wain's Grove,E01013353,York 022A,Unable to prosecute suspect
405f386ef0401ea375ac2c6d90c66b37aec125c83a8b232b87153ebe396589e4,2025-01,North Yorkshire Police,North Yorkshire Police,-1.120726,53.938171,On or near Wain's Grove,E01013353,York 022A,Unable to prosecute suspect
d5751d09609eab6b53e9dddea2c55ff6e4e466fa1ba076cf161ef5e429a39960,2025-01,North Yorkshire Police,North Yorkshire Police,-0.403378,54.279263,On or near Bus/Coach Station,E01027804,Scarborough 010A,Unable to prosecute suspect
d5751d09609eab6b53e9dddea2c55ff6e4e466fa1ba076cf161ef5e429a39960,2025-01,North Yorkshire Police,North Yorkshire Police,-0.403378,54.279263,On or near Bus/Coach Station,E01027804,Scarborough 010A,Unable to prosecute suspect
d5751d09609eab6b53e9dddea2c55ff6e4e466fa1ba076cf161ef5e429a39960,2025-01,North Yorkshire Police,North Yorkshire Police,-0.403378,54.279263,On or near Bus/Coach Station,E01027804,Scarborough 010A,Unable to prosecute suspect
d5751d09609eab6b53e9dddea2c55ff6e4e466fa1ba076cf161ef5e429a39960,2025-01,North Yorkshire Police,North Yorkshire Police,-0.403378,54.279263,On or near Bus/Coach Station,E01027804,Scarborough 010A,Unable to prosecute suspect
9fbf2d36dcc3dc89da4dfa3831f5eea3fe7cb0b32cfd13e0e360857388bdb8da,2025-01,North Yorkshire Police,North Yorkshire Police,-1.055313,53.953089,On or near Garrow Hill Avenue,E01013403,York 015F,Unable to prosecute suspect
9fbf2d36dcc3dc89da4dfa3831f5eea3fe7cb0b32cfd13e0e360857388bdb8da,2025-01,North Yorkshire Police,North Yorkshire Police,-1.055313,53.953089,On or near Garrow Hill Avenue,E01013403,York 015F,Unable to prosecute suspect
139ca6153ff6e35b4ff2d093dcd9ef798b48d85d908939d68d8491183afb95cf,2025-01,North Yorkshire Police,North Yorkshire Police,-0.421468,54.277634,On or near Whin Bank,E01027861,Scarborough 009D,Unable to prosecute suspect
139ca6153ff6e35b4ff2d093dcd9ef798b48d85d908939d68d8491183afb95cf,2025-01,North Yorkshire Police,North Yorkshire Police,-0.421468,54.277634,On or near Whin Bank,E01027861,Scarborough 009D,Unable to prosecute suspect
d390d48307d6db8664008eb7ce871c816275b908ff1ad7719be36bb8e6ffa692,2025-01,North Yorkshire Police,North Yorkshire Police,-1.062904,53.769914,On or near Willow Court,E01034983,Selby 005K,Investigation complete; no suspect identified
44d18b30535067f5b2f6f492fe4b1f63768fbf1e5987bcb538a199cc3d2b2e86,2025-01,North Yorkshire Police,North Yorkshire Police,-0.421468,54.277634,On or near Whin Bank,E01027861,Scarborough 009D,Unable to prosecute suspect
44d18b30535067f5b2f6f492fe4b1f63768fbf1e5987bcb538a199cc3d2b2e86,2025-01,North Yorkshire Police,North Yorkshire Police,-0.421468,54.277634,On or near Whin Bank,E01027861,Scarborough 009D,Unable to prosecute suspect
4aef00de5cb75d8da16efd088d2b19856730df28e64870f9582603776be9a26f,2025-01,North Yorkshire Police,North Yorkshire Police,-1.082195,53.790440,On or near Farm Way,E01027907,Selby 005C,Unable to prosecute suspect
4aef00de5cb75d8da16efd088d2b19856730df28e64870f9582603776be9a26f,2025-01,North Yorkshire Police,North Yorkshire Police,-1.082195,53.790440,On or near Farm Way,E01027907,Selby 005C,Unable to prosecute suspect
cee5a97adb55db4c6d9fbaf93b13548ebf8db29ea0dfa27654a239d2da401f55,2025-01,North Yorkshire Police,North Yorkshire Police,-1.592800,54.284363,On or near Parking Area,E01027587,Hambleton 006A,Suspect charged
cee5a97adb55db4c6d9fbaf93b13548ebf8db29ea0dfa27654a239d2da401f55,2025-01,North Yorkshire Police,North Yorkshire Police,-1.592800,54.284363,On or near Parking Area,E01027587,Hambleton 006A,Suspect charged
eba95efbfa8475f0bdf85e9378b5e5fd9c2ceb2144c299170a5f88b60d96b0d1,2025-01,North Yorkshire Police,North Yorkshire Police,-1.312969,53.964994,On or near Rudgate,E01027683,Harrogate 016A,Unable to prosecute suspect
d2e04ddb4c07cb85a647c2befbecfc6ee9543ab985bb99971d678cb48761d149,2025-01,North Yorkshire Police,North Yorkshire Police,-0.416851,54.238428,On or near ,E01027859,Scarborough 013D,Local resolution
d2e04ddb4c07cb85a647c2befbecfc6ee9543ab985bb99971d678cb48761d149,2025-01,North Yorkshire Police,North Yorkshire Police,-0.416851,54.238428,On or near ,E01027859,Scarborough 013D,Local resolution
d2e04ddb4c07cb85a647c2befbecfc6ee9543ab985bb99971d678cb48761d149,2025-01,North Yorkshire Police,North Yorkshire Police,-0.416851,54.238428,On or near ,E01027859,Scarborough 013D,Local resolution
69e58869e8ac5462bd99e5ae965304126dc8289ef4e2071203067d1d8a6eab2c,2025-01,North Yorkshire Police,North Yorkshire Police,-1.080058,53.960121,On or near King's Square,E01033070,York 013I,Local resolution
63631ee6916148f75f84d07e8247fc09d66762ef8fd0df5c467090d6e8c54eb2,2025-01,North Yorkshire Police,North Yorkshire Police,-1.118574,53.947772,On or near Sandown Close,E01013443,York 018B,Further action is not in the public interest
63631ee6916148f75f84d07e8247fc09d66762ef8fd0df5c467090d6e8c54eb2,2025-01,North Yorkshire Police,North Yorkshire Police,-1.118574,53.947772,On or near Sandown Close,E01013443,York 018B,Further action is not in the public interest
fa4412db7ad72ddc2800d59bd3da19b8c94bca44dd1f4f9737e0a0fdc9e31fad,2025-01,North Yorkshire Police,North Yorkshire Police,-0.431120,54.285975,On or near Bus/Coach Station,E01027872,Scarborough 007C,Unable to prosecute suspect
fa4412db7ad72ddc2800d59bd3da19b8c94bca44dd1f4f9737e0a0fdc9e31fad,2025-01,North Yorkshire Police,North Yorkshire Police,-0.431120,54.285975,On or near Bus/Coach Station,E01027872,Scarborough 007C,Unable to prosecute suspect
5f02fb5f16646464078ad2ea304361b870da9367231985ddfe68ac9cb9ddf53a,2025-01,North Yorkshire Police,North Yorkshire Police,-1.805065,54.286897,On or near North Road,E01027760,Richmondshire 006E,Unable to prosecute suspect
5f02fb5f16646464078ad2ea304361b870da9367231985ddfe68ac9cb9ddf53a,2025-01,North Yorkshire Police,North Yorkshire Police,-1.805065,54.286897,On or near North Road,E01027760,Richmondshire 006E,Unable to prosecute suspect
5ee12c966591e8da2035b98d9f2558ad2fcaa590c85f8d1eb4634e6c203aeba9,2025-01,North Yorkshire Police,North Yorkshire Police,-1.438546,54.336832,On or near Malpas Drive,E01027605,Hambleton 013D,Unable to prosecute suspect
5ee12c966591e8da2035b98d9f2558ad2fcaa590c85f8d1eb4634e6c203aeba9,2025-01,North Yorkshire Police,North Yorkshire Police,-1.438546,54.336832,On or near Malpas Drive,E01027605,Hambleton 013D,Unable to prosecute suspect
5df573e17eaa48a8fcc125529778c876e312d1221caeacdfb34b9301653a64d0,2025-01,North Yorkshire Police,North Yorkshire Police,-1.522805,54.135203,On or near Duck Hill,E01027706,Harrogate 004B,Unable to prosecute suspect
5df573e17eaa48a8fcc125529778c876e312d1221caeacdfb34b9301653a64d0,2025-01,North Yorkshire Police,North Yorkshire Police,-1.522805,54.135203,On or near Duck Hill,E01027706,Harrogate 004B,Unable to prosecute suspect
5df573e17eaa48a8fcc125529778c876e312d1221caeacdfb34b9301653a64d0,2025-01,North Yorkshire Police,North Yorkshire Police,-1.522805,54.135203,On or near Duck Hill,E01027706,Harrogate 004B,Unable to prosecute suspect
9936e82c0fc5f9e07027270d01c1ed46bb55e26cec4421454e5e8cfa06859832,2025-01,North Yorkshire Police,North Yorkshire Police,-0.407259,54.281276,On or near Police Station,E01027812,Scarborough 008C,Further investigation is not in the public interest
9936e82c0fc5f9e07027270d01c1ed46bb55e26cec4421454e5e8cfa06859832,2025-01,North Yorkshire Police,North Yorkshire Police,-0.407259,54.281276,On or near Police Station,E01027812,Scarborough 008C,Further investigation is not in the public interest
30c4963dbf42b2395968c7bd1340cbd86c8c694c8ef9d891328b3f8bb40510cd,2025-01,North Yorkshire Police,North Yorkshire Police,-1.069252,53.784722,On or near Robert Street,E01027909,Selby 005E,Suspect charged
30c4963dbf42b2395968c7bd1340cbd86c8c694c8ef9d891328b3f8bb40510cd,2025-01,North Yorkshire Police,North Yorkshire Police,-1.069252,53.784722,On or near Robert Street,E01027909,Selby 005E,Suspect charged
241c95104819e71d8ec446f9842486edb8b9093388c4aefdcbbe29321e407caa,2025-01,North Yorkshire Police,North Yorkshire Police,-0.399993,54.280874,On or near Falconers Road,E01027804,Scarborough 010A,Unable to prosecute suspect
241c95104819e71d8ec446f9842486edb8b9093388c4aefdcbbe29321e407caa,2025-01,North Yorkshire Police,North Yorkshire Police,-0.399993,54.280874,On or near Falconers Road,E01027804,Scarborough 010A,Unable to prosecute suspect
f8e7ffaa9d7d37c3858d265d6d69e4fc8efab0c02831c0d37a6dae25ff682295,2025-01,North Yorkshire Police,North Yorkshire Police,-0.418086,54.297768,On or near Burniston Road,E01034974,Scarborough 006F,Formal action is not in the public interest
c8afd17cc6666999312ddabf6a6eaeded99d74d61986231cdd1ced11d2c16a52,2025-01,North Yorkshire Police,North Yorkshire Police,-1.186785,53.926799,On or near De Mowbray Court,E01013421,York 011A,Investigation complete; no suspect identified
606cb9be5b00831564cf887cb07147043b9658bbe81277295273f8158433c42a,2025-01,North Yorkshire Police,North Yorkshire Police,-1.524534,54.001402,On or near Hambleton Road,E01027649,Harrogate 013A,Unable to prosecute suspect
393fc267d12826fe13c7615e452df74c9f6da3e5a2d25e909653a4cb6d91a535,2025-01,North Yorkshire Police,North Yorkshire Police,-1.739313,54.402420,On or near Waterloo Street,E01027770,Richmondshire 002F,Suspect charged
393fc267d12826fe13c7615e452df74c9f6da3e5a2d25e909653a4cb6d91a535,2025-01,North Yorkshire Police,North Yorkshire Police,-1.739313,54.402420,On or near Waterloo Street,E01027770,Richmondshire 002F,Suspect charged
b9ca80a72a41c71b5ea60f1fcc45cac9a1ac6f3570aac8e9e7678ff2b3d26f97,2025-01,North Yorkshire Police,North Yorkshire Police,-0.404802,54.280857,On or near Alma Square,E01027804,Scarborough 010A,Unable to prosecute suspect
54cb64187b2c4e06ee1081cd8aba29f51fe8252b9abe978ec4af64e3b6cf3ee6,2025-01,North Yorkshire Police,North Yorkshire Police,-1.724000,54.374667,On or near ,E01034965,Richmondshire 004I,Suspect charged
54cb64187b2c4e06ee1081cd8aba29f51fe8252b9abe978ec4af64e3b6cf3ee6,2025-01,North Yorkshire Police,North Yorkshire Police,-1.724000,54.374667,On or near ,E01034965,Richmondshire 004I,Suspect charged
54cb64187b2c4e06ee1081cd8aba29f51fe8252b9abe978ec4af64e3b6cf3ee6,2025-01,North Yorkshire Police,North Yorkshire Police,-1.724000,54.374667,On or near ,E01034965,Richmondshire 004I,Suspect charged
54cb64187b2c4e06ee1081cd8aba29f51fe8252b9abe978ec4af64e3b6cf3ee6,2025-01,North Yorkshire Police,North Yorkshire Police,-1.724000,54.374667,On or near ,E01034965,Richmondshire 004I,Suspect charged
54cb64187b2c4e06ee1081cd8aba29f51fe8252b9abe978ec4af64e3b6cf3ee6,2025-01,North Yorkshire Police,North Yorkshire Police,-1.724000,54.374667,On or near ,E01034965,Richmondshire 004I,Suspect charged
2d2402e52f9b896b28ed14060de3a94a55a1e7871d0039ef089c8a1d6724edfd,2025-01,North Yorkshire Police,North Yorkshire Police,-1.838406,54.485147,On or near Smithy Green,E01027762,Richmondshire 001F,Suspect charged
2d2402e52f9b896b28ed14060de3a94a55a1e7871d0039ef089c8a1d6724edfd,2025-01,North Yorkshire Police,North Yorkshire Police,-1.838406,54.485147,On or near Smithy Green,E01027762,Richmondshire 001F,Suspect charged
66a12e9a331d232170eb32145fd5b92e46e67631370ad641077ba63a59c3455a,2025-01,North Yorkshire Police,North Yorkshire Police,-1.050983,53.953863,On or near A1079,E01013403,York 015F,Unable to prosecute suspect
66a12e9a331d232170eb32145fd5b92e46e67631370ad641077ba63a59c3455a,2025-01,North Yorkshire Police,North Yorkshire Police,-1.050983,53.953863,On or near A1079,E01013403,York 015F,Unable to prosecute suspect
d8c5d992266a62c013a77273582c9b8552f4373cf7ebc1b1545d5880389c630a,2025-01,North Yorkshire Police,North Yorkshire Police,-1.075693,53.952133,On or near Escrick Street,E01013364,York 019E,Unable to prosecute suspect
106e7b2192ab3128f614d58ec9b3ef5c8afcdc5a5c6759327550f978d7a2efb6,2025-01,North Yorkshire Police,North Yorkshire Police,-1.093194,53.954621,On or near Conference/Exhibition Centre,E01013416,York 013E,Unable to prosecute suspect
2d71340fad00f8ebc6cc1f70981366c4b62fdee00df60776b1b4152d11b0732e,2025-01,North Yorkshire Police,North Yorkshire Police,-1.093194,53.954621,On or near Conference/Exhibition Centre,E01013416,York 013E,Unable to prosecute suspect
65990c61fdf1ef46d3f316f03ac462d7b4a92a8374cfadbcaece4c00f1535d73,2025-01,North Yorkshire Police,North Yorkshire Police,-1.093194,53.954621,On or near Conference/Exhibition Centre,E01013416,York 013E,Unable to prosecute suspect
5df3148174e868db3b26918e87a7f8874fffcebd91e7a7dbe59b832533b69136,2025-01,North Yorkshire Police,North Yorkshire Police,-0.280576,54.188662,On or near Flat Cliffs,E01027833,Scarborough 014E,Unable to prosecute suspect
5df3148174e868db3b26918e87a7f8874fffcebd91e7a7dbe59b832533b69136,2025-01,North Yorkshire Police,North Yorkshire Police,-0.280576,54.188662,On or near Flat Cliffs,E01027833,Scarborough 014E,Unable to prosecute suspect
5df3148174e868db3b26918e87a7f8874fffcebd91e7a7dbe59b832533b69136,2025-01,North Yorkshire Police,North Yorkshire Police,-0.280576,54.188662,On or near Flat Cliffs,E01027833,Scarborough 014E,Unable to prosecute suspect
5df3148174e868db3b26918e87a7f8874fffcebd91e7a7dbe59b832533b69136,2025-01,North Yorkshire Police,North Yorkshire Police,-0.280576,54.188662,On or near Flat Cliffs,E01027833,Scarborough 014E,Unable to prosecute suspect
c9b5070401e7c31bd866f7a5b6b6b5d823c421ae39bec6a87b09302095ed874d,2025-01,North Yorkshire Police,North Yorkshire Police,-1.073568,53.993021,On or near Cherry Tree Avenue,E01013410,York 004D,Unable to prosecute suspect
c9b5070401e7c31bd866f7a5b6b6b5d823c421ae39bec6a87b09302095ed874d,2025-01,North Yorkshire Police,North Yorkshire Police,-1.073568,53.993021,On or near Cherry Tree Avenue,E01013410,York 004D,Unable to prosecute suspect
f5e50ad851cf750d9a1da590b2f3d394b2d60bde1ee52abba08cb3e4451d48bc,2025-01,North Yorkshire Police,North Yorkshire Police,-1.403942,54.100296,On or near Greenholme Close,E01027687,Harrogate 005D,Unable to prosecute suspect
f5e50ad851cf750d9a1da590b2f3d394b2d60bde1ee52abba08cb3e4451d48bc,2025-01,North Yorkshire Police,North Yorkshire Police,-1.403942,54.100296,On or near Greenholme Close,E01027687,Harrogate 005D,Unable to prosecute suspect
bf3188da99706ce49e0d0455420fd22474e6ebac560b89b3f0db7ef2b33f85ff,2025-01,North Yorkshire Police,North Yorkshire Police,-0.402884,54.281982,On or near Aberdeen Place,E01027806,Scarborough 006B,Unable to prosecute suspect
8bbd3045a7eae0f1ad909de5f8adf136d5ca621533aa20dd243a52679b34391d,2025-01,North Yorkshire Police,North Yorkshire Police,-1.543093,53.993735,On or near Parliament Street,E01027678,Harrogate 015E,Investigation complete; no suspect identified
fb32122ee79317e45d5dc70fb05c987c52c13b90ef207319232ae1699e9af895,2025-01,North Yorkshire Police,North Yorkshire Police,-1.566857,54.299086,On or near ,E01027589,Hambleton 006C,Investigation complete; no suspect identified
229947ceb11ecdacb1162495a78f5c8a3244a753d0a65b7905e93e6b7c1fe368,2025-01,North Yorkshire Police,North Yorkshire Police,-1.593475,53.968499,On or near Shaw Lane,E01027734,Harrogate 018C,Unable to prosecute suspect
32d15ae68ec6a8622c19a29681391f6919f519b35d32c1252f78c8eb24dcb959,2025-01,North Yorkshire Police,North Yorkshire Police,-1.526962,54.138428,On or near Trinity Lane,E01027713,Harrogate 002B,Unable to prosecute suspect
32d15ae68ec6a8622c19a29681391f6919f519b35d32c1252f78c8eb24dcb959,2025-01,North Yorkshire Police,North Yorkshire Police,-1.526962,54.138428,On or near Trinity Lane,E01027713,Harrogate 002B,Unable to prosecute suspect
9873556c4b850046ec90a2cf02b8d4c07e097f8a43bdbc810762acf983a1c238,2025-01,North Yorkshire Police,North Yorkshire Police,-0.796883,54.132691,On or near Malton Bus Station,E01027790,Ryedale 010D,Suspect charged
9873556c4b850046ec90a2cf02b8d4c07e097f8a43bdbc810762acf983a1c238,2025-01,North Yorkshire Police,North Yorkshire Police,-0.796883,54.132691,On or near Malton Bus Station,E01027790,Ryedale 010D,Suspect charged
cae5b7b8ead4cef6ab25551c29373b319e408899ed99d604d4146d93fed71ca6,2025-01,North Yorkshire Police,North Yorkshire Police,-1.607355,54.045507,On or near Clint Garth,E01027682,Harrogate 018A,Unable to prosecute suspect
cae5b7b8ead4cef6ab25551c29373b319e408899ed99d604d4146d93fed71ca6,2025-01,North Yorkshire Police,North Yorkshire Police,-1.607355,54.045507,On or near Clint Garth,E01027682,Harrogate 018A,Unable to prosecute suspect
62d5b899f062583311c3be250b25e3a8c2f0451fa867933d8711a972a374daaa,2025-01,North Yorkshire Police,North Yorkshire Police,-1.120971,53.951879,On or near Kingsthorpe,E01013441,York 016E,Offender given a caution
87e525167f02f745aa0f7d5fe4242c04b8aca57587a129914227d9aa591189ef,2025-01,North Yorkshire Police,North Yorkshire Police,-1.049637,53.986927,On or near ,E01013409,York 005C,Unable to prosecute suspect
87e525167f02f745aa0f7d5fe4242c04b8aca57587a129914227d9aa591189ef,2025-01,North Yorkshire Police,North Yorkshire Police,-1.049637,53.986927,On or near ,E01013409,York 005C,Unable to prosecute suspect
87e525167f02f745aa0f7d5fe4242c04b8aca57587a129914227d9aa591189ef,2025-01,North Yorkshire Police,North Yorkshire Police,-1.049637,53.986927,On or near ,E01013409,York 005C,Unable to prosecute suspect
4f2d75790ab7c4225ebdc3e3b4a8f5ee95953f56495fbfe71fb1f01c632ebd07,2025-01,North Yorkshire Police,North Yorkshire Police,-1.277658,54.207618,On or near Park/Open Space,E01027636,Hambleton 009D,Unable to prosecute suspect
4f2d75790ab7c4225ebdc3e3b4a8f5ee95953f56495fbfe71fb1f01c632ebd07,2025-01,North Yorkshire Police,North Yorkshire Police,-1.277658,54.207618,On or near Park/Open Space,E01027636,Hambleton 009D,Unable to prosecute suspect
4c60a9446ae0652d75d17c957e36626795dd8ae7235a868a889d0ba071fc33ce,2025-01,North Yorkshire Police,North Yorkshire Police,-1.133351,53.947187,On or near Thoresby Road,E01013446,York 018D,Investigation complete; no suspect identified
2d45cf1d37e7e9c1fa5c6c5fe9d05a837ccadc552124f06915c2bffdeff260bc,2025-01,North Yorkshire Police,North Yorkshire Police,-2.011590,53.897112,On or near Montagu Close,E01027584,Craven 008F,Unable to prosecute suspect
2d45cf1d37e7e9c1fa5c6c5fe9d05a837ccadc552124f06915c2bffdeff260bc,2025-01,North Yorkshire Police,North Yorkshire Police,-2.011590,53.897112,On or near Montagu Close,E01027584,Craven 008F,Unable to prosecute suspect
b51c33878bbc45f2621ed824c554edfec4aeaf8ed66fc5150acd03f9650c5253,2025-01,North Yorkshire Police,North Yorkshire Police,-1.529779,54.007049,On or near Butler Road,E01027738,Harrogate 010E,Unable to prosecute suspect
b51c33878bbc45f2621ed824c554edfec4aeaf8ed66fc5150acd03f9650c5253,2025-01,North Yorkshire Police,North Yorkshire Police,-1.529779,54.007049,On or near Butler Road,E01027738,Harrogate 010E,Unable to prosecute suspect
40b29988bc28fe11c367be303ad68206b8a676ba45355afdcc85934aad7c63fc,2025-01,North Yorkshire Police,North Yorkshire Police,-1.083246,53.958528,On or near ,E01013366,York 013A,Further action is not in the public interest
40b29988bc28fe11c367be303ad68206b8a676ba45355afdcc85934aad7c63fc,2025-01,North Yorkshire Police,North Yorkshire Police,-1.083246,53.958528,On or near ,E01013366,York 013A,Further action is not in the public interest
40b29988bc28fe11c367be303ad68206b8a676ba45355afdcc85934aad7c63fc,2025-01,North Yorkshire Police,North Yorkshire Police,-1.083246,53.958528,On or near ,E01013366,York 013A,Further action is not in the public interest
163521895b6e2cf25570627e7ae8ca7bdf64d4e0ba4785005f56875c4cf96c1f,2025-01,North Yorkshire Police,North Yorkshire Police,-1.521839,54.131362,On or near Southgate Avenue,E01027706,Harrogate 004B,Unable to prosecute suspect
163521895b6e2cf25570627e7ae8ca7bdf64d4e0ba4785005f56875c4cf96c1f,2025-01,North Yorkshire Police,North Yorkshire Police,-1.521839,54.131362,On or near Southgate Avenue,E01027706,Harrogate 004B,Unable to prosecute suspect
ee56871dd661227fb0fd82e48429bbf9ce2939702af54ba54f8545da34127ed7,2025-01,North Yorkshire Police,North Yorkshire Police,-0.606849,54.483256,On or near ,E01027864,Scarborough 003B,Investigation complete; no suspect identified
577bf239e65bea6eb0f62bfc6d198a3bb230a04cd3fb57241b9188aef7de3af8,2025-01,North Yorkshire Police,North Yorkshire Police,-1.084962,53.961677,On or near Theatre/Concert Hall,E01013366,York 013A,Unable to prosecute suspect
577bf239e65bea6eb0f62bfc6d198a3bb230a04cd3fb57241b9188aef7de3af8,2025-01,North Yorkshire Police,North Yorkshire Police,-1.084962,53.961677,On or near Theatre/Concert Hall,E01013366,York 013A,Unable to prosecute suspect
d415c3982095b5e24418a46571342a002d7178b1c91d5416e7ac39a4f1468ba9,2025-01,North Yorkshire Police,North Yorkshire Police,-1.075316,53.943681,On or near Supermarket,E01013362,York 019C,Unable to prosecute suspect
d415c3982095b5e24418a46571342a002d7178b1c91d5416e7ac39a4f1468ba9,2025-01,North Yorkshire Police,North Yorkshire Police,-1.075316,53.943681,On or near Supermarket,E01013362,York 019C,Unable to prosecute suspect
1aad2e5a65b5ad1b6c60ba4ff1b407ea15a5acb323b64da4f2334a99686a6510,2025-01,North Yorkshire Police,North Yorkshire Police,-1.124478,53.950359,On or near Tudor Road,E01013445,York 016F,Unable to prosecute suspect
1aad2e5a65b5ad1b6c60ba4ff1b407ea15a5acb323b64da4f2334a99686a6510,2025-01,North Yorkshire Police,North Yorkshire Police,-1.124478,53.950359,On or near Tudor Road,E01013445,York 016F,Unable to prosecute suspect
1aad2e5a65b5ad1b6c60ba4ff1b407ea15a5acb323b64da4f2334a99686a6510,2025-01,North Yorkshire Police,North Yorkshire Police,-1.124478,53.950359,On or near Tudor Road,E01013445,York 016F,Unable to prosecute suspect
1aad2e5a65b5ad1b6c60ba4ff1b407ea15a5acb323b64da4f2334a99686a6510,2025-01,North Yorkshire Police,North Yorkshire Police,-1.124478,53.950359,On or near Tudor Road,E01013445,York 016F,Unable to prosecute suspect
a8a20391181df4a84b06d87e715dce88ee44c19206fdd00eecb85997391622ee,2025-01,North Yorkshire Police,North Yorkshire Police,-1.072405,53.946490,On or near Police Station,E01013362,York 019C,Suspect charged
a8a20391181df4a84b06d87e715dce88ee44c19206fdd00eecb85997391622ee,2025-01,North Yorkshire Police,North Yorkshire Police,-1.072405,53.946490,On or near Police Station,E01013362,York 019C,Suspect charged
5b33abe23a6c769f682c6c13fdad36e8f7b3b40fa2b08847e7565b2377bfaa85,2025-01,North Yorkshire Police,North Yorkshire Police,-0.413295,54.280097,On or near Wooler Street,E01027811,Scarborough 008B,Unable to prosecute suspect
5b33abe23a6c769f682c6c13fdad36e8f7b3b40fa2b08847e7565b2377bfaa85,2025-01,North Yorkshire Police,North Yorkshire Police,-0.413295,54.280097,On or near Wooler Street,E01027811,Scarborough 008B,Unable to prosecute suspect
74128281fb063ac16e8feb3fd95dd220f37d2c3c6f8a292279cee4226a35b1ad,2025-01,North Yorkshire Police,North Yorkshire Police,-1.724000,54.374667,On or near ,E01034965,Richmondshire 004I,Unable to prosecute suspect
54a6f9ab4de09d070f990c48c08249f86a64283ded1347766322853208d5486e,2025-01,North Yorkshire Police,North Yorkshire Police,-1.230015,53.762178,On or near Fryston Common Lane,E01027899,Selby 009D,Investigation complete; no suspect identified
54d334643ad394f4453ad3860d387a9ee64965d026406eceb4a3072e4331aa29,2025-01,North Yorkshire Police,North Yorkshire Police,-1.568175,54.004955,On or near Salisbury Drive,E01027720,Harrogate 011C,Unable to prosecute suspect
484ffddd472ee4b2c3909cd31c7c1eb4c0958780515d2a2ea8e155afe032f55c,2025-01,North Yorkshire Police,North Yorkshire Police,-1.080438,53.959476,On or near Little Shambles,E01033070,York 013I,Suspect charged
484ffddd472ee4b2c3909cd31c7c1eb4c0958780515d2a2ea8e155afe032f55c,2025-01,North Yorkshire Police,North Yorkshire Police,-1.080438,53.959476,On or near Little Shambles,E01033070,York 013I,Suspect charged
484ffddd472ee4b2c3909cd31c7c1eb4c0958780515d2a2ea8e155afe032f55c,2025-01,North Yorkshire Police,North Yorkshire Police,-1.080438,53.959476,On or near Little Shambles,E01033070,York 013I,Suspect charged
8b21c89fb05bcb2152583fe42e45df888a4e28aca82b081814a1864f385c738d,2025-01,North Yorkshire Police,North Yorkshire Police,-1.084601,53.960793,On or near Blake Street,E01013366,York 013A,Unable to prosecute suspect
cbae024bde74263255c5d5952e8331359997e576e9810c99e519e07c2340e54d,2025-01,North Yorkshire Police,North Yorkshire Police,-0.794480,54.555416,On or near Staithes Lane,E01027840,Scarborough 002C,Suspect charged
cbae024bde74263255c5d5952e8331359997e576e9810c99e519e07c2340e54d,2025-01,North Yorkshire Police,North Yorkshire Police,-0.794480,54.555416,On or near Staithes Lane,E01027840,Scarborough 002C,Suspect charged
70681d4586f9978192e34ebd57ac53fd400c4141bd1239edf52bff7a4cd0c07d,2025-01,North Yorkshire Police,North Yorkshire Police,-0.795109,54.135792,On or near St Leonard's Close,E01034970,Ryedale 009D,Suspect charged
70681d4586f9978192e34ebd57ac53fd400c4141bd1239edf52bff7a4cd0c07d,2025-01,North Yorkshire Police,North Yorkshire Police,-0.795109,54.135792,On or near St Leonard's Close,E01034970,Ryedale 009D,Suspect charged
5218b599f5ffbc65a64890a57cc29053e2f1a7575c3cd20f84fc08fbd88cc8ae,2025-01,North Yorkshire Police,North Yorkshire Police,-1.072405,53.946490,On or near Police Station,E01013362,York 019C,Offender given a caution
5218b599f5ffbc65a64890a57cc29053e2f1a7575c3cd20f84fc08fbd88cc8ae,2025-01,North Yorkshire Police,North Yorkshire Police,-1.072405,53.946490,On or near Police Station,E01013362,York 019C,Offender given a caution
387bc4402d68f997617f7ed5a3b6d7864bb3ebfd9d3535ec0b1cacea0a1188c7,2025-01,North Yorkshire Police,North Yorkshire Police,-0.613886,54.487018,On or near St Ann's Staith,E01034972,Scarborough 001F,Investigation complete; no suspect identified
8f0adfc4aa001c64c096fd61ed0c4e05ddc7ceab6fbf6d2907ca586289556320,2025-01,North Yorkshire Police,North Yorkshire Police,-0.615190,54.485873,On or near Baxtergate,E01034972,Scarborough 001F,Investigation complete; no suspect identified
312811b43a00b2a7b094b0c6bc32182fe84bfeb2d6da615f1194e478baf895ca,2025-01,North Yorkshire Police,North Yorkshire Police,-0.783013,54.122377,On or near Spring Beck Avenue,E01027791,Ryedale 010C,Unable to prosecute suspect
312811b43a00b2a7b094b0c6bc32182fe84bfeb2d6da615f1194e478baf895ca,2025-01,North Yorkshire Police,North Yorkshire Police,-0.783013,54.122377,On or near Spring Beck Avenue,E01027791,Ryedale 010C,Unable to prosecute suspect
40474790a14b89c48d9ff68fe754622eea1df43853c1ea1888ede2255118a88c,2025-01,North Yorkshire Police,North Yorkshire Police,-1.069651,53.954522,On or near The Tannery,E01013363,York 019D,Investigation complete; no suspect identified
b36e2794e98945d3a2d8b3569a79f895ee5cc76e6aab26b8f92f060fb0c5c970,2025-01,North Yorkshire Police,North Yorkshire Police,-1.540590,53.995227,On or near Granville Road,E01027678,Harrogate 015E,Unable to prosecute suspect
b36e2794e98945d3a2d8b3569a79f895ee5cc76e6aab26b8f92f060fb0c5c970,2025-01,North Yorkshire Police,North Yorkshire Police,-1.540590,53.995227,On or near Granville Road,E01027678,Harrogate 015E,Unable to prosecute suspect
9f8cc91874fbe73314e35d45390948b029acb46dfd1d8e5d71c42cfcbbe8a180,2025-01,North Yorkshire Police,North Yorkshire Police,-1.547349,53.990813,On or near Belmont Road,E01027680,Harrogate 015F,Unable to prosecute suspect
9f8cc91874fbe73314e35d45390948b029acb46dfd1d8e5d71c42cfcbbe8a180,2025-01,North Yorkshire Police,North Yorkshire Police,-1.547349,53.990813,On or near Belmont Road,E01027680,Harrogate 015F,Unable to prosecute suspect
9f8cc91874fbe73314e35d45390948b029acb46dfd1d8e5d71c42cfcbbe8a180,2025-01,North Yorkshire Police,North Yorkshire Police,-1.547349,53.990813,On or near Belmont Road,E01027680,Harrogate 015F,Unable to prosecute suspect
bb89433e8adc4efac0af1361698958f356527ebe35848c237747d381aeb307fc,2025-01,North Yorkshire Police,North Yorkshire Police,-0.334559,54.233036,On or near ,E01027807,Scarborough 011A,Unable to prosecute suspect
bb89433e8adc4efac0af1361698958f356527ebe35848c237747d381aeb307fc,2025-01,North Yorkshire Police,North Yorkshire Police,-0.334559,54.233036,On or near ,E01027807,Scarborough 011A,Unable to prosecute suspect
eb84803d0c74f33682943c4d6b8d24e7059c5b785a797e7e48b55c8058e2e97c,2025-01,North Yorkshire Police,North Yorkshire Police,-0.407348,54.282131,On or near Supermarket,E01027812,Scarborough 008C,Suspect charged
eb84803d0c74f33682943c4d6b8d24e7059c5b785a797e7e48b55c8058e2e97c,2025-01,North Yorkshire Police,North Yorkshire Police,-0.407348,54.282131,On or near Supermarket,E01027812,Scarborough 008C,Suspect charged
509236e3d9201b6be276d2f5c2bb7d752b19aed884b3f82ab08ade608336adc8,2025-01,North Yorkshire Police,North Yorkshire Police,-1.041375,53.797842,On or near Church View,E01027876,Selby 003A,Unable to prosecute suspect
509236e3d9201b6be276d2f5c2bb7d752b19aed884b3f82ab08ade608336adc8,2025-01,North Yorkshire Police,North Yorkshire Police,-1.041375,53.797842,On or near Church View,E01027876,Selby 003A,Unable to prosecute suspect
0c400636773ed5d57c1908e011b7a019afb3d7f7664db02a2bbba697b54cc1ee,2025-01,North Yorkshire Police,North Yorkshire Police,-1.340573,54.235993,On or near Stammergate,E01027631,Hambleton 008C,Unable to prosecute suspect
0c400636773ed5d57c1908e011b7a019afb3d7f7664db02a2bbba697b54cc1ee,2025-01,North Yorkshire Police,North Yorkshire Police,-1.340573,54.235993,On or near Stammergate,E01027631,Hambleton 008C,Unable to prosecute suspect
0de78779e9f61aa71395803d17cf0628187c45a1f145490523782a90d107ab8e,2025-01,North Yorkshire Police,North Yorkshire Police,-2.532158,54.144443,On or near Duke Street,E01027558,Craven 001A,Further action is not in the public interest
0de78779e9f61aa71395803d17cf0628187c45a1f145490523782a90d107ab8e,2025-01,North Yorkshire Police,North Yorkshire Police,-2.532158,54.144443,On or near Duke Street,E01027558,Craven 001A,Further action is not in the public interest
10cf39253bd4d9c2bd8323c5d986e29470e94424000621c21797fad704c61f1c,2025-01,North Yorkshire Police,North Yorkshire Police,-1.539197,54.001216,On or near West Grove Road,E01027692,Harrogate 013E,Unable to prosecute suspect
10cf39253bd4d9c2bd8323c5d986e29470e94424000621c21797fad704c61f1c,2025-01,North Yorkshire Police,North Yorkshire Police,-1.539197,54.001216,On or near West Grove Road,E01027692,Harrogate 013E,Unable to prosecute suspect
723d08b0207ca4ceaa9fb4d2975f944771ecd984a1642cf479cc229417885dd6,2025-01,North Yorkshire Police,North Yorkshire Police,-0.401495,54.280957,On or near Vernon Place,E01027804,Scarborough 010A,Unable to prosecute suspect
34514a374860b78b58d03be3cf6a0bbe40f97597f5f2738f32fdaa0197945d61,2025-01,North Yorkshire Police,North Yorkshire Police,-1.104435,53.964808,On or near Balfour Street,E01013390,York 017A,Investigation complete; no suspect identified
4122ffeb2531277bed257cd8afd8cfb4cb678a8df25e42c4f1207e6a450b19bd,2025-01,North Yorkshire Police,North Yorkshire Police,-0.451522,54.337948,On or near Little Moor Close,E01027836,Scarborough 004E,Offender given a drugs possession warning
4122ffeb2531277bed257cd8afd8cfb4cb678a8df25e42c4f1207e6a450b19bd,2025-01,North Yorkshire Police,North Yorkshire Police,-0.451522,54.337948,On or near Little Moor Close,E01027836,Scarborough 004E,Offender given a drugs possession warning
20fc9077f7080301919ba1b049cdbb9ccdd6936182a76c127f207034be3e15b7,2025-01,North Yorkshire Police,North Yorkshire Police,-1.078090,54.007185,On or near Furnwood,E01013371,York 003A,Further investigation is not in the public interest
64d1963c5bd32eb8b654114816ceb246cd4068f4e11bbac0b067cd85029b30d2,2025-01,North Yorkshire Police,North Yorkshire Police,-1.063028,53.978055,On or near Albert Close,E01013385,York 008C,Unable to prosecute suspect
64d1963c5bd32eb8b654114816ceb246cd4068f4e11bbac0b067cd85029b30d2,2025-01,North Yorkshire Police,North Yorkshire Police,-1.063028,53.978055,On or near Albert Close,E01013385,York 008C,Unable to prosecute suspect
d07a86928dbad7d8ae64a82f46963b3ad441d7b327cd61b51a56820e68e53068,2025-01,North Yorkshire Police,North Yorkshire Police,-1.717161,54.380073,On or near Hipswell Road,E01034965,Richmondshire 004I,Unable to prosecute suspect
ead74e3c45668487230083a3727a91b82db70013e008be42dfae0f146a0208bf,2025-01,North Yorkshire Police,North Yorkshire Police,-1.497665,54.002964,On or near Hillbank Grove,E01027726,Harrogate 014C,Unable to prosecute suspect
3a3f945083e7dc7da1bb8e43fb20f183d4188aaff2d82f7246af2884dee721e9,2025-01,North Yorkshire Police,North Yorkshire Police,-1.394634,54.100996,On or near Weavers Close,E01027687,Harrogate 005D,Unable to prosecute suspect
3a3f945083e7dc7da1bb8e43fb20f183d4188aaff2d82f7246af2884dee721e9,2025-01,North Yorkshire Police,North Yorkshire Police,-1.394634,54.100996,On or near Weavers Close,E01027687,Harrogate 005D,Unable to prosecute suspect
2358025322bc05e7d90051e0b24e70b4d06e61c1ffbee0efcc89e194f2de1a31,2025-01,North Yorkshire Police,North Yorkshire Police,-1.900850,54.257392,On or near Littleside,E01027763,Richmondshire 005C,Unable to prosecute suspect
2358025322bc05e7d90051e0b24e70b4d06e61c1ffbee0efcc89e194f2de1a31,2025-01,North Yorkshire Police,North Yorkshire Police,-1.900850,54.257392,On or near Littleside,E01027763,Richmondshire 005C,Unable to prosecute suspect
263cc3943f113b87168ee1dcb2ec61cd63f3baf9fe10f36725d8eee70793ad72,2025-01,North Yorkshire Police,North Yorkshire Police,-1.135612,53.975179,On or near ,E01013422,York 011B,Unable to prosecute suspect
ccc4ba3a8d6c73260eedbe3feeab6ea76770e30a23a1d5772296e1d7562ef6fb,2025-01,North Yorkshire Police,North Yorkshire Police,-1.061874,53.786166,On or near George Street,E01027878,Selby 005A,Unable to prosecute suspect
ccc4ba3a8d6c73260eedbe3feeab6ea76770e30a23a1d5772296e1d7562ef6fb,2025-01,North Yorkshire Police,North Yorkshire Police,-1.061874,53.786166,On or near George Street,E01027878,Selby 005A,Unable to prosecute suspect
ccc4ba3a8d6c73260eedbe3feeab6ea76770e30a23a1d5772296e1d7562ef6fb,2025-01,North Yorkshire Police,North Yorkshire Police,-1.061874,53.786166,On or near George Street,E01027878,Selby 005A,Unable to prosecute suspect
a970dfd0ca4c092050e6b39bef07e9d57f2b9fd83e84f029530155b1249c7ea7,2025-01,North Yorkshire Police,North Yorkshire Police,-1.129392,53.941910,On or near Oldman Court,E01013448,York 018F,Unable to prosecute suspect
5c9ecb30d4826c1bae818cc7e4b9286a71bbf46e0d6a1389d89d827516701a1b,2025-01,North Yorkshire Police,North Yorkshire Police,-1.541108,53.989755,On or near West Park Street,E01027679,Harrogate 019B,Unable to prosecute suspect
5c9ecb30d4826c1bae818cc7e4b9286a71bbf46e0d6a1389d89d827516701a1b,2025-01,North Yorkshire Police,North Yorkshire Police,-1.541108,53.989755,On or near West Park Street,E01027679,Harrogate 019B,Unable to prosecute suspect
5c9ecb30d4826c1bae818cc7e4b9286a71bbf46e0d6a1389d89d827516701a1b,2025-01,North Yorkshire Police,North Yorkshire Police,-1.541108,53.989755,On or near West Park Street,E01027679,Harrogate 019B,Unable to prosecute suspect
cff58bc039fe492074d72235fe4e5f4c290c77187625e785802929a758b8c0d1,2025-01,North Yorkshire Police,North Yorkshire Police,-1.055094,54.006593,On or near Parking Area,E01013436,York 001A,Further investigation is not in the public interest
45f6b14d935a947f795ecfdde2adadf9f6521ded45da38f1dace172764b981ae,2025-01,North Yorkshire Police,North Yorkshire Police,-1.523357,54.137776,On or near Nightclub,E01027706,Harrogate 004B,Unable to prosecute suspect
2c7f64d131aad71dfda3eeccd63381daee41be112eeff9049deb0995205b330b,2025-01,North Yorkshire Police,North Yorkshire Police,-1.096530,53.984958,On or near ,E01013431,York 006D,Unable to prosecute suspect
a47aeadf7cd5ed1d4d2feddf38f3e0449d145afabddb3c04e95b368980754df2,2025-01,North Yorkshire Police,North Yorkshire Police,-0.973402,53.769307,On or near Hull Road,E01027896,Selby 008D,Suspect charged
a47aeadf7cd5ed1d4d2feddf38f3e0449d145afabddb3c04e95b368980754df2,2025-01,North Yorkshire Police,North Yorkshire Police,-0.973402,53.769307,On or near Hull Road,E01027896,Selby 008D,Suspect charged
7f06fc86af649add9bb7d7cbe67d4b96a708dcb7ade1ced8977dec922a1089df,2025-01,North Yorkshire Police,North Yorkshire Police,-1.078902,53.962781,On or near Monk Bar Court,E01013369,York 013C,Unable to prosecute suspect
7f06fc86af649add9bb7d7cbe67d4b96a708dcb7ade1ced8977dec922a1089df,2025-01,North Yorkshire Police,North Yorkshire Police,-1.078902,53.962781,On or near Monk Bar Court,E01013369,York 013C,Unable to prosecute suspect
7f06fc86af649add9bb7d7cbe67d4b96a708dcb7ade1ced8977dec922a1089df,2025-01,North Yorkshire Police,North Yorkshire Police,-1.078902,53.962781,On or near Monk Bar Court,E01013369,York 013C,Unable to prosecute suspect
75f97caecb899b0fa426221c3d87244d8dd7dea8e219dcf67cf5eac791cf09b9,2025-01,North Yorkshire Police,North Yorkshire Police,-2.016730,53.963217,On or near Mill Bridge,E01027577,Craven 005C,Unable to prosecute suspect
75f97caecb899b0fa426221c3d87244d8dd7dea8e219dcf67cf5eac791cf09b9,2025-01,North Yorkshire Police,North Yorkshire Police,-2.016730,53.963217,On or near Mill Bridge,E01027577,Craven 005C,Unable to prosecute suspect
5c7a4ba5dc2b129bba7a834180e10c6a2d60688ed2f0c6cf3f987bd967cc3e24,2025-01,North Yorkshire Police,North Yorkshire Police,-0.785190,54.241940,On or near West Pasture,E01027795,Ryedale 002D,Suspect charged
5c7a4ba5dc2b129bba7a834180e10c6a2d60688ed2f0c6cf3f987bd967cc3e24,2025-01,North Yorkshire Police,North Yorkshire Police,-0.785190,54.241940,On or near West Pasture,E01027795,Ryedale 002D,Suspect charged
5ec557e30f906b0fc5d99aa2118932966dab7cfcf6ac651877a238b4f701c14c,2025-01,North Yorkshire Police,North Yorkshire Police,-1.076003,53.954643,On or near Lead Mill Lane,E01033070,York 013I,Further investigation is not in the public interest
9399bb2ec6484e7cb5aadf08a0ed19d133ff24f3371cc19d6172448f3536e7bf,2025-01,North Yorkshire Police,North Yorkshire Police,-1.267567,53.886297,On or near Wharfedale Crescent,E01027919,Selby 001B,Suspect charged
9399bb2ec6484e7cb5aadf08a0ed19d133ff24f3371cc19d6172448f3536e7bf,2025-01,North Yorkshire Police,North Yorkshire Police,-1.267567,53.886297,On or near Wharfedale Crescent,E01027919,Selby 001B,Suspect charged
c16dd686c9c7b6a63f67cb9a1d948998abe0cc752d1082830be79602da55c7e5,2025-01,North Yorkshire Police,North Yorkshire Police,-1.293700,54.029092,On or near Thorpe Green Lane,E01027696,Harrogate 016D,Unable to prosecute suspect
d1bfb65e7a020327d09aaacabb2a0ee7c6e3dcf70359eb28cd0680d4b550aa14,2025-01,North Yorkshire Police,North Yorkshire Police,-1.073719,53.782456,On or near Ebor Street,E01027908,Selby 005D,Suspect charged
d1bfb65e7a020327d09aaacabb2a0ee7c6e3dcf70359eb28cd0680d4b550aa14,2025-01,North Yorkshire Police,North Yorkshire Police,-1.073719,53.782456,On or near Ebor Street,E01027908,Selby 005D,Suspect charged
6c8796e32de1d7a227bfd773331ea0451d3aabe35631cf057335a798ac48cb39,2025-01,North Yorkshire Police,North Yorkshire Police,-1.072405,53.946490,On or near Police Station,E01013362,York 019C,Further investigation is not in the public interest
c189e0fa6db076b636e4c537ec8d97e44d30613a1f2c69e6f1dac69aa33a42b1,2025-01,North Yorkshire Police,North Yorkshire Police,-1.080632,53.959658,On or near Newgate,E01033070,York 013I,Unable to prosecute suspect
c189e0fa6db076b636e4c537ec8d97e44d30613a1f2c69e6f1dac69aa33a42b1,2025-01,North Yorkshire Police,North Yorkshire Police,-1.080632,53.959658,On or near Newgate,E01033070,York 013I,Unable to prosecute suspect
0be6c067250b98c31b2f75d40857953a2929836085e8d4406428e5a70f64e9e0,2025-01,North Yorkshire Police,North Yorkshire Police,-1.068879,53.958399,On or near Supermarket,E01033067,York 013F,Formal action is not in the public interest
0be6c067250b98c31b2f75d40857953a2929836085e8d4406428e5a70f64e9e0,2025-01,North Yorkshire Police,North Yorkshire Police,-1.068879,53.958399,On or near Supermarket,E01033067,York 013F,Formal action is not in the public interest
4d3eb765d5de7a0abc985cc84842da7ef9325af73161446099a25d5002a36f47,2025-01,North Yorkshire Police,North Yorkshire Police,-1.741973,54.405589,On or near Wellington Place,E01027770,Richmondshire 002F,Investigation complete; no suspect identified
02e69b76224113ac56e37bed023b2f64eddacd315962f1670e0959339b007826,2025-01,North Yorkshire Police,North Yorkshire Police,-1.112591,53.988453,On or near Village Street,E01013429,York 006B,Local resolution
189234e65ab4303b39f8bcadc2c62b6ec36cea6ac1af76d27088c81c6a93a8e7,2025-01,North Yorkshire Police,North Yorkshire Police,-1.114397,53.986021,On or near Manor Way,E01013433,York 007D,Unable to prosecute suspect
189234e65ab4303b39f8bcadc2c62b6ec36cea6ac1af76d27088c81c6a93a8e7,2025-01,North Yorkshire Police,North Yorkshire Police,-1.114397,53.986021,On or near Manor Way,E01013433,York 007D,Unable to prosecute suspect
95642365accd2bfae8b133b3caec3957872eddd5545bf2fce40c48752834bdae,2025-01,North Yorkshire Police,North Yorkshire Police,-1.067527,53.952753,On or near Daysfoot Court,E01013363,York 019D,Unable to prosecute suspect
95642365accd2bfae8b133b3caec3957872eddd5545bf2fce40c48752834bdae,2025-01,North Yorkshire Police,North Yorkshire Police,-1.067527,53.952753,On or near Daysfoot Court,E01013363,York 019D,Unable to prosecute suspect
9a1d6eafe56382472b848ebc558f677fb1b0d68c808137e0a8bdf2be4a413498,2025-01,North Yorkshire Police,North Yorkshire Police,-0.422671,54.293595,On or near Supermarket,E01027845,Scarborough 005D,Suspect charged as part of another case
9a1d6eafe56382472b848ebc558f677fb1b0d68c808137e0a8bdf2be4a413498,2025-01,North Yorkshire Police,North Yorkshire Police,-0.422671,54.293595,On or near Supermarket,E01027845,Scarborough 005D,Suspect charged as part of another case
60c323b0e1b221c5ad90cb8b916ea2e17fddaed894b8fc9fdb536bdd5ed57d7c,2025-01,North Yorkshire Police,North Yorkshire Police,-1.076323,53.958816,On or near Carmelite Street,E01033070,York 013I,Suspect charged
60c323b0e1b221c5ad90cb8b916ea2e17fddaed894b8fc9fdb536bdd5ed57d7c,2025-01,North Yorkshire Police,North Yorkshire Police,-1.076323,53.958816,On or near Carmelite Street,E01033070,York 013I,Suspect charged
edef0acdb51843313ca772604a3914b803a89946796cf79bef7933578508b5b2,2025-01,North Yorkshire Police,North Yorkshire Police,-1.541973,53.992904,On or near Cambridge Crescent,E01027679,Harrogate 019B,Unable to prosecute suspect
5d89fd869e5c693c3b130d50dcb71ef6e15ddd4547266167acca39911b8a1e21,2025-01,North Yorkshire Police,North Yorkshire Police,-1.088636,53.968671,On or near Grosvenor Road,E01013344,York 007A,Unable to prosecute suspect
5d89fd869e5c693c3b130d50dcb71ef6e15ddd4547266167acca39911b8a1e21,2025-01,North Yorkshire Police,North Yorkshire Police,-1.088636,53.968671,On or near Grosvenor Road,E01013344,York 007A,Unable to prosecute suspect
5dea01bdcf58298a8fed57838675a59c4ece84cfc573078627ef811795da5f0c,2025-01,North Yorkshire Police,North Yorkshire Police,-1.184244,54.468538,On or near Glebe Road,E01027623,Hambleton 001D,Unable to prosecute suspect
72514f83a4131bf476398e7d03b468f7003b9cf6498046da3624620b6a85969a,2025-01,North Yorkshire Police,North Yorkshire Police,-1.522301,54.137772,On or near Finkle Close,E01027706,Harrogate 004B,Suspect charged
72514f83a4131bf476398e7d03b468f7003b9cf6498046da3624620b6a85969a,2025-01,North Yorkshire Police,North Yorkshire Police,-1.522301,54.137772,On or near Finkle Close,E01027706,Harrogate 004B,Suspect charged
1d8cb4f8bf94ba10117a1f0e3714e2f5dc284af8b43adf32e242ebb8cbd72799,2025-01,North Yorkshire Police,North Yorkshire Police,-1.072425,53.962740,On or near Supermarket,E01013383,York 010D,Unable to prosecute suspect
1d8cb4f8bf94ba10117a1f0e3714e2f5dc284af8b43adf32e242ebb8cbd72799,2025-01,North Yorkshire Police,North Yorkshire Police,-1.072425,53.962740,On or near Supermarket,E01013383,York 010D,Unable to prosecute suspect
c13ea590a1b7bd3d7cdba43fd81568749e5c4c161dce6421771c21ead64dc5f7,2025-01,North Yorkshire Police,North Yorkshire Police,-1.528887,53.972541,On or near Almsford Avenue,E01027697,Harrogate 017E,Further action is not in the public interest
c13ea590a1b7bd3d7cdba43fd81568749e5c4c161dce6421771c21ead64dc5f7,2025-01,North Yorkshire Police,North Yorkshire Police,-1.528887,53.972541,On or near Almsford Avenue,E01027697,Harrogate 017E,Further action is not in the public interest
68f5b506096d5c713c4fe12d5b9b42a89bf400fd2e921c1800a497b82c31c1f3,2025-01,North Yorkshire Police,North Yorkshire Police,-1.183013,54.117415,On or near Partridge Road,E01027595,Hambleton 010B,Unable to prosecute suspect
68f5b506096d5c713c4fe12d5b9b42a89bf400fd2e921c1800a497b82c31c1f3,2025-01,North Yorkshire Police,North Yorkshire Police,-1.183013,54.117415,On or near Partridge Road,E01027595,Hambleton 010B,Unable to prosecute suspect
6848757d17f2b619d6d065e8d49082a22842861fbfd737e6aeca850e794efeac,2025-01,North Yorkshire Police,North Yorkshire Police,-1.522301,54.137772,On or near Finkle Close,E01027706,Harrogate 004B,Suspect charged
6848757d17f2b619d6d065e8d49082a22842861fbfd737e6aeca850e794efeac,2025-01,North Yorkshire Police,North Yorkshire Police,-1.522301,54.137772,On or near Finkle Close,E01027706,Harrogate 004B,Suspect charged
a1c2f55e61e25fe641f006ffbd82c5223577eefe66a3a7153322cf56804844a4,2025-01,North Yorkshire Police,North Yorkshire Police,-1.068338,53.955321,On or near Brinkworth Terrace,E01033067,York 013F,Unable to prosecute suspect
2dae1aa0055db6ecd7cde8407c6c8805ce21275d600270753a30471f8305a288,2025-01,North Yorkshire Police,North Yorkshire Police,-1.422082,54.339550,On or near Ashlands Road,E01027609,Hambleton 012D,Further investigation is not in the public interest
cd01f23c93eb3675f315819171a6cfb91b93148d3be92e8e43d126c955c1f568,2025-01,North Yorkshire Police,North Yorkshire Police,-2.015081,53.956908,On or near Trinity Mews,E01027578,Craven 006A,Unable to prosecute suspect
cd01f23c93eb3675f315819171a6cfb91b93148d3be92e8e43d126c955c1f568,2025-01,North Yorkshire Police,North Yorkshire Police,-2.015081,53.956908,On or near Trinity Mews,E01027578,Craven 006A,Unable to prosecute suspect
952cb3b4a3e8f0ece1f4a701f5a07a2be3b5d239ee1378c11049cce906aa52d8,2025-01,North Yorkshire Police,North Yorkshire Police,-1.085481,53.958167,On or near North Street,E01033068,York 013G,Investigation complete; no suspect identified
92845c0a2356fd9618617539cd3e0be9a2490057d5a90ca0f19e46eef170cb19,2025-01,North Yorkshire Police,North Yorkshire Police,-1.087626,53.959055,On or near Parking Area,E01033068,York 013G,Suspect charged
92845c0a2356fd9618617539cd3e0be9a2490057d5a90ca0f19e46eef170cb19,2025-01,North Yorkshire Police,North Yorkshire Police,-1.087626,53.959055,On or near Parking Area,E01033068,York 013G,Suspect charged
92845c0a2356fd9618617539cd3e0be9a2490057d5a90ca0f19e46eef170cb19,2025-01,North Yorkshire Police,North Yorkshire Police,-1.087626,53.959055,On or near Parking Area,E01033068,York 013G,Suspect charged
92845c0a2356fd9618617539cd3e0be9a2490057d5a90ca0f19e46eef170cb19,2025-01,North Yorkshire Police,North Yorkshire Police,-1.087626,53.959055,On or near Parking Area,E01033068,York 013G,Suspect charged
0ec1d3eeeb7572417c49f74631ab5748acc3e6df68ad1b78f98c76a25dc2348f,2025-01,North Yorkshire Police,North Yorkshire Police,-1.132134,54.488433,On or near Parking Area,E01027597,Hambleton 001B,Unable to prosecute suspect
1490268b339ee66f5d9169a036f5849eaf6eec8f3cb44fb0fb2ee0a3929c4267,2025-01,North Yorkshire Police,North Yorkshire Police,-0.401638,54.285606,On or near Regent Street,E01027847,Scarborough 006D,Local resolution
1490268b339ee66f5d9169a036f5849eaf6eec8f3cb44fb0fb2ee0a3929c4267,2025-01,North Yorkshire Police,North Yorkshire Police,-0.401638,54.285606,On or near Regent Street,E01027847,Scarborough 006D,Local resolution
68c1aff69429510f4c55764637b6c5415c94266f1899d930607527cc44c99639,2025-01,North Yorkshire Police,North Yorkshire Police,-0.415705,54.276129,On or near Seamer Road Corner,E01027862,Scarborough 008E,Unable to prosecute suspect
68c1aff69429510f4c55764637b6c5415c94266f1899d930607527cc44c99639,2025-01,North Yorkshire Police,North Yorkshire Police,-0.415705,54.276129,On or near Seamer Road Corner,E01027862,Scarborough 008E,Unable to prosecute suspect
e0c83dd0d1882a4e3ea229b71e4f8f0b5dd8f8973844351a2e87aea48c1ef037,2025-01,North Yorkshire Police,North Yorkshire Police,-1.085374,53.953330,On or near Price's Lane,E01013418,York 019F,Unable to prosecute suspect
4af04fef8fd7ccccdfeb95bbefbc66a1e8da29caaeb8241c67045a3fdeb1cf7d,2025-01,North Yorkshire Police,North Yorkshire Police,-0.411428,54.279497,On or near Roscoe Street,E01027812,Scarborough 008C,Offender given a caution
4af04fef8fd7ccccdfeb95bbefbc66a1e8da29caaeb8241c67045a3fdeb1cf7d,2025-01,North Yorkshire Police,North Yorkshire Police,-0.411428,54.279497,On or near Roscoe Street,E01027812,Scarborough 008C,Offender given a caution
e980fc2a3e2e83f7dabb3e70b19a5c4a5de6592cba388ac36fca248063a9dc9b,2025-01,North Yorkshire Police,North Yorkshire Police,-1.101163,53.976629,On or near Linden Grove,E01013435,York 006E,Unable to prosecute suspect
88b84707006e1702ae13b0ef26052e15192f35cf5d07532fde8192f32cfb7e22,2025-01,North Yorkshire Police,North Yorkshire Police,-1.216002,54.466735,On or near Croft Hills,E01027626,Hambleton 002D,Unable to prosecute suspect
6f4d89e13fcacb59dc5dfe7545910ff512ae8a996ea98fbb384b812e04a05e68,2025-01,North Yorkshire Police,North Yorkshire Police,-1.522301,54.137772,On or near Finkle Close,E01027706,Harrogate 004B,Suspect charged
4ebf29667d41887a15f91622b7ca5c134f92c4e524a09c6d3943b80a06ae2532,2025-01,North Yorkshire Police,North Yorkshire Police,-1.078355,53.959245,On or near Parking Area,E01033067,York 013F,Unable to prosecute suspect
4ebf29667d41887a15f91622b7ca5c134f92c4e524a09c6d3943b80a06ae2532,2025-01,North Yorkshire Police,North Yorkshire Police,-1.078355,53.959245,On or near Parking Area,E01033067,York 013F,Unable to prosecute suspect
6038f3820b9d4405e48d26b1e491dac2669a075725dc4c4eda63bd9cc992002a,2025-01,North Yorkshire Police,North Yorkshire Police,-1.128645,53.948547,On or near Parking Area,E01013447,York 018E,Unable to prosecute suspect
6038f3820b9d4405e48d26b1e491dac2669a075725dc4c4eda63bd9cc992002a,2025-01,North Yorkshire Police,North Yorkshire Police,-1.128645,53.948547,On or near Parking Area,E01013447,York 018E,Unable to prosecute suspect
a83c3984ad69d77545d5a025a12a37d18f20e69e91f365ae1bc67b2966a421c9,2025-01,North Yorkshire Police,North Yorkshire Police,-1.780846,53.937430,On or near Smithy Lane,E01027735,Harrogate 018D,Investigation complete; no suspect identified
ddf265b7ea225a92e3d5132b85d0f01b7b4f7afde6d22ac2b675636f88733bbe,2025-01,North Yorkshire Police,North Yorkshire Police,-1.590200,54.284804,On or near College Court,E01027587,Hambleton 006A,Offender given a caution
ddf265b7ea225a92e3d5132b85d0f01b7b4f7afde6d22ac2b675636f88733bbe,2025-01,North Yorkshire Police,North Yorkshire Police,-1.590200,54.284804,On or near College Court,E01027587,Hambleton 006A,Offender given a caution
c994f36f04f59e1f12b927f25c855171df86203b6eb5a9040a4bf8feb4ddc827,2025-01,North Yorkshire Police,North Yorkshire Police,-1.530731,53.977995,On or near Coronation Grove,E01027698,Harrogate 020C,Investigation complete; no suspect identified
f963d67dc7cf13c5ca118e70f3ba57709f11412e6027e544473ae1667ddf59cb,2025-01,North Yorkshire Police,North Yorkshire Police,-0.477252,54.293505,On or near Keld Runnels Road,E01027857,Scarborough 004F,Unable to prosecute suspect
f963d67dc7cf13c5ca118e70f3ba57709f11412e6027e544473ae1667ddf59cb,2025-01,North Yorkshire Police,North Yorkshire Police,-0.477252,54.293505,On or near Keld Runnels Road,E01027857,Scarborough 004F,Unable to prosecute suspect
bd2d5ae2ec10b5e9cf64a32e03de3360b489aab0b6e4787ab820a849a0603c47,2025-01,North Yorkshire Police,North Yorkshire Police,-1.096575,53.978662,On or near Water Lane,E01013428,York 006A,Investigation complete; no suspect identified
90660e809eef68c6ff740398756fefe342de8110c91243703a7deb63ad87aa63,2025-01,North Yorkshire Police,North Yorkshire Police,-1.068316,53.962448,On or near Faber Street,E01013383,York 010D,Suspect charged
90660e809eef68c6ff740398756fefe342de8110c91243703a7deb63ad87aa63,2025-01,North Yorkshire Police,North Yorkshire Police,-1.068316,53.962448,On or near Faber Street,E01013383,York 010D,Suspect charged
04d1bdd1a2c7e497170e3390229213a0380f6850734597acf7c5a72360281e96,2025-01,North Yorkshire Police,North Yorkshire Police,-0.403362,54.237493,On or near ,E01027807,Scarborough 011A,Local resolution
6f4d89e13fcacb59dc5dfe7545910ff512ae8a996ea98fbb384b812e04a05e68,2025-01,North Yorkshire Police,North Yorkshire Police,-1.522301,54.137772,On or near Finkle Close,E01027706,Harrogate 004B,Suspect charged
804d5a5d7bf12f103799603683fc7963e62a4074fae39ce550c1d247c5fbeeb7,2025-01,North Yorkshire Police,North Yorkshire Police,-1.536603,54.137180,On or near Aislabie Close,E01027713,Harrogate 002B,Further action is not in the public interest
78c9091fd5a4e67221bcc9072fbd38c91badc346647724aebc0fc4fd3057b0be,2025-01,North Yorkshire Police,North Yorkshire Police,-1.075962,53.968933,On or near Amber Street,E01013368,York 010B,Unable to prosecute suspect
78c9091fd5a4e67221bcc9072fbd38c91badc346647724aebc0fc4fd3057b0be,2025-01,North Yorkshire Police,North Yorkshire Police,-1.075962,53.968933,On or near Amber Street,E01013368,York 010B,Unable to prosecute suspect
78c9091fd5a4e67221bcc9072fbd38c91badc346647724aebc0fc4fd3057b0be,2025-01,North Yorkshire Police,North Yorkshire Police,-1.075962,53.968933,On or near Amber Street,E01013368,York 010B,Unable to prosecute suspect
578d418e28cc168ebc53e75a4ad3dd0039d4f7ea5af61feddb46129df0593841,2025-01,North Yorkshire Police,North Yorkshire Police,-2.000375,53.961762,On or near Sunmoor Court,E01027574,Craven 005A,Unable to prosecute suspect
578d418e28cc168ebc53e75a4ad3dd0039d4f7ea5af61feddb46129df0593841,2025-01,North Yorkshire Police,North Yorkshire Police,-2.000375,53.961762,On or near Sunmoor Court,E01027574,Craven 005A,Unable to prosecute suspect
828d73298b22d037ccfb60a95e3151d71f4877a27f7ad8622cad530ef6313ec9,2025-01,North Yorkshire Police,North Yorkshire Police,-1.128066,53.941936,On or near Bradley Drive,E01013448,York 018F,Unable to prosecute suspect
828d73298b22d037ccfb60a95e3151d71f4877a27f7ad8622cad530ef6313ec9,2025-01,North Yorkshire Police,North Yorkshire Police,-1.128066,53.941936,On or near Bradley Drive,E01013448,York 018F,Unable to prosecute suspect
61e80ad002dccc8ce9ce083ddebe93868f54b0069fabe076cd14964c7eb45b38,2025-01,North Yorkshire Police,North Yorkshire Police,-1.128066,53.941936,On or near Bradley Drive,E01013448,York 018F,Unable to prosecute suspect
61e80ad002dccc8ce9ce083ddebe93868f54b0069fabe076cd14964c7eb45b38,2025-01,North Yorkshire Police,North Yorkshire Police,-1.128066,53.941936,On or near Bradley Drive,E01013448,York 018F,Unable to prosecute suspect
a4d501b7370d75a40cc4aed400fbc294f038b2d3afdc366ad1881264c7161e6f,2025-01,North Yorkshire Police,North Yorkshire Police,-1.104071,53.991923,On or near ,E01013429,York 006B,Unable to prosecute suspect
a4d501b7370d75a40cc4aed400fbc294f038b2d3afdc366ad1881264c7161e6f,2025-01,North Yorkshire Police,North Yorkshire Police,-1.104071,53.991923,On or near ,E01013429,York 006B,Unable to prosecute suspect
d3433d437a34910c51fd9844715dbce1e8511e3411498a8755247d5ccb1c537c,2025-01,North Yorkshire Police,North Yorkshire Police,-0.782442,54.129841,On or near Winston Court,E01027788,Ryedale 010B,Further action is not in the public interest
d3433d437a34910c51fd9844715dbce1e8511e3411498a8755247d5ccb1c537c,2025-01,North Yorkshire Police,North Yorkshire Police,-0.782442,54.129841,On or near Winston Court,E01027788,Ryedale 010B,Further action is not in the public interest
fa7d91488e3eb4c7484f17f7c2ee8e6df106955c4fc3aad50cb70e137ebdaf02,2025-01,North Yorkshire Police,North Yorkshire Police,-2.000375,53.961762,On or near Sunmoor Court,E01027574,Craven 005A,Unable to prosecute suspect
fa7d91488e3eb4c7484f17f7c2ee8e6df106955c4fc3aad50cb70e137ebdaf02,2025-01,North Yorkshire Police,North Yorkshire Police,-2.000375,53.961762,On or near Sunmoor Court,E01027574,Craven 005A,Unable to prosecute suspect
4d0daa762e1e0bb66e81bdae3ab7d7723e1da2e1bd832bb54843f6990e728aab,2025-01,North Yorkshire Police,North Yorkshire Police,-1.285527,53.745606,On or near Top House Farm Mews,E01027891,Selby 009A,Unable to prosecute suspect
82458c9d454b9b2f2ad41593f4bcd03c40924d41d035e451d6f79951fb1c9659,2025-01,North Yorkshire Police,North Yorkshire Police,-1.192285,54.114251,On or near Driffield Avenue,E01027595,Hambleton 010B,Unable to prosecute suspect
82458c9d454b9b2f2ad41593f4bcd03c40924d41d035e451d6f79951fb1c9659,2025-01,North Yorkshire Police,North Yorkshire Police,-1.192285,54.114251,On or near Driffield Avenue,E01027595,Hambleton 010B,Unable to prosecute suspect
0b27aa5b76e5086594da7850c978953532ed57c49d484583fdb8f23257f58dba,2025-01,North Yorkshire Police,North Yorkshire Police,-1.439272,54.344043,On or near Supermarket,E01034962,Hambleton 012B,Suspect charged
0b27aa5b76e5086594da7850c978953532ed57c49d484583fdb8f23257f58dba,2025-01,North Yorkshire Police,North Yorkshire Police,-1.439272,54.344043,On or near Supermarket,E01034962,Hambleton 012B,Suspect charged
0b27aa5b76e5086594da7850c978953532ed57c49d484583fdb8f23257f58dba,2025-01,North Yorkshire Police,North Yorkshire Police,-1.439272,54.344043,On or near Supermarket,E01034962,Hambleton 012B,Suspect charged
070590c83d87e446e40b79e81499c00aa7206d20c0dd5b08a511e3ca72f53a9a,2025-01,North Yorkshire Police,North Yorkshire Police,-1.350673,54.237756,On or near ,E01027632,Hambleton 008D,Suspect charged
1bc3174be1e1f0a6c3c04a6dfb11629956713916112c610a5f1bf7facda182ab,2025-01,North Yorkshire Police,North Yorkshire Police,-1.684412,54.382382,On or near Highstead Way,E01027749,Richmondshire 004A,Unable to prosecute suspect
1bc3174be1e1f0a6c3c04a6dfb11629956713916112c610a5f1bf7facda182ab,2025-01,North Yorkshire Police,North Yorkshire Police,-1.684412,54.382382,On or near Highstead Way,E01027749,Richmondshire 004A,Unable to prosecute suspect
8e3a8f8344d37a4a3bfba88b925a14996d6caea4393aa53664f15b7c909503ac,2025-01,North Yorkshire Police,North Yorkshire Police,-1.069651,53.954522,On or near The Tannery,E01013363,York 019D,Unable to prosecute suspect
8e3a8f8344d37a4a3bfba88b925a14996d6caea4393aa53664f15b7c909503ac,2025-01,North Yorkshire Police,North Yorkshire Police,-1.069651,53.954522,On or near The Tannery,E01013363,York 019D,Unable to prosecute suspect
9f0707e5716327f07eaaeeaccc1610708b90195db248bf291a12ae5f91428440,2025-01,North Yorkshire Police,North Yorkshire Police,-1.080180,53.971887,On or near Vyner Street,E01013343,York 009A,Unable to prosecute suspect
e1650ced3040da4f03b2f6b71385e2e32cc4fbe5e28a4627261a3460f031dbdd,2025-01,North Yorkshire Police,North Yorkshire Police,-1.438680,54.342783,On or near Tannery Lane,E01034962,Hambleton 012B,Suspect charged
e1650ced3040da4f03b2f6b71385e2e32cc4fbe5e28a4627261a3460f031dbdd,2025-01,North Yorkshire Police,North Yorkshire Police,-1.438680,54.342783,On or near Tannery Lane,E01034962,Hambleton 012B,Suspect charged
b9682885e3100f2bc94723509e1120bf8e9615168f64d31d0c687ce95fd03cc2,2025-01,North Yorkshire Police,North Yorkshire Police,-1.517573,53.993807,On or near Hospital,E01027649,Harrogate 013A,Unable to prosecute suspect
fd438176cbed46c681d74eca36be0d236d54a29d5bca8a701c2eab9d1db047a9,2025-01,North Yorkshire Police,North Yorkshire Police,-1.124431,53.945307,On or near Chesney Fields,E01013443,York 018B,Suspect charged
fd438176cbed46c681d74eca36be0d236d54a29d5bca8a701c2eab9d1db047a9,2025-01,North Yorkshire Police,North Yorkshire Police,-1.124431,53.945307,On or near Chesney Fields,E01013443,York 018B,Suspect charged
fd438176cbed46c681d74eca36be0d236d54a29d5bca8a701c2eab9d1db047a9,2025-01,North Yorkshire Police,North Yorkshire Police,-1.124431,53.945307,On or near Chesney Fields,E01013443,York 018B,Suspect charged
7cf77b85692cfb9479feac66867d9cc0dceced69cd97b887af7861ec25ec7bac,2025-01,North Yorkshire Police,North Yorkshire Police,-1.568175,54.004955,On or near Salisbury Drive,E01027720,Harrogate 011C,Unable to prosecute suspect
9e0c33e323b8eb8c0f77d96a1063c86d57b85e32b6f7841a627ce44afed469cd,2025-01,North Yorkshire Police,North Yorkshire Police,-1.069252,53.784722,On or near Robert Street,E01027909,Selby 005E,Unable to prosecute suspect
5a4ac0792b77ee85902774d2bffbd54f73381127eb4c6682fb42bf32f70f0345,2025-01,North Yorkshire Police,North Yorkshire Police,-1.461342,54.019291,On or near Beech Grove,E01027675,Harrogate 007D,Suspect charged
5a4ac0792b77ee85902774d2bffbd54f73381127eb4c6682fb42bf32f70f0345,2025-01,North Yorkshire Police,North Yorkshire Police,-1.461342,54.019291,On or near Beech Grove,E01027675,Harrogate 007D,Suspect charged
51fc2ff46aa30c374149aaae9eac6e278607e64c40c57013395e5f634747bd78,2025-01,North Yorkshire Police,North Yorkshire Police,-0.840084,54.131201,On or near Braygate Street,E01027774,Ryedale 007A,Suspect charged
51fc2ff46aa30c374149aaae9eac6e278607e64c40c57013395e5f634747bd78,2025-01,North Yorkshire Police,North Yorkshire Police,-0.840084,54.131201,On or near Braygate Street,E01027774,Ryedale 007A,Suspect charged
51fc2ff46aa30c374149aaae9eac6e278607e64c40c57013395e5f634747bd78,2025-01,North Yorkshire Police,North Yorkshire Police,-0.840084,54.131201,On or near Braygate Street,E01027774,Ryedale 007A,Suspect charged
51fc2ff46aa30c374149aaae9eac6e278607e64c40c57013395e5f634747bd78,2025-01,North Yorkshire Police,North Yorkshire Police,-0.840084,54.131201,On or near Braygate Street,E01027774,Ryedale 007A,Suspect charged
17304a0b05cdfd014f019045aefc1c0a7ae6cfc58302bebfbb08d88cebae3b91,2025-01,North Yorkshire Police,North Yorkshire Police,-1.522301,54.137772,On or near Finkle Close,E01027706,Harrogate 004B,Unable to prosecute suspect
17304a0b05cdfd014f019045aefc1c0a7ae6cfc58302bebfbb08d88cebae3b91,2025-01,North Yorkshire Police,North Yorkshire Police,-1.522301,54.137772,On or near Finkle Close,E01027706,Harrogate 004B,Unable to prosecute suspect
fa09f3cc3e4066970157464ae44b71add6888660f0ff1766bbe4fd5d3a97bbd5,2025-01,North Yorkshire Police,North Yorkshire Police,-1.532771,54.124107,On or near Oak Road,E01027710,Harrogate 004F,Unable to prosecute suspect
48f3bcc0ea156ba6cab627b98880d02f7c5f82cc068a46ad072a72ce3365ca08,2025-01,North Yorkshire Police,North Yorkshire Police,-1.271354,53.878518,On or near Golf Links Avenue,E01027921,Selby 001D,Investigation complete; no suspect identified
09737274f6433bc819ed607ec9edca0440f8e18926b7c794fc86338772e7d04b,2025-01,North Yorkshire Police,North Yorkshire Police,-1.106825,53.987781,On or near Gillingwood Road,E01013429,York 006B,Unable to prosecute suspect
09737274f6433bc819ed607ec9edca0440f8e18926b7c794fc86338772e7d04b,2025-01,North Yorkshire Police,North Yorkshire Police,-1.106825,53.987781,On or near Gillingwood Road,E01013429,York 006B,Unable to prosecute suspect
c348eaa6aaf20478c0e2967a39ba56ad08a86047028d370389e6a55c1e42ffbd,2025-01,North Yorkshire Police,North Yorkshire Police,-1.426622,54.342717,On or near Forest Road,E01027612,Hambleton 013A,Unable to prosecute suspect
c348eaa6aaf20478c0e2967a39ba56ad08a86047028d370389e6a55c1e42ffbd,2025-01,North Yorkshire Police,North Yorkshire Police,-1.426622,54.342717,On or near Forest Road,E01027612,Hambleton 013A,Unable to prosecute suspect
63ba9fae5978e424a5c59e259eaa8fc9864143ccec4fd173008a3a54d7325b84,2025-01,North Yorkshire Police,North Yorkshire Police,-0.775863,54.128749,On or near Wayfarings Close,E01034971,Ryedale 009E,Unable to prosecute suspect
63ba9fae5978e424a5c59e259eaa8fc9864143ccec4fd173008a3a54d7325b84,2025-01,North Yorkshire Police,North Yorkshire Police,-0.775863,54.128749,On or near Wayfarings Close,E01034971,Ryedale 009E,Unable to prosecute suspect
5e3fb5dbd81c5f1654ad6d89c5776e4c310f2118df1c809362f4a78810ced15e,2025-01,North Yorkshire Police,North Yorkshire Police,-1.071475,53.956109,On or near Speculation Street,E01033067,York 013F,Investigation complete; no suspect identified
028cc14972031f06c68add9e86297f29ac142225f0a947d65a5034da62422803,2025-01,North Yorkshire Police,North Yorkshire Police,-0.411363,54.283182,On or near Murchison Place,E01027810,Scarborough 008A,Unable to prosecute suspect
028cc14972031f06c68add9e86297f29ac142225f0a947d65a5034da62422803,2025-01,North Yorkshire Police,North Yorkshire Police,-0.411363,54.283182,On or near Murchison Place,E01027810,Scarborough 008A,Unable to prosecute suspect
81ad95f53218600bdba706793ed9f89c41f97a3cae9be64f579423ee79fbf14e,2025-01,North Yorkshire Police,North Yorkshire Police,-1.192255,54.122061,On or near Market Place,E01027596,Hambleton 010C,Suspect charged
81ad95f53218600bdba706793ed9f89c41f97a3cae9be64f579423ee79fbf14e,2025-01,North Yorkshire Police,North Yorkshire Police,-1.192255,54.122061,On or near Market Place,E01027596,Hambleton 010C,Suspect charged
a2e7a67cb846f87b7b806b9fb19bdd7b16156fa81b70c6f9b126cd7f19386141,2025-01,North Yorkshire Police,North Yorkshire Police,-1.447232,54.347415,On or near Gaskell Close,E01034961,Hambleton 012A,Offender given a caution
e3cd1a96cceb271dc1a8421674bd044130b2890889c448b152dfbd752ed44974,2025-01,North Yorkshire Police,North Yorkshire Police,-1.684412,54.382382,On or near Highstead Way,E01027749,Richmondshire 004A,Unable to prosecute suspect
e3cd1a96cceb271dc1a8421674bd044130b2890889c448b152dfbd752ed44974,2025-01,North Yorkshire Police,North Yorkshire Police,-1.684412,54.382382,On or near Highstead Way,E01027749,Richmondshire 004A,Unable to prosecute suspect
e73649b05d5726b5a4782450d3b4c2ead3717b06c110a914a9acc37a818f1936,2025-01,North Yorkshire Police,North Yorkshire Police,-0.409609,54.277667,On or near Belgrave Crescent,E01027862,Scarborough 008E,Suspect charged
e73649b05d5726b5a4782450d3b4c2ead3717b06c110a914a9acc37a818f1936,2025-01,North Yorkshire Police,North Yorkshire Police,-0.409609,54.277667,On or near Belgrave Crescent,E01027862,Scarborough 008E,Suspect charged
d3c33486e23abb26b57194b416d4a7406c29269e6b6afbec6884f5d93d600a88,2025-01,North Yorkshire Police,North Yorkshire Police,-1.431782,54.337709,On or near Supermarket,E01027608,Hambleton 013B,Unable to prosecute suspect
d3c33486e23abb26b57194b416d4a7406c29269e6b6afbec6884f5d93d600a88,2025-01,North Yorkshire Police,North Yorkshire Police,-1.431782,54.337709,On or near Supermarket,E01027608,Hambleton 013B,Unable to prosecute suspect
01eb53efd12e51323fd52db64f8334f4b28ddb9c05d20675b6fa4ba893ce2d1b,2025-01,North Yorkshire Police,North Yorkshire Police,-1.192285,54.114251,On or near Driffield Avenue,E01027595,Hambleton 010B,Unable to prosecute suspect
01eb53efd12e51323fd52db64f8334f4b28ddb9c05d20675b6fa4ba893ce2d1b,2025-01,North Yorkshire Police,North Yorkshire Police,-1.192285,54.114251,On or near Driffield Avenue,E01027595,Hambleton 010B,Unable to prosecute suspect
52f3ef212a9e957f01445942202623f43b0c2a5c320f4da42eabc3337b7d645b,2025-01,North Yorkshire Police,North Yorkshire Police,-1.298322,54.004843,On or near New Lane,E01027696,Harrogate 016D,Unable to prosecute suspect
52f3ef212a9e957f01445942202623f43b0c2a5c320f4da42eabc3337b7d645b,2025-01,North Yorkshire Police,North Yorkshire Police,-1.298322,54.004843,On or near New Lane,E01027696,Harrogate 016D,Unable to prosecute suspect
52f3ef212a9e957f01445942202623f43b0c2a5c320f4da42eabc3337b7d645b,2025-01,North Yorkshire Police,North Yorkshire Police,-1.298322,54.004843,On or near New Lane,E01027696,Harrogate 016D,Unable to prosecute suspect
523e98d802cd5361b60f9da491182cdca35db76ada4e8be5e484ced51cff45e2,2025-01,North Yorkshire Police,North Yorkshire Police,-1.462119,54.005228,On or near King James Road,E01027673,Harrogate 009C,Unable to prosecute suspect
b878d62a4a28e4f2dee8937fbfb62b6dbfeb1814a01da661fc37fd36b281678c,2025-01,North Yorkshire Police,North Yorkshire Police,-0.399902,54.270536,On or near Granville Square,E01027868,Scarborough 010E,Suspect charged
b878d62a4a28e4f2dee8937fbfb62b6dbfeb1814a01da661fc37fd36b281678c,2025-01,North Yorkshire Police,North Yorkshire Police,-0.399902,54.270536,On or near Granville Square,E01027868,Scarborough 010E,Suspect charged
4723c88ea8842866b95b4b60eb67bf1047d422c6b0b25ac12c33e202cd809039,2025-01,North Yorkshire Police,North Yorkshire Police,-1.534794,54.014322,On or near Brooke Close,E01027641,Harrogate 008A,Unable to prosecute suspect
4723c88ea8842866b95b4b60eb67bf1047d422c6b0b25ac12c33e202cd809039,2025-01,North Yorkshire Police,North Yorkshire Police,-1.534794,54.014322,On or near Brooke Close,E01027641,Harrogate 008A,Unable to prosecute suspect
6a303824c1427bd084dff4d6d1f992a20f1c24d24bed35fcc19ce05d3078f5d2,2025-01,North Yorkshire Police,North Yorkshire Police,-2.022349,53.953203,On or near Burnside Avenue,E01027582,Craven 006D,Unable to prosecute suspect
6a303824c1427bd084dff4d6d1f992a20f1c24d24bed35fcc19ce05d3078f5d2,2025-01,North Yorkshire Police,North Yorkshire Police,-2.022349,53.953203,On or near Burnside Avenue,E01027582,Craven 006D,Unable to prosecute suspect
b6f9a66c41fa5ca62dee445a12919f46aaf6e38ec2eba95efeebc41bfede287a,2025-01,North Yorkshire Police,North Yorkshire Police,-1.256488,53.890488,On or near ,E01027920,Selby 001C,Investigation complete; no suspect identified
657542b81aedbb9db4ba4a325ff8f51d79d823cdccc465bc91e2d53898f77256,2025-01,North Yorkshire Police,North Yorkshire Police,-0.808003,54.205885,On or near Theme/Adventure Park,E01027774,Ryedale 007A,Unable to prosecute suspect
c35a12d8b791653892b6e16ff0349fe45acb961cc2ae9bec3437cd027c78d57e,2025-01,North Yorkshire Police,North Yorkshire Police,-0.401638,54.285606,On or near Regent Street,E01027847,Scarborough 006D,Unable to prosecute suspect
c35a12d8b791653892b6e16ff0349fe45acb961cc2ae9bec3437cd027c78d57e,2025-01,North Yorkshire Police,North Yorkshire Police,-0.401638,54.285606,On or near Regent Street,E01027847,Scarborough 006D,Unable to prosecute suspect
c35a12d8b791653892b6e16ff0349fe45acb961cc2ae9bec3437cd027c78d57e,2025-01,North Yorkshire Police,North Yorkshire Police,-0.401638,54.285606,On or near Regent Street,E01027847,Scarborough 006D,Unable to prosecute suspect
c35a12d8b791653892b6e16ff0349fe45acb961cc2ae9bec3437cd027c78d57e,2025-01,North Yorkshire Police,North Yorkshire Police,-0.401638,54.285606,On or near Regent Street,E01027847,Scarborough 006D,Unable to prosecute suspect
c35a12d8b791653892b6e16ff0349fe45acb961cc2ae9bec3437cd027c78d57e,2025-01,North Yorkshire Police,North Yorkshire Police,-0.401638,54.285606,On or near Regent Street,E01027847,Scarborough 006D,Unable to prosecute suspect
1e677dd99062e4dcf95ff7efb73d521c6473635f405edf18fc2d28205ac5b6b1,2025-01,North Yorkshire Police,North Yorkshire Police,-1.090506,53.962582,On or near Marygate Lane,E01013366,York 013A,Unable to prosecute suspect
1e677dd99062e4dcf95ff7efb73d521c6473635f405edf18fc2d28205ac5b6b1,2025-01,North Yorkshire Police,North Yorkshire Police,-1.090506,53.962582,On or near Marygate Lane,E01013366,York 013A,Unable to prosecute suspect
1e677dd99062e4dcf95ff7efb73d521c6473635f405edf18fc2d28205ac5b6b1,2025-01,North Yorkshire Police,North Yorkshire Police,-1.090506,53.962582,On or near Marygate Lane,E01013366,York 013A,Unable to prosecute suspect
744bf23d9d13cea7f459c590cfa146415b6502430bb9a89a83ecb5d271cbd02e,2025-01,North Yorkshire Police,North Yorkshire Police,-1.440559,54.350565,On or near Thurston Road,E01034961,Hambleton 012A,Unable to prosecute suspect
744bf23d9d13cea7f459c590cfa146415b6502430bb9a89a83ecb5d271cbd02e,2025-01,North Yorkshire Police,North Yorkshire Police,-1.440559,54.350565,On or near Thurston Road,E01034961,Hambleton 012A,Unable to prosecute suspect
744bf23d9d13cea7f459c590cfa146415b6502430bb9a89a83ecb5d271cbd02e,2025-01,North Yorkshire Police,North Yorkshire Police,-1.440559,54.350565,On or near Thurston Road,E01034961,Hambleton 012A,Unable to prosecute suspect
744bf23d9d13cea7f459c590cfa146415b6502430bb9a89a83ecb5d271cbd02e,2025-01,North Yorkshire Police,North Yorkshire Police,-1.440559,54.350565,On or near Thurston Road,E01034961,Hambleton 012A,Unable to prosecute suspect
23585aa602a06c743b57a43a7b377bc99aadd20869d6e77c04dfc83dadca5df1,2025-01,North Yorkshire Police,North Yorkshire Police,-1.191405,54.478625,On or near White Thorn Close,E01027624,Hambleton 002C,Unable to prosecute suspect
23585aa602a06c743b57a43a7b377bc99aadd20869d6e77c04dfc83dadca5df1,2025-01,North Yorkshire Police,North Yorkshire Police,-1.191405,54.478625,On or near White Thorn Close,E01027624,Hambleton 002C,Unable to prosecute suspect
54d1b91cb5ed2e74a5814c52f9d6b1cade3aa157bc70171a46915b8b00e47de7,2025-01,North Yorkshire Police,North Yorkshire Police,-1.516101,54.133873,On or near Low Mill Road,E01027707,Harrogate 004C,Unable to prosecute suspect
97d20479dbc5ba9d522a39f88fab11cacc84efc4630acd282e27a5c946c88c0d,2025-01,North Yorkshire Police,North Yorkshire Police,-1.130745,53.942818,On or near Foxwood Lane,E01013448,York 018F,Unable to prosecute suspect
97d20479dbc5ba9d522a39f88fab11cacc84efc4630acd282e27a5c946c88c0d,2025-01,North Yorkshire Police,North Yorkshire Police,-1.130745,53.942818,On or near Foxwood Lane,E01013448,York 018F,Unable to prosecute suspect
888d25a50c1fddb4b996a09dabc77bef2f4870618568a4a54b93f31561b9752a,2025-01,North Yorkshire Police,North Yorkshire Police,-1.521506,54.136348,On or near Parking Area,E01027706,Harrogate 004B,Unable to prosecute suspect
888d25a50c1fddb4b996a09dabc77bef2f4870618568a4a54b93f31561b9752a,2025-01,North Yorkshire Police,North Yorkshire Police,-1.521506,54.136348,On or near Parking Area,E01027706,Harrogate 004B,Unable to prosecute suspect
8ea4a5d09a32d5769cd9eee5940346805596acf58098e573debc25b341243528,2025-01,North Yorkshire Police,North Yorkshire Police,-1.515970,54.134646,On or near Victoria Avenue,E01027707,Harrogate 004C,Unable to prosecute suspect
8ea4a5d09a32d5769cd9eee5940346805596acf58098e573debc25b341243528,2025-01,North Yorkshire Police,North Yorkshire Police,-1.515970,54.134646,On or near Victoria Avenue,E01027707,Harrogate 004C,Unable to prosecute suspect
6b9b6e25675770c8e2012f19de556ff64253ba3f31c900a379df0e9c41eb7e37,2025-01,North Yorkshire Police,North Yorkshire Police,-1.515970,54.134646,On or near Victoria Avenue,E01027707,Harrogate 004C,Unable to prosecute suspect
6b9b6e25675770c8e2012f19de556ff64253ba3f31c900a379df0e9c41eb7e37,2025-01,North Yorkshire Police,North Yorkshire Police,-1.515970,54.134646,On or near Victoria Avenue,E01027707,Harrogate 004C,Unable to prosecute suspect
998ef1fddfe0f60ed26434dffa6598694bb2183b389ba987bbf61aa64d56cb77,2025-01,North Yorkshire Police,North Yorkshire Police,-0.412944,54.241359,On or near ,E01027817,Scarborough 012A,Unable to prosecute suspect
d5a1801616b303ec5259f531ad2690395bc26d35196eb4fee575d9d37db1a9dd,2025-01,North Yorkshire Police,North Yorkshire Police,-1.120971,53.951879,On or near Kingsthorpe,E01013441,York 016E,Suspect charged
d5a1801616b303ec5259f531ad2690395bc26d35196eb4fee575d9d37db1a9dd,2025-01,North Yorkshire Police,North Yorkshire Police,-1.120971,53.951879,On or near Kingsthorpe,E01013441,York 016E,Suspect charged
d5a1801616b303ec5259f531ad2690395bc26d35196eb4fee575d9d37db1a9dd,2025-01,North Yorkshire Police,North Yorkshire Police,-1.120971,53.951879,On or near Kingsthorpe,E01013441,York 016E,Suspect charged
8407873279a6d6037d61809181af92fe8458c4f61ae253daef5187eba1e556bb,2025-01,North Yorkshire Police,North Yorkshire Police,-0.411770,54.277003,On or near Glayton Court,E01027862,Scarborough 008E,Suspect charged
8407873279a6d6037d61809181af92fe8458c4f61ae253daef5187eba1e556bb,2025-01,North Yorkshire Police,North Yorkshire Police,-0.411770,54.277003,On or near Glayton Court,E01027862,Scarborough 008E,Suspect charged
1dd836eba31322f97a50d7cf6f1148cb496295d1115ff7c84c1872604252a1e3,2025-01,North Yorkshire Police,North Yorkshire Police,-1.199181,54.469276,On or near Allen Grove,E01027625,Hambleton 001E,Suspect charged
1dd836eba31322f97a50d7cf6f1148cb496295d1115ff7c84c1872604252a1e3,2025-01,North Yorkshire Police,North Yorkshire Police,-1.199181,54.469276,On or near Allen Grove,E01027625,Hambleton 001E,Suspect charged
87496873773e67a1aa65185880fcb53eef5c22c886d3c9a65ee621a22fbfb66d,2025-01,North Yorkshire Police,North Yorkshire Police,-1.545185,53.992117,On or near Esplanade,E01027680,Harrogate 015F,Unable to prosecute suspect
87496873773e67a1aa65185880fcb53eef5c22c886d3c9a65ee621a22fbfb66d,2025-01,North Yorkshire Police,North Yorkshire Police,-1.545185,53.992117,On or near Esplanade,E01027680,Harrogate 015F,Unable to prosecute suspect
87496873773e67a1aa65185880fcb53eef5c22c886d3c9a65ee621a22fbfb66d,2025-01,North Yorkshire Police,North Yorkshire Police,-1.545185,53.992117,On or near Esplanade,E01027680,Harrogate 015F,Unable to prosecute suspect
fe523c4d6983785faab6f25d4b290eb7681288d2ac887d9312307ba6aa99bfe9,2025-01,North Yorkshire Police,North Yorkshire Police,-1.506997,54.002104,On or near Olive Way,E01027727,Harrogate 014D,Unable to prosecute suspect
fe523c4d6983785faab6f25d4b290eb7681288d2ac887d9312307ba6aa99bfe9,2025-01,North Yorkshire Police,North Yorkshire Police,-1.506997,54.002104,On or near Olive Way,E01027727,Harrogate 014D,Unable to prosecute suspect
96cbe29334107d53e0ba5fa673a92d090d518ed9dbbfd787ddac9e068962b8ec,2025-01,North Yorkshire Police,North Yorkshire Police,-1.506997,54.002104,On or near Olive Way,E01027727,Harrogate 014D,Unable to prosecute suspect
96cbe29334107d53e0ba5fa673a92d090d518ed9dbbfd787ddac9e068962b8ec,2025-01,North Yorkshire Police,North Yorkshire Police,-1.506997,54.002104,On or near Olive Way,E01027727,Harrogate 014D,Unable to prosecute suspect
442d5ce309ae2a7ba563b9763d2526de210942abd1fd45de19f4c453ec9166b4,2025-01,North Yorkshire Police,North Yorkshire Police,-1.070007,53.783524,On or near Market Lane,E01027909,Selby 005E,Unable to prosecute suspect
442d5ce309ae2a7ba563b9763d2526de210942abd1fd45de19f4c453ec9166b4,2025-01,North Yorkshire Police,North Yorkshire Police,-1.070007,53.783524,On or near Market Lane,E01027909,Selby 005E,Unable to prosecute suspect
121bf7060d17d05dbe7cd48e5216cdb5822d57c2bd73a4c85363265b932281c1,2025-01,North Yorkshire Police,North Yorkshire Police,-1.120542,53.963587,On or near Priory Green,E01013392,York 012F,Unable to prosecute suspect
121bf7060d17d05dbe7cd48e5216cdb5822d57c2bd73a4c85363265b932281c1,2025-01,North Yorkshire Police,North Yorkshire Police,-1.120542,53.963587,On or near Priory Green,E01013392,York 012F,Unable to prosecute suspect
8b9e9221a21837870fc05b1152ce3f0a128fa2b387c631b11ff3f69565045c94,2025-01,North Yorkshire Police,North Yorkshire Police,-1.061590,53.956544,On or near Fieldside Place,E01013399,York 015C,Unable to prosecute suspect
fb29db41bca6c672635e274334dc71c959cae2cb1d406c72be166ccffa167263,2025-01,North Yorkshire Police,North Yorkshire Police,-1.107381,53.936796,On or near Hunters Way,E01013357,York 021A,Suspect charged
ea8c61abd4a35b03d550055055dc53e7480e1e92009c9d17060991588d74fb91,2025-01,North Yorkshire Police,North Yorkshire Police,-1.337294,54.237637,On or near St Mary's Close,E01027631,Hambleton 008C,Formal action is not in the public interest
24ead192dcfce498042781353bb3f35de694c094723b012ea70026ff4cc83f03,2025-01,North Yorkshire Police,North Yorkshire Police,-1.335404,54.234014,On or near Bellingham Close,E01027631,Hambleton 008C,Suspect charged
24ead192dcfce498042781353bb3f35de694c094723b012ea70026ff4cc83f03,2025-01,North Yorkshire Police,North Yorkshire Police,-1.335404,54.234014,On or near Bellingham Close,E01027631,Hambleton 008C,Suspect charged
7d5311a7d43624a733c13fccdbe7008e1132df641ba8c546e9f93987fa42da14,2025-01,North Yorkshire Police,North Yorkshire Police,-1.066283,53.989333,On or near Alderley Court,E01013404,York 004A,Unable to prosecute suspect
7d5311a7d43624a733c13fccdbe7008e1132df641ba8c546e9f93987fa42da14,2025-01,North Yorkshire Police,North Yorkshire Police,-1.066283,53.989333,On or near Alderley Court,E01013404,York 004A,Unable to prosecute suspect
f6938757f2ee52c1f2a0744085d2655e11c2b655192a871b9f644d61de729893,2025-01,North Yorkshire Police,North Yorkshire Police,-1.122964,53.948397,On or near Stuart Road,E01013443,York 018B,Further investigation is not in the public interest
9d0d17aea5fb6854a0ec5352655c6713b5907975c4116aee19c6fae8d718328e,2025-01,North Yorkshire Police,North Yorkshire Police,-1.297083,54.004956,On or near ,E01027696,Harrogate 016D,Unable to prosecute suspect
9d0d17aea5fb6854a0ec5352655c6713b5907975c4116aee19c6fae8d718328e,2025-01,North Yorkshire Police,North Yorkshire Police,-1.297083,54.004956,On or near ,E01027696,Harrogate 016D,Unable to prosecute suspect
d8ef94ea52ac132d6a9582386b23dbe19356ab4f5ad77f60e83be7c1970aed91,2025-01,North Yorkshire Police,North Yorkshire Police,-0.973592,53.987670,On or near Rudcarr Lane,E01027797,Ryedale 007D,Unable to prosecute suspect
d8ef94ea52ac132d6a9582386b23dbe19356ab4f5ad77f60e83be7c1970aed91,2025-01,North Yorkshire Police,North Yorkshire Police,-0.973592,53.987670,On or near Rudcarr Lane,E01027797,Ryedale 007D,Unable to prosecute suspect
3a75520d084de1b2f3b3001ce3f57fe76b284d6cac3c17b2393628f0ca23a045,2025-01,North Yorkshire Police,North Yorkshire Police,-1.436033,54.332767,On or near Ascot Close,E01027606,Hambleton 012E,Unable to prosecute suspect
3a75520d084de1b2f3b3001ce3f57fe76b284d6cac3c17b2393628f0ca23a045,2025-01,North Yorkshire Police,North Yorkshire Police,-1.436033,54.332767,On or near Ascot Close,E01027606,Hambleton 012E,Unable to prosecute suspect
900d2ec5ee1f4debc0a5c7dea750585b94f52071bf2abda851028348f718faae,2025-01,North Yorkshire Police,North Yorkshire Police,-0.933187,53.920922,On or near Riverside Close,E01013451,York 020C,Suspect charged
900d2ec5ee1f4debc0a5c7dea750585b94f52071bf2abda851028348f718faae,2025-01,North Yorkshire Police,North Yorkshire Police,-0.933187,53.920922,On or near Riverside Close,E01013451,York 020C,Suspect charged
7482c986c8bed467d1fd694d15217521c8637b0600286c626fe8354dcb7e7623,2025-01,North Yorkshire Police,North Yorkshire Police,-1.051953,53.964837,On or near Leyland Road,E01013381,York 014A,Unable to prosecute suspect
7482c986c8bed467d1fd694d15217521c8637b0600286c626fe8354dcb7e7623,2025-01,North Yorkshire Police,North Yorkshire Police,-1.051953,53.964837,On or near Leyland Road,E01013381,York 014A,Unable to prosecute suspect
f5c46eec109f8fd164257d2f184f537f2082ca2f9473125a2fd470dfbc3b9e81,2025-01,North Yorkshire Police,North Yorkshire Police,-1.469712,54.010412,On or near Stead's Yard,E01027669,Harrogate 009B,Unable to prosecute suspect
f5c46eec109f8fd164257d2f184f537f2082ca2f9473125a2fd470dfbc3b9e81,2025-01,North Yorkshire Police,North Yorkshire Police,-1.469712,54.010412,On or near Stead's Yard,E01027669,Harrogate 009B,Unable to prosecute suspect
11ca814032c174257b561d43da5dfed5f19d884e47ce1f04caf5adacac24cdc5,2025-01,North Yorkshire Police,North Yorkshire Police,-1.724246,54.370401,On or near Hilltop Crescent,E01027771,Richmondshire 004E,Unable to prosecute suspect
16fba3ac6415271cfd05031849fadc2ca36c9d925ded84873a4d86163a48c520,2025-01,North Yorkshire Police,North Yorkshire Police,-0.426951,54.291763,On or near Colescliffe Road,E01027874,Scarborough 007D,Formal action is not in the public interest
16fba3ac6415271cfd05031849fadc2ca36c9d925ded84873a4d86163a48c520,2025-01,North Yorkshire Police,North Yorkshire Police,-0.426951,54.291763,On or near Colescliffe Road,E01027874,Scarborough 007D,Formal action is not in the public interest
d948c310adf2e83e48d221d25566426a289b12d323f248e86307e2c3e85f639b,2025-01,North Yorkshire Police,North Yorkshire Police,-1.543785,54.004362,On or near Knapping Hill,E01027689,Harrogate 011A,Further investigation is not in the public interest
6ae42173841fa0613c39c4fa2d5c7b4d3bc02098d62e170ff52c60c0fc7dfeba,2025-01,North Yorkshire Police,North Yorkshire Police,-1.182752,53.914188,On or near Cat Lane,E01027875,Selby 002A,Unable to prosecute suspect
6ae42173841fa0613c39c4fa2d5c7b4d3bc02098d62e170ff52c60c0fc7dfeba,2025-01,North Yorkshire Police,North Yorkshire Police,-1.182752,53.914188,On or near Cat Lane,E01027875,Selby 002A,Unable to prosecute suspect
2efaa8438d5cccf740f8de86c7f227fab82f0560748a2b1e25cc0110ed970be6,2025-01,North Yorkshire Police,North Yorkshire Police,-1.057841,53.997105,On or near White Horse Close,E01013407,York 004B,Unable to prosecute suspect
795bd1c2bb6c462cc0db89974cb959aef8692cdf992d83535877fdd69c09f5b4,2025-01,North Yorkshire Police,North Yorkshire Police,-1.440355,54.007687,On or near ,E01027670,Harrogate 012A,Investigation complete; no suspect identified
20ba6e10de61ad138bcb920688b53074d179e74d94f19c5468fd9f100739da78,2025-01,North Yorkshire Police,North Yorkshire Police,-1.057911,53.776068,On or near Barwic Close,E01034981,Selby 005I,Formal action is not in the public interest
20ba6e10de61ad138bcb920688b53074d179e74d94f19c5468fd9f100739da78,2025-01,North Yorkshire Police,North Yorkshire Police,-1.057911,53.776068,On or near Barwic Close,E01034981,Selby 005I,Formal action is not in the public interest
190dfd66c4d97c7434bbf0b64206822f664ba2edf530d251ed74bac227349f3c,2025-01,North Yorkshire Police,North Yorkshire Police,-1.462043,54.001615,On or near Aspin Avenue,E01027672,Harrogate 012C,Formal action is not in the public interest
190dfd66c4d97c7434bbf0b64206822f664ba2edf530d251ed74bac227349f3c,2025-01,North Yorkshire Police,North Yorkshire Police,-1.462043,54.001615,On or near Aspin Avenue,E01027672,Harrogate 012C,Formal action is not in the public interest
190dfd66c4d97c7434bbf0b64206822f664ba2edf530d251ed74bac227349f3c,2025-01,North Yorkshire Police,North Yorkshire Police,-1.462043,54.001615,On or near Aspin Avenue,E01027672,Harrogate 012C,Formal action is not in the public interest
3face081fbf7297db54964a39de0291661ad34c534851b6b3efe6653b00835cf,2025-01,North Yorkshire Police,North Yorkshire Police,-1.529602,54.005143,On or near Elm Road,E01027740,Harrogate 013F,Suspect charged
3face081fbf7297db54964a39de0291661ad34c534851b6b3efe6653b00835cf,2025-01,North Yorkshire Police,North Yorkshire Police,-1.529602,54.005143,On or near Elm Road,E01027740,Harrogate 013F,Suspect charged
cd5f92c93f966beb96f767794afdcc52e55f720bdc19bc98e534bf2fc948542a,2025-01,North Yorkshire Police,North Yorkshire Police,-1.003416,53.995140,On or near Hospital,E01013437,York 008G,Suspect charged
cd5f92c93f966beb96f767794afdcc52e55f720bdc19bc98e534bf2fc948542a,2025-01,North Yorkshire Police,North Yorkshire Police,-1.003416,53.995140,On or near Hospital,E01013437,York 008G,Suspect charged
11c3c1f1b4f02048ab0be058b20f0aba2adc361a0501c40dec5008d789a91189,2025-01,North Yorkshire Police,North Yorkshire Police,-1.529602,54.005143,On or near Elm Road,E01027740,Harrogate 013F,Suspect charged
28ab6e223b90c410ccb2e2300abb9925ce4d09f9ac955d7448cd576062fe72ba,2025-01,North Yorkshire Police,North Yorkshire Police,-1.720882,54.410278,On or near Pilmoor Close,E01027767,Richmondshire 002C,Unable to prosecute suspect
28ab6e223b90c410ccb2e2300abb9925ce4d09f9ac955d7448cd576062fe72ba,2025-01,North Yorkshire Police,North Yorkshire Police,-1.720882,54.410278,On or near Pilmoor Close,E01027767,Richmondshire 002C,Unable to prosecute suspect
f8fcb17030c8aac83b69199509ab329fb7e7e73553610157634024ad3755b5e5,2025-01,North Yorkshire Police,North Yorkshire Police,-1.140277,53.913388,On or near St Giles Way,E01013424,York 024E,Unable to prosecute suspect
3685a6de015596ad34a365c2b141a50b69b69e5e576255629268e5427f551907,2025-01,North Yorkshire Police,North Yorkshire Police,-1.534794,54.014322,On or near Brooke Close,E01027641,Harrogate 008A,Unable to prosecute suspect
3685a6de015596ad34a365c2b141a50b69b69e5e576255629268e5427f551907,2025-01,North Yorkshire Police,North Yorkshire Police,-1.534794,54.014322,On or near Brooke Close,E01027641,Harrogate 008A,Unable to prosecute suspect
3685a6de015596ad34a365c2b141a50b69b69e5e576255629268e5427f551907,2025-01,North Yorkshire Police,North Yorkshire Police,-1.534794,54.014322,On or near Brooke Close,E01027641,Harrogate 008A,Unable to prosecute suspect
7f8127fda480fdeaecd0352f319fe8b33f08b121e23d023ce86b36b9530b1a0f,2025-01,North Yorkshire Police,North Yorkshire Police,-1.534794,54.014322,On or near Brooke Close,E01027641,Harrogate 008A,Unable to prosecute suspect
7f8127fda480fdeaecd0352f319fe8b33f08b121e23d023ce86b36b9530b1a0f,2025-01,North Yorkshire Police,North Yorkshire Police,-1.534794,54.014322,On or near Brooke Close,E01027641,Harrogate 008A,Unable to prosecute suspect
8c2ff38227b3242ea952456e07e9c5e7acdc7765454c85462298352cb7a52d30,2025-01,North Yorkshire Police,North Yorkshire Police,-0.407692,54.241751,On or near Oak Lane,E01027819,Scarborough 012B,Suspect charged
b80c8b59b0335c5e5395c281d522411d0110ac106be9aaaaf6841d49abb687f3,2025-01,North Yorkshire Police,North Yorkshire Police,-0.407692,54.241751,On or near Oak Lane,E01027819,Scarborough 012B,Suspect charged
b80c8b59b0335c5e5395c281d522411d0110ac106be9aaaaf6841d49abb687f3,2025-01,North Yorkshire Police,North Yorkshire Police,-0.407692,54.241751,On or near Oak Lane,E01027819,Scarborough 012B,Suspect charged
f65a8048914d544b9c8953d72502b38c98c2c274d3e1c423fad8188460956d27,2025-01,North Yorkshire Police,North Yorkshire Police,-1.095830,53.952502,On or near The Mount,E01013417,York 017E,Unable to prosecute suspect
f65a8048914d544b9c8953d72502b38c98c2c274d3e1c423fad8188460956d27,2025-01,North Yorkshire Police,North Yorkshire Police,-1.095830,53.952502,On or near The Mount,E01013417,York 017E,Unable to prosecute suspect
cc1a4f729ed6788e9ed372e25ff830fbbbd409caee55212d31e6714fdad4d40f,2025-01,North Yorkshire Police,North Yorkshire Police,-1.079183,53.959053,On or near Whip-Ma-Whop-Ma-Gate,E01033067,York 013F,Suspect charged
0ac32bc20e75825b1b5906b1a704c2171301cc79e7b6fcb28a425fdbe7116ca0,2025-01,North Yorkshire Police,North Yorkshire Police,-1.346310,54.222444,On or near School Garth,E01034960,Hambleton 009F,Offender given a caution
0ac32bc20e75825b1b5906b1a704c2171301cc79e7b6fcb28a425fdbe7116ca0,2025-01,North Yorkshire Police,North Yorkshire Police,-1.346310,54.222444,On or near School Garth,E01034960,Hambleton 009F,Offender given a caution
f8f4085ca7aaf28edd47069f1ae7542de2842ad03eb2094ad931f126e0be3258,2025-01,North Yorkshire Police,North Yorkshire Police,-1.521509,54.134749,On or near Bedern Bank,E01027706,Harrogate 004B,Unable to prosecute suspect
14e8f2f0363e6e0cb4791e92993e60c96631d5cd9f8761e8fec619b2da9856f4,2025-01,North Yorkshire Police,North Yorkshire Police,-1.762647,54.084389,On or near Petrol Station,E01027693,Harrogate 006B,Unable to prosecute suspect
14e8f2f0363e6e0cb4791e92993e60c96631d5cd9f8761e8fec619b2da9856f4,2025-01,North Yorkshire Police,North Yorkshire Police,-1.762647,54.084389,On or near Petrol Station,E01027693,Harrogate 006B,Unable to prosecute suspect
fe189b3be7b56ebdb3be401011c2140759858696f087aa22251f7ba822e0822b,2025-01,North Yorkshire Police,North Yorkshire Police,-1.247384,53.800354,On or near Springfield Road,E01027916,Selby 004D,Unable to prosecute suspect
6cdaf55ad23e9573c53fbad21e500d4f02c0e4092698cf029f0b2c7813cd1895,2025-01,North Yorkshire Police,North Yorkshire Police,-0.407604,54.288741,On or near ,E01034974,Scarborough 006F,Suspect charged
6cdaf55ad23e9573c53fbad21e500d4f02c0e4092698cf029f0b2c7813cd1895,2025-01,North Yorkshire Police,North Yorkshire Police,-0.407604,54.288741,On or near ,E01034974,Scarborough 006F,Suspect charged
3ad606e67fee0b0d999ca1b79b71a19bf16532bdcd19560bfb79b3b759752f43,2025-01,North Yorkshire Police,North Yorkshire Police,-0.434140,54.295443,On or near Coldyhill Lane,E01027842,Scarborough 005A,Formal action is not in the public interest
3ad606e67fee0b0d999ca1b79b71a19bf16532bdcd19560bfb79b3b759752f43,2025-01,North Yorkshire Police,North Yorkshire Police,-0.434140,54.295443,On or near Coldyhill Lane,E01027842,Scarborough 005A,Formal action is not in the public interest
3ad606e67fee0b0d999ca1b79b71a19bf16532bdcd19560bfb79b3b759752f43,2025-01,North Yorkshire Police,North Yorkshire Police,-0.434140,54.295443,On or near Coldyhill Lane,E01027842,Scarborough 005A,Formal action is not in the public interest
05c696ccdc0702c8058051ea870c07395b92bcc588f5ff196355e6108ad0a1d0,2025-01,North Yorkshire Police,North Yorkshire Police,-1.091464,53.973887,On or near Crombie Avenue,E01013347,York 009C,Suspect charged
05c696ccdc0702c8058051ea870c07395b92bcc588f5ff196355e6108ad0a1d0,2025-01,North Yorkshire Police,North Yorkshire Police,-1.091464,53.973887,On or near Crombie Avenue,E01013347,York 009C,Suspect charged
94d11b9e7d60da7061f440d67d0cba069d9aa2f494b4acdf0447b8cba62e0eac,2025-01,North Yorkshire Police,North Yorkshire Police,-0.407604,54.288741,On or near ,E01034974,Scarborough 006F,Suspect charged
94d11b9e7d60da7061f440d67d0cba069d9aa2f494b4acdf0447b8cba62e0eac,2025-01,North Yorkshire Police,North Yorkshire Police,-0.407604,54.288741,On or near ,E01034974,Scarborough 006F,Suspect charged
f11f4b701b360d07eb1c0e6e7e9efd1586af2426e6701470f2ee3c384945ade1,2025-01,North Yorkshire Police,North Yorkshire Police,-1.521724,54.002973,On or near Claro Park,E01027649,Harrogate 013A,Unable to prosecute suspect
f11f4b701b360d07eb1c0e6e7e9efd1586af2426e6701470f2ee3c384945ade1,2025-01,North Yorkshire Police,North Yorkshire Police,-1.521724,54.002973,On or near Claro Park,E01027649,Harrogate 013A,Unable to prosecute suspect
411ea53e558c340a9f92dd1bc3da50d7c8bd3dc7cb7e62ba83ecb3206f15e8c3,2025-01,North Yorkshire Police,North Yorkshire Police,-1.421790,54.345058,On or near Mount Road,E01034961,Hambleton 012A,Unable to prosecute suspect
411ea53e558c340a9f92dd1bc3da50d7c8bd3dc7cb7e62ba83ecb3206f15e8c3,2025-01,North Yorkshire Police,North Yorkshire Police,-1.421790,54.345058,On or near Mount Road,E01034961,Hambleton 012A,Unable to prosecute suspect
fef3b4a72acdc8569ab1079eb2cc203999f4b7358a0acd2abc7ea40937ed3725,2025-01,North Yorkshire Police,North Yorkshire Police,-0.396052,54.245506,On or near Northwold Road,E01027820,Scarborough 012C,Formal action is not in the public interest
fef3b4a72acdc8569ab1079eb2cc203999f4b7358a0acd2abc7ea40937ed3725,2025-01,North Yorkshire Police,North Yorkshire Police,-0.396052,54.245506,On or near Northwold Road,E01027820,Scarborough 012C,Formal action is not in the public interest
787ad5bd90020156faf06b948333b19681e05ccb728ec36805344078c2b4127f,2025-01,North Yorkshire Police,North Yorkshire Police,-0.314651,54.184784,On or near Outgaits Lane,E01027834,Scarborough 014F,Unable to prosecute suspect
787ad5bd90020156faf06b948333b19681e05ccb728ec36805344078c2b4127f,2025-01,North Yorkshire Police,North Yorkshire Police,-0.314651,54.184784,On or near Outgaits Lane,E01027834,Scarborough 014F,Unable to prosecute suspect
51f1fa4e83378eee86df1cd5dfaa762cd8ec9b5535d20d3fe78c1459fe8edb48,2025-01,North Yorkshire Police,North Yorkshire Police,-0.292165,54.209060,On or near Supermarket,E01027828,Scarborough 014B,Unable to prosecute suspect
74ac49b887056af17db3acb8cc5b77709e3838d9201a1de6ccb8ce03aae379af,2025-01,North Yorkshire Police,North Yorkshire Police,,,No location,,,Suspect charged
74ac49b887056af17db3acb8cc5b77709e3838d9201a1de6ccb8ce03aae379af,2025-01,North Yorkshire Police,North Yorkshire Police,,,No location,,,Suspect charged
ce4a54e35803d1e94f80eca1a212aab6b8f5ee2911ced2bcf43f7f46a04578fb,2025-01,North Yorkshire Police,North Yorkshire Police,-1.593388,53.974296,On or near Moor Park Close,E01027734,Harrogate 018C,Unable to prosecute suspect
ce4a54e35803d1e94f80eca1a212aab6b8f5ee2911ced2bcf43f7f46a04578fb,2025-01,North Yorkshire Police,North Yorkshire Police,-1.593388,53.974296,On or near Moor Park Close,E01027734,Harrogate 018C,Unable to prosecute suspect
ce4a54e35803d1e94f80eca1a212aab6b8f5ee2911ced2bcf43f7f46a04578fb,2025-01,North Yorkshire Police,North Yorkshire Police,-1.593388,53.974296,On or near Moor Park Close,E01027734,Harrogate 018C,Unable to prosecute suspect
ce4a54e35803d1e94f80eca1a212aab6b8f5ee2911ced2bcf43f7f46a04578fb,2025-01,North Yorkshire Police,North Yorkshire Police,-1.593388,53.974296,On or near Moor Park Close,E01027734,Harrogate 018C,Unable to prosecute suspect
eae940609a814ed0bac603ba357b7f596d1dc0d0ca5bd588e7e9b823e16c2c66,2025-01,North Yorkshire Police,North Yorkshire Police,-0.407259,54.281276,On or near Police Station,E01027812,Scarborough 008C,Suspect charged
eae940609a814ed0bac603ba357b7f596d1dc0d0ca5bd588e7e9b823e16c2c66,2025-01,North Yorkshire Police,North Yorkshire Police,-0.407259,54.281276,On or near Police Station,E01027812,Scarborough 008C,Suspect charged
eadeb68631a9d15358aa189ff979573a5cb12e47428ec43ef1c3d701d6a8a209,2025-01,North Yorkshire Police,North Yorkshire Police,-0.791369,54.144410,On or near Maple Avenue,E01027787,Ryedale 009A,Unable to prosecute suspect
eadeb68631a9d15358aa189ff979573a5cb12e47428ec43ef1c3d701d6a8a209,2025-01,North Yorkshire Police,North Yorkshire Police,-0.791369,54.144410,On or near Maple Avenue,E01027787,Ryedale 009A,Unable to prosecute suspect
dbe2fca718c6aeab37adddd09b5c11980d42502ba66efbf35ca59f72b1fd57c7,2025-01,North Yorkshire Police,North Yorkshire Police,-0.791369,54.144410,On or near Maple Avenue,E01027787,Ryedale 009A,Unable to prosecute suspect
dbe2fca718c6aeab37adddd09b5c11980d42502ba66efbf35ca59f72b1fd57c7,2025-01,North Yorkshire Police,North Yorkshire Police,-0.791369,54.144410,On or near Maple Avenue,E01027787,Ryedale 009A,Unable to prosecute suspect
005e10b0fbb3e00cda36bc2de567151513ffdde99e6716bc7116883a0bc3a5bd,2025-01,North Yorkshire Police,North Yorkshire Police,-1.076817,53.957139,On or near Barleycorn Yard,E01033070,York 013I,Unable to prosecute suspect
892fb844c9b55a8816c84cf41b031b7ad849861843fabaf2fe8ef7edd3c9b80e,2025-01,North Yorkshire Police,North Yorkshire Police,-1.113725,53.933580,On or near Petrol Station,E01013355,York 022C,Local resolution
892fb844c9b55a8816c84cf41b031b7ad849861843fabaf2fe8ef7edd3c9b80e,2025-01,North Yorkshire Police,North Yorkshire Police,-1.113725,53.933580,On or near Petrol Station,E01013355,York 022C,Local resolution
fd95df0a81cb9406d5a55cb0d39de6bf9649cbfae274556adb8f81f4ae3b0b03,2025-01,North Yorkshire Police,North Yorkshire Police,-1.752291,54.406168,On or near Willance Grove,E01027769,Richmondshire 002E,Unable to prosecute suspect
fd95df0a81cb9406d5a55cb0d39de6bf9649cbfae274556adb8f81f4ae3b0b03,2025-01,North Yorkshire Police,North Yorkshire Police,-1.752291,54.406168,On or near Willance Grove,E01027769,Richmondshire 002E,Unable to prosecute suspect
016b9d72138ca60b6a41159d2490adbc981ac7d1f4c3f8b21893ff0b1c092f7d,2025-01,North Yorkshire Police,North Yorkshire Police,-2.532158,54.144443,On or near Duke Street,E01027558,Craven 001A,Further action is not in the public interest
016b9d72138ca60b6a41159d2490adbc981ac7d1f4c3f8b21893ff0b1c092f7d,2025-01,North Yorkshire Police,North Yorkshire Police,-2.532158,54.144443,On or near Duke Street,E01027558,Craven 001A,Further action is not in the public interest
be4fe80ff9338080f5ffc7d6539bbb8d4d525a22eb6195b8a89081cd14e48900,2025-01,North Yorkshire Police,North Yorkshire Police,-1.529779,54.007049,On or near Butler Road,E01027738,Harrogate 010E,Suspect charged
be4fe80ff9338080f5ffc7d6539bbb8d4d525a22eb6195b8a89081cd14e48900,2025-01,North Yorkshire Police,North Yorkshire Police,-1.529779,54.007049,On or near Butler Road,E01027738,Harrogate 010E,Suspect charged
12e306e915dffd0e4559f284c5a4dd013e12d7ce87dc1c9d8f13c6ca510d7092,2025-01,North Yorkshire Police,North Yorkshire Police,-1.090550,53.957046,On or near Toft Green,E01033068,York 013G,Suspect charged
12e306e915dffd0e4559f284c5a4dd013e12d7ce87dc1c9d8f13c6ca510d7092,2025-01,North Yorkshire Police,North Yorkshire Police,-1.090550,53.957046,On or near Toft Green,E01033068,York 013G,Suspect charged
dd42cc4cf43210bf79bb8f16c61c543b1d3baa846375f3f1fb387b3f7dd7b72a,2025-01,North Yorkshire Police,North Yorkshire Police,-0.785226,54.251171,On or near Swainsea Lane,E01027794,Ryedale 002C,Unable to prosecute suspect
dd42cc4cf43210bf79bb8f16c61c543b1d3baa846375f3f1fb387b3f7dd7b72a,2025-01,North Yorkshire Police,North Yorkshire Police,-0.785226,54.251171,On or near Swainsea Lane,E01027794,Ryedale 002C,Unable to prosecute suspect
b520a2279f6929f2ab648faaf86f878f8ab6d837e046ff9002e349f7d54c75e6,2025-01,North Yorkshire Police,North Yorkshire Police,-2.022349,53.953203,On or near Burnside Avenue,E01027582,Craven 006D,Unable to prosecute suspect
b520a2279f6929f2ab648faaf86f878f8ab6d837e046ff9002e349f7d54c75e6,2025-01,North Yorkshire Police,North Yorkshire Police,-2.022349,53.953203,On or near Burnside Avenue,E01027582,Craven 006D,Unable to prosecute suspect
e4039f68d585e6f8f9b23add62173001d59a693596d18a61eaee417c2ac34ddf,2025-01,North Yorkshire Police,North Yorkshire Police,-1.418829,54.339031,On or near Bankhead Close,E01027609,Hambleton 012D,Unable to prosecute suspect
e4039f68d585e6f8f9b23add62173001d59a693596d18a61eaee417c2ac34ddf,2025-01,North Yorkshire Police,North Yorkshire Police,-1.418829,54.339031,On or near Bankhead Close,E01027609,Hambleton 012D,Unable to prosecute suspect
a1518ec758ed690847cf9c562ae3bfbfe0903c45ccb4d30a2fa70b371713ce64,2025-01,North Yorkshire Police,North Yorkshire Police,-1.057912,53.836991,On or near The Hollies,E01027901,Selby 003D,Suspect charged
a1518ec758ed690847cf9c562ae3bfbfe0903c45ccb4d30a2fa70b371713ce64,2025-01,North Yorkshire Police,North Yorkshire Police,-1.057912,53.836991,On or near The Hollies,E01027901,Selby 003D,Suspect charged
fc08f4abd7f101124d434bc2f55d3e519605bef4d473b91eb309bcebaf0124c9,2025-01,North Yorkshire Police,North Yorkshire Police,-1.562215,54.020365,On or near Spruisty Green,E01027665,Harrogate 008C,Unable to prosecute suspect
fc08f4abd7f101124d434bc2f55d3e519605bef4d473b91eb309bcebaf0124c9,2025-01,North Yorkshire Police,North Yorkshire Police,-1.562215,54.020365,On or near Spruisty Green,E01027665,Harrogate 008C,Unable to prosecute suspect
576498c821e78794d4dab85aebaf2014cf84cfd055b84b1971a7846c0bd91279,2025-01,North Yorkshire Police,North Yorkshire Police,-1.535927,53.982491,On or near Langcliffe Avenue,E01027732,Harrogate 019E,Suspect charged
576498c821e78794d4dab85aebaf2014cf84cfd055b84b1971a7846c0bd91279,2025-01,North Yorkshire Police,North Yorkshire Police,-1.535927,53.982491,On or near Langcliffe Avenue,E01027732,Harrogate 019E,Suspect charged
576498c821e78794d4dab85aebaf2014cf84cfd055b84b1971a7846c0bd91279,2025-01,North Yorkshire Police,North Yorkshire Police,-1.535927,53.982491,On or near Langcliffe Avenue,E01027732,Harrogate 019E,Suspect charged
92a280200dabe1a6d789825870fb2f41802ff98740d501630f02faa336e257da,2025-01,North Yorkshire Police,North Yorkshire Police,-1.132381,53.943271,On or near Supermarket,E01013446,York 018D,Unable to prosecute suspect
92a280200dabe1a6d789825870fb2f41802ff98740d501630f02faa336e257da,2025-01,North Yorkshire Police,North Yorkshire Police,-1.132381,53.943271,On or near Supermarket,E01013446,York 018D,Unable to prosecute suspect
0a40b2d9d9b2d4b8f29205477458aac88fd01ef31289fe99aea9b801d58f0b24,2025-01,North Yorkshire Police,North Yorkshire Police,-0.411697,54.278108,On or near Petrol Station,E01027812,Scarborough 008C,Unable to prosecute suspect
0a40b2d9d9b2d4b8f29205477458aac88fd01ef31289fe99aea9b801d58f0b24,2025-01,North Yorkshire Police,North Yorkshire Police,-0.411697,54.278108,On or near Petrol Station,E01027812,Scarborough 008C,Unable to prosecute suspect
bb28aaa2e569bf5bb0a18b2df3cd70c5673434731c85333917e0963ce20e1eed,2025-01,North Yorkshire Police,North Yorkshire Police,-1.690855,54.381357,On or near Sayers Wynd,E01027749,Richmondshire 004A,Suspect charged
fea010d4d30c6cbffdd799a699feea1bc3115f7062cb185a3c01d847714e4c97,2025-01,North Yorkshire Police,North Yorkshire Police,-0.421101,54.277198,On or near Stepney Avenue,E01027861,Scarborough 009D,Formal action is not in the public interest
a9fe0772a7e72351a895259717251737f6d755a0a842567065de64868107ac7c,2025-01,North Yorkshire Police,North Yorkshire Police,-1.131658,53.949449,On or near Lown Hill,E01013447,York 018E,Suspect charged
a9fe0772a7e72351a895259717251737f6d755a0a842567065de64868107ac7c,2025-01,North Yorkshire Police,North Yorkshire Police,-1.131658,53.949449,On or near Lown Hill,E01013447,York 018E,Suspect charged
43d6a10cf55fcb6b79d9f6ae1dda91d86ee4dcc8444230e0f76b21c46e332008,2025-01,North Yorkshire Police,North Yorkshire Police,-1.542067,54.141327,On or near Lark Lane,E01027712,Harrogate 002A,Unable to prosecute suspect
