Crime ID,Month,Reported by,Falls within,Longitude,Latitude,Location,LSOA code,LSOA name,Crime type,Last outcome category,Context
503dce72c678e5cce3872f6cbded1cb1f67e3871fd9fdca4967c05a9ed865d81,2025-12,North Yorkshire Police,North Yorkshire Police,-1.980404,54.530287,On or near Thornberry Lane,E01020863,County Durham 067G,Violence and sexual offences,Under investigation,
0e05f4e3835570066e03fdeb5757cef7bc4cde48eb07cd761d78e9292eaf2618,2025-12,North Yorkshire Police,North Yorkshire Police,-2.501258,54.103305,On or near Mewith Lane,E01027558,Craven 001A,Other theft,Unable to prosecute suspect,
bdcb4e98cb26a216540fe65c36e60d07d2d8a7a263f89104d72c0e272ceb3999,2025-12,North Yorkshire Police,North Yorkshire Police,-2.511106,54.118111,On or near B6480,E01027559,Craven 001B,Violence and sexual offences,Unable to prosecute suspect,
,2025-12,North Yorkshire Police,North Yorkshire Police,-2.353933,54.115189,On or near Townhead Lane,E01027569,Craven 001C,Anti-social behaviour,,
e1f976892c87983b1c6920472c31ab21411383a956bb18b4b87ba5374341ef5b,2025-12,North Yorkshire Police,North Yorkshire Police,-2.423815,54.094427,On or near Reebys Lane,E01027569,Craven 001C,Other theft,Investigation complete; no suspect identified,
9fe600c70e54644b627a0f5178bee9999c57c22f52d3052e657fb08faf6e51ab,2025-12,North Yorkshire Police,North Yorkshire Police,-2.410469,54.105510,On or near Clapham,E01027569,Craven 001C,Vehicle crime,Investigation complete; no suspect identified,
18e4626f69b475b5af16f9df5d794aa79feb8b48fbde00c948027a7e67feab24,2025-12,North Yorkshire Police,North Yorkshire Police,-2.353933,54.115189,On or near Townhead Lane,E01027569,Craven 001C,Violence and sexual offences,Unable to prosecute suspect,
7ff4f3890da355d40e51ea460180c5b9d104405311620cf05a8af5923d9ef590,2025-12,North Yorkshire Police,North Yorkshire Police,-2.327808,54.090458,On or near Parking Area,E01027569,Craven 001C,Violence and sexual offences,Under investigation,
,2025-12,North Yorkshire Police,North Yorkshire Police,-2.465353,54.152719,On or near Uppergate,E01027570,Craven 001D,Anti-social behaviour,,
,2025-12,North Yorkshire Police,North Yorkshire Police,-2.469753,54.146447,On or near High View,E01027570,Craven 001D,Anti-social behaviour,,
b5da62ec50aee3092fcbb317986f58c7781f68940a3d99bd40f93ad7e910653e,2025-12,North Yorkshire Police,North Yorkshire Police,-2.350612,54.203672,On or near Gauber Road,E01027570,Craven 001D,Burglary,Under investigation,
4f5b4cd10f70e3e4e1b55e454ca0b3a1b2cb38615be8f75b53d51bc84c461594,2025-12,North Yorkshire Police,North Yorkshire Police,-2.469180,54.151302,On or near Burnmoor Crescent,E01027570,Craven 001D,Burglary,Investigation complete; no suspect identified,
793d433517d41ac0f2bf8379f4b8abd6fd095710d13c0b5da6e35099acafb2cc,2025-12,North Yorkshire Police,North Yorkshire Police,-2.469428,54.146134,On or near Supermarket,E01027570,Craven 001D,Other theft,Investigation complete; no suspect identified,
e87b56e78252675057f411fef19c9c47a1d8115e4c8547919a798667359def72,2025-12,North Yorkshire Police,North Yorkshire Police,-2.472706,54.147640,On or near New Road,E01027570,Craven 001D,Other theft,Under investigation,
1e6c91ac0f38d9154aa3469d6e1696cac7a96285ff03f40400a67df322cc2ad0,2025-12,North Yorkshire Police,North Yorkshire Police,-2.469780,54.155569,On or near Oddie'S Lane,E01027570,Craven 001D,Public order,Awaiting court outcome,
16e8cc6193610514d559685bd5b2e20e8bfbb18d37f5ebc5a40e91eafb33a80b,2025-12,North Yorkshire Police,North Yorkshire Police,-2.465353,54.152719,On or near Uppergate,E01027570,Craven 001D,Violence and sexual offences,Unable to prosecute suspect,
f358772e082d14ff22fe9863bafb866866f774a0af5bdd3377a089b874c6b271,2025-12,North Yorkshire Police,North Yorkshire Police,-2.222669,54.004660,On or near Main Street,E01027568,Craven 003A,Drugs,Under investigation,
a98bc01dfb363d8671f9d59350fb9d7e8c09e48e4deb0e19fb6bde03021c1790,2025-12,North Yorkshire Police,North Yorkshire Police,-2.222669,54.004660,On or near Main Street,E01027568,Craven 003A,Other theft,Under investigation,
e69a4bd5cf147bcc142833ca157abf56bf5c09949ce0a4cecfc8ce46bbb42ec9,2025-12,North Yorkshire Police,North Yorkshire Police,-2.260589,54.022847,On or near Moor Lane,E01027568,Craven 003A,Other theft,Investigation complete; no suspect identified,
c4ccb66c81f740c2980525087a1e9d7e5e637281d443680a57de7e6548ebb0e2,2025-12,North Yorkshire Police,North Yorkshire Police,-2.256535,54.016258,On or near Mill Lane,E01027568,Craven 003A,Violence and sexual offences,Unable to prosecute suspect,
5a3d71d6e044bc57133219a1b14952b3f0ba8ffe0adf29a8bf9f29a228482115,2025-12,North Yorkshire Police,North Yorkshire Police,-2.224435,54.006832,On or near Kendal Close,E01027568,Craven 003A,Violence and sexual offences,Unable to prosecute suspect,
06e6cf4891657fdd01c33d65ee9b24b9d15e0e97759928c3127a9a36b06ff239,2025-12,North Yorkshire Police,North Yorkshire Police,-2.292810,54.120306,On or near Austwick Road,E01027571,Craven 003B,Burglary,Under investigation,
483f1f91b23c5f1d8ff9aaf90b88696df6ab2b8785227a8487b249c4a1b9798b,2025-12,North Yorkshire Police,North Yorkshire Police,-2.302998,54.130643,On or near Park/Open Space,E01027571,Craven 003B,Burglary,Investigation complete; no suspect identified,
786055473e7fb7fc4aa6b50d88b3b65279bb9eb9308d59339d58e82e89f253c3,2025-12,North Yorkshire Police,North Yorkshire Police,-2.294622,54.056562,On or near Parking Area,E01027571,Craven 003B,Violence and sexual offences,Unable to prosecute suspect,
94dc514afb198999d2ccccd3ebc798e564a7265ddd068d1bf31b51cb0328f6cb,2025-12,North Yorkshire Police,North Yorkshire Police,-2.294622,54.056562,On or near Parking Area,E01027571,Craven 003B,Violence and sexual offences,Under investigation,
162cd9320e99835f9e944292cfe3da6c21ff9c11353cbdb07ab52dc38f45c9f6,2025-12,North Yorkshire Police,North Yorkshire Police,-2.292915,54.143853,On or near Chapel Lane,E01027571,Craven 003B,Violence and sexual offences,Under investigation,
f721dffc1fe3ac19bb119deb243aae01867a6e4e2bc83417b96a6272a1c21965,2025-12,North Yorkshire Police,North Yorkshire Police,-2.292915,54.143853,On or near Chapel Lane,E01027571,Craven 003B,Violence and sexual offences,Under investigation,
ff31b30f209a21c1dbe493fa19a8581fa2d36c4085eb825fd425fd11f3a9a2f6,2025-12,North Yorkshire Police,North Yorkshire Police,-2.300511,54.148606,On or near Cragg Hill Road,E01027571,Craven 003B,Other crime,Further investigation is not in the public interest,
54bbdeefb536fe185d6fd73d01b6414ad50149fbab8c3087cd30cd940447d2d8,2025-12,North Yorkshire Police,North Yorkshire Police,-2.276938,54.068997,On or near Howson'S Yard,E01027572,Craven 003C,Burglary,Unable to prosecute suspect,
65210034a379b8bfc33a69d2866b6ec4b46760df77ff775418eba9cd3c66588c,2025-12,North Yorkshire Police,North Yorkshire Police,-2.282695,54.068400,On or near Supermarket,E01027572,Craven 003C,Shoplifting,Awaiting court outcome,
085d54ec1f959bfacc254d48a3d6a55e717e8c590dd3ac94f161509384f964a6,2025-12,North Yorkshire Police,North Yorkshire Police,-2.276863,54.069177,On or near Shopping Area,E01027572,Craven 003C,Violence and sexual offences,Under investigation,
4ba3d1338d11253e7917ba168586b7a2ffb4e7878bee64498136288ca4a29a12,2025-12,North Yorkshire Police,North Yorkshire Police,-2.284746,54.071163,On or near Riverside View,E01027572,Craven 003C,Violence and sexual offences,Action to be taken by another organisation,
9a276f95b0d287312ff8b867e0098a200250bf155de2bb97d847034c7ff2d5f4,2025-12,North Yorkshire Police,North Yorkshire Police,-2.282196,54.071412,On or near Middle Craven Road,E01027572,Craven 003C,Violence and sexual offences,Unable to prosecute suspect,
7b75aec8fd155faf57a94a4c04585fc62bff419cc67d7eeadbf9b35ca6c03be2,2025-12,North Yorkshire Police,North Yorkshire Police,-2.276863,54.069177,On or near Shopping Area,E01027572,Craven 003C,Violence and sexual offences,Under investigation,
db5637ea82c7f1482b7b61da3c6775ca5f520746e72b870725a2ae3d7e179fc1,2025-12,North Yorkshire Police,North Yorkshire Police,-2.278551,54.072472,On or near Northfields Crescent,E01027572,Craven 003C,Violence and sexual offences,Unable to prosecute suspect,
559bf6bcb68681aa922d92328743a918bca21afc02fc80a65e02da79e4641de9,2025-12,North Yorkshire Police,North Yorkshire Police,-2.276863,54.069177,On or near Shopping Area,E01027572,Craven 003C,Violence and sexual offences,Under investigation,
3c778a5215733629e5e8e60f56f8009c34390bfaa17eea82678bec376b705c2c,2025-12,North Yorkshire Police,North Yorkshire Police,-2.280965,54.081377,On or near ,E01027572,Craven 003C,Violence and sexual offences,Awaiting court outcome,
559bf6bcb68681aa922d92328743a918bca21afc02fc80a65e02da79e4641de9,2025-12,North Yorkshire Police,North Yorkshire Police,-2.276863,54.069177,On or near Shopping Area,E01027572,Craven 003C,Violence and sexual offences,Under investigation,
61cdd503795bdb26a6796ddab635500cf35990c5a2652226c163353b3a864cfd,2025-12,North Yorkshire Police,North Yorkshire Police,-2.276290,54.068019,On or near Delaney Court,E01027572,Craven 003C,Violence and sexual offences,Unable to prosecute suspect,
c0e0f5ff66b8c38f513044e27141d0a905ca3b56a959465173b6cac8b4be1ae0,2025-12,North Yorkshire Police,North Yorkshire Police,-2.282196,54.071412,On or near Middle Craven Road,E01027572,Craven 003C,Violence and sexual offences,Unable to prosecute suspect,
f4678b33dcd7dcc2c1fb10a404882e599c79e47472ecab7ea863828389b4b22e,2025-12,North Yorkshire Police,North Yorkshire Police,-2.287241,54.053964,On or near Parking Area,E01027573,Craven 003D,Drugs,Under investigation,
915d29169fadacb969a88ac8fa2367861fb22bba3ddd28e00de0825ab3b6b660,2025-12,North Yorkshire Police,North Yorkshire Police,-2.276636,54.064864,On or near Lower Greenfoot,E01027573,Craven 003D,Violence and sexual offences,Unable to prosecute suspect,
bd1c68c71af5a74901936e2164a435cee125d6752d04dfafdc35598b4fd56ee9,2025-12,North Yorkshire Police,North Yorkshire Police,-2.335417,53.996911,On or near Clover Leaf,E01027573,Craven 003D,Violence and sexual offences,Unable to prosecute suspect,
eda96cebbc52d6f30f314c535bd7fb9d83a384d4001b6d19f3bc9c8702ba20e1,2025-12,North Yorkshire Police,North Yorkshire Police,-2.281673,54.064169,On or near Ivy Dene Close,E01027573,Craven 003D,Violence and sexual offences,Unable to prosecute suspect,
,2025-12,North Yorkshire Police,North Yorkshire Police,-1.999446,53.960584,On or near Moorview Way,E01027574,Craven 005A,Anti-social behaviour,,
,2025-12,North Yorkshire Police,North Yorkshire Police,-2.000375,53.961762,On or near Sunmoor Court,E01027574,Craven 005A,Anti-social behaviour,,
f04554e3e5476e26b9f2c384f6128a803875aa245d1e117b43ae95e3dbfb8abf,2025-12,North Yorkshire Police,North Yorkshire Police,-2.002462,53.960436,On or near ,E01027574,Craven 005A,Burglary,Investigation complete; no suspect identified,
475b1ebe3c3fc1ee4e7b2e2a819d7e50a7bbc93d0ca09b445870a72b891fe15b,2025-12,North Yorkshire Police,North Yorkshire Police,-2.000375,53.961762,On or near Sunmoor Court,E01027574,Craven 005A,Criminal damage and arson,Unable to prosecute suspect,
2456c47ace69a96f6720fe2972222a84bc1f567f2fd6fea44f6b1f507570b7af,2025-12,North Yorkshire Police,North Yorkshire Police,-2.004338,53.964647,On or near Kingsway,E01027574,Craven 005A,Violence and sexual offences,Unable to prosecute suspect,
189ff0371f0e119085ad39f8407703001d524fb21db7701bb3b97e6259a667f3,2025-12,North Yorkshire Police,North Yorkshire Police,-2.000375,53.961762,On or near Sunmoor Court,E01027574,Craven 005A,Violence and sexual offences,Unable to prosecute suspect,
bea71ad3e08d093807f255119c6b4af514fe2730cfffc25ae3a3f7ebdfb45f63,2025-12,North Yorkshire Police,North Yorkshire Police,-2.004338,53.964647,On or near Kingsway,E01027574,Craven 005A,Violence and sexual offences,Unable to prosecute suspect,
d584ac1dbcd5c6cdde48a684d0939c15e769c4f5b26995419f8a71b765ead7bd,2025-12,North Yorkshire Police,North Yorkshire Police,-1.998958,53.957466,On or near Lytham Close,E01027575,Craven 005B,Criminal damage and arson,Unable to prosecute suspect,
ffa9e7c5c6232305cdff6d87b1825c6587383fad6dd3f7461880254dce80ecdd,2025-12,North Yorkshire Police,North Yorkshire Police,-2.000711,53.956486,On or near Spencer Walk,E01027575,Craven 005B,Violence and sexual offences,Unable to prosecute suspect,
0d9ee93a7402be1b8ac934e176cb2b16ae551f1ce1fe3846709e90be015d09d7,2025-12,North Yorkshire Police,North Yorkshire Police,-2.000711,53.956486,On or near Spencer Walk,E01027575,Craven 005B,Violence and sexual offences,Unable to prosecute suspect,
6f49d9162bd773c95488cd6c7ee249c417a79a084fd854250dd67a545e3618ba,2025-12,North Yorkshire Police,North Yorkshire Police,-2.004777,53.963748,On or near ,E01027575,Craven 005B,Violence and sexual offences,Local resolution,
,2025-12,North Yorkshire Police,North Yorkshire Police,-2.016195,53.960988,On or near Kendals Yard,E01027577,Craven 005C,Anti-social behaviour,,
,2025-12,North Yorkshire Police,North Yorkshire Police,-2.016592,53.961833,On or near High Street,E01027577,Craven 005C,Anti-social behaviour,,
,2025-12,North Yorkshire Police,North Yorkshire Police,-2.015601,53.960817,On or near Providence Place,E01027577,Craven 005C,Anti-social behaviour,,
04b00e0c4e953fed7624502b4bb1e489c6088e5e4e893b19cb78ad95d0e66421,2025-12,North Yorkshire Police,North Yorkshire Police,-2.017674,53.961545,On or near Hallam'S Yard,E01027577,Craven 005C,Burglary,Investigation complete; no suspect identified,
3a5e490eb219474a6becaf8e74c8c838d2e1e8642bd8761d5e4dfe4e8562baf7,2025-12,North Yorkshire Police,North Yorkshire Police,-2.016195,53.960988,On or near Kendals Yard,E01027577,Craven 005C,Criminal damage and arson,Investigation complete; no suspect identified,
7d7eeb6a0fd906975d9cd3d0e633b3c5aaa6bdadf6196aefd8e40e51b60b331d,2025-12,North Yorkshire Police,North Yorkshire Police,-2.009840,53.960270,On or near Moorland Avenue,E01027577,Craven 005C,Criminal damage and arson,Under investigation,
f35db08bdf0af3764be4c0d5a99de71ee66558cfa57caa2ffc113f1ae30f0156,2025-12,North Yorkshire Police,North Yorkshire Police,-2.019870,53.964079,On or near Castle View Terrace,E01027577,Craven 005C,Other theft,Investigation complete; no suspect identified,
3cec57a601bf8cf20cddd6dd3cfe7c7844bf523d8294814d43fc8e7ee315137f,2025-12,North Yorkshire Police,North Yorkshire Police,-2.016730,53.963217,On or near Mill Bridge,E01027577,Craven 005C,Other theft,Local resolution,
7ddc13f6d6f7abc97341a5f4eedd02696d59768d3c8f4464f7001660dda757e5,2025-12,North Yorkshire Police,North Yorkshire Police,-2.015891,53.961752,On or near Shopping Area,E01027577,Craven 005C,Shoplifting,Awaiting court outcome,
712756b2369894bd68fd8143839dcd9449978c7fb6278b54603c78bcc4cb92d8,2025-12,North Yorkshire Police,North Yorkshire Police,-2.014155,53.961908,On or near Shopping Area,E01027577,Craven 005C,Shoplifting,Investigation complete; no suspect identified,
cf6a62eb9318da134ded1b2886158978e69f60497bd7c43b94dca5a813a709e2,2025-12,North Yorkshire Police,North Yorkshire Police,-2.016195,53.960988,On or near Kendals Yard,E01027577,Craven 005C,Vehicle crime,Investigation complete; no suspect identified,
4963053b208ef6e53aa525a4686fc61d94dbe0965543ad20305980383694347d,2025-12,North Yorkshire Police,North Yorkshire Police,-2.016730,53.963217,On or near Mill Bridge,E01027577,Craven 005C,Violence and sexual offences,Investigation complete; no suspect identified,
249174cfb0cf9eff030a3b487e3b2559c77f7741a6b4eb8b414b12f61893a8e3,2025-12,North Yorkshire Police,North Yorkshire Police,-2.016730,53.963217,On or near Mill Bridge,E01027577,Craven 005C,Violence and sexual offences,Unable to prosecute suspect,
88226f5322c51a637edc66ec24c35806192b1e0b9eb85ff8a4b3f51d31960e01,2025-12,North Yorkshire Police,North Yorkshire Police,-2.016195,53.960988,On or near Kendals Yard,E01027577,Craven 005C,Violence and sexual offences,Unable to prosecute suspect,
165a96251d6ade2899114de7ef7156ec29a69494df81d62103e91099f7827c38,2025-12,North Yorkshire Police,North Yorkshire Police,-2.016195,53.960988,On or near Kendals Yard,E01027577,Craven 005C,Violence and sexual offences,Awaiting court outcome,
0127bd6cdf0a74a81e23b4f0af3fd101e5df99d79eecf1ef9972e1a1dfe79d79,2025-12,North Yorkshire Police,North Yorkshire Police,-2.015190,53.960916,On or near Court Lane,E01027577,Craven 005C,Violence and sexual offences,Unable to prosecute suspect,
b975809287a1cd8ca6c8b05b0d925724762af92a07acaa87049a51719ab5c53e,2025-12,North Yorkshire Police,North Yorkshire Police,-2.015601,53.960817,On or near Providence Place,E01027577,Craven 005C,Violence and sexual offences,Investigation complete; no suspect identified,
3f730c172d57dcfe94ebbe83787eff1b67cb718465f963faa25654db35aab0a4,2025-12,North Yorkshire Police,North Yorkshire Police,-2.016195,53.960988,On or near Kendals Yard,E01027577,Craven 005C,Violence and sexual offences,Unable to prosecute suspect,
152f563729d892d066e107e703fceb476aa1d90ec023ea6d499d8a5d78034aeb,2025-12,North Yorkshire Police,North Yorkshire Police,-2.020296,53.961562,On or near Bridge Street,E01027577,Craven 005C,Violence and sexual offences,Unable to prosecute suspect,
1c4f2f43fd19fd07bd751aee1e47883e256098f7244d15406f32a04ad9491bfb,2025-12,North Yorkshire Police,North Yorkshire Police,-2.025462,53.960788,On or near Hayton Way,E01027577,Craven 005C,Violence and sexual offences,Unable to prosecute suspect,
8954d2b9ad6c13c2a855b56b0079dccff4382333d184d0710f8ee409b791ca7f,2025-12,North Yorkshire Police,North Yorkshire Police,-2.015190,53.960916,On or near Court Lane,E01027577,Craven 005C,Violence and sexual offences,Unable to prosecute suspect,
,2025-12,North Yorkshire Police,North Yorkshire Police,-2.008194,53.959919,On or near Little Brook,E01027579,Craven 005D,Anti-social behaviour,,
,2025-12,North Yorkshire Police,North Yorkshire Police,-2.004246,53.957708,On or near Crook Rise View,E01027579,Craven 005D,Anti-social behaviour,,
5d2282e5a5e6533a161d18d71892ae72288aafefa9ca096b5abf34842a386dfc,2025-12,North Yorkshire Police,North Yorkshire Police,-2.006395,53.956917,On or near Heather View,E01027579,Craven 005D,Other theft,Unable to prosecute suspect,
c3c4a10875f9b8a5b13c1308e99efc30270adaac9373e4d5bdf37cdd8eb9f2e2,2025-12,North Yorkshire Police,North Yorkshire Police,-2.006441,53.957484,On or near Moorview Road,E01027579,Craven 005D,Public order,Under investigation,
dad97c17d654f30c60a1eed6099523b268acaf7f3a53c6848e3d7e8ec97e563f,2025-12,North Yorkshire Police,North Yorkshire Police,-2.004688,53.957160,On or near Whinny Gill Road,E01027579,Craven 005D,Violence and sexual offences,Unable to prosecute suspect,
fd8d48fe7594ecd5b3a761ff0859a4c90d2d983f519802baffbe66ebbe9cfe9f,2025-12,North Yorkshire Police,North Yorkshire Police,-2.004688,53.957160,On or near Whinny Gill Road,E01027579,Craven 005D,Violence and sexual offences,Awaiting court outcome,
ae5359405645f5183ddb8b1088379879010c0914f001d2e2250a80fe96569347,2025-12,North Yorkshire Police,North Yorkshire Police,-2.008194,53.959919,On or near Little Brook,E01027579,Craven 005D,Violence and sexual offences,Unable to prosecute suspect,
94030dcc3d6a17702decad4bc1d9d186c3536358446dd4ea42fb9fd02c6abba4,2025-12,North Yorkshire Police,North Yorkshire Police,-2.006395,53.956917,On or near Heather View,E01027579,Craven 005D,Violence and sexual offences,Unable to prosecute suspect,
ecaa27ef4e945462c73acb9b94eb1e2d2c176ebc52494e896ffe60e1e72c445d,2025-12,North Yorkshire Police,North Yorkshire Police,-2.006395,53.956917,On or near Heather View,E01027579,Craven 005D,Violence and sexual offences,Unable to prosecute suspect,
f106db5372438508bb981931eabe21619f4f10dfe83891086a4b74493321e4ca,2025-12,North Yorkshire Police,North Yorkshire Police,-2.006441,53.957484,On or near Moorview Road,E01027579,Craven 005D,Violence and sexual offences,Under investigation,
8426719c804f2b7ac75dfab3c57519f3cddc3f73dafb56bfd22f118c709fc507,2025-12,North Yorkshire Police,North Yorkshire Police,-2.007324,53.956729,On or near Crag View Road,E01027579,Craven 005D,Violence and sexual offences,Under investigation,
bd21657f0cc83cd35c555afb56d8d232cdf4aece938810a947e762e4f8e20eb7,2025-12,North Yorkshire Police,North Yorkshire Police,-2.006441,53.957484,On or near Moorview Road,E01027579,Craven 005D,Violence and sexual offences,Unable to prosecute suspect,
,2025-12,North Yorkshire Police,North Yorkshire Police,-2.014533,53.958193,On or near Rowland Street,E01027578,Craven 006A,Anti-social behaviour,,
,2025-12,North Yorkshire Police,North Yorkshire Police,-2.015646,53.958058,On or near George Street,E01027578,Craven 006A,Anti-social behaviour,,
ebd560880c68957fdfc1c795fa74fbca6226e4bb7e5d15b392eae5f0bb7581c0,2025-12,North Yorkshire Police,North Yorkshire Police,-2.016270,53.957330,On or near Sidgwick Court,E01027578,Craven 006A,Criminal damage and arson,Under investigation,
ca596423c903b1a719836179f42d97e3323cec9501047c760f4aa71e6a90176c,2025-12,North Yorkshire Police,North Yorkshire Police,-2.014473,53.959208,On or near Lambert Street,E01027578,Craven 006A,Vehicle crime,Investigation complete; no suspect identified,
87ed3040780cd4839dc7ea3daed3aae448f767cf799df86a448df58ccdac21fb,2025-12,North Yorkshire Police,North Yorkshire Police,-2.017460,53.959453,On or near Nightclub,E01027578,Craven 006A,Violence and sexual offences,Unable to prosecute suspect,
9f30191b3d24b87ffe328d7608a333b18b3f88dcbf39e6eea11c18c0a5c6219a,2025-12,North Yorkshire Police,North Yorkshire Police,-2.017460,53.959453,On or near Nightclub,E01027578,Craven 006A,Violence and sexual offences,Under investigation,
c7e81da8d7f296adc7773769ca04de5b4afdadd28345761374894c8fc1c30775,2025-12,North Yorkshire Police,North Yorkshire Police,-2.015280,53.959083,On or near Fairfax Street,E01027578,Craven 006A,Violence and sexual offences,Unable to prosecute suspect,
b96f53aa5bfab209b7f11c56b1b21ff2232856167158ecafb49622ff86bfb28e,2025-12,North Yorkshire Police,North Yorkshire Police,-2.016728,53.959091,On or near Goschen Street,E01027578,Craven 006A,Violence and sexual offences,Under investigation,
60594209531788850b81b6ad3be89f52d86223a7e5f0cf6cad12cf294c3d462e,2025-12,North Yorkshire Police,North Yorkshire Police,-2.016728,53.959091,On or near Goschen Street,E01027578,Craven 006A,Violence and sexual offences,Unable to prosecute suspect,
c0813282c45bd39b297eae610949136585c206486522f85c577840c851ce7b65,2025-12,North Yorkshire Police,North Yorkshire Police,-2.017460,53.959453,On or near Nightclub,E01027578,Craven 006A,Violence and sexual offences,Unable to prosecute suspect,
8bbb5c88043d90e3e6c4276b7d864dfc0b58c162efe7d4d0ff46b5d11736bd16,2025-12,North Yorkshire Police,North Yorkshire Police,-2.017002,53.957896,On or near Mill Lane,E01027578,Craven 006A,Violence and sexual offences,Unable to prosecute suspect,
eaee6f9b77d4be8931ebc9e388fd4a090e0455a6479397dc0cd54ba49267d4b7,2025-12,North Yorkshire Police,North Yorkshire Police,-2.017460,53.959453,On or near Nightclub,E01027578,Craven 006A,Violence and sexual offences,Investigation complete; no suspect identified,
6a80dffedead479fb004c514d44aafb324cc8995f42966fbce572427ef5e834b,2025-12,North Yorkshire Police,North Yorkshire Police,-2.017460,53.959453,On or near Nightclub,E01027578,Craven 006A,Violence and sexual offences,Unable to prosecute suspect,
aac194375f5fd031d8dd391bab32cab53284db22d21e7ec485ba32bce5ca114c,2025-12,North Yorkshire Police,North Yorkshire Police,-2.010553,53.948693,On or near Cawder Lane,E01027580,Craven 006B,Burglary,Under investigation,
2fbeaece601293e0cc8b5967076a4f98106e8c6e5f1c0286de1acf138afef90b,2025-12,North Yorkshire Police,North Yorkshire Police,-2.012840,53.953142,On or near Rombalds Way,E01027580,Craven 006B,Criminal damage and arson,Under investigation,
28cadd3717fa8df0058529f96abb5d29b6c14a49fc876e90cc0b11440b833763,2025-12,North Yorkshire Police,North Yorkshire Police,-2.014364,53.952665,On or near Beamsley Court,E01027580,Craven 006B,Other theft,Unable to prosecute suspect,
3b6ccad8294d1d26479d2b6f4079bca473243495f2c07e076173b06d3fd7aa45,2025-12,North Yorkshire Police,North Yorkshire Police,-2.012840,53.953142,On or near Rombalds Way,E01027580,Craven 006B,Violence and sexual offences,Under investigation,
,2025-12,North Yorkshire Police,North Yorkshire Police,-2.021680,53.957553,On or near Supermarket,E01027582,Craven 006D,Anti-social behaviour,,
,2025-12,North Yorkshire Police,North Yorkshire Police,-2.021680,53.957553,On or near Supermarket,E01027582,Craven 006D,Anti-social behaviour,,
,2025-12,North Yorkshire Police,North Yorkshire Police,-2.024694,53.951720,On or near Willow Way,E01027582,Craven 006D,Anti-social behaviour,,
,2025-12,North Yorkshire Police,North Yorkshire Police,-2.016221,53.948845,On or near Keighley Road,E01027582,Craven 006D,Anti-social behaviour,,
6d331ca2f669e1a025097bce1a532d053b38bb4dda8b06f6bdfa2ed46549c900,2025-12,North Yorkshire Police,North Yorkshire Police,-2.022349,53.953203,On or near Burnside Avenue,E01027582,Craven 006D,Burglary,Investigation complete; no suspect identified,
8f6b58f6d2c4c05f24132dabaa03b4f1a991b1d5e1c22879b291c92063a9d8a3,2025-12,North Yorkshire Police,North Yorkshire Police,-2.021845,53.951316,On or near Branch Road,E01027582,Craven 006D,Other theft,Investigation complete; no suspect identified,
2d66c43a10732c8fc3d4572db0d6a8cd6867ba30012235395b82c4f848ac4611,2025-12,North Yorkshire Police,North Yorkshire Police,-2.021680,53.957553,On or near Supermarket,E01027582,Craven 006D,Other theft,Unable to prosecute suspect,
f8e30f356e1cfc928af38bec790d5ced84d117acfd74e7a4bdfbdc8827ea2c9a,2025-12,North Yorkshire Police,North Yorkshire Police,-2.021680,53.957553,On or near Supermarket,E01027582,Craven 006D,Public order,Investigation complete; no suspect identified,
cb72444d20defc0caf0f3431ed291e9dcd481cd4f4a62c52da317b95ab4362b8,2025-12,North Yorkshire Police,North Yorkshire Police,-2.021680,53.957553,On or near Supermarket,E01027582,Craven 006D,Shoplifting,Investigation complete; no suspect identified,
d41592cc393ec7a94f17be8d8cb76d29596fc6ea63161c00a86af36489ae5da0,2025-12,North Yorkshire Police,North Yorkshire Police,-2.018538,53.951532,On or near Alexandra Court,E01027582,Craven 006D,Violence and sexual offences,Under investigation,
,2025-12,North Yorkshire Police,North Yorkshire Police,-2.031252,53.958720,On or near Back Midland Street,E01034956,Craven 006E,Anti-social behaviour,,
,2025-12,North Yorkshire Police,North Yorkshire Police,-2.036691,53.957101,On or near Station View,E01034956,Craven 006E,Anti-social behaviour,,
,2025-12,North Yorkshire Police,North Yorkshire Police,-2.031252,53.958720,On or near Back Midland Street,E01034956,Craven 006E,Anti-social behaviour,,
c0aceae60fc5be0163378debecb2cb58a96fb283b36116fab7d61c165cd02496,2025-12,North Yorkshire Police,North Yorkshire Police,-2.037439,53.958925,On or near Jubilee Close,E01034956,Craven 006E,Violence and sexual offences,Under investigation,
88911b1ec5a5c65103362c6ca170166107c6e5b4da80e0a4d4e92bd8102af82a,2025-12,North Yorkshire Police,North Yorkshire Police,-2.036691,53.957101,On or near Station View,E01034956,Craven 006E,Violence and sexual offences,Unable to prosecute suspect,
88911b1ec5a5c65103362c6ca170166107c6e5b4da80e0a4d4e92bd8102af82a,2025-12,North Yorkshire Police,North Yorkshire Police,-2.036691,53.957101,On or near Station View,E01034956,Craven 006E,Violence and sexual offences,Under investigation,
2e183864534f16ff134c0b9b427f3eab4021cae1f1c82fca3153ae013fca6af5,2025-12,North Yorkshire Police,North Yorkshire Police,-2.034588,53.957560,On or near Broughton Mews,E01034956,Craven 006E,Violence and sexual offences,Unable to prosecute suspect,
7b4e3a405b083ecf0bf0b719152104d52624182a40334f52d1a30cf99e42ef64,2025-12,North Yorkshire Police,North Yorkshire Police,-2.036691,53.957101,On or near Station View,E01034956,Craven 006E,Violence and sexual offences,Unable to prosecute suspect,
,2025-12,North Yorkshire Police,North Yorkshire Police,-2.018161,53.960188,On or near Swadford Street,E01034957,Craven 006F,Anti-social behaviour,,
,2025-12,North Yorkshire Police,North Yorkshire Police,-2.018161,53.960188,On or near Swadford Street,E01034957,Craven 006F,Anti-social behaviour,,
,2025-12,North Yorkshire Police,North Yorkshire Police,-2.018161,53.960188,On or near Swadford Street,E01034957,Craven 006F,Anti-social behaviour,,
,2025-12,North Yorkshire Police,North Yorkshire Police,-2.023998,53.958713,On or near Supermarket,E01034957,Craven 006F,Anti-social behaviour,,
,2025-12,North Yorkshire Police,North Yorkshire Police,-2.023998,53.958713,On or near Supermarket,E01034957,Craven 006F,Anti-social behaviour,,
,2025-12,North Yorkshire Police,North Yorkshire Police,-2.018718,53.958964,On or near Bus/Coach Station,E01034957,Craven 006F,Anti-social behaviour,,
,2025-12,North Yorkshire Police,North Yorkshire Police,-2.018718,53.958964,On or near Bus/Coach Station,E01034957,Craven 006F,Anti-social behaviour,,
7c2250622cc77648d62793a53c99ef03258ac8d065703bbf07273bb36411ca71,2025-12,North Yorkshire Police,North Yorkshire Police,-2.018161,53.960188,On or near Swadford Street,E01034957,Craven 006F,Criminal damage and arson,Investigation complete; no suspect identified,
1886681df01a28afb3c6c8affedd51293741649d1efc5e32fc7c5655f07acc11,2025-12,North Yorkshire Police,North Yorkshire Police,-2.019228,53.960071,On or near Coach Street Yard,E01034957,Craven 006F,Public order,Under investigation,
2695761c50709d585378c2220d5fe74647a4f4d711ed01192a1933a468c2a2e5,2025-12,North Yorkshire Police,North Yorkshire Police,-2.022627,53.960394,On or near Brewery Lane,E01034957,Craven 006F,Public order,Unable to prosecute suspect,
6d81ca8876b1eb76b7b420f4388520318dbe40e412d66eeb1e63b0f68a8c406a,2025-12,North Yorkshire Police,North Yorkshire Police,-2.019838,53.960142,On or near Belmont Bridge,E01034957,Craven 006F,Shoplifting,Investigation complete; no suspect identified,
3e517fa2244529a64fb37a7020f4aa6f2385257bd03e83aada5cc6287f3e99e8,2025-12,North Yorkshire Police,North Yorkshire Police,-2.019228,53.960071,On or near Coach Street Yard,E01034957,Craven 006F,Shoplifting,Investigation complete; no suspect identified,
7792d648236c3bdd3f65e5f91ee443ba8600b091d35ac3fe2c4f88da5c725e07,2025-12,North Yorkshire Police,North Yorkshire Police,-2.018161,53.960188,On or near Swadford Street,E01034957,Craven 006F,Violence and sexual offences,Unable to prosecute suspect,
525a6c8b632baec305238d8ce1f8e86e3c4ebb5fb109aa14fc7cf8fa230bcff6,2025-12,North Yorkshire Police,North Yorkshire Police,-2.020996,53.960744,On or near Counting House Mews,E01034957,Craven 006F,Violence and sexual offences,Unable to prosecute suspect,
3210b882b1e161f125ea424210670c43e538fbc3727356f0b21cd45ab34e63c1,2025-12,North Yorkshire Police,North Yorkshire Police,-2.023998,53.958713,On or near Supermarket,E01034957,Craven 006F,Violence and sexual offences,Unable to prosecute suspect,
d35e731a21224e7d7820ce6cdba00330f906d1c023ff79f082c572af02dd5983,2025-12,North Yorkshire Police,North Yorkshire Police,-2.020919,53.959136,On or near Cavendish Street,E01034957,Craven 006F,Violence and sexual offences,Under investigation,
29bc96402beec44b319049c54b6cb904e3f9088078957261414c6a161c082ae2,2025-12,North Yorkshire Police,North Yorkshire Police,-2.022627,53.960394,On or near Brewery Lane,E01034957,Craven 006F,Violence and sexual offences,Unable to prosecute suspect,
0d43f6224f2364aedc08f4604389f04b9ba4c10576ef80afc4813e0d3cf0f06f,2025-12,North Yorkshire Police,North Yorkshire Police,-2.019838,53.960142,On or near Belmont Bridge,E01034957,Craven 006F,Violence and sexual offences,Investigation complete; no suspect identified,
390d9cbf2f0b5d96a670ed9237da2856f632ae5fca0285ee79e5d6a9bc25ade9,2025-12,North Yorkshire Police,North Yorkshire Police,-2.018718,53.958964,On or near Bus/Coach Station,E01034957,Craven 006F,Violence and sexual offences,Investigation complete; no suspect identified,
d45ecb7e8548b81c9d64cb32d8c63ef798e323cc97d027be8b25cc369251b243,2025-12,North Yorkshire Police,North Yorkshire Police,-2.023998,53.958713,On or near Supermarket,E01034957,Craven 006F,Violence and sexual offences,Investigation complete; no suspect identified,
bfb9b4bf8a0420519935e3ffbb4368aab275d7f5e861bc4f59e31b4fd8fb968f,2025-12,North Yorkshire Police,North Yorkshire Police,-2.014518,53.916517,On or near Crosshills Road,E01027556,Craven 007A,Bicycle theft,Unable to prosecute suspect,
90f4bd6d8617380045825b34be84dcdeb95c6f90ca4b593434c6d5b550ca6e64,2025-12,North Yorkshire Police,North Yorkshire Police,-2.019163,53.919374,On or near Gordon Terrace,E01027556,Craven 007A,Violence and sexual offences,Unable to prosecute suspect,
d1486526f281aa282fc4513c21a712023f3082edd5209c5211cc70c4daa2f9aa,2025-12,North Yorkshire Police,North Yorkshire Police,-2.016864,53.919060,On or near Meadow Lane,E01027556,Craven 007A,Violence and sexual offences,Unable to prosecute suspect,
aeb73c3a91bdecf92794f54b7b2925f175f2aba67a4044ab97a0c467cf9b9295,2025-12,North Yorkshire Police,North Yorkshire Police,-2.039852,53.883993,On or near Manor Park,E01027560,Craven 007B,Vehicle crime,Local resolution,
659d57456e26e499d9b00bdf0fa331f55bead539f3bb17b5bfc422140fd39ce0,2025-12,North Yorkshire Police,North Yorkshire Police,-2.040750,53.884640,On or near Sun Street,E01027560,Craven 007B,Violence and sexual offences,Investigation complete; no suspect identified,
f4bf207b84e2ba3b4076f69fc3218982d370bcb25d2303ea0e84339b77cf021d,2025-12,North Yorkshire Police,North Yorkshire Police,-2.104222,53.983476,On or near Supermarket,E01027563,Craven 007C,Shoplifting,Investigation complete; no suspect identified,
8ae1f052b509c52b8cb4f5bcfc91e0d0d7dbce800acd66e94fcb4fcd66362540,2025-12,North Yorkshire Police,North Yorkshire Police,-2.104222,53.983476,On or near Supermarket,E01027563,Craven 007C,Shoplifting,Investigation complete; no suspect identified,
,2025-12,North Yorkshire Police,North Yorkshire Police,-2.042208,53.942107,On or near Park Lane,E01027586,Craven 007D,Anti-social behaviour,,
6f7079271d24738c51165d765bdbf087a257a5d14744a39e6e1149d8a3757d6a,2025-12,North Yorkshire Police,North Yorkshire Police,-2.047266,53.942788,On or near Beech Hill Road,E01027586,Craven 007D,Violence and sexual offences,Unable to prosecute suspect,
,2025-12,North Yorkshire Police,North Yorkshire Police,-2.013868,53.940564,On or near ,E01027555,Craven 008A,Anti-social behaviour,,
,2025-12,North Yorkshire Police,North Yorkshire Police,-1.984529,53.907924,On or near Main Road,E01027555,Craven 008A,Anti-social behaviour,,
,2025-12,North Yorkshire Police,North Yorkshire Police,-1.996811,53.932597,On or near Browns Court,E01027555,Craven 008A,Anti-social behaviour,,
f6d1b0733e302ca6bfc79ac3a13b3b4fd9e88ef8a9daefc0d5688ef1041b239d,2025-12,North Yorkshire Police,North Yorkshire Police,-2.013868,53.940564,On or near ,E01027555,Craven 008A,Shoplifting,Awaiting court outcome,
6b57985e3f96d887f37bf49d3cb034d51ba183b017a3301b18c5ea60bd93e802,2025-12,North Yorkshire Police,North Yorkshire Police,-1.981484,53.909632,On or near Priest Bank Road,E01027555,Craven 008A,Violence and sexual offences,Unable to prosecute suspect,
e2ba6d11645ff00a1d4feedf3bc777b883f54d713b65e48d94a31e783b685150,2025-12,North Yorkshire Police,North Yorkshire Police,-1.985412,53.906334,On or near Supermarket,E01027555,Craven 008A,Violence and sexual offences,Unable to prosecute suspect,
34d582a75d10ad45c994ad49af471609a39655d803f462015cac16d87d3eb997,2025-12,North Yorkshire Police,North Yorkshire Police,-1.981484,53.909632,On or near Priest Bank Road,E01027555,Craven 008A,Violence and sexual offences,Unable to prosecute suspect,
fc7f19d5e563752033d9a9262e591d5609078af4a76d6e8a70973e1d89e26f51,2025-12,North Yorkshire Police,North Yorkshire Police,-1.981484,53.909632,On or near Priest Bank Road,E01027555,Craven 008A,Violence and sexual offences,Unable to prosecute suspect,
,2025-12,North Yorkshire Police,North Yorkshire Police,-1.991897,53.901094,On or near Main Street,E01027564,Craven 008B,Anti-social behaviour,,
7f8aa791ca37dc3ee9e4eb95d86f31ade0e4660a210c1a0c453832d7ad5f9df5,2025-12,North Yorkshire Police,North Yorkshire Police,-1.990497,53.901364,On or near Hall Street,E01027564,Craven 008B,Criminal damage and arson,Investigation complete; no suspect identified,
60b985110d62f43a0d5774f8ed65f1513a2961cf274ceeb1153751150236b341,2025-12,North Yorkshire Police,North Yorkshire Police,-1.996752,53.901571,On or near Hopps'S Road,E01027564,Craven 008B,Drugs,Investigation complete; no suspect identified,
14066b72a5fcc254f68061b6ed282cc53e8d757fce5729b1c068a65bc9291448,2025-12,North Yorkshire Police,North Yorkshire Police,-1.993191,53.900330,On or near Beech Street,E01027564,Craven 008B,Violence and sexual offences,Unable to prosecute suspect,
6bf48d37d3914b8b79caa10ccdaa0003bf337c7717f662558a9024ecb1dbc897,2025-12,North Yorkshire Police,North Yorkshire Police,-1.993191,53.900330,On or near Beech Street,E01027564,Craven 008B,Violence and sexual offences,Unable to prosecute suspect,
713b265402019ff50cd7226f26dd919618bbe770fdcb8f53df9010bb4ec57568,2025-12,North Yorkshire Police,North Yorkshire Police,-1.993846,53.899656,On or near Town End Close,E01027564,Craven 008B,Violence and sexual offences,Unable to prosecute suspect,
f594dee8e51724b563c15ee3758b667239e78f310b15ee692e1204a4aa94656a,2025-12,North Yorkshire Police,North Yorkshire Police,-1.993191,53.900330,On or near Beech Street,E01027564,Craven 008B,Violence and sexual offences,Unable to prosecute suspect,
14066b72a5fcc254f68061b6ed282cc53e8d757fce5729b1c068a65bc9291448,2025-12,North Yorkshire Police,North Yorkshire Police,-1.993191,53.900330,On or near Beech Street,E01027564,Craven 008B,Violence and sexual offences,Under investigation,
,2025-12,North Yorkshire Police,North Yorkshire Police,-1.988259,53.903530,On or near Station Grove,E01027565,Craven 008C,Anti-social behaviour,,
2a84d7fe963a3f61ee43a11a8d02d7018fa8a3b25b5befeac3fe3e8adaef6796,2025-12,North Yorkshire Police,North Yorkshire Police,-1.989447,53.902784,On or near Newby Street,E01027565,Craven 008C,Other theft,Unable to prosecute suspect,
1793339088a8637ca8e9e4567c538502bcf38ec14661b080a7f6fdc9c07acb59,2025-12,North Yorkshire Police,North Yorkshire Police,-1.977117,53.905676,On or near Parking Area,E01027565,Craven 008C,Vehicle crime,Investigation complete; no suspect identified,
8feee3f29f43722ca510a0d87205b10db16dd4cc8e1eaddf99aeedeeedc41176,2025-12,North Yorkshire Police,North Yorkshire Police,-1.987742,53.901391,On or near Smalldrink Lane,E01027565,Craven 008C,Violence and sexual offences,Awaiting court outcome,
a785bbfd5237648089cbeec00c50f82a340ef6d25486eebe60ff316e54f23ec4,2025-12,North Yorkshire Police,North Yorkshire Police,-1.987742,53.901391,On or near Smalldrink Lane,E01027565,Craven 008C,Violence and sexual offences,Awaiting court outcome,
771502ac93905b1ef2d69d39c4a457242b800d5cd473574ee68bcc6f1148b710,2025-12,North Yorkshire Police,North Yorkshire Police,-1.988929,53.902640,On or near Newby Drive,E01027565,Craven 008C,Violence and sexual offences,Investigation complete; no suspect identified,
0d3af4a68b8b5b37ce429ef73193246b0adee76f534161f49d55844a891ca2a8,2025-12,North Yorkshire Police,North Yorkshire Police,-1.987742,53.901391,On or near Smalldrink Lane,E01027565,Craven 008C,Violence and sexual offences,Awaiting court outcome,
cb377c5310090c3d5e858456cee2338f2e21149b6896faba4f7d151c4ca741e5,2025-12,North Yorkshire Police,North Yorkshire Police,-2.003327,53.898767,On or near Harrison Place,E01027566,Craven 008D,Bicycle theft,Investigation complete; no suspect identified,
0829623c8bb1c978fb93534e9c1d9feaead9bcf7822451d9f12599de5f566b9e,2025-12,North Yorkshire Police,North Yorkshire Police,-2.001485,53.898884,On or near Hartley Street,E01027566,Craven 008D,Burglary,Investigation complete; no suspect identified,
,2025-12,North Yorkshire Police,North Yorkshire Police,-1.985964,53.894479,On or near Dixon Street,E01027583,Craven 008E,Anti-social behaviour,,
a66ff082a63ea033ad112e23d2035dbe762fcf5f9188d2ca4cdd7cf98f6124b8,2025-12,North Yorkshire Police,North Yorkshire Police,-1.987836,53.894982,On or near North Street,E01027583,Craven 008E,Violence and sexual offences,Unable to prosecute suspect,
,2025-12,North Yorkshire Police,North Yorkshire Police,-1.996966,53.891639,On or near Willow Way,E01027584,Craven 008F,Anti-social behaviour,,
ceb1ed06c74189804e6d369b733bcd79e3bbf971cfc65fe22d88b1492c016d0b,2025-12,North Yorkshire Police,North Yorkshire Police,-2.017769,53.897831,On or near Jackson Row,E01027584,Craven 008F,Other theft,Unable to prosecute suspect,
48b94196d334da0b19a3f888f579021e095fbbdcfa3db5abcd6c7c3c564e3751,2025-12,North Yorkshire Police,North Yorkshire Police,-1.991625,53.892888,On or near Greenroyd Court,E01027584,Craven 008F,Violence and sexual offences,Unable to prosecute suspect,
bc373743672e4f75b17b56fdd51d119a5246aacdc40efa41973122b04756b04c,2025-12,North Yorkshire Police,North Yorkshire Police,-2.011590,53.897112,On or near Montagu Close,E01027584,Craven 008F,Violence and sexual offences,Unable to prosecute suspect,
12be1f56c2a7f4dcd77a11afb4baf29c771c19cf4e5d0610a59ef2b41576c793,2025-12,North Yorkshire Police,North Yorkshire Police,-1.988688,53.894380,On or near Main Street,E01027584,Craven 008F,Violence and sexual offences,Unable to prosecute suspect,
b2747c1beea894ba13777119c3a9e4f39ece918a9df3db6afcd88436bc7ca3c9,2025-12,North Yorkshire Police,North Yorkshire Police,-2.017769,53.897831,On or near Jackson Row,E01027584,Craven 008F,Violence and sexual offences,Awaiting court outcome,
7e6785e5188bf4bda10e62513dede1067e18f1d67d502cb9e9db0cb1c971da14,2025-12,North Yorkshire Police,North Yorkshire Police,-2.185160,54.184543,On or near ,E01027585,Craven 009A,Burglary,Investigation complete; no suspect identified,
be879b64e6ccf149aacb2a495bee0a9b181fbf7ef70a52400e7598cdb0a98697,2025-12,North Yorkshire Police,North Yorkshire Police,-2.185160,54.184543,On or near ,E01027585,Craven 009A,Burglary,Under investigation,
3c86df70c02ac9eb797699b6c8cf43bdd4b5e2c5abd57af0dfb2ea3b4c0c95dc,2025-12,North Yorkshire Police,North Yorkshire Police,-2.030426,54.079172,On or near Wood Acre Close,E01027585,Craven 009A,Violence and sexual offences,Under investigation,
,2025-12,North Yorkshire Police,North Yorkshire Police,-1.998987,54.064850,On or near Church Road,E01027567,Craven 009B,Anti-social behaviour,,
14f40894d6b85377cf7f4b064bc0f4eef053f5b2c5a4411be385aca0ec70abb1,2025-12,North Yorkshire Police,North Yorkshire Police,-1.998987,54.064850,On or near Church Road,E01027567,Craven 009B,Violence and sexual offences,Further investigation is not in the public interest,
b76daadf916c170161a453de1aba7b71531429a84619f4725253abecc5bae836,2025-12,North Yorkshire Police,North Yorkshire Police,-2.137218,54.014061,On or near ,E01027562,Craven 009C,Burglary,Investigation complete; no suspect identified,
1bed697f4f47902700f53b1c1fb89b76395837e71f350fb859e4ce1e95fac4da,2025-12,North Yorkshire Police,North Yorkshire Police,-2.181076,54.014562,On or near Dacre Lane,E01027562,Craven 009C,Other theft,Unable to prosecute suspect,
79fdc8482f684cfb4b274d3c95f962b095fe815cde6b43538f8837015d4418f1,2025-12,North Yorkshire Police,North Yorkshire Police,-2.087869,54.056964,On or near Park/Open Space,E01027557,Craven 009D,Burglary,Under investigation,
6aa8121de291d746d2580c383d857fde712798d52336b438b2881bd8e7a46143,2025-12,North Yorkshire Police,North Yorkshire Police,-1.893029,53.980526,On or near Parking Area,E01027557,Craven 009D,Other theft,Investigation complete; no suspect identified,
ad83c46b232b7d801255c01384dc09ca3e1058e5878ad88d6406dbcad017a628,2025-12,North Yorkshire Police,North Yorkshire Police,-1.853309,53.984582,On or near Parking Area,E01027557,Craven 009D,Vehicle crime,Unable to prosecute suspect,
108dc3edfd99753a7c67d06af58dc55115401acda3dd28079b597969c1e3e904,2025-12,North Yorkshire Police,North Yorkshire Police,-1.907175,53.975837,On or near Bolton Abbey,E01027557,Craven 009D,Violence and sexual offences,Investigation complete; no suspect identified,
ddec5a1c9e5c7fb7bd3bcb40226279ecdfec1729dc75bcfc97905cf1f4abf8d2,2025-12,North Yorkshire Police,North Yorkshire Police,-1.994856,53.977535,On or near Rockville Drive,E01027561,Craven 009E,Violence and sexual offences,Under investigation,
ddec5a1c9e5c7fb7bd3bcb40226279ecdfec1729dc75bcfc97905cf1f4abf8d2,2025-12,North Yorkshire Police,North Yorkshire Police,-1.994856,53.977535,On or near Rockville Drive,E01027561,Craven 009E,Violence and sexual offences,Under investigation,
,2025-12,North Yorkshire Police,North Yorkshire Police,-2.033388,53.961856,On or near Sports/Recreation Area,E01027576,Craven 009F,Anti-social behaviour,,
6268d5ff810c5a94d7825d34ad9da2b727203091a2b80f7db207fac077c7cf34,2025-12,North Yorkshire Police,North Yorkshire Police,-2.037279,53.963656,On or near ,E01027576,Craven 009F,Violence and sexual offences,Under investigation,
e4ac80b21b270b873e888014af15badab25f13ea6661555cfa7410cfadf6d0d8,2025-12,North Yorkshire Police,North Yorkshire Police,-2.032475,53.964076,On or near Park Wood Crescent,E01027576,Craven 009F,Violence and sexual offences,Unable to prosecute suspect,
e02abbf2ac635756b40729cbbc48fe0ef7fea557156f6bd054b573331b671e0b,2025-12,North Yorkshire Police,North Yorkshire Police,-1.453356,54.501455,On or near The Front,E01012345,Darlington 015D,Criminal damage and arson,Unable to prosecute suspect,
0b8f8316c708f8fed56d37df9bd9ca48d04d30763a7c8d4161ee0557dcc87bd1,2025-12,North Yorkshire Police,North Yorkshire Police,-0.228149,54.130796,On or near Grindale Road,E01012934,East Riding of Yorkshire 001B,Violence and sexual offences,Unable to prosecute suspect,
3635f61a730fab642701a142bda4311071af60b600d24c1c406052142e78d56b,2025-12,North Yorkshire Police,North Yorkshire Police,-0.929247,53.706837,On or near Parking Area,E01013074,East Riding of Yorkshire 040E,Criminal damage and arson,Investigation complete; no suspect identified,
34c68637c0fbf649953a8209aea238fd8ddeef5a22999cf0c3148a1da5ef2498,2025-12,North Yorkshire Police,North Yorkshire Police,-0.962111,53.700502,On or near Bank Side,E01013072,East Riding of Yorkshire 042A,Other theft,Investigation complete; no suspect identified,
,2025-12,North Yorkshire Police,North Yorkshire Police,-1.146432,54.434144,On or near Bank Lane,E01027591,Hambleton 001A,Anti-social behaviour,,
,2025-12,North Yorkshire Police,North Yorkshire Police,-1.156049,54.447036,On or near High Street,E01027591,Hambleton 001A,Anti-social behaviour,,
4bfe1e3a611e39bcb5ff2f4a48a787d33084efe0b5d6c8c4fa74a2edc207737f,2025-12,North Yorkshire Police,North Yorkshire Police,-1.151756,54.444373,On or near Rievaulx Way,E01027591,Hambleton 001A,Burglary,Investigation complete; no suspect identified,
2b430b22d2bf0955281b0e7441d638cf61c976943928a918255c7ab0f04427fb,2025-12,North Yorkshire Police,North Yorkshire Police,-1.156182,54.449571,On or near Ingleby Road,E01027591,Hambleton 001A,Vehicle crime,Awaiting court outcome,
d90869830b839e8bf78ac6994a5fcadac32549802095dfb87d0968e64d457aa5,2025-12,North Yorkshire Police,North Yorkshire Police,-1.172308,54.447589,On or near Kirkby Lane,E01027591,Hambleton 001A,Violence and sexual offences,Under investigation,
f5a0b0472ec3e0984f5d9478f623f55b1883f383bbdbf85e4275f44f5f267cd8,2025-12,North Yorkshire Police,North Yorkshire Police,-1.156289,54.447361,On or near High Street,E01027591,Hambleton 001A,Violence and sexual offences,Investigation complete; no suspect identified,
,2025-12,North Yorkshire Police,North Yorkshire Police,-1.098040,54.492380,On or near Bus/Coach Station,E01027597,Hambleton 001B,Anti-social behaviour,,
,2025-12,North Yorkshire Police,North Yorkshire Police,-1.133246,54.488423,On or near Supermarket,E01027597,Hambleton 001B,Anti-social behaviour,,
,2025-12,North Yorkshire Police,North Yorkshire Police,-1.133246,54.488423,On or near Supermarket,E01027597,Hambleton 001B,Anti-social behaviour,,
,2025-12,North Yorkshire Police,North Yorkshire Police,-1.132134,54.488433,On or near Parking Area,E01027597,Hambleton 001B,Anti-social behaviour,,
,2025-12,North Yorkshire Police,North Yorkshire Police,-1.132134,54.488433,On or near Parking Area,E01027597,Hambleton 001B,Anti-social behaviour,,
,2025-12,North Yorkshire Police,North Yorkshire Police,-1.132907,54.490604,On or near Pearson Ville,E01027597,Hambleton 001B,Anti-social behaviour,,
472a14e2afffbb44e46f87412c0c693881579f2fdb53d23380d2f67d7f51c3b1,2025-12,North Yorkshire Police,North Yorkshire Police,-1.132134,54.488433,On or near Parking Area,E01027597,Hambleton 001B,Drugs,Awaiting court outcome,
,2025-12,North Yorkshire Police,North Yorkshire Police,-1.138495,54.489134,On or near Beech Close,E01027599,Hambleton 001C,Anti-social behaviour,,
,2025-12,North Yorkshire Police,North Yorkshire Police,-1.139251,54.488403,On or near Holly Garth Close,E01027599,Hambleton 001C,Anti-social behaviour,,
,2025-12,North Yorkshire Police,North Yorkshire Police,-1.139251,54.488403,On or near Holly Garth Close,E01027599,Hambleton 001C,Anti-social behaviour,,
9a2a74d1a7a1453d703b8e30e7ac7af0737b2a4a946648496bc7f00507074311,2025-12,North Yorkshire Police,North Yorkshire Police,-1.133558,54.491921,On or near Cleveland Street,E01027599,Hambleton 001C,Violence and sexual offences,Unable to prosecute suspect,
c40cdd910ca5b7976eb3660110df45d46d38da8c8e9e3e7af00913c408a10645,2025-12,North Yorkshire Police,North Yorkshire Police,-1.138495,54.489134,On or near Beech Close,E01027599,Hambleton 001C,Violence and sexual offences,Unable to prosecute suspect,
2839ca6fd6993c9d1e700a86c5f6aa7fe52029eea53d53833175453d612f92ed,2025-12,North Yorkshire Police,North Yorkshire Police,-1.139251,54.488403,On or near Holly Garth Close,E01027599,Hambleton 001C,Violence and sexual offences,Investigation complete; no suspect identified,
d39f10dc1c2597ce9cd2d45dd895b32b7c65d409c291d5d9e2562f587d60186a,2025-12,North Yorkshire Police,North Yorkshire Police,-1.132419,54.492506,On or near Woodbine Close,E01027599,Hambleton 001C,Violence and sexual offences,Unable to prosecute suspect,
,2025-12,North Yorkshire Police,North Yorkshire Police,-1.182769,54.474406,On or near Roseberry Avenue,E01027623,Hambleton 001D,Anti-social behaviour,,
c606668e4a71b809eaa3ca00b3381221e23546b655c0d13b8df5e5247d605992,2025-12,North Yorkshire Police,North Yorkshire Police,-1.187890,54.472994,On or near The Avenue,E01027623,Hambleton 001D,Violence and sexual offences,Unable to prosecute suspect,
897c576599b54b23622f6b1a1a7bc8bea65d487a7d372021579cfa6e0d83e59c,2025-12,North Yorkshire Police,North Yorkshire Police,-1.188448,54.472863,On or near Springfield,E01027623,Hambleton 001D,Violence and sexual offences,Unable to prosecute suspect,
35c377b11660fcc54ff23595f901d3380ca93d9571633f9e8e54498b92ca865b,2025-12,North Yorkshire Police,North Yorkshire Police,-1.187890,54.472994,On or near The Avenue,E01027623,Hambleton 001D,Violence and sexual offences,Unable to prosecute suspect,
254847c7209644f84b7fa29f0c3013bd6553f5330edb69ef1aad23a4a5b08d50,2025-12,North Yorkshire Police,North Yorkshire Police,-1.187890,54.472994,On or near The Avenue,E01027623,Hambleton 001D,Violence and sexual offences,Unable to prosecute suspect,
47c0029eaac12ae516904211ed10e676d790352630965de47ffa6e0eaa3effc5,2025-12,North Yorkshire Police,North Yorkshire Police,-1.188448,54.472863,On or near Springfield,E01027623,Hambleton 001D,Other crime,Unable to prosecute suspect,
9beb83dcdfbb165599f75750ac0787a532ca37ff592524d084338f030ecad7e6,2025-12,North Yorkshire Police,North Yorkshire Police,-1.188582,54.469970,On or near Manor Close,E01027623,Hambleton 001D,Other crime,Unable to prosecute suspect,
,2025-12,North Yorkshire Police,North Yorkshire Police,-1.199181,54.469276,On or near Allen Grove,E01027625,Hambleton 001E,Anti-social behaviour,,
,2025-12,North Yorkshire Police,North Yorkshire Police,-1.203209,54.469222,On or near Apple Tree Road,E01027625,Hambleton 001E,Anti-social behaviour,,
,2025-12,North Yorkshire Police,North Yorkshire Police,-1.194735,54.470190,On or near Stone Hall Close,E01027625,Hambleton 001E,Anti-social behaviour,,
c424348de091a320e1ba5d2249288ce844b9b2d6e3d49f1e32ecf7289ff18f08,2025-12,North Yorkshire Police,North Yorkshire Police,-1.202088,54.470518,On or near Hebron Court,E01027625,Hambleton 001E,Other theft,Unable to prosecute suspect,
784cfe4f2dc20c7d755c895be2809fd8e099f37fa84afe4897fd3182388b1ef7,2025-12,North Yorkshire Police,North Yorkshire Police,-1.191040,54.470525,On or near Parking Area,E01027625,Hambleton 001E,Violence and sexual offences,Under investigation,
9002b6e275cc432ef686c059b01f7975bc957e3ae6fa295164ff32855fd9dcba,2025-12,North Yorkshire Police,North Yorkshire Police,-1.199181,54.469276,On or near Allen Grove,E01027625,Hambleton 001E,Violence and sexual offences,Unable to prosecute suspect,
d744747c9758206f66663bf293a1700d555577858ac35508926e68250957fd84,2025-12,North Yorkshire Police,North Yorkshire Police,-1.200503,54.469510,On or near Sowerby Crescent,E01027625,Hambleton 001E,Other crime,Action to be taken by another organisation,
5152a1613b259c4d8aad0b23ef15b8a6aff2c8931713ca3b93d5826e05069add,2025-12,North Yorkshire Police,North Yorkshire Police,-1.192254,54.470021,On or near High Street,E01027625,Hambleton 001E,Other crime,Action to be taken by another organisation,
,2025-12,North Yorkshire Police,North Yorkshire Police,-1.164788,54.495044,On or near Pannierman Lane,E01027598,Hambleton 002A,Anti-social behaviour,,
6f92b177fa990a5f1733178d80813048568989af8e9852da229508d720235681,2025-12,North Yorkshire Police,North Yorkshire Police,-1.129457,54.496035,On or near Orchard Close,E01027598,Hambleton 002A,Burglary,Investigation complete; no suspect identified,
dc9e2842d7f14362cd117f886db4bfa74d7144e4f3f19a91d3aa0719d8e0e639,2025-12,North Yorkshire Police,North Yorkshire Police,-1.130444,54.494631,On or near Wheatlands,E01027598,Hambleton 002A,Criminal damage and arson,Investigation complete; no suspect identified,
,2025-12,North Yorkshire Police,North Yorkshire Police,-1.283451,54.444911,On or near Linden Close,E01027618,Hambleton 002B,Anti-social behaviour,,
,2025-12,North Yorkshire Police,North Yorkshire Police,-1.282276,54.446836,On or near Belbrough Close,E01027618,Hambleton 002B,Anti-social behaviour,,
3d8baac4f985a66b108df2052c50f32450b9a776ec100512d1ec957acc7908cf,2025-12,North Yorkshire Police,North Yorkshire Police,-1.264038,54.437602,On or near ,E01027618,Hambleton 002B,Burglary,Investigation complete; no suspect identified,
,2025-12,North Yorkshire Police,North Yorkshire Police,-1.193155,54.475977,On or near Peacocks Close,E01027624,Hambleton 002C,Anti-social behaviour,,
da10c606123fd0dce3acb25e0c106388f4b26828112a5fb4ea3b8a20ac1ebdda,2025-12,North Yorkshire Police,North Yorkshire Police,-1.193155,54.475977,On or near Peacocks Close,E01027624,Hambleton 002C,Violence and sexual offences,Unable to prosecute suspect,
,2025-12,North Yorkshire Police,North Yorkshire Police,-1.229334,54.484679,On or near Tanton Close,E01027626,Hambleton 002D,Anti-social behaviour,,
,2025-12,North Yorkshire Police,North Yorkshire Police,-1.194725,54.469094,On or near Leven Wynd,E01027626,Hambleton 002D,Anti-social behaviour,,
13b05d5128e6a0f6e4bc866101e634c393a7f86006487d240b1d066f7a5cd50b,2025-12,North Yorkshire Police,North Yorkshire Police,-1.229334,54.484679,On or near Tanton Close,E01027626,Hambleton 002D,Criminal damage and arson,Investigation complete; no suspect identified,
f3143594ce43d84897ad03c34873de7f94ed0e3db8d5729fd447df927ce982a4,2025-12,North Yorkshire Police,North Yorkshire Police,-1.193110,54.466486,On or near Rosehill Way,E01027626,Hambleton 002D,Criminal damage and arson,Awaiting court outcome,
8f3dfbe442f7462d638326344f590410b8d831306fb795ab475a743c27779213,2025-12,North Yorkshire Police,North Yorkshire Police,-1.194725,54.469094,On or near Leven Wynd,E01027626,Hambleton 002D,Criminal damage and arson,Investigation complete; no suspect identified,
5d6832eb1326f27a3db81ee85803b3bbe3e18d45f9fc9709eb2abf73f01b817b,2025-12,North Yorkshire Police,North Yorkshire Police,-1.236106,54.485728,On or near Hilton Road,E01027626,Hambleton 002D,Drugs,Local resolution,
fd9a1f5485774628313bad1a251ba19688400c2386bb906570121a53dad1f178,2025-12,North Yorkshire Police,North Yorkshire Police,-1.193908,54.469079,On or near Milburn'S Yard,E01027626,Hambleton 002D,Vehicle crime,Investigation complete; no suspect identified,
a818b43bb2d9709450d14b2d1d300bcb71e1179530af7d7c19963c4dc98ce043,2025-12,North Yorkshire Police,North Yorkshire Police,-1.229334,54.484679,On or near Tanton Close,E01027626,Hambleton 002D,Violence and sexual offences,Unable to prosecute suspect,
b789639a1447f0f3e58c3759469c1cf88c388ba4d9b822afc4624639ae26825b,2025-12,North Yorkshire Police,North Yorkshire Police,-1.194725,54.469094,On or near Leven Wynd,E01027626,Hambleton 002D,Violence and sexual offences,Under investigation,
9f2af7f11b1ba5696fb24eec14d89d901da84247d5471d143822110299b192e4,2025-12,North Yorkshire Police,North Yorkshire Police,-1.193110,54.466486,On or near Rosehill Way,E01027626,Hambleton 002D,Violence and sexual offences,Unable to prosecute suspect,
94a5e44fd1398959336b14071dee80cb953c98837e715b91a3472bf7a73cf372,2025-12,North Yorkshire Police,North Yorkshire Police,-1.193110,54.466486,On or near Rosehill Way,E01027626,Hambleton 002D,Violence and sexual offences,Awaiting court outcome,
3676d6250af94d7d3f89cab1af65e593bbeb92c226b514035acfb044442d9b36,2025-12,North Yorkshire Police,North Yorkshire Police,-1.203582,54.468304,On or near ,E01027626,Hambleton 002D,Violence and sexual offences,Unable to prosecute suspect,
9abfc8fd81193e927cb0847f431a15854a934fbbc71d65e44192124e1b58cb3c,2025-12,North Yorkshire Police,North Yorkshire Police,-1.241473,54.494345,On or near Well Lane,E01027626,Hambleton 002D,Violence and sexual offences,Under investigation,
cefc45ea52697b193ceba721e9f870a10a3b9477cab74b66b86a6e769e8a1aa8,2025-12,North Yorkshire Police,North Yorkshire Police,-1.229334,54.484679,On or near Tanton Close,E01027626,Hambleton 002D,Violence and sexual offences,Unable to prosecute suspect,
4928149bc288668cfe4e3978d80975536df74a3d98132e70fa4f40c7d064f89b,2025-12,North Yorkshire Police,North Yorkshire Police,-1.265731,54.411408,On or near High Street,E01027627,Hambleton 002E,Burglary,Investigation complete; no suspect identified,
496953cc78529ed4fccfe03bd38a92b63fa1dc1eb3d1248aacb32cf3834c1044,2025-12,North Yorkshire Police,North Yorkshire Police,-1.217054,54.431534,On or near ,E01027627,Hambleton 002E,Criminal damage and arson,Investigation complete; no suspect identified,
24936d675b3aa2ebdcdadfa0b5b578082b0f9fff302ed6344ae43a658534fc37,2025-12,North Yorkshire Police,North Yorkshire Police,-1.308960,54.398148,On or near Sports/Recreation Area,E01027627,Hambleton 002E,Other theft,Investigation complete; no suspect identified,
e6f8eb44d7112f5e9720ee66bc03b19135f6535626d2cd8218d632a29765c039,2025-12,North Yorkshire Police,North Yorkshire Police,-1.265452,54.409743,On or near Claver Close,E01027627,Hambleton 002E,Other theft,Under investigation,
c1e5009666b1fe0ff748c1fdd2289d085f4db1bb483245658145c2cad0c9dd8d,2025-12,North Yorkshire Police,North Yorkshire Police,-1.218581,54.432964,On or near ,E01027627,Hambleton 002E,Other theft,Investigation complete; no suspect identified,
e2f656132abb4b8d9a16b92f6c7937bb37f168e162cabfa918f62d24de6b6d94,2025-12,North Yorkshire Police,North Yorkshire Police,-1.131079,54.396467,On or near ,E01027627,Hambleton 002E,Violence and sexual offences,Unable to prosecute suspect,
90efe363dbaa4bac8f482c24c68fd99209e4028cc78b078305fa820aaf5c658c,2025-12,North Yorkshire Police,North Yorkshire Police,-1.310018,54.402861,On or near Priory Way,E01027627,Hambleton 002E,Violence and sexual offences,Formal action is not in the public interest,
,2025-12,North Yorkshire Police,North Yorkshire Police,-1.427429,54.361028,On or near Orchard Grove,E01027590,Hambleton 003A,Anti-social behaviour,,
b92a4542b339cb23a970bde1551a83ecc328a35f087fae40225e5d2608d671b5,2025-12,North Yorkshire Police,North Yorkshire Police,-1.418386,54.359520,On or near Banks Road,E01027590,Hambleton 003A,Possession of weapons,Unable to prosecute suspect,
b50520c1908d46e6b76d56103069c0dd39ce45c3e7f0b93dbbb2444494794998,2025-12,North Yorkshire Police,North Yorkshire Police,-1.428657,54.360108,On or near Lodge Lane,E01027590,Hambleton 003A,Violence and sexual offences,Unable to prosecute suspect,
50f22a8dabd55fa5200136d6a8b2ce78f99ce4fcb0ecc3b41f341ebb07d86fe8,2025-12,North Yorkshire Police,North Yorkshire Police,-1.426130,54.359224,On or near Mill Hill Close,E01027590,Hambleton 003A,Violence and sexual offences,Unable to prosecute suspect,
6a2741e6dfc4c103ff80a31a30cbea9ee872911fd8db166532c1e5cd2a879673,2025-12,North Yorkshire Police,North Yorkshire Police,-1.430484,54.357043,On or near Hilton Close,E01027590,Hambleton 003A,Violence and sexual offences,Under investigation,
cdad20a9c94424846c8c6bc6f1472ba3cbb5cf1483767458aa341d0767ad1fac,2025-12,North Yorkshire Police,North Yorkshire Police,-1.424585,54.360790,On or near The Green,E01027590,Hambleton 003A,Violence and sexual offences,Unable to prosecute suspect,
da63bb01854d59b9da38a031fd81541f34ba494781871bf718f47b39e44895cc,2025-12,North Yorkshire Police,North Yorkshire Police,-1.426784,54.362031,On or near Linen Way,E01027590,Hambleton 003A,Violence and sexual offences,Awaiting court outcome,
d273f531262b7eda0f5f0e065abbe3d38b88ec0248545441ff8a43360ab0fad5,2025-12,North Yorkshire Police,North Yorkshire Police,-1.427429,54.361028,On or near Orchard Grove,E01027590,Hambleton 003A,Violence and sexual offences,Investigation complete; no suspect identified,
d273f531262b7eda0f5f0e065abbe3d38b88ec0248545441ff8a43360ab0fad5,2025-12,North Yorkshire Police,North Yorkshire Police,-1.427429,54.361028,On or near Orchard Grove,E01027590,Hambleton 003A,Violence and sexual offences,Under investigation,
8d3426b1922346a075552942a6ab4eff775e39fd4b80e911aca4298b835b5a0e,2025-12,North Yorkshire Police,North Yorkshire Police,-1.429180,54.359050,On or near Corber Hill,E01027590,Hambleton 003A,Other crime,Unable to prosecute suspect,
c2a8c11d376dc95e2fc4b448032c4be0212998c5f6e18d3b7add1df78caec1ff,2025-12,North Yorkshire Police,North Yorkshire Police,-1.469649,54.435617,On or near Northallerton Road,E01027592,Hambleton 003B,Criminal damage and arson,Investigation complete; no suspect identified,
3c1ce531af7234be5bb1775f82e0268c3df50c6216e87324f85001dfc4b8403e,2025-12,North Yorkshire Police,North Yorkshire Police,-1.476984,54.409217,On or near Birkby Lane,E01027592,Hambleton 003B,Other theft,Investigation complete; no suspect identified,
,2025-12,North Yorkshire Police,North Yorkshire Police,-1.298946,54.324841,On or near Lead Lane,E01027613,Hambleton 003C,Anti-social behaviour,,
,2025-12,North Yorkshire Police,North Yorkshire Police,-1.298946,54.324841,On or near Lead Lane,E01027613,Hambleton 003C,Anti-social behaviour,,
c08904e98a28bbf984b17c872f812f0aae3375674350391e873f465148c2bfa6,2025-12,North Yorkshire Police,North Yorkshire Police,-1.312475,54.368292,On or near Clack Lane,E01027613,Hambleton 003C,Burglary,Unable to prosecute suspect,
736c276eaab788942309b519fe273925ff872c7f6684882341a8b9580c049f50,2025-12,North Yorkshire Police,North Yorkshire Police,-1.348221,54.357166,On or near Foxton Lane,E01027613,Hambleton 003C,Criminal damage and arson,Investigation complete; no suspect identified,
9605f8274ba85b1a06030f75d561c3b916c9490443612eb53279af33afe0a5dd,2025-12,North Yorkshire Police,North Yorkshire Police,-1.284367,54.369342,On or near Limekiln Lane,E01027613,Hambleton 003C,Criminal damage and arson,Investigation complete; no suspect identified,
aca8876b4c938da3b5e786e376eb2ffd34a053c0755ca3ba46a5502e3493d644,2025-12,North Yorkshire Police,North Yorkshire Police,-1.332552,54.381230,On or near Stony Lane,E01027613,Hambleton 003C,Drugs,Under investigation,
24f47eaadf70453612916ebc4b6b60b80061a24fdeccca85964cc2f77ba8f36a,2025-12,North Yorkshire Police,North Yorkshire Police,-1.398609,54.437693,On or near Prospect View,E01027617,Hambleton 003D,Violence and sexual offences,Unable to prosecute suspect,
,2025-12,North Yorkshire Police,North Yorkshire Police,-1.561494,54.303406,On or near Grange Avenue,E01027603,Hambleton 005A,Anti-social behaviour,,
15bfe2c72a8118c8b308f3ee0812cff4d3845e8dc223ca8cc721ea8422cc4472,2025-12,North Yorkshire Police,North Yorkshire Police,-1.559216,54.304865,On or near Supermarket,E01027603,Hambleton 005A,Burglary,Unable to prosecute suspect,
5b52ece2c87a0b31d5f64bc51f5c8098a4520fba2536e026ecbb8b1136e61373,2025-12,North Yorkshire Police,North Yorkshire Police,-1.480594,54.383242,On or near Danby Lane,E01027604,Hambleton 005B,Criminal damage and arson,Investigation complete; no suspect identified,
cdce5bbc0175c80773c6f2690eb53628e76662c92042c4f482998de7306eba02,2025-12,North Yorkshire Police,North Yorkshire Police,-1.506319,54.321868,On or near Dales View,E01027604,Hambleton 005B,Criminal damage and arson,Investigation complete; no suspect identified,
29ed0429623f66667d0b3e75ab4ad9f43a0fd81d1f6f52a707c6f365c0d3b49d,2025-12,North Yorkshire Police,North Yorkshire Police,-1.501652,54.322595,On or near Meadowfields,E01027604,Hambleton 005B,Violence and sexual offences,Under investigation,
fbec1e6e0a7a9df31d19d5753bc10ec7e75cc49bdb04163815ae1e77e057620d,2025-12,North Yorkshire Police,North Yorkshire Police,-1.481803,54.382582,On or near Danby Lane,E01027604,Hambleton 005B,Violence and sexual offences,Unable to prosecute suspect,
2869fdc572b7ee53d80e1ec64b6ce1a67a2141bb2988be12afd4354ccac5d1c1,2025-12,North Yorkshire Police,North Yorkshire Police,-1.450531,54.334227,On or near Chantry Road,E01027614,Hambleton 005D,Criminal damage and arson,Investigation complete; no suspect identified,
3b58f6e772a2cc57f9effaaee98006718e23f47167c682f68fa2342579b3a5c6,2025-12,North Yorkshire Police,North Yorkshire Police,-1.450531,54.334227,On or near Chantry Road,E01027614,Hambleton 005D,Other crime,Unable to prosecute suspect,
7358e59bfe8fd82f9840a2b8f0ff8e68db88d86124515024e0cdfe803205b34b,2025-12,North Yorkshire Police,North Yorkshire Police,-1.440264,54.325840,On or near Harebell Close,E01027615,Hambleton 005E,Violence and sexual offences,Unable to prosecute suspect,
e17eecabe59a9b7cfc5638118cdec791c472c21318b05850f1810af984d9e39b,2025-12,North Yorkshire Police,North Yorkshire Police,-1.440264,54.325840,On or near Harebell Close,E01027615,Hambleton 005E,Violence and sexual offences,Unable to prosecute suspect,
,2025-12,North Yorkshire Police,North Yorkshire Police,-1.587902,54.285695,On or near Tom Hall Court,E01027587,Hambleton 006A,Anti-social behaviour,,
,2025-12,North Yorkshire Police,North Yorkshire Police,-1.590200,54.284804,On or near College Court,E01027587,Hambleton 006A,Anti-social behaviour,,
2af1dfbd0e7d1dfa893cec0fa04ffbdd8c057860f13559da7a5e9b611ad63e4b,2025-12,North Yorkshire Police,North Yorkshire Police,-1.587902,54.285695,On or near Tom Hall Court,E01027587,Hambleton 006A,Public order,Unable to prosecute suspect,
ddab644cea94e3893a81c9ebf82dcb12da34696f7d45ed218182c774b9e08489,2025-12,North Yorkshire Police,North Yorkshire Police,-1.590200,54.284804,On or near College Court,E01027587,Hambleton 006A,Violence and sexual offences,Further investigation is not in the public interest,
77a92b58cac5ce72a6740b95376cddee6847047abe6d07519fa44ec54480456b,2025-12,North Yorkshire Police,North Yorkshire Police,-1.597352,54.283831,On or near Calvert Way,E01027587,Hambleton 006A,Violence and sexual offences,Unable to prosecute suspect,
d9d5c7b084993e3736185d4c3d6c0445cc65f77e28be6023dc2b51390b93b36a,2025-12,North Yorkshire Police,North Yorkshire Police,-1.592800,54.284363,On or near Parking Area,E01027587,Hambleton 006A,Other crime,Further investigation is not in the public interest,
,2025-12,North Yorkshire Police,North Yorkshire Police,-1.591068,54.288689,On or near Parking Area,E01027588,Hambleton 006B,Anti-social behaviour,,
,2025-12,North Yorkshire Police,North Yorkshire Police,-1.583540,54.284143,On or near Javelin Way,E01027588,Hambleton 006B,Anti-social behaviour,,
,2025-12,North Yorkshire Police,North Yorkshire Police,-1.594029,54.289005,On or near The Wynd,E01027588,Hambleton 006B,Anti-social behaviour,,
fd0c1519b9ff40c99fed4af40e0cbb525e67816e91721ab6834b7c4638569d03,2025-12,North Yorkshire Police,North Yorkshire Police,-1.583540,54.284143,On or near Javelin Way,E01027588,Hambleton 006B,Public order,Unable to prosecute suspect,
1c6e185578bcded957816d20cd16df12fc7d40c6219e683e187aaafe188af35c,2025-12,North Yorkshire Police,North Yorkshire Police,-1.592418,54.288820,On or near Market Place,E01027588,Hambleton 006B,Violence and sexual offences,Investigation complete; no suspect identified,
6ce94332be3800de1b47c46ad2c84ca90f43277ece10c453928bce1d932d6777,2025-12,North Yorkshire Police,North Yorkshire Police,-1.592834,54.288758,On or near Supermarket,E01027588,Hambleton 006B,Violence and sexual offences,Unable to prosecute suspect,
0767e6a5ae6fc68e8267e4859db6685cdfebf99fd040b8a9a5faa937191dd9a2,2025-12,North Yorkshire Police,North Yorkshire Police,-1.583315,54.282129,On or near Bowe Crescent,E01027588,Hambleton 006B,Violence and sexual offences,Unable to prosecute suspect,
b929fa622cec64e5c1e625c9a3d67079e2eaf87305f006c1c3949191c2e03adc,2025-12,North Yorkshire Police,North Yorkshire Police,-1.582376,54.283843,On or near Tornado Close,E01027588,Hambleton 006B,Violence and sexual offences,Unable to prosecute suspect,
75468a760c534f9c16fa54d5a6b22f2a4a8f6dd3a7bea03fe15d6b7953545f58,2025-12,North Yorkshire Police,North Yorkshire Police,-1.591068,54.288689,On or near Parking Area,E01027588,Hambleton 006B,Violence and sexual offences,Unable to prosecute suspect,
8d3bcd9abdfa5eec89a5e0ae1d7704502ea7c1bfe06fca2bc109bf0f41bfeb59,2025-12,North Yorkshire Police,North Yorkshire Police,-1.592834,54.288758,On or near Supermarket,E01027588,Hambleton 006B,Violence and sexual offences,Unable to prosecute suspect,
cefd4eb21ca1a28ebc28e01a85f958ac4e1b80cec481c6786d7bbe415d8c4c73,2025-12,North Yorkshire Police,North Yorkshire Police,-1.588629,54.291422,On or near Back Lane,E01027589,Hambleton 006C,Burglary,Under investigation,
30a364e7df21c21eed98074e93db1a5573c67ced9729ef5d06453241697c0aa9,2025-12,North Yorkshire Police,North Yorkshire Police,-1.581522,54.293824,On or near Bielby Close,E01027589,Hambleton 006C,Violence and sexual offences,Under investigation,
30a364e7df21c21eed98074e93db1a5573c67ced9729ef5d06453241697c0aa9,2025-12,North Yorkshire Police,North Yorkshire Police,-1.581522,54.293824,On or near Bielby Close,E01027589,Hambleton 006C,Violence and sexual offences,Unable to prosecute suspect,
,2025-12,North Yorkshire Police,North Yorkshire Police,-1.629231,54.307039,On or near Blacksmith Bank,E01027593,Hambleton 006D,Anti-social behaviour,,
cbf4933adec24c8e4862094ac8c29a3fdbea0ac9b74938214cccc161a5122e61,2025-12,North Yorkshire Police,North Yorkshire Police,-1.636990,54.284504,On or near Cowling Lane,E01027593,Hambleton 006D,Public order,Under investigation,
3b0e2306a13b4796cac4d37cc3ec17566b4b6d99fe69809aff981be1744f4080,2025-12,North Yorkshire Police,North Yorkshire Police,-1.630415,54.306890,On or near Ashdowne Close,E01027593,Hambleton 006D,Violence and sexual offences,Under investigation,
23b48eb1e4346db8ebae96a1c16738f644b529e99e0f651d247240411b665b75,2025-12,North Yorkshire Police,North Yorkshire Police,-1.616468,54.215113,On or near Thiefgate Lane,E01027628,Hambleton 007B,Burglary,Investigation complete; no suspect identified,
65f3154acbca0bd0d0edaac7e760fe26f82f16552985788a47bc73597f01fbf5,2025-12,North Yorkshire Police,North Yorkshire Police,-1.512443,54.223868,On or near Whitecross Hill,E01027628,Hambleton 007B,Criminal damage and arson,Investigation complete; no suspect identified,
93098b0c2e5e640f6980344db1a63b9bffb69285e1688068718ec796a9fe4ac3,2025-12,North Yorkshire Police,North Yorkshire Police,-1.472653,54.215923,On or near ,E01027628,Hambleton 007B,Drugs,Unable to prosecute suspect,
3f140e352ddd4acb7c802f92b67a6e0c771b4f5c8738e80b9e30b62f097b3a5c,2025-12,North Yorkshire Police,North Yorkshire Police,-1.472653,54.215923,On or near ,E01027628,Hambleton 007B,Violence and sexual offences,Unable to prosecute suspect,
9f592d0309430b42f4c919670e1b7cd8ca96b5cdfddb4aee514a9c04d1adac68,2025-12,North Yorkshire Police,North Yorkshire Police,-1.472653,54.215923,On or near ,E01027628,Hambleton 007B,Violence and sexual offences,Unable to prosecute suspect,
9ad758910b6683783f0c101a2bb2be6a5bd6121d5dd9249da1c016e8cd3c005d,2025-12,North Yorkshire Police,North Yorkshire Police,-1.397567,54.289910,On or near Thiefhole Lane,E01027633,Hambleton 007C,Violence and sexual offences,Unable to prosecute suspect,
9bb1e9f0cd9a2fdd7ad53dd7af1e70152f9d94fef718cc4bddf988b0b6288dae,2025-12,North Yorkshire Police,North Yorkshire Police,-1.402043,54.304384,On or near Brockholme Lane,E01027633,Hambleton 007C,Violence and sexual offences,Unable to prosecute suspect,
09b45f55111e6824b6e5e58306b0bfd25a6a311a48f90a70875d69e50c37a9f7,2025-12,North Yorkshire Police,North Yorkshire Police,-1.552014,54.276328,On or near Exelby Close,E01034958,Hambleton 007F,Criminal damage and arson,Investigation complete; no suspect identified,
,2025-12,North Yorkshire Police,North Yorkshire Police,-1.340490,54.231588,On or near Parking Area,E01027620,Hambleton 008A,Anti-social behaviour,,
,2025-12,North Yorkshire Police,North Yorkshire Police,-1.342099,54.231687,On or near Chapel Street,E01027620,Hambleton 008A,Anti-social behaviour,,
,2025-12,North Yorkshire Police,North Yorkshire Police,-1.340490,54.231588,On or near Parking Area,E01027620,Hambleton 008A,Anti-social behaviour,,
416a31675f32710bdb9adb133a4e7abee505e4eabcc87730d8bb770a1673a437,2025-12,North Yorkshire Police,North Yorkshire Police,-1.347454,54.230683,On or near Supermarket,E01027620,Hambleton 008A,Shoplifting,Investigation complete; no suspect identified,
cc81e23b01f624352f61dc37430b11dd815888f74fec86974ec9983d66d9f228,2025-12,North Yorkshire Police,North Yorkshire Police,-1.341611,54.226705,On or near Silver Street,E01027620,Hambleton 008A,Violence and sexual offences,Under investigation,
34a40e8a8873e791b4803f01d7bcd2d7dfca1c3d072fbb0cfbe5d9b5848f7efe,2025-12,North Yorkshire Police,North Yorkshire Police,-1.347454,54.230683,On or near Supermarket,E01027620,Hambleton 008A,Violence and sexual offences,Under investigation,
498ecf41279ec8dabea9794b21839b0eaa8a92e3b66c0fff250a7f7aa0ca0b94,2025-12,North Yorkshire Police,North Yorkshire Police,-1.344593,54.231143,On or near Westgate,E01027620,Hambleton 008A,Violence and sexual offences,Unable to prosecute suspect,
,2025-12,North Yorkshire Police,North Yorkshire Police,-1.348193,54.237328,On or near Gallows Lane,E01027630,Hambleton 008B,Anti-social behaviour,,
,2025-12,North Yorkshire Police,North Yorkshire Police,-1.341810,54.234427,On or near Bridge Street,E01027630,Hambleton 008B,Anti-social behaviour,,
,2025-12,North Yorkshire Police,North Yorkshire Police,-1.343202,54.232789,On or near Parking Area,E01027630,Hambleton 008B,Anti-social behaviour,,
,2025-12,North Yorkshire Police,North Yorkshire Police,-1.339396,54.234764,On or near Piper Lane,E01027630,Hambleton 008B,Anti-social behaviour,,
,2025-12,North Yorkshire Police,North Yorkshire Police,-1.344198,54.231887,On or near Castlegate,E01027630,Hambleton 008B,Anti-social behaviour,,
8a8bf7bb5107334c832f9f5de6b281a67df14015115d031983b3025e42444a71,2025-12,North Yorkshire Police,North Yorkshire Police,-1.341508,54.235081,On or near St James Green,E01027630,Hambleton 008B,Bicycle theft,Unable to prosecute suspect,
44574992fda03198fa241357afd5bb24eb57d88fddd9a8529e987aa7aacd7186,2025-12,North Yorkshire Police,North Yorkshire Police,-1.346017,54.233245,On or near Castle Yard Stables,E01027630,Hambleton 008B,Drugs,Local resolution,
db869ceb13bde41857d5a105e42f63524cb5c7caa6e8928733cc6c1719acaf78,2025-12,North Yorkshire Police,North Yorkshire Police,-1.342519,54.232273,On or near Supermarket,E01027630,Hambleton 008B,Other theft,Unable to prosecute suspect,
72db654f918cdf6c4a6a768d82d13c24684456ec865bc62ce83d2b8496215447,2025-12,North Yorkshire Police,North Yorkshire Police,-1.348193,54.237328,On or near Gallows Lane,E01027630,Hambleton 008B,Other theft,Investigation complete; no suspect identified,
4211fb79ce171253aa0f73e02a18ebb77790023de7d315c3276480cf58808883,2025-12,North Yorkshire Police,North Yorkshire Police,-1.340647,54.232290,On or near Parking Area,E01027630,Hambleton 008B,Possession of weapons,Offender given a caution,
45b2d0ef668baf99eb8024e27a275c77f9e17ef0f89b2a41753bc6595f797c42,2025-12,North Yorkshire Police,North Yorkshire Police,-1.341981,54.233313,On or near Millgate,E01027630,Hambleton 008B,Public order,Unable to prosecute suspect,
4c141a5b1d15ca9312828103bbe1231a0f86b0649b5d452270b62ac4e4ef39b2,2025-12,North Yorkshire Police,North Yorkshire Police,-1.340237,54.233034,On or near Finkle Street,E01027630,Hambleton 008B,Public order,Under investigation,
bc8743eb7061c5bf9077b583b7dd7bf846f0b57265527ab5937d52c0af3e024d,2025-12,North Yorkshire Police,North Yorkshire Police,-1.342519,54.232273,On or near Supermarket,E01027630,Hambleton 008B,Shoplifting,Investigation complete; no suspect identified,
95b44068eaf93225851fb0589a73ef3837e89f889b74b22b564f1e692c568dea,2025-12,North Yorkshire Police,North Yorkshire Police,-1.342519,54.232273,On or near Supermarket,E01027630,Hambleton 008B,Shoplifting,Awaiting court outcome,
4717e6f2332363ce31d953baf63b070c1034fe4d76109df59b60ce00a105e619,2025-12,North Yorkshire Police,North Yorkshire Police,-1.348193,54.237328,On or near Gallows Lane,E01027630,Hambleton 008B,Violence and sexual offences,Under investigation,
a9b4c17c30af6e4e9de20aa5fde60b5b5414d88b8aacc2fa2ffd3d97a0e73ced,2025-12,North Yorkshire Police,North Yorkshire Police,-1.340237,54.233034,On or near Finkle Street,E01027630,Hambleton 008B,Violence and sexual offences,Investigation complete; no suspect identified,
49c5306bcd33040e1aac957155966c7313c87bad71a64394d2a6014948445a93,2025-12,North Yorkshire Police,North Yorkshire Police,-1.342624,54.234350,On or near Parking Area,E01027630,Hambleton 008B,Violence and sexual offences,Further action is not in the public interest,
326faf59635a0357ca8d48f9a59cdceb789fb4fe01e255d4803fc365db2cb7af,2025-12,North Yorkshire Police,North Yorkshire Police,-1.342602,54.233802,On or near Parking Area,E01027630,Hambleton 008B,Violence and sexual offences,Unable to prosecute suspect,
8440b29a7d8a5bc7c62071e8aa8d6acf287352f9a609d14ac297b16eb73cd381,2025-12,North Yorkshire Police,North Yorkshire Police,-1.342519,54.232273,On or near Supermarket,E01027630,Hambleton 008B,Violence and sexual offences,Under investigation,
49c5306bcd33040e1aac957155966c7313c87bad71a64394d2a6014948445a93,2025-12,North Yorkshire Police,North Yorkshire Police,-1.342624,54.234350,On or near Parking Area,E01027630,Hambleton 008B,Violence and sexual offences,Under investigation,
e1db5042f3dbae2480a3a62a9df119e5d7b03d7dc5dd4ddd53566e4e3b2e08b3,2025-12,North Yorkshire Police,North Yorkshire Police,-1.341810,54.234427,On or near Bridge Street,E01027630,Hambleton 008B,Violence and sexual offences,Unable to prosecute suspect,
6c7c73f1f77301d20d02cc20a11cf705736ddb0b31195e14dcda33f8683f6b55,2025-12,North Yorkshire Police,North Yorkshire Police,-1.337828,54.233057,On or near Ingramgate,E01027630,Hambleton 008B,Violence and sexual offences,Unable to prosecute suspect,
1a1b0aa6eceb0d9812e4ce65e34f3d1cc9aa914a4c6da75c8c1b9626c6067b88,2025-12,North Yorkshire Police,North Yorkshire Police,-1.348193,54.237328,On or near Gallows Lane,E01027630,Hambleton 008B,Violence and sexual offences,Under investigation,
8e2283f82b6bc8b422f424e7fb0863feb1c06e3d7a55c982f9a3d9f88bbf3d78,2025-12,North Yorkshire Police,North Yorkshire Police,-1.340237,54.233034,On or near Finkle Street,E01027630,Hambleton 008B,Violence and sexual offences,Unable to prosecute suspect,
79a0210e8f8eed9df74215dbe49ee6fc2120343c12a78993865a571cb2e61b6e,2025-12,North Yorkshire Police,North Yorkshire Police,-1.347724,54.237838,On or near Percy Drive,E01027630,Hambleton 008B,Violence and sexual offences,Unable to prosecute suspect,
7653cee5ec133f104ffc900639bb9ac19e07589add9ae6ed55bb478201fd3057,2025-12,North Yorkshire Police,North Yorkshire Police,-1.343880,54.232551,On or near Police Station,E01027630,Hambleton 008B,Violence and sexual offences,Unable to prosecute suspect,
e47673c5ce5462bf97a21381a9b613fa9d39402ce63893c7e031e98cb8ce1b15,2025-12,North Yorkshire Police,North Yorkshire Police,-1.349177,54.237181,On or near Norby,E01027630,Hambleton 008B,Violence and sexual offences,Unable to prosecute suspect,
2ee621c44ccf1559cc3286ebdebfb6687e4b27c00e70ac0fbdfa6f5842df3025,2025-12,North Yorkshire Police,North Yorkshire Police,-1.343880,54.232551,On or near Police Station,E01027630,Hambleton 008B,Other crime,Investigation complete; no suspect identified,
,2025-12,North Yorkshire Police,North Yorkshire Police,-1.338926,54.236316,On or near Johnson Close,E01027631,Hambleton 008C,Anti-social behaviour,,
1a18df8e626bbd8821657f3b58316e30c9ce984ac5caa4191e62ec773d518d34,2025-12,North Yorkshire Police,North Yorkshire Police,-1.338926,54.236316,On or near Johnson Close,E01027631,Hambleton 008C,Violence and sexual offences,Awaiting court outcome,
26893969b5f961f2df79c07500678f410ef014d707f8ceb349b0901792161a92,2025-12,North Yorkshire Police,North Yorkshire Police,-1.338912,54.235283,On or near Long Street,E01027631,Hambleton 008C,Violence and sexual offences,Unable to prosecute suspect,
fe892e213448961749b3600557eda9bb2deb895c2f8943aad9cf156b00c227e4,2025-12,North Yorkshire Police,North Yorkshire Police,-1.337674,54.238844,On or near St Mary'S Avenue,E01027631,Hambleton 008C,Violence and sexual offences,Unable to prosecute suspect,
fb7469f310acd559cb60897214073ddf09e118a5f729ecbdac36fdab7ebafeac,2025-12,North Yorkshire Police,North Yorkshire Police,-1.337294,54.237637,On or near St Mary'S Close,E01027631,Hambleton 008C,Violence and sexual offences,Unable to prosecute suspect,
ffe510249e28651803b65fbf99d137d4284845e2ef14915ca4df635c4cfdd7b3,2025-12,North Yorkshire Police,North Yorkshire Police,-1.349159,54.235365,On or near Cemetery Road,E01027632,Hambleton 008D,Possession of weapons,Under investigation,
37913ea2725118754941cda6d1c61db2239df6802795cb74842e39628ceddf24,2025-12,North Yorkshire Police,North Yorkshire Police,-1.346431,54.236168,On or near Cygnet Close,E01027632,Hambleton 008D,Violence and sexual offences,Under investigation,
fdfe86467dc95d9d27a55e2aecc2f6ed71a55cf6e294ff25da0010872e1bc5ca,2025-12,North Yorkshire Police,North Yorkshire Police,-1.402214,54.221458,On or near Coney Garth Lane,E01027632,Hambleton 008D,Violence and sexual offences,Unable to prosecute suspect,
,2025-12,North Yorkshire Police,North Yorkshire Police,-1.339875,54.297032,On or near Gate Lane,E01027637,Hambleton 008E,Anti-social behaviour,,
d8996ac48d288580d8939f972a0225cb747fbc529ba9bf85c6140cfb6530c685,2025-12,North Yorkshire Police,North Yorkshire Police,-1.296336,54.305746,On or near Peasland Lane,E01027637,Hambleton 008E,Burglary,Unable to prosecute suspect,
e6a00470be67b8ff9a5a441a0576357087913b03814b5cfc9f576c252ad0d938,2025-12,North Yorkshire Police,North Yorkshire Police,-1.256853,54.236629,On or near Melbourne Drive,E01027637,Hambleton 008E,Criminal damage and arson,Unable to prosecute suspect,
d7736b76a63cb8f0921ba97014be97343263cb5b451c6694317882603940d904,2025-12,North Yorkshire Police,North Yorkshire Police,-1.345896,54.306861,On or near Long Lane,E01027637,Hambleton 008E,Robbery,Unable to prosecute suspect,
e6287e00ce668e2133657711c56f4be32aabcaeb15e44dae091e1943b5574453,2025-12,North Yorkshire Police,North Yorkshire Police,-1.348825,54.249797,On or near Church Farm,E01027637,Hambleton 008E,Robbery,Unable to prosecute suspect,
,2025-12,North Yorkshire Police,North Yorkshire Police,-1.328692,54.235415,On or near Newlands Court,E01027629,Hambleton 009B,Anti-social behaviour,,
c60315b42f19dec587a2e21686a9819ea28dd5c44407dcedfcc105f8728d8e33,2025-12,North Yorkshire Police,North Yorkshire Police,-1.332247,54.236630,On or near Tranmire Close,E01027629,Hambleton 009B,Other theft,Unable to prosecute suspect,
2ced97a7965fef485e9561511183b3565fb52ae2695d01a1381292af91c48d21,2025-12,North Yorkshire Police,North Yorkshire Police,-1.336910,54.234786,On or near Hambleton Drive,E01027629,Hambleton 009B,Vehicle crime,Investigation complete; no suspect identified,
843af0fa36435a30c338efc0cf50f84d0ce1c557cbe8f151e2c588d07ed2235c,2025-12,North Yorkshire Police,North Yorkshire Police,-1.343458,54.179854,On or near Harriers Croft,E01027635,Hambleton 009C,Other theft,Under investigation,
e255e57fe79e5a070a51b9165488a4d0f1947c7902ef974554c45dca562dfb1f,2025-12,North Yorkshire Police,North Yorkshire Police,-1.342372,54.180702,On or near Chapel Garth,E01027635,Hambleton 009C,Violence and sexual offences,Unable to prosecute suspect,
,2025-12,North Yorkshire Police,North Yorkshire Police,-1.214623,54.168244,On or near Amplecarr,E01027636,Hambleton 009D,Anti-social behaviour,,
d6e238f551907d64df4014cb1da5a89b4ab453e056762af47fa1c1557d426823,2025-12,North Yorkshire Police,North Yorkshire Police,-1.180142,54.188471,On or near Petrol Station,E01027636,Hambleton 009D,Vehicle crime,Investigation complete; no suspect identified,
,2025-12,North Yorkshire Police,North Yorkshire Police,-1.356930,54.222070,On or near Primrose Drive,E01034959,Hambleton 009E,Anti-social behaviour,,
8c48fda828b78b55585fac210ba8def2b247c8c34261c893f2a2c165b09d869e,2025-12,North Yorkshire Police,North Yorkshire Police,-1.359393,54.221969,On or near Oak Drive,E01034959,Hambleton 009E,Burglary,Awaiting court outcome,
ce417ce7d874075690f1f66763ceed0405c6ab03b17eeab4fa285de5ff77cb83,2025-12,North Yorkshire Police,North Yorkshire Police,-1.359393,54.221969,On or near Oak Drive,E01034959,Hambleton 009E,Drugs,Under investigation,
6ab9efe14c8f5a5140c7a722d88836721f5f4c6065bddfb7103f7c5875cf1606,2025-12,North Yorkshire Police,North Yorkshire Police,-1.351714,54.218582,On or near Supermarket,E01034959,Hambleton 009E,Shoplifting,Investigation complete; no suspect identified,
388921593c4f742cb7facfb9223480f805b81658c04e494c5b65e788c044a1d2,2025-12,North Yorkshire Police,North Yorkshire Police,-1.353552,54.221288,On or near Apple Tree Road,E01034959,Hambleton 009E,Vehicle crime,Investigation complete; no suspect identified,
047733524ba24f73a827ee6c8338b2e7afa39cf3b97024aca317174a1b9ea312,2025-12,North Yorkshire Police,North Yorkshire Police,-1.359393,54.221969,On or near Oak Drive,E01034959,Hambleton 009E,Violence and sexual offences,Unable to prosecute suspect,
931081364aa36600b71f8f71d6dd4d2ab28546a8535b8baf11f050e299e0121e,2025-12,North Yorkshire Police,North Yorkshire Police,-1.359393,54.221969,On or near Oak Drive,E01034959,Hambleton 009E,Violence and sexual offences,Under investigation,
a6972e2963a08b0bb0e28250f5ffd977a03f3964632936313fca235ea58ba232,2025-12,North Yorkshire Police,North Yorkshire Police,-1.348400,54.226104,On or near Danum Avenue,E01034959,Hambleton 009E,Violence and sexual offences,Awaiting court outcome,
8e69c96bc8754bfde1b41048bc71ab7cebd3cbb19381965ba7d19fed8632595b,2025-12,North Yorkshire Police,North Yorkshire Police,-1.351314,54.221258,On or near Ash Court,E01034959,Hambleton 009E,Violence and sexual offences,Under investigation,
f5d0ed20f6d02625b52093ff84c04d1f354834d0acc2966fc2ca5eee03660fd8,2025-12,North Yorkshire Police,North Yorkshire Police,-1.348400,54.226104,On or near Danum Avenue,E01034959,Hambleton 009E,Violence and sexual offences,Awaiting court outcome,
e07b86d080c594992906b6d792180fa3b2e35c4ebccaa30baba6ed51d3a6435c,2025-12,North Yorkshire Police,North Yorkshire Police,-1.356522,54.228565,On or near The Dialstone,E01034959,Hambleton 009E,Violence and sexual offences,Unable to prosecute suspect,
01f2cef7bc2ca06f6de124949a442b758d188f4ba7d5563effabf623f1b862b9,2025-12,North Yorkshire Police,North Yorkshire Police,-1.359393,54.221969,On or near Oak Drive,E01034959,Hambleton 009E,Violence and sexual offences,Investigation complete; no suspect identified,
640f3c3074eac4e38b4b258e913d241c89efa93b8315b82b6b4b1254753d3ca6,2025-12,North Yorkshire Police,North Yorkshire Police,-1.356930,54.222070,On or near Primrose Drive,E01034959,Hambleton 009E,Violence and sexual offences,Unable to prosecute suspect,
,2025-12,North Yorkshire Police,North Yorkshire Police,-1.340162,54.223282,On or near Back Lane,E01034960,Hambleton 009F,Anti-social behaviour,,
266f6560a72c5f4527c10ce75da23844aabe8ce92b2b5c0deceb96801c7d179b,2025-12,North Yorkshire Police,North Yorkshire Police,-1.328148,54.227332,On or near Bankside Close,E01034960,Hambleton 009F,Public order,Unable to prosecute suspect,
37195b5d30f7af033357726ba307b61915a1a66b53fbb0e7e1b21b816d85db1d,2025-12,North Yorkshire Police,North Yorkshire Police,-1.346310,54.222444,On or near School Garth,E01034960,Hambleton 009F,Violence and sexual offences,Unable to prosecute suspect,
6fa88f45d8b1cdaf4c38c337b18fa9a047ae63f67d7481277f96f405f9bef2f5,2025-12,North Yorkshire Police,North Yorkshire Police,-1.333982,54.220372,On or near South Moor Lane,E01034960,Hambleton 009F,Violence and sexual offences,Unable to prosecute suspect,
de6574a275ed73831ccb266d10920b52fbe7c25198ce02446bc8a81b4a218049,2025-12,North Yorkshire Police,North Yorkshire Police,-1.344473,54.222254,On or near Gravel Hole Lane,E01034960,Hambleton 009F,Violence and sexual offences,Under investigation,
,2025-12,North Yorkshire Police,North Yorkshire Police,-1.184958,54.118903,On or near East Avenue,E01027594,Hambleton 010A,Anti-social behaviour,,
2b50e327cb610c3059683e9afac3a2b8b75bb95c5e15031983ee8d4a88fcaac7,2025-12,North Yorkshire Police,North Yorkshire Police,-1.189328,54.118402,On or near Hospital,E01027594,Hambleton 010A,Burglary,Under investigation,
9afc22a9a86ae38f094814e143de34bb0f4b8acb41447aa82ef5e454fb94b384,2025-12,North Yorkshire Police,North Yorkshire Police,-1.185073,54.117717,On or near Leasmires Avenue,E01027594,Hambleton 010A,Criminal damage and arson,Unable to prosecute suspect,
bd0464c7b0a6cbdde193a6d262ddcb788be8f823114df2873c811b3ee7c46d3e,2025-12,North Yorkshire Police,North Yorkshire Police,-1.187706,54.119191,On or near Crabmill Lane,E01027594,Hambleton 010A,Drugs,Local resolution,
10deabbf855ba77fa71485cb78c261be3cb00b4d29ffdda1d1ea1cddba9443e6,2025-12,North Yorkshire Police,North Yorkshire Police,-1.186430,54.119488,On or near Central Avenue,E01027594,Hambleton 010A,Other theft,Unable to prosecute suspect,
af4584129cdb24a1db1add60dff6ecc1a3aa8ed2227013b38eba9d5e2b6ce2cd,2025-12,North Yorkshire Police,North Yorkshire Police,-1.184958,54.118903,On or near East Avenue,E01027594,Hambleton 010A,Possession of weapons,Offender given a caution,
792ab471af496644630396c615266d4dee1718fc4726d35d4648f26abf61176f,2025-12,North Yorkshire Police,North Yorkshire Police,-1.187675,54.120781,On or near Paradise Field Estate,E01027594,Hambleton 010A,Violence and sexual offences,Unable to prosecute suspect,
19a64d9bcc1c908eddbc29d199b9544635850ba0c9626a41bf4639d7e09f0860,2025-12,North Yorkshire Police,North Yorkshire Police,-1.184958,54.118903,On or near East Avenue,E01027594,Hambleton 010A,Violence and sexual offences,Unable to prosecute suspect,
1c4ec63abb7efd55a5cc403ddf85eb629c29276290275183211264e2a5882587,2025-12,North Yorkshire Police,North Yorkshire Police,-1.191445,54.118101,On or near Rosemary Court,E01027594,Hambleton 010A,Violence and sexual offences,Under investigation,
dea01369f3585e387c434cb0297ea60124936d6c0542a5459f9b67e5dea629f8,2025-12,North Yorkshire Police,North Yorkshire Police,-1.190161,54.118039,On or near Conroy Close,E01027594,Hambleton 010A,Violence and sexual offences,Further investigation is not in the public interest,
6014dc4a90ab26e3bfb16ec26e8758a4ac20edea662b63b60dfb88f4ada79335,2025-12,North Yorkshire Police,North Yorkshire Police,-1.186430,54.119488,On or near Central Avenue,E01027594,Hambleton 010A,Violence and sexual offences,Unable to prosecute suspect,
,2025-12,North Yorkshire Police,North Yorkshire Police,-1.193234,54.118931,On or near Parking Area,E01027595,Hambleton 010B,Anti-social behaviour,,
,2025-12,North Yorkshire Police,North Yorkshire Police,-1.201900,54.122584,On or near Mallard Close,E01027595,Hambleton 010B,Anti-social behaviour,,
1b72179a7de724f246ee45cb439db15b362cee1de25038cdf8e230f232368aeb,2025-12,North Yorkshire Police,North Yorkshire Police,-1.192285,54.114251,On or near Driffield Avenue,E01027595,Hambleton 010B,Burglary,Under investigation,
dc971a812269d853b29a721e0c23df3a13c28aeebc2f071b80c68fe23e50986d,2025-12,North Yorkshire Police,North Yorkshire Police,-1.182577,54.118599,On or near Wagtail Close,E01027595,Hambleton 010B,Other theft,Investigation complete; no suspect identified,
9e048b4a6354e9fb0a0cf6e93755bf96030a24495dfa2f751289e432ca5f1000,2025-12,North Yorkshire Police,North Yorkshire Police,-1.182577,54.118599,On or near Wagtail Close,E01027595,Hambleton 010B,Other theft,Investigation complete; no suspect identified,
37f0bcebb9ab4f3f0a333f81137693043c3ef7c02d42f533e7f52983411ba209,2025-12,North Yorkshire Police,North Yorkshire Police,-1.182577,54.118599,On or near Wagtail Close,E01027595,Hambleton 010B,Other theft,Investigation complete; no suspect identified,
3aefaaad03b70f2fc34f8e745cb1d8e182fc2757aff33887eef88b4a0da17f96,2025-12,North Yorkshire Police,North Yorkshire Police,-1.182577,54.118599,On or near Wagtail Close,E01027595,Hambleton 010B,Other theft,Investigation complete; no suspect identified,
a26399758aea2ae6370adc238c1a20cad23dc7d473d9e234280a2f1a54e82ffa,2025-12,North Yorkshire Police,North Yorkshire Police,-1.174776,54.046859,On or near Parking Area,E01027595,Hambleton 010B,Public order,Unable to prosecute suspect,
f6c074d45695f87e55d0d54772a6c5c1f70ce573d93f93a1c13607648eebe350,2025-12,North Yorkshire Police,North Yorkshire Police,-1.195130,54.119789,On or near Wilkinsons Court,E01027595,Hambleton 010B,Violence and sexual offences,Unable to prosecute suspect,
298619df81fa2fb7b27fc0a16763cd3d2e6433a2329c31d7472967ff751bd356,2025-12,North Yorkshire Police,North Yorkshire Police,-1.192285,54.114251,On or near Driffield Avenue,E01027595,Hambleton 010B,Violence and sexual offences,Under investigation,
0d150b903d162183a4199aa6cdec0c9ed6c89cb7938849a34498e4e30cd7a063,2025-12,North Yorkshire Police,North Yorkshire Police,-1.182226,54.116997,On or near Skylark Way,E01027595,Hambleton 010B,Other crime,Under investigation,
d7b105b049f5820b4daeb3cefaf265b566bd919a56f7cd158a5637cbd6a702cd,2025-12,North Yorkshire Police,North Yorkshire Police,-1.195130,54.119789,On or near Wilkinsons Court,E01027595,Hambleton 010B,Other crime,Under investigation,
9d99eb5b83b62fd37111cf4d406cbdbbcb522d96afc69c402ee559d71691a20f,2025-12,North Yorkshire Police,North Yorkshire Police,-1.184424,54.121164,On or near Lavender Way,E01027596,Hambleton 010C,Burglary,Under investigation,
a0a8027fc13dcf2f4651a84fd8c71b2551949052833be22860117a1715329775,2025-12,North Yorkshire Police,North Yorkshire Police,-1.192292,54.120956,On or near Supermarket,E01027596,Hambleton 010C,Public order,Under investigation,
1ae85df9b588be2abcc061afa5cefaa21543ef638ae3ed01ef3fbdeb45275cfb,2025-12,North Yorkshire Police,North Yorkshire Police,-1.192971,54.124601,On or near Millfield Rise,E01027596,Hambleton 010C,Violence and sexual offences,Under investigation,
72b8009a9861b281f68c7b03c47114f832f7500bb4c522b46f07fffb19042ebe,2025-12,North Yorkshire Police,North Yorkshire Police,-1.199423,54.124051,On or near Gill Croft,E01027596,Hambleton 010C,Violence and sexual offences,Under investigation,
f5bc51e94588fcc6dd8e85eddf5c2f0a291f4255c53703613f3817f2c8b5e234,2025-12,North Yorkshire Police,North Yorkshire Police,-1.184424,54.121164,On or near Lavender Way,E01027596,Hambleton 010C,Violence and sexual offences,Under investigation,
eb80b6103b22d9ba03ad889cb0c238443244d0eac9f22cfc565a9160a0f56637,2025-12,North Yorkshire Police,North Yorkshire Police,-1.186373,54.122390,On or near Snowdrop Close,E01027596,Hambleton 010C,Violence and sexual offences,Under investigation,
f5f62df35f48fa970cc27b64f15a27625e99aabb25e7568ee678c2decf66bad1,2025-12,North Yorkshire Police,North Yorkshire Police,-1.192255,54.122061,On or near Market Place,E01027596,Hambleton 010C,Violence and sexual offences,Unable to prosecute suspect,
,2025-12,North Yorkshire Police,North Yorkshire Police,-1.157694,54.086467,On or near Lea Lane,E01027601,Hambleton 010D,Anti-social behaviour,,
4bcb654c09b71145dc590c8619c781517e54f2928e2fcf30874a73621823e631,2025-12,North Yorkshire Police,North Yorkshire Police,-1.096593,54.146134,On or near Brandsby Bank,E01027622,Hambleton 010E,Burglary,Investigation complete; no suspect identified,
e7291c2238dafeca0816001fd6e13da75a8d4fb7cfb00ccb2beca8a21a23ea2b,2025-12,North Yorkshire Police,North Yorkshire Police,-1.141546,54.122250,On or near Daffy Lane,E01027622,Hambleton 010E,Other theft,Investigation complete; no suspect identified,
21168876d56a1c8d7053544f7f75e9dd864cca5fee35da3500f5f40ef05cdf17,2025-12,North Yorkshire Police,North Yorkshire Police,-1.108407,54.102865,On or near Main Street,E01027622,Hambleton 010E,Violence and sexual offences,Unable to prosecute suspect,
8678ca89d4ea3e41b2b2e31f14c6cc35bc259c5bb0a2fa37be794b2fba250c58,2025-12,North Yorkshire Police,North Yorkshire Police,-1.110703,54.102091,On or near Carr Lane,E01027622,Hambleton 010E,Violence and sexual offences,Under investigation,
87a9b80ab4089d62838ecf04cf2612e731700d27cfc5ec9eec8ca8cc6245f9f4,2025-12,North Yorkshire Police,North Yorkshire Police,-1.110703,54.102091,On or near Carr Lane,E01027622,Hambleton 010E,Violence and sexual offences,Under investigation,
696730347ccf153c3cb79f01e0e64ccde4734b75ac9c20ee63ac020b649ed27a,2025-12,North Yorkshire Police,North Yorkshire Police,-1.245621,54.134802,On or near Somerset Pastures,E01027600,Hambleton 011A,Violence and sexual offences,Under investigation,
868443fecf2f36b28be14f6f92fa49d5882e7e0f046df484fefee508390b7871,2025-12,North Yorkshire Police,North Yorkshire Police,-1.245621,54.134802,On or near Somerset Pastures,E01027600,Hambleton 011A,Violence and sexual offences,Under investigation,
ce848d19d44f2cec6c27cefff43319188f3f589ab24510bfa202f0ca71935f6b,2025-12,North Yorkshire Police,North Yorkshire Police,-1.245621,54.134802,On or near Somerset Pastures,E01027600,Hambleton 011A,Violence and sexual offences,Under investigation,
83b44994834b81633d83e8a544a30824483ffc84ed2c4dae189eab202a829073,2025-12,North Yorkshire Police,North Yorkshire Police,-1.250513,54.133430,On or near West Moor Road,E01027600,Hambleton 011A,Violence and sexual offences,Unable to prosecute suspect,
158e30c909bed3ae9c3df9f3c176ba50cee68dba9ea20bad1329a5cfac871944,2025-12,North Yorkshire Police,North Yorkshire Police,-1.250513,54.133430,On or near West Moor Road,E01027600,Hambleton 011A,Violence and sexual offences,Unable to prosecute suspect,
,2025-12,North Yorkshire Police,North Yorkshire Police,-1.156328,53.995455,On or near Overton Road,E01027619,Hambleton 011B,Anti-social behaviour,,
,2025-12,North Yorkshire Police,North Yorkshire Police,-1.245825,54.040944,On or near Grange Garth,E01027619,Hambleton 011B,Anti-social behaviour,,
e686e100e139c6de6747c01ec25c6660ca196a7f334dda1fc68206896b0cf021,2025-12,North Yorkshire Police,North Yorkshire Police,-1.157558,54.019928,On or near Main Street,E01027619,Hambleton 011B,Violence and sexual offences,Awaiting court outcome,
,2025-12,North Yorkshire Police,North Yorkshire Police,-1.422598,54.347731,On or near Winton Road,E01034961,Hambleton 012A,Anti-social behaviour,,
,2025-12,North Yorkshire Police,North Yorkshire Police,-1.421120,54.345657,On or near South View,E01034961,Hambleton 012A,Anti-social behaviour,,
,2025-12,North Yorkshire Police,North Yorkshire Police,-1.419500,54.347087,On or near Thorntree Road,E01034961,Hambleton 012A,Anti-social behaviour,,
,2025-12,North Yorkshire Police,North Yorkshire Police,-1.431699,54.350398,On or near Northallerton Road,E01034961,Hambleton 012A,Anti-social behaviour,,
,2025-12,North Yorkshire Police,North Yorkshire Police,-1.419610,54.344733,On or near Ash Grove,E01034961,Hambleton 012A,Anti-social behaviour,,
d2f1b06f0ac7e8c052ada18cc3f8433a8306754b78decb0f5086028c45829e8f,2025-12,North Yorkshire Police,North Yorkshire Police,-1.422598,54.347731,On or near Winton Road,E01034961,Hambleton 012A,Criminal damage and arson,Unable to prosecute suspect,
abdfd1af83260bf4bbb388e0d067aeddf5cae30b0ba2187f4ebdda1172145daa,2025-12,North Yorkshire Police,North Yorkshire Police,-1.432050,54.348432,On or near Supermarket,E01034961,Hambleton 012A,Other theft,Unable to prosecute suspect,
de19d01e637730849a085e7ec16e2aeebaadf5aba392e5c84796267e3df712f8,2025-12,North Yorkshire Police,North Yorkshire Police,-1.422598,54.347731,On or near Winton Road,E01034961,Hambleton 012A,Other theft,Investigation complete; no suspect identified,
dfde51f16477cf265aa333de6ed6868d9ceb46eb0c2b1e513f5b0fd295e2fd54,2025-12,North Yorkshire Police,North Yorkshire Police,-1.436036,54.344909,On or near Swain Court,E01034961,Hambleton 012A,Possession of weapons,Under investigation,
dfde51f16477cf265aa333de6ed6868d9ceb46eb0c2b1e513f5b0fd295e2fd54,2025-12,North Yorkshire Police,North Yorkshire Police,-1.436036,54.344909,On or near Swain Court,E01034961,Hambleton 012A,Possession of weapons,Action to be taken by another organisation,
e928418de3b1290ed6b987ec94ecb7a2a0fb72aba81c69115e216f31612f90ff,2025-12,North Yorkshire Police,North Yorkshire Police,-1.392494,54.342379,On or near Banks Road,E01034961,Hambleton 012A,Public order,Unable to prosecute suspect,
dc0e545f3be306ee97db927d9ec89507ae1ef5e9463d2743ba1ac610010bd88b,2025-12,North Yorkshire Police,North Yorkshire Police,-1.437882,54.346059,On or near Shopping Area,E01034961,Hambleton 012A,Shoplifting,Investigation complete; no suspect identified,
6e6c5306b9cc00ca3c2d7329c8e9b07e4aa4abb1ba522f8b2a2a71bbed8a7f2a,2025-12,North Yorkshire Police,North Yorkshire Police,-1.437882,54.346059,On or near Shopping Area,E01034961,Hambleton 012A,Shoplifting,Investigation complete; no suspect identified,
98e5073ec8473cc6817f230aa21072d6ba6a756fb6adc24ab7057a2cb8945680,2025-12,North Yorkshire Police,North Yorkshire Police,-1.444639,54.345740,On or near B6271,E01034961,Hambleton 012A,Violence and sexual offences,Unable to prosecute suspect,
0d4b691b88514fad27dfec4f90612aa29ff5e7ccac50a27652c69a9fe57b594c,2025-12,North Yorkshire Police,North Yorkshire Police,-1.436036,54.344909,On or near Swain Court,E01034961,Hambleton 012A,Violence and sexual offences,Under investigation,
,2025-12,North Yorkshire Police,North Yorkshire Police,-1.435411,54.341925,On or near Police Station,E01034962,Hambleton 012B,Anti-social behaviour,,
,2025-12,North Yorkshire Police,North Yorkshire Police,-1.447252,54.343622,On or near Mayfair Court,E01034962,Hambleton 012B,Anti-social behaviour,,
2bf712d9b3cbf756859c1f64b35612e762fcf10b4a09c49df34616128e837501,2025-12,North Yorkshire Police,North Yorkshire Police,-1.441882,54.344892,On or near Finkills Way,E01034962,Hambleton 012B,Public order,Under investigation,
53b0e37ce156e47357975f59b79c69cd3d06c002efb080bb8e999939f9898cbd,2025-12,North Yorkshire Police,North Yorkshire Police,-1.437005,54.341544,On or near High Street,E01034962,Hambleton 012B,Robbery,Unable to prosecute suspect,
7aa5db3b27574a7a64882ea38d8072e9f668220c48492337ea685f476a650ded,2025-12,North Yorkshire Police,North Yorkshire Police,-1.439272,54.344043,On or near Supermarket,E01034962,Hambleton 012B,Shoplifting,Investigation complete; no suspect identified,
e7fc326f1444d43fdb9a633b4d5b615aea6ef25d749ab0f5fbdfa0c699565ec9,2025-12,North Yorkshire Police,North Yorkshire Police,-1.441882,54.344892,On or near Finkills Way,E01034962,Hambleton 012B,Shoplifting,Unable to prosecute suspect,
d08473b81d420e9faca508802fd4d9ebb88693731e9f3215a713785f1bd47eb7,2025-12,North Yorkshire Police,North Yorkshire Police,-1.441882,54.344892,On or near Finkills Way,E01034962,Hambleton 012B,Shoplifting,Under investigation,
06b3ef18dbba5bc45b100ab05f37f7ae037f08572f78580a13ddae7f689db5d1,2025-12,North Yorkshire Police,North Yorkshire Police,-1.436568,54.340894,On or near Applegarth Court,E01034962,Hambleton 012B,Violence and sexual offences,Investigation complete; no suspect identified,
36268d9bc3b7438c2009a50d2e5d6058e809bdddf6c859d546fcbad59ca9879d,2025-12,North Yorkshire Police,North Yorkshire Police,-1.436568,54.340894,On or near Applegarth Court,E01034962,Hambleton 012B,Violence and sexual offences,Unable to prosecute suspect,
89e3821f19f8111c81b48e46ea6b57c63967bb6c7af7d4fa2e288553a799fbe4,2025-12,North Yorkshire Police,North Yorkshire Police,-1.436568,54.340894,On or near Applegarth Court,E01034962,Hambleton 012B,Violence and sexual offences,Under investigation,
9810c5cb5fb97cb8dbcb5458ce35438c8444f8e25e041447d8aa61b13e9bd2e1,2025-12,North Yorkshire Police,North Yorkshire Police,-1.438090,54.342070,On or near Castle Close,E01034962,Hambleton 012B,Violence and sexual offences,Investigation complete; no suspect identified,
,2025-12,North Yorkshire Police,North Yorkshire Police,-1.424979,54.334782,On or near Greenhill Crescent,E01027610,Hambleton 012C,Anti-social behaviour,,
,2025-12,North Yorkshire Police,North Yorkshire Police,-1.423406,54.333975,On or near Jubilee Gardens,E01027610,Hambleton 012C,Anti-social behaviour,,
8f8b2b68c12d4dd48c60cccacac7f4f69aaf07db327681f2a5235cb23331073b,2025-12,North Yorkshire Police,North Yorkshire Police,-1.425489,54.335666,On or near Prospect View,E01027610,Hambleton 012C,Other theft,Under investigation,
047987e78927a7f592573e8bea07f175a71b744fda39817662f61e5b15f81159,2025-12,North Yorkshire Police,North Yorkshire Police,-1.420907,54.338924,On or near Ashlands Close,E01027610,Hambleton 012C,Violence and sexual offences,Unable to prosecute suspect,
e1d93f97e35e28d49f0ba1462160cec3af34d9254a7c4999b2e54b70ec01dce3,2025-12,North Yorkshire Police,North Yorkshire Police,-1.423083,54.335052,On or near Trinity Gardens,E01027610,Hambleton 012C,Violence and sexual offences,Under investigation,
,2025-12,North Yorkshire Police,North Yorkshire Police,-1.419785,54.334497,On or near Knotto Bottom Way,E01027609,Hambleton 012D,Anti-social behaviour,,
,2025-12,North Yorkshire Police,North Yorkshire Police,-1.424143,54.340692,On or near Elm Avenue,E01027609,Hambleton 012D,Anti-social behaviour,,
7506077f940f8ac853012695c9c51b81e6bc216d769a1d6f8e4ce1af22e7f830,2025-12,North Yorkshire Police,North Yorkshire Police,-1.419785,54.334497,On or near Knotto Bottom Way,E01027609,Hambleton 012D,Violence and sexual offences,Unable to prosecute suspect,
b649ffdf00cf490b0ed8fdbe2bd1315ee005385a3e5baefe5e7e2431efe2e308,2025-12,North Yorkshire Police,North Yorkshire Police,-1.423341,54.340850,On or near Elm Close,E01027609,Hambleton 012D,Violence and sexual offences,Unable to prosecute suspect,
dffeabc9063c99cc5ab86edce806bb21d0d96d76e53bec263a599844d5369307,2025-12,North Yorkshire Police,North Yorkshire Police,-1.419785,54.334497,On or near Knotto Bottom Way,E01027609,Hambleton 012D,Violence and sexual offences,Unable to prosecute suspect,
8109e9a3d4f7e11ebe068d50daca9727fadde960641b1c29be7a5f2721d5464f,2025-12,North Yorkshire Police,North Yorkshire Police,-1.422082,54.339550,On or near Ashlands Road,E01027609,Hambleton 012D,Violence and sexual offences,Under investigation,
,2025-12,North Yorkshire Police,North Yorkshire Police,-1.430351,54.337738,On or near The Link,E01027606,Hambleton 012E,Anti-social behaviour,,
04931553a84351e38d7f62ef0d4a9058cbf3b01b02e19fa6035975a771d4c1cb,2025-12,North Yorkshire Police,North Yorkshire Police,-1.440982,54.332961,On or near Parking Area,E01027606,Hambleton 012E,Criminal damage and arson,Investigation complete; no suspect identified,
,2025-12,North Yorkshire Police,North Yorkshire Police,-1.426445,54.345430,On or near Turker Lane,E01027612,Hambleton 013A,Anti-social behaviour,,
,2025-12,North Yorkshire Police,North Yorkshire Police,-1.428846,54.340894,On or near Dene Road,E01027612,Hambleton 013A,Anti-social behaviour,,
f207ea0a378bf0383699f568c4757bbbdcababdc4ede2638434ae435460b6f21,2025-12,North Yorkshire Police,North Yorkshire Police,-1.426622,54.342717,On or near Forest Road,E01027612,Hambleton 013A,Other theft,Investigation complete; no suspect identified,
93d5d4bb0c05ab0a2be9a3c752e59609440ead69d4003a5dea13ea3560e0947d,2025-12,North Yorkshire Police,North Yorkshire Police,-1.425081,54.341766,On or near Beech Grove,E01027612,Hambleton 013A,Other theft,Unable to prosecute suspect,
d95f3781acd98e5c9c6be15bd4e59d7baeac6a7d51ec7f634941543d30136fc3,2025-12,North Yorkshire Police,North Yorkshire Police,-1.425081,54.341766,On or near Beech Grove,E01027612,Hambleton 013A,Violence and sexual offences,Under investigation,
f7266f82b48bdd7cde6b9ed4315a5f7844ef56d3f9d0d3fef60d05bd79f549f1,2025-12,North Yorkshire Police,North Yorkshire Police,-1.424717,54.342501,On or near The Meadows,E01027612,Hambleton 013A,Violence and sexual offences,Unable to prosecute suspect,
87e3fa803aa502f51123fa9138d1bb62c4e57ab1a6eeee3f082b21a60683d01e,2025-12,North Yorkshire Police,North Yorkshire Police,-1.430045,54.344306,On or near Byland Place,E01027612,Hambleton 013A,Violence and sexual offences,Investigation complete; no suspect identified,
a6b26aa816c22980cf9ae4a266b1541f8a552dfa3404b7de1a69ac51d27f0187,2025-12,North Yorkshire Police,North Yorkshire Police,-1.424717,54.342501,On or near The Meadows,E01027612,Hambleton 013A,Violence and sexual offences,Unable to prosecute suspect,
1a3c8af03d9f7c9317d06981417c680312b843a46e28e5c501de83b6ed9e78a5,2025-12,North Yorkshire Police,North Yorkshire Police,-1.424717,54.342501,On or near The Meadows,E01027612,Hambleton 013A,Violence and sexual offences,Unable to prosecute suspect,
5bc0068eec41754eeb28219cbbdf698687eccd8fccd2e0cda24409a6e6fc5fee,2025-12,North Yorkshire Police,North Yorkshire Police,-1.424717,54.342501,On or near The Meadows,E01027612,Hambleton 013A,Violence and sexual offences,Unable to prosecute suspect,
ce43e820d3d3b157b89d1b0e3c71f4a6a9167e64ae810b7a2b4c583c29186698,2025-12,North Yorkshire Police,North Yorkshire Police,-1.425081,54.341766,On or near Beech Grove,E01027612,Hambleton 013A,Violence and sexual offences,Unable to prosecute suspect,
36e6d3b9f50516c8c69956851c7580db4ceba16fd3c711dc93108d9bbd5eb96a,2025-12,North Yorkshire Police,North Yorkshire Police,-1.424717,54.342501,On or near The Meadows,E01027612,Hambleton 013A,Violence and sexual offences,Unable to prosecute suspect,
d4ae3857fccd3f5f96856572d53192714fce8bbcccf5e049964d3238437149d7,2025-12,North Yorkshire Police,North Yorkshire Police,-1.424717,54.342501,On or near The Meadows,E01027612,Hambleton 013A,Violence and sexual offences,Unable to prosecute suspect,
eaa7336e57b78f81b36c98d5582b7e42d0c29d133a20370c9b83b3a0584aabce,2025-12,North Yorkshire Police,North Yorkshire Police,-1.422875,54.343319,On or near Moorview Road,E01027612,Hambleton 013A,Violence and sexual offences,Unable to prosecute suspect,
af054f1fb7e8fdee4f6694bbbfd847124f03e003df3986b3d884f290c54d3f21,2025-12,North Yorkshire Police,North Yorkshire Police,-1.432469,54.342529,On or near Friarage Mount,E01027612,Hambleton 013A,Violence and sexual offences,Unable to prosecute suspect,
,2025-12,North Yorkshire Police,North Yorkshire Police,-1.432554,54.339725,On or near Nightclub,E01027608,Hambleton 013B,Anti-social behaviour,,
,2025-12,North Yorkshire Police,North Yorkshire Police,-1.435137,54.339782,On or near Shopping Area,E01027608,Hambleton 013B,Anti-social behaviour,,
,2025-12,North Yorkshire Police,North Yorkshire Police,-1.428050,54.337340,On or near Crosby Gardens,E01027608,Hambleton 013B,Anti-social behaviour,,
,2025-12,North Yorkshire Police,North Yorkshire Police,-1.428050,54.337340,On or near Crosby Gardens,E01027608,Hambleton 013B,Anti-social behaviour,,
,2025-12,North Yorkshire Police,North Yorkshire Police,-1.423938,54.337743,On or near Ashlands Court,E01027608,Hambleton 013B,Anti-social behaviour,,
,2025-12,North Yorkshire Police,North Yorkshire Police,-1.428050,54.337340,On or near Crosby Gardens,E01027608,Hambleton 013B,Anti-social behaviour,,
,2025-12,North Yorkshire Police,North Yorkshire Police,-1.428050,54.337340,On or near Crosby Gardens,E01027608,Hambleton 013B,Anti-social behaviour,,
,2025-12,North Yorkshire Police,North Yorkshire Police,-1.425983,54.336657,On or near Greenhowsyke Lane,E01027608,Hambleton 013B,Anti-social behaviour,,
,2025-12,North Yorkshire Police,North Yorkshire Police,-1.423938,54.337743,On or near Ashlands Court,E01027608,Hambleton 013B,Anti-social behaviour,,
,2025-12,North Yorkshire Police,North Yorkshire Police,-1.423938,54.337743,On or near Ashlands Court,E01027608,Hambleton 013B,Anti-social behaviour,,
1fbc483823ab1eb502a6aaa2e9b0034e1b25649cd7a801ebbf9897f1218bce4c,2025-12,North Yorkshire Police,North Yorkshire Police,-1.427471,54.340268,On or near Pinfold Drive,E01027608,Hambleton 013B,Criminal damage and arson,Investigation complete; no suspect identified,
41c61696e179fedc623001a40a60c72025ac8b876e6c357eec7e776cde149d81,2025-12,North Yorkshire Police,North Yorkshire Police,-1.434285,54.337981,On or near Shopping Area,E01027608,Hambleton 013B,Criminal damage and arson,Under investigation,
0ccc79f195eab38717350e013066a4c7fed775dd7b0d93e1ce1462b15708fa2c,2025-12,North Yorkshire Police,North Yorkshire Police,-1.431782,54.337709,On or near Supermarket,E01027608,Hambleton 013B,Criminal damage and arson,Investigation complete; no suspect identified,
83ac14d9e7dc63ed082fbad4bc4faef116f77e7b84e9395acf7545110ccf2f45,2025-12,North Yorkshire Police,North Yorkshire Police,-1.434285,54.337981,On or near Shopping Area,E01027608,Hambleton 013B,Drugs,Under investigation,
722815c7f1e237e262ecd8539457b7684a460e2459f37f4afa1a3e52b45d0ea4,2025-12,North Yorkshire Police,North Yorkshire Police,-1.434285,54.337981,On or near Shopping Area,E01027608,Hambleton 013B,Public order,Under investigation,
5e1e4ebe7e20786086ca4d5d9309e94a2ee56536ac14ad632c97f564e3d353d6,2025-12,North Yorkshire Police,North Yorkshire Police,-1.433780,54.341178,On or near Friarage Street,E01027608,Hambleton 013B,Robbery,Under investigation,
dc4be2a42160fd04caa833e37db23cb03a621a6197a91bfbded8b7e25096b8d1,2025-12,North Yorkshire Police,North Yorkshire Police,-1.435137,54.339782,On or near Shopping Area,E01027608,Hambleton 013B,Shoplifting,Awaiting court outcome,
a73c9524362494427227b3b3f66ea3fff305717a4e239068af061398b5ac0f96,2025-12,North Yorkshire Police,North Yorkshire Police,-1.433780,54.341178,On or near Friarage Street,E01027608,Hambleton 013B,Shoplifting,Awaiting court outcome,
d93d44655284535f8766626814944ec1d9cf0995c22c526974aa34c45361fda4,2025-12,North Yorkshire Police,North Yorkshire Police,-1.431782,54.337709,On or near Supermarket,E01027608,Hambleton 013B,Shoplifting,Investigation complete; no suspect identified,
16f56e52fc997ac4ea85803500481f999cb4f0979ae19a126e662c30724e0c4e,2025-12,North Yorkshire Police,North Yorkshire Police,-1.435137,54.339782,On or near Shopping Area,E01027608,Hambleton 013B,Shoplifting,Awaiting court outcome,
79daa776ed0ec1c0b894bca1c336a9ebe310240e1ad35e30632dd0e6a6a69bc5,2025-12,North Yorkshire Police,North Yorkshire Police,-1.431782,54.337709,On or near Supermarket,E01027608,Hambleton 013B,Shoplifting,Awaiting court outcome,
e07b7242acf7fccc2036906e617603783515f23d1efa73cb87221ce30d02b614,2025-12,North Yorkshire Police,North Yorkshire Police,-1.433780,54.341178,On or near Friarage Street,E01027608,Hambleton 013B,Shoplifting,Unable to prosecute suspect,
73604e511e48ad42296b2ee7d251aa767b590e2633581118f1f9e0967ebcecee,2025-12,North Yorkshire Police,North Yorkshire Police,-1.433780,54.341178,On or near Friarage Street,E01027608,Hambleton 013B,Violence and sexual offences,Unable to prosecute suspect,
9bdaebebfd24ec210525ef80ff1ab4699f71c6e314800410242738ff03f6e0a7,2025-12,North Yorkshire Police,North Yorkshire Police,-1.435137,54.339782,On or near Shopping Area,E01027608,Hambleton 013B,Violence and sexual offences,Under investigation,
85e3b2c130bdeb6bb323c65f2c787dc194d04fbb4c2ec4a1d02981ae5b79f5fd,2025-12,North Yorkshire Police,North Yorkshire Police,-1.433780,54.341178,On or near Friarage Street,E01027608,Hambleton 013B,Violence and sexual offences,Investigation complete; no suspect identified,
6db8f1b8d3f40d0dfef6080f4af6547e276edf03e63490dd40c716ff2d9f59f6,2025-12,North Yorkshire Police,North Yorkshire Police,-1.428050,54.337340,On or near Crosby Gardens,E01027608,Hambleton 013B,Violence and sexual offences,Unable to prosecute suspect,
16ffc7d2dd091889a91ab0079307ed6b50c659d45110c7e6272e965409942e7e,2025-12,North Yorkshire Police,North Yorkshire Police,-1.433721,54.339324,On or near Shopping Area,E01027608,Hambleton 013B,Violence and sexual offences,Unable to prosecute suspect,
d8ff09fb20fdebeb41e8472e370a17ddf67d7b06a1fa00f601d87e3b74ffe566,2025-12,North Yorkshire Police,North Yorkshire Police,-1.425983,54.336657,On or near Greenhowsyke Lane,E01027608,Hambleton 013B,Violence and sexual offences,Unable to prosecute suspect,
5a3ad486055f21f51796c64e8b298da1e5194f1c802d5d4a50916c98e03ec322,2025-12,North Yorkshire Police,North Yorkshire Police,-1.432554,54.339725,On or near Nightclub,E01027608,Hambleton 013B,Violence and sexual offences,Under investigation,
6320b68127b3279aade9ddb190ed1757faaa80c79f83dcee681bc8c7131fcb52,2025-12,North Yorkshire Police,North Yorkshire Police,-1.431782,54.337709,On or near Supermarket,E01027608,Hambleton 013B,Violence and sexual offences,Unable to prosecute suspect,
b750f63d6724985fdeffa4a67ac2b025d95cc468a07aa079a162ef68404586d1,2025-12,North Yorkshire Police,North Yorkshire Police,-1.434285,54.337981,On or near Shopping Area,E01027608,Hambleton 013B,Violence and sexual offences,Under investigation,
c7ad39cba971d8c22ba7d76aec9d0c6315c66d8f07b453c0f8dffbbc05d2ea3a,2025-12,North Yorkshire Police,North Yorkshire Police,-1.432554,54.339725,On or near Nightclub,E01027608,Hambleton 013B,Violence and sexual offences,Under investigation,
6a11aaa9f78833832f7f7fa00637c1cdb533dc9ed937aca5ae60a51480f97d3b,2025-12,North Yorkshire Police,North Yorkshire Police,-1.434285,54.337981,On or near Shopping Area,E01027608,Hambleton 013B,Other crime,Under investigation,
,2025-12,North Yorkshire Police,North Yorkshire Police,-1.444815,54.332673,On or near Manor Green,E01027616,Hambleton 013C,Anti-social behaviour,,
,2025-12,North Yorkshire Police,North Yorkshire Police,-1.444815,54.332673,On or near Manor Green,E01027616,Hambleton 013C,Anti-social behaviour,,
f9c365ef1eb9ecb8905a39d99c231bdf247ed0ddd0ca7b69f4be9d70a0222954,2025-12,North Yorkshire Police,North Yorkshire Police,-1.446732,54.330804,On or near Harewood Lane,E01027616,Hambleton 013C,Criminal damage and arson,Unable to prosecute suspect,
8b168f8e2da323f0aa87382fd96be87cc4be012b4098065d97139b8fccc3d857,2025-12,North Yorkshire Police,North Yorkshire Police,-1.444619,54.334704,On or near Parking Area,E01027616,Hambleton 013C,Vehicle crime,Investigation complete; no suspect identified,
cb385365b16053f8d8cfd485629645e6f1c2876ef67a14e1d45f2240d2737e27,2025-12,North Yorkshire Police,North Yorkshire Police,-1.444193,54.333174,On or near Ainderby Gardens,E01027616,Hambleton 013C,Vehicle crime,Under investigation,
95adf4a4687622a886c2d698d21306dc4aa5df4395d4f7b208e3dc91a33c67ef,2025-12,North Yorkshire Police,North Yorkshire Police,-1.446732,54.330804,On or near Harewood Lane,E01027616,Hambleton 013C,Violence and sexual offences,Investigation complete; no suspect identified,
f0a7fdba12d5c6dcb674e5c7378fc85506658365ab351e2caa48638156051f9e,2025-12,North Yorkshire Police,North Yorkshire Police,-1.444815,54.332673,On or near Manor Green,E01027616,Hambleton 013C,Violence and sexual offences,Formal action is not in the public interest,
49ac97ab3a1e886b674d682a7f2176e908732812c9e1d48a5bebd31cd10db67e,2025-12,North Yorkshire Police,North Yorkshire Police,-1.439018,54.337185,On or near Romanby Road,E01027605,Hambleton 013D,Criminal damage and arson,Investigation complete; no suspect identified,
6333bf9789f3a44df7fb44c4c217e8d56575bcb1f291edac4307ab72b417e23b,2025-12,North Yorkshire Police,North Yorkshire Police,-1.435622,54.336972,On or near Alverton Lane,E01027605,Hambleton 013D,Criminal damage and arson,Investigation complete; no suspect identified,
d80a129ad26cf3e38017397929a885d2523d51efe345fbb3e84cd1afbece30d8,2025-12,North Yorkshire Police,North Yorkshire Police,-1.436515,54.336895,On or near Parking Area,E01027605,Hambleton 013D,Drugs,Under investigation,
422294de6e701ad38aa0ccc1d1d3a271e38b7c4529010c7e5c44ab5a6159143b,2025-12,North Yorkshire Police,North Yorkshire Police,-1.442135,54.336454,On or near Allerton Close,E01027605,Hambleton 013D,Other theft,Investigation complete; no suspect identified,
05ccc80c4227352e5c29c101057079745ca3fa95738f0ade4b3d6783af383263,2025-12,North Yorkshire Police,North Yorkshire Police,-1.435622,54.336972,On or near Alverton Lane,E01027605,Hambleton 013D,Public order,Unable to prosecute suspect,
d9696eff9eeb66554016463b54886072823ef4002584ab2e2fc94fca41e81b76,2025-12,North Yorkshire Police,North Yorkshire Police,-1.438776,54.335755,On or near Malpas Road,E01027605,Hambleton 013D,Public order,Unable to prosecute suspect,
f0792cee8393b0423b0a6fb594cff372fb681a8dd93c765fb6fe982769efc541,2025-12,North Yorkshire Police,North Yorkshire Police,-1.442135,54.336454,On or near Allerton Close,E01027605,Hambleton 013D,Violence and sexual offences,Under investigation,
09b6df4faa639d0dcc83503e40b7e51652f65edaae52b5e579e5a65e6b7f8d1a,2025-12,North Yorkshire Police,North Yorkshire Police,-1.437154,54.335172,On or near South Parade,E01027605,Hambleton 013D,Violence and sexual offences,Under investigation,
95662c720892d71f854d2af3d195e5461af5f1d1789c11cf883e1bbf4e9afd78,2025-12,North Yorkshire Police,North Yorkshire Police,-1.664417,54.122433,On or near Broadfield Lane,E01027666,Harrogate 001A,Other theft,Investigation complete; no suspect identified,
,2025-12,North Yorkshire Police,North Yorkshire Police,-1.561261,54.189274,On or near The Shepherdies,E01027667,Harrogate 001B,Anti-social behaviour,,
7c0b432e40f998251d72415397de5140aa3a37231f7e7b6eff1ee915ca0c79d9,2025-12,North Yorkshire Police,North Yorkshire Police,-1.562268,54.189718,On or near Beatswell Lawn,E01027667,Harrogate 001B,Other theft,Investigation complete; no suspect identified,
6cce7c0d2362655c74816c148c73fc44d97c13d3ec8209cf0ad0ee30cc17ce0f,2025-12,North Yorkshire Police,North Yorkshire Police,-1.562268,54.189718,On or near Beatswell Lawn,E01027667,Harrogate 001B,Other crime,Further investigation is not in the public interest,
63bb6e8de20d11dbb318dd47a3f5a4280eb1558e55e22e31fd6bd7150df1c612,2025-12,North Yorkshire Police,North Yorkshire Police,-1.660429,54.219109,On or near Swinton Road,E01027685,Harrogate 001C,Burglary,Investigation complete; no suspect identified,
7033826e22dccb737e5d2512242b85d2fde7fa262c012c0b4bbdc6296d18dff7,2025-12,North Yorkshire Police,North Yorkshire Police,-1.660792,54.219793,On or near Swinburn Road,E01027685,Harrogate 001C,Possession of weapons,Under investigation,
e3a7592c77251d34afc4e93246ba19b753f49c731784fe599ed60873e9aa23d0,2025-12,North Yorkshire Police,North Yorkshire Police,-1.541233,54.135086,On or near Bishopton,E01027712,Harrogate 002A,Violence and sexual offences,Under investigation,
09502ff8329fadb8d2eb6d6dfdb8c0beada9e3084a03c110ce123685c36ded1f,2025-12,North Yorkshire Police,North Yorkshire Police,-1.541233,54.135086,On or near Bishopton,E01027712,Harrogate 002A,Violence and sexual offences,Under investigation,
,2025-12,North Yorkshire Police,North Yorkshire Police,-1.527842,54.137722,On or near Parking Area,E01027713,Harrogate 002B,Anti-social behaviour,,
,2025-12,North Yorkshire Police,North Yorkshire Police,-1.526962,54.138428,On or near Trinity Lane,E01027713,Harrogate 002B,Anti-social behaviour,,
,2025-12,North Yorkshire Police,North Yorkshire Police,-1.527842,54.137722,On or near Parking Area,E01027713,Harrogate 002B,Anti-social behaviour,,
,2025-12,North Yorkshire Police,North Yorkshire Police,-1.526962,54.138428,On or near Trinity Lane,E01027713,Harrogate 002B,Anti-social behaviour,,
32c838cda819486339718ea94b0d88ca1013eb4e2530e37d1635c41bf202e144,2025-12,North Yorkshire Police,North Yorkshire Police,-1.530257,54.140688,On or near College Road,E01027713,Harrogate 002B,Burglary,Unable to prosecute suspect,
544d0d19c676b24d2e4f591c19aabf4ec663882caeefbe62a66bd1b14d6c0e7d,2025-12,North Yorkshire Police,North Yorkshire Police,-1.527842,54.137722,On or near Parking Area,E01027713,Harrogate 002B,Drugs,Under investigation,
ca132deb18b6e551080ff26ee6154065ac18a280ebab5682d4702bfc79970b1e,2025-12,North Yorkshire Police,North Yorkshire Police,-1.527113,54.137188,On or near Blossomgate,E01027713,Harrogate 002B,Robbery,Investigation complete; no suspect identified,
77ee7688ef8dfbd632e3ce9b9ebb7e88a661090cbb5d5c1bed93a33616196076,2025-12,North Yorkshire Police,North Yorkshire Police,-1.524875,54.136191,On or near Westgate,E01027713,Harrogate 002B,Shoplifting,Under investigation,
7a62dc3d41e1c960a51e3dae3b1ac07062898f999e64d73ac9846373b02ba6f9,2025-12,North Yorkshire Police,North Yorkshire Police,-1.525761,54.137163,On or near Supermarket,E01027713,Harrogate 002B,Shoplifting,Under investigation,
be7c85cb2c3ce6b95913e91fcaa1547cac8e30b3bd112a09173a3d24c7f1a77a,2025-12,North Yorkshire Police,North Yorkshire Police,-1.525761,54.137163,On or near Supermarket,E01027713,Harrogate 002B,Shoplifting,Investigation complete; no suspect identified,
dd103b998cb8e816a269e1298cd33099a5c4c67dbf46f7d009d7b5892a3c3ae3,2025-12,North Yorkshire Police,North Yorkshire Police,-1.526962,54.138428,On or near Trinity Lane,E01027713,Harrogate 002B,Violence and sexual offences,Under investigation,
86de12e7eb227b86482c178184132dc0cc6c21b1c263e5555fdb8b1e9dd970a3,2025-12,North Yorkshire Police,North Yorkshire Police,-1.528108,54.134514,On or near Skellbank,E01027713,Harrogate 002B,Violence and sexual offences,Unable to prosecute suspect,
8d4425baf375ad20b1e6235f01b4e3276508bd6996a35e93cbe4de373139de4d,2025-12,North Yorkshire Police,North Yorkshire Police,-1.536603,54.137180,On or near Aislabie Close,E01027713,Harrogate 002B,Violence and sexual offences,Unable to prosecute suspect,
d39f4a89d47935fbbfcef8e32ffab1a63d5882c2e0932141843578732b9ff1b3,2025-12,North Yorkshire Police,North Yorkshire Police,-1.527195,54.135436,On or near Hospital,E01027713,Harrogate 002B,Violence and sexual offences,Under investigation,
db56dc2e0c94151f4bbc2f82eb30c3a8f3185849643b86cb51db8ae0ef74365b,2025-12,North Yorkshire Police,North Yorkshire Police,-1.525279,54.138314,On or near St Wilfrid'S Road,E01027713,Harrogate 002B,Violence and sexual offences,Awaiting court outcome,
5ec8036145ecb7c089addfa59f17e6b33e66818f3235463042741628e0537ff8,2025-12,North Yorkshire Police,North Yorkshire Police,-1.536603,54.137180,On or near Aislabie Close,E01027713,Harrogate 002B,Violence and sexual offences,Unable to prosecute suspect,
05ca2287e950d3c447a278b57434c9a651c07d093279c5e776e85cd1f52cb02d,2025-12,North Yorkshire Police,North Yorkshire Police,-1.536603,54.137180,On or near Aislabie Close,E01027713,Harrogate 002B,Violence and sexual offences,Unable to prosecute suspect,
7c30e6c4a375f614f6daeae5874e6b4876e59b74c26c4c29eb0134dd87ed072e,2025-12,North Yorkshire Police,North Yorkshire Police,-1.527195,54.135436,On or near Hospital,E01027713,Harrogate 002B,Violence and sexual offences,Under investigation,
6d0d5b41aee68ea445d1c3284ba3a61d25d351ebd1be346c5a73c797ed0effba,2025-12,North Yorkshire Police,North Yorkshire Police,-1.527842,54.137722,On or near Parking Area,E01027713,Harrogate 002B,Violence and sexual offences,Awaiting court outcome,
,2025-12,North Yorkshire Police,North Yorkshire Police,-1.545278,54.137519,On or near Ash Bank Avenue,E01027715,Harrogate 002D,Anti-social behaviour,,
8d4974fa5c7c584390d99749a6531b53203b58e2615aced7782b34692461c503,2025-12,North Yorkshire Police,North Yorkshire Police,-1.545278,54.137519,On or near Ash Bank Avenue,E01027715,Harrogate 002D,Possession of weapons,Unable to prosecute suspect,
a0d81bf584dbf72558273788cebbe1dd1f4b6f62e558ac940ae8658ff25edf08,2025-12,North Yorkshire Police,North Yorkshire Police,-1.545079,54.137536,On or near Ash Bank Road,E01027715,Harrogate 002D,Violence and sexual offences,Under investigation,
a0d81bf584dbf72558273788cebbe1dd1f4b6f62e558ac940ae8658ff25edf08,2025-12,North Yorkshire Police,North Yorkshire Police,-1.545079,54.137536,On or near Ash Bank Road,E01027715,Harrogate 002D,Violence and sexual offences,Unable to prosecute suspect,
d78ef12b72450b78bd28f29c3632e1f55d8bc8e20a78134091f8e812a5f69481,2025-12,North Yorkshire Police,North Yorkshire Police,-1.545804,54.141134,On or near Wayne Tarbard Close,E01027715,Harrogate 002D,Violence and sexual offences,Unable to prosecute suspect,
c3e1c6e156a46d5cd141f27aa793152d4d0476fcab69f62801b26fb399844660,2025-12,North Yorkshire Police,North Yorkshire Police,-1.547031,54.139566,On or near Clotherholme Road,E01027715,Harrogate 002D,Violence and sexual offences,Unable to prosecute suspect,
2d86fbeab3aaa6d29eaf91880164e198fb5ae7a15d51b6a1a6d6a818a73639c8,2025-12,North Yorkshire Police,North Yorkshire Police,-1.545278,54.137519,On or near Ash Bank Avenue,E01027715,Harrogate 002D,Violence and sexual offences,Offender given a caution,
25037bd7fe1e3888f8235597dadf59bd173b31d4356a45ca604cb30c6e1faadf,2025-12,North Yorkshire Police,North Yorkshire Police,-1.545804,54.141134,On or near Wayne Tarbard Close,E01027715,Harrogate 002D,Violence and sexual offences,Unable to prosecute suspect,
b4a8ebf50b04474b01413f077126ab5b87f9445040b977b3c2270bcb8a9d62d8,2025-12,North Yorkshire Police,North Yorkshire Police,-1.545804,54.141134,On or near Wayne Tarbard Close,E01027715,Harrogate 002D,Violence and sexual offences,Unable to prosecute suspect,
,2025-12,North Yorkshire Police,North Yorkshire Police,-1.493217,54.095339,On or near Renton Close,E01027643,Harrogate 003A,Anti-social behaviour,,
99eded93985aec83f6a89c7b199dc22074784ebf16d88d687ec38dc1fa73e956,2025-12,North Yorkshire Police,North Yorkshire Police,-1.555901,54.081566,On or near Beechwood Close,E01027643,Harrogate 003A,Violence and sexual offences,Under investigation,
df44c1a69f08c7b405eb80b424078935477127fc406665b015d9bbc56d8362ad,2025-12,North Yorkshire Police,North Yorkshire Police,-1.560605,54.080505,On or near High Street,E01027643,Harrogate 003A,Violence and sexual offences,Unable to prosecute suspect,
4e91cf1005f284a31726888f1a5cd76c8ef2b85c85de01791b4d457d88280cee,2025-12,North Yorkshire Police,North Yorkshire Police,-1.555901,54.081566,On or near Beechwood Close,E01027643,Harrogate 003A,Violence and sexual offences,Further investigation is not in the public interest,
43db53e41e086cdee50fe33c1fed61e5de71b7fefb6d6fefe44ecaf7db2685f2,2025-12,North Yorkshire Police,North Yorkshire Police,-1.472498,54.143585,On or near Dishforth Road,E01027688,Harrogate 003B,Burglary,Under investigation,
2223dd8412fc2a542d22ead4c5c6c09fed41ad7bb5001a0f43490acb38b7572d,2025-12,North Yorkshire Police,North Yorkshire Police,-1.482042,54.136877,On or near Vale View,E01027688,Harrogate 003B,Criminal damage and arson,Investigation complete; no suspect identified,
b42f2143cf45a7a42f7277604bf64b998685f9f22ba0ffbe6cabefbdd1f483da,2025-12,North Yorkshire Police,North Yorkshire Police,-1.449115,54.112968,On or near Back Lane,E01027688,Harrogate 003B,Drugs,Under investigation,
0c6bad8179559de873572ba24635b88066d5778e6d465686dff62645b73e8e81,2025-12,North Yorkshire Police,North Yorkshire Police,-1.408223,54.089586,On or near Becklands Close,E01027688,Harrogate 003B,Other theft,Unable to prosecute suspect,
,2025-12,North Yorkshire Police,North Yorkshire Police,-1.458149,54.201437,On or near Baldersby Garth,E01027736,Harrogate 003C,Anti-social behaviour,,
5a92de6f2a385b490a8fae1aa912cab26f4732d5e201fa6d42dd786e565e8077,2025-12,North Yorkshire Police,North Yorkshire Police,-1.488119,54.185265,On or near Honey Garth,E01027736,Harrogate 003C,Violence and sexual offences,Under investigation,
,2025-12,North Yorkshire Police,North Yorkshire Police,-1.423467,54.153427,On or near Hamilcar Close,E01027737,Harrogate 003D,Anti-social behaviour,,
163289b792be739bab0cf82c56167475e8f12a0a4f269e81cf0595019aecd5cb,2025-12,North Yorkshire Police,North Yorkshire Police,-1.518674,54.136427,On or near St Marygate,E01027705,Harrogate 004A,Criminal damage and arson,Investigation complete; no suspect identified,
43c574bcd5835adbf181db39959984710c66b34abf7e359fae0578f6dcff8669,2025-12,North Yorkshire Police,North Yorkshire Police,-1.518020,54.138644,On or near Stonebridgegate,E01027705,Harrogate 004A,Other theft,Investigation complete; no suspect identified,
,2025-12,North Yorkshire Police,North Yorkshire Police,-1.523231,54.136724,On or near Queen Street,E01027706,Harrogate 004B,Anti-social behaviour,,
,2025-12,North Yorkshire Police,North Yorkshire Police,-1.523357,54.137776,On or near Nightclub,E01027706,Harrogate 004B,Anti-social behaviour,,
,2025-12,North Yorkshire Police,North Yorkshire Police,-1.523357,54.137776,On or near Nightclub,E01027706,Harrogate 004B,Anti-social behaviour,,
,2025-12,North Yorkshire Police,North Yorkshire Police,-1.522603,54.135400,On or near Kirkgate,E01027706,Harrogate 004B,Anti-social behaviour,,
5200d26d4e420d73e2d21452407e7680019752750f7ba1ace1166e4f4af0cb38,2025-12,North Yorkshire Police,North Yorkshire Police,-1.522301,54.137772,On or near Finkle Close,E01027706,Harrogate 004B,Criminal damage and arson,Unable to prosecute suspect,
100f27a9baaf45142eaa405ddfda0e14c5aed8f8c8ed08a9fdbe3efbb7a9f77a,2025-12,North Yorkshire Police,North Yorkshire Police,-1.520235,54.132380,On or near Bondgate Green Close,E01027706,Harrogate 004B,Criminal damage and arson,Investigation complete; no suspect identified,
abeb2645dc8f213fdba3ef3f55da6ba83e7574a7e35ee454f112a880b2b385f7,2025-12,North Yorkshire Police,North Yorkshire Police,-1.524188,54.132036,On or near Heckler Close,E01027706,Harrogate 004B,Criminal damage and arson,Investigation complete; no suspect identified,
d78fda49d4501187e3e50687097c078cdb9c72d708a7c7850a854de9eb0b2839,2025-12,North Yorkshire Police,North Yorkshire Police,-1.522647,54.132929,On or near Waterside,E01027706,Harrogate 004B,Drugs,Investigation complete; no suspect identified,
e1fd0e241005be5cc1097a554282e9150ace073ac36b29e6be64ce2f5a45a275,2025-12,North Yorkshire Police,North Yorkshire Police,-1.522647,54.132929,On or near Waterside,E01027706,Harrogate 004B,Drugs,Investigation complete; no suspect identified,
5ca540309cd803b6b3d740db8927f050c62955519de68a53450491515502be28,2025-12,North Yorkshire Police,North Yorkshire Police,-1.524076,54.135145,On or near Water Skellgate,E01027706,Harrogate 004B,Other theft,Unable to prosecute suspect,
3eee2daf6f9ba2a447fa3e0200847c1408554729eea1d17eb84d5711a5fa7f04,2025-12,North Yorkshire Police,North Yorkshire Police,-1.523357,54.137776,On or near Nightclub,E01027706,Harrogate 004B,Public order,Unable to prosecute suspect,
1cd4f12cfbab73d2b8cc10122e511a898a26c316c6a9e042522c58d8f8fce621,2025-12,North Yorkshire Police,North Yorkshire Police,-1.523231,54.136724,On or near Queen Street,E01027706,Harrogate 004B,Shoplifting,Investigation complete; no suspect identified,
d7d23fd7b34ab2bdb48b9bd4698ec31519b291f0ae9c43e8a8b99ab8277e6fb3,2025-12,North Yorkshire Police,North Yorkshire Police,-1.521506,54.136348,On or near Parking Area,E01027706,Harrogate 004B,Shoplifting,Unable to prosecute suspect,
f76978bba6019fe1b80a3f9f7e3b3775f129573b8b1deba89bda028bd8b1dd65,2025-12,North Yorkshire Police,North Yorkshire Police,-1.523620,54.140150,On or near Petrol Station,E01027706,Harrogate 004B,Shoplifting,Investigation complete; no suspect identified,
1d9c3462f3c9988cf9e43a4f64e14ee93105601396d4bb64fb518b0a0be1bf51,2025-12,North Yorkshire Police,North Yorkshire Police,-1.521506,54.136348,On or near Parking Area,E01027706,Harrogate 004B,Shoplifting,Investigation complete; no suspect identified,
0ff2f1641041a2a2d13f397f10c1c3016596dbfdafc7b8122d816d2863cb414c,2025-12,North Yorkshire Police,North Yorkshire Police,-1.521506,54.136348,On or near Parking Area,E01027706,Harrogate 004B,Shoplifting,Investigation complete; no suspect identified,
77b503acfd2025549c464e86457fbd1a44beca92416964c9ab08feb6f436873a,2025-12,North Yorkshire Police,North Yorkshire Police,-1.522774,54.133882,On or near Wellington Street,E01027706,Harrogate 004B,Violence and sexual offences,Under investigation,
743c8d25c0fe977f913ca6579f5a51e015270acf396d94f61deb685d61ca700e,2025-12,North Yorkshire Police,North Yorkshire Police,-1.522603,54.135400,On or near Kirkgate,E01027706,Harrogate 004B,Violence and sexual offences,Unable to prosecute suspect,
856a743c4b07d5b3c2f61012f183def01855465ac5a8d9f9785aaa933a2da3cb,2025-12,North Yorkshire Police,North Yorkshire Police,-1.522154,54.131884,On or near Mawson Lane,E01027706,Harrogate 004B,Violence and sexual offences,Unable to prosecute suspect,
c86d7e31dec7254be96a968f457d04f2a0de3c7b52a234cd7504fed5ae5271a8,2025-12,North Yorkshire Police,North Yorkshire Police,-1.522603,54.135400,On or near Kirkgate,E01027706,Harrogate 004B,Violence and sexual offences,Under investigation,
610d13d2ef3146f6cb29cf5454dc274a03be2dd836c356558415d3d90f67c95c,2025-12,North Yorkshire Police,North Yorkshire Police,-1.521517,54.130111,On or near Southgate Close,E01027706,Harrogate 004B,Violence and sexual offences,Under investigation,
e6c045e503ca81952b63d1e52299f41d2b060360d9b1ff51a01047f47c8a5ed1,2025-12,North Yorkshire Police,North Yorkshire Police,-1.523231,54.136724,On or near Queen Street,E01027706,Harrogate 004B,Violence and sexual offences,Unable to prosecute suspect,
0d4f34f0799ba803055f7db6510d6101625deba621880418843e4c75ebbc5d92,2025-12,North Yorkshire Police,North Yorkshire Police,-1.523357,54.137776,On or near Nightclub,E01027706,Harrogate 004B,Violence and sexual offences,Unable to prosecute suspect,
,2025-12,North Yorkshire Police,North Yorkshire Police,-1.515923,54.133423,On or near Alma Gardens,E01027707,Harrogate 004C,Anti-social behaviour,,
,2025-12,North Yorkshire Police,North Yorkshire Police,-1.521998,54.133474,On or near King Street,E01027707,Harrogate 004C,Anti-social behaviour,,
e262468ef76395e60e1e1ea0139c8460c367a12381b79d0231d4bfc437514723,2025-12,North Yorkshire Police,North Yorkshire Police,-1.509927,54.131826,On or near Skelldale View,E01027707,Harrogate 004C,Other theft,Unable to prosecute suspect,
ec4bbfe9eb12476a4e718c70af9581e06c0d8a30b569ce0ad1cf05931c2048f1,2025-12,North Yorkshire Police,North Yorkshire Police,-1.509915,54.130226,On or near Lynden Close,E01027707,Harrogate 004C,Shoplifting,Investigation complete; no suspect identified,
,2025-12,North Yorkshire Police,North Yorkshire Police,-1.526649,54.121548,On or near Peckfield,E01027708,Harrogate 004D,Anti-social behaviour,,
8486477d5982e660c5ea86661c73e91552a4b7b29aa3dc7320ae4423db4b40b4,2025-12,North Yorkshire Police,North Yorkshire Police,-1.525490,54.121157,On or near Wheatsheaf Close,E01027708,Harrogate 004D,Bicycle theft,Investigation complete; no suspect identified,
9a634021c2dbd6a1e4a69838e0ad0b54dbd36e41d1467a5558852a2b674e39c7,2025-12,North Yorkshire Police,North Yorkshire Police,-1.524570,54.125351,On or near Kingstonia Gardens,E01027708,Harrogate 004D,Criminal damage and arson,Investigation complete; no suspect identified,
fed4e04342fc9cf7c13d3da8a307306c56d004b8f0df1db9615b3359c443cc91,2025-12,North Yorkshire Police,North Yorkshire Police,-1.526902,54.123491,On or near Moorside Avenue,E01027708,Harrogate 004D,Violence and sexual offences,Unable to prosecute suspect,
439c29a67243cd0da257ab8e1d51fc33dd7750f4f15fbde04099ec73c30f6d14,2025-12,North Yorkshire Police,North Yorkshire Police,-1.531133,54.125475,On or near Lead Lane,E01027709,Harrogate 004E,Public order,Unable to prosecute suspect,
ddd3cc43befad40a32270ab0abe8e7669d59af9c29195c92c7533f775916f225,2025-12,North Yorkshire Police,North Yorkshire Police,-1.528670,54.132233,On or near Borrage Green Lane,E01027709,Harrogate 004E,Public order,Unable to prosecute suspect,
466e79edcab8cc017b38fee6417d6af1efdbb7d9ee763c0b9738034371e5f481,2025-12,North Yorkshire Police,North Yorkshire Police,-1.533230,54.126760,On or near Whitcliffe Drive,E01027709,Harrogate 004E,Vehicle crime,Investigation complete; no suspect identified,
39adcc746f654bac0ce4ddb0908a6186473a2da8000637e351252bac7f8647ba,2025-12,North Yorkshire Police,North Yorkshire Police,-1.532130,54.126621,On or near Newlands Drive,E01027709,Harrogate 004E,Violence and sexual offences,Unable to prosecute suspect,
835ae3f6ba9d43f2be3c446e16562b9babd321eabef123a116c61ddcf916ab24,2025-12,North Yorkshire Police,North Yorkshire Police,-1.530620,54.127532,On or near Whitcliffe Grove,E01027709,Harrogate 004E,Violence and sexual offences,Unable to prosecute suspect,
f041d76d2ac4b8300d0a58cd3eb14ab244ae40847b88484518b353742ed8155f,2025-12,North Yorkshire Police,North Yorkshire Police,-1.537909,54.125753,On or near Red Bank Drive,E01027709,Harrogate 004E,Violence and sexual offences,Unable to prosecute suspect,
3a8c0f8e9b597dc24eaa40c4e9279d5ba88f6e303df6a0976a546ff08b6310a9,2025-12,North Yorkshire Police,North Yorkshire Police,-1.537909,54.125753,On or near Red Bank Drive,E01027709,Harrogate 004E,Violence and sexual offences,Unable to prosecute suspect,
a97474c39914b803de3b415283550d6204b734e9f4c33b776f970ed5d6f4a982,2025-12,North Yorkshire Police,North Yorkshire Police,-1.527125,54.128120,On or near Harewood Road,E01027710,Harrogate 004F,Criminal damage and arson,Investigation complete; no suspect identified,
e7f1a78a7599355845005f5c51a5d2b5f0935edb7be0f29e1ab0340fe11182eb,2025-12,North Yorkshire Police,North Yorkshire Police,-1.532771,54.124107,On or near Oak Road,E01027710,Harrogate 004F,Criminal damage and arson,Investigation complete; no suspect identified,
8272536022473aa19f175a320ec9b4f5c5c60b6e6d64c711f343d93584b0a896,2025-12,North Yorkshire Police,North Yorkshire Police,-1.532771,54.124107,On or near Oak Road,E01027710,Harrogate 004F,Criminal damage and arson,Investigation complete; no suspect identified,
90d562b9ce43e3d2b4f42400a353cf75eb4312848e75ea7da9203b5b2111ea68,2025-12,North Yorkshire Police,North Yorkshire Police,-1.529786,54.124203,On or near Smithfield Close,E01027710,Harrogate 004F,Criminal damage and arson,Investigation complete; no suspect identified,
,2025-12,North Yorkshire Police,North Yorkshire Police,-1.521453,54.128942,On or near Wakeman Road,E01027711,Harrogate 004G,Anti-social behaviour,,
,2025-12,North Yorkshire Police,North Yorkshire Police,-1.522369,54.130546,On or near Southgate,E01027711,Harrogate 004G,Anti-social behaviour,,
8dbfc7cbec68c87c2ef25ca0993beaaebf7935a740f23cca42b0712451212e46,2025-12,North Yorkshire Police,North Yorkshire Police,-1.521240,54.127531,On or near Aismunderby Close,E01027711,Harrogate 004G,Criminal damage and arson,Investigation complete; no suspect identified,
c31fd494f9f962a97b3be971fa2b3164cc3f366f56845e2373a7e71b16138c34,2025-12,North Yorkshire Police,North Yorkshire Police,-1.525830,54.128951,On or near Holmefield Road,E01027711,Harrogate 004G,Violence and sexual offences,Under investigation,
20b59fcef6a5d83783e4ab5056dcc7bcb60ac4124512cef361907e7354f49376,2025-12,North Yorkshire Police,North Yorkshire Police,-1.524160,54.127794,On or near Sandringham Road,E01027711,Harrogate 004G,Violence and sexual offences,Unable to prosecute suspect,
b657d0366c0e5ee9b4000b82d8a2fb6351dd90cf89d55e20c9f3aabe97aee7d3,2025-12,North Yorkshire Police,North Yorkshire Police,-1.522790,54.129865,On or near Ambrose Road,E01027711,Harrogate 004G,Violence and sexual offences,Unable to prosecute suspect,
,2025-12,North Yorkshire Police,North Yorkshire Police,-1.395524,54.087087,On or near Hunters Row,E01027644,Harrogate 005A,Anti-social behaviour,,
,2025-12,North Yorkshire Police,North Yorkshire Police,-1.391742,54.090627,On or near Southolme Close,E01027644,Harrogate 005A,Anti-social behaviour,,
,2025-12,North Yorkshire Police,North Yorkshire Police,-1.390777,54.090766,On or near Southolme Walk,E01027644,Harrogate 005A,Anti-social behaviour,,
67b1df00ac289f3d2d6451ed40838cdd0d107f1bcba0f785bc79feb87bf9af31,2025-12,North Yorkshire Police,North Yorkshire Police,-1.395524,54.087087,On or near Hunters Row,E01027644,Harrogate 005A,Criminal damage and arson,Investigation complete; no suspect identified,
3b003cb3d589f13f439e6a0f9912c173907c66af761b68581058a246d219c94e,2025-12,North Yorkshire Police,North Yorkshire Police,-1.395524,54.087087,On or near Hunters Row,E01027644,Harrogate 005A,Criminal damage and arson,Investigation complete; no suspect identified,
c617a182b54cf9817329eb48c6f23c7bf8937fb146750dd2a5b19d32b82eceaa,2025-12,North Yorkshire Police,North Yorkshire Police,-1.390507,54.091439,On or near Springfield Grove,E01027644,Harrogate 005A,Criminal damage and arson,Awaiting court outcome,
0fae94f4dffe6f6137059cf123e1bb364d3e21f4474f07b42bb364ac2504a85d,2025-12,North Yorkshire Police,North Yorkshire Police,-1.395852,54.083458,On or near Ashbourne Close,E01027644,Harrogate 005A,Drugs,Awaiting court outcome,
15180421f0c603201899b76256edcdbfe81abea47f687bf27f3ba485c167a0d4,2025-12,North Yorkshire Police,North Yorkshire Police,-1.395524,54.087087,On or near Hunters Row,E01027644,Harrogate 005A,Public order,Further action is not in the public interest,
d13b3a2edc47bd3563111472c4921bd638346c690481f5d2613302eb7119e644,2025-12,North Yorkshire Police,North Yorkshire Police,-1.383203,54.093208,On or near Little Ings Lane,E01027644,Harrogate 005A,Violence and sexual offences,Unable to prosecute suspect,
a51eca13d4c5139b68f4c7f336fcba53fea733d87cbf12b98e6eb356c4f96363,2025-12,North Yorkshire Police,North Yorkshire Police,-1.388867,54.090720,On or near Ladywell Lane,E01027644,Harrogate 005A,Violence and sexual offences,Awaiting court outcome,
87f1d0295d68946b58b2dff55d7e5d8bf61ae3a1f388f6406d636261ca3064ce,2025-12,North Yorkshire Police,North Yorkshire Police,-1.388867,54.090720,On or near Ladywell Lane,E01027644,Harrogate 005A,Violence and sexual offences,Unable to prosecute suspect,
3c830dd91edf3b45e0d396a1a71ecbc017f4a1f3c3ea3a5849de377f59e69bf3,2025-12,North Yorkshire Police,North Yorkshire Police,-1.395524,54.087087,On or near Hunters Row,E01027644,Harrogate 005A,Violence and sexual offences,Under investigation,
7c6aab837724ad64e07c7da92aaf321e2059f1ea2183a51911c2b475efaa91c1,2025-12,North Yorkshire Police,North Yorkshire Police,-1.383203,54.093208,On or near Little Ings Lane,E01027644,Harrogate 005A,Violence and sexual offences,Unable to prosecute suspect,
b14dd6b4ecc291119251a178344bfb39d0c7c096cbaaa4254faf385366f7ffbf,2025-12,North Yorkshire Police,North Yorkshire Police,-1.388867,54.090720,On or near Ladywell Lane,E01027644,Harrogate 005A,Violence and sexual offences,Unable to prosecute suspect,
,2025-12,North Yorkshire Police,North Yorkshire Police,-1.395354,54.095660,On or near Fishergate,E01027645,Harrogate 005B,Anti-social behaviour,,
230539c45ffed29ddafad8a9c1b92777d0c4afde4067ecf95a58e4cccbdfcc23,2025-12,North Yorkshire Police,North Yorkshire Police,-1.394778,54.091101,On or near Springfield Road,E01027645,Harrogate 005B,Criminal damage and arson,Investigation complete; no suspect identified,
297659ccfaef41e853f5d4439ffc0d2b4d70318c1bee63d01f518daf30d99345,2025-12,North Yorkshire Police,North Yorkshire Police,-1.396259,54.093115,On or near Police Station,E01027645,Harrogate 005B,Criminal damage and arson,Investigation complete; no suspect identified,
6f7954edf1ac2d5d0a530d7526f4497a4cba699f0074da09631e26868b4b1d84,2025-12,North Yorkshire Police,North Yorkshire Police,-1.397832,54.089256,On or near Harclay Garth,E01027645,Harrogate 005B,Public order,Unable to prosecute suspect,
3002a5a9f77df8d723f26066fc957e8950e0327fa03a211f60732af81632d4a4,2025-12,North Yorkshire Police,North Yorkshire Police,-1.397832,54.089256,On or near Harclay Garth,E01027645,Harrogate 005B,Violence and sexual offences,Under investigation,
2d10d62dcd873e749b584ab902d1003e803c1cc66261d01cbd93dd8d19280e31,2025-12,North Yorkshire Police,North Yorkshire Police,-1.397832,54.089256,On or near Harclay Garth,E01027645,Harrogate 005B,Violence and sexual offences,Unable to prosecute suspect,
4f4ebbde624206dea4c5337fa5eeef685647795a72ada5db92ff4747f3494cc7,2025-12,North Yorkshire Police,North Yorkshire Police,-1.406737,54.043696,On or near Holgate Bank,E01027647,Harrogate 005C,Criminal damage and arson,Investigation complete; no suspect identified,
1e61c5db4eba065e69167facb161b4eb1e81b433f2c3040e67b67deb3b2e1d8e,2025-12,North Yorkshire Police,North Yorkshire Police,-1.362479,54.059747,On or near Reas Lane,E01027647,Harrogate 005C,Other theft,Unable to prosecute suspect,
b3842eb2ad6d3a1d0438c9ce78d119b909aa822961dfa2f457e8d855bee137ac,2025-12,North Yorkshire Police,North Yorkshire Police,-1.428301,54.046964,On or near Parking Area,E01027647,Harrogate 005C,Public order,Under investigation,
c9aa0dddbe408f929e372c3cde1961fe81877e40cddadc6cd33df077480f04b6,2025-12,North Yorkshire Police,North Yorkshire Police,-1.407301,54.077017,On or near Main Street,E01027647,Harrogate 005C,Violence and sexual offences,Under investigation,
,2025-12,North Yorkshire Police,North Yorkshire Police,-1.393666,54.101305,On or near Wren Drive,E01027687,Harrogate 005D,Anti-social behaviour,,
,2025-12,North Yorkshire Police,North Yorkshire Police,-1.397244,54.101323,On or near Pasture Close,E01027687,Harrogate 005D,Anti-social behaviour,,
cb6b5166f25bdf2920577639d49f53f7b0d7d2b310482e48f22713a350adb6fd,2025-12,North Yorkshire Police,North Yorkshire Police,-1.408402,54.100642,On or near Back Lane,E01027687,Harrogate 005D,Violence and sexual offences,Offender given a caution,
cb6b5166f25bdf2920577639d49f53f7b0d7d2b310482e48f22713a350adb6fd,2025-12,North Yorkshire Police,North Yorkshire Police,-1.408402,54.100642,On or near Back Lane,E01027687,Harrogate 005D,Violence and sexual offences,Under investigation,
e7ff93c3ffacb77b1f0931f73f795c78edf96770664edb9408cd52fc19d7078f,2025-12,North Yorkshire Police,North Yorkshire Police,-1.406585,54.107975,On or near The Croft,E01027687,Harrogate 005D,Violence and sexual offences,Unable to prosecute suspect,
d9af4468fc44213c8fa440d718459bd3ece49a5a4dbbea3630ab0eb4a36c5d53,2025-12,North Yorkshire Police,North Yorkshire Police,-1.405971,54.099542,On or near Skelton Road,E01027687,Harrogate 005D,Violence and sexual offences,Unable to prosecute suspect,
e07af8792564951199cd4c5eca52abc2585f91fd592155786527cded9474adc4,2025-12,North Yorkshire Police,North Yorkshire Police,-1.405971,54.099542,On or near Skelton Road,E01027687,Harrogate 005D,Violence and sexual offences,Unable to prosecute suspect,
8cb2039dbaa2e8f64915c5db7b0384ff86aeb2573646e9d95e9db67f76edbf45,2025-12,North Yorkshire Police,North Yorkshire Police,-1.397244,54.101323,On or near Pasture Close,E01027687,Harrogate 005D,Violence and sexual offences,Unable to prosecute suspect,
fb9b5c445a798d6d9bc3d066c2e27711a9173b9302f2ed1f344fcc84b0f7199b,2025-12,North Yorkshire Police,North Yorkshire Police,-1.393666,54.101305,On or near Wren Drive,E01027687,Harrogate 005D,Violence and sexual offences,Further investigation is not in the public interest,
1a6612b59f5701538afe954759bdb4f4a1ad7498f88a8240cb983bc3479ab04c,2025-12,North Yorkshire Police,North Yorkshire Police,-1.393666,54.101305,On or near Wren Drive,E01027687,Harrogate 005D,Other crime,Investigation complete; no suspect identified,
,2025-12,North Yorkshire Police,North Yorkshire Police,-1.653106,54.056972,On or near Brimham Rocks Road,E01027681,Harrogate 006A,Anti-social behaviour,,
5efa0959276be942cdacf6866ec3ccd6537f950369cc129852965f554506574d,2025-12,North Yorkshire Police,North Yorkshire Police,-1.672847,54.054466,On or near New York Or Summerbridge Lane,E01027681,Harrogate 006A,Violence and sexual offences,Awaiting court outcome,
7da99026df95b1e878d34ddaef974f9aeed748272ff1f0fbe44d876e890c13ea,2025-12,North Yorkshire Police,North Yorkshire Police,-1.700023,54.064854,On or near Riggs Spring,E01027681,Harrogate 006A,Violence and sexual offences,Unable to prosecute suspect,
172a930cc33694f5c1ec4a47b674260f2bc6660541a2d2e73d9154ab8ce6f9ba,2025-12,North Yorkshire Police,North Yorkshire Police,-1.767372,54.086834,On or near Ashfield Court Road,E01027693,Harrogate 006B,Violence and sexual offences,Unable to prosecute suspect,
8f354e84574aea391b04e313aff245171b421ada3008a5149bcdfc9625d5890c,2025-12,North Yorkshire Police,North Yorkshire Police,-1.766302,54.086859,On or near Low Wath Road,E01027693,Harrogate 006B,Violence and sexual offences,Unable to prosecute suspect,
012bb62f2f709242bf936ecc6e3e195ac33864d80ed18d9fe6bcfe89fc9f24a8,2025-12,North Yorkshire Police,North Yorkshire Police,-1.780716,54.081332,On or near Red Brae Bank,E01027693,Harrogate 006B,Violence and sexual offences,Awaiting court outcome,
ef02b76be1a0be584674c1d3db24ba39cf67b29cf1fab8e5fea8104d07d39daa,2025-12,North Yorkshire Police,North Yorkshire Police,-1.846086,54.156937,On or near Parking Area,E01027701,Harrogate 006C,Public order,Unable to prosecute suspect,
c6e1c3f91d733a7ed623a42f491b3d199fb3acec7bc2d2255c47c1227ea70670,2025-12,North Yorkshire Police,North Yorkshire Police,-1.776687,54.094419,On or near Grange Lane,E01027701,Harrogate 006C,Violence and sexual offences,Unable to prosecute suspect,
23392c55d00b394d7b1b2678e39678f315934970ffdf9f27bd0fa64b33ffb926,2025-12,North Yorkshire Police,North Yorkshire Police,-1.776687,54.094419,On or near Grange Lane,E01027701,Harrogate 006C,Violence and sexual offences,Awaiting court outcome,
,2025-12,North Yorkshire Police,North Yorkshire Police,-1.754562,54.084211,On or near Panorama Close,E01027702,Harrogate 006D,Anti-social behaviour,,
6269b52d7a29945c8f44d3077dddea654680e2706d5ecda716f56a49c6eac453,2025-12,North Yorkshire Police,North Yorkshire Police,-1.759668,54.086846,On or near Colbeck Lane,E01027702,Harrogate 006D,Violence and sexual offences,Unable to prosecute suspect,
256ed7bdbf763042304fa6acbf8ece091f8ff8d786932a208ab9f3ac1b364b92,2025-12,North Yorkshire Police,North Yorkshire Police,-1.761020,54.088286,On or near Greenwood Avenue,E01027702,Harrogate 006D,Violence and sexual offences,Investigation complete; no suspect identified,
b356f89ad23a30dcee6e7370abe55e29bfc7440f3f276e9ea12aec2a8e2c0c0d,2025-12,North Yorkshire Police,North Yorkshire Police,-1.758726,54.085774,On or near Southlands,E01027702,Harrogate 006D,Violence and sexual offences,Unable to prosecute suspect,
b4637420374c07ae191c1bbae6f058f02a0846ccf2a41c09aa9fd0598725f2b1,2025-12,North Yorkshire Police,North Yorkshire Police,-1.759243,54.086306,On or near High Street,E01027702,Harrogate 006D,Violence and sexual offences,Unable to prosecute suspect,
f2d608cee230711cd0b1330d6530e48fbbd55c849f5f77d2daa1bb90490db737,2025-12,North Yorkshire Police,North Yorkshire Police,-1.758726,54.085774,On or near Southlands,E01027702,Harrogate 006D,Violence and sexual offences,Unable to prosecute suspect,
256ed7bdbf763042304fa6acbf8ece091f8ff8d786932a208ab9f3ac1b364b92,2025-12,North Yorkshire Police,North Yorkshire Police,-1.761020,54.088286,On or near Greenwood Avenue,E01027702,Harrogate 006D,Violence and sexual offences,Under investigation,
,2025-12,North Yorkshire Police,North Yorkshire Police,-1.503932,54.093020,On or near Harvest View,E01027642,Harrogate 007A,Anti-social behaviour,,
ecf4857958f25db2c9eb40359ce153e5c12bdf3af3752a0b6d0ad482994cdfe7,2025-12,North Yorkshire Police,North Yorkshire Police,-1.503747,54.066254,On or near Scarah Lane,E01027642,Harrogate 007A,Criminal damage and arson,Unable to prosecute suspect,
15f7df758985a8640a347f629b421b9026df6bcb834ec6e769dc43757acb3192,2025-12,North Yorkshire Police,North Yorkshire Police,-1.506693,54.069088,On or near Station Lane,E01027642,Harrogate 007A,Violence and sexual offences,Unable to prosecute suspect,
e193d45ceb2dd3296cc26abee821a292e5d01b9576fa5f363fa94c8b4de8c9be,2025-12,North Yorkshire Police,North Yorkshire Police,-1.499568,54.089740,On or near Melrose Crescent,E01027642,Harrogate 007A,Violence and sexual offences,Investigation complete; no suspect identified,
ee9608ab1fb9278e813a3a75779dedfdf23e0410128c13b987da99e1fc266fd8,2025-12,North Yorkshire Police,North Yorkshire Police,-1.503932,54.093020,On or near Harvest View,E01027642,Harrogate 007A,Violence and sexual offences,Unable to prosecute suspect,
dec11f12530fbcce1d4993cba4a9e970859343baa2c75902b82573c97aed303e,2025-12,North Yorkshire Police,North Yorkshire Police,-1.530008,54.089691,On or near Parking Area,E01027642,Harrogate 007A,Other crime,Awaiting court outcome,
443f0633715bd3864373a4aaa124d8a9d8b1102f6f4b7fc6c4f39f884dabc849,2025-12,North Yorkshire Police,North Yorkshire Police,-1.502867,54.027334,On or near Manor Farm Way,E01027646,Harrogate 007B,Violence and sexual offences,Under investigation,
,2025-12,North Yorkshire Police,North Yorkshire Police,-1.470286,54.013300,On or near Tentergate Avenue,E01027674,Harrogate 007C,Anti-social behaviour,,
,2025-12,North Yorkshire Police,North Yorkshire Police,-1.487003,54.017686,On or near Netheredge Drive,E01027674,Harrogate 007C,Anti-social behaviour,,
77ee08b0bd9ebdbc446c791dc8dc6fb3367b1852406e54344c9fd6c47da321d9,2025-12,North Yorkshire Police,North Yorkshire Police,-1.494536,54.020684,On or near Red Hill Lane,E01027674,Harrogate 007C,Violence and sexual offences,Unable to prosecute suspect,
35e1f22e0816f57dda4a2798afb6d5e3071e9857a00a179fde43f59ab72a54df,2025-12,North Yorkshire Police,North Yorkshire Police,-1.487003,54.017686,On or near Netheredge Drive,E01027674,Harrogate 007C,Violence and sexual offences,Unable to prosecute suspect,
f6e381dd40c69c87ef7446c5bf4470bbec9c8be3717cdf0f13f5a5d858657796,2025-12,North Yorkshire Police,North Yorkshire Police,-1.468490,54.020114,On or near Park Corner Fold,E01027675,Harrogate 007D,Bicycle theft,Investigation complete; no suspect identified,
2fd4d2733bc71d7da0734d8726c9701d2b65413f61828b2ee15e1f1295b80a8e,2025-12,North Yorkshire Police,North Yorkshire Police,-1.458805,54.018354,On or near Hazelheads Lane,E01027675,Harrogate 007D,Other theft,Investigation complete; no suspect identified,
3014e96a6b3398c9cb275fcde6753db34d91ed1576f9e1a693a6cce469e3c222,2025-12,North Yorkshire Police,North Yorkshire Police,-1.455168,54.015192,On or near Florin Drive,E01027675,Harrogate 007D,Public order,Under investigation,
b4bfd6561af31f417ae92413b4a63691260d2c2859e340687aafccde3db4dea4,2025-12,North Yorkshire Police,North Yorkshire Police,-1.457400,54.014932,On or near Maundy Grove,E01027675,Harrogate 007D,Public order,Unable to prosecute suspect,
4b37f4fd49709bd9988f9e4dfa751fb70d6cdce1246356c82131ad0fa06a1db5,2025-12,North Yorkshire Police,North Yorkshire Police,-1.462144,54.022188,On or near Maple Close,E01027675,Harrogate 007D,Violence and sexual offences,Unable to prosecute suspect,
b9085e5d2861219d707e328f8d627ee995d37d92dfab6e1b1934a3ed35921560,2025-12,North Yorkshire Police,North Yorkshire Police,-1.465408,54.017601,On or near Alexandra Place,E01027675,Harrogate 007D,Violence and sexual offences,Unable to prosecute suspect,
95ac8a8eee9d0bfc2a9acfb3a1b8289d9384040e63a424d081b598a8250f0051,2025-12,North Yorkshire Police,North Yorkshire Police,-1.461342,54.019291,On or near Beech Grove,E01027675,Harrogate 007D,Violence and sexual offences,Unable to prosecute suspect,
a1f9de76de94ea45fd41dc0f49eb970126f447426d609b35b8691bd909fc2f7b,2025-12,North Yorkshire Police,North Yorkshire Police,-1.458864,54.020524,On or near ,E01027675,Harrogate 007D,Violence and sexual offences,Unable to prosecute suspect,
136c9fb5a788e4045f2da42d980ef5bdf8438e15102f50451003b7179b838ece,2025-12,North Yorkshire Police,North Yorkshire Police,-1.565198,54.023258,On or near ,E01027665,Harrogate 008C,Shoplifting,Investigation complete; no suspect identified,
876ac35567f4293c87e0f08866f0c272a160d8554a708da445437d297d580e7d,2025-12,North Yorkshire Police,North Yorkshire Police,-1.564367,54.026206,On or near Ripon Road,E01027665,Harrogate 008C,Vehicle crime,Under investigation,
092251ad26ae4f05245dc8cee74acd16e9c296cfc887a9347bcf14cfe7f68c94,2025-12,North Yorkshire Police,North Yorkshire Police,-1.562486,54.022501,On or near ,E01027665,Harrogate 008C,Violence and sexual offences,Unable to prosecute suspect,
79f9a88d9f0c2a1751ac8016b56cf502ab498511d7c5f018d80e77926a9b075c,2025-12,North Yorkshire Police,North Yorkshire Police,-1.561033,54.020371,On or near ,E01027665,Harrogate 008C,Violence and sexual offences,Under investigation,
ee8374f40cbd676d27b679c7e8aec3410436ccad04a4b3365564af008038d986,2025-12,North Yorkshire Police,North Yorkshire Police,-1.574310,54.003251,On or near Butterbur Way,E01027722,Harrogate 008D,Drugs,Further action is not in the public interest,
ae08cd4ca6806d0fb527ddbed0181edd641d5b54e8596cfa1d9c2977a4d2e9c6,2025-12,North Yorkshire Police,North Yorkshire Police,-1.575383,54.005727,On or near Heather Way,E01027722,Harrogate 008D,Other theft,Investigation complete; no suspect identified,
26db72962011782adbc209bc82000a96ced87908fcb481a6efbca1b2e60d2d93,2025-12,North Yorkshire Police,North Yorkshire Police,-1.575276,54.002814,On or near Pennywort Grove,E01027722,Harrogate 008D,Violence and sexual offences,Unable to prosecute suspect,
2d1e1cf96ba6b8a1b84f95fac0751ec30390f1de00c4a9efcea605cd8146d386,2025-12,North Yorkshire Police,North Yorkshire Police,-1.574811,54.006507,On or near Bluebell Walk,E01027722,Harrogate 008D,Violence and sexual offences,Unable to prosecute suspect,
44ce6391be35cb1b051ae3b0756451555e6c253afa6e2df20ff9bdbf038e27f5,2025-12,North Yorkshire Police,North Yorkshire Police,-1.583084,53.996576,On or near ,E01027722,Harrogate 008D,Violence and sexual offences,Unable to prosecute suspect,
,2025-12,North Yorkshire Police,North Yorkshire Police,-1.604181,54.019468,On or near Brookfield Garth,E01034963,Harrogate 008E,Anti-social behaviour,,
03d89c99a9076b1a816f3f38c02318fff60d8d81a5ed164cce5105c0509f5690,2025-12,North Yorkshire Police,North Yorkshire Police,-1.586324,53.994881,On or near Penny Pot Lane,E01034964,Harrogate 008F,Other theft,Under investigation,
1d8ad62b9c31dacbe442e68e0792e05e157b69048ae9c4bc23cdb6a87d55892e,2025-12,North Yorkshire Police,North Yorkshire Police,-1.570602,54.007750,On or near Angram Avenue,E01034964,Harrogate 008F,Violence and sexual offences,Unable to prosecute suspect,
1c930342b7d0eb2a2632ef7c3b0abaa387a529eeb089f2385538b87bd30ca7ac,2025-12,North Yorkshire Police,North Yorkshire Police,-1.598317,53.994340,On or near ,E01034964,Harrogate 008F,Violence and sexual offences,Unable to prosecute suspect,
4bb47be28b165905b41c01aed9a9ad87618e99298c2650076d0624d532a6aeca,2025-12,North Yorkshire Police,North Yorkshire Police,-1.571100,54.018663,On or near Moorlands Fold,E01034964,Harrogate 008F,Violence and sexual offences,Unable to prosecute suspect,
0e7797d54d46e6196562587a21b37856b1c4fa27814ab101670aeb0b36a8089d,2025-12,North Yorkshire Police,North Yorkshire Police,-1.598317,53.994340,On or near ,E01034964,Harrogate 008F,Violence and sexual offences,Unable to prosecute suspect,
1665a5e41d303062c5b1645964c4c7ade842734eb66958111bebbcd5ec9f3c16,2025-12,North Yorkshire Police,North Yorkshire Police,-1.571100,54.018663,On or near Moorlands Fold,E01034964,Harrogate 008F,Violence and sexual offences,Unable to prosecute suspect,
eb51f6966a603bccf427bb20a0c0d2dd994c62566e05cba7c102313581ff4199,2025-12,North Yorkshire Police,North Yorkshire Police,-1.570602,54.007750,On or near Angram Avenue,E01034964,Harrogate 008F,Violence and sexual offences,Under investigation,
93ea1cae329087f5319b6047fc657f46473981729466a0d9f247f7cae24ac35f,2025-12,North Yorkshire Police,North Yorkshire Police,-1.570797,54.023156,On or near ,E01034964,Harrogate 008F,Violence and sexual offences,Under investigation,
b1bd8dc7506f4896624a7ded6721a549aef833f9d066069f4954c8d1c1cd9598,2025-12,North Yorkshire Police,North Yorkshire Police,-1.454005,54.008454,On or near Queens Road,E01027668,Harrogate 009A,Burglary,Unable to prosecute suspect,
6f8f5369b2dff19240952fa0779f3a8327081164ebf4e662475720ee14cac75c,2025-12,North Yorkshire Police,North Yorkshire Police,-1.454926,54.009223,On or near Kings Road,E01027668,Harrogate 009A,Drugs,Under investigation,
403e18605d3b2b0b0c911f3b1d2ecafeb1c74f0a0de7ccd3c7eea677e83041ad,2025-12,North Yorkshire Police,North Yorkshire Police,-1.454926,54.009223,On or near Kings Road,E01027668,Harrogate 009A,Drugs,Investigation complete; no suspect identified,
f89d1b528dee1bed0d7951c077894685c97a653756bae7806ba7c2d460439c3e,2025-12,North Yorkshire Police,North Yorkshire Police,-1.454873,54.010930,On or near Appleshaw Close,E01027668,Harrogate 009A,Possession of weapons,Under investigation,
dd752d7162770280440f987287783ab11cda699427900a2e2e3be1e100efcb63,2025-12,North Yorkshire Police,North Yorkshire Police,-1.460936,54.010535,On or near Holly Court,E01027668,Harrogate 009A,Violence and sexual offences,Unable to prosecute suspect,
24b2324edc4427e6e1cbe7a16289ac258901bcc88d3ddb0b5bfcd10267096c89,2025-12,North Yorkshire Police,North Yorkshire Police,-1.458059,54.010019,On or near Nora Avenue,E01027669,Harrogate 009B,Criminal damage and arson,Unable to prosecute suspect,
62e426a7b1d586b26220c3481c0447a9eba6d0d68d21052f96bfb2dc29502b35,2025-12,North Yorkshire Police,North Yorkshire Police,-1.465868,54.009074,On or near Berry'S Avenue,E01027669,Harrogate 009B,Criminal damage and arson,Investigation complete; no suspect identified,
c69f55d7bdb1cfd6ef751e20e8065ef1c6b79dec3f27e36fe97ac8bfc50f0408,2025-12,North Yorkshire Police,North Yorkshire Police,-1.469712,54.010412,On or near Stead'S Yard,E01027669,Harrogate 009B,Drugs,Awaiting court outcome,
2020934c1425a89821018ff7d77357b966141664abba37fdf3bd9f224beb5278,2025-12,North Yorkshire Police,North Yorkshire Police,-1.459847,54.006306,On or near York Garth,E01027669,Harrogate 009B,Drugs,Local resolution,
41e1138ac1a29affef628ab1c7b2d0421a8821d323f76593e3163f67bf836307,2025-12,North Yorkshire Police,North Yorkshire Police,-1.465651,54.011778,On or near Stockwell Road,E01027669,Harrogate 009B,Violence and sexual offences,Unable to prosecute suspect,
cc57fc729e2682afbf5427a19168b497023689ca0a883aebea218e80fc4f1515,2025-12,North Yorkshire Police,North Yorkshire Police,-1.461847,54.007393,On or near Manor Court,E01027669,Harrogate 009B,Violence and sexual offences,Unable to prosecute suspect,
,2025-12,North Yorkshire Police,North Yorkshire Police,-1.467277,54.007534,On or near Castlegate,E01027673,Harrogate 009C,Anti-social behaviour,,
,2025-12,North Yorkshire Police,North Yorkshire Police,-1.464896,54.005151,On or near Stockdale Close,E01027673,Harrogate 009C,Anti-social behaviour,,
,2025-12,North Yorkshire Police,North Yorkshire Police,-1.462119,54.005228,On or near King James Road,E01027673,Harrogate 009C,Anti-social behaviour,,
,2025-12,North Yorkshire Police,North Yorkshire Police,-1.464016,54.006010,On or near Orchard Court,E01027673,Harrogate 009C,Anti-social behaviour,,
,2025-12,North Yorkshire Police,North Yorkshire Police,-1.464016,54.006010,On or near Orchard Court,E01027673,Harrogate 009C,Anti-social behaviour,,
,2025-12,North Yorkshire Police,North Yorkshire Police,-1.467976,54.008948,On or near High Street,E01027673,Harrogate 009C,Anti-social behaviour,,
eb8aba0ab70653754d030a64741b789764f487e72000701507fec78a0d6936d7,2025-12,North Yorkshire Police,North Yorkshire Police,-1.467232,54.008649,On or near Park Square,E01027673,Harrogate 009C,Burglary,Under investigation,
0750c4a802753ae441e07345e53378284aef94964c3b8d0bdf72a9fee04e6b55,2025-12,North Yorkshire Police,North Yorkshire Police,-1.466320,54.007153,On or near Chapel Street,E01027673,Harrogate 009C,Burglary,Investigation complete; no suspect identified,
7be595716c9ce6c672a02850eaf28c86c13e9f0722f97e2e0afa0b3a9882637f,2025-12,North Yorkshire Police,North Yorkshire Police,-1.468970,54.005151,On or near Castle Ings Close,E01027673,Harrogate 009C,Criminal damage and arson,Unable to prosecute suspect,
acde8b8c6fa41dc4a058485d560a64f4f2d0d5cd9857f2e3c03fdb0277d995e2,2025-12,North Yorkshire Police,North Yorkshire Police,-1.465358,54.007688,On or near Bus/Coach Station,E01027673,Harrogate 009C,Drugs,Local resolution,
6db956827b18ba78095dc47faa7167b8f12a2135059e01a1b80e73d00f215780,2025-12,North Yorkshire Police,North Yorkshire Police,-1.465358,54.007688,On or near Bus/Coach Station,E01027673,Harrogate 009C,Other theft,Under investigation,
90b7f4dd1ea3cc2473cafea102963153a109b2475a222b1a0d80421fcc95a93c,2025-12,North Yorkshire Police,North Yorkshire Police,-1.466190,54.007826,On or near Silver Street,E01027673,Harrogate 009C,Other theft,Under investigation,
241cfd637b8c87a75e909f1ee24f5e2f619a4469f000147f50f3f5793c7b5623,2025-12,North Yorkshire Police,North Yorkshire Police,-1.467277,54.007534,On or near Castlegate,E01027673,Harrogate 009C,Other theft,Unable to prosecute suspect,
e7958bbafaf955b7234c8a3f076c69dd6d7d60e8a58037746fdb5a42fa54dcaf,2025-12,North Yorkshire Police,North Yorkshire Police,-1.467628,54.005082,On or near Briggate,E01027673,Harrogate 009C,Possession of weapons,Under investigation,
e169e29ef996b1d2f659a755a4267f9a6297058432ab63c775ec10421ba43b47,2025-12,North Yorkshire Police,North Yorkshire Police,-1.465358,54.007688,On or near Bus/Coach Station,E01027673,Harrogate 009C,Shoplifting,Investigation complete; no suspect identified,
1cb370f294f36cb7eb9d669343abe65089dba20dbcfd6d8422ad07e55faca5fd,2025-12,North Yorkshire Police,North Yorkshire Police,-1.467232,54.008649,On or near Park Square,E01027673,Harrogate 009C,Shoplifting,Investigation complete; no suspect identified,
9cdab44d51735817f302e5bc6d589e7d7d0a3fa47f69566f01c4b41c27100b2f,2025-12,North Yorkshire Police,North Yorkshire Police,-1.467232,54.008649,On or near Park Square,E01027673,Harrogate 009C,Shoplifting,Investigation complete; no suspect identified,
b54452efe9db3db62f6ea1a434aa221a1e2cf80ad089b50a3bcb53338c25dab7,2025-12,North Yorkshire Police,North Yorkshire Police,-1.462119,54.005228,On or near King James Road,E01027673,Harrogate 009C,Violence and sexual offences,Unable to prosecute suspect,
,2025-12,North Yorkshire Police,North Yorkshire Police,-1.462865,54.018354,On or near Hyde Park Road,E01027676,Harrogate 009D,Anti-social behaviour,,
,2025-12,North Yorkshire Police,North Yorkshire Police,-1.464274,54.013210,On or near Stockwell Avenue,E01027676,Harrogate 009D,Anti-social behaviour,,
,2025-12,North Yorkshire Police,North Yorkshire Police,-1.459381,54.015148,On or near Alexandra Park Road,E01027676,Harrogate 009D,Anti-social behaviour,,
,2025-12,North Yorkshire Police,North Yorkshire Police,-1.464208,54.014801,On or near Stockwell Place,E01027676,Harrogate 009D,Anti-social behaviour,,
,2025-12,North Yorkshire Police,North Yorkshire Police,-1.459381,54.015148,On or near Alexandra Park Road,E01027676,Harrogate 009D,Anti-social behaviour,,
11026d494822c57f1a02f94baf4f194d0c98bd43bbbe121c443e05542efb36f6,2025-12,North Yorkshire Police,North Yorkshire Police,-1.459381,54.015148,On or near Alexandra Park Road,E01027676,Harrogate 009D,Criminal damage and arson,Investigation complete; no suspect identified,
a90cd58a796960fa0cd92326fd70587ea36f19bf2be254315dda74292f7e7382,2025-12,North Yorkshire Police,North Yorkshire Police,-1.459748,54.013945,On or near Halfpenny Close,E01027676,Harrogate 009D,Criminal damage and arson,Unable to prosecute suspect,
e31a54d87e990fc2ec00e43fbeec2786e43d2cdcfba61cb7dc87234725882005,2025-12,North Yorkshire Police,North Yorkshire Police,-1.462900,54.013276,On or near Frogmire Close,E01027676,Harrogate 009D,Criminal damage and arson,Unable to prosecute suspect,
d038a44fd304446ded575ff13e353eb7811fda844192ce3a80999c1ab279735b,2025-12,North Yorkshire Police,North Yorkshire Police,-1.459381,54.015148,On or near Alexandra Park Road,E01027676,Harrogate 009D,Violence and sexual offences,Unable to prosecute suspect,
9f78b81a3010e8eb8f69ea7ea9cc69f21c6fa40681c9b02671528eabbf3e5eae,2025-12,North Yorkshire Police,North Yorkshire Police,-1.463606,54.014160,On or near Frogmire Drive,E01027676,Harrogate 009D,Violence and sexual offences,Under investigation,
df79d0906847ae7bcebb5a7ace393d5f1d64fab81cd66bd795c811f56a4d7ee7,2025-12,North Yorkshire Police,North Yorkshire Police,-1.462900,54.013276,On or near Frogmire Close,E01027676,Harrogate 009D,Violence and sexual offences,Unable to prosecute suspect,
6797bdaeaf19d59c8a1bf2b5f80734eb1c6b74661e48b8d3eb378319aa954ebb,2025-12,North Yorkshire Police,North Yorkshire Police,-1.462900,54.013276,On or near Frogmire Close,E01027676,Harrogate 009D,Violence and sexual offences,Unable to prosecute suspect,
866ea875e4e6c471fe7c64ab79daa9c4e89bf82bbd741a26443a5f6f2844a135,2025-12,North Yorkshire Police,North Yorkshire Police,-1.464274,54.013210,On or near Stockwell Avenue,E01027676,Harrogate 009D,Violence and sexual offences,Unable to prosecute suspect,
c886cf9e7f6664935cd06aa0537fb45c4f8e708c35caa6cadfebf78c4abb85b9,2025-12,North Yorkshire Police,North Yorkshire Police,-1.456145,54.014055,On or near Angel Gardens,E01027676,Harrogate 009D,Violence and sexual offences,Unable to prosecute suspect,
,2025-12,North Yorkshire Police,North Yorkshire Police,-1.537596,54.006612,On or near Warren Place,E01027638,Harrogate 010A,Anti-social behaviour,,
15134273214d477beaeda065a3faa93b6c248fdcd7ff4e72e9ed9b83f72a1d53,2025-12,North Yorkshire Police,North Yorkshire Police,-1.537596,54.006612,On or near Warren Place,E01027638,Harrogate 010A,Shoplifting,Awaiting court outcome,
60c46a143956a6a7d957e7ff15a7febc03b70f31d7ca552b4eb0e765e2a3d69a,2025-12,North Yorkshire Police,North Yorkshire Police,-1.537596,54.006612,On or near Warren Place,E01027638,Harrogate 010A,Vehicle crime,Under investigation,
30174a1d2df979073e89cade3790f7e51d56a7c0c0bd2e931eda8a5bd2d7c72f,2025-12,North Yorkshire Police,North Yorkshire Police,-1.538255,54.011890,On or near Bachelor Gardens,E01027638,Harrogate 010A,Violence and sexual offences,Under investigation,
52224d7670be741ea4fa94fc589cadc7d82ab31e83da3af8626ec3d85be30735,2025-12,North Yorkshire Police,North Yorkshire Police,-1.538255,54.011890,On or near Bachelor Gardens,E01027638,Harrogate 010A,Other crime,Under investigation,
,2025-12,North Yorkshire Police,North Yorkshire Police,-1.538933,54.007129,On or near St John'S Crescent,E01027640,Harrogate 010C,Anti-social behaviour,,
93c4dcae8c8db0daf5e5fb07559a746a267b580674299ac09249bf3c0aae7357,2025-12,North Yorkshire Police,North Yorkshire Police,-1.540904,54.005501,On or near Skipton Court,E01027640,Harrogate 010C,Drugs,Awaiting court outcome,
f40829333973065d26d73ec67e0a05b420f8297e9d97833e82ce8644d48f7f29,2025-12,North Yorkshire Police,North Yorkshire Police,-1.539873,54.006315,On or near Bilton Grange Close,E01027640,Harrogate 010C,Violence and sexual offences,Under investigation,
d8c3b4c569ef066f9309c5d8471ab7b7c6b14c48fdc48c96b79d8ef110df194b,2025-12,North Yorkshire Police,North Yorkshire Police,-1.539873,54.006315,On or near Bilton Grange Close,E01027640,Harrogate 010C,Violence and sexual offences,Unable to prosecute suspect,
70ef04e3ad1a27927827962af29b32cb0370ff64e68085166c36cdee0755b3d2,2025-12,North Yorkshire Police,North Yorkshire Police,-1.543381,54.009204,On or near Redhill Road,E01027690,Harrogate 010D,Violence and sexual offences,Unable to prosecute suspect,
,2025-12,North Yorkshire Police,North Yorkshire Police,-1.527470,54.008882,On or near Grosvenor Grove,E01027738,Harrogate 010E,Anti-social behaviour,,
e780ea2a4e36aa6e5db5cfbcee85f2ec80c210d6c5fe792511376a9b9d059c48,2025-12,North Yorkshire Police,North Yorkshire Police,-1.533314,54.007485,On or near Bilton Grove Avenue,E01027738,Harrogate 010E,Other theft,Unable to prosecute suspect,
9a0c10a5e8fcf329359d469ed53cc83ce0d2262ff8f11172089b339a66c375d2,2025-12,North Yorkshire Police,North Yorkshire Police,-1.530726,54.008058,On or near Supermarket,E01027738,Harrogate 010E,Shoplifting,Investigation complete; no suspect identified,
119029b525b91c74c0ae190b31fa819e3416c0b4d36eaee8e96ab9be8c96ba33,2025-12,North Yorkshire Police,North Yorkshire Police,-1.530726,54.008058,On or near Supermarket,E01027738,Harrogate 010E,Shoplifting,Awaiting court outcome,
823202872794255db9e053038cee0da305aa0ec1954eca6fe4c1a42693bb39cf,2025-12,North Yorkshire Police,North Yorkshire Police,-1.528359,54.008481,On or near Walnut Grove,E01027738,Harrogate 010E,Vehicle crime,Under investigation,
,2025-12,North Yorkshire Police,North Yorkshire Police,-1.533745,54.004449,On or near Cecil Street,E01027739,Harrogate 010F,Anti-social behaviour,,
c266fe51a132952f42c4de4154abdfc74ce01ab6dc1124e0badcfbbc467ea997,2025-12,North Yorkshire Police,North Yorkshire Police,-1.533745,54.004449,On or near Cecil Street,E01027739,Harrogate 010F,Other theft,Under investigation,
cdacb04f8d8a25681dad2299648a69d0fc5d38c0ab21a6b395c8cc32bd66cea6,2025-12,North Yorkshire Police,North Yorkshire Police,-1.532931,54.006243,On or near King Edward'S Drive,E01027739,Harrogate 010F,Robbery,Investigation complete; no suspect identified,
84e9720ae763dd1babce833d36e46b480c916c642f3c3c1b3bca8a46f9ac4dac,2025-12,North Yorkshire Police,North Yorkshire Police,-1.532931,54.006243,On or near King Edward'S Drive,E01027739,Harrogate 010F,Shoplifting,Awaiting court outcome,
924447e586f07226ff462c7bfe1b3cc72309a385f1a850098c3a536abdb24036,2025-12,North Yorkshire Police,North Yorkshire Police,-1.537500,54.005686,On or near Supermarket,E01027739,Harrogate 010F,Shoplifting,Awaiting court outcome,
29115393e978778f8caf3468bf90d418a90868f49a4157dad1eb0a2c2aba3302,2025-12,North Yorkshire Police,North Yorkshire Police,-1.532931,54.006243,On or near King Edward'S Drive,E01027739,Harrogate 010F,Shoplifting,Awaiting court outcome,
2eabbe1c55f603f77a58f51f13c17010cd3d388f6838f476aa29b7eef8a58de2,2025-12,North Yorkshire Police,North Yorkshire Police,-1.533745,54.004449,On or near Cecil Street,E01027739,Harrogate 010F,Vehicle crime,Investigation complete; no suspect identified,
94c996572c1695e3a9e1aecf4b82c0236c8b9056b66ce658bf9acc71bd34d97c,2025-12,North Yorkshire Police,North Yorkshire Police,-1.533745,54.004449,On or near Cecil Street,E01027739,Harrogate 010F,Violence and sexual offences,Unable to prosecute suspect,
0f5f77f64618e4f00e3995ad5df47247d1a1dceb57054340867f0f42f057345e,2025-12,North Yorkshire Police,North Yorkshire Police,-1.533745,54.004449,On or near Cecil Street,E01027739,Harrogate 010F,Violence and sexual offences,Unable to prosecute suspect,
8e9dbcfe0f70e9b70d2d1fa6448db301ba41167e618fc111a233372a79325b13,2025-12,North Yorkshire Police,North Yorkshire Police,-1.533745,54.004449,On or near Cecil Street,E01027739,Harrogate 010F,Violence and sexual offences,Unable to prosecute suspect,
0f5f77f64618e4f00e3995ad5df47247d1a1dceb57054340867f0f42f057345e,2025-12,North Yorkshire Police,North Yorkshire Police,-1.533745,54.004449,On or near Cecil Street,E01027739,Harrogate 010F,Violence and sexual offences,Under investigation,
,2025-12,North Yorkshire Police,North Yorkshire Police,-1.524944,54.010904,On or near Fountains Avenue,E01027741,Harrogate 010G,Anti-social behaviour,,
8f0f3e5ba3fc43f36af54a6fdf7d96a8cf779e0135be9a7f7d3d477100163fa5,2025-12,North Yorkshire Police,North Yorkshire Police,-1.525579,54.008794,On or near Poplar Grove,E01027741,Harrogate 010G,Violence and sexual offences,Awaiting court outcome,
,2025-12,North Yorkshire Police,North Yorkshire Police,-1.551746,54.000392,On or near Scargill Road,E01027689,Harrogate 011A,Anti-social behaviour,,
,2025-12,North Yorkshire Police,North Yorkshire Police,-1.543785,54.004362,On or near Knapping Hill,E01027689,Harrogate 011A,Anti-social behaviour,,
9cbb77dcaca3080cb8d9388819d2e1af8b00e6b396da14e6d15ea863d9dc0190,2025-12,North Yorkshire Police,North Yorkshire Police,-1.551746,54.000392,On or near Scargill Road,E01027689,Harrogate 011A,Criminal damage and arson,Investigation complete; no suspect identified,
235c6e8232f0a7e6897a0dc097445f650f7e088f89a83859490e9eaefa001254,2025-12,North Yorkshire Police,North Yorkshire Police,-1.551746,54.000392,On or near Scargill Road,E01027689,Harrogate 011A,Other theft,Local resolution,
035c288898b6de57b87304df6181b9c80ab6f492eaf0be73ebc83366e9da087d,2025-12,North Yorkshire Police,North Yorkshire Police,-1.551746,54.000392,On or near Scargill Road,E01027689,Harrogate 011A,Violence and sexual offences,Unable to prosecute suspect,
69dfcbce19b20211ad490cdf393f7f318c2b8289cbd6344f7465fe9f0615b44f,2025-12,North Yorkshire Police,North Yorkshire Police,-1.551746,54.000392,On or near Scargill Road,E01027689,Harrogate 011A,Violence and sexual offences,Under investigation,
,2025-12,North Yorkshire Police,North Yorkshire Police,-1.552884,54.003830,On or near Nesfield Close,E01027691,Harrogate 011B,Anti-social behaviour,,
,2025-12,North Yorkshire Police,North Yorkshire Police,-1.550098,54.007513,On or near Park House Green,E01027691,Harrogate 011B,Anti-social behaviour,,
8724b256a304e926238142bca54720657df7c44b1dc0ba5bc7616b8f6aa49829,2025-12,North Yorkshire Police,North Yorkshire Police,-1.555267,54.004980,On or near Burnside Close,E01027691,Harrogate 011B,Criminal damage and arson,Under investigation,
eac4d609af509ecf18faf57a29abae89d7854e03a7143510eb86556e69cc5647,2025-12,North Yorkshire Police,North Yorkshire Police,-1.555114,54.006435,On or near Burnside Drive,E01027691,Harrogate 011B,Other theft,Unable to prosecute suspect,
64f8b492dafe10a7231158be96855619a245667af4fb3ae9d171c0995a8a4254,2025-12,North Yorkshire Police,North Yorkshire Police,-1.554173,54.008805,On or near Supermarket,E01027691,Harrogate 011B,Shoplifting,Investigation complete; no suspect identified,
51fbdad20abb42942ea35e6f0377c487a9964894c33e44bded873585b42502bc,2025-12,North Yorkshire Police,North Yorkshire Police,-1.550098,54.007513,On or near Park House Green,E01027691,Harrogate 011B,Violence and sexual offences,Unable to prosecute suspect,
,2025-12,North Yorkshire Police,North Yorkshire Police,-1.568083,54.007912,On or near Winterburn Close,E01027720,Harrogate 011C,Anti-social behaviour,,
ddd7f42ffb6969c1b4e59fef3717a61d5f6ed9748662670f59985c8b88daa628,2025-12,North Yorkshire Police,North Yorkshire Police,-1.566724,54.005022,On or near Norwich Drive,E01027720,Harrogate 011C,Criminal damage and arson,Unable to prosecute suspect,
6de39f8fc257a677df806bfe6acfec3658ef7c8e05fd9b57e98b1ce7b1419693,2025-12,North Yorkshire Police,North Yorkshire Police,-1.556253,54.005541,On or near Burnby Close,E01027720,Harrogate 011C,Drugs,Under investigation,
d865e60869fb869d4477b3d58a76e2c00632aa9ce1e27376345361a96d7aa845,2025-12,North Yorkshire Police,North Yorkshire Police,-1.566724,54.005022,On or near Norwich Drive,E01027720,Harrogate 011C,Possession of weapons,Under investigation,
ac4a4d00f4e422613594738edf462f428854e03a4031b3618da8cab7c42787d5,2025-12,North Yorkshire Police,North Yorkshire Police,-1.563318,54.006897,On or near Nidderdale Way,E01027720,Harrogate 011C,Possession of weapons,Awaiting court outcome,
879c669933e31dddd7164221757928ff412c571f663a0b4f686684c95a042b82,2025-12,North Yorkshire Police,North Yorkshire Police,-1.566724,54.005022,On or near Norwich Drive,E01027720,Harrogate 011C,Violence and sexual offences,Under investigation,
986ad7511ad048c8ec80088c7a37350bbcf65d57c1c61dc17bb106be225df665,2025-12,North Yorkshire Police,North Yorkshire Police,-1.566724,54.005022,On or near Norwich Drive,E01027720,Harrogate 011C,Violence and sexual offences,Unable to prosecute suspect,
ba4488c2976051504d31998567e2784acc885aae308ae69d4d84cde1b125ee3f,2025-12,North Yorkshire Police,North Yorkshire Police,-1.557430,54.005302,On or near Markenfield Road,E01027720,Harrogate 011C,Violence and sexual offences,Unable to prosecute suspect,
623006d7449444d515eab94ef03d3187411c134d64c94888b404f17561b2f044,2025-12,North Yorkshire Police,North Yorkshire Police,-1.563318,54.006897,On or near Nidderdale Way,E01027720,Harrogate 011C,Other crime,Awaiting court outcome,
e3d0877b4c2c9f8996e4d36111340dbfbbc6127665ff17914c6d0db0df832556,2025-12,North Yorkshire Police,North Yorkshire Police,-1.567379,54.000773,On or near Saffron Meadow,E01027721,Harrogate 011D,Burglary,Under investigation,
9a910772ca1f545f8f1d3bed16ebf32b5cc89f2cae194e7b6d6e7ea9faf611d1,2025-12,North Yorkshire Police,North Yorkshire Police,-1.567379,54.002202,On or near Bluebell Meadow,E01027721,Harrogate 011D,Other theft,Unable to prosecute suspect,
9d175502f492702ac72729498e55bcaed77ee5ba20773c63f635995404d1d9b8,2025-12,North Yorkshire Police,North Yorkshire Police,-1.572640,54.002436,On or near Comfrey Close,E01027721,Harrogate 011D,Violence and sexual offences,Under investigation,
,2025-12,North Yorkshire Police,North Yorkshire Police,-1.557885,54.004136,On or near Bramham Drive,E01027723,Harrogate 011E,Anti-social behaviour,,
,2025-12,North Yorkshire Police,North Yorkshire Police,-1.560858,54.001369,On or near Eavestone Grove,E01027723,Harrogate 011E,Anti-social behaviour,,
b1c9031037b460382806b30c28e91577c6ab5c5a9fa418cc20d641dd06ae18b4,2025-12,North Yorkshire Police,North Yorkshire Police,-1.557085,54.001877,On or near Sutton Grange Close,E01027723,Harrogate 011E,Criminal damage and arson,Investigation complete; no suspect identified,
a68bb074f604e7dbbdb9dc6efeca85dfa459dd5b9858d5b82adb4d3f253669e5,2025-12,North Yorkshire Police,North Yorkshire Police,-1.558466,54.001154,On or near Hartwith Close,E01027723,Harrogate 011E,Drugs,Under investigation,
a68bb074f604e7dbbdb9dc6efeca85dfa459dd5b9858d5b82adb4d3f253669e5,2025-12,North Yorkshire Police,North Yorkshire Police,-1.558466,54.001154,On or near Hartwith Close,E01027723,Harrogate 011E,Drugs,Under investigation,
1a579e8d4c845424b67cbccc90ae9b0495a9a7b5eea21bc9052b185c82443b18,2025-12,North Yorkshire Police,North Yorkshire Police,-1.559910,54.003056,On or near Jenny Field Drive,E01027723,Harrogate 011E,Possession of weapons,Unable to prosecute suspect,
2ba01db77027c5fbe3cdb7af52e9dca2d8c916f8aae38b84e5dfb5834e6c4214,2025-12,North Yorkshire Police,North Yorkshire Police,-1.558128,54.002734,On or near Parking Area,E01027723,Harrogate 011E,Shoplifting,Awaiting court outcome,
ac55641921e18e90b150695c313c9d0447a94ea2520e29bc95d97f5b7dd32e22,2025-12,North Yorkshire Police,North Yorkshire Police,-1.558128,54.002734,On or near Parking Area,E01027723,Harrogate 011E,Shoplifting,Awaiting court outcome,
8a03570b2f70e3707b235d8ab380f1a17d9cb95d23a36ace2af425f044e73112,2025-12,North Yorkshire Police,North Yorkshire Police,-1.559910,54.003056,On or near Jenny Field Drive,E01027723,Harrogate 011E,Violence and sexual offences,Unable to prosecute suspect,
7b36c4fa520569ab03123373873ebf0d4750e243e890c8b4908a710379c365be,2025-12,North Yorkshire Police,North Yorkshire Police,-1.561435,54.004580,On or near Newby Crescent,E01027723,Harrogate 011E,Violence and sexual offences,Unable to prosecute suspect,
8a03570b2f70e3707b235d8ab380f1a17d9cb95d23a36ace2af425f044e73112,2025-12,North Yorkshire Police,North Yorkshire Police,-1.559910,54.003056,On or near Jenny Field Drive,E01027723,Harrogate 011E,Violence and sexual offences,Under investigation,
,2025-12,North Yorkshire Police,North Yorkshire Police,-1.447315,54.008907,On or near ,E01027670,Harrogate 012A,Anti-social behaviour,,
,2025-12,North Yorkshire Police,North Yorkshire Police,-1.450457,54.006767,On or near Birkdale Avenue,E01027670,Harrogate 012A,Anti-social behaviour,,
,2025-12,North Yorkshire Police,North Yorkshire Police,-1.447315,54.008907,On or near ,E01027670,Harrogate 012A,Anti-social behaviour,,
,2025-12,North Yorkshire Police,North Yorkshire Police,-1.450457,54.006767,On or near Birkdale Avenue,E01027670,Harrogate 012A,Anti-social behaviour,,
,2025-12,North Yorkshire Police,North Yorkshire Police,-1.450457,54.006767,On or near Birkdale Avenue,E01027670,Harrogate 012A,Anti-social behaviour,,
,2025-12,North Yorkshire Police,North Yorkshire Police,-1.443117,54.009151,On or near Holly Blue Close,E01027670,Harrogate 012A,Anti-social behaviour,,
,2025-12,North Yorkshire Police,North Yorkshire Police,-1.447306,54.009664,On or near Farndale Road,E01027670,Harrogate 012A,Anti-social behaviour,,
,2025-12,North Yorkshire Police,North Yorkshire Police,-1.447193,54.011255,On or near Newtondale Close,E01027670,Harrogate 012A,Anti-social behaviour,,
,2025-12,North Yorkshire Police,North Yorkshire Police,-1.450457,54.006767,On or near Birkdale Avenue,E01027670,Harrogate 012A,Anti-social behaviour,,
df0278dd887021804eb9b8f58a935e057be624275a59724989abe7f276bfae7c,2025-12,North Yorkshire Police,North Yorkshire Police,-1.443117,54.009151,On or near Holly Blue Close,E01027670,Harrogate 012A,Burglary,Investigation complete; no suspect identified,
9d07c7a88604afe7c6a4c04dc4fa46c3f38bcab2213c545a38dd47c3000c5a59,2025-12,North Yorkshire Police,North Yorkshire Police,-1.443117,54.009151,On or near Holly Blue Close,E01027670,Harrogate 012A,Burglary,Investigation complete; no suspect identified,
2e1b6fb8d6d295cced5f9d30a4ff6b0448a2e9f5625c2cc06d22169fde5dea35,2025-12,North Yorkshire Police,North Yorkshire Police,-1.448959,54.005825,On or near Uldale Close,E01027670,Harrogate 012A,Burglary,Unable to prosecute suspect,
fc87ce593af99a84b1045c4c6c138875850f0f50c5092409b38a835e4d808875,2025-12,North Yorkshire Police,North Yorkshire Police,-1.444259,54.009470,On or near ,E01027670,Harrogate 012A,Drugs,Awaiting court outcome,
d21c9ccff989fb221d1dd1f257ce33cb2d537c7f741a0db3f3b57b4b09f25cdf,2025-12,North Yorkshire Police,North Yorkshire Police,-1.447193,54.011255,On or near Newtondale Close,E01027670,Harrogate 012A,Violence and sexual offences,Unable to prosecute suspect,
58dfe1f91b06ceaebd3278a824c85c6fa7bdf2835716a2f03ce5ed157dbce992,2025-12,North Yorkshire Police,North Yorkshire Police,-1.443117,54.009151,On or near Holly Blue Close,E01027670,Harrogate 012A,Violence and sexual offences,Unable to prosecute suspect,
92a8e946c11fb26d582ea2104e080620bc54c6c652bfd55a5a610a43e216d401,2025-12,North Yorkshire Police,North Yorkshire Police,-1.448959,54.005825,On or near Uldale Close,E01027670,Harrogate 012A,Violence and sexual offences,Unable to prosecute suspect,
b9e251c75d31aee1d1b291bebbd9196bffcb148f06451d8f3ee97955578f37d1,2025-12,North Yorkshire Police,North Yorkshire Police,-1.446670,54.010343,On or near ,E01027670,Harrogate 012A,Violence and sexual offences,Unable to prosecute suspect,
d10380c9d0780264be09721dce0b826577d7be375f60a02d64a809a3d7f4aa07,2025-12,North Yorkshire Police,North Yorkshire Police,-1.447193,54.011255,On or near Newtondale Close,E01027670,Harrogate 012A,Violence and sexual offences,Unable to prosecute suspect,
,2025-12,North Yorkshire Police,North Yorkshire Police,-1.441321,53.997395,On or near Mill Road,E01027671,Harrogate 012B,Anti-social behaviour,,
,2025-12,North Yorkshire Police,North Yorkshire Police,-1.444852,53.999173,On or near Grimbald Crag Way,E01027671,Harrogate 012B,Anti-social behaviour,,
c578daf1406fc5757be3e46b5f152637123155b3b73a7df575cfd078e746e9d8,2025-12,North Yorkshire Police,North Yorkshire Police,-1.435461,54.006580,On or near Archers Meadow,E01027671,Harrogate 012B,Burglary,Investigation complete; no suspect identified,
ea2e367042f156849c8b78cd7c48f219d21998c7b9c39ff00d4ad6e277e55ff7,2025-12,North Yorkshire Police,North Yorkshire Police,-1.443179,53.999938,On or near Shopping Area,E01027671,Harrogate 012B,Shoplifting,Investigation complete; no suspect identified,
a39d630b21e3170d56e99e684bae44ed70a6c5a401757e727692c7a7d4ef66f9,2025-12,North Yorkshire Police,North Yorkshire Police,-1.443179,53.999938,On or near Shopping Area,E01027671,Harrogate 012B,Shoplifting,Under investigation,
87c40bcfd7b3a1dc2ff24dd12cb2d2f10dd0318d7ab9c5e2630ee78a33c6ff47,2025-12,North Yorkshire Police,North Yorkshire Police,-1.443179,53.999938,On or near Shopping Area,E01027671,Harrogate 012B,Shoplifting,Investigation complete; no suspect identified,
8ea4c5b55eaedacabc0585a0aa0798f087e73c692787ddc34e0489aa043e4140,2025-12,North Yorkshire Police,North Yorkshire Police,-1.441829,54.002772,On or near Grimbald Grag Link,E01027671,Harrogate 012B,Vehicle crime,Investigation complete; no suspect identified,
e5ca2d4612a2aa4de31665737362c00af667fb1dcf06f5270bd25ce86db08e88,2025-12,North Yorkshire Police,North Yorkshire Police,-1.454783,53.997969,On or near Abbey Mill Gardens,E01027671,Harrogate 012B,Vehicle crime,Investigation complete; no suspect identified,
aefc8f65dc77a5afb023b3e384286167ed61a8bf4ed19b725943b93c71c7f3ba,2025-12,North Yorkshire Police,North Yorkshire Police,-1.450796,54.005384,On or near Crestholme Close,E01027671,Harrogate 012B,Violence and sexual offences,Unable to prosecute suspect,
8e7e150cf4c7ae2637bc98d5836806c406d852676286b39282fde3889642303a,2025-12,North Yorkshire Police,North Yorkshire Police,-1.444852,53.999173,On or near Grimbald Crag Way,E01027671,Harrogate 012B,Violence and sexual offences,Unable to prosecute suspect,
269ce259097971d1630695378c01a6ea9fcc907de36ba7ef2c97ee3fbf4560de,2025-12,North Yorkshire Police,North Yorkshire Police,-1.448942,54.000190,On or near B6164,E01027671,Harrogate 012B,Other crime,Awaiting court outcome,
501d6d196ccedfa00f0cec2d1f00ded341da4871eb667b9a2daa251b2c336c40,2025-12,North Yorkshire Police,North Yorkshire Police,-1.462043,54.001615,On or near Aspin Avenue,E01027672,Harrogate 012C,Criminal damage and arson,Unable to prosecute suspect,
,2025-12,North Yorkshire Police,North Yorkshire Police,-1.411744,54.000544,On or near Church Street,E01027704,Harrogate 012D,Anti-social behaviour,,
e9766f619b9b159c0c980230b2fdfccbe347b12b8bb4b3fcc4ba5cd681932e8b,2025-12,North Yorkshire Police,North Yorkshire Police,-1.479940,53.968448,On or near Manor Fold,E01027704,Harrogate 012D,Violence and sexual offences,Under investigation,
f1680cc72fcd962de58b127b213198641cc8f0f943261c8da9e30cf97ee79b64,2025-12,North Yorkshire Police,North Yorkshire Police,-1.419234,54.001677,On or near Station Road,E01027704,Harrogate 012D,Violence and sexual offences,Unable to prosecute suspect,
9af694a77bef1534194c8c07ffd03dfb2addfc09990c08e018118805d3e924d5,2025-12,North Yorkshire Police,North Yorkshire Police,-1.466802,53.988581,On or near ,E01027704,Harrogate 012D,Violence and sexual offences,Unable to prosecute suspect,
029dca772a570f1386ef659c3e8bf4584dbb109feb013ac8fa32615e7e42b184,2025-12,North Yorkshire Police,North Yorkshire Police,-1.522847,53.999481,On or near Avondale Road,E01027649,Harrogate 013A,Burglary,Investigation complete; no suspect identified,
9784c1ca76fb9558a866a2429b7cdc158ae0cff32e9d35c810bfcd52e812a8b2,2025-12,North Yorkshire Police,North Yorkshire Police,-1.517573,53.993807,On or near Hospital,E01027649,Harrogate 013A,Criminal damage and arson,Unable to prosecute suspect,
53d4c83b58adf9f191bc1094bbc11407f31e951380b43e84577c86cd6539579e,2025-12,North Yorkshire Police,North Yorkshire Police,-1.522847,53.999481,On or near Avondale Road,E01027649,Harrogate 013A,Criminal damage and arson,Unable to prosecute suspect,
fd703e95c81710c4d8685d03f8383eb8d28331742a7aeb5f9e74cbbc6c5727c5,2025-12,North Yorkshire Police,North Yorkshire Police,-1.517573,53.993807,On or near Hospital,E01027649,Harrogate 013A,Criminal damage and arson,Awaiting court outcome,
b63b7a3120178997524402ca477e6143c68ea5015d2039ccdeb6babffb239a4a,2025-12,North Yorkshire Police,North Yorkshire Police,-1.521724,54.002973,On or near Claro Park,E01027649,Harrogate 013A,Drugs,Awaiting court outcome,
b1286d56a6a15c7b0837247649cd1ce3407a5227448bb49d8951e7de3941590d,2025-12,North Yorkshire Police,North Yorkshire Police,-1.521724,54.002973,On or near Claro Park,E01027649,Harrogate 013A,Other theft,Unable to prosecute suspect,
4dd6a31c3250a1da031e045babfa7eb2f3813dbd5197450c8b43aa3799e3be04,2025-12,North Yorkshire Police,North Yorkshire Police,-1.519803,53.996206,On or near Silverfields Road,E01027649,Harrogate 013A,Other theft,Investigation complete; no suspect identified,
f344caea12e485d837e556fee90ca8f4ca3700790f74ecf7b5c17d36bb9013cc,2025-12,North Yorkshire Police,North Yorkshire Police,-1.521724,54.002973,On or near Claro Park,E01027649,Harrogate 013A,Other theft,Investigation complete; no suspect identified,
b0e6490ab3d0026b5fde493ee20d59a7934ac7658628930ba5a5fcb6ac7a2cc3,2025-12,North Yorkshire Police,North Yorkshire Police,-1.521724,54.002973,On or near Claro Park,E01027649,Harrogate 013A,Possession of weapons,Awaiting court outcome,
4e9ef7b5a3a0c3b978c522be037db15146403cb291a8e0662c978455a71ba617,2025-12,North Yorkshire Police,North Yorkshire Police,-1.524388,53.998166,On or near Sanders Walk,E01027649,Harrogate 013A,Vehicle crime,Investigation complete; no suspect identified,
947bd9b97fbec73cc56ddfbee17aec2255845abde25c7e456d18afbf55ee6535,2025-12,North Yorkshire Police,North Yorkshire Police,-1.519031,53.997012,On or near Roseville Drive,E01027649,Harrogate 013A,Vehicle crime,Investigation complete; no suspect identified,
02b0b7514c3d1b89e6cf4e4fb1eb502949939aff2cd7594f6bcd10b6312b8207,2025-12,North Yorkshire Police,North Yorkshire Police,-1.512842,54.001800,On or near ,E01027649,Harrogate 013A,Violence and sexual offences,Under investigation,
bbf9f8228c78c5ae8bd3c772ab0c8a10ef00d598e5f65d65ca8538b860a8acd5,2025-12,North Yorkshire Police,North Yorkshire Police,-1.512842,54.001800,On or near ,E01027649,Harrogate 013A,Violence and sexual offences,Under investigation,
0d36a3230dfa87a616e2c86bc336e954af72dea8384d948128e84796cb096541,2025-12,North Yorkshire Police,North Yorkshire Police,-1.517573,53.993807,On or near Hospital,E01027649,Harrogate 013A,Violence and sexual offences,Unable to prosecute suspect,
a2d7709d00438feb838c146afe11bf07317301233efc1450513cc93eb427ba85,2025-12,North Yorkshire Police,North Yorkshire Police,-1.512842,54.001800,On or near ,E01027649,Harrogate 013A,Violence and sexual offences,Under investigation,
99062914cbea0c401d968686bf81d367f450aac2f2393759b9ee1542b40cb253,2025-12,North Yorkshire Police,North Yorkshire Police,-1.512842,54.001800,On or near ,E01027649,Harrogate 013A,Violence and sexual offences,Unable to prosecute suspect,
fa1efca8e807324fb7f9cbc5925cbda4cd1f9037b5f6e47bb221be5be1664000,2025-12,North Yorkshire Police,North Yorkshire Police,-1.516201,53.992480,On or near Parking Area,E01027649,Harrogate 013A,Violence and sexual offences,Unable to prosecute suspect,
eeaa05a76b5823cb337c78afdd8ed13b66f729916fad6bef28d92aa265e14aaa,2025-12,North Yorkshire Police,North Yorkshire Police,-1.521724,54.002973,On or near Claro Park,E01027649,Harrogate 013A,Violence and sexual offences,Under investigation,
aea60a7643f90cc11d15bdc994746066b6d7d3ada5f2f5e4d4cd37cce3770936,2025-12,North Yorkshire Police,North Yorkshire Police,-1.522847,53.999481,On or near Avondale Road,E01027649,Harrogate 013A,Violence and sexual offences,Unable to prosecute suspect,
f0191d616d7756ce0aa2fc1d534f79c458bbc3fc31b62f5b6b35e77f6fd505e7,2025-12,North Yorkshire Police,North Yorkshire Police,-1.521724,54.002973,On or near Claro Park,E01027649,Harrogate 013A,Violence and sexual offences,Unable to prosecute suspect,
cbc72964cc9381356efaed4094d9131d7e9079ec40db0c499aea29e490f2a42f,2025-12,North Yorkshire Police,North Yorkshire Police,-1.517573,53.993807,On or near Hospital,E01027649,Harrogate 013A,Violence and sexual offences,Under investigation,
e1c74ea080d01a759d945d5f394b67182342e975e391d17919b5dbcaa93387dc,2025-12,North Yorkshire Police,North Yorkshire Police,-1.519049,54.000787,On or near Sports/Recreation Area,E01027649,Harrogate 013A,Violence and sexual offences,Local resolution,
717622922b67b32311490562e3076ec0da8b5b8948822a03fe123a0d1e63a078,2025-12,North Yorkshire Police,North Yorkshire Police,-1.521724,54.002973,On or near Claro Park,E01027649,Harrogate 013A,Violence and sexual offences,Under investigation,
cee3ac225ff5f571636f3c89042f53310a0e69efd6ff97bba2ff561448664686,2025-12,North Yorkshire Police,North Yorkshire Police,-1.517573,53.993807,On or near Hospital,E01027649,Harrogate 013A,Violence and sexual offences,Under investigation,
19e9f55963c76e51e6cf981963096ac0736555348a3046f5b82d773a23f8ed54,2025-12,North Yorkshire Police,North Yorkshire Police,-1.521724,54.002973,On or near Claro Park,E01027649,Harrogate 013A,Violence and sexual offences,Unable to prosecute suspect,
a1599fe11d6f77a9b9534f19fd5726c872ea2d7c7c1488e1d2445d7eb2183e15,2025-12,North Yorkshire Police,North Yorkshire Police,-1.517573,53.993807,On or near Hospital,E01027649,Harrogate 013A,Violence and sexual offences,Further investigation is not in the public interest,
dfdb04d093ceb6a6408f80fccc97770d5b5210c1988e293e18f1a389dfdcb2ef,2025-12,North Yorkshire Police,North Yorkshire Police,-1.517573,53.993807,On or near Hospital,E01027649,Harrogate 013A,Violence and sexual offences,Unable to prosecute suspect,
3ec9ad454854516818d3da59e20834d53bfa670a98f6013b6484f0d8e35393f4,2025-12,North Yorkshire Police,North Yorkshire Police,-1.517573,53.993807,On or near Hospital,E01027649,Harrogate 013A,Violence and sexual offences,Awaiting court outcome,
d913861e6ee4de63038c472b6452c6434e73e88c8fac268295b4ebed0b45a884,2025-12,North Yorkshire Police,North Yorkshire Police,-1.517573,53.993807,On or near Hospital,E01027649,Harrogate 013A,Violence and sexual offences,Unable to prosecute suspect,
a17c0a0ff3a69ec34b03859e2e9d4db0796f3016266203f992e0a569b9fd395e,2025-12,North Yorkshire Police,North Yorkshire Police,-1.521724,54.002973,On or near Claro Park,E01027649,Harrogate 013A,Violence and sexual offences,Under investigation,
,2025-12,North Yorkshire Police,North Yorkshire Police,-1.512296,53.995133,On or near Fairfax Walk,E01027651,Harrogate 013B,Anti-social behaviour,,
308712fd8e223f54748f546758799e36d6adc54ab6b710e264071194a2605193,2025-12,North Yorkshire Police,North Yorkshire Police,-1.512296,53.995133,On or near Fairfax Walk,E01027651,Harrogate 013B,Burglary,Under investigation,
9ebbbc09f5295624a28044a3e7ada62fea3eac56d50e0582a172608f33144203,2025-12,North Yorkshire Police,North Yorkshire Police,-1.508844,53.995461,On or near Kennion Road,E01027651,Harrogate 013B,Criminal damage and arson,Investigation complete; no suspect identified,
1509f82f22e1ee5b61280a08b8214db6d0557f76b2cf98906c02891b16e435fb,2025-12,North Yorkshire Police,North Yorkshire Police,-1.511063,53.993574,On or near Fairfax Avenue,E01027651,Harrogate 013B,Criminal damage and arson,Under investigation,
df445be421767516921148481bea09b10a22a09350fe4e8136873f59aa51e5a2,2025-12,North Yorkshire Police,North Yorkshire Police,-1.512296,53.995133,On or near Fairfax Walk,E01027651,Harrogate 013B,Criminal damage and arson,Under investigation,
41bfcb466a018fa84e2a7115d2d3d4c5012daea3def3697ef78a4cb19e3d2620,2025-12,North Yorkshire Police,North Yorkshire Police,-1.511063,53.993574,On or near Fairfax Avenue,E01027651,Harrogate 013B,Criminal damage and arson,Investigation complete; no suspect identified,
38f22d710a40563b4f4c251c4849f60bb74acf1ef52cc46cfbe384314421d0ff,2025-12,North Yorkshire Police,North Yorkshire Police,-1.511063,53.993574,On or near Fairfax Avenue,E01027651,Harrogate 013B,Other theft,Investigation complete; no suspect identified,
d6c6b9c48c43839d77d6c30f17bf5cd7f0364677f0a6638cc6adc5590ae8cbf8,2025-12,North Yorkshire Police,North Yorkshire Police,-1.511063,53.993574,On or near Fairfax Avenue,E01027651,Harrogate 013B,Public order,Under investigation,
eb0d4ea83bb8b4288bbbaea10c07741c6d5fc2e1041b2c202cb4c378b0af796e,2025-12,North Yorkshire Police,North Yorkshire Police,-1.511641,53.995050,On or near Tunstall Road,E01027651,Harrogate 013B,Violence and sexual offences,Unable to prosecute suspect,
06b3ccc71ace4f7107ee8a883046e6ee1d9f95ff3e311404d367ba15e685702e,2025-12,North Yorkshire Police,North Yorkshire Police,-1.511063,53.993574,On or near Fairfax Avenue,E01027651,Harrogate 013B,Violence and sexual offences,Under investigation,
94ff892eb39e8b4652758856e728904a2df114b89a97aed7f74bb748a7e2523e,2025-12,North Yorkshire Police,North Yorkshire Police,-1.508856,53.993142,On or near Tyson Place,E01027651,Harrogate 013B,Violence and sexual offences,Unable to prosecute suspect,
9a8a609c3251e0ab191102fe6899c9ef651310b9b2e4b54cf03e801be8a14036,2025-12,North Yorkshire Police,North Yorkshire Police,-1.508844,53.995461,On or near Kennion Road,E01027651,Harrogate 013B,Violence and sexual offences,Unable to prosecute suspect,
de12b57ea9ddc6058b2888354cdd494f5c9f38177ca195fcc2cac1b4e7fc538a,2025-12,North Yorkshire Police,North Yorkshire Police,-1.511063,53.993574,On or near Fairfax Avenue,E01027651,Harrogate 013B,Violence and sexual offences,Unable to prosecute suspect,
64fe976bd9ae632dadb6031be4f909b6c72bf5b2c7b68f3021dffc12c382b15d,2025-12,North Yorkshire Police,North Yorkshire Police,-1.510021,53.995286,On or near Stanhope Drive,E01027651,Harrogate 013B,Violence and sexual offences,Unable to prosecute suspect,
f35ab6e3ad5f5787fa62dea755329b272d123afc370d9e79dbad8a18c6ed4bae,2025-12,North Yorkshire Police,North Yorkshire Police,-1.509122,53.993871,On or near Hargrove Road,E01027651,Harrogate 013B,Violence and sexual offences,Unable to prosecute suspect,
ea092b2ae8c0af801dba06e3fcc5db56de66915d4ceeb09fb20c7bb01937a839,2025-12,North Yorkshire Police,North Yorkshire Police,-1.512479,53.992510,On or near St Nicholas Walk,E01027651,Harrogate 013B,Violence and sexual offences,Unable to prosecute suspect,
36fbff0b6346ce57ff2874c7409c123d0114eca2f2b268e8ec1945c708a8c9f7,2025-12,North Yorkshire Police,North Yorkshire Police,-1.511063,53.993574,On or near Fairfax Avenue,E01027651,Harrogate 013B,Other crime,Under investigation,
,2025-12,North Yorkshire Police,North Yorkshire Police,-1.535073,54.001623,On or near Chatsworth Terrace,E01027657,Harrogate 013C,Anti-social behaviour,,
,2025-12,North Yorkshire Police,North Yorkshire Police,-1.537282,54.001964,On or near Bolton Street,E01027657,Harrogate 013C,Anti-social behaviour,,
,2025-12,North Yorkshire Police,North Yorkshire Police,-1.537282,54.001964,On or near Bolton Street,E01027657,Harrogate 013C,Anti-social behaviour,,
ff16a588f3b03618bfeb1936c306f5a9f4aaab0d6b758a151d98175d6d9188d9,2025-12,North Yorkshire Police,North Yorkshire Police,-1.535098,54.002099,On or near Waterloo Street,E01027657,Harrogate 013C,Criminal damage and arson,Unable to prosecute suspect,
d5f9fb339b38c03f83ba8256d87bc8a44fbd95b50c500d19f1b159ace3e3d52a,2025-12,North Yorkshire Police,North Yorkshire Police,-1.535742,54.000439,On or near Grove Road,E01027657,Harrogate 013C,Vehicle crime,Unable to prosecute suspect,
fe9d8a71445868a15bc3cffafbc18f6547d70e37780d82a745455a8fa15bfbd5,2025-12,North Yorkshire Police,North Yorkshire Police,-1.536188,54.001510,On or near Chatsworth Road,E01027657,Harrogate 013C,Violence and sexual offences,Unable to prosecute suspect,
c79656b9cef8f7baef3a7d313619a27ffb62593e702d8f27c8c49a17642fb633,2025-12,North Yorkshire Police,North Yorkshire Police,-1.534403,54.000137,On or near Elmwood Street,E01027657,Harrogate 013C,Violence and sexual offences,Awaiting court outcome,
5d2987a45945972161a8d1a10be299955cdd9486e51b0a51bcf69a11dafd2fa3,2025-12,North Yorkshire Police,North Yorkshire Police,-1.536698,54.000973,On or near Chatsworth Place,E01027657,Harrogate 013C,Violence and sexual offences,Under investigation,
,2025-12,North Yorkshire Police,North Yorkshire Police,-1.527206,53.999885,On or near Devonshire Way,E01027658,Harrogate 013D,Anti-social behaviour,,
,2025-12,North Yorkshire Police,North Yorkshire Police,-1.530160,54.000337,On or near Grove Park Terrace,E01027658,Harrogate 013D,Anti-social behaviour,,
5f442bbee84dc6bd4e523d0c70357cfe5eee723708b612e9f8b01c6e378706f1,2025-12,North Yorkshire Police,North Yorkshire Police,-1.527239,54.002293,On or near Mafeking Street,E01027658,Harrogate 013D,Criminal damage and arson,Under investigation,
73ccd373a6345725c564702f698f6f1b3837db5fd809147b3d0ef0a8277a35d8,2025-12,North Yorkshire Police,North Yorkshire Police,-1.529914,53.999113,On or near Regent Terrace,E01027658,Harrogate 013D,Criminal damage and arson,Unable to prosecute suspect,
8439afc07428ec940b50f471ada93f5ab5e3c3833a43c30c51d1e52822f54a1a,2025-12,North Yorkshire Police,North Yorkshire Police,-1.522106,53.994556,On or near ,E01027658,Harrogate 013D,Drugs,Local resolution,
29c7a0892170513d1686570056812105a832965b85e0175911944d94ae49ce18,2025-12,North Yorkshire Police,North Yorkshire Police,-1.522106,53.994556,On or near ,E01027658,Harrogate 013D,Drugs,Local resolution,
8480558a382f235116b1ede994a3718ebbd82a471f00bee9495f1d60e158df12,2025-12,North Yorkshire Police,North Yorkshire Police,-1.526884,53.994608,On or near Coach Road,E01027658,Harrogate 013D,Violence and sexual offences,Unable to prosecute suspect,
fc766fa06256ec84e8ce55eb3d6bad47742a18c96c5cdb60f6018781b2bc9b17,2025-12,North Yorkshire Police,North Yorkshire Police,-1.528426,54.001274,On or near Grove Park View,E01027658,Harrogate 013D,Other crime,Awaiting court outcome,
009d6d9902a86dfed854202543ab8de6660fad1174c2277bf651e614eced549b,2025-12,North Yorkshire Police,North Yorkshire Police,-1.536912,54.003634,On or near Grange Avenue,E01027692,Harrogate 013E,Criminal damage and arson,Under investigation,
9685a2d2b13d2bb4c266c1fb3e37adf3e64a851d52c31f9fc3186a5349ae9b4d,2025-12,North Yorkshire Police,North Yorkshire Police,-1.537845,54.003413,On or near Dawson Terrace,E01027692,Harrogate 013E,Shoplifting,Awaiting court outcome,
50ae89a20bc967835efdb3df5d86e1e6ab29171bfbf54efb6dc63a1e541b8bf6,2025-12,North Yorkshire Police,North Yorkshire Police,-1.540177,54.002272,On or near Chastworth Court,E01027692,Harrogate 013E,Violence and sexual offences,Awaiting court outcome,
fe2e1a87c6e23efd0c44ecb3f21f35a65e590711a952f00eca4e203a280b951a,2025-12,North Yorkshire Police,North Yorkshire Police,-1.540177,54.002272,On or near Chastworth Court,E01027692,Harrogate 013E,Violence and sexual offences,Awaiting court outcome,
f65c3054deaf15c27529fe24d2bb2f58fd645a124e965f96278358075f08f9dd,2025-12,North Yorkshire Police,North Yorkshire Police,-1.536912,54.003634,On or near Grange Avenue,E01027692,Harrogate 013E,Violence and sexual offences,Under investigation,
32c6f45e1a1e3b85581b97a3eba200130557149281c78056fe200e1f370495e1,2025-12,North Yorkshire Police,North Yorkshire Police,-1.536912,54.003634,On or near Grange Avenue,E01027692,Harrogate 013E,Violence and sexual offences,Under investigation,
7ac6ae4e4f4dfa6edffa2752a236febe0bece4e49e2efd1657d36f6dedfad142,2025-12,North Yorkshire Police,North Yorkshire Police,-1.540177,54.002272,On or near Chastworth Court,E01027692,Harrogate 013E,Violence and sexual offences,Unable to prosecute suspect,
,2025-12,North Yorkshire Police,North Yorkshire Police,-1.532342,54.002996,On or near Woodfield Gardens,E01027740,Harrogate 013F,Anti-social behaviour,,
,2025-12,North Yorkshire Police,North Yorkshire Police,-1.529765,54.002941,On or near Woodfield Place,E01027740,Harrogate 013F,Anti-social behaviour,,
,2025-12,North Yorkshire Police,North Yorkshire Police,-1.532342,54.002996,On or near Woodfield Gardens,E01027740,Harrogate 013F,Anti-social behaviour,,
,2025-12,North Yorkshire Police,North Yorkshire Police,-1.531064,54.002695,On or near Woodfield Drive,E01027740,Harrogate 013F,Anti-social behaviour,,
,2025-12,North Yorkshire Police,North Yorkshire Police,-1.529602,54.005143,On or near Elm Road,E01027740,Harrogate 013F,Anti-social behaviour,,
,2025-12,North Yorkshire Police,North Yorkshire Police,-1.531064,54.002695,On or near Woodfield Drive,E01027740,Harrogate 013F,Anti-social behaviour,,
,2025-12,North Yorkshire Police,North Yorkshire Police,-1.531530,54.004656,On or near Albany Avenue,E01027740,Harrogate 013F,Anti-social behaviour,,
0ab83f1f16a0bdaedc6e4e68afdf886effba1b2ac4f0a5c5a567a1afe2db974d,2025-12,North Yorkshire Police,North Yorkshire Police,-1.531530,54.004656,On or near Albany Avenue,E01027740,Harrogate 013F,Burglary,Under investigation,
1fd22bceafc46915636b6ceae38dcf00344ae4714fda1c052b99b5ab7db77b3a,2025-12,North Yorkshire Police,North Yorkshire Police,-1.532342,54.002996,On or near Woodfield Gardens,E01027740,Harrogate 013F,Drugs,Under investigation,
be15dcf319e771448d0009c4f17ce74491b62eb721dbe22e9a09ffbcf0688b10,2025-12,North Yorkshire Police,North Yorkshire Police,-1.531286,54.003307,On or near Woodfield Avenue,E01027740,Harrogate 013F,Other theft,Unable to prosecute suspect,
39718a7ec1bc8d2288e996b81578bcc57af6798d5a2427cd51bfe01bee6ab768,2025-12,North Yorkshire Police,North Yorkshire Police,-1.532342,54.002996,On or near Woodfield Gardens,E01027740,Harrogate 013F,Other theft,Investigation complete; no suspect identified,
4cf0a3e4a1e3f00e767c3fbf8077a18b9ccf2a28d88120630501c3962d3973c0,2025-12,North Yorkshire Police,North Yorkshire Police,-1.523158,54.006996,On or near Dene Park,E01027740,Harrogate 013F,Vehicle crime,Investigation complete; no suspect identified,
25ff4f85b2d0b85a645564bb911ca63ef47229ccda6b8a29ca8d6c52c737e86f,2025-12,North Yorkshire Police,North Yorkshire Police,-1.531286,54.003307,On or near Woodfield Avenue,E01027740,Harrogate 013F,Vehicle crime,Unable to prosecute suspect,
b4b9102e01af1b2e118dd035c495f46795e324218b80fbadb7aa7c89c22323e8,2025-12,North Yorkshire Police,North Yorkshire Police,-1.528129,54.003241,On or near Woodfield Close,E01027740,Harrogate 013F,Violence and sexual offences,Unable to prosecute suspect,
0bfe020fbce2b5e2341a8534837ee54e2ac6226a1b82d6c6c7980350127049a4,2025-12,North Yorkshire Police,North Yorkshire Police,-1.531064,54.002695,On or near Woodfield Drive,E01027740,Harrogate 013F,Violence and sexual offences,Under investigation,
d789f32b9e7701e2f249f17f8b24a3beb6a96b126c8cc2f2a165ee8645ad6c6c,2025-12,North Yorkshire Police,North Yorkshire Police,-1.531530,54.004656,On or near Albany Avenue,E01027740,Harrogate 013F,Violence and sexual offences,Under investigation,
224d10724813fe56f3da193e8b9131292e97a6f614105dcdd47a0d31062b1d30,2025-12,North Yorkshire Police,North Yorkshire Police,-1.531064,54.002695,On or near Woodfield Drive,E01027740,Harrogate 013F,Violence and sexual offences,Under investigation,
60b0ec4c333fba4f8dbe37f9bee103ed9330e7cde415ac4ef782ae24113ae1da,2025-12,North Yorkshire Police,North Yorkshire Police,-1.531286,54.003307,On or near Woodfield Avenue,E01027740,Harrogate 013F,Violence and sexual offences,Unable to prosecute suspect,
b11cc8eb8a8cb4ee9a769c803f2262cb4016b7c85ebcbdbba74ad9f488b90152,2025-12,North Yorkshire Police,North Yorkshire Police,-1.531064,54.002695,On or near Woodfield Drive,E01027740,Harrogate 013F,Violence and sexual offences,Under investigation,
e69347921cd0a474b3734b116ddb6981e10d320d045ca99dbbf73c56bbe1f467,2025-12,North Yorkshire Police,North Yorkshire Police,-1.530200,54.002233,On or near Woodfield Square,E01027740,Harrogate 013F,Violence and sexual offences,Under investigation,
831d9a1c0a0f73bc621abcea8b31bb6d978f2e94343e9b0f853ec90d5ce5a1e6,2025-12,North Yorkshire Police,North Yorkshire Police,-1.530200,54.002233,On or near Woodfield Square,E01027740,Harrogate 013F,Violence and sexual offences,Under investigation,
bb007b1b1f8d5021ceb7a634936518b43ba7b60245b0a87370d8e210a44c442d,2025-12,North Yorkshire Police,North Yorkshire Police,-1.529765,54.002941,On or near Woodfield Place,E01027740,Harrogate 013F,Violence and sexual offences,Unable to prosecute suspect,
e23944815b53b809b4ef266e9747907aa7ed9d3d6cfe41c5ba735c0a1d3e71e1,2025-12,North Yorkshire Police,North Yorkshire Police,-1.507751,53.991214,On or near Wedderburn Road,E01027648,Harrogate 014A,Criminal damage and arson,Investigation complete; no suspect identified,
f77e72537bebc22e71d1313a54d7b21f972d06cf44c6e37fca2fab71432173e0,2025-12,North Yorkshire Police,North Yorkshire Police,-1.505230,53.994116,On or near Cawthorn Place,E01027648,Harrogate 014A,Violence and sexual offences,Under investigation,
,2025-12,North Yorkshire Police,North Yorkshire Police,-1.514429,53.996589,On or near Leyland Road,E01027650,Harrogate 014B,Anti-social behaviour,,
c57f366f7aaf465b6aa481aba0ed6653661fd25a5ad838cfc2005a2074e00cb9,2025-12,North Yorkshire Police,North Yorkshire Police,-1.514034,53.995212,On or near St Andrew'S Crescent,E01027650,Harrogate 014B,Drugs,Local resolution,
ea2c6fc00657bc2751eef1e364b9ab3ccfce3be069048f05b5f0249b4df3f76e,2025-12,North Yorkshire Police,North Yorkshire Police,-1.508357,53.998029,On or near Rosewood Crescent,E01027650,Harrogate 014B,Other theft,Investigation complete; no suspect identified,
8a2982fa2ae56945a9cfb2615610ebb5e81551009ebe114cccd03a485e4aed7f,2025-12,North Yorkshire Police,North Yorkshire Police,-1.514429,53.996589,On or near Leyland Road,E01027650,Harrogate 014B,Robbery,Awaiting court outcome,
bd56b2664a9ac53c867942e6de9cad99e3d5da8165c8a4d3401965207f5f36e9,2025-12,North Yorkshire Police,North Yorkshire Police,-1.514429,53.996589,On or near Leyland Road,E01027650,Harrogate 014B,Shoplifting,Investigation complete; no suspect identified,
1c525e9ef09c2b040fa4d1cc460dd70fdae5c451e4b867a3ca948a4c86e88ec4,2025-12,North Yorkshire Police,North Yorkshire Police,-1.514429,53.996589,On or near Leyland Road,E01027650,Harrogate 014B,Shoplifting,Awaiting court outcome,
ee97ac5002de29ba845e7d0a15e03230dbb9c6ff389a364b74cfa289116ce83c,2025-12,North Yorkshire Police,North Yorkshire Police,-1.514034,53.995212,On or near St Andrew'S Crescent,E01027650,Harrogate 014B,Shoplifting,Investigation complete; no suspect identified,
5bdb8d4ce9962572a6ea7c9025d205932fa228fcd830a161967c690e8f332cc7,2025-12,North Yorkshire Police,North Yorkshire Police,-1.514429,53.996589,On or near Leyland Road,E01027650,Harrogate 014B,Shoplifting,Investigation complete; no suspect identified,
d4990cc67d8063d9d11c9eac3429f2e9f66b144b8ae3d157c203819c1c65e3fc,2025-12,North Yorkshire Police,North Yorkshire Police,-1.514429,53.996589,On or near Leyland Road,E01027650,Harrogate 014B,Shoplifting,Investigation complete; no suspect identified,
e26af751ea1ea1eafee15a99c92e7810c069dbc3d5c3aa5a29302d9896cbeb9f,2025-12,North Yorkshire Police,North Yorkshire Police,-1.514429,53.996589,On or near Leyland Road,E01027650,Harrogate 014B,Shoplifting,Awaiting court outcome,
30e570590c9faa5d293f035bcd3bb9d9be8b6df5e18b563e9db1803b9f6762c2,2025-12,North Yorkshire Police,North Yorkshire Police,-1.514429,53.996589,On or near Leyland Road,E01027650,Harrogate 014B,Shoplifting,Awaiting court outcome,
be27d6d805d1f7b529e7b915f981e60874fe7d3299657b55cbfc2d867e9ce05e,2025-12,North Yorkshire Police,North Yorkshire Police,-1.514429,53.996589,On or near Leyland Road,E01027650,Harrogate 014B,Shoplifting,Awaiting court outcome,
7c2de6d0e949c711b752a2b0290c58dd64a67a4a9011a3088e64a678d4def3bc,2025-12,North Yorkshire Police,North Yorkshire Police,-1.514429,53.996589,On or near Leyland Road,E01027650,Harrogate 014B,Shoplifting,Awaiting court outcome,
647aa16dc41d249d3dcfa951784aa17cb649fb94f3e375f7db923efb2442c732,2025-12,North Yorkshire Police,North Yorkshire Police,-1.513404,53.996891,On or near Jesmond Road,E01027650,Harrogate 014B,Violence and sexual offences,Unable to prosecute suspect,
f4cc46c80a91a4ac7efaa5c335c8a6755ae64b217ec68644b709fa76e718e2dc,2025-12,North Yorkshire Police,North Yorkshire Police,-1.513391,53.994041,On or near St Andrew'S Place,E01027650,Harrogate 014B,Violence and sexual offences,Unable to prosecute suspect,
51697ab0a413ba3b96a84d7eeb8a72d3549173628dc41f1a19d15c6b697c9e0e,2025-12,North Yorkshire Police,North Yorkshire Police,-1.510877,53.999037,On or near Kirkstone Road,E01027650,Harrogate 014B,Violence and sexual offences,Unable to prosecute suspect,
,2025-12,North Yorkshire Police,North Yorkshire Police,-1.493321,54.002578,On or near Millfield Glade,E01027726,Harrogate 014C,Anti-social behaviour,,
68cb6ff798f1d16e8e74ba4fbdb0eab8acb049b1b603ea030f4391a17a53985f,2025-12,North Yorkshire Police,North Yorkshire Police,-1.497254,54.001597,On or near Avenue Close,E01027726,Harrogate 014C,Public order,Unable to prosecute suspect,
6324d8ec7350377f9cbc3f129669e84e9100562ec70dff9a9240894991fe4951,2025-12,North Yorkshire Police,North Yorkshire Police,-1.497254,54.001597,On or near Avenue Close,E01027726,Harrogate 014C,Public order,Unable to prosecute suspect,
d3f9abe793da0a6674354efc1c40a803841609e97a5c146bb59bc2978bcb5907,2025-12,North Yorkshire Police,North Yorkshire Police,-1.491269,54.004475,On or near Forest Lane Head,E01027726,Harrogate 014C,Vehicle crime,Unable to prosecute suspect,
7dd731c280f4560adcdf0fd228c3e97c82b26a06dc977c6308bcef39fdae6b7e,2025-12,North Yorkshire Police,North Yorkshire Police,-1.493321,54.002578,On or near Millfield Glade,E01027726,Harrogate 014C,Violence and sexual offences,Unable to prosecute suspect,
94f09c1c772bd06aa9879982a780b2e39914d31c44aa83109c1fe9f6d8166d6f,2025-12,North Yorkshire Police,North Yorkshire Police,-1.496392,54.002204,On or near Forest Grange Close,E01027726,Harrogate 014C,Violence and sexual offences,Unable to prosecute suspect,
5df7f92b4d30a2b1fefd462b47945f800350d5abc44964d62903af5c723ced2b,2025-12,North Yorkshire Police,North Yorkshire Police,-1.493321,54.002578,On or near Millfield Glade,E01027726,Harrogate 014C,Violence and sexual offences,Awaiting court outcome,
8fc111b4ac63067a16a45ebcc3f2401fd965cab6a373938439aa72834c7e4127,2025-12,North Yorkshire Police,North Yorkshire Police,-1.501095,54.001927,On or near Pearl Street,E01027726,Harrogate 014C,Violence and sexual offences,Under investigation,
1be37109ea663da5a9aff1c7bfb789d57720a34ba21fb2fd8b5e1c5e33ba95da,2025-12,North Yorkshire Police,North Yorkshire Police,-1.493321,54.002578,On or near Millfield Glade,E01027726,Harrogate 014C,Violence and sexual offences,Investigation complete; no suspect identified,
2ac672c43631c2bd9a9d5c22c304a63da4bd899a921ecfe77db606d7f7f5d298,2025-12,North Yorkshire Police,North Yorkshire Police,-1.493321,54.002578,On or near Millfield Glade,E01027726,Harrogate 014C,Violence and sexual offences,Awaiting court outcome,
,2025-12,North Yorkshire Police,North Yorkshire Police,-1.504570,53.997043,On or near Petrol Station,E01027727,Harrogate 014D,Anti-social behaviour,,
f522aab18e4229e16eb195aaa33c5c83f54e4d8d80b4ce7751f8bebb6c9d56b5,2025-12,North Yorkshire Police,North Yorkshire Police,-1.505438,53.999725,On or near Ellen Grove,E01027727,Harrogate 014D,Other theft,Unable to prosecute suspect,
11a0f39d7b6ac3972d7a55dc6672c44070c621a874f3133e42f1edd16dd0c551,2025-12,North Yorkshire Police,North Yorkshire Police,-1.498891,53.999905,On or near Albert Place,E01027727,Harrogate 014D,Other theft,Investigation complete; no suspect identified,
9de12408afc2a5a371cd22d3c984118569ae9813d8160385ff2ee914c76d586a,2025-12,North Yorkshire Police,North Yorkshire Police,-1.504541,53.998158,On or near Kingsley Close,E01027727,Harrogate 014D,Other theft,Investigation complete; no suspect identified,
e04b300429588f071512aa2f7b029efe733202c8ead2b43fd133ad6b1dc8572e,2025-12,North Yorkshire Police,North Yorkshire Police,-1.504570,53.997043,On or near Petrol Station,E01027727,Harrogate 014D,Public order,Unable to prosecute suspect,
,2025-12,North Yorkshire Police,North Yorkshire Police,-1.497918,53.999676,On or near Belmont Avenue,E01027728,Harrogate 014E,Anti-social behaviour,,
d595e52bfbdcb3d1003f113fed442711775cb00e2a95162da9e75cd3ed4ca4f5,2025-12,North Yorkshire Police,North Yorkshire Police,-1.497918,53.999676,On or near Belmont Avenue,E01027728,Harrogate 014E,Criminal damage and arson,Local resolution,
3ab40e17fd01bcccaa8e22486d2762855f5bf2e1353d25a26df35349de32d33a,2025-12,North Yorkshire Police,North Yorkshire Police,-1.492818,53.997534,On or near Forest Grove,E01027728,Harrogate 014E,Violence and sexual offences,Under investigation,
,2025-12,North Yorkshire Police,North Yorkshire Police,-1.498091,53.997942,On or near Spa Lane,E01027729,Harrogate 014F,Anti-social behaviour,,
,2025-12,North Yorkshire Police,North Yorkshire Police,-1.498707,53.998745,On or near Spa Terrace,E01027729,Harrogate 014F,Anti-social behaviour,,
,2025-12,North Yorkshire Police,North Yorkshire Police,-1.498337,53.997772,On or near Spa Road,E01027729,Harrogate 014F,Anti-social behaviour,,
,2025-12,North Yorkshire Police,North Yorkshire Police,-1.501714,53.997364,On or near Fern Road,E01027729,Harrogate 014F,Anti-social behaviour,,
57c8c7e31bded74ccd72890990eaed97a22677ebbbc068115c93de3d8c4b3d83,2025-12,North Yorkshire Police,North Yorkshire Police,-1.498907,53.998575,On or near Spa Street,E01027729,Harrogate 014F,Criminal damage and arson,Unable to prosecute suspect,
2778c1afe49b6f6fbc35a0a9316ea576ef6365c65fa09c343a1370b4151c2b39,2025-12,North Yorkshire Police,North Yorkshire Police,-1.499368,53.999601,On or near Camwal Terrace,E01027729,Harrogate 014F,Drugs,Under investigation,
31d86ca3d6a5ac495932e68a0fd387b85f45286445db7bf421b6634ee9727bfa,2025-12,North Yorkshire Police,North Yorkshire Police,-1.498091,53.997942,On or near Spa Lane,E01027729,Harrogate 014F,Other theft,Investigation complete; no suspect identified,
feebf31d4a27b33ec46f655ca159649e3e488b95fb0ed5775e7c57b24e1dccc6,2025-12,North Yorkshire Police,North Yorkshire Police,-1.498707,53.998745,On or near Spa Terrace,E01027729,Harrogate 014F,Public order,Unable to prosecute suspect,
5217a7a4f523ac1a0d11c2580ee28bb9ff70d60185a4d0c581958cde9a636524,2025-12,North Yorkshire Police,North Yorkshire Police,-1.499777,53.996062,On or near Prospect Road,E01027729,Harrogate 014F,Violence and sexual offences,Awaiting court outcome,
314e409c7a6e021b5c7e51829f17f85fe2babe641a8a487d0ffb6284f9061761,2025-12,North Yorkshire Police,North Yorkshire Police,-1.500808,53.995275,On or near Prospect Close,E01027729,Harrogate 014F,Violence and sexual offences,Under investigation,
953b9151bd1a58112f780121b930d3d21957537e6ef2318710549a6e32b0b420,2025-12,North Yorkshire Police,North Yorkshire Police,-1.498091,53.997942,On or near Spa Lane,E01027729,Harrogate 014F,Violence and sexual offences,Unable to prosecute suspect,
06a2ff3e2b9d9c4faf5e1894e2eefb9b9bf7e86e7bfb9cb75d0bb8d911b86c16,2025-12,North Yorkshire Police,North Yorkshire Police,-1.498091,53.997942,On or near Spa Lane,E01027729,Harrogate 014F,Violence and sexual offences,Unable to prosecute suspect,
,2025-12,North Yorkshire Police,North Yorkshire Police,-1.560805,53.989056,On or near Sussex Avenue,E01027652,Harrogate 015A,Anti-social behaviour,,
d88621d4821875ca529fb9b654cfe4dc95fb7917f7c4125fa15b5e4000ad8f3c,2025-12,North Yorkshire Police,North Yorkshire Police,-1.552780,53.987876,On or near Harlow Terrace,E01027652,Harrogate 015A,Other theft,Unable to prosecute suspect,
fd1f7b2f253a28b192e3718445a2eafac4a02a0a6720ed351cedd7bca376f64f,2025-12,North Yorkshire Police,North Yorkshire Police,-1.560805,53.989056,On or near Sussex Avenue,E01027652,Harrogate 015A,Other theft,Investigation complete; no suspect identified,
6ce67bee60ad54a8f13f5af82c134ea4079b861ae842189e786ffb2a9104a78f,2025-12,North Yorkshire Police,North Yorkshire Police,-1.557782,53.990788,On or near Cornwall Road,E01027652,Harrogate 015A,Violence and sexual offences,Unable to prosecute suspect,
92e197a47eed301c87389bac77f3c4edae3cf5c5cbaacbd812d8e78203659c4c,2025-12,North Yorkshire Police,North Yorkshire Police,-1.557782,53.990788,On or near Cornwall Road,E01027652,Harrogate 015A,Violence and sexual offences,Unable to prosecute suspect,
503edf62d63cca319240707fb0b084e360f9687be08078a6b59b806865c1c21e,2025-12,North Yorkshire Police,North Yorkshire Police,-1.555218,53.990905,On or near Chapman Square,E01027652,Harrogate 015A,Violence and sexual offences,Unable to prosecute suspect,
6512942914dd9004dc178d14ef01ec7adce0da1a901f62c76a07de4526e413eb,2025-12,North Yorkshire Police,North Yorkshire Police,-1.557782,53.990788,On or near Cornwall Road,E01027652,Harrogate 015A,Violence and sexual offences,Unable to prosecute suspect,
,2025-12,North Yorkshire Police,North Yorkshire Police,-1.552789,53.990300,On or near Theme/Adventure Park,E01027655,Harrogate 015B,Anti-social behaviour,,
23616266f6dc9029c83c0ca97eeb5f29bde9a5e07fd7957bcaa10725917f2c4e,2025-12,North Yorkshire Police,North Yorkshire Police,-1.551119,53.999068,On or near Kent Drive,E01027655,Harrogate 015B,Drugs,Under investigation,
bf0cf301b953a59e1d3f58db956fd7bef90a1fd4d0aca370415bdbc9bb88487f,2025-12,North Yorkshire Police,North Yorkshire Police,-1.551119,53.999068,On or near Kent Drive,E01027655,Harrogate 015B,Drugs,Under investigation,
,2025-12,North Yorkshire Police,North Yorkshire Police,-1.533422,53.995145,On or near Hyde Park Road,E01027659,Harrogate 015C,Anti-social behaviour,,
d1aecb6a0b3caa083b25c1989a2ad2cf1d000f7f5a9e9ea893ff41d5cd998d25,2025-12,North Yorkshire Police,North Yorkshire Police,-1.533422,53.995145,On or near Hyde Park Road,E01027659,Harrogate 015C,Criminal damage and arson,Local resolution,
49b5d9b7b654e3a1a77b9562650a6442a0ef1db73816ad833bb8482afbc8f872,2025-12,North Yorkshire Police,North Yorkshire Police,-1.529704,53.997441,On or near Westmoreland Street,E01027659,Harrogate 015C,Criminal damage and arson,Unable to prosecute suspect,
520740a2078f6ea2eecc9add09fb3d7f33994d5a98c7203a7f25c6b5a5db254a,2025-12,North Yorkshire Police,North Yorkshire Police,-1.529704,53.997441,On or near Westmoreland Street,E01027659,Harrogate 015C,Other theft,Unable to prosecute suspect,
e770d061536631776e8930992812c53246c7c95da86eb48722aaf6dcd6e9dc86,2025-12,North Yorkshire Police,North Yorkshire Police,-1.533422,53.995145,On or near Hyde Park Road,E01027659,Harrogate 015C,Violence and sexual offences,Local resolution,
780d0bb8c712b1e44c681c222be313f26d686811d1efc24d139eacbd49c1fa98,2025-12,North Yorkshire Police,North Yorkshire Police,-1.529704,53.997441,On or near Westmoreland Street,E01027659,Harrogate 015C,Violence and sexual offences,Unable to prosecute suspect,
c726a20e63207b818bbf36aa5f8f82ed853f2e79cbaa9d6108df304942a8dd9a,2025-12,North Yorkshire Police,North Yorkshire Police,-1.529704,53.997441,On or near Westmoreland Street,E01027659,Harrogate 015C,Violence and sexual offences,Unable to prosecute suspect,
b84001d743ce9efe853d0f096d0a7ab7df22c94512b9bcb29d000a6bbf5b5b45,2025-12,North Yorkshire Police,North Yorkshire Police,-1.535765,53.995685,On or near Back Dragon Parade,E01027659,Harrogate 015C,Violence and sexual offences,Under investigation,
605af14cfcf95355a36e8bfbc1d11dfe03636682877fa035eae1f32d032ceead,2025-12,North Yorkshire Police,North Yorkshire Police,-1.536187,53.996136,On or near Supermarket,E01027659,Harrogate 015C,Violence and sexual offences,Unable to prosecute suspect,
49a3d5dd8dce4e27fb7fee21f276769c6dd6ad7bb0224f0e8b68517fb24c4826,2025-12,North Yorkshire Police,North Yorkshire Police,-1.533422,53.995145,On or near Hyde Park Road,E01027659,Harrogate 015C,Violence and sexual offences,Under investigation,
2b93909fbafeabd8f805e8b3c4934a48a33cf901415ff15190b6250fd990b736,2025-12,North Yorkshire Police,North Yorkshire Police,-1.529704,53.997441,On or near Westmoreland Street,E01027659,Harrogate 015C,Violence and sexual offences,Unable to prosecute suspect,
534f52577a3e5bcf15ebed9e7e8f08413b9417415fc68a6411be53b1252acd8d,2025-12,North Yorkshire Police,North Yorkshire Police,-1.535765,53.995685,On or near Back Dragon Parade,E01027659,Harrogate 015C,Violence and sexual offences,Under investigation,
30b4d2e467d053fda32e37d7449b27148ae26d5884280b2e5c98b8de163c4921,2025-12,North Yorkshire Police,North Yorkshire Police,-1.536187,53.996136,On or near Supermarket,E01027659,Harrogate 015C,Other crime,Under investigation,
,2025-12,North Yorkshire Police,North Yorkshire Police,-1.545810,53.999174,On or near Hollins Mews,E01027677,Harrogate 015D,Anti-social behaviour,,
e454610fa86d44cd9b99180ed92b02671be515db99bf7efb5335b7b970fbc2c8,2025-12,North Yorkshire Police,North Yorkshire Police,-1.543592,53.998330,On or near Spring Grove,E01027677,Harrogate 015D,Burglary,Investigation complete; no suspect identified,
5d9dd01318d6dbaea6a4ee8b6d5fde5077564343aba9091ac257733961c629f6,2025-12,North Yorkshire Police,North Yorkshire Police,-1.541525,53.997549,On or near Parking Area,E01027677,Harrogate 015D,Burglary,Awaiting court outcome,
8a56fde0b82c4875d6df3e197a497181da7ce2ed6368d5a19b369858266fb518,2025-12,North Yorkshire Police,North Yorkshire Police,-1.543370,53.997619,On or near Springfield Avenue,E01027677,Harrogate 015D,Burglary,Investigation complete; no suspect identified,
128e5708a07306606c6c55f6fec97a23e96ea406d441254667f2c0fd41768106,2025-12,North Yorkshire Police,North Yorkshire Police,-1.540277,54.000061,On or near St Luke'S Mount,E01027677,Harrogate 015D,Criminal damage and arson,Unable to prosecute suspect,
f66e8fbd046e95bfe7f87a710308f9ffe764f5348ffec45ebccc32c4b4c9d59a,2025-12,North Yorkshire Police,North Yorkshire Police,-1.543370,53.997619,On or near Springfield Avenue,E01027677,Harrogate 015D,Criminal damage and arson,Investigation complete; no suspect identified,
7832e0451dc8f3e06262d18bf3122beb5cb5de6973040578c9411a021b92026f,2025-12,North Yorkshire Police,North Yorkshire Police,-1.540196,53.996376,On or near Strawberry Dale Avenue,E01027677,Harrogate 015D,Drugs,Investigation complete; no suspect identified,
d13ddb2893700b09afcb320c6ba0bdb19d6e600639be906bf5ceeddf30caae00,2025-12,North Yorkshire Police,North Yorkshire Police,-1.543370,53.997619,On or near Springfield Avenue,E01027677,Harrogate 015D,Violence and sexual offences,Unable to prosecute suspect,
069815e1f34af6834bf2f58a4b5c18d20df97e361c025f3280a6421211a0ea2b,2025-12,North Yorkshire Police,North Yorkshire Police,-1.545810,53.999174,On or near Hollins Mews,E01027677,Harrogate 015D,Violence and sexual offences,Unable to prosecute suspect,
49b6b1bbf403ccf2e3209bc64735ecb6445312398b84ee326a8f33515eb179f8,2025-12,North Yorkshire Police,North Yorkshire Police,-1.545810,53.999174,On or near Hollins Mews,E01027677,Harrogate 015D,Violence and sexual offences,Unable to prosecute suspect,
,2025-12,North Yorkshire Police,North Yorkshire Police,-1.540994,53.995974,On or near Back Cheltenham Mount,E01027678,Harrogate 015E,Anti-social behaviour,,
,2025-12,North Yorkshire Police,North Yorkshire Police,-1.544016,53.992984,On or near Montpellier Street,E01027678,Harrogate 015E,Anti-social behaviour,,
,2025-12,North Yorkshire Police,North Yorkshire Police,-1.543093,53.993735,On or near Parliament Street,E01027678,Harrogate 015E,Anti-social behaviour,,
,2025-12,North Yorkshire Police,North Yorkshire Police,-1.544283,53.993722,On or near Parking Area,E01027678,Harrogate 015E,Anti-social behaviour,,
,2025-12,North Yorkshire Police,North Yorkshire Police,-1.538032,53.993438,On or near Parking Area,E01027678,Harrogate 015E,Anti-social behaviour,,
,2025-12,North Yorkshire Police,North Yorkshire Police,-1.540242,53.993626,On or near Oxford Place,E01027678,Harrogate 015E,Anti-social behaviour,,
,2025-12,North Yorkshire Police,North Yorkshire Police,-1.544016,53.992984,On or near Montpellier Street,E01027678,Harrogate 015E,Anti-social behaviour,,
,2025-12,North Yorkshire Police,North Yorkshire Police,-1.543093,53.993735,On or near Parliament Street,E01027678,Harrogate 015E,Anti-social behaviour,,
,2025-12,North Yorkshire Police,North Yorkshire Police,-1.543093,53.993735,On or near Parliament Street,E01027678,Harrogate 015E,Anti-social behaviour,,
,2025-12,North Yorkshire Police,North Yorkshire Police,-1.538032,53.993438,On or near Parking Area,E01027678,Harrogate 015E,Anti-social behaviour,,
,2025-12,North Yorkshire Police,North Yorkshire Police,-1.537651,53.989248,On or near St Robert Mews,E01027678,Harrogate 015E,Anti-social behaviour,,
,2025-12,North Yorkshire Police,North Yorkshire Police,-1.544016,53.992984,On or near Montpellier Street,E01027678,Harrogate 015E,Anti-social behaviour,,
,2025-12,North Yorkshire Police,North Yorkshire Police,-1.538135,53.996503,On or near Strawberry Dale,E01027678,Harrogate 015E,Anti-social behaviour,,
,2025-12,North Yorkshire Police,North Yorkshire Police,-1.538032,53.993438,On or near Parking Area,E01027678,Harrogate 015E,Anti-social behaviour,,
,2025-12,North Yorkshire Police,North Yorkshire Police,-1.540242,53.993626,On or near Oxford Place,E01027678,Harrogate 015E,Anti-social behaviour,,
,2025-12,North Yorkshire Police,North Yorkshire Police,-1.543093,53.993735,On or near Parliament Street,E01027678,Harrogate 015E,Anti-social behaviour,,
,2025-12,North Yorkshire Police,North Yorkshire Police,-1.541258,53.991365,On or near Prospect Place,E01027678,Harrogate 015E,Anti-social behaviour,,
a6acda5947c89a3d6f3b2321c3c861063a9581dfa5766a6b74b6c376d3befce7,2025-12,North Yorkshire Police,North Yorkshire Police,-1.536223,53.998365,On or near Mayfield Terrace,E01027678,Harrogate 015E,Bicycle theft,Awaiting court outcome,
506f8cd2a4b6be60243df2683a3b9ed1a4f5bd3b73e5b302e2fe8d008f0edba4,2025-12,North Yorkshire Police,North Yorkshire Police,-1.540242,53.993626,On or near Oxford Place,E01027678,Harrogate 015E,Burglary,Awaiting court outcome,
b7ede916348b54a87ff35aac2a9f0dd27cbdfa302459fee01500196fba9815e4,2025-12,North Yorkshire Police,North Yorkshire Police,-1.543798,53.994745,On or near Nightclub,E01027678,Harrogate 015E,Criminal damage and arson,Under investigation,
0764cb84253a5da4456235529ac96d4d8232d632ef2fcf92b7e2fcd723125d71,2025-12,North Yorkshire Police,North Yorkshire Police,-1.544283,53.993722,On or near Parking Area,E01027678,Harrogate 015E,Drugs,Under investigation,
b4a2c730e67516203d64f62df787b1a012d7b1e4cc0358c7d337adcacacbf8c5,2025-12,North Yorkshire Police,North Yorkshire Police,-1.544774,53.993427,On or near Montpellier Gardens,E01027678,Harrogate 015E,Other theft,Unable to prosecute suspect,
eb342cf2f57e252a8ba903729753e5336bce60c16c9a76bec2d562fb90b857a1,2025-12,North Yorkshire Police,North Yorkshire Police,-1.539284,53.989164,On or near Tower Street,E01027678,Harrogate 015E,Other theft,Unable to prosecute suspect,
fefa48e860f9b2680b5b3ce622aba51c27dd69bf4c477e7b034b141d59611ebd,2025-12,North Yorkshire Police,North Yorkshire Police,-1.542258,53.994721,On or near Cheltenham Road,E01027678,Harrogate 015E,Other theft,Unable to prosecute suspect,
bea5192ae217bc1e86da4aec617dbb44553c08b2cd47bf01ff5d990958927bcb,2025-12,North Yorkshire Police,North Yorkshire Police,-1.538891,53.993009,On or near Shopping Area,E01027678,Harrogate 015E,Other theft,Unable to prosecute suspect,
cf494791d1a83d2edca54fefd95f54864cac2df795e2b7226fa44f30ef5a2f4c,2025-12,North Yorkshire Police,North Yorkshire Police,-1.539275,53.995474,On or near Commercial Street,E01027678,Harrogate 015E,Other theft,Under investigation,
5ea65c444ec7d1f840fdf3994f90f3ba819dfecca8703fcd843ca9da2bbdcd3c,2025-12,North Yorkshire Police,North Yorkshire Police,-1.537743,53.991953,On or near Station Parade,E01027678,Harrogate 015E,Other theft,Unable to prosecute suspect,
72fff94eb28f24c2dd104c373926899c6169d0150af8438d56882da25b4d8d97,2025-12,North Yorkshire Police,North Yorkshire Police,-1.539275,53.995474,On or near Commercial Street,E01027678,Harrogate 015E,Public order,Investigation complete; no suspect identified,
6e1124271dab6bf18a950e6f765a9fe3addd7f825927edeaead5ccf8c82c87cb,2025-12,North Yorkshire Police,North Yorkshire Police,-1.538032,53.993438,On or near Parking Area,E01027678,Harrogate 015E,Public order,Unable to prosecute suspect,
80890bbf06a936a50691ac594e70c500694fa1e85e15a9c28c084c05259b1ade,2025-12,North Yorkshire Police,North Yorkshire Police,-1.543798,53.994745,On or near Nightclub,E01027678,Harrogate 015E,Public order,Under investigation,
51007446a1652ae79e8f353d59e68adc33cfbfc9d9907c22306c72c4a9a1b133,2025-12,North Yorkshire Police,North Yorkshire Police,-1.542459,53.994461,On or near Parking Area,E01027678,Harrogate 015E,Public order,Unable to prosecute suspect,
9933ea503d50f6d8e524efb4ef138d5f67fc8aa53be5ed4ac7f3c6b3af12591b,2025-12,North Yorkshire Police,North Yorkshire Police,-1.539592,53.991673,On or near Albert Street,E01027678,Harrogate 015E,Public order,Unable to prosecute suspect,
642a3e1ddf741147eaca6881518d390a99d92c29e12c7cc64f74ce99c1ee41a6,2025-12,North Yorkshire Police,North Yorkshire Police,-1.538345,53.996854,On or near Strawberry Dale Terrace,E01027678,Harrogate 015E,Public order,Unable to prosecute suspect,
6bd454f34710b066d3148a69f88959da94ad051f4d0d355723a20506fa20711a,2025-12,North Yorkshire Police,North Yorkshire Police,-1.538891,53.993009,On or near Shopping Area,E01027678,Harrogate 015E,Robbery,Unable to prosecute suspect,
dc959e59915b971158339a27cb1d5633f5808808a50ce5ce6e00311754a73b11,2025-12,North Yorkshire Police,North Yorkshire Police,-1.538891,53.993009,On or near Shopping Area,E01027678,Harrogate 015E,Shoplifting,Investigation complete; no suspect identified,
216e0d34134c8f8640e7dea0434020a0f922fb1238f7f9d86828756927f2edd1,2025-12,North Yorkshire Police,North Yorkshire Police,-1.541344,53.993226,On or near Cambridge Road,E01027678,Harrogate 015E,Shoplifting,Investigation complete; no suspect identified,
1ee76fd104e9c49f860366c22a98ed34a849c61bc3fc6da8063e26568b7838ec,2025-12,North Yorkshire Police,North Yorkshire Police,-1.537743,53.991953,On or near Station Parade,E01027678,Harrogate 015E,Shoplifting,Investigation complete; no suspect identified,
5b52c2eb412ef40a007a400dadb97fb63819b0a968107a280f9a7964d9fec65f,2025-12,North Yorkshire Police,North Yorkshire Police,-1.541344,53.993226,On or near Cambridge Road,E01027678,Harrogate 015E,Shoplifting,Unable to prosecute suspect,
13ae2a64317fc3685c8c9e74090a87511fe16dbb5ccfc7aacaae8492100cafe5,2025-12,North Yorkshire Police,North Yorkshire Police,-1.539772,53.993282,On or near Cambridge Place,E01027678,Harrogate 015E,Shoplifting,Unable to prosecute suspect,
f329468c9d3b8733649111f46e2a385cbaf9245374b57fe456730af9efed2ca6,2025-12,North Yorkshire Police,North Yorkshire Police,-1.541344,53.993226,On or near Cambridge Road,E01027678,Harrogate 015E,Shoplifting,Awaiting court outcome,
3708e1c428390ed5e8ee5b654e47b0a2dd733f1c979f9e772922970425892e93,2025-12,North Yorkshire Police,North Yorkshire Police,-1.539772,53.993282,On or near Cambridge Place,E01027678,Harrogate 015E,Shoplifting,Investigation complete; no suspect identified,
3e58710e12002fa6686a20f0de490f95e72d687a997243909aa1a6d6def97619,2025-12,North Yorkshire Police,North Yorkshire Police,-1.539772,53.993282,On or near Cambridge Place,E01027678,Harrogate 015E,Shoplifting,Investigation complete; no suspect identified,
83f2403ce3e0af24b1c09de3de2d26449a2dd512e5ff0fd26701371554760071,2025-12,North Yorkshire Police,North Yorkshire Police,-1.539772,53.993282,On or near Cambridge Place,E01027678,Harrogate 015E,Shoplifting,Local resolution,
57db453f98396df3cc06f506b8d770e16ad3db724ec76e76f6503430ebf1755d,2025-12,North Yorkshire Police,North Yorkshire Police,-1.536223,53.998365,On or near Mayfield Terrace,E01027678,Harrogate 015E,Vehicle crime,Investigation complete; no suspect identified,
e9bc0d886cbc8857070167e696a0d7a460f808f8724994cca33906a0368ce255,2025-12,North Yorkshire Police,North Yorkshire Police,-1.540242,53.993626,On or near Oxford Place,E01027678,Harrogate 015E,Violence and sexual offences,Under investigation,
205bff4690a7f88af6368e899b57e7f1a75e45a50f19ccbd2e10234b097edd12,2025-12,North Yorkshire Police,North Yorkshire Police,-1.541344,53.993226,On or near Cambridge Road,E01027678,Harrogate 015E,Violence and sexual offences,Under investigation,
2a382f48cf6071309102c37baa3bba62f3b14ad1e0bfb361ee74059eced5f486,2025-12,North Yorkshire Police,North Yorkshire Police,-1.543903,53.993577,On or near The Ginnel,E01027678,Harrogate 015E,Violence and sexual offences,Investigation complete; no suspect identified,
5585130749a3835b07694e490e4a60f208159a71de444f984d33c3431219e8c7,2025-12,North Yorkshire Police,North Yorkshire Police,-1.539772,53.993282,On or near Cambridge Place,E01027678,Harrogate 015E,Violence and sexual offences,Further investigation is not in the public interest,
89fa3698771e87a494ab86099fe26196248a34c9faf0514c8d00d08b2538f872,2025-12,North Yorkshire Police,North Yorkshire Police,-1.546326,53.995150,On or near Swan Road,E01027678,Harrogate 015E,Violence and sexual offences,Under investigation,
ece1f2b24e64c0de9f33a47e08995f959402129f89d363c19e0c964b9dc1c6a6,2025-12,North Yorkshire Police,North Yorkshire Police,-1.543093,53.993735,On or near Parliament Street,E01027678,Harrogate 015E,Violence and sexual offences,Unable to prosecute suspect,
6f71686a8d150b1bb1b108b08d16481840909ad28dc65705077056a7c075be5d,2025-12,North Yorkshire Police,North Yorkshire Police,-1.543093,53.993735,On or near Parliament Street,E01027678,Harrogate 015E,Violence and sexual offences,Under investigation,
5e68cd5b465ea87c1313ff3c2f1be3cba50d57238fb09831c46879eb64561527,2025-12,North Yorkshire Police,North Yorkshire Police,-1.538032,53.993438,On or near Parking Area,E01027678,Harrogate 015E,Violence and sexual offences,Awaiting court outcome,
2e3489455980cd32dc99e2b2735b9e4dc46ddf072189b2b4a8c2373b3b894e5f,2025-12,North Yorkshire Police,North Yorkshire Police,-1.538032,53.993438,On or near Parking Area,E01027678,Harrogate 015E,Violence and sexual offences,Under investigation,
8dd36ca0ad82b26ec36814eb7f70450f1809713ad7985ddb502d0690e984497f,2025-12,North Yorkshire Police,North Yorkshire Police,-1.538032,53.993438,On or near Parking Area,E01027678,Harrogate 015E,Violence and sexual offences,Investigation complete; no suspect identified,
3e28ab59d8c455a26c957a2816b3112cfeb953d9bf7a23d9606ec5fc86fa2a07,2025-12,North Yorkshire Police,North Yorkshire Police,-1.541258,53.991365,On or near Prospect Place,E01027678,Harrogate 015E,Violence and sexual offences,Offender given a caution,
cd991208af416439e0530744599a21bbad427282d79dee1b658b88122b4fe93f,2025-12,North Yorkshire Police,North Yorkshire Police,-1.543093,53.993735,On or near Parliament Street,E01027678,Harrogate 015E,Violence and sexual offences,Unable to prosecute suspect,
7ba19bf0795a12933476db790e124e9a0c7a19a5620d04540e55475fee1618bd,2025-12,North Yorkshire Police,North Yorkshire Police,-1.543903,53.993577,On or near The Ginnel,E01027678,Harrogate 015E,Violence and sexual offences,Unable to prosecute suspect,
91a32b2efe61d52f917c7931633c4c9823e9c6db1bd8916ae42b6b5084b8b321,2025-12,North Yorkshire Police,North Yorkshire Police,-1.538135,53.996503,On or near Strawberry Dale,E01027678,Harrogate 015E,Violence and sexual offences,Unable to prosecute suspect,
e9bc498dcaa1b8b3ae48d5c344ea8b15a0ac0c36cd760f444f80c0857067c328,2025-12,North Yorkshire Police,North Yorkshire Police,-1.538053,53.988755,On or near Robert Street,E01027678,Harrogate 015E,Violence and sexual offences,Investigation complete; no suspect identified,
e6eebe36ecabd316bc53b7bc615380f18f49689f518f29ba4f95a5acb910453d,2025-12,North Yorkshire Police,North Yorkshire Police,-1.544283,53.993722,On or near Parking Area,E01027678,Harrogate 015E,Violence and sexual offences,Under investigation,
346a9f8e870aa855b5426da6d15497f6f640ca0f8fb6988343d594db3b9f52c6,2025-12,North Yorkshire Police,North Yorkshire Police,-1.543903,53.993577,On or near The Ginnel,E01027678,Harrogate 015E,Violence and sexual offences,Unable to prosecute suspect,
fb3d6771abc5c729b2f06e7854ecff1e5eb1a51aff2fd54e09b39462aadca4a3,2025-12,North Yorkshire Police,North Yorkshire Police,-1.543903,53.993577,On or near The Ginnel,E01027678,Harrogate 015E,Violence and sexual offences,Under investigation,
04aa1ef232106cf3fde9fe1a62c9a938078e9914364c9a90a52f36e8a5a43511,2025-12,North Yorkshire Police,North Yorkshire Police,-1.544016,53.992984,On or near Montpellier Street,E01027678,Harrogate 015E,Violence and sexual offences,Unable to prosecute suspect,
38f6cf64ed6762e24c93d6a07d940c52360c80af84ae544057206c1dd1fb2069,2025-12,North Yorkshire Police,North Yorkshire Police,-1.543903,53.993577,On or near The Ginnel,E01027678,Harrogate 015E,Violence and sexual offences,Under investigation,
31389ebcd21385c617a16462e9e1346e2d509abff8e8b929d35cd9fecf8507f9,2025-12,North Yorkshire Police,North Yorkshire Police,-1.539772,53.993282,On or near Cambridge Place,E01027678,Harrogate 015E,Other crime,Under investigation,
9e195afdebcaddc544dec6ffa844201280c95bf0639b31496b9dbd904ff34dc5,2025-12,North Yorkshire Police,North Yorkshire Police,-1.539364,53.994368,On or near Ebenezer Terrace,E01027678,Harrogate 015E,Other crime,Under investigation,
,2025-12,North Yorkshire Police,North Yorkshire Police,-1.546932,53.991287,On or near St Mary'S Avenue,E01027680,Harrogate 015F,Anti-social behaviour,,
81a853ddfa1149584999c8e5fbc25b24b94b34b7cd4b135687c1fa07749d5a2f,2025-12,North Yorkshire Police,North Yorkshire Police,-1.546932,53.991287,On or near St Mary'S Avenue,E01027680,Harrogate 015F,Criminal damage and arson,Under investigation,
187b8b662b5314414841979c46619bbb89030bf9c83ef286d490b2f2bc01d413,2025-12,North Yorkshire Police,North Yorkshire Police,-1.546932,53.991287,On or near St Mary'S Avenue,E01027680,Harrogate 015F,Criminal damage and arson,Under investigation,
f5df6421228aef6e18f1610588e81dd270e8ef7bc757a0c7baf970df55b799df,2025-12,North Yorkshire Police,North Yorkshire Police,-1.546932,53.991287,On or near St Mary'S Avenue,E01027680,Harrogate 015F,Public order,Unable to prosecute suspect,
8bae4e8c398b3689d7fd0b759be80b9ca5c916b528519984ca375be093abf3d4,2025-12,North Yorkshire Police,North Yorkshire Police,-1.547349,53.990813,On or near Belmont Road,E01027680,Harrogate 015F,Violence and sexual offences,Unable to prosecute suspect,
c445c1c9f3594e26631b77a66f68b1ab70006f9a365ff32a3ab64d3d0d3f63e0,2025-12,North Yorkshire Police,North Yorkshire Police,-1.548115,53.990510,On or near St Peter'S Square,E01027680,Harrogate 015F,Violence and sexual offences,Unable to prosecute suspect,
18a941699dd00d7c270dcfdfcd7538b02b42a86e740963020bdf47c2744576af,2025-12,North Yorkshire Police,North Yorkshire Police,-1.549527,53.991153,On or near Valley Drive,E01027680,Harrogate 015F,Violence and sexual offences,Under investigation,
85fefab923ced8570cc05d52034bd0bbec05b077ade5813e91412e0103c4b728,2025-12,North Yorkshire Police,North Yorkshire Police,-1.293164,53.963477,On or near Lucas Grove South,E01027683,Harrogate 016A,Criminal damage and arson,Investigation complete; no suspect identified,
ddf4cf3fd94905b1d70743d26a716f79d1b92e729ba80b7fe90e50898a706d65,2025-12,North Yorkshire Police,North Yorkshire Police,-1.289906,53.964141,On or near Bunting Drive,E01027683,Harrogate 016A,Other theft,Under investigation,
865d2b6b4c454e0c344b4fe5c45325b377279b90f6bfd319a33d3f75197a1d4b,2025-12,North Yorkshire Police,North Yorkshire Police,-1.293164,53.963477,On or near Lucas Grove South,E01027683,Harrogate 016A,Violence and sexual offences,Unable to prosecute suspect,
eef6f9303b19a7e964e54058433afafa9c34a36636dfc39119c59107b8f7439b,2025-12,North Yorkshire Police,North Yorkshire Police,-1.290657,53.965656,On or near Westfield Road,E01027683,Harrogate 016A,Violence and sexual offences,Unable to prosecute suspect,
87b920210953a04dfa057d93768bb7609b8c1e9e9fd4856e484eb9f14fa2bef2,2025-12,North Yorkshire Police,North Yorkshire Police,-1.290839,53.963032,On or near Bramblegate Road,E01027683,Harrogate 016A,Violence and sexual offences,Unable to prosecute suspect,
d35f7ec73ede6ec2a1aff5b3166850ff65ae96e4873cc29206305b093453a5e3,2025-12,North Yorkshire Police,North Yorkshire Police,-1.294011,53.966565,On or near Springfield Lane,E01027683,Harrogate 016A,Violence and sexual offences,Unable to prosecute suspect,
,2025-12,North Yorkshire Police,North Yorkshire Police,-1.210254,53.930757,On or near New Lane,E01027684,Harrogate 016B,Anti-social behaviour,,
58fc11cbabf195c42331256873ef881387838b1bb032dc63e9ec18748a1af858,2025-12,North Yorkshire Police,North Yorkshire Police,-1.313851,53.949324,On or near Chapel Close,E01027684,Harrogate 016B,Other theft,Investigation complete; no suspect identified,
30f284cd91becec6c70aa507e42c603a529de89b24d6660a10721737e4237558,2025-12,North Yorkshire Police,North Yorkshire Police,-1.242354,53.957964,On or near Tockwith Road,E01027684,Harrogate 016B,Violence and sexual offences,Unable to prosecute suspect,
802c0f978400d61b68cb52ca0c116f23ea5ab68ef44d7dd53eff0294e538b7ad,2025-12,North Yorkshire Police,North Yorkshire Police,-1.323124,54.014638,On or near High Street,E01027695,Harrogate 016C,Burglary,Investigation complete; no suspect identified,
c84ea3d490e11697835e18d8b1e5616bcc4c3d450d950e7779ab8cdf6681b567,2025-12,North Yorkshire Police,North Yorkshire Police,-1.314390,54.041830,On or near Carr Lane,E01027695,Harrogate 016C,Other theft,Investigation complete; no suspect identified,
a47d55ebf0705eb75b9f52f1811885673181b33c26f0603b7494bc2e4295e53f,2025-12,North Yorkshire Police,North Yorkshire Police,-1.315542,54.043320,On or near Carr Lane,E01027695,Harrogate 016C,Other theft,Investigation complete; no suspect identified,
a67f0b58b8c0a15b4e9306c75dab66526b79f97c71c6983cbd1da241a780ff64,2025-12,North Yorkshire Police,North Yorkshire Police,-1.293700,54.029092,On or near Thorpe Green Lane,E01027696,Harrogate 016D,Other theft,Under investigation,
03cb8e64f28debc0ba4d29bda30a6a5e010b3f1b772183ed4892b2408d14dd29,2025-12,North Yorkshire Police,North Yorkshire Police,-1.293700,54.029092,On or near Thorpe Green Lane,E01027696,Harrogate 016D,Violence and sexual offences,Under investigation,
,2025-12,North Yorkshire Police,North Yorkshire Police,-1.356200,53.945990,On or near Montagu Way,E01027703,Harrogate 016E,Anti-social behaviour,,
,2025-12,North Yorkshire Police,North Yorkshire Police,-1.393945,53.947715,On or near Main Street,E01027703,Harrogate 016E,Anti-social behaviour,,
918ac2f95afa19f1036fab30268b1384f30be21fa932c2b80c96ff32782030a1,2025-12,North Yorkshire Police,North Yorkshire Police,-1.356009,53.945549,On or near Montagu Mews,E01027703,Harrogate 016E,Burglary,Investigation complete; no suspect identified,
45e5a5e38c6b97b231142bd1af55b1908b71deb8764889f5b553b285290923eb,2025-12,North Yorkshire Police,North Yorkshire Police,-1.356200,53.945990,On or near Montagu Way,E01027703,Harrogate 016E,Criminal damage and arson,Unable to prosecute suspect,
60371c5a944e0652f01d8a507ab43a98eb87ac5bec4033f8b593d8c173fedaf6,2025-12,North Yorkshire Police,North Yorkshire Police,-1.393945,53.947715,On or near Main Street,E01027703,Harrogate 016E,Criminal damage and arson,Investigation complete; no suspect identified,
c0c9a949f7dd4a9b26e58b0306efb2b5bc82d0c6d4fb9c18699e230a7539c195,2025-12,North Yorkshire Police,North Yorkshire Police,-1.376354,54.008526,On or near Parking Area,E01027703,Harrogate 016E,Criminal damage and arson,Investigation complete; no suspect identified,
1b35b25c7977ca8ef992da736d35214d5d631d5762b73ef612576fcc03ad2024,2025-12,North Yorkshire Police,North Yorkshire Police,-1.356200,53.945990,On or near Montagu Way,E01027703,Harrogate 016E,Other theft,Further investigation is not in the public interest,
f42129f8da373cef5dcdd4483cb320633fb7f656d8557c6f8f523446f43c6c79,2025-12,North Yorkshire Police,North Yorkshire Police,-1.356200,53.945990,On or near Montagu Way,E01027703,Harrogate 016E,Public order,Under investigation,
784766fbc8a50afe00a520bed6685b8a72a5adc6fa5787b039197ba7440cfd09,2025-12,North Yorkshire Police,North Yorkshire Police,-1.356200,53.945990,On or near Montagu Way,E01027703,Harrogate 016E,Shoplifting,Offender given a caution,
5700adef2c8daf4ea2b550a39ae89eee34c2888b131e9841c8392a91b3fe1c1b,2025-12,North Yorkshire Police,North Yorkshire Police,-1.356200,53.945990,On or near Montagu Way,E01027703,Harrogate 016E,Violence and sexual offences,Under investigation,
96f745302da3d129451a3c036f3391023af2418a70d7e9ffa00614865de08172,2025-12,North Yorkshire Police,North Yorkshire Police,-1.356200,53.945990,On or near Montagu Way,E01027703,Harrogate 016E,Violence and sexual offences,Awaiting court outcome,
d12e4aa74bac67454490575fcc379e1163fc31b76e99f231956fa9751a750033,2025-12,North Yorkshire Police,North Yorkshire Police,-1.356200,53.945990,On or near Montagu Way,E01027703,Harrogate 016E,Violence and sexual offences,Awaiting court outcome,
d9dc66aac20fc33cf80652adeec284eb46ef4e63acf7c1f4e3626ffa7a51a526,2025-12,North Yorkshire Police,North Yorkshire Police,-1.376354,54.008526,On or near Parking Area,E01027703,Harrogate 016E,Violence and sexual offences,Investigation complete; no suspect identified,
20921adcd50397a60f718eb423a2a0c9c78a804727ca490aaa46e2d9d60c8fb2,2025-12,North Yorkshire Police,North Yorkshire Police,-1.356200,53.945990,On or near Montagu Way,E01027703,Harrogate 016E,Violence and sexual offences,Unable to prosecute suspect,
d9ed11108112fe121514039f3d4e25f5420ac1b90f065e3a28d40fff99380751,2025-12,North Yorkshire Police,North Yorkshire Police,-1.356200,53.945990,On or near Montagu Way,E01027703,Harrogate 016E,Violence and sexual offences,Under investigation,
41a888829ed98474ea83f2ce64db6d12296158d3ec68b2f9685c2638ed314c1f,2025-12,North Yorkshire Police,North Yorkshire Police,-1.356200,53.945990,On or near Montagu Way,E01027703,Harrogate 016E,Violence and sexual offences,Under investigation,
4adcc3a435e35944e6a0354a0b848fac671bf9f5bb314cfe3af8dfa8d9db6b7f,2025-12,North Yorkshire Police,North Yorkshire Police,-1.284176,53.996967,On or near Station Close,E01027703,Harrogate 016E,Violence and sexual offences,Unable to prosecute suspect,
c3226af87ae2c24d0515483015b19783d4adf06380a527b7ac4bb79d1e626d53,2025-12,North Yorkshire Police,North Yorkshire Police,-1.505114,53.988444,On or near Petrol Station,E01027660,Harrogate 017A,Other theft,Investigation complete; no suspect identified,
ff1177ea105c250a6070e293c474e776c2540ad25a8ae934c07e911ea3b85da7,2025-12,North Yorkshire Police,North Yorkshire Police,-1.501035,53.987798,On or near Rudbeck Close,E01027660,Harrogate 017A,Violence and sexual offences,Unable to prosecute suspect,
8da98328ba221da6cbda84a2bf5a2a63136c2379c29e506fd269197becb5d89b,2025-12,North Yorkshire Police,North Yorkshire Police,-1.499506,53.984887,On or near ,E01027660,Harrogate 017A,Violence and sexual offences,Unable to prosecute suspect,
e079852faf82be514e4270416f9f3f041626e528b6de9e3ee11fcc00ac1e9f4a,2025-12,North Yorkshire Police,North Yorkshire Police,-1.499506,53.984887,On or near ,E01027660,Harrogate 017A,Violence and sexual offences,Unable to prosecute suspect,
,2025-12,North Yorkshire Police,North Yorkshire Police,-1.503214,53.993029,On or near Woodlands Grove,E01027661,Harrogate 017B,Anti-social behaviour,,
5b2b17eededea29e670d6c794b809b90ce36d34550e9f014f5139e0f5fd483d0,2025-12,North Yorkshire Police,North Yorkshire Police,-1.504918,53.990825,On or near Woodlands Drive,E01027661,Harrogate 017B,Violence and sexual offences,Unable to prosecute suspect,
5f206f55e41ef502667df5a6af39099fe61eb5f4efe026b365688b2a95e9609b,2025-12,North Yorkshire Police,North Yorkshire Police,-1.491965,53.988677,On or near Dalby Court,E01027661,Harrogate 017B,Violence and sexual offences,Unable to prosecute suspect,
255589b05c82afcd722dc475859b46ebc75aa9fa4f95d77536df93cb7cb4ac2a,2025-12,North Yorkshire Police,North Yorkshire Police,-1.491965,53.988677,On or near Dalby Court,E01027661,Harrogate 017B,Violence and sexual offences,Unable to prosecute suspect,
,2025-12,North Yorkshire Police,North Yorkshire Police,-1.518629,53.985587,On or near Apley Close,E01027662,Harrogate 017C,Anti-social behaviour,,
b94c33bfc516657f2852bc720c9497296570ebc7bd6bcb47f02d93284bf17d34,2025-12,North Yorkshire Police,North Yorkshire Police,-1.523559,53.980378,On or near Further/Higher Educational Building,E01027662,Harrogate 017C,Drugs,Under investigation,
d17f64688e832e853df9bd81741fe3fd09273b07cdf84ca740ac5a103d3fc29a,2025-12,North Yorkshire Police,North Yorkshire Police,-1.515329,53.987470,On or near St Leonard'S Road,E01027662,Harrogate 017C,Violence and sexual offences,Under investigation,
98754f70d26251294b846531e03767e3dbb7da7b539afa4c77d29c5745fbd5c3,2025-12,North Yorkshire Police,North Yorkshire Police,-1.518629,53.985587,On or near Apley Close,E01027662,Harrogate 017C,Violence and sexual offences,Under investigation,
6f2f72f35fa5b56b2e68948d6deca20dd1f5a21657cbdaa72db45358349bcd25,2025-12,North Yorkshire Police,North Yorkshire Police,-1.518391,53.986377,On or near St Helen'S Road,E01027662,Harrogate 017C,Violence and sexual offences,Awaiting court outcome,
20c9eb7aa94c539c44d608b3ffc1135bb408061b9eefead197ed28f51259c01c,2025-12,North Yorkshire Police,North Yorkshire Police,-1.518629,53.985587,On or near Apley Close,E01027662,Harrogate 017C,Violence and sexual offences,Under investigation,
2f1c2122816ac42678af1a2d1ec573230bdab553d78ebb676ddfee699b7bfeab,2025-12,North Yorkshire Police,North Yorkshire Police,-1.498717,53.992813,On or near Hookstone Grange Court,E01027663,Harrogate 017D,Other theft,Under investigation,
4c87c50e2472e236f9bc02bd6f81820a06b7425d3b317448f92922695982218d,2025-12,North Yorkshire Police,North Yorkshire Police,-1.498717,53.992813,On or near Hookstone Grange Court,E01027663,Harrogate 017D,Other theft,Under investigation,
8389d0b40f3c0ae8e61f2d57027fa08d76b2c463da8e299a84eaa84a5cdcc1b0,2025-12,North Yorkshire Police,North Yorkshire Police,-1.498053,53.990958,On or near Hookstone Chase,E01027663,Harrogate 017D,Public order,Unable to prosecute suspect,
909aaa5d87f5d750ecebf70b6c377cb3efde23a9245d416c1349276012812385,2025-12,North Yorkshire Police,North Yorkshire Police,-1.498053,53.990958,On or near Hookstone Chase,E01027663,Harrogate 017D,Public order,Unable to prosecute suspect,
040dfe2a35e9f649bb8654f90110725186df51202a95d3977639568445c039c7,2025-12,North Yorkshire Police,North Yorkshire Police,-1.495439,53.992709,On or near Petrol Station,E01027663,Harrogate 017D,Violence and sexual offences,Further investigation is not in the public interest,
,2025-12,North Yorkshire Police,North Yorkshire Police,-1.527948,53.980132,On or near Hookstone Road,E01027697,Harrogate 017E,Anti-social behaviour,,
1d42874841a51bf4d590ccb955db1faba7340674d4ac5ea542c0f0786e03a56b,2025-12,North Yorkshire Police,North Yorkshire Police,-1.530406,53.974399,On or near Beech Road,E01027697,Harrogate 017E,Other theft,Investigation complete; no suspect identified,
ce131b9938db80f27553044863754918006bdb1d5233d788acaec2b1383ba091,2025-12,North Yorkshire Police,North Yorkshire Police,-1.528104,53.977041,On or near Birchwood Mews,E01027697,Harrogate 017E,Violence and sexual offences,Unable to prosecute suspect,
e20cca374bd0983e65edbe1df569e37804f6ca66a2d10b553d4b961ae587bd09,2025-12,North Yorkshire Police,North Yorkshire Police,-1.521909,53.989447,On or near St Winifred'S Road,E01027733,Harrogate 017F,Other theft,Investigation complete; no suspect identified,
805596ec2b181b149a681662a017944e0608d335a59f42c826c9758e87e8653f,2025-12,North Yorkshire Police,North Yorkshire Police,-1.517246,53.990453,On or near St Clement'S Road,E01027733,Harrogate 017F,Violence and sexual offences,Investigation complete; no suspect identified,
69d5cc4efd85c6a84e30161abd1897dce95b7a3a8f36024a19a5b8c7b1d30f18,2025-12,North Yorkshire Police,North Yorkshire Police,-1.618716,54.045669,On or near Valley View,E01027682,Harrogate 018A,Criminal damage and arson,Unable to prosecute suspect,
cb25ab3ba4550111537f70dfc6c421d91c6b744978d5cd76fb68cbd955b9cdc8,2025-12,North Yorkshire Police,North Yorkshire Police,-1.608013,54.056699,On or near Law Lane,E01027682,Harrogate 018A,Violence and sexual offences,Under investigation,
cb25ab3ba4550111537f70dfc6c421d91c6b744978d5cd76fb68cbd955b9cdc8,2025-12,North Yorkshire Police,North Yorkshire Police,-1.608013,54.056699,On or near Law Lane,E01027682,Harrogate 018A,Violence and sexual offences,Under investigation,
,2025-12,North Yorkshire Police,North Yorkshire Police,-1.690888,54.027577,On or near Sheepcote Lane,E01027694,Harrogate 018B,Anti-social behaviour,,
,2025-12,North Yorkshire Police,North Yorkshire Police,-1.725629,54.011798,On or near Trafalgar Square,E01027694,Harrogate 018B,Anti-social behaviour,,
a62ac14885de053dd7e0ad3f9faa5946f14e5a1d895d2c6d796bf5a79e7b88e7,2025-12,North Yorkshire Police,North Yorkshire Police,-1.725629,54.011798,On or near Trafalgar Square,E01027694,Harrogate 018B,Violence and sexual offences,Under investigation,
,2025-12,North Yorkshire Police,North Yorkshire Police,-1.688781,53.960011,On or near Top Lane,E01027734,Harrogate 018C,Anti-social behaviour,,
e36ab9bd68044737a68ef6e96a7bbc526d20f986175cd8e25b60735e5a26280f,2025-12,North Yorkshire Police,North Yorkshire Police,-1.575571,53.936270,On or near The Crescent,E01027734,Harrogate 018C,Burglary,Investigation complete; no suspect identified,
c630f38be3c65ee358696ce90c1fcec54400cc57fad40425fff2d00c9dd533af,2025-12,North Yorkshire Police,North Yorkshire Police,-1.599665,53.915806,On or near A658,E01027734,Harrogate 018C,Other theft,Under investigation,
1af89f60ffe47108c0e2578d7afd924394199445b36444ebf0f6837cd8652a2f,2025-12,North Yorkshire Police,North Yorkshire Police,-1.567629,53.976134,On or near ,E01027734,Harrogate 018C,Violence and sexual offences,Unable to prosecute suspect,
08f1ec04bbfae7abcfa1e27ae701d8a90283e959c58783fe799e9d28a5a4a982,2025-12,North Yorkshire Police,North Yorkshire Police,-1.647784,53.918348,On or near Leathley Lane,E01027734,Harrogate 018C,Violence and sexual offences,Investigation complete; no suspect identified,
f80aff475420a0f3b153c609cdfe09e60fe0ddb1a96db6b1887a0716929758ff,2025-12,North Yorkshire Police,North Yorkshire Police,-1.696935,53.924297,On or near Roebuck Lane,E01027735,Harrogate 018D,Criminal damage and arson,Investigation complete; no suspect identified,
890f9894f97624fa3507e5dff00aeca4700a839f9912423701db93caa1c85da9,2025-12,North Yorkshire Police,North Yorkshire Police,-1.813874,53.939994,On or near Hunger Hill,E01027735,Harrogate 018D,Criminal damage and arson,Unable to prosecute suspect,
9e3b32c19bcd9bff014c20bdb2dc8af6bef1eb6f00a261a46774a684843d429a,2025-12,North Yorkshire Police,North Yorkshire Police,-1.813874,53.939994,On or near Hunger Hill,E01027735,Harrogate 018D,Criminal damage and arson,Investigation complete; no suspect identified,
e46dcef3e970c6600b9ae54416a01df68f8ada92270821e0c1e806a231db9fbb,2025-12,North Yorkshire Police,North Yorkshire Police,-1.686039,53.915128,On or near Riverside Drive,E01027735,Harrogate 018D,Vehicle crime,Investigation complete; no suspect identified,
,2025-12,North Yorkshire Police,North Yorkshire Police,-1.537158,53.993848,On or near Parking Area,E01027656,Harrogate 019A,Anti-social behaviour,,
6cd63c85217a08d0dedf161a0164d6b880c75c6d464c8b5c4df920cb4b54ba27,2025-12,North Yorkshire Police,North Yorkshire Police,-1.537158,53.993848,On or near Parking Area,E01027656,Harrogate 019A,Drugs,Further investigation is not in the public interest,
62fc0829fe862552684b82c2670edeefeaadea1f8de7949e08324ea8cbffda69,2025-12,North Yorkshire Police,North Yorkshire Police,-1.537158,53.993848,On or near Parking Area,E01027656,Harrogate 019A,Other theft,Unable to prosecute suspect,
dfb118f35bb74e53ae9c5bdf5efd94fb7fdd2cbb7862a95482b6ef4369705147,2025-12,North Yorkshire Police,North Yorkshire Police,-1.537158,53.993848,On or near Parking Area,E01027656,Harrogate 019A,Public order,Unable to prosecute suspect,
,2025-12,North Yorkshire Police,North Yorkshire Police,-1.548796,53.985353,On or near Wordsworth Crescent,E01027679,Harrogate 019B,Anti-social behaviour,,
,2025-12,North Yorkshire Police,North Yorkshire Police,-1.548884,53.988500,On or near Duchy Grove,E01027679,Harrogate 019B,Anti-social behaviour,,
,2025-12,North Yorkshire Police,North Yorkshire Police,-1.548060,53.988550,On or near Duchy Avenue,E01027679,Harrogate 019B,Anti-social behaviour,,
,2025-12,North Yorkshire Police,North Yorkshire Police,-1.548884,53.988500,On or near Duchy Grove,E01027679,Harrogate 019B,Anti-social behaviour,,
,2025-12,North Yorkshire Police,North Yorkshire Police,-1.541973,53.992904,On or near Cambridge Crescent,E01027679,Harrogate 019B,Anti-social behaviour,,
,2025-12,North Yorkshire Police,North Yorkshire Police,-1.540812,53.991696,On or near John Street,E01027679,Harrogate 019B,Anti-social behaviour,,
,2025-12,North Yorkshire Police,North Yorkshire Police,-1.541973,53.992904,On or near Cambridge Crescent,E01027679,Harrogate 019B,Anti-social behaviour,,
064a04d8ec836872f1988f61cec2e491553cb7ed6749cd7077b8e3efda33ce02,2025-12,North Yorkshire Police,North Yorkshire Police,-1.536419,53.990061,On or near Supermarket,E01027679,Harrogate 019B,Bicycle theft,Unable to prosecute suspect,
be29ea4cba43aa4f6b37fcce6d582865432aa65f894b642f99bbe73335dcbd79,2025-12,North Yorkshire Police,North Yorkshire Police,-1.540812,53.991696,On or near John Street,E01027679,Harrogate 019B,Criminal damage and arson,Under investigation,
4f0e9ac2f82f1451c9e98cb76a6fc020733cacf6de900ddfd10be636c2083bda,2025-12,North Yorkshire Police,North Yorkshire Police,-1.547256,53.989572,On or near Heywood Road,E01027679,Harrogate 019B,Drugs,Under investigation,
7f26335e66aa6f426d848e24ee13c14c56b6e2e7dcb0c886623562d3de076536,2025-12,North Yorkshire Police,North Yorkshire Police,-1.548884,53.988500,On or near Duchy Grove,E01027679,Harrogate 019B,Other theft,Unable to prosecute suspect,
ec6bd51e1a15af77fcab342a35197e44b67fbcb3931032c4f50ca6306de980a7,2025-12,North Yorkshire Police,North Yorkshire Police,-1.548884,53.988500,On or near Duchy Grove,E01027679,Harrogate 019B,Other theft,Investigation complete; no suspect identified,
d2a99b466e6b97ab1545a17260400d025061f0c623fd68521bf6d929f3f7b262,2025-12,North Yorkshire Police,North Yorkshire Police,-1.541973,53.992904,On or near Cambridge Crescent,E01027679,Harrogate 019B,Public order,Under investigation,
ca0512a55a91223704d6b37decd4c63f354e573eb4ae718038fbef8ebf5c54cb,2025-12,North Yorkshire Police,North Yorkshire Police,-1.536419,53.990061,On or near Supermarket,E01027679,Harrogate 019B,Public order,Investigation complete; no suspect identified,
67afe3df10d0ab30710f84f28876b8f94341b08304cd31979a6f63bc0f136afc,2025-12,North Yorkshire Police,North Yorkshire Police,-1.548584,53.989442,On or near Somerset Road,E01027679,Harrogate 019B,Shoplifting,Unable to prosecute suspect,
aca572e6d84686131b18feb7dfe7d25865d510d8f8b6b5f45abeb12f83707d05,2025-12,North Yorkshire Police,North Yorkshire Police,-1.540785,53.992756,On or near Petergate,E01027679,Harrogate 019B,Shoplifting,Investigation complete; no suspect identified,
d0430cab78357202b06d3c07db5caad7d9c994f594d3c58cd522a4d3c51f6482,2025-12,North Yorkshire Police,North Yorkshire Police,-1.548584,53.989442,On or near Somerset Road,E01027679,Harrogate 019B,Shoplifting,Investigation complete; no suspect identified,
33160d68096e0ed959ed711aa3606d78feb77941cbeb69d2f4cad1e567a9d319,2025-12,North Yorkshire Police,North Yorkshire Police,-1.548584,53.989442,On or near Somerset Road,E01027679,Harrogate 019B,Shoplifting,Unable to prosecute suspect,
6fe454c29ca1da92ecc9691548ab1c3432cbbb3cc4fb333c4f27be769902bda2,2025-12,North Yorkshire Police,North Yorkshire Police,-1.548584,53.989442,On or near Somerset Road,E01027679,Harrogate 019B,Shoplifting,Investigation complete; no suspect identified,
cc684c8503f774c91097f7081e23783d3f82b4e1e36364529558571905e3b2e5,2025-12,North Yorkshire Police,North Yorkshire Police,-1.537967,53.988278,On or near Trafalgar Court,E01027679,Harrogate 019B,Violence and sexual offences,Unable to prosecute suspect,
d9dfa88ecbff30db7f7d84ddd224fbd126d7584de574b877a2d89316a8a5e193,2025-12,North Yorkshire Police,North Yorkshire Police,-1.541973,53.992904,On or near Cambridge Crescent,E01027679,Harrogate 019B,Violence and sexual offences,Unable to prosecute suspect,
a6b32a6dcc4e98ce6769af7857a1062c51b373d244a4a08dd68b622dead4f571,2025-12,North Yorkshire Police,North Yorkshire Police,-1.540812,53.991696,On or near John Street,E01027679,Harrogate 019B,Violence and sexual offences,Under investigation,
a9037aa194e2e0abf0e6ac2f558ede82c94a51a13c738317b7c11fc5b3c7b713,2025-12,North Yorkshire Police,North Yorkshire Police,-1.540812,53.991696,On or near John Street,E01027679,Harrogate 019B,Violence and sexual offences,Unable to prosecute suspect,
74b91490bfc9c2c95c5661ab651d90698a648cb3e6dacc4b45214b210b84f7fb,2025-12,North Yorkshire Police,North Yorkshire Police,-1.541973,53.992904,On or near Cambridge Crescent,E01027679,Harrogate 019B,Violence and sexual offences,Unable to prosecute suspect,
a53bda466373543b17023dbc4906c3d53901cb331bd2e88008da2384a0e4d65f,2025-12,North Yorkshire Police,North Yorkshire Police,-1.547256,53.989572,On or near Heywood Road,E01027679,Harrogate 019B,Violence and sexual offences,Under investigation,
60671ed77557e7620922d770bcf546964b5035ca438c84a61cf04b61ccfb1706,2025-12,North Yorkshire Police,North Yorkshire Police,-1.541973,53.992904,On or near Cambridge Crescent,E01027679,Harrogate 019B,Violence and sexual offences,Unable to prosecute suspect,
,2025-12,North Yorkshire Police,North Yorkshire Police,-1.542929,53.982204,On or near West End Avenue,E01027730,Harrogate 019C,Anti-social behaviour,,
fdf71a7761ca9771c639b797f19d7353334388d4154ad0cabd7a14a28ab12735,2025-12,North Yorkshire Police,North Yorkshire Police,-1.543452,53.984587,On or near Park Avenue,E01027730,Harrogate 019C,Burglary,Investigation complete; no suspect identified,
258973d9c53608bf97c2d10d41ffbf08f4159c4f580bdb546ce2c456f579b340,2025-12,North Yorkshire Police,North Yorkshire Police,-1.539984,53.982381,On or near Philippa'S Drive,E01027730,Harrogate 019C,Public order,Investigation complete; no suspect identified,
,2025-12,North Yorkshire Police,North Yorkshire Police,-1.533311,53.979084,On or near Mount Street,E01027731,Harrogate 019D,Anti-social behaviour,,
,2025-12,North Yorkshire Police,North Yorkshire Police,-1.533889,53.977891,On or near Supermarket,E01027731,Harrogate 019D,Anti-social behaviour,,
,2025-12,North Yorkshire Police,North Yorkshire Police,-1.533889,53.977891,On or near Supermarket,E01027731,Harrogate 019D,Anti-social behaviour,,
3a62e5a2e975b5911423140be47e807acec59809c27e01e9d26c1a910b88de3f,2025-12,North Yorkshire Police,North Yorkshire Police,-1.532229,53.979080,On or near Russell Street,E01027731,Harrogate 019D,Criminal damage and arson,Unable to prosecute suspect,
b88879a1afb75652ba63f6181f74108073a89b3b1309f37b2d20c9a77a811f67,2025-12,North Yorkshire Police,North Yorkshire Police,-1.532229,53.979080,On or near Russell Street,E01027731,Harrogate 019D,Public order,Unable to prosecute suspect,
870b8f1dcf1dd66c04e6de347578dfcaa236dd4c761aaa45adec3fa5c9c88ab5,2025-12,North Yorkshire Police,North Yorkshire Police,-1.533889,53.977891,On or near Supermarket,E01027731,Harrogate 019D,Shoplifting,Awaiting court outcome,
4e84303b026ceea200064de8793dbb0ba42f68361cddc39dc47b6111a7f65332,2025-12,North Yorkshire Police,North Yorkshire Police,-1.533311,53.979084,On or near Mount Street,E01027731,Harrogate 019D,Shoplifting,Awaiting court outcome,
9ace130cecef48d230349feea6cc4498b802f7c4ef1cac3b611bc1b347dea072,2025-12,North Yorkshire Police,North Yorkshire Police,-1.533311,53.979084,On or near Mount Street,E01027731,Harrogate 019D,Shoplifting,Investigation complete; no suspect identified,
8c7e7747083449c4d5df2dbb5dc66e8be4bfcd829cdbe4a051d9332755c7bff4,2025-12,North Yorkshire Police,North Yorkshire Police,-1.533889,53.977891,On or near Supermarket,E01027731,Harrogate 019D,Shoplifting,Awaiting court outcome,
c08368e4f1fcc2bf73e35df4e7cc726650eec5e3218b0f69ab3f3fbf2e7b6b2f,2025-12,North Yorkshire Police,North Yorkshire Police,-1.536159,53.978016,On or near Carlton Road,E01027731,Harrogate 019D,Violence and sexual offences,Unable to prosecute suspect,
4d2ace7c65a38d607904b153100d8290d82652bc10d0791871a1f27e383670c0,2025-12,North Yorkshire Police,North Yorkshire Police,-1.534020,53.981154,On or near Wheatlands Road,E01027732,Harrogate 019E,Burglary,Unable to prosecute suspect,
428fde9bd76c94c27364aff473cec8d267ebb2f726d1466e6fdc1dc29a1f0343,2025-12,North Yorkshire Police,North Yorkshire Police,-1.535927,53.982491,On or near Langcliffe Avenue,E01027732,Harrogate 019E,Violence and sexual offences,Under investigation,
6f060a1400ec5fbe6305d13a36306d094d6667fe1d2feda3f77a4ffe1edd4ad7,2025-12,North Yorkshire Police,North Yorkshire Police,-1.530287,53.990379,On or near A6040,E01027732,Harrogate 019E,Violence and sexual offences,Action to be taken by another organisation,
428fde9bd76c94c27364aff473cec8d267ebb2f726d1466e6fdc1dc29a1f0343,2025-12,North Yorkshire Police,North Yorkshire Police,-1.535927,53.982491,On or near Langcliffe Avenue,E01027732,Harrogate 019E,Violence and sexual offences,Unable to prosecute suspect,
9ce08b50ad5a915aa38f1bd0f124e8c43eec7414dfed49a3057dbd965cf47908,2025-12,North Yorkshire Police,North Yorkshire Police,-1.534790,53.983242,On or near Alderson Square,E01027732,Harrogate 019E,Violence and sexual offences,Unable to prosecute suspect,
,2025-12,North Yorkshire Police,North Yorkshire Police,-1.559739,53.984576,On or near Beech Close,E01027653,Harrogate 020A,Anti-social behaviour,,
,2025-12,North Yorkshire Police,North Yorkshire Police,-1.551219,53.984095,On or near Manor Drive,E01027653,Harrogate 020A,Anti-social behaviour,,
8443b53a201ce8701e3aa50e9ea07678abf61cce31d1fd67db7c9ad0d4f8a1b5,2025-12,North Yorkshire Police,North Yorkshire Police,-1.559739,53.984576,On or near Beech Close,E01027653,Harrogate 020A,Criminal damage and arson,Unable to prosecute suspect,
2550492660d077340bf34148fafc2bec89f10fc03990a2806eaf4add38ee55c5,2025-12,North Yorkshire Police,North Yorkshire Police,-1.559739,53.984576,On or near Beech Close,E01027653,Harrogate 020A,Violence and sexual offences,Awaiting court outcome,
b536c14686d58dab95240e87b023df6138c3943670cff0c938a37ae8910e079e,2025-12,North Yorkshire Police,North Yorkshire Police,-1.565694,53.980886,On or near Harlow Pines,E01027653,Harrogate 020A,Violence and sexual offences,Unable to prosecute suspect,
159a31016ab7d8a21158e8aa7b948aee5f6e328169c1f4a3c11f63d3b0e57449,2025-12,North Yorkshire Police,North Yorkshire Police,-1.556580,53.983315,On or near Pendragon Way,E01027653,Harrogate 020A,Violence and sexual offences,Unable to prosecute suspect,
07b9c7f3bd6591c4af812d6d82416f83afbd18ef90b470c946134778205972e0,2025-12,North Yorkshire Police,North Yorkshire Police,-1.569788,53.981665,On or near Wisteria Gardens,E01027653,Harrogate 020A,Violence and sexual offences,Under investigation,
7c456acc2ba28c5aaecf056e994683211e737d43aa28f8db5f5b8b9e44f7791a,2025-12,North Yorkshire Police,North Yorkshire Police,-1.556580,53.983315,On or near Pendragon Way,E01027653,Harrogate 020A,Violence and sexual offences,Unable to prosecute suspect,
1c525e36b30a241a39dc28a2cc8dde7b2040a7c2583b5d3147bdb55fff0c202e,2025-12,North Yorkshire Police,North Yorkshire Police,-1.553650,53.984967,On or near Harlow Oval,E01027653,Harrogate 020A,Violence and sexual offences,Under investigation,
6f50c9057d95c8749c1c1bbbf082e51aba17853533304163882cf26d7ea412dd,2025-12,North Yorkshire Police,North Yorkshire Police,-1.559739,53.984576,On or near Beech Close,E01027653,Harrogate 020A,Violence and sexual offences,Unable to prosecute suspect,
1c525e36b30a241a39dc28a2cc8dde7b2040a7c2583b5d3147bdb55fff0c202e,2025-12,North Yorkshire Police,North Yorkshire Police,-1.553650,53.984967,On or near Harlow Oval,E01027653,Harrogate 020A,Violence and sexual offences,Investigation complete; no suspect identified,
193e703e384cb6988ede8264ee26a0719994c4b92dc4cd5eeafff75314c13fc1,2025-12,North Yorkshire Police,North Yorkshire Police,-1.580818,53.996502,On or near ,E01027654,Harrogate 020B,Other theft,Further investigation is not in the public interest,
03187ab062cdfae8ecf6b8eb9779583c5852555bb5d3acbbdbb7ccea37cb4642,2025-12,North Yorkshire Police,North Yorkshire Police,-1.580818,53.996502,On or near ,E01027654,Harrogate 020B,Violence and sexual offences,Under investigation,
22a3e891a6cb062eae3b0a7d6b462034af30f3f0569d0266fa9f82bd03776c98,2025-12,North Yorkshire Police,North Yorkshire Police,-1.580818,53.996502,On or near ,E01027654,Harrogate 020B,Violence and sexual offences,Unable to prosecute suspect,
ade7f9894e7d618e4ff73b3e18461fa64bf7baaed970acf5a1a901f6d9f32245,2025-12,North Yorkshire Police,North Yorkshire Police,-1.536708,53.972491,On or near Mallinson Oval,E01027698,Harrogate 020C,Burglary,Investigation complete; no suspect identified,
52b0b83684ef2b977119885eb2405175ffc9daf9127826e8f4d05e3df3cb2c04,2025-12,North Yorkshire Police,North Yorkshire Police,-1.543599,53.969713,On or near Church Lane,E01027698,Harrogate 020C,Violence and sexual offences,Unable to prosecute suspect,
e5584dab1bdc6df4b436e9f0e1fa3df48cc954fcbd902d77677882767f5230bc,2025-12,North Yorkshire Police,North Yorkshire Police,-1.556389,53.981238,On or near College Street,E01027717,Harrogate 020E,Possession of weapons,Further action is not in the public interest,
665d2c33f950f6e863f4fdf357096e137fde5231ab4ae002d708045bd2efff87,2025-12,North Yorkshire Police,North Yorkshire Police,-1.555093,53.982636,On or near B6162,E01027717,Harrogate 020E,Violence and sexual offences,Unable to prosecute suspect,
,2025-12,North Yorkshire Police,North Yorkshire Police,-1.541954,53.975144,On or near Bowes Park,E01027718,Harrogate 020F,Anti-social behaviour,,
0a42a72dc3130e056d8615b054b684f56a28a300261e5a4ccc181f12e2f0fab4,2025-12,North Yorkshire Police,North Yorkshire Police,-1.547748,53.979328,On or near Arthurs Close,E01027718,Harrogate 020F,Burglary,Investigation complete; no suspect identified,
fc6802a9d1fe62f5f43177eb45a8fe10d7529063c95692b994bcb5910a74e6bd,2025-12,North Yorkshire Police,North Yorkshire Police,-1.548109,53.978385,On or near Arthurs Grove,E01027718,Harrogate 020F,Criminal damage and arson,Investigation complete; no suspect identified,
bfbd474386745a8259b8da624a69928673ee0d8ed87d06b7307d672548eaf50a,2025-12,North Yorkshire Police,North Yorkshire Police,-1.541622,53.976285,On or near Hutton Gate,E01027718,Harrogate 020F,Violence and sexual offences,Unable to prosecute suspect,
007970b6eec700643ae4ac63e0c23c81986e37ae922dfad049c63f57722e74df,2025-12,North Yorkshire Police,North Yorkshire Police,-1.569462,53.978438,On or near ,E01027719,Harrogate 020G,Drugs,Under investigation,
9972f2ed4c2c46549f12417ee455abc64a6b1b56fbd387a52e79e49f927c8c42,2025-12,North Yorkshire Police,North Yorkshire Police,-1.569462,53.978438,On or near ,E01027719,Harrogate 020G,Violence and sexual offences,Under investigation,
53b183176e956ef8b3d0ab54217f77d3eddde56476c9ac99bc3dc5babbaeaaf7,2025-12,North Yorkshire Police,North Yorkshire Police,-1.555258,53.975752,On or near Wellfield Court,E01027719,Harrogate 020G,Violence and sexual offences,Unable to prosecute suspect,
14867dd1709f4bf34c992ae89fee31801952b4ac0e89f853f2784ce7f836a1b5,2025-12,North Yorkshire Police,North Yorkshire Police,-1.569462,53.978438,On or near ,E01027719,Harrogate 020G,Other crime,Under investigation,
,2025-12,North Yorkshire Police,North Yorkshire Police,-1.534495,53.956331,On or near Buttersyke Way,E01027700,Harrogate 021B,Anti-social behaviour,,
1815535fb67e17e6e17c076b1cfa73bd4c9612971f435a74d7b276e48c22ae78,2025-12,North Yorkshire Police,North Yorkshire Police,-1.529495,53.957777,On or near Follifoot Road,E01027700,Harrogate 021B,Burglary,Investigation complete; no suspect identified,
12a89192ca3d6e2318405913dacf562ddac96e6659f468ffed6ebcedaad64b52,2025-12,North Yorkshire Police,North Yorkshire Police,-1.532855,53.958563,On or near Supermarket,E01027700,Harrogate 021B,Shoplifting,Awaiting court outcome,
25dc9602ef07c7f98f36f4e773c2703cb132062b4b9376c47a843241242506b4,2025-12,North Yorkshire Police,North Yorkshire Police,-1.532855,53.958563,On or near Supermarket,E01027700,Harrogate 021B,Shoplifting,Awaiting court outcome,
bf2d6c17d2c0bb12fea815319c1c75a281bd1f0cda94c8b87e039ac333e5530d,2025-12,North Yorkshire Police,North Yorkshire Police,-1.532855,53.958563,On or near Supermarket,E01027700,Harrogate 021B,Shoplifting,Investigation complete; no suspect identified,
529c23c105858abcc376f02f084746a7563b53aafdb27d0a1bf0930ddf05720e,2025-12,North Yorkshire Police,North Yorkshire Police,-1.528598,53.961692,On or near Leeds Road,E01027700,Harrogate 021B,Shoplifting,Investigation complete; no suspect identified,
706eb3659fbe5f78d0b1f8902751caa31a077b0c009a4fabe155c6581cc9b7dc,2025-12,North Yorkshire Police,North Yorkshire Police,-1.533916,53.956302,On or near Thirkill Drive,E01027700,Harrogate 021B,Vehicle crime,Investigation complete; no suspect identified,
0db6a715096ce73adc7a9d476324acf524d745048a749edcf9e8d5043ca314cd,2025-12,North Yorkshire Police,North Yorkshire Police,-1.533628,53.958934,On or near Hillside Road,E01027700,Harrogate 021B,Violence and sexual offences,Awaiting court outcome,
a444409dbb5fb83315d98a0bea188bf4460e64f202fdd0b0e07cfeb6ae580808,2025-12,North Yorkshire Police,North Yorkshire Police,-1.522302,53.956436,On or near Drury Lane,E01027700,Harrogate 021B,Violence and sexual offences,Under investigation,
0f12d83ed09f0460435fce7ac62d03ba539ac06acd61f563b3373daf5333f0c5,2025-12,North Yorkshire Police,North Yorkshire Police,-1.580210,53.923272,On or near Kingsway,E01027724,Harrogate 021C,Violence and sexual offences,Unable to prosecute suspect,
c58e4db3bc39a903c562ebe4e69e71489849a9230285103fc77f73ab73a0070a,2025-12,North Yorkshire Police,North Yorkshire Police,-1.482487,53.915359,On or near Mill Lane,E01027724,Harrogate 021C,Violence and sexual offences,Under investigation,
c58e4db3bc39a903c562ebe4e69e71489849a9230285103fc77f73ab73a0070a,2025-12,North Yorkshire Police,North Yorkshire Police,-1.482487,53.915359,On or near Mill Lane,E01027724,Harrogate 021C,Violence and sexual offences,Under investigation,
,2025-12,North Yorkshire Police,North Yorkshire Police,-1.446993,53.953848,On or near White Horse Mews,E01027725,Harrogate 021D,Anti-social behaviour,,
2bb6daff83a74a4bc1cbcb102e085e85b7685bec838542f1450695ed343fd325,2025-12,North Yorkshire Police,North Yorkshire Police,-1.449844,53.954841,On or near Castle Street,E01027725,Harrogate 021D,Possession of weapons,Unable to prosecute suspect,
4fef16c810dbd23ad9e7fba2eab6ebf96dc47471702766d1402d716f80fcca0e,2025-12,North Yorkshire Police,North Yorkshire Police,-1.433904,53.944773,On or near Wetherby Road,E01027725,Harrogate 021D,Violence and sexual offences,Unable to prosecute suspect,
8fd20f674defb5dba34097c2e0afc78cc08a0f3fdf42df175bb1d10a0cd0f6b7,2025-12,North Yorkshire Police,North Yorkshire Police,-1.449844,53.954841,On or near Castle Street,E01027725,Harrogate 021D,Violence and sexual offences,Unable to prosecute suspect,
5c98e0c04cca41054fce5d5a8b5fcd91b66ca7a58a11babeb8532018d64e8561,2025-12,North Yorkshire Police,North Yorkshire Police,-1.449844,53.954841,On or near Castle Street,E01027725,Harrogate 021D,Violence and sexual offences,Unable to prosecute suspect,
a1c870e9e764b8c948ced888fd5c6fd9ac20f59b4a18239d452a667a8da83b0e,2025-12,North Yorkshire Police,North Yorkshire Police,-1.444428,53.954214,On or near Massey Fold,E01027725,Harrogate 021D,Violence and sexual offences,Further investigation is not in the public interest,
6b7f9b091e42842169f92a05a4ea7737ff4a1505febb0120d3c6a31fce4f13cc,2025-12,North Yorkshire Police,North Yorkshire Police,-1.444428,53.954214,On or near Massey Fold,E01027725,Harrogate 021D,Violence and sexual offences,Further investigation is not in the public interest,
ff35d4d88cde13ce555642f9caa9abecc4b6feae3fa004b148c6e94ba24f2469,2025-12,North Yorkshire Police,North Yorkshire Police,-1.319424,53.822113,On or near Lotherton Lane,E01011297,Leeds 030B,Burglary,Investigation complete; no suspect identified,
,2025-12,North Yorkshire Police,North Yorkshire Police,-1.292550,53.766954,On or near Parking Area,E01011299,Leeds 088B,Anti-social behaviour,,
16876363a32756dca24fe5976a4a8b860b78368a7f756cda91e9d78f147c9dde,2025-12,North Yorkshire Police,North Yorkshire Police,-1.292550,53.766954,On or near Parking Area,E01011299,Leeds 088B,Public order,Unable to prosecute suspect,
f5e342bd58cc18dfb91a04c0815c6b145bea58edbcf5f2b74a83a36fbcab6a2b,2025-12,North Yorkshire Police,North Yorkshire Police,-1.292550,53.766954,On or near Parking Area,E01011299,Leeds 088B,Violence and sexual offences,Unable to prosecute suspect,
,2025-12,North Yorkshire Police,North Yorkshire Police,-1.215484,54.525247,On or near Supermarket,E01012030,Middlesbrough 019A,Anti-social behaviour,,
,2025-12,North Yorkshire Police,North Yorkshire Police,-2.187519,53.916811,On or near Station Road,E01025196,Pendle 002B,Anti-social behaviour,,
,2025-12,North Yorkshire Police,North Yorkshire Police,-1.640142,54.476156,On or near St Cuthbert'S Green,E01027743,Richmondshire 001A,Anti-social behaviour,,
,2025-12,North Yorkshire Police,North Yorkshire Police,-1.644592,54.473733,On or near The Porch,E01027743,Richmondshire 001A,Anti-social behaviour,,
b2345b64694acfd79bb52e465a5a1f658f32db8d48b05dd88fc9e67bc916a800,2025-12,North Yorkshire Police,North Yorkshire Police,-1.645233,54.472810,On or near Marygate,E01027743,Richmondshire 001A,Vehicle crime,Investigation complete; no suspect identified,
26bca9072e17598cc1ec83ff21e4a0a1b75fc6d7e2bfd44ba2d3afee6a1891f6,2025-12,North Yorkshire Police,North Yorkshire Police,-1.645233,54.472810,On or near Marygate,E01027743,Richmondshire 001A,Vehicle crime,Investigation complete; no suspect identified,
62a08a707eb9f05d335848858c76dfee09d5ba9863ad949ef151e48115589117,2025-12,North Yorkshire Police,North Yorkshire Police,-1.640889,54.475430,On or near East View,E01027743,Richmondshire 001A,Vehicle crime,Investigation complete; no suspect identified,
5e9f7ce9cb34b8af3d981f14fd9bab326e13c02b240a69e08c9002d19d27973d,2025-12,North Yorkshire Police,North Yorkshire Police,-1.518754,54.453841,On or near Northallerton Road,E01027751,Richmondshire 001B,Criminal damage and arson,Further investigation is not in the public interest,
416099cbf2a3868c24d5a3a62fa4b7d7184b8710cc34db6d9407d348adf2e30b,2025-12,North Yorkshire Police,North Yorkshire Police,-1.557455,54.483511,On or near Rectory Lane,E01027751,Richmondshire 001B,Possession of weapons,Awaiting court outcome,
219998e15d3132e0f012ed39ef7c28e030940957fa76fcf2977392af247d999f,2025-12,North Yorkshire Police,North Yorkshire Police,-1.556437,54.483472,On or near The Mill Race,E01027751,Richmondshire 001B,Violence and sexual offences,Under investigation,
219998e15d3132e0f012ed39ef7c28e030940957fa76fcf2977392af247d999f,2025-12,North Yorkshire Police,North Yorkshire Police,-1.556437,54.483472,On or near The Mill Race,E01027751,Richmondshire 001B,Violence and sexual offences,Under investigation,
3ed352abfde65c6637e89e11534dc8cb42e320d8d4131982253d9574acf5a109,2025-12,North Yorkshire Police,North Yorkshire Police,-1.744489,54.461799,On or near Warrener Lane,E01027752,Richmondshire 001C,Public order,Unable to prosecute suspect,
09d67a6def6a50a4d96b86104847738c131c38237a807897e5c1e7b22bcb987e,2025-12,North Yorkshire Police,North Yorkshire Police,-1.697553,54.471406,On or near West Road,E01027759,Richmondshire 001D,Violence and sexual offences,Awaiting court outcome,
83bf3f09cebb66fdfb9214f256d33dbc75e917842049d6fdbc024ba92e10ca4a,2025-12,North Yorkshire Police,North Yorkshire Police,-1.696053,54.467619,On or near Moor Road,E01027759,Richmondshire 001D,Violence and sexual offences,Unable to prosecute suspect,
91a0878afa47683a21ac6d15304657bd347b95ba3fabf5793f06dc8ecb18878f,2025-12,North Yorkshire Police,North Yorkshire Police,-1.696053,54.467619,On or near Moor Road,E01027759,Richmondshire 001D,Violence and sexual offences,Unable to prosecute suspect,
b20e1e2b50d5f06c5bacaa0be3232373383b00db39de52ef3a78ca4ed2139502,2025-12,North Yorkshire Police,North Yorkshire Police,-1.666869,54.444053,On or near ,E01027761,Richmondshire 001E,Other theft,Investigation complete; no suspect identified,
4e57ad50888499645e8806e45477297c72d4eb1ac343e7521493a01478672616,2025-12,North Yorkshire Police,North Yorkshire Police,-1.666869,54.444053,On or near ,E01027761,Richmondshire 001E,Shoplifting,Under investigation,
2cf6626363c285b35a88f20afffe3f8b49c33978f888abc4cfaba8e7e27126cf,2025-12,North Yorkshire Police,North Yorkshire Police,-1.668028,54.424983,On or near ,E01027761,Richmondshire 001E,Vehicle crime,Investigation complete; no suspect identified,
a9ee0f059347b4189d4cec09c979dd77dcc6ab6c905c424cd85702bf378e9d84,2025-12,North Yorkshire Police,North Yorkshire Police,-1.666523,54.442853,On or near Middleton Tyas Lane,E01027761,Richmondshire 001E,Violence and sexual offences,Unable to prosecute suspect,
b0f87d1ab01df1e3793dbb55c612de18fe39d0aaffdd0bf511a4f650412a4900,2025-12,North Yorkshire Police,North Yorkshire Police,-1.645302,54.448671,On or near Cow Lane,E01027761,Richmondshire 001E,Violence and sexual offences,Under investigation,
7e976de8c96c95269a4205be366be58c8a8a042cd23043095176091d91f93e47,2025-12,North Yorkshire Police,North Yorkshire Police,-1.654017,54.450186,On or near Sports/Recreation Area,E01027761,Richmondshire 001E,Violence and sexual offences,Under investigation,
,2025-12,North Yorkshire Police,North Yorkshire Police,-1.727452,54.513922,On or near The Curtain,E01027762,Richmondshire 001F,Anti-social behaviour,,
8f307d263893dd9ce7fb3c367f90b777e5ed7bee4c004ab1ae46e61e694fbca3,2025-12,North Yorkshire Police,North Yorkshire Police,-1.746806,54.483876,On or near Forcett Close,E01027762,Richmondshire 001F,Burglary,Investigation complete; no suspect identified,
379cfcc007e825e2f471a957b80482152da97796dcd1f184c4d96909656e3715,2025-12,North Yorkshire Police,North Yorkshire Police,-1.750496,54.516605,On or near Hall Lane,E01027762,Richmondshire 001F,Other crime,Under investigation,
b306cd61ebfc640f2222b8f330c62b57a1d5d89676c8bef5355f2660734d25dc,2025-12,North Yorkshire Police,North Yorkshire Police,-1.728205,54.409549,On or near Sunnycrest Avenue,E01027765,Richmondshire 002A,Vehicle crime,Investigation complete; no suspect identified,
bfe06a9fb9ffe790098a0c94e596a4ee759b07235844cf1a6974b824b539d598,2025-12,North Yorkshire Police,North Yorkshire Police,-1.729264,54.412517,On or near Windsor Avenue,E01027765,Richmondshire 002A,Violence and sexual offences,Under investigation,
a94488002e6fb8d34be9d7fa407218870b3474b07807558c91c821eafef8b2d2,2025-12,North Yorkshire Police,North Yorkshire Police,-1.734059,54.412141,On or near Tate Road,E01027765,Richmondshire 002A,Violence and sexual offences,Unable to prosecute suspect,
8d154752123d617518cd4c1e22487e5fee3b1be7b95c807fa94fc655992073e3,2025-12,North Yorkshire Police,North Yorkshire Police,-1.733512,54.413308,On or near Magnolia Drive,E01027765,Richmondshire 002A,Violence and sexual offences,Unable to prosecute suspect,
,2025-12,North Yorkshire Police,North Yorkshire Police,-1.729829,54.408645,On or near Eastfield Avenue,E01027766,Richmondshire 002B,Anti-social behaviour,,
fbd55440288db0aa212a3b4fb05d2bf1f085442f38c2b025d4187f7b341644f0,2025-12,North Yorkshire Police,North Yorkshire Police,-1.734383,54.404845,On or near Frenchgate,E01027766,Richmondshire 002B,Criminal damage and arson,Investigation complete; no suspect identified,
96c69dc3592a160593442328d71ad9dcd58270e5b22817278cf078144edb805d,2025-12,North Yorkshire Police,North Yorkshire Police,-1.734357,54.406552,On or near A6108,E01027766,Richmondshire 002B,Other theft,Investigation complete; no suspect identified,
ae1c38a0f7be95bba19648088d52faa306e7e648bcb956b9c7c71ce91de7f217,2025-12,North Yorkshire Police,North Yorkshire Police,-1.729829,54.408645,On or near Eastfield Avenue,E01027766,Richmondshire 002B,Violence and sexual offences,Unable to prosecute suspect,
39717247e7d8196893a39b3cb90c56f7d166ac736da4aa74a8c0e0fdca23aa46,2025-12,North Yorkshire Police,North Yorkshire Police,-1.752291,54.406168,On or near Willance Grove,E01027769,Richmondshire 002E,Violence and sexual offences,Unable to prosecute suspect,
,2025-12,North Yorkshire Police,North Yorkshire Police,-1.736009,54.403518,On or near Parkinson'S Yard,E01027770,Richmondshire 002F,Anti-social behaviour,,
,2025-12,North Yorkshire Police,North Yorkshire Police,-1.744785,54.411832,On or near ,E01027770,Richmondshire 002F,Anti-social behaviour,,
,2025-12,North Yorkshire Police,North Yorkshire Police,-1.736402,54.402279,On or near Millgate,E01027770,Richmondshire 002F,Anti-social behaviour,,
,2025-12,North Yorkshire Police,North Yorkshire Police,-1.739313,54.402420,On or near Waterloo Street,E01027770,Richmondshire 002F,Anti-social behaviour,,
450374f5f5edf71a1c83cffe97d8fc78acffb331fc3f73063e316383e008464f,2025-12,North Yorkshire Police,North Yorkshire Police,-1.740327,54.402826,On or near Bargate,E01027770,Richmondshire 002F,Drugs,Unable to prosecute suspect,
4e567077d9ec164f393caecd959224560eb15a7249944d04fa42c24856f7e911,2025-12,North Yorkshire Police,North Yorkshire Police,-1.738843,54.403650,On or near Finkle Street,E01027770,Richmondshire 002F,Other theft,Investigation complete; no suspect identified,
3b42483f13371f41df10fe13d0287ad1c9dfc5f8e27b854d8fb4f1e05c051b17,2025-12,North Yorkshire Police,North Yorkshire Police,-1.740327,54.402826,On or near Bargate,E01027770,Richmondshire 002F,Possession of weapons,Unable to prosecute suspect,
998fc9d59c20973a28f1b415854e6e112ee05abcd3f864684383c757c3668278,2025-12,North Yorkshire Police,North Yorkshire Police,-1.742899,54.405276,On or near Parking Area,E01027770,Richmondshire 002F,Vehicle crime,Investigation complete; no suspect identified,
b4b36bb955b3853e39a2aef3d9ed17b37481ffaaf18f7b2ede38c424498df077,2025-12,North Yorkshire Police,North Yorkshire Police,-1.739641,54.401693,On or near Cornforth Hill,E01027770,Richmondshire 002F,Violence and sexual offences,Unable to prosecute suspect,
fa1b40216134a4ec4b0fba6c7e87785e632da4d7632c5e493b6c94b26c5a4c52,2025-12,North Yorkshire Police,North Yorkshire Police,-1.737294,54.402550,On or near Tower Street Castle Wynd,E01027770,Richmondshire 002F,Violence and sexual offences,Unable to prosecute suspect,
0d200e6c584af3d5156af2dfd9d4009a27c8ac2788385464d57eb6e66d8223c2,2025-12,North Yorkshire Police,North Yorkshire Police,-1.738637,54.402086,On or near The Bar Castle Hill,E01027770,Richmondshire 002F,Violence and sexual offences,Unable to prosecute suspect,
028bf96f6d8c1a3935841acb57d958e6aa5373b543e986f5941d0869fb3fbde9,2025-12,North Yorkshire Police,North Yorkshire Police,-1.739313,54.402420,On or near Waterloo Street,E01027770,Richmondshire 002F,Violence and sexual offences,Unable to prosecute suspect,
0e0b48121ee5afb9a5b093fc30295eebd4e7e260ff16f1cdde6a1ff60631c325,2025-12,North Yorkshire Police,North Yorkshire Police,-1.739313,54.402420,On or near Waterloo Street,E01027770,Richmondshire 002F,Violence and sexual offences,Unable to prosecute suspect,
ac3caf7a5fa2dd9d028cd9d1759d8c875667c1138488bf45f70222a4534a440b,2025-12,North Yorkshire Police,North Yorkshire Police,-1.738637,54.402086,On or near The Bar Castle Hill,E01027770,Richmondshire 002F,Violence and sexual offences,Unable to prosecute suspect,
1c58500c441b01ea8680c9719e852e893aaa11ded97c6d201005833e2c68177a,2025-12,North Yorkshire Police,North Yorkshire Police,-1.738637,54.402086,On or near The Bar Castle Hill,E01027770,Richmondshire 002F,Violence and sexual offences,Under investigation,
915d6bb170f7b5aa2146e42489368c16a7231fc78fe681777a379f4ae155d9ef,2025-12,North Yorkshire Police,North Yorkshire Police,-1.738637,54.402086,On or near The Bar Castle Hill,E01027770,Richmondshire 002F,Violence and sexual offences,Unable to prosecute suspect,
e218c54404320508e89f498f912749d87d11255f8595f451855ab0303adcaf85,2025-12,North Yorkshire Police,North Yorkshire Police,-1.744785,54.411832,On or near ,E01027770,Richmondshire 002F,Violence and sexual offences,Under investigation,
08cf7bf0b03684a0f5eb28b3fd7847901711f676c3f5f7477e23213813ce819e,2025-12,North Yorkshire Police,North Yorkshire Police,-1.738637,54.402086,On or near The Bar Castle Hill,E01027770,Richmondshire 002F,Violence and sexual offences,Unable to prosecute suspect,
,2025-12,North Yorkshire Police,North Yorkshire Police,-1.615270,54.396660,On or near Grammar School Court,E01027745,Richmondshire 003A,Anti-social behaviour,,
12b2b7177f07accef978e5af1d9a10271384bb44c1179cd34fb832278689687c,2025-12,North Yorkshire Police,North Yorkshire Police,-1.612636,54.398306,On or near Cleveland Road,E01027745,Richmondshire 003A,Public order,Unable to prosecute suspect,
da04669fe01ab6b409e1fb7e263035a2cb6cd2abe38bc998f51006373344aa1d,2025-12,North Yorkshire Police,North Yorkshire Police,-1.613778,54.393134,On or near Sports/Recreation Area,E01027745,Richmondshire 003A,Violence and sexual offences,Further investigation is not in the public interest,
c26ea69c9ac76c78c4b42739bd0788b9e83bebfa1c776c634b542c2d3c69f06f,2025-12,North Yorkshire Police,North Yorkshire Police,-1.615270,54.396660,On or near Grammar School Court,E01027745,Richmondshire 003A,Violence and sexual offences,Under investigation,
,2025-12,North Yorkshire Police,North Yorkshire Police,-1.659285,54.391607,On or near Bridge Road,E01027746,Richmondshire 003B,Anti-social behaviour,,
944f377c454bf4835bb9837699faedf49d720442a3c9641feec4e30187b388f2,2025-12,North Yorkshire Police,North Yorkshire Police,-1.632137,54.377498,On or near High Street,E01027747,Richmondshire 003C,Burglary,Investigation complete; no suspect identified,
dab340d43820628433c1807f70078a23f43055e2ff94da4a42efd3e64d6d700b,2025-12,North Yorkshire Police,North Yorkshire Police,-1.630507,54.372128,On or near Centurian Close,E01027747,Richmondshire 003C,Possession of weapons,Awaiting court outcome,
cb869b002b81e1ae342ed9caa8f10ba6e7d2544fd698ffd780f4a5800c6b90d4,2025-12,North Yorkshire Police,North Yorkshire Police,-1.630140,54.375371,On or near Scott Close,E01027747,Richmondshire 003C,Public order,Unable to prosecute suspect,
fc5e668b2ed957e3e4d1ebc3bcdc1b7dfdf702cc31d9f8b9be764962b21c4ae5,2025-12,North Yorkshire Police,North Yorkshire Police,-1.620712,54.371010,On or near Leech Lane,E01027747,Richmondshire 003C,Violence and sexual offences,Unable to prosecute suspect,
1cdd9aca8c1f8c74a112f55d158e370f7b5fdeb58a357653e1000dff8c3e2ddb,2025-12,North Yorkshire Police,North Yorkshire Police,-1.620712,54.371010,On or near Leech Lane,E01027747,Richmondshire 003C,Violence and sexual offences,Unable to prosecute suspect,
90e14cb7a3b8cdb2777007c5a8ba9b1342d2e68a992bc9f1959f73b697ce4c37,2025-12,North Yorkshire Police,North Yorkshire Police,-1.630507,54.372128,On or near Centurian Close,E01027747,Richmondshire 003C,Violence and sexual offences,Under investigation,
d48634dd3f96e4d3af0ac046142ebb03166b75b8cf914b45a0ee847274cc7b51,2025-12,North Yorkshire Police,North Yorkshire Police,-1.632137,54.377498,On or near High Street,E01027747,Richmondshire 003C,Other crime,Unable to prosecute suspect,
,2025-12,North Yorkshire Police,North Yorkshire Police,-1.634361,54.380183,On or near Rowan Court,E01027748,Richmondshire 003D,Anti-social behaviour,,
4e51e7a0bf29b7fecb23057090fbdfa9613eb6c6f39ea11c7a47b93891ee117e,2025-12,North Yorkshire Police,North Yorkshire Police,-1.635278,54.381004,On or near Ash Croft,E01027748,Richmondshire 003D,Violence and sexual offences,Under investigation,
a1ce0b7b7d341d8102757f20023c99201eaeb616dc1266d417b79e062e06843a,2025-12,North Yorkshire Police,North Yorkshire Police,-1.635278,54.381004,On or near Ash Croft,E01027748,Richmondshire 003D,Violence and sexual offences,Under investigation,
,2025-12,North Yorkshire Police,North Yorkshire Police,-1.685603,54.381685,On or near Blackwell Court,E01027749,Richmondshire 004A,Anti-social behaviour,,
d2e5fcbdee31b5e676e6f4a28df9b1f7e131ff9b79047ec28cd06a82f1e4400c,2025-12,North Yorkshire Police,North Yorkshire Police,-1.693581,54.381265,On or near Grange Road,E01027749,Richmondshire 004A,Drugs,Formal action is not in the public interest,
71070a955345f5963222d06bea423bc8b48131c6171fa6f9db6d3a72713ad412,2025-12,North Yorkshire Police,North Yorkshire Police,-1.686556,54.379881,On or near Walkerville Avenue,E01027749,Richmondshire 004A,Drugs,Unable to prosecute suspect,
a901fa08deb203a3c300cc90e460060e32c93cd5de860bba9649d21d4802b140,2025-12,North Yorkshire Police,North Yorkshire Police,-1.686989,54.379585,On or near Supermarket,E01027749,Richmondshire 004A,Shoplifting,Unable to prosecute suspect,
bd39d44b7102b3c73c6d481035b2efd590c2d7f58af2ee47054a48b55071d638,2025-12,North Yorkshire Police,North Yorkshire Police,-1.692388,54.381280,On or near ,E01027749,Richmondshire 004A,Violence and sexual offences,Under investigation,
4a8c3693ae19926ba9f63efd90273347347594bfe922fbb82bef8198b5ad8791,2025-12,North Yorkshire Police,North Yorkshire Police,-1.683580,54.382479,On or near Pearson Close,E01027749,Richmondshire 004A,Violence and sexual offences,Under investigation,
e3cb43104fdb18f2f6efe65bfb6e399d416ee07b625d7d1047d70484bc5c105a,2025-12,North Yorkshire Police,North Yorkshire Police,-1.688785,54.380300,On or near Hamilton-Thompson Close,E01027749,Richmondshire 004A,Violence and sexual offences,Unable to prosecute suspect,
ea5120c2b79d8bca435b1f45591153221d6b0bf85302284f0c949943a0b6d42d,2025-12,North Yorkshire Police,North Yorkshire Police,-1.688785,54.380300,On or near Hamilton-Thompson Close,E01027749,Richmondshire 004A,Violence and sexual offences,Under investigation,
38d4c7f8bbcadf174499b9bcc2c4f0c0d945aba3cb010a6301bc49c2c488fafd,2025-12,North Yorkshire Police,North Yorkshire Police,-1.694305,54.381213,On or near Manor Grove,E01027749,Richmondshire 004A,Violence and sexual offences,Unable to prosecute suspect,
8ae76c2c040f70d84818fec4aeab1a0a1d8c65e6ade4c0a617991c8c29c447ce,2025-12,North Yorkshire Police,North Yorkshire Police,-1.716646,54.372055,On or near Quentin Road,E01027771,Richmondshire 004E,Drugs,Under investigation,
3ea09e2b1ec4f4b852c341d1f3758b63a9988a54c0b9827930a84dffa7aeb253,2025-12,North Yorkshire Police,North Yorkshire Police,-1.713323,54.363033,On or near San Carlos Close,E01027771,Richmondshire 004E,Public order,Unable to prosecute suspect,
7c18e0d1adaf2ef1c0e1bf9ba9cf6effcf906dcb904ee8870510b5020115629e,2025-12,North Yorkshire Police,North Yorkshire Police,-1.716808,54.375471,On or near Vickers Road,E01027771,Richmondshire 004E,Violence and sexual offences,Unable to prosecute suspect,
700b8c1737bbf35d501ff5c008ba034638762cb34c89f7c4067a7b4fed807491,2025-12,North Yorkshire Police,North Yorkshire Police,-1.716808,54.375471,On or near Vickers Road,E01027771,Richmondshire 004E,Violence and sexual offences,Unable to prosecute suspect,
486b352e5b344f71ffb8759d366dfc88890ea48dda60399eb204ca1a45c84739,2025-12,North Yorkshire Police,North Yorkshire Police,-1.707713,54.359794,On or near Low Hall Lane,E01027772,Richmondshire 004F,Violence and sexual offences,Unable to prosecute suspect,
028884008a29c84fa27fc928091418abd22cc1e01030465def2c69b0a4561287,2025-12,North Yorkshire Police,North Yorkshire Police,-1.704552,54.356497,On or near Bedale Road,E01027772,Richmondshire 004F,Violence and sexual offences,Unable to prosecute suspect,
,2025-12,North Yorkshire Police,North Yorkshire Police,-1.733407,54.377117,On or near Salerno Close,E01033184,Richmondshire 004H,Anti-social behaviour,,
,2025-12,North Yorkshire Police,North Yorkshire Police,-1.734187,54.375528,On or near Essex Close,E01033184,Richmondshire 004H,Anti-social behaviour,,
b998ace7d9c747f82b777ad3d8f501e133977f71e33b251fe3c8f1b2ddaaa1f1,2025-12,North Yorkshire Police,North Yorkshire Police,-1.736516,54.377268,On or near Roman Crescent,E01033184,Richmondshire 004H,Violence and sexual offences,Under investigation,
5763fb4d9adf0d5d8aae6bd9447c33d7fe43c6f839e088b038d9d414d4012a3c,2025-12,North Yorkshire Police,North Yorkshire Police,-1.739668,54.375477,On or near Warwick Close,E01033184,Richmondshire 004H,Violence and sexual offences,Under investigation,
eac9c6247180d49f3308f3836564b7de0efcb1443f7089d02d98093744431787,2025-12,North Yorkshire Police,North Yorkshire Police,-1.736503,54.374523,On or near ,E01033184,Richmondshire 004H,Violence and sexual offences,Under investigation,
6104a0ce353c1234332ae9eba7ecd27cebdd5f8e159fafb83f9b1ca74a0ee298,2025-12,North Yorkshire Police,North Yorkshire Police,-1.736516,54.377268,On or near Roman Crescent,E01033184,Richmondshire 004H,Violence and sexual offences,Under investigation,
,2025-12,North Yorkshire Police,North Yorkshire Police,-1.730948,54.376495,On or near ,E01034965,Richmondshire 004I,Anti-social behaviour,,
,2025-12,North Yorkshire Police,North Yorkshire Police,-1.729246,54.377863,On or near La Bassee Road,E01034965,Richmondshire 004I,Anti-social behaviour,,
,2025-12,North Yorkshire Police,North Yorkshire Police,-1.729246,54.377863,On or near La Bassee Road,E01034965,Richmondshire 004I,Anti-social behaviour,,
,2025-12,North Yorkshire Police,North Yorkshire Police,-1.729246,54.377863,On or near La Bassee Road,E01034965,Richmondshire 004I,Anti-social behaviour,,
,2025-12,North Yorkshire Police,North Yorkshire Police,-1.723217,54.375712,On or near ,E01034965,Richmondshire 004I,Anti-social behaviour,,
1f4087dae193bf7fec3f4b4a914836fd36fe4ac9abeb9d9194994959067b80e3,2025-12,North Yorkshire Police,North Yorkshire Police,-1.713807,54.379715,On or near Hallgarth,E01034965,Richmondshire 004I,Burglary,Under investigation,
300c4be4ced52a08766e57b6b30bb7007d7ff622990719240e95b149da1b62e4,2025-12,North Yorkshire Police,North Yorkshire Police,-1.724000,54.374667,On or near ,E01034965,Richmondshire 004I,Drugs,Local resolution,
edd1a29343014a463dcb974e35570b421df818086e54cf037dd0d4a20dac070d,2025-12,North Yorkshire Police,North Yorkshire Police,-1.726825,54.378451,On or near Marne Road,E01034965,Richmondshire 004I,Public order,Under investigation,
e6751e1be8171755ad9467065cd29cc6507b9311f376836115b462ed977e6181,2025-12,North Yorkshire Police,North Yorkshire Police,-1.723757,54.376790,On or near Shopping Area,E01034965,Richmondshire 004I,Shoplifting,Investigation complete; no suspect identified,
92da6de65c42d60c384d2e99f0ecc365ef9b613579ea9a88d1eaeaf758c85eb7,2025-12,North Yorkshire Police,North Yorkshire Police,-1.735183,54.381138,On or near Macdonell Close,E01034965,Richmondshire 004I,Violence and sexual offences,Local resolution,
97c4f04d6d99c9cdb77f2ff0f1e6e8520d1e73fddb119920a9787ace5dae293f,2025-12,North Yorkshire Police,North Yorkshire Police,-1.723217,54.375712,On or near ,E01034965,Richmondshire 004I,Violence and sexual offences,Further investigation is not in the public interest,
0cb5a90c76ca330d86832750a2af0a9a6f200b8f1aa66696b0fb97e71ba605e2,2025-12,North Yorkshire Police,North Yorkshire Police,-1.724000,54.374667,On or near ,E01034965,Richmondshire 004I,Violence and sexual offences,Under investigation,
a7a743cb2aee6edae425418c8b4e047caeaca331cb366daa9f0f7886cd9c0e08,2025-12,North Yorkshire Police,North Yorkshire Police,-1.726825,54.378451,On or near Marne Road,E01034965,Richmondshire 004I,Violence and sexual offences,Unable to prosecute suspect,
f191323c7acf2504cdc2e7474de4b27cb5297f1f55e4ff3eb6720c254f9fe2a0,2025-12,North Yorkshire Police,North Yorkshire Police,-1.710499,54.379446,On or near Wandesford Grove,E01034965,Richmondshire 004I,Violence and sexual offences,Under investigation,
58d6b6941aad6287788cf59019ef744f672eeb77753d3cce2655e2e9c847ade7,2025-12,North Yorkshire Police,North Yorkshire Police,-1.726891,54.377777,On or near Merlin Close,E01034965,Richmondshire 004I,Violence and sexual offences,Under investigation,
0cb5a90c76ca330d86832750a2af0a9a6f200b8f1aa66696b0fb97e71ba605e2,2025-12,North Yorkshire Police,North Yorkshire Police,-1.724000,54.374667,On or near ,E01034965,Richmondshire 004I,Violence and sexual offences,Unable to prosecute suspect,
bbac5516ce74bfc13349d918329e4e479399be79a7954346db1811724027269e,2025-12,North Yorkshire Police,North Yorkshire Police,-1.729808,54.402525,On or near A6136,E01034965,Richmondshire 004I,Violence and sexual offences,Under investigation,
1d7a229ad875bb659e00c681c15ddeecfe5a9797e739d17212274573b4ae8369,2025-12,North Yorkshire Police,North Yorkshire Police,-1.723217,54.375712,On or near ,E01034965,Richmondshire 004I,Violence and sexual offences,Offender given a caution,
638486de800dbdd753fbf8aebaa7ce65004c68f7615dfb0c61a1577ab93bffe5,2025-12,North Yorkshire Police,North Yorkshire Police,-1.696024,54.375654,On or near Haydock Road,E01034966,Richmondshire 004J,Other theft,Unable to prosecute suspect,
c67e1eef0b0523c825fbd62787d111e1554144449c296828642eff4032fce9b4,2025-12,North Yorkshire Police,North Yorkshire Police,-1.693568,54.383008,On or near Brough Avenue,E01034966,Richmondshire 004J,Violence and sexual offences,Under investigation,
04c3e308b926a9208cd3ebc0efc9c0339b3a634c77a8022a99ac6fe86718cce3,2025-12,North Yorkshire Police,North Yorkshire Police,-1.694046,54.382902,On or near Colburn Lane,E01034966,Richmondshire 004J,Violence and sexual offences,Further investigation is not in the public interest,
02c55140b434eab86e5ae7f14cb4d0fceb59d39df9ab7ec6dc73986428bd1070,2025-12,North Yorkshire Police,North Yorkshire Police,-1.705502,54.378535,On or near Chestnut Crescent,E01034966,Richmondshire 004J,Violence and sexual offences,Awaiting court outcome,
,2025-12,North Yorkshire Police,North Yorkshire Police,-1.694459,54.374985,On or near Doncaster Close,E01034967,Richmondshire 004K,Anti-social behaviour,,
,2025-12,North Yorkshire Police,North Yorkshire Police,-1.691636,54.375832,On or near Chartermark Way,E01034967,Richmondshire 004K,Anti-social behaviour,,
b9474bf140cb4a4e88af03ea9cd941225654e0cab3e71d5396d34c546bb620bb,2025-12,North Yorkshire Police,North Yorkshire Police,-1.685718,54.376706,On or near Tulip Avenue,E01034967,Richmondshire 004K,Violence and sexual offences,Unable to prosecute suspect,
0f3f8d67693ad95ef2b671c1831c99001ea19999d67f972fdb8b9821539c3ea4,2025-12,North Yorkshire Police,North Yorkshire Police,-1.688127,54.377701,On or near Maple Avenue,E01034967,Richmondshire 004K,Violence and sexual offences,Under investigation,
97567ef40635789c64e7600ee737dabe0a55b2eca992071a8470a93e2b4b07bd,2025-12,North Yorkshire Police,North Yorkshire Police,-1.686434,54.377607,On or near Woodland Avenue,E01034967,Richmondshire 004K,Other crime,Further investigation is not in the public interest,
4a03cc34b9e54b9d574d5bc7e3ca986c4d726761f35338fb3cb27c752997e136,2025-12,North Yorkshire Police,North Yorkshire Police,-2.149483,54.272285,On or near Marsett Lane,E01027742,Richmondshire 005A,Burglary,Under investigation,
09af7443b7d9e535f54ca3c9e473bb1cd2dee238ace33c512b7da3a96bc6bb05,2025-12,North Yorkshire Police,North Yorkshire Police,-2.149483,54.272285,On or near Marsett Lane,E01027742,Richmondshire 005A,Burglary,Under investigation,
a7083df7429b9731e12e3146a3946b11d6133cab157e10f87f515004a4da402b,2025-12,North Yorkshire Police,North Yorkshire Police,-2.149483,54.272285,On or near Marsett Lane,E01027742,Richmondshire 005A,Burglary,Under investigation,
b45c9a83dd0d3e4dae76050f0b11e5c573adae628fa2127dc90c79f9150d7ca3,2025-12,North Yorkshire Police,North Yorkshire Police,-2.070883,54.305676,On or near ,E01027742,Richmondshire 005A,Violence and sexual offences,Under investigation,
81c2e51c5283d1395224ba65c3627e2fd248605fb791780efe91dd778194fa28,2025-12,North Yorkshire Police,North Yorkshire Police,-1.995704,54.291490,On or near ,E01027742,Richmondshire 005A,Violence and sexual offences,Under investigation,
,2025-12,North Yorkshire Police,North Yorkshire Police,-2.196727,54.303520,On or near The Hill,E01027753,Richmondshire 005B,Anti-social behaviour,,
68c6ecc8a99e2881b4acc1dfc95d79d01529bce269e17c491b0f0a248b8d920b,2025-12,North Yorkshire Police,North Yorkshire Police,-2.196727,54.303520,On or near The Hill,E01027753,Richmondshire 005B,Other theft,Investigation complete; no suspect identified,
50cac37286bd6e3356f840fe58d874fbe89e7a7f2d3ada8b700db6911e33feae,2025-12,North Yorkshire Police,North Yorkshire Police,-2.199970,54.304282,On or near Shopping Area,E01027753,Richmondshire 005B,Vehicle crime,Investigation complete; no suspect identified,
2fba5ebe96f6d45609d119f95f6b4dd5c4db0775cd635056f790bdf3d55e98bd,2025-12,North Yorkshire Police,North Yorkshire Police,-2.001593,54.268118,On or near Back Lane,E01027763,Richmondshire 005C,Burglary,Investigation complete; no suspect identified,
5f3742e7708bccdcd95044ac6440a364ae628a003b1199732b28b1605e21d936,2025-12,North Yorkshire Police,North Yorkshire Police,-1.907959,54.291351,On or near Main Street,E01027763,Richmondshire 005C,Violence and sexual offences,Under investigation,
06e17e1040a9718eca6c0cdb0717ff77e58cb50cce0f8af888b11cd5c15fff63,2025-12,North Yorkshire Police,North Yorkshire Police,-2.150136,54.459908,On or near Long Causeway,E01027773,Richmondshire 005E,Criminal damage and arson,Unable to prosecute suspect,
4c7fbae25c957b73dbb3d7d454af3d62ed453490383a77b972ae809e81b92e9d,2025-12,North Yorkshire Police,North Yorkshire Police,-2.167928,54.378606,On or near Cloggerby Rigg,E01027773,Richmondshire 005E,Other theft,Investigation complete; no suspect identified,
ffdfbac84be7dd6b30c6d57e1de82e5f7c5e594edb20c8f8b59ef52d801e5d4b,2025-12,North Yorkshire Police,North Yorkshire Police,-1.783502,54.397528,On or near Dales View,E01027773,Richmondshire 005E,Vehicle crime,Investigation complete; no suspect identified,
,2025-12,North Yorkshire Police,North Yorkshire Police,-1.881252,54.315153,On or near Keldheads Lane,E01027744,Richmondshire 006A,Anti-social behaviour,,
1b8400c292a6e51871c0b8bae73a540d72904cec09c7d455796987bec4c14ada,2025-12,North Yorkshire Police,North Yorkshire Police,-1.881252,54.315153,On or near Keldheads Lane,E01027744,Richmondshire 006A,Criminal damage and arson,Investigation complete; no suspect identified,
,2025-12,North Yorkshire Police,North Yorkshire Police,-1.680295,54.383190,On or near Frobisher Drive,E01027756,Richmondshire 006B,Anti-social behaviour,,
,2025-12,North Yorkshire Police,North Yorkshire Police,-1.679989,54.380843,On or near St Giles Park,E01027756,Richmondshire 006B,Anti-social behaviour,,
,2025-12,North Yorkshire Police,North Yorkshire Police,-1.710492,54.327860,On or near South View,E01027756,Richmondshire 006B,Anti-social behaviour,,
3c04ddfd224e399f66b69dc35c7bad806c189a57c33e34e3706934c7e24da2f7,2025-12,North Yorkshire Police,North Yorkshire Police,-1.680550,54.378170,On or near ,E01027756,Richmondshire 006B,Burglary,Unable to prosecute suspect,
6bfa52fa3619998c98d51c180ac0e8247001f82be29c30e1e162ed5f42e097b2,2025-12,North Yorkshire Police,North Yorkshire Police,-1.691922,54.345797,On or near Craggs Lane,E01027756,Richmondshire 006B,Other theft,Investigation complete; no suspect identified,
4d19f6a56e65848f14f2ab0ef4963bf3c65f1a43de61d1fb551a0f6b27fff5f9,2025-12,North Yorkshire Police,North Yorkshire Police,-1.678240,54.380146,On or near Petrol Station,E01027756,Richmondshire 006B,Other theft,Unable to prosecute suspect,
86afa8e52c25a0d942a8d7dfe1ff7d64ad1d60c2a8fbe8c6d60c664a2e5142dc,2025-12,North Yorkshire Police,North Yorkshire Police,-1.665194,54.360007,On or near Back Lane,E01027756,Richmondshire 006B,Vehicle crime,Unable to prosecute suspect,
4f1d4f8b4149a199a76db9d08de8edd225458c56df376cfc404e77a73fd8d8f8,2025-12,North Yorkshire Police,North Yorkshire Police,-1.678240,54.380146,On or near Petrol Station,E01027756,Richmondshire 006B,Violence and sexual offences,Under investigation,
4f1d4f8b4149a199a76db9d08de8edd225458c56df376cfc404e77a73fd8d8f8,2025-12,North Yorkshire Police,North Yorkshire Police,-1.678240,54.380146,On or near Petrol Station,E01027756,Richmondshire 006B,Violence and sexual offences,Under investigation,
e1d445cc37a92b674aca4332590670abe13d7390c630527b868b8807bf5d29bb,2025-12,North Yorkshire Police,North Yorkshire Police,-1.680295,54.383190,On or near Frobisher Drive,E01027756,Richmondshire 006B,Violence and sexual offences,Unable to prosecute suspect,
7e2fe8bb4d10557f38c9214dad4b977a6df6f7722765ca899eb312639f8791dc,2025-12,North Yorkshire Police,North Yorkshire Police,-1.677999,54.383417,On or near Churchill Drive,E01027756,Richmondshire 006B,Violence and sexual offences,Under investigation,
e1d445cc37a92b674aca4332590670abe13d7390c630527b868b8807bf5d29bb,2025-12,North Yorkshire Police,North Yorkshire Police,-1.680295,54.383190,On or near Frobisher Drive,E01027756,Richmondshire 006B,Violence and sexual offences,Under investigation,
25683db1c56ab4feb7135f1220fbc3d351916e1bb6e67532eaaa34d6218b0ae6,2025-12,North Yorkshire Police,North Yorkshire Police,-1.718161,54.305850,On or near Finghall Lane,E01027758,Richmondshire 006D,Vehicle crime,Investigation complete; no suspect identified,
2f9c6bcfbecb083391adc73edf3edcefbd6634f1dcbc814b17397dfc8d37491a,2025-12,North Yorkshire Police,North Yorkshire Police,-1.744100,54.302160,On or near ,E01027758,Richmondshire 006D,Violence and sexual offences,Under investigation,
,2025-12,North Yorkshire Police,North Yorkshire Police,-1.879510,54.263978,On or near Middlefield Lane,E01027760,Richmondshire 006E,Anti-social behaviour,,
b5eeee13a28c02d3d594a9c69fc620b73f4661d9002c3c4431908603fdb0880c,2025-12,North Yorkshire Police,North Yorkshire Police,-1.879510,54.263978,On or near Middlefield Lane,E01027760,Richmondshire 006E,Other theft,Investigation complete; no suspect identified,
0390834d6b03aafdfddbc972f7a7a200378360e5b51f4a02c433b7659bfc3596,2025-12,North Yorkshire Police,North Yorkshire Police,-1.807534,54.284456,On or near Castle Hill,E01027760,Richmondshire 006E,Violence and sexual offences,Local resolution,
,2025-12,North Yorkshire Police,North Yorkshire Police,-1.825196,54.310854,On or near ,E01033185,Richmondshire 006F,Anti-social behaviour,,
0948465290e8de9788e7b011ec998639d495150a0f349be6c94c42fb26c6d0b7,2025-12,North Yorkshire Police,North Yorkshire Police,-1.820380,54.315311,On or near Dale Grove,E01033185,Richmondshire 006F,Burglary,Unable to prosecute suspect,
253a69ae37acbacd80d0531835ed9600905f23437fb24d23ec165da313b6583b,2025-12,North Yorkshire Police,North Yorkshire Police,-1.845524,54.307208,On or near Sports/Recreation Area,E01033185,Richmondshire 006F,Violence and sexual offences,Under investigation,
3c75bea48b92a73d83fe70d31ca3cd6fe914aed9d8cc88ac65e321177582544b,2025-12,North Yorkshire Police,North Yorkshire Police,-1.830497,54.310922,On or near Grove Square,E01033185,Richmondshire 006F,Violence and sexual offences,Unable to prosecute suspect,
,2025-12,North Yorkshire Police,North Yorkshire Police,-1.825567,54.309927,On or near Quarry Hills Lane,E01033186,Richmondshire 006G,Anti-social behaviour,,
,2025-12,North Yorkshire Police,North Yorkshire Police,-1.805856,54.302603,On or near ,E01033186,Richmondshire 006G,Anti-social behaviour,,
73488f3835fe808f8d590582ee83b4256909d54285f6e144d8b62fdd36a5a45f,2025-12,North Yorkshire Police,North Yorkshire Police,-1.823578,54.314984,On or near Bellerby Road,E01033186,Richmondshire 006G,Criminal damage and arson,Awaiting court outcome,
,2025-12,North Yorkshire Police,North Yorkshire Police,-0.801319,54.258846,On or near Church Lane,E01027776,Ryedale 001A,Anti-social behaviour,,
45505670b0b108b0b3f0e3528f8f5af3a2ee00b7299150f11c3f53f49dc7afbe,2025-12,North Yorkshire Police,North Yorkshire Police,-0.752190,54.301678,On or near Yatts Road,E01027776,Ryedale 001A,Criminal damage and arson,Unable to prosecute suspect,
7330689856b36a2dca9e3e1d4f64409ecd8b196c3cc8fb72865d079b9548b32f,2025-12,North Yorkshire Police,North Yorkshire Police,-0.801319,54.258846,On or near Church Lane,E01027776,Ryedale 001A,Criminal damage and arson,Investigation complete; no suspect identified,
7dd4d1fa3de09b56be3b30f77a7c9e4e5e107362fafd0fba875d6362294bba19,2025-12,North Yorkshire Police,North Yorkshire Police,-0.753680,54.304255,On or near Rawcliff Road,E01027776,Ryedale 001A,Violence and sexual offences,Under investigation,
2e5e2c27f88cd851d52ae528473f87804788e43839cc9fbdaee2b16d0b725016,2025-12,North Yorkshire Police,North Yorkshire Police,-0.963835,54.346795,On or near Waste Lane,E01027777,Ryedale 001B,Burglary,Investigation complete; no suspect identified,
d4007e0d2f73e358d00bfd655b1896766e14d74b845b4feeec10782453dba0ba,2025-12,North Yorkshire Police,North Yorkshire Police,-0.873843,54.282967,On or near South Ings Lane,E01027777,Ryedale 001B,Criminal damage and arson,Local resolution,
10e0504d087a502f26c70addf0daacf55cd48cc7c227eef7daa948dbb646804c,2025-12,North Yorkshire Police,North Yorkshire Police,-1.048588,54.357244,On or near ,E01027777,Ryedale 001B,Criminal damage and arson,Investigation complete; no suspect identified,
ccbfbf273c8a991aef0c63e1734cf03b1c893a7588b5276f87061a2a2cc009c5,2025-12,North Yorkshire Police,North Yorkshire Police,-0.915527,54.299914,On or near Sports/Recreation Area,E01027777,Ryedale 001B,Violence and sexual offences,Unable to prosecute suspect,
,2025-12,North Yorkshire Police,North Yorkshire Police,-0.914916,54.277726,On or near Young Bank Lane,E01027783,Ryedale 001C,Anti-social behaviour,,
,2025-12,North Yorkshire Police,North Yorkshire Police,-0.914916,54.277726,On or near Young Bank Lane,E01027783,Ryedale 001C,Anti-social behaviour,,
33f85a4c9116468c6fb3c1fb4810d9362a7ebaf2482beab2309cd1b503d3a604,2025-12,North Yorkshire Police,North Yorkshire Police,-0.932027,54.273511,On or near Park Lane,E01027783,Ryedale 001C,Burglary,Investigation complete; no suspect identified,
a565a0fc13d3c90a04d482e7e1f3536887affb9d32428e69bd58565d31d28fc9,2025-12,North Yorkshire Police,North Yorkshire Police,-0.929726,54.269257,On or near Howe End,E01027783,Ryedale 001C,Other theft,Unable to prosecute suspect,
1a799afff4a25924f1207ce8e7a70fbeec4a3dc31db91d23e0644a18cfd7d7ba,2025-12,North Yorkshire Police,North Yorkshire Police,-0.930861,54.269887,On or near Church Street,E01027783,Ryedale 001C,Public order,Under investigation,
98ba76ccd94544be594d317374d50de41f666aa7ab4e23b49f7abb5e2bfc2e47,2025-12,North Yorkshire Police,North Yorkshire Police,-0.940852,54.269074,On or near ,E01027783,Ryedale 001C,Violence and sexual offences,Unable to prosecute suspect,
2cbec20a624ca4e0a3b5ab574a89ad8f1a65e70196690a8574a6d84378cb493a,2025-12,North Yorkshire Police,North Yorkshire Police,-0.942948,54.269398,On or near ,E01027783,Ryedale 001C,Violence and sexual offences,Action to be taken by another organisation,
271ec357fde33223496f4e8b30833b3e02313b763b681ad8c62a1ed1c11226f3,2025-12,North Yorkshire Police,North Yorkshire Police,-0.933704,54.266830,On or near A170,E01027783,Ryedale 001C,Violence and sexual offences,Unable to prosecute suspect,
225246bbc69a4cc8fb5d4eaba7431cf99e88e66326f5ab485c3eb60178a48b6d,2025-12,North Yorkshire Police,North Yorkshire Police,-0.930347,54.264248,On or near Ings Lane,E01027783,Ryedale 001C,Violence and sexual offences,Unable to prosecute suspect,
e0e867f0368a7f578594081a87b9d75b9c2c14455eb1cdf75d8abed2d6cdd359,2025-12,North Yorkshire Police,North Yorkshire Police,-0.942484,54.270361,On or near ,E01027783,Ryedale 001C,Violence and sexual offences,Unable to prosecute suspect,
61e32614b7c3be13e0cc0a19e05a887c5d309e125afc64d143c7e1c5970a09a8,2025-12,North Yorkshire Police,North Yorkshire Police,-0.942948,54.269398,On or near ,E01027783,Ryedale 001C,Violence and sexual offences,Action to be taken by another organisation,
,2025-12,North Yorkshire Police,North Yorkshire Police,-0.931220,54.266658,On or near ,E01027784,Ryedale 001D,Anti-social behaviour,,
8a51f34b063f019e5c4791e869dcae7ddf5b81e9a8e849682a612ed9804e9446,2025-12,North Yorkshire Police,North Yorkshire Police,-0.925971,54.267795,On or near Old Road,E01027784,Ryedale 001D,Drugs,Awaiting court outcome,
eac48886587a7de2c9b61f582738c66f34ad13f3ad3d97888dec1b8f7b9588e2,2025-12,North Yorkshire Police,North Yorkshire Police,-0.936904,54.270166,On or near Shaw Drive,E01027784,Ryedale 001D,Public order,Unable to prosecute suspect,
0a811e7212774c2568a551f1e5028ec19557051f54896ad790567782913908d0,2025-12,North Yorkshire Police,North Yorkshire Police,-0.931220,54.266658,On or near ,E01027784,Ryedale 001D,Public order,Investigation complete; no suspect identified,
246df6be0c56f3dd4f345dcb2ea37f9b1f994520b0ea7d5ed5f79277048e292e,2025-12,North Yorkshire Police,North Yorkshire Police,-0.939081,54.275101,On or near Highfield Lane,E01027784,Ryedale 001D,Vehicle crime,Under investigation,
c1df98e58bd39aa7afe66a3e0b50738050370363d53a4615214a9cec2bf6616c,2025-12,North Yorkshire Police,North Yorkshire Police,-0.935941,54.267614,On or near West Lund,E01027784,Ryedale 001D,Violence and sexual offences,Unable to prosecute suspect,
7b70e51b1428c5edb91f1d5e9e57daf33d37ad519ac8cb523a026ff4c229bf35,2025-12,North Yorkshire Police,North Yorkshire Police,-0.929465,54.267475,On or near Petch Garth,E01027784,Ryedale 001D,Violence and sexual offences,Unable to prosecute suspect,
6380016cc4b5dc48a94512895cf1aea713332a1c18179292b2b01df78086b6d4,2025-12,North Yorkshire Police,North Yorkshire Police,-0.938235,54.273341,On or near Ryedale View,E01027784,Ryedale 001D,Violence and sexual offences,Under investigation,
6380016cc4b5dc48a94512895cf1aea713332a1c18179292b2b01df78086b6d4,2025-12,North Yorkshire Police,North Yorkshire Police,-0.938235,54.273341,On or near Ryedale View,E01027784,Ryedale 001D,Violence and sexual offences,Unable to prosecute suspect,
36f924cdab8c5e116c0ae5e7c838a7efaa8ea953df2b11cb9de50bc8b8ec9d9a,2025-12,North Yorkshire Police,North Yorkshire Police,-0.927025,54.268011,On or near Oxcroft,E01027784,Ryedale 001D,Violence and sexual offences,Unable to prosecute suspect,
9f5a90b52f7e5bf7e5ea69264af29d2ec0b2581dc77200a926541a74804b6d7b,2025-12,North Yorkshire Police,North Yorkshire Police,-0.929465,54.267475,On or near Petch Garth,E01027784,Ryedale 001D,Violence and sexual offences,Unable to prosecute suspect,
,2025-12,North Yorkshire Police,North Yorkshire Police,-0.775001,54.245036,On or near Hall Garth,E01027792,Ryedale 002A,Anti-social behaviour,,
,2025-12,North Yorkshire Police,North Yorkshire Police,-0.774989,54.242238,On or near Petrol Station,E01027792,Ryedale 002A,Anti-social behaviour,,
,2025-12,North Yorkshire Police,North Yorkshire Police,-0.778205,54.247226,On or near Park Street,E01027792,Ryedale 002A,Anti-social behaviour,,
,2025-12,North Yorkshire Police,North Yorkshire Police,-0.777663,54.245854,On or near Market Place,E01027792,Ryedale 002A,Anti-social behaviour,,
,2025-12,North Yorkshire Police,North Yorkshire Police,-0.777663,54.245854,On or near Market Place,E01027792,Ryedale 002A,Anti-social behaviour,,
,2025-12,North Yorkshire Police,North Yorkshire Police,-0.776479,54.246445,On or near Burgate,E01027792,Ryedale 002A,Anti-social behaviour,,
,2025-12,North Yorkshire Police,North Yorkshire Police,-0.776142,54.245381,On or near Birdgate,E01027792,Ryedale 002A,Anti-social behaviour,,
,2025-12,North Yorkshire Police,North Yorkshire Police,-0.773922,54.245196,On or near A169,E01027792,Ryedale 002A,Anti-social behaviour,,
5a0f38fa4dec1c8ae60a5df0cd3c8f6185590a2c851af540f89238469c770ef1,2025-12,North Yorkshire Police,North Yorkshire Police,-0.775001,54.245036,On or near Hall Garth,E01027792,Ryedale 002A,Criminal damage and arson,Unable to prosecute suspect,
e75b02cfe51fad1dd00101f5297792b1f950009ed5c6e5bd11c57420eaeddb88,2025-12,North Yorkshire Police,North Yorkshire Police,-0.773282,54.246610,On or near High Back Side,E01027792,Ryedale 002A,Criminal damage and arson,Investigation complete; no suspect identified,
e4960d22a4a251df36ae085642ae45aa49a8bdb029a474f361b40e7d59a9886b,2025-12,North Yorkshire Police,North Yorkshire Police,-0.775001,54.245036,On or near Hall Garth,E01027792,Ryedale 002A,Criminal damage and arson,Investigation complete; no suspect identified,
96a3a62c95dbbf0ae07733d62da19f65314cab99e7ac258b374c2a49187904df,2025-12,North Yorkshire Police,North Yorkshire Police,-0.775001,54.245036,On or near Hall Garth,E01027792,Ryedale 002A,Criminal damage and arson,Investigation complete; no suspect identified,
336da95d01c81df867ab8d44a8b562c9cc8e69d4721d2a592382d43371bc3980,2025-12,North Yorkshire Police,North Yorkshire Police,-0.774151,54.244219,On or near Parking Area,E01027792,Ryedale 002A,Criminal damage and arson,Investigation complete; no suspect identified,
f6af41110b46dac72942ae09a0e803a83320844403ee4054beb58f88cfc70841,2025-12,North Yorkshire Police,North Yorkshire Police,-0.776479,54.246445,On or near Burgate,E01027792,Ryedale 002A,Public order,Investigation complete; no suspect identified,
b13626864bfb74414193dfa3cec440df4b82849c27e7fce5920857ce399adbb2,2025-12,North Yorkshire Police,North Yorkshire Police,-0.777663,54.245854,On or near Market Place,E01027792,Ryedale 002A,Violence and sexual offences,Unable to prosecute suspect,
a28537fb7af87770508cbfd3a5cd918674d3d7b46483db5ca1d705bc18fa8f77,2025-12,North Yorkshire Police,North Yorkshire Police,-0.777663,54.245854,On or near Market Place,E01027792,Ryedale 002A,Violence and sexual offences,Unable to prosecute suspect,
5e3ddce7afa01fbdb5bf8d9a38d097c608d061f621ebef3555990f2a5b94a111,2025-12,North Yorkshire Police,North Yorkshire Police,-0.769131,54.247889,On or near Rye Close,E01027792,Ryedale 002A,Violence and sexual offences,Unable to prosecute suspect,
fe3ca7d678df20dc54a9d147025594eed4070cb571873d22b7920429553e18dc,2025-12,North Yorkshire Police,North Yorkshire Police,-0.776142,54.245381,On or near Birdgate,E01027792,Ryedale 002A,Violence and sexual offences,Unable to prosecute suspect,
50317d4c149caa74d9bc6837f8e4af0e86c807a7d6faa8e737ab2b973b0cfd0d,2025-12,North Yorkshire Police,North Yorkshire Police,-0.766461,54.241678,On or near Birch View,E01027793,Ryedale 002B,Violence and sexual offences,Under investigation,
5e24d1f4a88853400ba1b43d53cb389c44a13ee66fd5e05996965898bab3dcf9,2025-12,North Yorkshire Police,North Yorkshire Police,-0.767078,54.240039,On or near Maudon Avenue,E01027793,Ryedale 002B,Violence and sexual offences,Unable to prosecute suspect,
50317d4c149caa74d9bc6837f8e4af0e86c807a7d6faa8e737ab2b973b0cfd0d,2025-12,North Yorkshire Police,North Yorkshire Police,-0.766461,54.241678,On or near Birch View,E01027793,Ryedale 002B,Violence and sexual offences,Unable to prosecute suspect,
,2025-12,North Yorkshire Police,North Yorkshire Police,-0.785226,54.251171,On or near Swainsea Lane,E01027794,Ryedale 002C,Anti-social behaviour,,
,2025-12,North Yorkshire Police,North Yorkshire Police,-0.793541,54.250769,On or near Keld Head,E01027794,Ryedale 002C,Anti-social behaviour,,
,2025-12,North Yorkshire Police,North Yorkshire Police,-0.786041,54.244833,On or near Westerdale,E01027794,Ryedale 002C,Anti-social behaviour,,
,2025-12,North Yorkshire Police,North Yorkshire Police,-0.786041,54.244833,On or near Westerdale,E01027794,Ryedale 002C,Anti-social behaviour,,
e9b8d569acad95fbd73bec4baf65f991c36f5a643e1852b6eb4af2b91ef92dfa,2025-12,North Yorkshire Police,North Yorkshire Police,-0.760388,54.274817,On or near Yatts Road,E01027794,Ryedale 002C,Other theft,Investigation complete; no suspect identified,
f6ae92c0102243750f4be1fd76644b27ecaedabead31a790f9cce27b4b8c96c6,2025-12,North Yorkshire Police,North Yorkshire Police,-0.785711,54.247212,On or near Westbourne Grove,E01027794,Ryedale 002C,Other theft,Under investigation,
92624122c8c48d94abeee2c396acd6f90f7c8b9521e90f699c8c598313b74c91,2025-12,North Yorkshire Police,North Yorkshire Police,-0.787466,54.248074,On or near Old Farm Close,E01027794,Ryedale 002C,Violence and sexual offences,Unable to prosecute suspect,
b07299240eb512798de5888f40f4ab06e49689ce164358d2c7fec1bfb1832a6d,2025-12,North Yorkshire Police,North Yorkshire Police,-0.781648,54.242893,On or near Troutbeck Close,E01027794,Ryedale 002C,Violence and sexual offences,Unable to prosecute suspect,
26ce24d66772bbd3943fd0eaf555a4e2cfa931ef7e0a98fb4db0757bda153cc3,2025-12,North Yorkshire Police,North Yorkshire Police,-0.788315,54.227465,On or near Parking Area,E01027794,Ryedale 002C,Violence and sexual offences,Under investigation,
,2025-12,North Yorkshire Police,North Yorkshire Police,-0.791596,54.247469,On or near Manor Drive,E01027795,Ryedale 002D,Anti-social behaviour,,
,2025-12,North Yorkshire Police,North Yorkshire Police,-0.783104,54.245038,On or near Robinson Court,E01027795,Ryedale 002D,Anti-social behaviour,,
,2025-12,North Yorkshire Police,North Yorkshire Police,-0.780260,54.245737,On or near Train Lane,E01027795,Ryedale 002D,Anti-social behaviour,,
2a6b457ce17cbff5b9bfffd98d55845ec05985915210ada9d5a3a685653ac9e5,2025-12,North Yorkshire Police,North Yorkshire Police,-0.783104,54.245038,On or near Robinson Court,E01027795,Ryedale 002D,Burglary,Investigation complete; no suspect identified,
774cc463a043caaa79a304ade9f23fbffb26334d9698c558503ee4ea1486da05,2025-12,North Yorkshire Police,North Yorkshire Police,-0.781093,54.245062,On or near Southgate,E01027795,Ryedale 002D,Public order,Unable to prosecute suspect,
27034158053d724d0ea363e2e0c76df0ccfe380cee584bd110ef5d3e2f1468a0,2025-12,North Yorkshire Police,North Yorkshire Police,-0.783973,54.244283,On or near ,E01027795,Ryedale 002D,Violence and sexual offences,Unable to prosecute suspect,
6665c226b8bc9de0fae552d6356dec88c55fe33e01b85b490f3ddc71f47d7ee3,2025-12,North Yorkshire Police,North Yorkshire Police,-0.790681,54.245698,On or near Carr Field Close,E01027795,Ryedale 002D,Violence and sexual offences,Unable to prosecute suspect,
fafa3e0203de0e7f0a8848cf1a238012af2ae403fec718a7dd0045602576dc62,2025-12,North Yorkshire Police,North Yorkshire Police,-0.781093,54.245062,On or near Southgate,E01027795,Ryedale 002D,Violence and sexual offences,Unable to prosecute suspect,
2eeefcd1933d0a6a51991cfe4f2f0a40bec08f7d2ab7d7cad65c567f2bb90271,2025-12,North Yorkshire Police,North Yorkshire Police,-0.783973,54.244283,On or near ,E01027795,Ryedale 002D,Violence and sexual offences,Unable to prosecute suspect,
2e57ab920abb05476fa3034804c340115c2e5214a7e54e4f1875ac62aba1bd6c,2025-12,North Yorkshire Police,North Yorkshire Police,-0.790681,54.245698,On or near Carr Field Close,E01027795,Ryedale 002D,Violence and sexual offences,Unable to prosecute suspect,
af821106964a86c48f0910b32772b56124f2c12eaa03542e4da0b7d3f011c38b,2025-12,North Yorkshire Police,North Yorkshire Police,-0.783973,54.244283,On or near ,E01027795,Ryedale 002D,Violence and sexual offences,Unable to prosecute suspect,
10226cdae169750daac8dea6a7eb5fdec48f1eeb55dafaffe340239328a0b1ce,2025-12,North Yorkshire Police,North Yorkshire Police,-0.790681,54.245698,On or near Carr Field Close,E01027795,Ryedale 002D,Violence and sexual offences,Unable to prosecute suspect,
0167013b1092cdfd157f6120ff0ff5a13ae46b6ffb2b77e9ec0a7063d15026d9,2025-12,North Yorkshire Police,North Yorkshire Police,-0.783973,54.244283,On or near ,E01027795,Ryedale 002D,Violence and sexual offences,Unable to prosecute suspect,
face84caaa693861f7cacd21fa90cef303c24ded62031f78aba448e3d80c1d7b,2025-12,North Yorkshire Police,North Yorkshire Police,-0.791596,54.247469,On or near Manor Drive,E01027795,Ryedale 002D,Violence and sexual offences,Awaiting court outcome,
0167013b1092cdfd157f6120ff0ff5a13ae46b6ffb2b77e9ec0a7063d15026d9,2025-12,North Yorkshire Police,North Yorkshire Police,-0.783973,54.244283,On or near ,E01027795,Ryedale 002D,Violence and sexual offences,Under investigation,
,2025-12,North Yorkshire Police,North Yorkshire Police,-0.723383,54.233841,On or near Roxby Terrace,E01027801,Ryedale 002E,Anti-social behaviour,,
b218a4d077943b53b77895f9bfbfeb9a05c808f3e55273307aadf82db7063588,2025-12,North Yorkshire Police,North Yorkshire Police,-0.735266,54.210993,On or near Green Lane,E01027801,Ryedale 002E,Criminal damage and arson,Investigation complete; no suspect identified,
ddd7364ef25584f6d5217266ebdb130b5b5e3ba7c41527a798487eed7245ed2e,2025-12,North Yorkshire Police,North Yorkshire Police,-0.708454,54.238778,On or near Outgang Lane,E01027801,Ryedale 002E,Criminal damage and arson,Investigation complete; no suspect identified,
bfbbf66de0a2e03807ff4a1bde7b45766446bd548e3c6c082e829934d00efb94,2025-12,North Yorkshire Police,North Yorkshire Police,-0.727415,54.233947,On or near Castle Road,E01027801,Ryedale 002E,Public order,Unable to prosecute suspect,
a1aa50d7c316d5d8858c3d9927b4fc388a4f670eca851c6424314beb39694b1b,2025-12,North Yorkshire Police,North Yorkshire Police,-0.738221,54.188491,On or near Marishes Low Road,E01027801,Ryedale 002E,Vehicle crime,Investigation complete; no suspect identified,
412233931d8a4a55e9f128a0ee4b22788e59cffd222b9a431351f57cb8986f80,2025-12,North Yorkshire Police,North Yorkshire Police,-0.746885,54.183773,On or near Church Lane,E01027801,Ryedale 002E,Violence and sexual offences,Unable to prosecute suspect,
879f5b832bc84d9c16e933383a5339d4a149cfb0035f2458340119a8edd08bba,2025-12,North Yorkshire Police,North Yorkshire Police,-0.724680,54.231590,On or near The Mount,E01027801,Ryedale 002E,Violence and sexual offences,Unable to prosecute suspect,
db494960c5ea2df0e3d1f5b73cd3c106097b8a156036e046d6dddfa7cc6dc08b,2025-12,North Yorkshire Police,North Yorkshire Police,-0.729470,54.230975,On or near Aunums Field,E01027801,Ryedale 002E,Violence and sexual offences,Under investigation,
c3c23cb193676740f4271d529f95fbd5e6f8cd71537a57f96c508d78f02be37e,2025-12,North Yorkshire Police,North Yorkshire Police,-0.706463,54.297529,On or near Back Lane,E01027802,Ryedale 002F,Criminal damage and arson,Investigation complete; no suspect identified,
a687d5ef20f07c1196cf8ac2d2c38bb4e5bb6a15f43acd8cc91af15bd72f2a7c,2025-12,North Yorkshire Police,North Yorkshire Police,-0.720266,54.236415,On or near Chestnut Avenue,E01027802,Ryedale 002F,Other theft,Investigation complete; no suspect identified,
5f5641267f3e3098563d26b4cf9e5aa50c52cb5b1a9973dcdb8f33a48f5b728c,2025-12,North Yorkshire Police,North Yorkshire Police,-0.625079,54.235348,On or near Cross Gate,E01027802,Ryedale 002F,Vehicle crime,Under investigation,
fd26d8a2186f2fa6f22d1c0509848a784134889b55869c4430b3f014c057efd9,2025-12,North Yorkshire Police,North Yorkshire Police,-0.690312,54.331513,On or near ,E01027802,Ryedale 002F,Violence and sexual offences,Under investigation,
ca52a6314b4713b2df47e16fd1e427d52e160427e24e347d39ca083214cd2bd6,2025-12,North Yorkshire Police,North Yorkshire Police,-1.006091,54.153483,On or near Scackleton Lane,E01027775,Ryedale 003A,Other theft,Investigation complete; no suspect identified,
a6db588001cf8bb1a612084e5a7cbae524347dccda93afc8f964db4ef0caf7f1,2025-12,North Yorkshire Police,North Yorkshire Police,-1.108843,54.200907,On or near Chapel Court,E01027775,Ryedale 003A,Violence and sexual offences,Unable to prosecute suspect,
06e5dc84e8f411b41f50db1b66aeef9b826712614eb2d9eb2bf50559013ce797,2025-12,North Yorkshire Police,North Yorkshire Police,-1.108843,54.200907,On or near Chapel Court,E01027775,Ryedale 003A,Violence and sexual offences,Unable to prosecute suspect,
,2025-12,North Yorkshire Police,North Yorkshire Police,-0.994606,54.251418,On or near Gale Lane,E01027780,Ryedale 003B,Anti-social behaviour,,
8f6ebbad60d87b722d07bf85728d1125a61d3b3eb539073d0ba309e7de6a5537,2025-12,North Yorkshire Police,North Yorkshire Police,-0.988042,54.254949,On or near Snape Hill,E01027780,Ryedale 003B,Criminal damage and arson,Unable to prosecute suspect,
5807dda75e263ae8e2193799a7b7769aa39664d841250cf9326d1aa54ac70885,2025-12,North Yorkshire Police,North Yorkshire Police,-0.988042,54.254949,On or near Snape Hill,E01027780,Ryedale 003B,Other theft,Unable to prosecute suspect,
dee968dd022fe35e4436f5a138c78ec63e7544446e23aa35e6a8948e92d7b568,2025-12,North Yorkshire Police,North Yorkshire Police,-1.074349,54.250402,On or near Skurkhill Lane,E01027780,Ryedale 003B,Possession of weapons,Unable to prosecute suspect,
4c25140dd0cfcf43444c08b586c29e5b88d144ed51133bc732228cfcdc8276c9,2025-12,North Yorkshire Police,North Yorkshire Police,-1.074349,54.250402,On or near Skurkhill Lane,E01027780,Ryedale 003B,Possession of weapons,Unable to prosecute suspect,
fc66f04afceac5df480fab4c4c0030a9aee59fae04790fd31108db6cfaed13c6,2025-12,North Yorkshire Police,North Yorkshire Police,-0.994606,54.251418,On or near Gale Lane,E01027780,Ryedale 003B,Public order,Unable to prosecute suspect,
a8da1bbfa19c4a73c642a5c156704af38875e5c57c2d7b009f4c2257e7a0b253,2025-12,North Yorkshire Police,North Yorkshire Police,-0.998168,54.254530,On or near Howldale Lane,E01027780,Ryedale 003B,Violence and sexual offences,Unable to prosecute suspect,
8a8a30898e877a7de129d0ffaa6be3fd60dc9339fa543064799d279bef563de5,2025-12,North Yorkshire Police,North Yorkshire Police,-1.000559,54.261021,On or near Highfield Lane,E01027780,Ryedale 003B,Violence and sexual offences,Under investigation,
0ad419b2ab583b0174609873e00e833e3bb123d7b2d5cbd501ca9225e4f32c51,2025-12,North Yorkshire Police,North Yorkshire Police,-1.022740,54.268932,On or near Northfield Lane,E01027780,Ryedale 003B,Violence and sexual offences,Under investigation,
,2025-12,North Yorkshire Police,North Yorkshire Police,-1.056669,54.247677,On or near Bondgate Mews,E01027781,Ryedale 003C,Anti-social behaviour,,
,2025-12,North Yorkshire Police,North Yorkshire Police,-1.057564,54.248781,On or near Elm Green,E01027781,Ryedale 003C,Anti-social behaviour,,
,2025-12,North Yorkshire Police,North Yorkshire Police,-1.057564,54.248781,On or near Elm Green,E01027781,Ryedale 003C,Anti-social behaviour,,
c7e7d74a5d65cc1b79310677ea0c38f07f20e65c41fe44ed4fd98355b427267a,2025-12,North Yorkshire Police,North Yorkshire Police,-1.060030,54.249024,On or near Elmslac Road,E01027781,Ryedale 003C,Other theft,Investigation complete; no suspect identified,
b786023919380ff76fd06b73a5601e15fa04a1eb70bdbb81ab4e5733d5be764f,2025-12,North Yorkshire Police,North Yorkshire Police,-1.060150,54.245071,On or near Bridge Street,E01027781,Ryedale 003C,Violence and sexual offences,Unable to prosecute suspect,
,2025-12,North Yorkshire Police,North Yorkshire Police,-1.043342,54.204107,On or near Oswaldkirk Bank,E01027800,Ryedale 003D,Anti-social behaviour,,
e32f758831e5f4fd751dc9dac6bf2ef335675388e292e25b2c612d150483fd71,2025-12,North Yorkshire Police,North Yorkshire Police,-1.043342,54.204107,On or near Oswaldkirk Bank,E01027800,Ryedale 003D,Criminal damage and arson,Unable to prosecute suspect,
dd877caa494b7fceb0a965f96b987b8a10426f682b1719348258fad9c0aa2e29,2025-12,North Yorkshire Police,North Yorkshire Police,-0.880575,54.188702,On or near Butterwick Lane,E01027800,Ryedale 003D,Other theft,Investigation complete; no suspect identified,
28707ccb3a8362d2e78604b61a908c213eb420bd55c7d4eec66cabe2d977bc28,2025-12,North Yorkshire Police,North Yorkshire Police,-0.849801,54.254714,On or near ,E01027800,Ryedale 003D,Public order,Unable to prosecute suspect,
93be2c1be2a76bd09dd834d6634acb61e2472848ca31dbf2070894d9c90fb093,2025-12,North Yorkshire Police,North Yorkshire Police,-0.933117,54.200351,On or near Salton Lane,E01027800,Ryedale 003D,Violence and sexual offences,Awaiting court outcome,
753d8e1070038dca4d17b6e642ffbd131787312bfad5e1d91187531ee5afcccb,2025-12,North Yorkshire Police,North Yorkshire Police,-0.933117,54.200351,On or near Salton Lane,E01027800,Ryedale 003D,Violence and sexual offences,Unable to prosecute suspect,
f8a2da7e156c5d90318e2eddcb093bb186150d85ba68c546c9148a1b9282eef4,2025-12,North Yorkshire Police,North Yorkshire Police,-0.690406,54.157430,On or near Woodlands Avenue,E01027796,Ryedale 004B,Violence and sexual offences,Under investigation,
d70885d7e75a91e37d0bad4c216d787d62cac5b4f72c9b2880d1dac66c3fd873,2025-12,North Yorkshire Police,North Yorkshire Police,-0.695876,54.158784,On or near Low Moorgate,E01027796,Ryedale 004B,Violence and sexual offences,Unable to prosecute suspect,
a2450dfefb1f1b2a7e52e52fc9c1338219623b40c41f3fda6e6110bc91f2f633,2025-12,North Yorkshire Police,North Yorkshire Police,-0.690406,54.157430,On or near Woodlands Avenue,E01027796,Ryedale 004B,Violence and sexual offences,Action to be taken by another organisation,
a2450dfefb1f1b2a7e52e52fc9c1338219623b40c41f3fda6e6110bc91f2f633,2025-12,North Yorkshire Police,North Yorkshire Police,-0.690406,54.157430,On or near Woodlands Avenue,E01027796,Ryedale 004B,Violence and sexual offences,Under investigation,
,2025-12,North Yorkshire Police,North Yorkshire Police,-0.532357,54.182195,On or near Vicarage Lane,E01027798,Ryedale 004C,Anti-social behaviour,,
2e2fd296c3c0fd32c32a0cfa69c7107ea76d02d878a73552363d05193bab2bb4,2025-12,North Yorkshire Police,North Yorkshire Police,-0.480068,54.176459,On or near Ganton Hill,E01027798,Ryedale 004C,Other theft,Unable to prosecute suspect,
6fe838dd78ac437077948f0c5d71e11a112ad60d67dea34e1f526352eadeefdd,2025-12,North Yorkshire Police,North Yorkshire Police,-0.579647,54.180398,On or near Carr Lane,E01027798,Ryedale 004C,Violence and sexual offences,Unable to prosecute suspect,
54cff1f152c882e39dc2918140ad95758af1e33f55242600d29bc49bf5e631cd,2025-12,North Yorkshire Police,North Yorkshire Police,-0.445395,54.198128,On or near Ings Close,E01027798,Ryedale 004C,Violence and sexual offences,Under investigation,
14877fe8ed5bbbcaad28ceed057e3f04632c6bdfa0b8da4a993f2868fe91bcc5,2025-12,North Yorkshire Police,North Yorkshire Police,-0.486548,54.183210,On or near Woodside Road,E01027798,Ryedale 004C,Violence and sexual offences,Unable to prosecute suspect,
20dd32fc397ece7dade47dfe73f225e60ce1e381158750cd156a5a0c16e41257,2025-12,North Yorkshire Police,North Yorkshire Police,-0.518785,54.148628,On or near Parking Area,E01027798,Ryedale 004C,Violence and sexual offences,Awaiting court outcome,
,2025-12,North Yorkshire Police,North Yorkshire Police,-0.518803,54.124513,On or near Main Road,E01027803,Ryedale 004D,Anti-social behaviour,,
49d8090098dcafdb77b182b9303c349fed64d2dc8540bdf03f350a8f21a25a04,2025-12,North Yorkshire Police,North Yorkshire Police,-0.579029,54.108988,On or near Sheepwalk Lane,E01027803,Ryedale 004D,Criminal damage and arson,Investigation complete; no suspect identified,
5212231a60f72a830ed173e9c86ef6c62104ce69f4ff0df187c925be91474289,2025-12,North Yorkshire Police,North Yorkshire Police,-0.523298,54.123786,On or near Ropery Lane,E01027803,Ryedale 004D,Violence and sexual offences,Unable to prosecute suspect,
779c37db3ec28eba3cf59e73c87540e8b7f5d4422628852a87066bf49d29c22e,2025-12,North Yorkshire Police,North Yorkshire Police,-0.613843,54.097556,On or near Low Road,E01027803,Ryedale 004D,Violence and sexual offences,Investigation complete; no suspect identified,
c55fcc0a1054bc9c50d62e298648381363ebb612da00545c7a14e331e784647b,2025-12,North Yorkshire Police,North Yorkshire Police,-0.523298,54.123786,On or near Ropery Lane,E01027803,Ryedale 004D,Violence and sexual offences,Unable to prosecute suspect,
,2025-12,North Yorkshire Police,North Yorkshire Police,-0.839246,54.151892,On or near Meadowfield Close,E01027774,Ryedale 007A,Anti-social behaviour,,
,2025-12,North Yorkshire Police,North Yorkshire Police,-0.807000,54.204561,On or near Shire Grove,E01027774,Ryedale 007A,Anti-social behaviour,,
5c96470ee858e0e76711699407ea471a45130a0dcb4c4141bd7a4aa1d3d9f67c,2025-12,North Yorkshire Police,North Yorkshire Police,-0.813975,54.183149,On or near Dicky Grounds Lane,E01027774,Ryedale 007A,Burglary,Under investigation,
ca2c575c03b3f4f35e0c8ab1ed622bc8b9a6306eb66c1b570ef216a86f56e3c6,2025-12,North Yorkshire Police,North Yorkshire Police,-0.808003,54.205885,On or near Theme/Adventure Park,E01027774,Ryedale 007A,Criminal damage and arson,Investigation complete; no suspect identified,
2164cb903d20860a22c20dea2e322b661cec2430703f41cfd505ac047b9978f3,2025-12,North Yorkshire Police,North Yorkshire Police,-0.823281,54.128467,On or near Parking Area,E01027774,Ryedale 007A,Drugs,Under investigation,
10a4935f866fd0f67953a6e6f0c6c6ff147cef34677a932cafe2d7e29a2de570,2025-12,North Yorkshire Police,North Yorkshire Police,-0.822348,54.169470,On or near Ryton Rigg Road,E01027774,Ryedale 007A,Other theft,Unable to prosecute suspect,
0657c1e039189878875d8017656cb31aa1be2d0f09252cd7314e6b1ce739ddef,2025-12,North Yorkshire Police,North Yorkshire Police,-0.912476,54.119466,On or near Sports/Recreation Area,E01027778,Ryedale 007B,Violence and sexual offences,Unable to prosecute suspect,
bdfa4ef92ec560bc8cc2b8f1275ee55a216756f1ccea1ac0c23799bc420ca8c6,2025-12,North Yorkshire Police,North Yorkshire Police,-0.912476,54.119466,On or near Sports/Recreation Area,E01027778,Ryedale 007B,Violence and sexual offences,Unable to prosecute suspect,
4d39a3a10f0302dc7ea4c649a162160e01f10dfc8404bfcae9d876a53e2a97ef,2025-12,North Yorkshire Police,North Yorkshire Police,-0.977256,54.173447,On or near Pasture Lane,E01027782,Ryedale 007C,Violence and sexual offences,Unable to prosecute suspect,
25b59759744e85de87c4369da6088582c43e2b96e9e0aaf04d0668b95e251b4c,2025-12,North Yorkshire Police,North Yorkshire Police,-0.944386,53.990041,On or near Cottage Gardens,E01027797,Ryedale 007D,Criminal damage and arson,Investigation complete; no suspect identified,
4e839b050c75f69823e7ef177c7b5a30ef0b58d711b5a25adc61e91125ba37c7,2025-12,North Yorkshire Police,North Yorkshire Police,-0.959267,54.048351,On or near Bull Moor Lane,E01027799,Ryedale 007E,Criminal damage and arson,Under investigation,
fb9af7caa3b49d5f4e0b36fca8532bfcc55c0d4250684d447d60d2dc56d96e7d,2025-12,North Yorkshire Police,North Yorkshire Police,-0.973040,54.062751,On or near Moor Lane,E01027799,Ryedale 007E,Other theft,Investigation complete; no suspect identified,
1ed78b42f4f4ed94ebe26626f724e2f2105f534be2497ada1ffce629abb5384a,2025-12,North Yorkshire Police,North Yorkshire Police,-0.973040,54.062751,On or near Moor Lane,E01027799,Ryedale 007E,Violence and sexual offences,Unable to prosecute suspect,
76d18cb14dc45c191d021a4c06cea1797ab07f7fc186d92a175e1ac1c10e888b,2025-12,North Yorkshire Police,North Yorkshire Police,-1.008749,54.087687,On or near Finkle Street,E01027799,Ryedale 007E,Violence and sexual offences,Under investigation,
76d18cb14dc45c191d021a4c06cea1797ab07f7fc186d92a175e1ac1c10e888b,2025-12,North Yorkshire Police,North Yorkshire Police,-1.008749,54.087687,On or near Finkle Street,E01027799,Ryedale 007E,Violence and sexual offences,Unable to prosecute suspect,
788cb1f04e96f22f44afdcf27afa05a9ab5f2fd04e3b285d9004c9e094db5c39,2025-12,North Yorkshire Police,North Yorkshire Police,-0.999337,54.088741,On or near Calverts Garth,E01027799,Ryedale 007E,Violence and sexual offences,Unable to prosecute suspect,
6c501f0ab909679a35699dffc14a5738ac2bec43d1347bafc57c78ae06c32506,2025-12,North Yorkshire Police,North Yorkshire Police,-0.794533,54.144047,On or near Fitzjohn Close,E01027787,Ryedale 009A,Burglary,Under investigation,
ca9299f8b348b04fa42d6986a0f280c511ca0d91c22faf1cff2c55843a5366c6,2025-12,North Yorkshire Police,North Yorkshire Police,-0.790604,54.139666,On or near Ashfield Avenue,E01027787,Ryedale 009A,Criminal damage and arson,Investigation complete; no suspect identified,
dde6872618ed2c73d9fc1bc0745ef20cf35708d2a66603ddbec4c0c12a3f95d9,2025-12,North Yorkshire Police,North Yorkshire Police,-0.777947,54.145282,On or near Town Street,E01027787,Ryedale 009A,Other theft,Investigation complete; no suspect identified,
ce36508485a6873a323a9f04dac36211b2ac901db396e08a6d6c1c48afe489cd,2025-12,North Yorkshire Police,North Yorkshire Police,-0.778184,54.152247,On or near ,E01027787,Ryedale 009A,Public order,Unable to prosecute suspect,
4bd0f01af062aa9cf922a576934b54a8fc256fe0174bb7946d438544a73a51a4,2025-12,North Yorkshire Police,North Yorkshire Police,-0.787938,54.142893,On or near Hawthorn Avenue,E01027787,Ryedale 009A,Violence and sexual offences,Investigation complete; no suspect identified,
a738b5ef00eb272be344fb0db2b4621b6098497901129ed21c4465e157330b7a,2025-12,North Yorkshire Police,North Yorkshire Police,-0.790160,54.144371,On or near Rowan Avenue,E01027787,Ryedale 009A,Violence and sexual offences,Under investigation,
ee6789516798eecbcc8ca3ab8b7dbc04aea2b3d3121f8b2e3a0e55f46a39adb5,2025-12,North Yorkshire Police,North Yorkshire Police,-0.791705,54.141780,On or near Birch Avenue,E01027787,Ryedale 009A,Violence and sexual offences,Unable to prosecute suspect,
,2025-12,North Yorkshire Police,North Yorkshire Police,-0.806828,54.141320,On or near Greengage Close,E01034968,Ryedale 009B,Anti-social behaviour,,
e99be492cb8b6717fec7bb995ffcd659b2614b6446e9308808329299a430799e,2025-12,North Yorkshire Police,North Yorkshire Police,-0.802453,54.142786,On or near Plough Court,E01034968,Ryedale 009B,Violence and sexual offences,Under investigation,
4c8e86319cb479aeaf98017f5df39f32260eb84250f36a2a8516cc7b46b75644,2025-12,North Yorkshire Police,North Yorkshire Police,-0.800041,54.140434,On or near Meadow Drive,E01034968,Ryedale 009B,Violence and sexual offences,Unable to prosecute suspect,
cd3f897198dd5e41ef250c76ae79b1c676dcf5df620c340dc1e180a2a3bfe8c9,2025-12,North Yorkshire Police,North Yorkshire Police,-0.806477,54.141820,On or near Damson Court,E01034968,Ryedale 009B,Violence and sexual offences,Unable to prosecute suspect,
,2025-12,North Yorkshire Police,North Yorkshire Police,-0.775477,54.135100,On or near Heather Court,E01034969,Ryedale 009C,Anti-social behaviour,,
075826f7ffd82c38fc7ee0be0dbfec917b43501171af8c25eeb6db1605551429,2025-12,North Yorkshire Police,North Yorkshire Police,-0.766887,54.140881,On or near Scarborough Road,E01034969,Ryedale 009C,Burglary,Unable to prosecute suspect,
357f6a5b2dd80cb104ceb4c73c58e0f3ca97db47b40d69b6ba48dea3fa185413,2025-12,North Yorkshire Police,North Yorkshire Police,-0.777306,54.134822,On or near Arbour Way,E01034969,Ryedale 009C,Violence and sexual offences,Unable to prosecute suspect,
,2025-12,North Yorkshire Police,North Yorkshire Police,-0.797205,54.134762,On or near Chapel Lane,E01034970,Ryedale 009D,Anti-social behaviour,,
,2025-12,North Yorkshire Police,North Yorkshire Police,-0.795560,54.136624,On or near Ryder Square,E01034970,Ryedale 009D,Anti-social behaviour,,
,2025-12,North Yorkshire Police,North Yorkshire Police,-0.797433,54.136957,On or near Paul'S Row,E01034970,Ryedale 009D,Anti-social behaviour,,
,2025-12,North Yorkshire Police,North Yorkshire Police,-0.796126,54.133987,On or near Carpenters Yard,E01034970,Ryedale 009D,Anti-social behaviour,,
,2025-12,North Yorkshire Police,North Yorkshire Police,-0.797205,54.134762,On or near Chapel Lane,E01034970,Ryedale 009D,Anti-social behaviour,,
cf870385746bb4358b9b78e35731b0bc9a63e0fa4497890acc9d1c4d9e9c5abe,2025-12,North Yorkshire Police,North Yorkshire Police,-0.797319,54.135581,On or near St Michael Street,E01034970,Ryedale 009D,Burglary,Unable to prosecute suspect,
789933f157557bc5f7df65e922b712923fe5c1347b8d948f7bba93aa13f010e9,2025-12,North Yorkshire Police,North Yorkshire Police,-0.796126,54.133987,On or near Carpenters Yard,E01034970,Ryedale 009D,Shoplifting,Investigation complete; no suspect identified,
eb24f389716c70d6ebf5378071ac8e4f60f85493865d11629c5dd982ea3e21cc,2025-12,North Yorkshire Police,North Yorkshire Police,-0.796126,54.133987,On or near Carpenters Yard,E01034970,Ryedale 009D,Shoplifting,Under investigation,
396086034a1bc4a7a9da98a04810e38a4c1bf1198159a5c1e466a42c11b52ef7,2025-12,North Yorkshire Police,North Yorkshire Police,-0.796937,54.135577,On or near Wheelgate,E01034970,Ryedale 009D,Violence and sexual offences,Unable to prosecute suspect,
4756709ff05e3a811f72ae7c0a251bff5b7cf7fd6221c529994f8b06329f4a0e,2025-12,North Yorkshire Police,North Yorkshire Police,-0.797913,54.135155,On or near Saville Street,E01034970,Ryedale 009D,Violence and sexual offences,Unable to prosecute suspect,
d99be7ef2caaa52e852b033b4966d8f244c9d635ffcb711eb8fd3196e4b17df9,2025-12,North Yorkshire Police,North Yorkshire Police,-0.777125,54.133697,On or near Parliament Avenue,E01034971,Ryedale 009E,Violence and sexual offences,Unable to prosecute suspect,
b98145ab225190934ff7c663c843adf4321c6d0f68c34eea0d16d6317260d8f9,2025-12,North Yorkshire Police,North Yorkshire Police,-0.777125,54.133697,On or near Parliament Avenue,E01034971,Ryedale 009E,Violence and sexual offences,Unable to prosecute suspect,
02fd58e42edefa7a96e0fbd1da84c75d3ca21a8084fead65b20d912e19df8957,2025-12,North Yorkshire Police,North Yorkshire Police,-0.780716,54.132331,On or near South Parade,E01034971,Ryedale 009E,Other crime,Awaiting court outcome,
,2025-12,North Yorkshire Police,North Yorkshire Police,-0.811138,54.139189,On or near ,E01027786,Ryedale 010A,Anti-social behaviour,,
3523842212ad455dc8d136ecf0890d842271250be0271a20ec742ede659fd599,2025-12,North Yorkshire Police,North Yorkshire Police,-0.822812,54.126868,On or near ,E01027786,Ryedale 010A,Criminal damage and arson,Investigation complete; no suspect identified,
b988992731e8478a10053e0f1bdb5cebac9fb4f3f2d961c632e14c1de999515b,2025-12,North Yorkshire Police,North Yorkshire Police,-0.822812,54.126868,On or near ,E01027786,Ryedale 010A,Criminal damage and arson,Investigation complete; no suspect identified,
8ceb78fe0b4420cdfdcfe223ac6f336ccf1580602a1e6d2c903065cee91aae92,2025-12,North Yorkshire Police,North Yorkshire Police,-0.805144,54.134931,On or near Russett Road,E01027786,Ryedale 010A,Possession of weapons,Under investigation,
156a4d6d5ae7c64424fa81cb9c449ec901fceb914ee7bb9aa5886f640f0cb616,2025-12,North Yorkshire Police,North Yorkshire Police,-0.805144,54.134931,On or near Russett Road,E01027786,Ryedale 010A,Violence and sexual offences,Unable to prosecute suspect,
,2025-12,North Yorkshire Police,North Yorkshire Police,-0.782442,54.129841,On or near Winston Court,E01027788,Ryedale 010B,Anti-social behaviour,,
0d2ea7961a27178aee288c0524e80f5c23a777b8a6298bfba5565bacfe8f8430,2025-12,North Yorkshire Police,North Yorkshire Police,-0.782442,54.129841,On or near Winston Court,E01027788,Ryedale 010B,Criminal damage and arson,Investigation complete; no suspect identified,
3364ede677817a65604471516cd9fd5aea41cc0523c0bae6625cfc0ed34c12ba,2025-12,North Yorkshire Police,North Yorkshire Police,-0.774832,54.128424,On or near Rosedale Avenue,E01027788,Ryedale 010B,Violence and sexual offences,Unable to prosecute suspect,
fea66e897aa88f5eca65dd07e12e5f0bc1053da2ec142a8d621cc2703a733065,2025-12,North Yorkshire Police,North Yorkshire Police,-0.774039,54.125729,On or near Farm View,E01027788,Ryedale 010B,Violence and sexual offences,Unable to prosecute suspect,
d06d2df4428c12b097adf13363cb13bb6fe2fa91b9bd1ba5193f0d52ec10b0f5,2025-12,North Yorkshire Police,North Yorkshire Police,-0.779791,54.120053,On or near Bazeley'S Lane,E01027791,Ryedale 010C,Public order,Unable to prosecute suspect,
,2025-12,North Yorkshire Police,North Yorkshire Police,-0.788190,54.131112,On or near Paddock Close,E01027790,Ryedale 010D,Anti-social behaviour,,
,2025-12,North Yorkshire Police,North Yorkshire Police,-0.785304,54.132988,On or near Wallgates Lane,E01027790,Ryedale 010D,Anti-social behaviour,,
,2025-12,North Yorkshire Police,North Yorkshire Police,-0.785304,54.132988,On or near Wallgates Lane,E01027790,Ryedale 010D,Anti-social behaviour,,
,2025-12,North Yorkshire Police,North Yorkshire Police,-0.796883,54.132691,On or near Malton Bus Station,E01027790,Ryedale 010D,Anti-social behaviour,,
1283b08f1e7716b6145ccf70634df25bfa071ec0a88790749748b27df640c834,2025-12,North Yorkshire Police,North Yorkshire Police,-0.797358,54.132121,On or near Malton,E01027790,Ryedale 010D,Criminal damage and arson,Investigation complete; no suspect identified,
1d70c72d554f027ba4125132945a5b8a076a057fbedcf3e0cfc519511d622fd0,2025-12,North Yorkshire Police,North Yorkshire Police,-0.786327,54.130437,On or near Ebeneezers Yard,E01027790,Ryedale 010D,Criminal damage and arson,Investigation complete; no suspect identified,
ceeb509c2a2e6fbf6effa72309dcf4f4ca886a61d6f3b06d649e7a3e3f77c8f8,2025-12,North Yorkshire Police,North Yorkshire Police,-0.791858,54.131711,On or near Supermarket,E01027790,Ryedale 010D,Criminal damage and arson,Investigation complete; no suspect identified,
b9dfbd6edbef88f987ad969438e8c8c421a5298df0334523487f5bd05e2e44c5,2025-12,North Yorkshire Police,North Yorkshire Police,-0.785378,54.131497,On or near Grove Street,E01027790,Ryedale 010D,Criminal damage and arson,Investigation complete; no suspect identified,
38547477249ae8a52b7df8b1afda2540b232b874ad2da9671dddf9b1b45d3ad1,2025-12,North Yorkshire Police,North Yorkshire Police,-0.791255,54.130433,On or near Springfield Garth,E01027790,Ryedale 010D,Violence and sexual offences,Under investigation,
b225ef842a5909ba9ae20764bf6b524c2ad2301a814ce875a6b54044faef673f,2025-12,North Yorkshire Police,North Yorkshire Police,-0.784199,54.132555,On or near Commercial Street,E01027790,Ryedale 010D,Violence and sexual offences,Unable to prosecute suspect,
,2025-12,North Yorkshire Police,North Yorkshire Police,-0.630851,54.484146,On or near ,E01027837,Scarborough 001A,Anti-social behaviour,,
6d0b22d8935eb75ba00687f1ce6d6431c47cc6206ed26855f78f6d89d6830b7c,2025-12,North Yorkshire Police,North Yorkshire Police,-0.628636,54.484948,On or near Byland Road,E01027837,Scarborough 001A,Criminal damage and arson,Investigation complete; no suspect identified,
ee639792140be558f0659db96b12465ae405cb91ad8562ed188d106e65572d26,2025-12,North Yorkshire Police,North Yorkshire Police,-0.630092,54.482484,On or near Dundas Gardens,E01027837,Scarborough 001A,Criminal damage and arson,Unable to prosecute suspect,
6139b8d07b177c76049a644d5cdbf6469b421b20d45bc229e5d13db68217504f,2025-12,North Yorkshire Police,North Yorkshire Police,-0.631602,54.485332,On or near Oak Road,E01027837,Scarborough 001A,Violence and sexual offences,Unable to prosecute suspect,
260a6dfaea9d6cd9a286eb27eba0036835fbf6d213e4ff035b346bf2c30ad217,2025-12,North Yorkshire Police,North Yorkshire Police,-0.627221,54.482964,On or near Auckland Way,E01027837,Scarborough 001A,Violence and sexual offences,Investigation complete; no suspect identified,
76ae709fae8cdeddb19f6d6c5deb25336457fa45c8590768eb221af2b81425bb,2025-12,North Yorkshire Police,North Yorkshire Police,-0.625556,54.485192,On or near Fountains Close,E01027837,Scarborough 001A,Violence and sexual offences,Unable to prosecute suspect,
f31b89466ed687f3af84812835173a112ea1273d370d02938d4ec54906425f55,2025-12,North Yorkshire Police,North Yorkshire Police,-0.630704,54.487740,On or near The Garth,E01027837,Scarborough 001A,Violence and sexual offences,Unable to prosecute suspect,
4f19888e7b38a581e8c7874bbd7c397f44b85fa39ea967672dd26603c23fad08,2025-12,North Yorkshire Police,North Yorkshire Police,-0.628603,54.484076,On or near Cherry Close,E01027837,Scarborough 001A,Other crime,Further investigation is not in the public interest,
0f394fcf3df7e8022bed642002e2466d52f0d73206311adf011d7a2477488f0d,2025-12,North Yorkshire Police,North Yorkshire Police,-0.628603,54.484076,On or near Cherry Close,E01027837,Scarborough 001A,Other crime,Further investigation is not in the public interest,
acd98f0132922b1c3f302517b251ac8bdd933f8eefe1264d7f06cb6406c18162,2025-12,North Yorkshire Police,North Yorkshire Police,-0.638679,54.487452,On or near Highfield Road,E01027839,Scarborough 001B,Public order,Unable to prosecute suspect,
,2025-12,North Yorkshire Police,North Yorkshire Police,-0.626453,54.489750,On or near Welton Court,E01027871,Scarborough 001E,Anti-social behaviour,,
,2025-12,North Yorkshire Police,North Yorkshire Police,-0.614770,54.487810,On or near Haggersgate,E01034972,Scarborough 001F,Anti-social behaviour,,
,2025-12,North Yorkshire Police,North Yorkshire Police,-0.620879,54.485184,On or near ,E01034972,Scarborough 001F,Anti-social behaviour,,
,2025-12,North Yorkshire Police,North Yorkshire Police,-0.614035,54.486255,On or near Angel Yard,E01034972,Scarborough 001F,Anti-social behaviour,,
,2025-12,North Yorkshire Police,North Yorkshire Police,-0.614684,54.489436,On or near Pier Road,E01034972,Scarborough 001F,Anti-social behaviour,,
,2025-12,North Yorkshire Police,North Yorkshire Police,-0.620879,54.485184,On or near ,E01034972,Scarborough 001F,Anti-social behaviour,,
,2025-12,North Yorkshire Police,North Yorkshire Police,-0.614770,54.487810,On or near Haggersgate,E01034972,Scarborough 001F,Anti-social behaviour,,
,2025-12,North Yorkshire Police,North Yorkshire Police,-0.621201,54.487065,On or near St Hilda'S Gardens,E01034972,Scarborough 001F,Anti-social behaviour,,
df624e7bc65d64acdf87abb4ee6054a70f4d9799d249c8c9f263218b3ee09d5d,2025-12,North Yorkshire Police,North Yorkshire Police,-0.620674,54.488965,On or near Church Square,E01034972,Scarborough 001F,Burglary,Investigation complete; no suspect identified,
8ff78bbea26879450f70fdc79622ae6aba637ec83bead63ae34bc65e578404fc,2025-12,North Yorkshire Police,North Yorkshire Police,-0.620674,54.488965,On or near Church Square,E01034972,Scarborough 001F,Criminal damage and arson,Unable to prosecute suspect,
f476968d5090e13a1963be58a7ca41f53d7cc86b1a204a9824147e055cfb61a9,2025-12,North Yorkshire Police,North Yorkshire Police,-0.619976,54.489541,On or near Royal Crescent,E01034972,Scarborough 001F,Drugs,Under investigation,
e778948c77b212ca1bd4feab7b7d3dbdf605c1f37ccbc1139d8d0f479de82910,2025-12,North Yorkshire Police,North Yorkshire Police,-0.613886,54.487018,On or near St Ann'S Staith,E01034972,Scarborough 001F,Drugs,Under investigation,
b86a453ba72ed7219210dbeadc7a1a0886cbb364fb7964bac1d51f0f133415fd,2025-12,North Yorkshire Police,North Yorkshire Police,-0.620879,54.485184,On or near ,E01034972,Scarborough 001F,Other theft,Investigation complete; no suspect identified,
a00aae0f5d6ff6b882fae430086a43bda43f52154d3fbf49bd29011bdec00314,2025-12,North Yorkshire Police,North Yorkshire Police,-0.619976,54.489541,On or near Royal Crescent,E01034972,Scarborough 001F,Other theft,Investigation complete; no suspect identified,
9e72961ff1e6550afea23e10af0be4f2fa548c5536feaa8f76b1a9e104f487c1,2025-12,North Yorkshire Police,North Yorkshire Police,-0.617279,54.483911,On or near Hospital,E01034972,Scarborough 001F,Other theft,Investigation complete; no suspect identified,
971eed759f975327ff01a14f711e992d23bac19c31f3cbeb7317393b95835bea,2025-12,North Yorkshire Police,North Yorkshire Police,-0.620879,54.485184,On or near ,E01034972,Scarborough 001F,Public order,Awaiting court outcome,
83f6c9ef94f05fd838b895f43e0f8253de336111e4b6e35a4e27ecdf4055cbff,2025-12,North Yorkshire Police,North Yorkshire Police,-0.620674,54.488965,On or near Church Square,E01034972,Scarborough 001F,Public order,Formal action is not in the public interest,
888c4c6fb004f821214e54c4920599cc15f4713084c1832736dc81d51255e3f3,2025-12,North Yorkshire Police,North Yorkshire Police,-0.620879,54.485184,On or near ,E01034972,Scarborough 001F,Public order,Awaiting court outcome,
d9efa75df8338aec53a7bdfb715953cf6fdf6e3c47a7d6293bc9f1d31a3bb0d1,2025-12,North Yorkshire Police,North Yorkshire Police,-0.613886,54.487018,On or near St Ann'S Staith,E01034972,Scarborough 001F,Shoplifting,Under investigation,
562624a03ceb1494a9289908021468e662252f2adf2a03adacd7012f483679fd,2025-12,North Yorkshire Police,North Yorkshire Police,-0.615186,54.487374,On or near Parking Area,E01034972,Scarborough 001F,Vehicle crime,Under investigation,
393ab96a8e1bcb9eb9ffaaff2e15924d6a3e5f6b3a9899af409e1ea21edd5f4e,2025-12,North Yorkshire Police,North Yorkshire Police,-0.615965,54.484866,On or near Whitby Bus Station,E01034972,Scarborough 001F,Vehicle crime,Investigation complete; no suspect identified,
5436d4e54dcab58453647c9af6c9a473903f8a14b41cd474e759c97cea1b434a,2025-12,North Yorkshire Police,North Yorkshire Police,-0.615931,54.485432,On or near Nightclub,E01034972,Scarborough 001F,Violence and sexual offences,Under investigation,
642be1ce1686c6ff246445f4ed6ec5ec072edb39cd565093638e3c1535e0eb6a,2025-12,North Yorkshire Police,North Yorkshire Police,-0.617703,54.489632,On or near Esplanade,E01034972,Scarborough 001F,Violence and sexual offences,Unable to prosecute suspect,
2d8e3b506f08d292eac76bcba788a1567700db47936a271b4f7e7bab2fa0a1a7,2025-12,North Yorkshire Police,North Yorkshire Police,-0.619976,54.489541,On or near Royal Crescent,E01034972,Scarborough 001F,Violence and sexual offences,Offender given a caution,
20a579c6afbbda4d0fbd03961976c11e5a8f17ca850f0074bfbfafc60c968eb4,2025-12,North Yorkshire Police,North Yorkshire Police,-0.622731,54.486650,On or near Petrol Station,E01034972,Scarborough 001F,Violence and sexual offences,Unable to prosecute suspect,
4f34a81415fef1fe1554b52e1753b879b1d49e0d091571866a3821826c09e704,2025-12,North Yorkshire Police,North Yorkshire Police,-0.613886,54.487018,On or near St Ann'S Staith,E01034972,Scarborough 001F,Violence and sexual offences,Unable to prosecute suspect,
b4f945f694ad463d8f2388bcf55fb94b4df90252567499452417207e4292bd70,2025-12,North Yorkshire Police,North Yorkshire Police,-0.619976,54.489541,On or near Royal Crescent,E01034972,Scarborough 001F,Violence and sexual offences,Offender given a caution,
225167ff684630d11baea53535a9a581545822b5b101956ce2a159a365691b11,2025-12,North Yorkshire Police,North Yorkshire Police,-0.613886,54.487018,On or near St Ann'S Staith,E01034972,Scarborough 001F,Violence and sexual offences,Unable to prosecute suspect,
8ecc968a7d8db66b9e40e7545e98f75136cf05c56affb4f1cabcb4cdfe16e1f1,2025-12,North Yorkshire Police,North Yorkshire Police,-0.621201,54.487065,On or near St Hilda'S Gardens,E01034972,Scarborough 001F,Violence and sexual offences,Unable to prosecute suspect,
660df9fc946350a3bec3dbc661d43bef78ef209f7008b4795c6527bda80ae357,2025-12,North Yorkshire Police,North Yorkshire Police,-0.616343,54.485251,On or near Shopping Area,E01034972,Scarborough 001F,Violence and sexual offences,Investigation complete; no suspect identified,
f5112e11ec298e4ee66a1f5f50dead7c9a4089a5dc1f6ded515ef3d0b866a6d6,2025-12,North Yorkshire Police,North Yorkshire Police,-0.614035,54.486255,On or near Angel Yard,E01034972,Scarborough 001F,Violence and sexual offences,Under investigation,
504c09565dcbaad5f93f538255270b049fbcb7463b5e4be2b742bfa1910c2d5c,2025-12,North Yorkshire Police,North Yorkshire Police,-0.613886,54.487018,On or near St Ann'S Staith,E01034972,Scarborough 001F,Violence and sexual offences,Further action is not in the public interest,
386ec98c3b71a6ed6742e76b15a6b8984a6b6d42b3d4b94ac29492248d73405f,2025-12,North Yorkshire Police,North Yorkshire Police,-0.617703,54.489632,On or near Esplanade,E01034972,Scarborough 001F,Violence and sexual offences,Unable to prosecute suspect,
1ec783a6e698ec6933545117332404aab2a1da5f08c55fb3b7a6fd9a71d31d02,2025-12,North Yorkshire Police,North Yorkshire Police,-0.617229,54.486768,On or near Skinner Street,E01034972,Scarborough 001F,Violence and sexual offences,Unable to prosecute suspect,
51621bb378c783fa9ad9c2028fc92e46a8ed2bc050fd6249e8ff5ae5c1a3682b,2025-12,North Yorkshire Police,North Yorkshire Police,-0.619976,54.489541,On or near Royal Crescent,E01034972,Scarborough 001F,Violence and sexual offences,Offender given a caution,
c67e8c5422defb0ed1bc94401bf4c6f087b42fd0f9193f58d7c13bbb83110ad4,2025-12,North Yorkshire Police,North Yorkshire Police,-0.621201,54.487065,On or near St Hilda'S Gardens,E01034972,Scarborough 001F,Violence and sexual offences,Unable to prosecute suspect,
0e38bd35aeb642bed598df0d682f04316b8fa12b90f58a0efc7858eea0d17845,2025-12,North Yorkshire Police,North Yorkshire Police,-0.620879,54.485184,On or near ,E01034972,Scarborough 001F,Violence and sexual offences,Unable to prosecute suspect,
63f613caebc10836acf4727fc239a0f8c8418bce8de1a2d6610a80505cda534b,2025-12,North Yorkshire Police,North Yorkshire Police,-0.617703,54.489632,On or near Esplanade,E01034972,Scarborough 001F,Violence and sexual offences,Unable to prosecute suspect,
3d8995048d157d67b5662c68d93aa282ec6407f643b6f487fe6dfcaea779d9c1,2025-12,North Yorkshire Police,North Yorkshire Police,-0.616823,54.485065,On or near Victoria Square,E01034972,Scarborough 001F,Violence and sexual offences,Unable to prosecute suspect,
01ed9164cc65dfc187b5fdb0865f55b65cb61e80f45659c85cb4c16ea8e9f596,2025-12,North Yorkshire Police,North Yorkshire Police,-0.619599,54.484692,On or near Bagdale,E01034972,Scarborough 001F,Violence and sexual offences,Unable to prosecute suspect,
13cdca195078777640e4b11255164ec30201df712c005aa9e09df99b181683aa,2025-12,North Yorkshire Police,North Yorkshire Police,-0.614035,54.486255,On or near Angel Yard,E01034972,Scarborough 001F,Violence and sexual offences,Under investigation,
913652442938c31a7f11df66d1c513db171fdffb201f870f5f11a72b0b49019f,2025-12,North Yorkshire Police,North Yorkshire Police,-0.615847,54.486537,On or near Flowergate,E01034972,Scarborough 001F,Violence and sexual offences,Unable to prosecute suspect,
b2da8bc91ee397359ac6e4396c13ebb6e5feebcb116910326f841f8ac6efb58e,2025-12,North Yorkshire Police,North Yorkshire Police,-0.619976,54.489541,On or near Royal Crescent,E01034972,Scarborough 001F,Violence and sexual offences,Unable to prosecute suspect,
c9d696bbee5ce70eaef286a77833583cea172153d66500b46261b8a932b81802,2025-12,North Yorkshire Police,North Yorkshire Police,-0.616343,54.485251,On or near Shopping Area,E01034972,Scarborough 001F,Violence and sexual offences,Unable to prosecute suspect,
d1aa2b42e6d88b401f15149dd3da1991fce8ad5937ed6e0c27791c4249596eb8,2025-12,North Yorkshire Police,North Yorkshire Police,-0.619295,54.487286,On or near Well Close Terrace,E01034972,Scarborough 001F,Violence and sexual offences,Unable to prosecute suspect,
f607abee0bbddb6016abe53abeb25efef89e30d8a73a4e5c295622494281e08c,2025-12,North Yorkshire Police,North Yorkshire Police,-0.909905,54.471418,On or near West Lane,E01027813,Scarborough 002A,Burglary,Investigation complete; no suspect identified,
3815ba9724f30291362c802bbb25bfef5c67f61b8a22183803f0d837574e2f7b,2025-12,North Yorkshire Police,North Yorkshire Police,-0.894258,54.465128,On or near Parking Area,E01027813,Scarborough 002A,Public order,Under investigation,
5446bf1b3bd8234ce4d21fed4f3c42946449184fab34840b7d6e3dd90c779e53,2025-12,North Yorkshire Police,North Yorkshire Police,-0.932222,54.431560,On or near Shop Lane,E01027813,Scarborough 002A,Vehicle crime,Investigation complete; no suspect identified,
5cdff6df50023ac1fc2a33b0f35a60f75aac7686f30364373f3c4d42545953fd,2025-12,North Yorkshire Police,North Yorkshire Police,-0.825294,54.459139,On or near Petrol Station,E01027813,Scarborough 002A,Violence and sexual offences,Unable to prosecute suspect,
991488a0c74b32c64be9ca23ddc4a8bf10055a37b86604d5da78e086fc575b89,2025-12,North Yorkshire Police,North Yorkshire Police,-0.761167,54.437117,On or near Parking Area,E01027822,Scarborough 002B,Vehicle crime,Investigation complete; no suspect identified,
f3d7c9945f60e6be3d854ff82a81efca92206e6f5dd9fc489e410d2b2aea14e8,2025-12,North Yorkshire Police,North Yorkshire Police,-0.809992,54.442084,On or near Ghyll Brow,E01027822,Scarborough 002B,Violence and sexual offences,Unable to prosecute suspect,
,2025-12,North Yorkshire Police,North Yorkshire Police,-0.791310,54.551753,On or near Supermarket,E01027840,Scarborough 002C,Anti-social behaviour,,
,2025-12,North Yorkshire Police,North Yorkshire Police,-0.775091,54.536249,On or near Moor View,E01027840,Scarborough 002C,Anti-social behaviour,,
,2025-12,North Yorkshire Police,North Yorkshire Police,-0.791310,54.551753,On or near Supermarket,E01027840,Scarborough 002C,Anti-social behaviour,,
8eaee6106705ee35847d67a5c68ea77d64f79ba6ce0fe65dcaa3ca4f092b33f2,2025-12,North Yorkshire Police,North Yorkshire Police,-0.772526,54.536241,On or near Petrol Station,E01027840,Scarborough 002C,Burglary,Investigation complete; no suspect identified,
aa882467bac1cfeb47a5e9e709d70bb36a55f95ee93863259b934e3f2e7a28d7,2025-12,North Yorkshire Police,North Yorkshire Police,-0.775458,54.535884,On or near Moor View Court,E01027840,Scarborough 002C,Burglary,Under investigation,
f8680263d7b55c921435ae64ba24c937b2d38c07d217d8b6b9adfad888208d2a,2025-12,North Yorkshire Police,North Yorkshire Police,-0.755699,54.534055,On or near Upgarth Close,E01027840,Scarborough 002C,Criminal damage and arson,Investigation complete; no suspect identified,
212049fc0fad7fe5aac382749fd168ff3050b4f0490a38f92601e7ca34948907,2025-12,North Yorkshire Police,North Yorkshire Police,-0.751233,54.532526,On or near Parking Area,E01027840,Scarborough 002C,Criminal damage and arson,Investigation complete; no suspect identified,
b141ba93a71b6e5587057f110e018836b57e8b5752b93dd41b799bf3ec7e2086,2025-12,North Yorkshire Police,North Yorkshire Police,-0.756874,54.534041,On or near Hinderwell Lane,E01027840,Scarborough 002C,Criminal damage and arson,Unable to prosecute suspect,
340bc7c66b6ca01500b52943a715afe6a13e7cf8b9df2c9dea67483e8997a21c,2025-12,North Yorkshire Police,North Yorkshire Police,-0.777358,54.542644,On or near Rosedale Lane,E01027840,Scarborough 002C,Public order,Unable to prosecute suspect,
be32a593792e249a280441545db8316e80666efa741908ef7c2d3437753d10f1,2025-12,North Yorkshire Police,North Yorkshire Police,-0.773385,54.536456,On or near Hildewell,E01027840,Scarborough 002C,Violence and sexual offences,Unable to prosecute suspect,
c4ffa0e4b6a550e88ff49f3a7e7bfa54c2e14efd8337e61964acd074b214fa04,2025-12,North Yorkshire Police,North Yorkshire Police,-0.756874,54.534041,On or near Hinderwell Lane,E01027840,Scarborough 002C,Violence and sexual offences,Unable to prosecute suspect,
7833cdef11453f58c06567c368a25fd3de04981e3f7aafea1289c0c0a1a2e317,2025-12,North Yorkshire Police,North Yorkshire Police,-0.793948,54.552472,On or near Seaton Crescent,E01027840,Scarborough 002C,Violence and sexual offences,Under investigation,
4b3e3f9c5379db691e30e361644ee5aa3dba64fee628ce9b82bec478380913af,2025-12,North Yorkshire Police,North Yorkshire Police,-0.654114,54.480012,On or near Parking Area,E01027841,Scarborough 002D,Burglary,Investigation complete; no suspect identified,
8f7b91145d35cee1d8c9e5be87179d240ae6f1f2a6fb502858a75b19ba8ebc37,2025-12,North Yorkshire Police,North Yorkshire Police,-0.766324,54.521006,On or near Ellerby Lane,E01027841,Scarborough 002D,Criminal damage and arson,Unable to prosecute suspect,
de85f5a8cd747dad96ee271d2d1df04e788a9e8de9da5632bea5273d33affc5a,2025-12,North Yorkshire Police,North Yorkshire Police,-0.652447,54.490608,On or near ,E01027841,Scarborough 002D,Other theft,Investigation complete; no suspect identified,
790948a8f09a3ac2fe8ad94dcac6b2c6be293e94e3e3e32b5b5ef679c52f1cb0,2025-12,North Yorkshire Police,North Yorkshire Police,-0.766485,54.488985,On or near Barry Bank,E01027841,Scarborough 002D,Violence and sexual offences,Unable to prosecute suspect,
,2025-12,North Yorkshire Police,North Yorkshire Police,-0.629257,54.470521,On or near High Street,E01027838,Scarborough 003A,Anti-social behaviour,,
97b2c1d37d6951f1a7319e52c1942419ad3114928c2d0059218d38a0fa1e3b3c,2025-12,North Yorkshire Police,North Yorkshire Police,-0.623454,54.478840,On or near Endurance Way,E01027838,Scarborough 003A,Violence and sexual offences,Unable to prosecute suspect,
,2025-12,North Yorkshire Police,North Yorkshire Police,-0.606559,54.482296,On or near Green Lane,E01027864,Scarborough 003B,Anti-social behaviour,,
1f3789c9b1d208c8a5390e08173ab2a1638ac84152289bd85afd6b370975775f,2025-12,North Yorkshire Police,North Yorkshire Police,-0.606559,54.482296,On or near Green Lane,E01027864,Scarborough 003B,Criminal damage and arson,Investigation complete; no suspect identified,
dcc32daf168b5c71d854ee57551dc343331fb2e628c5dc85dbcc1438eff591c6,2025-12,North Yorkshire Police,North Yorkshire Police,-0.604263,54.476301,On or near St Peter'S Road,E01027864,Scarborough 003B,Criminal damage and arson,Local resolution,
07e3c513a7080f3929237f2eb9cfee731b2983862b058edc0144d8e443fb3031,2025-12,North Yorkshire Police,North Yorkshire Police,-0.608815,54.483598,On or near The Ropery,E01027864,Scarborough 003B,Drugs,Formal action is not in the public interest,
27b038008f160025e443798a91052de74cf373090ce8249e962e6cc647211fe8,2025-12,North Yorkshire Police,North Yorkshire Police,-0.608815,54.483598,On or near The Ropery,E01027864,Scarborough 003B,Public order,Unable to prosecute suspect,
30a73af70c2d2258ae0590b1a461b84beb08531e6fed7f602dc7d6964ed89137,2025-12,North Yorkshire Police,North Yorkshire Police,-0.604263,54.476301,On or near St Peter'S Road,E01027864,Scarborough 003B,Violence and sexual offences,Under investigation,
aa7eab19539d33e67315da5f7f5602e0b3dd321b3e51a1b741f8fdcb55812e82,2025-12,North Yorkshire Police,North Yorkshire Police,-0.606849,54.483256,On or near ,E01027864,Scarborough 003B,Violence and sexual offences,Unable to prosecute suspect,
e9dabeef4e794c381b11d97cb7d1ccdcbb78467b6f4c64af301cf7cda48b740a,2025-12,North Yorkshire Police,North Yorkshire Police,-0.608815,54.483598,On or near The Ropery,E01027864,Scarborough 003B,Violence and sexual offences,Unable to prosecute suspect,
1098a5ee61de316f9da4ed79b5dd6c7a38ea22d7fcde601c8130d2aa86d98504,2025-12,North Yorkshire Police,North Yorkshire Police,-0.605611,54.482024,On or near Captain Cook Crescent,E01027864,Scarborough 003B,Violence and sexual offences,Under investigation,
7ba92e9368a9bddbc00825a5af69b3aa8a16a69f83dc82c47af4c65b5dfa13dd,2025-12,North Yorkshire Police,North Yorkshire Police,-0.603664,54.474728,On or near ,E01027864,Scarborough 003B,Violence and sexual offences,Unable to prosecute suspect,
e9dabeef4e794c381b11d97cb7d1ccdcbb78467b6f4c64af301cf7cda48b740a,2025-12,North Yorkshire Police,North Yorkshire Police,-0.608815,54.483598,On or near The Ropery,E01027864,Scarborough 003B,Violence and sexual offences,Under investigation,
7ed35d636f6ce1a59764ceffa6bacf43ef75a81e8cc639e814c5a28f5b986666,2025-12,North Yorkshire Police,North Yorkshire Police,-0.604263,54.476301,On or near St Peter'S Road,E01027864,Scarborough 003B,Violence and sexual offences,Unable to prosecute suspect,
136bddf4a6ca17226816ab5eed23fba6a7899c976f1911ad336bc6ae6ba1a3c8,2025-12,North Yorkshire Police,North Yorkshire Police,-0.603375,54.476075,On or near St Peter'S Court,E01027864,Scarborough 003B,Violence and sexual offences,Unable to prosecute suspect,
30a73af70c2d2258ae0590b1a461b84beb08531e6fed7f602dc7d6964ed89137,2025-12,North Yorkshire Police,North Yorkshire Police,-0.604263,54.476301,On or near St Peter'S Road,E01027864,Scarborough 003B,Violence and sexual offences,Unable to prosecute suspect,
2f37d2ce4ea826731567349a622cebca562b179bdf2beaf0d3c8ec06bc80dce9,2025-12,North Yorkshire Police,North Yorkshire Police,-0.603664,54.474728,On or near ,E01027864,Scarborough 003B,Violence and sexual offences,Awaiting court outcome,
532838dbdf442a4984f52406aee24e896c4f4b2d1140ac268d5cf860f6293574,2025-12,North Yorkshire Police,North Yorkshire Police,-0.609614,54.482340,On or near Horse Road,E01027864,Scarborough 003B,Violence and sexual offences,Awaiting court outcome,
1098a5ee61de316f9da4ed79b5dd6c7a38ea22d7fcde601c8130d2aa86d98504,2025-12,North Yorkshire Police,North Yorkshire Police,-0.605611,54.482024,On or near Captain Cook Crescent,E01027864,Scarborough 003B,Violence and sexual offences,Under investigation,
7c971a2d33c53cc82b2c0a325e5c93d7678877bdcfe391ec800f4a8c0d189d98,2025-12,North Yorkshire Police,North Yorkshire Police,-0.605611,54.482024,On or near Captain Cook Crescent,E01027864,Scarborough 003B,Violence and sexual offences,Under investigation,
65d3b860f7496a4f4a17abf8117ff6b067ed59a445245b5ec17e70d1ce05f318,2025-12,North Yorkshire Police,North Yorkshire Police,-0.603773,54.477759,On or near ,E01027864,Scarborough 003B,Violence and sexual offences,Investigation complete; no suspect identified,
,2025-12,North Yorkshire Police,North Yorkshire Police,-0.611251,54.486403,On or near Parking Area,E01027865,Scarborough 003C,Anti-social behaviour,,
,2025-12,North Yorkshire Police,North Yorkshire Police,-0.614570,54.485270,On or near ,E01027865,Scarborough 003C,Anti-social behaviour,,
,2025-12,North Yorkshire Police,North Yorkshire Police,-0.607257,54.489018,On or near Abbey Lane,E01027865,Scarborough 003C,Anti-social behaviour,,
261c119df622c70881c3a032ea96bdfc3e3f538fe90e1c62882347ea40ccd05a,2025-12,North Yorkshire Police,North Yorkshire Police,-0.610432,54.485522,On or near Church Street,E01027865,Scarborough 003C,Burglary,Under investigation,
1970b9d13935da771046249e0d63dfbc50cf415417b8f690ce77d521b0c6421d,2025-12,North Yorkshire Police,North Yorkshire Police,-0.611690,54.487272,On or near ,E01027865,Scarborough 003C,Burglary,Investigation complete; no suspect identified,
468010fcb49dc33b42f5c4e35ec5bc260815b52e06c40b7d5926274f2ac7d226,2025-12,North Yorkshire Police,North Yorkshire Police,-0.611690,54.487272,On or near ,E01027865,Scarborough 003C,Criminal damage and arson,Unable to prosecute suspect,
e3129f6b7a7e5375e4203c3d68faf605f89f384e97ec2e98b480079837313b6d,2025-12,North Yorkshire Police,North Yorkshire Police,-0.610575,54.488606,On or near Church Lane,E01027865,Scarborough 003C,Criminal damage and arson,Under investigation,
26164ed7546d834ce19a40bdcaf355535a5b6c1d750014f42713e9e2c757a7af,2025-12,North Yorkshire Police,North Yorkshire Police,-0.615714,54.481331,On or near Park Terrace,E01027865,Scarborough 003C,Criminal damage and arson,Investigation complete; no suspect identified,
a5428233a0b5704a9531e30fb75d58b7a628d02d9bd1e3bd1f6632995050acfb,2025-12,North Yorkshire Police,North Yorkshire Police,-0.610257,54.481125,On or near Raft Yard,E01027865,Scarborough 003C,Public order,Unable to prosecute suspect,
d10490d2c8240532f8b8ff75980535ca2b16d9da7a2c214bb20904c4db9b8d9b,2025-12,North Yorkshire Police,North Yorkshire Police,-0.612250,54.487907,On or near Market Place,E01027865,Scarborough 003C,Violence and sexual offences,Under investigation,
4cf2b483ccd6630711e54ff1f69bfda528f7de9dd9c6166a18544d209faa301c,2025-12,North Yorkshire Police,North Yorkshire Police,-0.611690,54.487272,On or near ,E01027865,Scarborough 003C,Violence and sexual offences,Under investigation,
e53e0736077b0a8e6b21ba7d61e97c90b17d78580bcb26dec2d190e1c8d02028,2025-12,North Yorkshire Police,North Yorkshire Police,-0.616292,54.482974,On or near George Street,E01027865,Scarborough 003C,Violence and sexual offences,Further investigation is not in the public interest,
d10490d2c8240532f8b8ff75980535ca2b16d9da7a2c214bb20904c4db9b8d9b,2025-12,North Yorkshire Police,North Yorkshire Police,-0.612250,54.487907,On or near Market Place,E01027865,Scarborough 003C,Violence and sexual offences,Under investigation,
4a20421ddf49e5965c1ecbb4618f23ee6694f699503fed26b9bbf6fcd9868cc9,2025-12,North Yorkshire Police,North Yorkshire Police,-0.612695,54.487094,On or near Bridge Street,E01027865,Scarborough 003C,Violence and sexual offences,Under investigation,
f26c2fed75e4f38074aea0062d9fdc8adb9c9f1761581c19c8ce78c443312555,2025-12,North Yorkshire Police,North Yorkshire Police,-0.614663,54.482523,On or near ,E01027865,Scarborough 003C,Violence and sexual offences,Unable to prosecute suspect,
593793ce5bb32e36a5fc1b34211f849049511a9b000bea965a7adb01f6767df9,2025-12,North Yorkshire Police,North Yorkshire Police,-0.614683,54.483980,On or near Windsor Crescent,E01027865,Scarborough 003C,Violence and sexual offences,Investigation complete; no suspect identified,
,2025-12,North Yorkshire Police,North Yorkshire Police,-0.610624,54.477597,On or near Talbot Court,E01027866,Scarborough 003D,Anti-social behaviour,,
,2025-12,North Yorkshire Police,North Yorkshire Police,-0.610624,54.477597,On or near Talbot Court,E01027866,Scarborough 003D,Anti-social behaviour,,
,2025-12,North Yorkshire Police,North Yorkshire Police,-0.619557,54.474473,On or near Riverside Walk,E01027866,Scarborough 003D,Anti-social behaviour,,
,2025-12,North Yorkshire Police,North Yorkshire Police,-0.610624,54.477597,On or near Talbot Court,E01027866,Scarborough 003D,Anti-social behaviour,,
7dcb1b15944f10221a498ee1fc0b9e1acc1e565df0a02f4e954674d55ae90a9b,2025-12,North Yorkshire Police,North Yorkshire Police,-0.616654,54.479104,On or near A171,E01027866,Scarborough 003D,Drugs,Further action is not in the public interest,
d7c2a9ca3582831f4597aa2f11219bec9c2485ffdd5a283a499b7d16e16f1b4e,2025-12,North Yorkshire Police,North Yorkshire Police,-0.600439,54.471215,On or near Supermarket,E01027866,Scarborough 003D,Public order,Under investigation,
a6ef81cbc44c0dace0052555161e121d18401209b90506104c41f260b041c0eb,2025-12,North Yorkshire Police,North Yorkshire Police,-0.608898,54.474342,On or near Fairmead Way,E01027866,Scarborough 003D,Public order,Unable to prosecute suspect,
16aae1dea757c9134fd89e667d31c7bbfd24d8bac10639c56422eb612d25da37,2025-12,North Yorkshire Police,North Yorkshire Police,-0.600439,54.471215,On or near Supermarket,E01027866,Scarborough 003D,Violence and sexual offences,Under investigation,
3339d5a817b66467c06711c2d21ee02f0aa71f0d655aee03f68cf2553607f6dc,2025-12,North Yorkshire Police,North Yorkshire Police,-0.718672,54.400633,On or near Parking Area,E01027821,Scarborough 004A,Shoplifting,Unable to prosecute suspect,
98c03a5f866663a9b8dc5aa5dc5caef1c90b13c6a027ac20f18f7a0dd64e9068,2025-12,North Yorkshire Police,North Yorkshire Police,-0.667605,54.449109,On or near Eskdale Close,E01027821,Scarborough 004A,Violence and sexual offences,Under investigation,
,2025-12,North Yorkshire Police,North Yorkshire Police,-0.661294,54.456760,On or near Orchard Road,E01027823,Scarborough 004B,Anti-social behaviour,,
458009d93460816df5682674199045c74abc20f3954f40badbf7c68808d5ac09,2025-12,North Yorkshire Police,North Yorkshire Police,-0.660405,54.452804,On or near Birch Grove,E01027823,Scarborough 004B,Other theft,Investigation complete; no suspect identified,
11912efc36770c891473019825a352eaa2196004418c8382035411a00d5690b6,2025-12,North Yorkshire Police,North Yorkshire Police,-0.661616,54.453501,On or near Birch Crescent,E01027823,Scarborough 004B,Violence and sexual offences,Unable to prosecute suspect,
500d1aa00307cd4f708106934c1c3b48206a87fe5e7c85629bbc29a8d04b5f54,2025-12,North Yorkshire Police,North Yorkshire Police,-0.660405,54.452804,On or near Birch Grove,E01027823,Scarborough 004B,Violence and sexual offences,Unable to prosecute suspect,
d28982c3c24df3ab71f8f9b6c1d7563df073d930fc8d573798c30aa3932fbdf1,2025-12,North Yorkshire Police,North Yorkshire Police,-0.662758,54.461072,On or near Sleights,E01027823,Scarborough 004B,Violence and sexual offences,Unable to prosecute suspect,
90ef47e314c1014f795f181fb1a5320fce0099aa93acc65606bd646c46787598,2025-12,North Yorkshire Police,North Yorkshire Police,-0.450116,54.324609,On or near Wood'S Close,E01027836,Scarborough 004E,Violence and sexual offences,Unable to prosecute suspect,
5df0d485aa9066d09e3a743b7b48b61e61379d0a6e925830ead12ee89e429852,2025-12,North Yorkshire Police,North Yorkshire Police,-0.450116,54.324609,On or near Wood'S Close,E01027836,Scarborough 004E,Other crime,Further investigation is not in the public interest,
,2025-12,North Yorkshire Police,North Yorkshire Police,-0.479435,54.312642,On or near Cumboots Brow,E01027857,Scarborough 004F,Anti-social behaviour,,
,2025-12,North Yorkshire Police,North Yorkshire Police,-0.572652,54.325079,On or near West Side Road,E01027857,Scarborough 004F,Anti-social behaviour,,
426638f1b0949e042032a7228008846df7fe7bc3b95c2b9627c76ddc5d4d9be9,2025-12,North Yorkshire Police,North Yorkshire Police,-0.448224,54.300119,On or near High Street,E01027857,Scarborough 004F,Criminal damage and arson,Investigation complete; no suspect identified,
62a2ff48a15654c34cb3045248c436c3e1eeed455182c622541cb7f93de21457,2025-12,North Yorkshire Police,North Yorkshire Police,-0.539914,54.299062,On or near Estell Lane,E01027857,Scarborough 004F,Other theft,Investigation complete; no suspect identified,
d9f478f21d5b63e4fe88a14f62eb3346ff6841d6f8f6c82dbafc3d0b4453e6e3,2025-12,North Yorkshire Police,North Yorkshire Police,-0.517979,54.314209,On or near Kirk Gate,E01027857,Scarborough 004F,Other theft,Under investigation,
eee0b9087431215438270d3e165046a68dacc844c69b88988171a384571b76e5,2025-12,North Yorkshire Police,North Yorkshire Police,-0.448224,54.300119,On or near High Street,E01027857,Scarborough 004F,Possession of weapons,Under investigation,
558a31c1fcab32508f337b27426e743ef087330d39a8046070395452c1a38572,2025-12,North Yorkshire Police,North Yorkshire Police,-0.520167,54.297356,On or near Broxa Lane,E01027857,Scarborough 004F,Violence and sexual offences,Unable to prosecute suspect,
d9bfb6e7c4d60ec3738797383791a4ce4bfa8edf0dcc5f2b35be05e89e7620f9,2025-12,North Yorkshire Police,North Yorkshire Police,-0.520167,54.297356,On or near Broxa Lane,E01027857,Scarborough 004F,Violence and sexual offences,Unable to prosecute suspect,
9cd8c8d13579002cc91fc46d05ad757888b18e24361ff4592b12a245c083feb0,2025-12,North Yorkshire Police,North Yorkshire Police,-0.548488,54.432646,On or near Church Lane,E01034973,Scarborough 004G,Criminal damage and arson,Unable to prosecute suspect,
5a8f613fc4554ab2df23a10ceff16bf96d08403d2789595a63c41714d8b45ce0,2025-12,North Yorkshire Police,North Yorkshire Police,-0.532388,54.430627,On or near King Street,E01034973,Scarborough 004G,Public order,Unable to prosecute suspect,
,2025-12,North Yorkshire Police,North Yorkshire Police,-0.429020,54.292311,On or near Greylands Park Road,E01027842,Scarborough 005A,Anti-social behaviour,,
a364b0f12479f49ff2f610724f5d4d9d92b6c95567ef500bc6a7c98dac5993a3,2025-12,North Yorkshire Police,North Yorkshire Police,-0.426044,54.293378,On or near Endcliff Crescent,E01027842,Scarborough 005A,Other theft,Unable to prosecute suspect,
f2adc9c923890814e016a65a795bf2f9f8ed82f815e84d4fa79a3995da120328,2025-12,North Yorkshire Police,North Yorkshire Police,-0.425834,54.292246,On or near ,E01027842,Scarborough 005A,Other theft,Investigation complete; no suspect identified,
cc4df89a524676936e5bd39429d9ea1a2f5cb95a0b2d08aa2ab569a66ec7433d,2025-12,North Yorkshire Police,North Yorkshire Police,-0.429020,54.292311,On or near Greylands Park Road,E01027842,Scarborough 005A,Violence and sexual offences,Unable to prosecute suspect,
1a7d4c33247cf110f0623eb93528e0f9269c7b310c8865bd77a92e98d6e901d4,2025-12,North Yorkshire Police,North Yorkshire Police,-0.425834,54.292246,On or near ,E01027842,Scarborough 005A,Violence and sexual offences,Unable to prosecute suspect,
4314f2c52a9eb5194145c88ba08c1a4c370257a093bf66117b2b9e378f033f79,2025-12,North Yorkshire Police,North Yorkshire Police,-0.427275,54.292540,On or near Heathcliff Gardens,E01027842,Scarborough 005A,Violence and sexual offences,Under investigation,
4314f2c52a9eb5194145c88ba08c1a4c370257a093bf66117b2b9e378f033f79,2025-12,North Yorkshire Police,North Yorkshire Police,-0.427275,54.292540,On or near Heathcliff Gardens,E01027842,Scarborough 005A,Violence and sexual offences,Under investigation,
3a60e8eff3c42f279d3b9cbe4b0dbaf88b6b255e113f1dbb0ab275907e108748,2025-12,North Yorkshire Police,North Yorkshire Police,-0.426044,54.293378,On or near Endcliff Crescent,E01027842,Scarborough 005A,Violence and sexual offences,Unable to prosecute suspect,
0cb91e2462f016ba193d08d918ccf0085fe8e564c725c979be7de44f58e51ef8,2025-12,North Yorkshire Police,North Yorkshire Police,-0.426044,54.293378,On or near Endcliff Crescent,E01027842,Scarborough 005A,Violence and sexual offences,Unable to prosecute suspect,
18856083777c69baee1989410aab4d5a94cb5e92aa3e7c2b24a171e97a916c6e,2025-12,North Yorkshire Police,North Yorkshire Police,-0.429020,54.292311,On or near Greylands Park Road,E01027842,Scarborough 005A,Violence and sexual offences,Unable to prosecute suspect,
,2025-12,North Yorkshire Police,North Yorkshire Police,-0.447515,54.292830,On or near Harvard Court,E01027843,Scarborough 005B,Anti-social behaviour,,
2711ed851abc65e46ae0dde057d6c9c8f2152fa2c0ec2f0f3010b074472d6a55,2025-12,North Yorkshire Police,North Yorkshire Police,-0.441102,54.288900,On or near Ling Hill,E01027843,Scarborough 005B,Burglary,Investigation complete; no suspect identified,
109b54d98a4f4f31c4bc4f9d2267506db5fb2e35efb41d59560f33f13b3477db,2025-12,North Yorkshire Police,North Yorkshire Police,-0.447515,54.292830,On or near Harvard Court,E01027843,Scarborough 005B,Criminal damage and arson,Investigation complete; no suspect identified,
6804e802de5a098cbbcc3164edd61efdbeec42f9c81eeb5de8e438ffb6336c3a,2025-12,North Yorkshire Police,North Yorkshire Police,-0.436679,54.291578,On or near ,E01027843,Scarborough 005B,Public order,Unable to prosecute suspect,
2595e54cf3dbf45d06ec2a966d9b4e62e5f056847e6b4607f685c5df8732ec5c,2025-12,North Yorkshire Police,North Yorkshire Police,-0.439328,54.289902,On or near The Meadows,E01027843,Scarborough 005B,Violence and sexual offences,Under investigation,
e796e1c8cb10f34a46c0569c202dda85c581cfe18e7b6cb00b9ed17789e77430,2025-12,North Yorkshire Police,North Yorkshire Police,-0.443654,54.289283,On or near The Uplands,E01027843,Scarborough 005B,Violence and sexual offences,Unable to prosecute suspect,
4aa232af24e868e25c042aa8d810457e57b66c213940b3642f0b30acba03d012,2025-12,North Yorkshire Police,North Yorkshire Police,-0.441102,54.288900,On or near Ling Hill,E01027843,Scarborough 005B,Violence and sexual offences,Under investigation,
38fde85d44be058caf9e54dde66ccb89c3ee2d476266f290f1ea3b082559e57b,2025-12,North Yorkshire Police,North Yorkshire Police,-0.441102,54.288900,On or near Ling Hill,E01027843,Scarborough 005B,Violence and sexual offences,Under investigation,
f57f6042c350cd3e359ab983a9045197a2e41bc15bd89bf1702f7cdaf7482239,2025-12,North Yorkshire Police,North Yorkshire Police,-0.450713,54.290318,On or near Red Scar Lane,E01027844,Scarborough 005C,Violence and sexual offences,Unable to prosecute suspect,
b5a70f20ae5c18610856bc8a17d31667c0866b8b50d1b8c25b6f61ba891f6241,2025-12,North Yorkshire Police,North Yorkshire Police,-0.443393,54.288031,On or near Roman Close,E01027844,Scarborough 005C,Violence and sexual offences,Investigation complete; no suspect identified,
cb65270ab82e317cd31457040aee708f6773487dd61764334318ccb42ca2e208,2025-12,North Yorkshire Police,North Yorkshire Police,-0.422415,54.296683,On or near Cross Lane,E01027845,Scarborough 005D,Burglary,Unable to prosecute suspect,
d14d9f96c40953934bf472b0a9a481921592f11d06e431c3451490e2c202c6da,2025-12,North Yorkshire Police,North Yorkshire Police,-0.423990,54.294070,On or near Woodville Avenue,E01027845,Scarborough 005D,Other theft,Investigation complete; no suspect identified,
6a6f8c31a9b23539b8c21c16a233996fc027ca64bde6d8267152418bae7356b3,2025-12,North Yorkshire Police,North Yorkshire Police,-0.422671,54.293595,On or near Supermarket,E01027845,Scarborough 005D,Public order,Unable to prosecute suspect,
9e2b9512adb07e7bc052ad1cdbec49274bb207522f2df890f13cd16adc452d1d,2025-12,North Yorkshire Police,North Yorkshire Police,-0.422671,54.293595,On or near Supermarket,E01027845,Scarborough 005D,Shoplifting,Awaiting court outcome,
8feee0d6365c0d48266f73b1a6e00705b48352ba25420d73a944ae4ed5943f15,2025-12,North Yorkshire Police,North Yorkshire Police,-0.422671,54.293595,On or near Supermarket,E01027845,Scarborough 005D,Shoplifting,Awaiting court outcome,
3afb1596278af921e3a5d5076432248d490a582c25ebc33c523179726e4b8211,2025-12,North Yorkshire Police,North Yorkshire Police,-0.422671,54.293595,On or near Supermarket,E01027845,Scarborough 005D,Shoplifting,Local resolution,
d06e76a12bc64ec93a2ee7c825ec1b9a46ae30d50e083ae5ad274058dc56146f,2025-12,North Yorkshire Police,North Yorkshire Police,-0.425077,54.296404,On or near Hospital,E01027845,Scarborough 005D,Violence and sexual offences,Unable to prosecute suspect,
ddc633afe2ecd9418a1e479c245d643a4e9af3021310a75d4ed190fdf78bda85,2025-12,North Yorkshire Police,North Yorkshire Police,-0.425077,54.296404,On or near Hospital,E01027845,Scarborough 005D,Violence and sexual offences,Unable to prosecute suspect,
4fedf15356b3eee5b54d0b26e5052394eb9c2dff8834ea32043a9fa3626506ee,2025-12,North Yorkshire Police,North Yorkshire Police,-0.425077,54.296404,On or near Hospital,E01027845,Scarborough 005D,Violence and sexual offences,Unable to prosecute suspect,
085eb7a7d3f98deadff3ebd30f98a757168fa339eaf436a43fda2f728e24fe9b,2025-12,North Yorkshire Police,North Yorkshire Police,-0.425077,54.296404,On or near Hospital,E01027845,Scarborough 005D,Violence and sexual offences,Further investigation is not in the public interest,
959310c5fba7d1479beee4d931dc9002ecc9e7f2b3a135b854476d17f2e4b016,2025-12,North Yorkshire Police,North Yorkshire Police,-0.426434,54.300089,On or near Fairway,E01027845,Scarborough 005D,Violence and sexual offences,Unable to prosecute suspect,
ddc633afe2ecd9418a1e479c245d643a4e9af3021310a75d4ed190fdf78bda85,2025-12,North Yorkshire Police,North Yorkshire Police,-0.425077,54.296404,On or near Hospital,E01027845,Scarborough 005D,Violence and sexual offences,Under investigation,
9239c44a3037b0a8ef929bfe0025d388af3068431606a2e4807e1ddd6afee604,2025-12,North Yorkshire Police,North Yorkshire Police,-0.425077,54.296404,On or near Hospital,E01027845,Scarborough 005D,Violence and sexual offences,Unable to prosecute suspect,
3f84f4fbeb0f51a1c2239f03e6b9262ec76de9e1f54c1a290f4db1b19c60f169,2025-12,North Yorkshire Police,North Yorkshire Police,-0.417219,54.294719,On or near Newlands Avenue,E01027845,Scarborough 005D,Violence and sexual offences,Unable to prosecute suspect,
9b8746f52a6523e5fa94a641691efd870c62c10bda29443d5221355e71b99d7d,2025-12,North Yorkshire Police,North Yorkshire Police,-0.425077,54.296404,On or near Hospital,E01027845,Scarborough 005D,Violence and sexual offences,Unable to prosecute suspect,
8ac4c18d59ab60175266d68205ed351664c0c17d29a79ade797d801acfedee9c,2025-12,North Yorkshire Police,North Yorkshire Police,-0.425077,54.296404,On or near Hospital,E01027845,Scarborough 005D,Violence and sexual offences,Unable to prosecute suspect,
b1ee4047743bc19fa50f7900f524ec369c931044447b70ecdec73cea3f4f1c8e,2025-12,North Yorkshire Police,North Yorkshire Police,-0.425077,54.296404,On or near Hospital,E01027845,Scarborough 005D,Violence and sexual offences,Unable to prosecute suspect,
dcd5c4791434440415b6f39a046154066a21e4e8c02aa8c1b94e88838d924211,2025-12,North Yorkshire Police,North Yorkshire Police,-0.425077,54.296404,On or near Hospital,E01027845,Scarborough 005D,Violence and sexual offences,Under investigation,
16a7bdb41aeb63ec41b47cdbe3795bf324fdd1abce96c83f3404304c50d5a646,2025-12,North Yorkshire Police,North Yorkshire Police,-0.425077,54.296404,On or near Hospital,E01027845,Scarborough 005D,Violence and sexual offences,Unable to prosecute suspect,
,2025-12,North Yorkshire Police,North Yorkshire Police,-0.438494,54.302609,On or near Ridge Green,E01027855,Scarborough 005E,Anti-social behaviour,,
,2025-12,North Yorkshire Police,North Yorkshire Police,-0.440116,54.295089,On or near Petrol Station,E01027855,Scarborough 005E,Anti-social behaviour,,
,2025-12,North Yorkshire Police,North Yorkshire Police,-0.440116,54.295089,On or near Petrol Station,E01027855,Scarborough 005E,Anti-social behaviour,,
822eae1a35b0c91d70b71309b93fa31ff0a66754a04c57b7cb4a09d4dfd1803d,2025-12,North Yorkshire Police,North Yorkshire Police,-0.436990,54.301745,On or near East Avenue,E01027855,Scarborough 005E,Violence and sexual offences,Unable to prosecute suspect,
822eae1a35b0c91d70b71309b93fa31ff0a66754a04c57b7cb4a09d4dfd1803d,2025-12,North Yorkshire Police,North Yorkshire Police,-0.436990,54.301745,On or near East Avenue,E01027855,Scarborough 005E,Violence and sexual offences,Under investigation,
40f2764d0a9d9af7bcd7a847ee07cde34921326181a185b416991ea34b2fffca,2025-12,North Yorkshire Police,North Yorkshire Police,-0.441379,54.301109,On or near Chichester Close,E01027856,Scarborough 005F,Drugs,Awaiting court outcome,
6e4c69ef6c48f84f4c68bc1e6e9580e551f506941ad05298fb2ebd95b88edff6,2025-12,North Yorkshire Police,North Yorkshire Police,-0.440925,54.297652,On or near Danes Dyke,E01027856,Scarborough 005F,Violence and sexual offences,Under investigation,
2b6b132e67550a7efb251ca240ef117da5b859e4abff794fec4209157f26b6c4,2025-12,North Yorkshire Police,North Yorkshire Police,-0.441690,54.298974,On or near Riverside,E01027856,Scarborough 005F,Violence and sexual offences,Unable to prosecute suspect,
,2025-12,North Yorkshire Police,North Yorkshire Police,-0.386916,54.283998,On or near ,E01027805,Scarborough 006A,Anti-social behaviour,,
,2025-12,North Yorkshire Police,North Yorkshire Police,-0.395838,54.283435,On or near Leading Post Street,E01027805,Scarborough 006A,Anti-social behaviour,,
,2025-12,North Yorkshire Police,North Yorkshire Police,-0.395787,54.285951,On or near St Mary'S Walk,E01027805,Scarborough 006A,Anti-social behaviour,,
,2025-12,North Yorkshire Police,North Yorkshire Police,-0.391299,54.285990,On or near Graham Close,E01027805,Scarborough 006A,Anti-social behaviour,,
,2025-12,North Yorkshire Police,North Yorkshire Police,-0.393911,54.284811,On or near Cook'S Row,E01027805,Scarborough 006A,Anti-social behaviour,,
,2025-12,North Yorkshire Police,North Yorkshire Police,-0.396660,54.284434,On or near Friargate,E01027805,Scarborough 006A,Anti-social behaviour,,
,2025-12,North Yorkshire Police,North Yorkshire Police,-0.395787,54.285951,On or near St Mary'S Walk,E01027805,Scarborough 006A,Anti-social behaviour,,
ed0bf5300203ed8cadce444ccd77687f8867d7c021e4114e010d01ccb15829fb,2025-12,North Yorkshire Police,North Yorkshire Police,-0.397113,54.285815,On or near Tollergate,E01027805,Scarborough 006A,Criminal damage and arson,Under investigation,
f3baf1cad447d733624c2086a3fdc34842812bdf8a06f8a5fdce89f708c2be5c,2025-12,North Yorkshire Police,North Yorkshire Police,-0.392101,54.286315,On or near Paradise Mews,E01027805,Scarborough 006A,Criminal damage and arson,Investigation complete; no suspect identified,
780b94128bff50dcee596560f8a6f8134f1521bd64558e74419f50e682fd633d,2025-12,North Yorkshire Police,North Yorkshire Police,-0.385520,54.288420,On or near Parking Area,E01027805,Scarborough 006A,Criminal damage and arson,Under investigation,
7ee376fa6fc038a93838abbce9abe2a21a2b47a686cf9fb21254b8ba8f72d843,2025-12,North Yorkshire Police,North Yorkshire Police,-0.395787,54.285951,On or near St Mary'S Walk,E01027805,Scarborough 006A,Criminal damage and arson,Investigation complete; no suspect identified,
896023c4054483b4e9379cc2b8105cf2b36aad66ba5ef92b841c6fadcb8f4f26,2025-12,North Yorkshire Police,North Yorkshire Police,-0.392101,54.286315,On or near Paradise Mews,E01027805,Scarborough 006A,Violence and sexual offences,Unable to prosecute suspect,
da87225541170aeafb2c44ee8521705917deb985771e2c01e9a59ee3f7afc275,2025-12,North Yorkshire Police,North Yorkshire Police,-0.396239,54.285777,On or near Lancaster Street,E01027805,Scarborough 006A,Violence and sexual offences,Unable to prosecute suspect,
7763e5e06bf343d78349d1669fbf4c440e4cef052fd5dfaead7225959534c9d0,2025-12,North Yorkshire Police,North Yorkshire Police,-0.392101,54.286315,On or near Paradise Mews,E01027805,Scarborough 006A,Violence and sexual offences,Unable to prosecute suspect,
0c4f454668d1ef551a63b66faad3d7a4e579516c90050ca88adc700657e51b76,2025-12,North Yorkshire Police,North Yorkshire Police,-0.391299,54.285990,On or near Graham Close,E01027805,Scarborough 006A,Violence and sexual offences,Unable to prosecute suspect,
463aa93dd45c67c595786057e6bc0e01491f93136096db27387b5ac0692ab63f,2025-12,North Yorkshire Police,North Yorkshire Police,-0.392101,54.286315,On or near Paradise Mews,E01027805,Scarborough 006A,Violence and sexual offences,Under investigation,
d22aa9ad22e45d1e8352736b73ca5222a017df634e8601a646789f5df73c7ae4,2025-12,North Yorkshire Police,North Yorkshire Police,-0.394377,54.285851,On or near Church Street,E01027805,Scarborough 006A,Violence and sexual offences,Investigation complete; no suspect identified,
239debac6f48384d5f27455859c4261ad518acb2f07239a2f36ee38220be521d,2025-12,North Yorkshire Police,North Yorkshire Police,-0.390021,54.284499,On or near Parking Area,E01027805,Scarborough 006A,Violence and sexual offences,Unable to prosecute suspect,
54398bbab9284abecd593143add2906ac43356f8f296a32721710475e1cf1353,2025-12,North Yorkshire Police,North Yorkshire Police,-0.395787,54.285951,On or near St Mary'S Walk,E01027805,Scarborough 006A,Violence and sexual offences,Under investigation,
7973e5bc6f29f4044b771ea02c2109e56ac710a01483e4c31aa92aa997ae096d,2025-12,North Yorkshire Police,North Yorkshire Police,-0.396260,54.283656,On or near Shopping Area,E01027805,Scarborough 006A,Violence and sexual offences,Unable to prosecute suspect,
28073410ff7ae4237524652165c2ba43d64d9f9c99feb0d5b5072b3fa7ef1339,2025-12,North Yorkshire Police,North Yorkshire Police,-0.395462,54.284041,On or near Globe Street,E01027805,Scarborough 006A,Violence and sexual offences,Unable to prosecute suspect,
e6b622dd0aae38698c3047998245856512ef9018e2e2eb10f35c0ad26823f677,2025-12,North Yorkshire Police,North Yorkshire Police,-0.397518,54.286477,On or near Blenheim Street,E01027805,Scarborough 006A,Violence and sexual offences,Unable to prosecute suspect,
c17d839679369e2ecf99546bec22d2f8115784d6b4037cba38d3fbb292999b0d,2025-12,North Yorkshire Police,North Yorkshire Police,-0.395462,54.284041,On or near Globe Street,E01027805,Scarborough 006A,Violence and sexual offences,Unable to prosecute suspect,
53c65c5c5a1f3af23d8a9d36eb5ac4a9ff33ff4ebdd2fa6e43f418d58edaacbc,2025-12,North Yorkshire Police,North Yorkshire Police,-0.395787,54.285951,On or near St Mary'S Walk,E01027805,Scarborough 006A,Violence and sexual offences,Unable to prosecute suspect,
4f6b57996cb0dc8543f3eee593a4a1f1e690831ecf1b8b474518970ed1ed3042,2025-12,North Yorkshire Police,North Yorkshire Police,-0.392101,54.286315,On or near Paradise Mews,E01027805,Scarborough 006A,Violence and sexual offences,Unable to prosecute suspect,
b8230d873aff790959c065612000526d144b143e076b8478292cb799e18d9071,2025-12,North Yorkshire Police,North Yorkshire Police,-0.392101,54.286315,On or near Paradise Mews,E01027805,Scarborough 006A,Violence and sexual offences,Under investigation,
3f8b309a9d57d770d057a9f3ffe573057536f939b35e3a5d9cb43248d7bd511c,2025-12,North Yorkshire Police,North Yorkshire Police,-0.397518,54.286477,On or near Blenheim Street,E01027805,Scarborough 006A,Violence and sexual offences,Unable to prosecute suspect,
2f593a28b23783e6cde5730b0d4c3baab289d4012713c44b8ed82deb59d370f1,2025-12,North Yorkshire Police,North Yorkshire Police,-0.392101,54.286315,On or near Paradise Mews,E01027805,Scarborough 006A,Violence and sexual offences,Under investigation,
5c15dd30cc9e4c159950bf15ba5b2f195f5878358fff43cbea90293c82284063,2025-12,North Yorkshire Police,North Yorkshire Police,-0.397113,54.285815,On or near Tollergate,E01027805,Scarborough 006A,Other crime,Investigation complete; no suspect identified,
,2025-12,North Yorkshire Police,North Yorkshire Police,-0.399707,54.282317,On or near Shopping Area,E01027806,Scarborough 006B,Anti-social behaviour,,
,2025-12,North Yorkshire Police,North Yorkshire Police,-0.403382,54.284200,On or near B1364,E01027806,Scarborough 006B,Anti-social behaviour,,
,2025-12,North Yorkshire Police,North Yorkshire Police,-0.400275,54.285093,On or near Maria'S Court,E01027806,Scarborough 006B,Anti-social behaviour,,
,2025-12,North Yorkshire Police,North Yorkshire Police,-0.398951,54.282793,On or near Newborough,E01027806,Scarborough 006B,Anti-social behaviour,,
,2025-12,North Yorkshire Police,North Yorkshire Police,-0.397566,54.283161,On or near ,E01027806,Scarborough 006B,Anti-social behaviour,,
,2025-12,North Yorkshire Police,North Yorkshire Police,-0.400275,54.285093,On or near Maria'S Court,E01027806,Scarborough 006B,Anti-social behaviour,,
,2025-12,North Yorkshire Police,North Yorkshire Police,-0.398951,54.282793,On or near Newborough,E01027806,Scarborough 006B,Anti-social behaviour,,
,2025-12,North Yorkshire Police,North Yorkshire Police,-0.400408,54.284044,On or near St Thomas Street,E01027806,Scarborough 006B,Anti-social behaviour,,
,2025-12,North Yorkshire Police,North Yorkshire Police,-0.401593,54.284383,On or near Parking Area,E01027806,Scarborough 006B,Anti-social behaviour,,
,2025-12,North Yorkshire Police,North Yorkshire Police,-0.397566,54.283161,On or near ,E01027806,Scarborough 006B,Anti-social behaviour,,
,2025-12,North Yorkshire Police,North Yorkshire Police,-0.400275,54.285093,On or near Maria'S Court,E01027806,Scarborough 006B,Anti-social behaviour,,
,2025-12,North Yorkshire Police,North Yorkshire Police,-0.401873,54.281782,On or near ,E01027806,Scarborough 006B,Anti-social behaviour,,
,2025-12,North Yorkshire Police,North Yorkshire Police,-0.400290,54.284303,On or near Elder'S Street,E01027806,Scarborough 006B,Anti-social behaviour,,
,2025-12,North Yorkshire Police,North Yorkshire Police,-0.394720,54.284157,On or near St Sepulchre Street,E01027806,Scarborough 006B,Anti-social behaviour,,
,2025-12,North Yorkshire Police,North Yorkshire Police,-0.400290,54.284303,On or near Elder'S Street,E01027806,Scarborough 006B,Anti-social behaviour,,
,2025-12,North Yorkshire Police,North Yorkshire Police,-0.403118,54.282695,On or near Aberdeen Walk,E01027806,Scarborough 006B,Anti-social behaviour,,
,2025-12,North Yorkshire Police,North Yorkshire Police,-0.400408,54.284044,On or near St Thomas Street,E01027806,Scarborough 006B,Anti-social behaviour,,
,2025-12,North Yorkshire Police,North Yorkshire Police,-0.399006,54.285742,On or near Parking Area,E01027806,Scarborough 006B,Anti-social behaviour,,
,2025-12,North Yorkshire Police,North Yorkshire Police,-0.398538,54.282356,On or near Nightclub,E01027806,Scarborough 006B,Anti-social behaviour,,
,2025-12,North Yorkshire Police,North Yorkshire Police,-0.401593,54.284383,On or near Parking Area,E01027806,Scarborough 006B,Anti-social behaviour,,
,2025-12,North Yorkshire Police,North Yorkshire Police,-0.400408,54.284044,On or near St Thomas Street,E01027806,Scarborough 006B,Anti-social behaviour,,
,2025-12,North Yorkshire Police,North Yorkshire Police,-0.393259,54.284587,On or near Princess Square,E01027806,Scarborough 006B,Anti-social behaviour,,
,2025-12,North Yorkshire Police,North Yorkshire Police,-0.398538,54.282356,On or near Nightclub,E01027806,Scarborough 006B,Anti-social behaviour,,
,2025-12,North Yorkshire Police,North Yorkshire Police,-0.399707,54.282317,On or near Shopping Area,E01027806,Scarborough 006B,Anti-social behaviour,,
,2025-12,North Yorkshire Police,North Yorkshire Police,-0.398951,54.282793,On or near Newborough,E01027806,Scarborough 006B,Anti-social behaviour,,
,2025-12,North Yorkshire Police,North Yorkshire Police,-0.402884,54.281982,On or near Aberdeen Place,E01027806,Scarborough 006B,Anti-social behaviour,,
,2025-12,North Yorkshire Police,North Yorkshire Police,-0.397566,54.283161,On or near ,E01027806,Scarborough 006B,Anti-social behaviour,,
,2025-12,North Yorkshire Police,North Yorkshire Police,-0.393201,54.283667,On or near ,E01027806,Scarborough 006B,Anti-social behaviour,,
,2025-12,North Yorkshire Police,North Yorkshire Police,-0.403026,54.283863,On or near Bedford Street,E01027806,Scarborough 006B,Anti-social behaviour,,
79bb297ac0eefbe39f8d83212a59eb71eb8070c23e997b903ab8c51e73762ba7,2025-12,North Yorkshire Police,North Yorkshire Police,-0.399065,54.283424,On or near Parking Area,E01027806,Scarborough 006B,Burglary,Under investigation,
ac528ee9bdcd2cdf23cd498acafc6dff712487371b2a2b4c6e3eabb2aad382d9,2025-12,North Yorkshire Police,North Yorkshire Police,-0.398718,54.284830,On or near Friar'S Way,E01027806,Scarborough 006B,Burglary,Unable to prosecute suspect,
55dd2b4b1c175e56694b2d8cb4f55deddb5d2a6a9c5e5a7639e9c033c6ce7ff4,2025-12,North Yorkshire Police,North Yorkshire Police,-0.400275,54.285093,On or near Maria'S Court,E01027806,Scarborough 006B,Criminal damage and arson,Investigation complete; no suspect identified,
c3497e740f9fb36b84666c27f03ff443c1bba67cddeea63a02b50b0265a11131,2025-12,North Yorkshire Police,North Yorkshire Police,-0.400275,54.285093,On or near Maria'S Court,E01027806,Scarborough 006B,Criminal damage and arson,Investigation complete; no suspect identified,
8d2d5ac45d9cbc880e8ccfca5997979d68d489331b5c73c6f9d4881a1790a832,2025-12,North Yorkshire Police,North Yorkshire Police,-0.398538,54.282356,On or near Nightclub,E01027806,Scarborough 006B,Criminal damage and arson,Awaiting court outcome,
0b7e51b824b863adaa7110246bff9d0e1da93f294ab4a7dec3a789592edd65d7,2025-12,North Yorkshire Police,North Yorkshire Police,-0.400615,54.282662,On or near Waterhouse Lane,E01027806,Scarborough 006B,Criminal damage and arson,Unable to prosecute suspect,
1e48eb845a94fc76a4622a946b6ce4bd3d88b39bdce8192be64675efac59f239,2025-12,North Yorkshire Police,North Yorkshire Police,-0.397556,54.284302,On or near Cross Street,E01027806,Scarborough 006B,Criminal damage and arson,Investigation complete; no suspect identified,
6c6222fcd3f407d87a39b72ab49164ed86c829bf67b79693a197eb1d8d275038,2025-12,North Yorkshire Police,North Yorkshire Police,-0.396548,54.282968,On or near Prospect Place,E01027806,Scarborough 006B,Criminal damage and arson,Unable to prosecute suspect,
4ae1cff7314b5f7e87464181229331e86eb7bb5bc77fcf0ffd25026bffcf6c0e,2025-12,North Yorkshire Police,North Yorkshire Police,-0.401593,54.284383,On or near Parking Area,E01027806,Scarborough 006B,Criminal damage and arson,Investigation complete; no suspect identified,
d140a5b699ae6abc621aebdfa86b887c79f5441b39f141e64bd9cd2fd0694740,2025-12,North Yorkshire Police,North Yorkshire Police,-0.402884,54.281982,On or near Aberdeen Place,E01027806,Scarborough 006B,Drugs,Unable to prosecute suspect,
033dccb18c4cbc58cf8301c2b03823abc1891bcb8f033fa51222abf256e96b86,2025-12,North Yorkshire Police,North Yorkshire Police,-0.398538,54.282356,On or near Nightclub,E01027806,Scarborough 006B,Drugs,Under investigation,
eca68654724aedd87a2a3d139c2f7cda2afe625650f224af7ec5cf492c5d4290,2025-12,North Yorkshire Police,North Yorkshire Police,-0.402884,54.281982,On or near Aberdeen Place,E01027806,Scarborough 006B,Drugs,Awaiting court outcome,
8e75554cbefc2ed73068e7a9b74870ba7de9c1bd9037e28061765bf709f30836,2025-12,North Yorkshire Police,North Yorkshire Police,-0.401873,54.281782,On or near ,E01027806,Scarborough 006B,Drugs,Local resolution,
67b43ddda60706bccd859b55a6c391e2c4ad9a43b8d05117a32147eefda98aa1,2025-12,North Yorkshire Police,North Yorkshire Police,-0.402884,54.281982,On or near Aberdeen Place,E01027806,Scarborough 006B,Other theft,Under investigation,
21418efda3307d23007bd7a1ed1517372b81141001cdbd78c845507dd40f82b8,2025-12,North Yorkshire Police,North Yorkshire Police,-0.398538,54.282356,On or near Nightclub,E01027806,Scarborough 006B,Other theft,Unable to prosecute suspect,
318667566c893ffc79000bd3573ac9649c2dec05bf22fa663f854e5e7d20db27,2025-12,North Yorkshire Police,North Yorkshire Police,-0.394720,54.284157,On or near St Sepulchre Street,E01027806,Scarborough 006B,Other theft,Investigation complete; no suspect identified,
829076ab39723008a064aa4b743706f3809cb57d6c7c6ebfe0271720f030be47,2025-12,North Yorkshire Police,North Yorkshire Police,-0.402884,54.281982,On or near Aberdeen Place,E01027806,Scarborough 006B,Other theft,Unable to prosecute suspect,
0f874d071b54bd345251077c822026fa3b70a5dcf7a2177d15db29ef09c2620e,2025-12,North Yorkshire Police,North Yorkshire Police,-0.399065,54.283424,On or near Parking Area,E01027806,Scarborough 006B,Other theft,Unable to prosecute suspect,
489f1dee709bc8e289bab7273a34959a6d80edf38c3c51235e64870f0730d9ac,2025-12,North Yorkshire Police,North Yorkshire Police,-0.401873,54.281782,On or near ,E01027806,Scarborough 006B,Possession of weapons,Awaiting court outcome,
4dda6f4f71004b8d56e86e432647749ad225f5b7fc05b3c3cf1ecb61697753df,2025-12,North Yorkshire Police,North Yorkshire Police,-0.400615,54.282662,On or near Waterhouse Lane,E01027806,Scarborough 006B,Possession of weapons,Awaiting court outcome,
3686af8e015b5409d5210b8431ea2f628e8687d35e0b3b50b92185c09c77e21b,2025-12,North Yorkshire Police,North Yorkshire Police,-0.398951,54.282793,On or near Newborough,E01027806,Scarborough 006B,Public order,Unable to prosecute suspect,
54b50ab00ecf2d1840aa6cd2f34a51882265e0fea0924dc59a9a93d5d797c6c9,2025-12,North Yorkshire Police,North Yorkshire Police,-0.400156,54.281416,On or near Huntriss Row,E01027806,Scarborough 006B,Public order,Unable to prosecute suspect,
819d78ded6c65e6641bc1c0fac35132e5f71cc3b7053e540a26d75f7d9bef9af,2025-12,North Yorkshire Police,North Yorkshire Police,-0.402884,54.281982,On or near Aberdeen Place,E01027806,Scarborough 006B,Public order,Unable to prosecute suspect,
453417061dd667bae070b00d9cd7a79dfb92f2b233b89b87a34e6c31b049889b,2025-12,North Yorkshire Police,North Yorkshire Police,-0.399153,54.284306,On or near Queen Street,E01027806,Scarborough 006B,Public order,Under investigation,
5c8f327d35f79882e149ed7b187ca98da61c523563bd0098335cc8b18babadb9,2025-12,North Yorkshire Police,North Yorkshire Police,-0.402884,54.281982,On or near Aberdeen Place,E01027806,Scarborough 006B,Public order,Awaiting court outcome,
9669edaec512e65e05e16d14b3d73b518be8dd38aa35511e0e21cd02962ffa73,2025-12,North Yorkshire Police,North Yorkshire Police,-0.402884,54.281982,On or near Aberdeen Place,E01027806,Scarborough 006B,Public order,Awaiting court outcome,
f4d2a903488e1c0ee93ae3829201ef665a39097b320d5c14e1c47d76df6eb2b2,2025-12,North Yorkshire Police,North Yorkshire Police,-0.398951,54.282793,On or near Newborough,E01027806,Scarborough 006B,Public order,Awaiting court outcome,
896e7e8215fdcf015bd318429829332837738fdf4cd8e5e6b23943c854cd1823,2025-12,North Yorkshire Police,North Yorkshire Police,-0.402137,54.285415,On or near James Place,E01027806,Scarborough 006B,Public order,Unable to prosecute suspect,
32c0a379c8668bf958aa6478d759f42a6c10f5c5002cfaae7d58bdad576f2373,2025-12,North Yorkshire Police,North Yorkshire Police,-0.402884,54.281982,On or near Aberdeen Place,E01027806,Scarborough 006B,Public order,Unable to prosecute suspect,
945b9ac5679649ed68db61b28887a2b0f71785fb8b0dfe9bc4549896be0768ba,2025-12,North Yorkshire Police,North Yorkshire Police,-0.403941,54.283254,On or near Union Street,E01027806,Scarborough 006B,Public order,Under investigation,
c3ff2ee2554711e209cfc43bd403d89e4dfbb2590529c5f52e14a6076acc273c,2025-12,North Yorkshire Police,North Yorkshire Police,-0.399153,54.284306,On or near Queen Street,E01027806,Scarborough 006B,Public order,Under investigation,
a11d062598f45bcce5443114da2fc2c1cdbd89a72b4dc5484ea5ec21061483be,2025-12,North Yorkshire Police,North Yorkshire Police,-0.397566,54.283161,On or near ,E01027806,Scarborough 006B,Public order,Unable to prosecute suspect,
3b1f1d69d45a605c72ec9cf7a78fd73b979c79c946ee36a3e9f6e5f794ae240f,2025-12,North Yorkshire Police,North Yorkshire Police,-0.398951,54.282793,On or near Newborough,E01027806,Scarborough 006B,Public order,Unable to prosecute suspect,
c3c5bceccdc23aa0f27a6a878f1d9f1b01ecf318ccacfd37a5f6e6bea9b8ff25,2025-12,North Yorkshire Police,North Yorkshire Police,-0.397827,54.283650,On or near Shopping Area,E01027806,Scarborough 006B,Shoplifting,Investigation complete; no suspect identified,
81cc27e1e1f437b9f515041c859bdb265b6124cc675cfc9d4079605d13ca7d01,2025-12,North Yorkshire Police,North Yorkshire Police,-0.401385,54.282609,On or near Parking Area,E01027806,Scarborough 006B,Shoplifting,Local resolution,
681bda11cc9c07f6c070b7c5da83edc1b3b69af40b80cc3a19b8e99a45194835,2025-12,North Yorkshire Police,North Yorkshire Police,-0.400156,54.281416,On or near Huntriss Row,E01027806,Scarborough 006B,Shoplifting,Awaiting court outcome,
075154559857e1ba9adfcfe5fde945ac6181abe1db08699cdfc5f32bdb7041a4,2025-12,North Yorkshire Police,North Yorkshire Police,-0.400156,54.281416,On or near Huntriss Row,E01027806,Scarborough 006B,Shoplifting,Awaiting court outcome,
562ddbeb9ddc5312a003b8c6dcddd1cdfd05b8285e272fe9d893426524654204,2025-12,North Yorkshire Police,North Yorkshire Police,-0.401385,54.282609,On or near Parking Area,E01027806,Scarborough 006B,Shoplifting,Investigation complete; no suspect identified,
09b1078f486f864cc423aed63a9307bcd5991f80ebd172eb1d3853fe3b6ad1dc,2025-12,North Yorkshire Police,North Yorkshire Police,-0.401385,54.282609,On or near Parking Area,E01027806,Scarborough 006B,Shoplifting,Awaiting court outcome,
636c5fe6fb75a21870d6c34fdf64ab640461d27b13e4ec183dc849039b5b3495,2025-12,North Yorkshire Police,North Yorkshire Police,-0.399707,54.282317,On or near Shopping Area,E01027806,Scarborough 006B,Shoplifting,Investigation complete; no suspect identified,
1a9c735a343775bf72f8ccc85742c2bc4af88d09d5f0c016b3fb8ca3fe08072d,2025-12,North Yorkshire Police,North Yorkshire Police,-0.398951,54.282793,On or near Newborough,E01027806,Scarborough 006B,Shoplifting,Awaiting court outcome,
ceddf070b02c4a2d84efade5041fdca2b08779d2c18499eaaed9872803fc23af,2025-12,North Yorkshire Police,North Yorkshire Police,-0.401385,54.282609,On or near Parking Area,E01027806,Scarborough 006B,Shoplifting,Awaiting court outcome,
5043f4f31adc338e620407eb2a7ed9e13f48705a304ebd5e0c3d25222cba1ae8,2025-12,North Yorkshire Police,North Yorkshire Police,-0.401385,54.282609,On or near Parking Area,E01027806,Scarborough 006B,Shoplifting,Awaiting court outcome,
b33fc48383055d884211cad06b152982abff26a0251117e513e6328701c17ef5,2025-12,North Yorkshire Police,North Yorkshire Police,-0.401385,54.282609,On or near Parking Area,E01027806,Scarborough 006B,Shoplifting,Investigation complete; no suspect identified,
d209214657dfa5d231e22632b030c835d9538bc310e6d84fcb59f96c9b427833,2025-12,North Yorkshire Police,North Yorkshire Police,-0.400615,54.282662,On or near Waterhouse Lane,E01027806,Scarborough 006B,Shoplifting,Investigation complete; no suspect identified,
de91a80763e0c6177560b17d277f147a2eb012da13c44856c17017e5af170c1d,2025-12,North Yorkshire Police,North Yorkshire Police,-0.401385,54.282609,On or near Parking Area,E01027806,Scarborough 006B,Shoplifting,Investigation complete; no suspect identified,
d90fe3edb4928925748024d224d86b91479ee45237c808c958f8e5e6d372859e,2025-12,North Yorkshire Police,North Yorkshire Police,-0.401385,54.282609,On or near Parking Area,E01027806,Scarborough 006B,Shoplifting,Investigation complete; no suspect identified,
48a103954b2712a5dcff939117f0e25da37f0856b9f1ed6b8e0b2c67e7a9dd9f,2025-12,North Yorkshire Police,North Yorkshire Police,-0.400156,54.281416,On or near Huntriss Row,E01027806,Scarborough 006B,Shoplifting,Awaiting court outcome,
c351508054cb7bad856de29bd664d55ced47db444a12344cfc9f3d1479d97e63,2025-12,North Yorkshire Police,North Yorkshire Police,-0.399707,54.282317,On or near Shopping Area,E01027806,Scarborough 006B,Shoplifting,Local resolution,
6f3cee7c8dac6d201e453da3f1e24b6f2b1ce031f23fbaec63624cb125c3dab3,2025-12,North Yorkshire Police,North Yorkshire Police,-0.402884,54.281982,On or near Aberdeen Place,E01027806,Scarborough 006B,Shoplifting,Local resolution,
decbd3317921b7e22377bd3059ae5bf554c7e83c263bbcf1ac674112e5ce1e63,2025-12,North Yorkshire Police,North Yorkshire Police,-0.402884,54.281982,On or near Aberdeen Place,E01027806,Scarborough 006B,Shoplifting,Investigation complete; no suspect identified,
a9689db1e5f7fc55a88711c12b364c64ba4ef2d7e71c12689b2308c410665f86,2025-12,North Yorkshire Police,North Yorkshire Police,-0.402884,54.281982,On or near Aberdeen Place,E01027806,Scarborough 006B,Shoplifting,Investigation complete; no suspect identified,
150b79ff8b57446dcbd33c0a13980f86d0db42fb5f0f09bc9ba8e7cd641f3e52,2025-12,North Yorkshire Police,North Yorkshire Police,-0.401385,54.282609,On or near Parking Area,E01027806,Scarborough 006B,Shoplifting,Investigation complete; no suspect identified,
6fff3b35f75dbd88daea0c786e9507c44783dd7d07263ad446ccf0d3968a1767,2025-12,North Yorkshire Police,North Yorkshire Police,-0.400156,54.281416,On or near Huntriss Row,E01027806,Scarborough 006B,Shoplifting,Investigation complete; no suspect identified,
621e549cda0d39f9aa39d43d2edb67e6c162948c4250428c64df6e1391384949,2025-12,North Yorkshire Police,North Yorkshire Police,-0.402884,54.281982,On or near Aberdeen Place,E01027806,Scarborough 006B,Shoplifting,Awaiting court outcome,
5e429efd77af38229401c903089eb294e661b68fb084f721c8a1123fe5861a07,2025-12,North Yorkshire Police,North Yorkshire Police,-0.401385,54.282609,On or near Parking Area,E01027806,Scarborough 006B,Shoplifting,Investigation complete; no suspect identified,
a04edeb98914d521552e6e8344a66745812a5dd7855fcdc527ea78c10cecafc0,2025-12,North Yorkshire Police,North Yorkshire Police,-0.401385,54.282609,On or near Parking Area,E01027806,Scarborough 006B,Shoplifting,Investigation complete; no suspect identified,
9df9aa2c7a8c9b9765accf764a6972cd9bce659a418ed83894bf6553c3a69cd3,2025-12,North Yorkshire Police,North Yorkshire Police,-0.401385,54.282609,On or near Parking Area,E01027806,Scarborough 006B,Shoplifting,Investigation complete; no suspect identified,
d442d83ba2a2d6a6f4700a0fa7a1de5eef960a5338354f18fbcd93a8c363247d,2025-12,North Yorkshire Police,North Yorkshire Police,-0.402884,54.281982,On or near Aberdeen Place,E01027806,Scarborough 006B,Shoplifting,Suspect charged as part of another case,
427f6a3c5ed85ccbca4a890a06940cdbbc783187ea52b4114da7e2e86de61674,2025-12,North Yorkshire Police,North Yorkshire Police,-0.397827,54.283650,On or near Shopping Area,E01027806,Scarborough 006B,Shoplifting,Local resolution,
c04b8026f863c44c5360adcfce43b63c7d3ac3ccecc56621d73f06afc66f9fa0,2025-12,North Yorkshire Police,North Yorkshire Police,-0.402884,54.281982,On or near Aberdeen Place,E01027806,Scarborough 006B,Shoplifting,Suspect charged as part of another case,
09a7b2e42173fd051a5be8f1d974133a923f56a9cb7a7f79f8646ea57c7f33e3,2025-12,North Yorkshire Police,North Yorkshire Police,-0.401873,54.281782,On or near ,E01027806,Scarborough 006B,Shoplifting,Local resolution,
9117741e31a34c3768cf539bc15bd3e2cdfaefc9f369b3ff523c77f759ae06a2,2025-12,North Yorkshire Police,North Yorkshire Police,-0.400156,54.281416,On or near Huntriss Row,E01027806,Scarborough 006B,Shoplifting,Awaiting court outcome,
0828a5d548d216a6cb9b4b655e0e6888695629cfe54e53ede797967869fdf2ab,2025-12,North Yorkshire Police,North Yorkshire Police,-0.401385,54.282609,On or near Parking Area,E01027806,Scarborough 006B,Shoplifting,Investigation complete; no suspect identified,
34aaa0b6c6fc9250ee77951ea9da88fb325acaabd275f7559ff36d6dfd1e3dbc,2025-12,North Yorkshire Police,North Yorkshire Police,-0.402884,54.281982,On or near Aberdeen Place,E01027806,Scarborough 006B,Shoplifting,Awaiting court outcome,
fdfca3e19b641c40ec4269d2f691c1cc3e1cd19b6484231780352a5c917ccc83,2025-12,North Yorkshire Police,North Yorkshire Police,-0.401385,54.282609,On or near Parking Area,E01027806,Scarborough 006B,Shoplifting,Awaiting court outcome,
7525bfa0345c3793bd195bff4a42e7729a51928d028c094a4dceaa92268ac1a7,2025-12,North Yorkshire Police,North Yorkshire Police,-0.401385,54.282609,On or near Parking Area,E01027806,Scarborough 006B,Shoplifting,Local resolution,
b6e5b35f5703965cf6771472fca7e03f79360a62cb4e3e9712db7f1dfd63fc52,2025-12,North Yorkshire Police,North Yorkshire Police,-0.402884,54.281982,On or near Aberdeen Place,E01027806,Scarborough 006B,Shoplifting,Investigation complete; no suspect identified,
70b09683bc994f5b7db0ce6a7fbe28aea830fca02103633781eb127c04b57490,2025-12,North Yorkshire Police,North Yorkshire Police,-0.401385,54.282609,On or near Parking Area,E01027806,Scarborough 006B,Shoplifting,Investigation complete; no suspect identified,
6a55d7a710ec9a184f52821d81335e27b8c25729c56923fe9059077ba6caffc4,2025-12,North Yorkshire Police,North Yorkshire Police,-0.400615,54.282662,On or near Waterhouse Lane,E01027806,Scarborough 006B,Shoplifting,Awaiting court outcome,
b67a1213da2d51ee7dc0b88e17a2d69238372baaa8f695e669efd823afd72a36,2025-12,North Yorkshire Police,North Yorkshire Police,-0.402884,54.281982,On or near Aberdeen Place,E01027806,Scarborough 006B,Shoplifting,Awaiting court outcome,
a35535b32e57393e5ffd53744309ea2d3fca792677e9f37c9ced26343609b668,2025-12,North Yorkshire Police,North Yorkshire Police,-0.400156,54.281416,On or near Huntriss Row,E01027806,Scarborough 006B,Shoplifting,Investigation complete; no suspect identified,
2c5945302d642a3bc7d81e11978c4f06a24c7ff4fc70f7536f73c8bc42c48317,2025-12,North Yorkshire Police,North Yorkshire Police,-0.400156,54.281416,On or near Huntriss Row,E01027806,Scarborough 006B,Shoplifting,Under investigation,
2d19a7738b0e19abf07225aaf98ec8e1e85deba0df04c137796dddf8d51ffe07,2025-12,North Yorkshire Police,North Yorkshire Police,-0.401385,54.282609,On or near Parking Area,E01027806,Scarborough 006B,Shoplifting,Investigation complete; no suspect identified,
b6e48db2f085b3bb47287dc8143a3670af3644511c6cfb604e1ee60ee8b39195,2025-12,North Yorkshire Police,North Yorkshire Police,-0.399707,54.282317,On or near Shopping Area,E01027806,Scarborough 006B,Shoplifting,Local resolution,
8f67fef17a04d05ce9073b3764351c20b4137a4fa2fe06ed7d2e98a0c121cd60,2025-12,North Yorkshire Police,North Yorkshire Police,-0.401873,54.281782,On or near ,E01027806,Scarborough 006B,Shoplifting,Local resolution,
5b6178a4b6d45ed2497a89cd4513b217e9c22fbe3ce53698d437f5c52ab0d3b8,2025-12,North Yorkshire Police,North Yorkshire Police,-0.399707,54.282317,On or near Shopping Area,E01027806,Scarborough 006B,Shoplifting,Unable to prosecute suspect,
3992e71f9168bd997d8bc3b1cb2ce37ba7a594a53323ca8965f7469f64a4c29b,2025-12,North Yorkshire Police,North Yorkshire Police,-0.398951,54.282793,On or near Newborough,E01027806,Scarborough 006B,Shoplifting,Local resolution,
f1e32bcef32cd1ce745e6871808f879795e213dd614d03cdf008379e6c067355,2025-12,North Yorkshire Police,North Yorkshire Police,-0.401385,54.282609,On or near Parking Area,E01027806,Scarborough 006B,Shoplifting,Investigation complete; no suspect identified,
f8035e3fe5a233c8f28e502371f1b739b02a6d8a5dadab04329307b70bc5363f,2025-12,North Yorkshire Police,North Yorkshire Police,-0.401385,54.282609,On or near Parking Area,E01027806,Scarborough 006B,Shoplifting,Investigation complete; no suspect identified,
a9222729b5e2f0f0e8d1fda7434cbd37bdd9ea922882043858925bc22e1ba905,2025-12,North Yorkshire Police,North Yorkshire Police,-0.401385,54.282609,On or near Parking Area,E01027806,Scarborough 006B,Shoplifting,Awaiting court outcome,
11d97cc94a46088a12de8095b7b6ee8ef30e1b86b61f097d00672acc1ec59305,2025-12,North Yorkshire Police,North Yorkshire Police,-0.401385,54.282609,On or near Parking Area,E01027806,Scarborough 006B,Shoplifting,Investigation complete; no suspect identified,
6fffa056f3b84e201b948de27be48c61866afc15ade59a5fc21655f9f070e29b,2025-12,North Yorkshire Police,North Yorkshire Police,-0.402884,54.281982,On or near Aberdeen Place,E01027806,Scarborough 006B,Shoplifting,Local resolution,
12ed98a21c0820723bb24a176140ad596a113b1d411d099ce74a6e87bfa3e529,2025-12,North Yorkshire Police,North Yorkshire Police,-0.401385,54.282609,On or near Parking Area,E01027806,Scarborough 006B,Shoplifting,Awaiting court outcome,
98963943914a7bae413007d096dd3ec62acefd0af61edf98fe61dc53f54a1414,2025-12,North Yorkshire Police,North Yorkshire Police,-0.401385,54.282609,On or near Parking Area,E01027806,Scarborough 006B,Shoplifting,Investigation complete; no suspect identified,
9352ea0e054b3c86faeabaef54a099fc8462d2be6bd71c276a6def3673e2dd3f,2025-12,North Yorkshire Police,North Yorkshire Police,-0.401385,54.282609,On or near Parking Area,E01027806,Scarborough 006B,Shoplifting,Investigation complete; no suspect identified,
df1ffc94947bf7e4b119e46fe0973eb4158d8eb72fd342b082472b1401762769,2025-12,North Yorkshire Police,North Yorkshire Police,-0.401385,54.282609,On or near Parking Area,E01027806,Scarborough 006B,Shoplifting,Investigation complete; no suspect identified,
6485d559e4a8f2cc9ba34f709627898c059d54786cf03c7fa75f4454ab4902cb,2025-12,North Yorkshire Police,North Yorkshire Police,-0.402884,54.281982,On or near Aberdeen Place,E01027806,Scarborough 006B,Shoplifting,Awaiting court outcome,
6e6ed9aa503d58213c93ec62959080221f6b9708aab74758f6793cd713f47d6e,2025-12,North Yorkshire Police,North Yorkshire Police,-0.401385,54.282609,On or near Parking Area,E01027806,Scarborough 006B,Shoplifting,Investigation complete; no suspect identified,
f368f44863fe2bc511048b80fc10c55e8f5ff105fa85f891c3b5662a97d5d218,2025-12,North Yorkshire Police,North Yorkshire Police,-0.401385,54.282609,On or near Parking Area,E01027806,Scarborough 006B,Shoplifting,Investigation complete; no suspect identified,
4d4cd903f81858ce0062a1e9fb25502ffbb7d05bc5886c196195a8812a740ef3,2025-12,North Yorkshire Police,North Yorkshire Police,-0.400615,54.282662,On or near Waterhouse Lane,E01027806,Scarborough 006B,Theft from the person,Investigation complete; no suspect identified,
a9a592d0fbd77ced3bf280cc61f23a619c8da4d2728f302f9c3403337608075a,2025-12,North Yorkshire Police,North Yorkshire Police,-0.398538,54.282356,On or near Nightclub,E01027806,Scarborough 006B,Violence and sexual offences,Investigation complete; no suspect identified,
434cb793684755478b50c8b4f71517acbf4deb3192062be340066d7691c36226,2025-12,North Yorkshire Police,North Yorkshire Police,-0.397556,54.284302,On or near Cross Street,E01027806,Scarborough 006B,Violence and sexual offences,Under investigation,
e41fa5a57d8369cd30468c8638f6a293380dd8c348c40bb1963dd0cb7cbe6c96,2025-12,North Yorkshire Police,North Yorkshire Police,-0.398538,54.282356,On or near Nightclub,E01027806,Scarborough 006B,Violence and sexual offences,Unable to prosecute suspect,
b79c984a4d0898cabd5c0ced0bbb9f3f49952b68827d4ee010274b3c791923ce,2025-12,North Yorkshire Police,North Yorkshire Police,-0.396548,54.282968,On or near Prospect Place,E01027806,Scarborough 006B,Violence and sexual offences,Awaiting court outcome,
d290f9e915b87b4c4a5b34fd26ba6d2dcf3ab8a36e91664dc123f005653293d4,2025-12,North Yorkshire Police,North Yorkshire Police,-0.399006,54.285742,On or near Parking Area,E01027806,Scarborough 006B,Violence and sexual offences,Unable to prosecute suspect,
5693fdd9c4b9a51a67d8e54161f25e5b2f0fca81ea0c2b3024a4790e963c28ce,2025-12,North Yorkshire Police,North Yorkshire Police,-0.398538,54.282356,On or near Nightclub,E01027806,Scarborough 006B,Violence and sexual offences,Under investigation,
5283bb41ab6476e4882661e8676672d6b3bede036c7a3dae235fc5079c7ce8f8,2025-12,North Yorkshire Police,North Yorkshire Police,-0.400615,54.282662,On or near Waterhouse Lane,E01027806,Scarborough 006B,Violence and sexual offences,Unable to prosecute suspect,
4dad6cd42cc4ce6cb42c4d24e4598a5261b3f370c2261d62cf7a6adf48ae78d4,2025-12,North Yorkshire Police,North Yorkshire Police,-0.403118,54.282695,On or near Aberdeen Walk,E01027806,Scarborough 006B,Violence and sexual offences,Unable to prosecute suspect,
ead49adc90cc1e1e3c5673bae8da379a0c76efc52cdf085679cb66596705d668,2025-12,North Yorkshire Police,North Yorkshire Police,-0.398718,54.284830,On or near Friar'S Way,E01027806,Scarborough 006B,Violence and sexual offences,Unable to prosecute suspect,
4597d4915ff3eaf660e304fb7b2f3a1811ee4eb24f49835d6211193e20de3aef,2025-12,North Yorkshire Police,North Yorkshire Police,-0.397566,54.283161,On or near ,E01027806,Scarborough 006B,Violence and sexual offences,Awaiting court outcome,
4e685105874bb7b1cf15eea729f3c73a1d0fb26f3b1f1fd7840d699086d89db4,2025-12,North Yorkshire Police,North Yorkshire Police,-0.398538,54.282356,On or near Nightclub,E01027806,Scarborough 006B,Violence and sexual offences,Under investigation,
43d27a48e29813d8d0b4b344cb54ddb6760a1b2187c4fa7a591865acff8144b7,2025-12,North Yorkshire Police,North Yorkshire Police,-0.400290,54.284303,On or near Elder'S Street,E01027806,Scarborough 006B,Violence and sexual offences,Unable to prosecute suspect,
77089986f8542cd470e002880a377ae7493eae85db3aad65b08c3a9638d73d74,2025-12,North Yorkshire Police,North Yorkshire Police,-0.398538,54.282356,On or near Nightclub,E01027806,Scarborough 006B,Violence and sexual offences,Investigation complete; no suspect identified,
a07881283bfaba6377d3a9f6ecaf24fce83d740a2012a057d84b4f53d9c956c7,2025-12,North Yorkshire Police,North Yorkshire Police,-0.398538,54.282356,On or near Nightclub,E01027806,Scarborough 006B,Violence and sexual offences,Under investigation,
a0a1662da4a8060f2d00729b1a6276ad6e0084a9116c99379f51efab47ab2f28,2025-12,North Yorkshire Police,North Yorkshire Police,-0.400408,54.284044,On or near St Thomas Street,E01027806,Scarborough 006B,Violence and sexual offences,Unable to prosecute suspect,
711fbd68d2842a732901f817324d48c68e9614b48bb55d7f9e032ddc9d410ce6,2025-12,North Yorkshire Police,North Yorkshire Police,-0.398951,54.282793,On or near Newborough,E01027806,Scarborough 006B,Violence and sexual offences,Unable to prosecute suspect,
23956c57536229a4b48b7e6f31d890a9a5c30ea4a965e77dee6512ce8b999380,2025-12,North Yorkshire Police,North Yorkshire Police,-0.398951,54.282793,On or near Newborough,E01027806,Scarborough 006B,Violence and sexual offences,Unable to prosecute suspect,
bda6cf743d7c08f02546e37f1e188414fd41ac61170698a7931cc59567ce9068,2025-12,North Yorkshire Police,North Yorkshire Police,-0.402884,54.281982,On or near Aberdeen Place,E01027806,Scarborough 006B,Violence and sexual offences,Under investigation,
e2c1717f14f8e90da2cbcc15764faa7a95ac9c955e005eee1e75af4027efef60,2025-12,North Yorkshire Police,North Yorkshire Police,-0.393201,54.283667,On or near ,E01027806,Scarborough 006B,Violence and sexual offences,Unable to prosecute suspect,
83988056d48e8fb477c52f8984af54630b67a80f39fb52cba8081cd4db909b31,2025-12,North Yorkshire Police,North Yorkshire Police,-0.403382,54.284200,On or near B1364,E01027806,Scarborough 006B,Violence and sexual offences,Investigation complete; no suspect identified,
8c68f94e998b8a74845de4f148b3f318e79cea44352ddd94dc7bcc6d29dcf098,2025-12,North Yorkshire Police,North Yorkshire Police,-0.402926,54.284463,On or near Sussex Street,E01027806,Scarborough 006B,Violence and sexual offences,Unable to prosecute suspect,
b68d2f1de61f0b80c9965ce64cfbe9e9a3ab5672238adc38939cc6a3a24e401d,2025-12,North Yorkshire Police,North Yorkshire Police,-0.403382,54.284200,On or near B1364,E01027806,Scarborough 006B,Violence and sexual offences,Under investigation,
ebdbeb66dac5fb572eec4230a1834b7c8d9f5d3ffb74dde08ffd880faade8282,2025-12,North Yorkshire Police,North Yorkshire Police,-0.398538,54.282356,On or near Nightclub,E01027806,Scarborough 006B,Violence and sexual offences,Unable to prosecute suspect,
39e7eef3c9032ad819035caf47a2e248c19c4e718f7c00a55283b409e23a937d,2025-12,North Yorkshire Police,North Yorkshire Police,-0.398538,54.282356,On or near Nightclub,E01027806,Scarborough 006B,Violence and sexual offences,Investigation complete; no suspect identified,
cbcc908b1de856c7bc8e207033be39333dd884bd58487bfe11ca5594d255b102,2025-12,North Yorkshire Police,North Yorkshire Police,-0.402884,54.281982,On or near Aberdeen Place,E01027806,Scarborough 006B,Violence and sexual offences,Unable to prosecute suspect,
2a6ab518e655001ad532b78ea22f850e0e7eda3c4ee39a24c31e251a0fcb551e,2025-12,North Yorkshire Police,North Yorkshire Police,-0.398718,54.284830,On or near Friar'S Way,E01027806,Scarborough 006B,Violence and sexual offences,Unable to prosecute suspect,
d7168c8378d651e3e4d3b84c560a160db581d40b3c91f38db026c56d4adb8498,2025-12,North Yorkshire Police,North Yorkshire Police,-0.401593,54.284383,On or near Parking Area,E01027806,Scarborough 006B,Violence and sexual offences,Unable to prosecute suspect,
c046da608c2613b0c6fdc3cb79ba72519b74b7a81a4efa5a85d6c41a8e928865,2025-12,North Yorkshire Police,North Yorkshire Police,-0.403118,54.282695,On or near Aberdeen Walk,E01027806,Scarborough 006B,Violence and sexual offences,Under investigation,
cc0843c3cccd0dda75aa9ef42259cf34ca33f492fa7d1f8795b38becb17683da,2025-12,North Yorkshire Police,North Yorkshire Police,-0.402884,54.281982,On or near Aberdeen Place,E01027806,Scarborough 006B,Violence and sexual offences,Under investigation,
bda6cf743d7c08f02546e37f1e188414fd41ac61170698a7931cc59567ce9068,2025-12,North Yorkshire Police,North Yorkshire Police,-0.402884,54.281982,On or near Aberdeen Place,E01027806,Scarborough 006B,Violence and sexual offences,Under investigation,
1cd1e298c20e48c3ed56bd542d71d018e942aa9eb9c78f5419e9e4cb506d3904,2025-12,North Yorkshire Police,North Yorkshire Police,-0.398709,54.285064,On or near Parking Area,E01027806,Scarborough 006B,Violence and sexual offences,Investigation complete; no suspect identified,
ccea401d39406a982bfbbbb12f8ab7cdd0d667ed829e14a211b28ce272a94726,2025-12,North Yorkshire Police,North Yorkshire Police,-0.392518,54.284289,On or near Parking Area,E01027806,Scarborough 006B,Violence and sexual offences,Unable to prosecute suspect,
96732edba4e6a5703bfdd1df312b65779502bd6bf720a5f1e9d790fb221c594b,2025-12,North Yorkshire Police,North Yorkshire Police,-0.402884,54.281982,On or near Aberdeen Place,E01027806,Scarborough 006B,Violence and sexual offences,Unable to prosecute suspect,
7ef0a7cb30b66d18549b18525dca78942dcad85d0e5b575a1974a3318bfb1773,2025-12,North Yorkshire Police,North Yorkshire Police,-0.399065,54.283424,On or near Parking Area,E01027806,Scarborough 006B,Violence and sexual offences,Unable to prosecute suspect,
4dad6cd42cc4ce6cb42c4d24e4598a5261b3f370c2261d62cf7a6adf48ae78d4,2025-12,North Yorkshire Police,North Yorkshire Police,-0.403118,54.282695,On or near Aberdeen Walk,E01027806,Scarborough 006B,Violence and sexual offences,Under investigation,
3b34521674cde3b3c58954db85ea6aae640700be5ccaa403d0f8bed08368694a,2025-12,North Yorkshire Police,North Yorkshire Police,-0.402926,54.284463,On or near Sussex Street,E01027806,Scarborough 006B,Violence and sexual offences,Under investigation,
189ce803146dd9919d3b2016091aa709124ed6dc04c42b42167c015d27fa551f,2025-12,North Yorkshire Police,North Yorkshire Police,-0.402926,54.284463,On or near Sussex Street,E01027806,Scarborough 006B,Violence and sexual offences,Under investigation,
1646051c401aa87cb58e97f1d000be10f3b6e1d94f770a46a0cde877ced17d59,2025-12,North Yorkshire Police,North Yorkshire Police,-0.402884,54.281982,On or near Aberdeen Place,E01027806,Scarborough 006B,Violence and sexual offences,Under investigation,
f54eddcf0928892fe4451477e93330c03b171509cf0cc1dd63a336e90a37c6d4,2025-12,North Yorkshire Police,North Yorkshire Police,-0.396548,54.282968,On or near Prospect Place,E01027806,Scarborough 006B,Violence and sexual offences,Awaiting court outcome,
f36e56af0ab86bd7947b502b06e759de82b3973e5e2abac4ed05c4e15fa42e9a,2025-12,North Yorkshire Police,North Yorkshire Police,-0.402926,54.284463,On or near Sussex Street,E01027806,Scarborough 006B,Violence and sexual offences,Under investigation,
803f8b52fef8651d7bf849a9fdb4b8b1a7c593ba37c0ba1380d83ac704642033,2025-12,North Yorkshire Police,North Yorkshire Police,-0.396548,54.282968,On or near Prospect Place,E01027806,Scarborough 006B,Violence and sexual offences,Awaiting court outcome,
f42b8f3a6b1d4e63af3e8d77821b54d033c046f518be65dc4fb7bd6d9dc0dd56,2025-12,North Yorkshire Police,North Yorkshire Police,-0.394524,54.283660,On or near Eastborough,E01027806,Scarborough 006B,Violence and sexual offences,Local resolution,
708eaf03580978b6ef9a894875012d03ab362b95edf17416fcf494c08ce67f0a,2025-12,North Yorkshire Police,North Yorkshire Police,-0.394524,54.283660,On or near Eastborough,E01027806,Scarborough 006B,Violence and sexual offences,Unable to prosecute suspect,
2fd14333a918472ae220df0608e9adf1a624f50760af4989022407abe1935984,2025-12,North Yorkshire Police,North Yorkshire Police,-0.402884,54.281982,On or near Aberdeen Place,E01027806,Scarborough 006B,Violence and sexual offences,Unable to prosecute suspect,
dce557f713b714b7a5170f9338d6fbf653f908810e68233a993488787f5bf8bf,2025-12,North Yorkshire Police,North Yorkshire Police,-0.394720,54.284157,On or near St Sepulchre Street,E01027806,Scarborough 006B,Violence and sexual offences,Unable to prosecute suspect,
5a3235e3c05b00a32bfa43b7e3051ddadfa8884698a3f894d4ef81020794013e,2025-12,North Yorkshire Police,North Yorkshire Police,-0.397556,54.284302,On or near Cross Street,E01027806,Scarborough 006B,Violence and sexual offences,Unable to prosecute suspect,
17b90c4ebb17ac0dde267e76cdedbd9d64eb8d2757051fd47de601d04fe31ad0,2025-12,North Yorkshire Police,North Yorkshire Police,-0.396548,54.282968,On or near Prospect Place,E01027806,Scarborough 006B,Violence and sexual offences,Unable to prosecute suspect,
4cff3ed142da1a5baa2a4600595963474aa55c770762b68da237c34c4de97af7,2025-12,North Yorkshire Police,North Yorkshire Police,-0.402884,54.281982,On or near Aberdeen Place,E01027806,Scarborough 006B,Violence and sexual offences,Unable to prosecute suspect,
361115ce12dc5a1e3a0ef5cc8b9718abacb223a2f20ee2e7c7f3c8198377c90a,2025-12,North Yorkshire Police,North Yorkshire Police,-0.399065,54.283424,On or near Parking Area,E01027806,Scarborough 006B,Violence and sexual offences,Unable to prosecute suspect,
b0158b83e6cbc6786ec359aa611a1bcb82f50198441e273fe20554217bbc21bd,2025-12,North Yorkshire Police,North Yorkshire Police,-0.398538,54.282356,On or near Nightclub,E01027806,Scarborough 006B,Violence and sexual offences,Unable to prosecute suspect,
f404529f0d426e291ff71155482c4f2292b642fab5925e212b14a2940518a2ec,2025-12,North Yorkshire Police,North Yorkshire Police,-0.400275,54.285093,On or near Maria'S Court,E01027806,Scarborough 006B,Other crime,Unable to prosecute suspect,
e028f22025abb3a1f319a1ab03fe6c00d296101b62c35e9fd24f996652a8b9f9,2025-12,North Yorkshire Police,North Yorkshire Police,-0.402376,54.283198,On or near Swan Hill Road,E01027806,Scarborough 006B,Other crime,Unable to prosecute suspect,
97f77025490b2226417d2492dc3bff341e2c14aa6068dc1864ebbba6c8992058,2025-12,North Yorkshire Police,North Yorkshire Police,-0.398538,54.282356,On or near Nightclub,E01027806,Scarborough 006B,Other crime,Under investigation,
,2025-12,North Yorkshire Police,North Yorkshire Police,-0.403639,54.285507,On or near Parking Area,E01027847,Scarborough 006D,Anti-social behaviour,,
,2025-12,North Yorkshire Police,North Yorkshire Police,-0.402681,54.288029,On or near North Marine Road,E01027847,Scarborough 006D,Anti-social behaviour,,
,2025-12,North Yorkshire Police,North Yorkshire Police,-0.403969,54.284900,On or near Oxford Street,E01027847,Scarborough 006D,Anti-social behaviour,,
,2025-12,North Yorkshire Police,North Yorkshire Police,-0.402681,54.288029,On or near North Marine Road,E01027847,Scarborough 006D,Anti-social behaviour,,
,2025-12,North Yorkshire Police,North Yorkshire Police,-0.402681,54.288029,On or near North Marine Road,E01027847,Scarborough 006D,Anti-social behaviour,,
,2025-12,North Yorkshire Police,North Yorkshire Police,-0.403639,54.285507,On or near Parking Area,E01027847,Scarborough 006D,Anti-social behaviour,,
,2025-12,North Yorkshire Police,North Yorkshire Police,-0.402205,54.286036,On or near Hope Street,E01027847,Scarborough 006D,Anti-social behaviour,,
48b42c523b701817bba3d65b2f4b845f40fcd2bbec68aefabc6e7b3437d59456,2025-12,North Yorkshire Police,North Yorkshire Police,-0.400550,54.287119,On or near Queen'S Terrace,E01027847,Scarborough 006D,Burglary,Awaiting court outcome,
2d9435a9c24a9abe89789c03b0cf46ea194a938ca1449dbb2b87b0edbe4dc895,2025-12,North Yorkshire Police,North Yorkshire Police,-0.401638,54.285606,On or near Regent Street,E01027847,Scarborough 006D,Criminal damage and arson,Investigation complete; no suspect identified,
dece9ccf88d318e9848219b5c883ed8a2a2dba4c7a07844a7b0727b627b222e9,2025-12,North Yorkshire Police,North Yorkshire Police,-0.405385,54.285646,On or near Wrea Lane,E01027847,Scarborough 006D,Criminal damage and arson,Unable to prosecute suspect,
dcc88af54a8fd0ff7bf113e10d1c8356f0388251d6b0ce6ef6ea1723de858c99,2025-12,North Yorkshire Police,North Yorkshire Police,-0.401638,54.285606,On or near Regent Street,E01027847,Scarborough 006D,Criminal damage and arson,Unable to prosecute suspect,
de2daec44b48af7ff7639a38c0db21f16e78430f1da24bf72ffacbf0d3211ac7,2025-12,North Yorkshire Police,North Yorkshire Police,-0.405234,54.285168,On or near Lower William Street,E01027847,Scarborough 006D,Criminal damage and arson,Unable to prosecute suspect,
b8cfd830c23809797adfc8e1734626b54699d99d7db4aac6bb8f2ec6dd4a49a1,2025-12,North Yorkshire Police,North Yorkshire Police,-0.401638,54.285606,On or near Regent Street,E01027847,Scarborough 006D,Criminal damage and arson,Awaiting court outcome,
47e34215f818458eb229f90e93c4114910154869f7e1804520906c8179655881,2025-12,North Yorkshire Police,North Yorkshire Police,-0.401638,54.285606,On or near Regent Street,E01027847,Scarborough 006D,Criminal damage and arson,Awaiting court outcome,
a06823620f4dc9123f163bde5b294f1d9f67bd98eefeca3c2941cd3ef8770ef9,2025-12,North Yorkshire Police,North Yorkshire Police,-0.405234,54.285168,On or near Lower William Street,E01027847,Scarborough 006D,Criminal damage and arson,Unable to prosecute suspect,
ea4b5303e8eb43cb84010ecbd3b7080a5b1c21e21a8887513f43858f5ee3717b,2025-12,North Yorkshire Police,North Yorkshire Police,-0.405234,54.285168,On or near Lower William Street,E01027847,Scarborough 006D,Criminal damage and arson,Unable to prosecute suspect,
8f5c4584cb8dc7f1ca6a4600529e3f1721bc17c9f51f34f12045d6a4af038900,2025-12,North Yorkshire Police,North Yorkshire Police,-0.406413,54.286856,On or near Trafalgar Road,E01027847,Scarborough 006D,Criminal damage and arson,Unable to prosecute suspect,
fec5c77fddd33ce6c92fef59740779f39b197a8e8f5b13f076cde4017e37cc4d,2025-12,North Yorkshire Police,North Yorkshire Police,-0.406413,54.286856,On or near Trafalgar Road,E01027847,Scarborough 006D,Drugs,Awaiting court outcome,
d046ee2b5106429846af1c88a2c82546391164f67849dbb0bbe6a735c43d5499,2025-12,North Yorkshire Police,North Yorkshire Police,-0.402681,54.288029,On or near North Marine Road,E01027847,Scarborough 006D,Drugs,Awaiting court outcome,
361b60986057995c2543fba47ada1c0e1166d42608ff0296a75e6d666ed4aef0,2025-12,North Yorkshire Police,North Yorkshire Police,-0.403639,54.285507,On or near Parking Area,E01027847,Scarborough 006D,Drugs,Local resolution,
442f6779c01a508f1bcc8acfb9f00fd5480ef4beb11b27ce2a39df74e14d6b6c,2025-12,North Yorkshire Police,North Yorkshire Police,-0.406413,54.286856,On or near Trafalgar Road,E01027847,Scarborough 006D,Other theft,Investigation complete; no suspect identified,
0ce94d0a25adaf80b865eea3f60918d0ca7c77ae47b140b512e4b6c62399ffd2,2025-12,North Yorkshire Police,North Yorkshire Police,-0.401638,54.285606,On or near Regent Street,E01027847,Scarborough 006D,Possession of weapons,Awaiting court outcome,
9231710d88f682d6e8b87af657f078283a683d47a05b5c68fd546ecc710b76bc,2025-12,North Yorkshire Police,North Yorkshire Police,-0.401638,54.285606,On or near Regent Street,E01027847,Scarborough 006D,Possession of weapons,Awaiting court outcome,
4659f7ca703a13832ec1d0b0dcba8ad47894ecaf49f49aba75e55fa5e99a4356,2025-12,North Yorkshire Police,North Yorkshire Police,-0.402205,54.286036,On or near Hope Street,E01027847,Scarborough 006D,Public order,Local resolution,
e9feb1ca26cc6444211de3fc36d7ac0b11647e1bb2bf4b90f2062c82a8e595b4,2025-12,North Yorkshire Police,North Yorkshire Police,-0.400756,54.285765,On or near Fire Station Yard,E01027847,Scarborough 006D,Public order,Unable to prosecute suspect,
28d65c1653372111e049a47721720d09c6ba90dc53d753617d0c98e0cd8df9a5,2025-12,North Yorkshire Police,North Yorkshire Police,-0.403962,54.285097,On or near James Street,E01027847,Scarborough 006D,Vehicle crime,Awaiting court outcome,
26df9365e6742ab08b43c5450abd1cfc8c8ed331308608a30de55d2e5c674793,2025-12,North Yorkshire Police,North Yorkshire Police,-0.406413,54.286856,On or near Trafalgar Road,E01027847,Scarborough 006D,Violence and sexual offences,Investigation complete; no suspect identified,
6f4474c3ac73947697fc2fea5dfcf302824c1d608f5f813e3befca24a6c7863a,2025-12,North Yorkshire Police,North Yorkshire Police,-0.400550,54.287119,On or near Queen'S Terrace,E01027847,Scarborough 006D,Violence and sexual offences,Under investigation,
1a812120232092ab4ac84a94f45cdfd38e83b84dcdee0d5f7ba9956cfd053a0a,2025-12,North Yorkshire Police,North Yorkshire Police,-0.400550,54.287119,On or near Queen'S Terrace,E01027847,Scarborough 006D,Violence and sexual offences,Under investigation,
be054770fd30e5b8b0d47a55542e80ee841a63ea3e0b85db0df3b5f038ba6a0c,2025-12,North Yorkshire Police,North Yorkshire Police,-0.403962,54.285097,On or near James Street,E01027847,Scarborough 006D,Violence and sexual offences,Unable to prosecute suspect,
34c813e2582db2800b0291383638449e49d7b5101fcd16dbfc321520216f33ed,2025-12,North Yorkshire Police,North Yorkshire Police,-0.402681,54.288029,On or near North Marine Road,E01027847,Scarborough 006D,Violence and sexual offences,Unable to prosecute suspect,
e2a2fb4e21efc3599ddf774decfb0775fdbef24b29887a7f15a21ee5401ae5e8,2025-12,North Yorkshire Police,North Yorkshire Police,-0.405234,54.285168,On or near Lower William Street,E01027847,Scarborough 006D,Violence and sexual offences,Unable to prosecute suspect,
81d327883a0d000d30b606d7b4386c2b7beb2968a21e37fbcf6120c11bf98b44,2025-12,North Yorkshire Police,North Yorkshire Police,-0.402681,54.288029,On or near North Marine Road,E01027847,Scarborough 006D,Violence and sexual offences,Unable to prosecute suspect,
039bec3e412b92385107b2ac1be0add074b8e8ce9075e40ca7128b38c8e7b715,2025-12,North Yorkshire Police,North Yorkshire Police,-0.402272,54.287070,On or near Durham Place,E01027847,Scarborough 006D,Violence and sexual offences,Under investigation,
0b0567ddfc96fdd0cbd530a540b5816a3864d1f6ed053e8c2227040dceeaef3f,2025-12,North Yorkshire Police,North Yorkshire Police,-0.402681,54.288029,On or near North Marine Road,E01027847,Scarborough 006D,Violence and sexual offences,Under investigation,
1a812120232092ab4ac84a94f45cdfd38e83b84dcdee0d5f7ba9956cfd053a0a,2025-12,North Yorkshire Police,North Yorkshire Police,-0.400550,54.287119,On or near Queen'S Terrace,E01027847,Scarborough 006D,Violence and sexual offences,Unable to prosecute suspect,
037e54af601a684c12aaae2c49519a62238aa38df81b006eea93ca1a4881fc83,2025-12,North Yorkshire Police,North Yorkshire Police,-0.402681,54.288029,On or near North Marine Road,E01027847,Scarborough 006D,Violence and sexual offences,Unable to prosecute suspect,
e13c2dd3b1be03bd5127a563c19f9307fc5f59ff738c3188cc5f18916e7f58d3,2025-12,North Yorkshire Police,North Yorkshire Police,-0.402205,54.286036,On or near Hope Street,E01027847,Scarborough 006D,Violence and sexual offences,Unable to prosecute suspect,
9db864ffbff8c02c51fa2b61cbc4896e0450a4352daee43065e1ed35f50dd1e2,2025-12,North Yorkshire Police,North Yorkshire Police,-0.405385,54.285646,On or near Wrea Lane,E01027847,Scarborough 006D,Other crime,Further investigation is not in the public interest,
,2025-12,North Yorkshire Police,North Yorkshire Police,-0.406021,54.289852,On or near Victoria Park Avenue,E01034974,Scarborough 006F,Anti-social behaviour,,
,2025-12,North Yorkshire Police,North Yorkshire Police,-0.404114,54.288713,On or near Sports/Recreation Area,E01034974,Scarborough 006F,Anti-social behaviour,,
,2025-12,North Yorkshire Police,North Yorkshire Police,-0.409990,54.301688,On or near Parking Area,E01034974,Scarborough 006F,Anti-social behaviour,,
0f0eecac2374f1a6b252fd117a7e2ba5c75e43204a66887e04f0311ad03ad197,2025-12,North Yorkshire Police,North Yorkshire Police,-0.402984,54.286549,On or near Durham Street,E01034974,Scarborough 006F,Burglary,Awaiting court outcome,
753f0e4065211c6e9c5e4f72f8a39de1fda5639ecb900471581ea1f36b7fb6d9,2025-12,North Yorkshire Police,North Yorkshire Police,-0.406021,54.289852,On or near Victoria Park Avenue,E01034974,Scarborough 006F,Drugs,Local resolution,
ed1a2ca12182cfa079c65bf8f8ac7a7523457ad1aa3f8bc9e5233e9b574d7a4d,2025-12,North Yorkshire Police,North Yorkshire Police,-0.419910,54.301091,On or near Rycroft Road,E01034974,Scarborough 006F,Other theft,Unable to prosecute suspect,
3afecdfe2f5b93449d96e66f3468c6183dac5f625def57cad3d9fc1a387cd4ae,2025-12,North Yorkshire Police,North Yorkshire Police,-0.419910,54.301091,On or near Rycroft Road,E01034974,Scarborough 006F,Other theft,Investigation complete; no suspect identified,
bfb5f93c88c34ed3acb1afee5c2ff12e790cf5fa3a92432aaaf5f429b7217c21,2025-12,North Yorkshire Police,North Yorkshire Police,-0.417493,54.301616,On or near Scholes Park Road,E01034974,Scarborough 006F,Other theft,Under investigation,
6d67ea38489afc28649eaa1935374864e51b7e29cd0427af003f4ed43d75af7a,2025-12,North Yorkshire Police,North Yorkshire Police,-0.421185,54.301116,On or near Petrol Station,E01034974,Scarborough 006F,Other theft,Investigation complete; no suspect identified,
8cc2c572007745ee508a2433a288796335ecc4d7a43b90cfa3ea391a5189d096,2025-12,North Yorkshire Police,North Yorkshire Police,-0.406021,54.289852,On or near Victoria Park Avenue,E01034974,Scarborough 006F,Possession of weapons,Awaiting court outcome,
ed5d4776cf0ded0a698aa1f76cf04bd4981a9a0cb242eb7647cf724746e12f53,2025-12,North Yorkshire Police,North Yorkshire Police,-0.407295,54.287901,On or near Tennyson Avenue,E01034974,Scarborough 006F,Public order,Unable to prosecute suspect,
db9ce700cd8405a0e842b6d1f9415533412acf5b492ee42f1fb451d4e6a0bc81,2025-12,North Yorkshire Police,North Yorkshire Police,-0.402984,54.286549,On or near Durham Street,E01034974,Scarborough 006F,Violence and sexual offences,Unable to prosecute suspect,
501b188c995626319840dcb68139c6876bf139f6fc7a95a9e5ab2018276ae907,2025-12,North Yorkshire Police,North Yorkshire Police,-0.406021,54.289852,On or near Victoria Park Avenue,E01034974,Scarborough 006F,Violence and sexual offences,Unable to prosecute suspect,
3f901a09f77d3e2fcd8713e8825b3f811308812f940c79a05d3e39286d1be530,2025-12,North Yorkshire Police,North Yorkshire Police,-0.405874,54.286489,On or near Trafalgar Terrace,E01034974,Scarborough 006F,Violence and sexual offences,Unable to prosecute suspect,
c9c5a9abfaf352587f4fb3fc3df71bf860178ea06eedcbb5b71bf354d2d6e376,2025-12,North Yorkshire Police,North Yorkshire Police,-0.402984,54.286549,On or near Durham Street,E01034974,Scarborough 006F,Violence and sexual offences,Under investigation,
daa83c5c7b3ba157581f1e1fa534aa947b3239ba5179aea49ab0cbf4fa84a615,2025-12,North Yorkshire Police,North Yorkshire Police,-0.405874,54.286489,On or near Trafalgar Terrace,E01034974,Scarborough 006F,Violence and sexual offences,Unable to prosecute suspect,
4674dc12004804133864cc68ee19205abff356c32cd9fe88c8525fb4eb766e1d,2025-12,North Yorkshire Police,North Yorkshire Police,-0.409990,54.301688,On or near Parking Area,E01034974,Scarborough 006F,Violence and sexual offences,Unable to prosecute suspect,
6609c208fca567abd3d5401a19e9373a1a66e625498ba5d1e3f056cb74b89a20,2025-12,North Yorkshire Police,North Yorkshire Police,-0.406828,54.290034,On or near Victoria Park,E01034974,Scarborough 006F,Violence and sexual offences,Investigation complete; no suspect identified,
6919988bf204afbf413738600c09f93cc9952f5d37a0c490335a4ee5a8bcb45a,2025-12,North Yorkshire Police,North Yorkshire Police,-0.402655,54.286320,On or near Clark Street,E01034974,Scarborough 006F,Violence and sexual offences,Unable to prosecute suspect,
e1c0331f04ba31b70270a015216a9eb7f3a1c6e3bfa349b95b0b8528118f9d75,2025-12,North Yorkshire Police,North Yorkshire Police,-0.407829,54.287207,On or near Moorland Road,E01034974,Scarborough 006F,Violence and sexual offences,Unable to prosecute suspect,
f2c8b1710733150f3306be15efbaef8cddcac21bd5e07f712e274159ed4fd72e,2025-12,North Yorkshire Police,North Yorkshire Police,-0.402984,54.286549,On or near Durham Street,E01034974,Scarborough 006F,Violence and sexual offences,Under investigation,
06f3cd5b40580d6b7ab499d26f140cb16d190725cab9177e630cc235c616efe3,2025-12,North Yorkshire Police,North Yorkshire Police,-0.406021,54.289852,On or near Victoria Park Avenue,E01034974,Scarborough 006F,Violence and sexual offences,Unable to prosecute suspect,
1a387e1d1d00250b02ffe0943cebc7aa40b72e94d67cbecdd5f0680634f444c4,2025-12,North Yorkshire Police,North Yorkshire Police,-0.402984,54.286549,On or near Durham Street,E01034974,Scarborough 006F,Violence and sexual offences,Unable to prosecute suspect,
,2025-12,North Yorkshire Police,North Yorkshire Police,-0.410107,54.290679,On or near Park/Open Space,E01027849,Scarborough 007A,Anti-social behaviour,,
73eb2da1c7dad10f7dfef7c2e3d888814d62167d2ff5fbde6c50a90879d9f7ef,2025-12,North Yorkshire Police,North Yorkshire Police,-0.415813,54.293731,On or near ,E01027849,Scarborough 007A,Burglary,Investigation complete; no suspect identified,
0d6dc6cd3ee802c25a6ada6d3777c710ca12313eb84e67cc8ee6d3c3a1cec51d,2025-12,North Yorkshire Police,North Yorkshire Police,-0.416542,54.286728,On or near Peasholme Bridge,E01027849,Scarborough 007A,Violence and sexual offences,Unable to prosecute suspect,
f4f8b815c51e135da2a57bd1819e3fa01650028e875d91bc6a6edde038fc6ca9,2025-12,North Yorkshire Police,North Yorkshire Police,-0.409728,54.288544,On or near Peasholm Crescent,E01027849,Scarborough 007A,Violence and sexual offences,Under investigation,
6e20669231b89c70d6a289a52fe2db9eea6704f45ab8bf33858e4bbe66076ab4,2025-12,North Yorkshire Police,North Yorkshire Police,-0.409728,54.288544,On or near Peasholm Crescent,E01027849,Scarborough 007A,Violence and sexual offences,Unable to prosecute suspect,
,2025-12,North Yorkshire Police,North Yorkshire Police,-0.420192,54.290524,On or near Maple Drive,E01027850,Scarborough 007B,Anti-social behaviour,,
2eecf4763a5a18c32fa5b78bacff3c3a597cc935ad1c3f45c84800fb028518dd,2025-12,North Yorkshire Police,North Yorkshire Police,-0.418552,54.287195,On or near Northstead,E01027850,Scarborough 007B,Criminal damage and arson,Unable to prosecute suspect,
136b091a22f9caf76f618be5e21baa6d6db4e6cc23747257d886013efbb5b9e9,2025-12,North Yorkshire Police,North Yorkshire Police,-0.418752,54.289993,On or near Broom Walk,E01027850,Scarborough 007B,Shoplifting,Awaiting court outcome,
691a83331d032da1896a2b3ae7e35ee8589009bc6a0c03d130279a9d01d781fe,2025-12,North Yorkshire Police,North Yorkshire Police,-0.420141,54.288232,On or near Fieldside,E01027850,Scarborough 007B,Violence and sexual offences,Unable to prosecute suspect,
2bff27cd4777b9af6b657f287df402e0b85f58d9b2bf39d8204d4a56567c51bf,2025-12,North Yorkshire Police,North Yorkshire Police,-0.419230,54.287546,On or near Broadway,E01027850,Scarborough 007B,Violence and sexual offences,Under investigation,
3ef43d9be030e7d680592eb5cef9e720dbf86af536d5e8590633d13a5cc2684b,2025-12,North Yorkshire Police,North Yorkshire Police,-0.418552,54.287195,On or near Northstead,E01027850,Scarborough 007B,Violence and sexual offences,Unable to prosecute suspect,
06c53460dcaa3175846041631334eeadfcb40dfee27c922d88f3167361077bc8,2025-12,North Yorkshire Police,North Yorkshire Police,-0.420141,54.288232,On or near Fieldside,E01027850,Scarborough 007B,Violence and sexual offences,Awaiting court outcome,
,2025-12,North Yorkshire Police,North Yorkshire Police,-0.421977,54.285209,On or near Woodland Close,E01027872,Scarborough 007C,Anti-social behaviour,,
,2025-12,North Yorkshire Police,North Yorkshire Police,-0.421977,54.285209,On or near Woodland Close,E01027872,Scarborough 007C,Anti-social behaviour,,
,2025-12,North Yorkshire Police,North Yorkshire Police,-0.428464,54.287136,On or near Gildercliffe,E01027872,Scarborough 007C,Anti-social behaviour,,
b21ef85635e014a42709a730798f4db834fcfffe44428e7e8b7a6fab8f21e4f6,2025-12,North Yorkshire Police,North Yorkshire Police,-0.425031,54.286111,On or near Redcliffe Gardens,E01027872,Scarborough 007C,Vehicle crime,Unable to prosecute suspect,
79ed2a60c7e5ab04567602202bdc03f5f9361b3eb2c285c6822d37701260e288,2025-12,North Yorkshire Police,North Yorkshire Police,-0.428644,54.284742,On or near ,E01027872,Scarborough 007C,Violence and sexual offences,Unable to prosecute suspect,
0d26c7e7dff5e7eb41ac9f2fc14bfeafb68f16e29559fdc0cdc1013a86394402,2025-12,North Yorkshire Police,North Yorkshire Police,-0.428464,54.287136,On or near Gildercliffe,E01027872,Scarborough 007C,Violence and sexual offences,Unable to prosecute suspect,
4be98db59a468402137f77962d40715985d23c43a879806d9d2319dbeb771aff,2025-12,North Yorkshire Police,North Yorkshire Police,-0.421977,54.285209,On or near Woodland Close,E01027872,Scarborough 007C,Violence and sexual offences,Unable to prosecute suspect,
65bb4450b86964459ead962a6d48d230f36f25802bad18a0e1059ce1911fd850,2025-12,North Yorkshire Police,North Yorkshire Police,-0.428644,54.284742,On or near ,E01027872,Scarborough 007C,Violence and sexual offences,Unable to prosecute suspect,
7088aed53b8e8353affc4b5ceb4e5a7fd24d981e2f3cfd48b92ac038bcfa8958,2025-12,North Yorkshire Police,North Yorkshire Police,-0.428644,54.284742,On or near ,E01027872,Scarborough 007C,Violence and sexual offences,Under investigation,
,2025-12,North Yorkshire Police,North Yorkshire Police,-0.430326,54.290675,On or near Wreyfield Drive,E01027874,Scarborough 007D,Anti-social behaviour,,
c49916a3bb433893a7ac3190ce7269c6524ffe7e7895731639eb667382c46f9d,2025-12,North Yorkshire Police,North Yorkshire Police,-0.430326,54.290675,On or near Wreyfield Drive,E01027874,Scarborough 007D,Burglary,Unable to prosecute suspect,
e701c768d221bae9a9accf5b6e51cf2a519222fb0832ac5e5429f47c5fb3a9a2,2025-12,North Yorkshire Police,North Yorkshire Police,-0.431402,54.288235,On or near Ash Grove,E01027874,Scarborough 007D,Burglary,Investigation complete; no suspect identified,
7dcc68186e4d84436c12b8f39ccaf614f47db2290f4219538b3d0b8e75395e09,2025-12,North Yorkshire Police,North Yorkshire Police,-0.426951,54.291763,On or near Colescliffe Road,E01027874,Scarborough 007D,Criminal damage and arson,Unable to prosecute suspect,
db44428afdb9a579baad8a17714d76d227a343fa7af32781334143c87563352f,2025-12,North Yorkshire Police,North Yorkshire Police,-0.426951,54.291763,On or near Colescliffe Road,E01027874,Scarborough 007D,Criminal damage and arson,Investigation complete; no suspect identified,
751370fb0ac080e26514f5a44e319c2fa8cc7f7d2915ac7199523591d929f156,2025-12,North Yorkshire Police,North Yorkshire Police,-0.425465,54.291240,On or near Colescliffe Crescent,E01027874,Scarborough 007D,Other theft,Investigation complete; no suspect identified,
19d2fc54e473333b0435eb87ca8e066b209f0834d779d56ea81fd0c24d86f550,2025-12,North Yorkshire Police,North Yorkshire Police,-0.426951,54.291763,On or near Colescliffe Road,E01027874,Scarborough 007D,Other theft,Unable to prosecute suspect,
3b8f8a7e5257efc2b2d37622585a9618df907dbaf94ce32751fe4a23e4b965de,2025-12,North Yorkshire Police,North Yorkshire Police,-0.430326,54.290675,On or near Wreyfield Drive,E01027874,Scarborough 007D,Violence and sexual offences,Unable to prosecute suspect,
71684f30b2125da299d270472921f2864b19af3697f4fc95f5010f54cb57b721,2025-12,North Yorkshire Police,North Yorkshire Police,-0.430326,54.290675,On or near Wreyfield Drive,E01027874,Scarborough 007D,Violence and sexual offences,Unable to prosecute suspect,
c133b58c62b3d902cf589f7cf1d0be7ab7dc410068d8412ac702394e1a2d7bf8,2025-12,North Yorkshire Police,North Yorkshire Police,-0.423855,54.289316,On or near ,E01027874,Scarborough 007D,Violence and sexual offences,Unable to prosecute suspect,
d1b591617359689c50df51d3e34e1df6226684b42c0508b4fe99297a21981a45,2025-12,North Yorkshire Police,North Yorkshire Police,-0.425574,54.289872,On or near ,E01027874,Scarborough 007D,Violence and sexual offences,Under investigation,
f837d3cfea023e936e6aba0de78d81fcf078d0de3b9f60ecb3a3378358c15238,2025-12,North Yorkshire Police,North Yorkshire Police,-0.433078,54.287798,On or near Scalby Road,E01027874,Scarborough 007D,Violence and sexual offences,Unable to prosecute suspect,
7523b8958f7f9b02abe50a87e98f07d3951d7ab0e76ae207a6a86be450c877fa,2025-12,North Yorkshire Police,North Yorkshire Police,-0.431105,54.289921,On or near ,E01027874,Scarborough 007D,Violence and sexual offences,Unable to prosecute suspect,
a14b1ff3b5c8257be036c180fdf59e4d0ca9fdfc765a6d0b7da29d4289deb972,2025-12,North Yorkshire Police,North Yorkshire Police,-0.430326,54.290675,On or near Wreyfield Drive,E01027874,Scarborough 007D,Violence and sexual offences,Unable to prosecute suspect,
,2025-12,North Yorkshire Police,North Yorkshire Police,-0.411363,54.283182,On or near Murchison Place,E01027810,Scarborough 008A,Anti-social behaviour,,
1bd38fe1a5cb9a4d19632d905c6a633f57661836da1b3341e9e2a5237777736a,2025-12,North Yorkshire Police,North Yorkshire Police,-0.413769,54.282530,On or near Prospect Road,E01027810,Scarborough 008A,Burglary,Unable to prosecute suspect,
4594676b5c95a45e2b8b1d6434481afd98af2ed0c22a9cdd9184b2ed18cdb56d,2025-12,North Yorkshire Police,North Yorkshire Police,-0.411744,54.282459,On or near Cleveland Road,E01027810,Scarborough 008A,Criminal damage and arson,Under investigation,
f589f602b796c429344cda6baa067b5c198e130cafe464002df611c1a1744700,2025-12,North Yorkshire Police,North Yorkshire Police,-0.411744,54.282459,On or near Cleveland Road,E01027810,Scarborough 008A,Criminal damage and arson,Under investigation,
1726eeb78c7713081ad75a15722b537aec4baae7da99bfdbd66d12272e8038a3,2025-12,North Yorkshire Police,North Yorkshire Police,-0.411363,54.283182,On or near Murchison Place,E01027810,Scarborough 008A,Drugs,Investigation complete; no suspect identified,
54fe37207e134268a4abddac2d30dc654a720b639a6396f252ff09029b02175a,2025-12,North Yorkshire Police,North Yorkshire Police,-0.411363,54.283182,On or near Murchison Place,E01027810,Scarborough 008A,Drugs,Local resolution,
266084876f0da2fa17d84717ea57cf365d241fa849f4a796895eccc1eb1d99c5,2025-12,North Yorkshire Police,North Yorkshire Police,-0.409781,54.285579,On or near Dean Road,E01027810,Scarborough 008A,Shoplifting,Unable to prosecute suspect,
3c4cbc31c1b69936c0d8b7197b6ae8b898f95a039fee104794d0e466b00a846c,2025-12,North Yorkshire Police,North Yorkshire Police,-0.411363,54.283182,On or near Murchison Place,E01027810,Scarborough 008A,Violence and sexual offences,Unable to prosecute suspect,
6d9a1014543a3c2f97de5436e0765bcb7f54b91136dad7902b388504eb5cd75e,2025-12,North Yorkshire Police,North Yorkshire Police,-0.408386,54.284302,On or near Melrose Street,E01027810,Scarborough 008A,Violence and sexual offences,Unable to prosecute suspect,
07bdc0c8e48d9bca37d3e1004f5af9daf5b79d5bde496d89c8c04490476e903f,2025-12,North Yorkshire Police,North Yorkshire Police,-0.413769,54.282530,On or near Prospect Road,E01027810,Scarborough 008A,Violence and sexual offences,Under investigation,
d514b937229c2171ee412b16418d4107d5b2d848ddcdeae73d7a63b197b720eb,2025-12,North Yorkshire Police,North Yorkshire Police,-0.411903,54.281930,On or near Gladstone Street,E01027810,Scarborough 008A,Violence and sexual offences,Unable to prosecute suspect,
354b8d5455f549cddbc195aeb10bc847aedc2835c9e2ecbfe102cf8f32de22db,2025-12,North Yorkshire Police,North Yorkshire Police,-0.412194,54.283552,On or near Franklin Street,E01027810,Scarborough 008A,Violence and sexual offences,Under investigation,
d2f4a7bcbc108966764724597eb44a31ecaa5d1cf201570b84d3b49274afe691,2025-12,North Yorkshire Police,North Yorkshire Police,-0.413769,54.282530,On or near Prospect Road,E01027810,Scarborough 008A,Violence and sexual offences,Under investigation,
6af7ebc1dfefbdd63e42458b54d557e827e49924e67f2171e7de0c4cc7a7ea3e,2025-12,North Yorkshire Police,North Yorkshire Police,-0.409979,54.281644,On or near Barwick Terrace,E01027810,Scarborough 008A,Violence and sexual offences,Unable to prosecute suspect,
976e1a1ab88e155e90865a08195df25428d18bf9e4ce3c9483270e1bb0899677,2025-12,North Yorkshire Police,North Yorkshire Police,-0.409979,54.281644,On or near Barwick Terrace,E01027810,Scarborough 008A,Violence and sexual offences,Under investigation,
d2f4a7bcbc108966764724597eb44a31ecaa5d1cf201570b84d3b49274afe691,2025-12,North Yorkshire Police,North Yorkshire Police,-0.413769,54.282530,On or near Prospect Road,E01027810,Scarborough 008A,Violence and sexual offences,Unable to prosecute suspect,
507d0744da458edbc80b4331e9cf0b9f20d9cda83c9ed7b43282ab5b959944f2,2025-12,North Yorkshire Police,North Yorkshire Police,-0.413769,54.282530,On or near Prospect Road,E01027810,Scarborough 008A,Violence and sexual offences,Under investigation,
,2025-12,North Yorkshire Police,North Yorkshire Police,-0.413295,54.280097,On or near Wooler Street,E01027811,Scarborough 008B,Anti-social behaviour,,
,2025-12,North Yorkshire Police,North Yorkshire Police,-0.414713,54.281167,On or near Ireton Street,E01027811,Scarborough 008B,Anti-social behaviour,,
,2025-12,North Yorkshire Police,North Yorkshire Police,-0.413295,54.280097,On or near Wooler Street,E01027811,Scarborough 008B,Anti-social behaviour,,
,2025-12,North Yorkshire Police,North Yorkshire Police,-0.413295,54.280097,On or near Wooler Street,E01027811,Scarborough 008B,Anti-social behaviour,,
,2025-12,North Yorkshire Police,North Yorkshire Police,-0.412426,54.281110,On or near Rothbury Street,E01027811,Scarborough 008B,Anti-social behaviour,,
,2025-12,North Yorkshire Police,North Yorkshire Police,-0.413295,54.280097,On or near Wooler Street,E01027811,Scarborough 008B,Anti-social behaviour,,
20ecf75236f951f910b54ff55a8de3ca252d40b995fc31b652cf144b7db4d9ad,2025-12,North Yorkshire Police,North Yorkshire Police,-0.419169,54.282314,On or near Manor Road,E01027811,Scarborough 008B,Criminal damage and arson,Investigation complete; no suspect identified,
8437277279981c944e18f0ee1bd4e2e69caf51bfaa06d9a2c858c77719910285,2025-12,North Yorkshire Police,North Yorkshire Police,-0.413295,54.280097,On or near Wooler Street,E01027811,Scarborough 008B,Criminal damage and arson,Investigation complete; no suspect identified,
20ca4b788712d8f38c340e3d16217dbfe7758bc210898bf38df13431dffbcf82,2025-12,North Yorkshire Police,North Yorkshire Police,-0.413295,54.280097,On or near Wooler Street,E01027811,Scarborough 008B,Public order,Awaiting court outcome,
5393158654cd3059c3a7bd6bba39be91850ef4f60319d02627180778561cb0c6,2025-12,North Yorkshire Police,North Yorkshire Police,-0.413295,54.280097,On or near Wooler Street,E01027811,Scarborough 008B,Public order,Unable to prosecute suspect,
c272ed532315dfe02b6ef939f4edf0351d8d06fb086d1e2ee669f5064b1cdaff,2025-12,North Yorkshire Police,North Yorkshire Police,-0.413295,54.280097,On or near Wooler Street,E01027811,Scarborough 008B,Shoplifting,Investigation complete; no suspect identified,
864e7b6eaa466f6385040530ac7b25c4cbefd47c33b068f45f757d3d0bc0831b,2025-12,North Yorkshire Police,North Yorkshire Police,-0.413295,54.280097,On or near Wooler Street,E01027811,Scarborough 008B,Shoplifting,Investigation complete; no suspect identified,
21d0e5722498de98ebd8f5b8fb2594f0bc4f8ad1f0d6df345121453f950d4ee1,2025-12,North Yorkshire Police,North Yorkshire Police,-0.413295,54.280097,On or near Wooler Street,E01027811,Scarborough 008B,Shoplifting,Under investigation,
71cca24c62041efaae9ccad8378d023064b8d803b3390762a90021ce1f3f557a,2025-12,North Yorkshire Police,North Yorkshire Police,-0.413295,54.280097,On or near Wooler Street,E01027811,Scarborough 008B,Shoplifting,Local resolution,
da03f986663c20b25ea66aee8cc519e99da195a3ff00fb5143584e09a82364cf,2025-12,North Yorkshire Police,North Yorkshire Police,-0.413295,54.280097,On or near Wooler Street,E01027811,Scarborough 008B,Shoplifting,Investigation complete; no suspect identified,
3d788ba05b6b6a791c340c2e6ebe4e2d68c3bba9c5d03e4d779bc2290e6e99f9,2025-12,North Yorkshire Police,North Yorkshire Police,-0.413295,54.280097,On or near Wooler Street,E01027811,Scarborough 008B,Shoplifting,Awaiting court outcome,
91b7b9fb0127237a7dc81267df269c6ca1b976cff08385ba62fb9551440fb610,2025-12,North Yorkshire Police,North Yorkshire Police,-0.413295,54.280097,On or near Wooler Street,E01027811,Scarborough 008B,Shoplifting,Investigation complete; no suspect identified,
ae78401ef479e7fb64e75c26325c71b2cb4cd7be876f75ad41f5e5f825ccae75,2025-12,North Yorkshire Police,North Yorkshire Police,-0.413295,54.280097,On or near Wooler Street,E01027811,Scarborough 008B,Shoplifting,Under investigation,
16aa9c6551b89c79c53b48ebb768097330f60f0c6c7ace7c625074d7ad72c435,2025-12,North Yorkshire Police,North Yorkshire Police,-0.413295,54.280097,On or near Wooler Street,E01027811,Scarborough 008B,Shoplifting,Awaiting court outcome,
ed45cfa58bada3b5c11847b3af7418ae19a6cbe4493ad8ec1414c6aafcb07a36,2025-12,North Yorkshire Police,North Yorkshire Police,-0.413295,54.280097,On or near Wooler Street,E01027811,Scarborough 008B,Shoplifting,Under investigation,
b2caff0a256a7115142a167d179bfdaf172f554f9ade9c721f8b7eeb9049ca01,2025-12,North Yorkshire Police,North Yorkshire Police,-0.413295,54.280097,On or near Wooler Street,E01027811,Scarborough 008B,Shoplifting,Investigation complete; no suspect identified,
58e5ffb95355963de365205d34656c9feea8dd180f2c284aef55760cde5c4756,2025-12,North Yorkshire Police,North Yorkshire Police,-0.412426,54.281110,On or near Rothbury Street,E01027811,Scarborough 008B,Violence and sexual offences,Unable to prosecute suspect,
caa0fbeb39921447f0466037f2b867ce0e5d316ae768a89d3125c8055e2a95d0,2025-12,North Yorkshire Police,North Yorkshire Police,-0.412426,54.281110,On or near Rothbury Street,E01027811,Scarborough 008B,Violence and sexual offences,Unable to prosecute suspect,
5732a905240780d3cead9947b6c8fe3df9f135fffa8f16c41b32d4c8143ec503,2025-12,North Yorkshire Police,North Yorkshire Police,-0.412426,54.281110,On or near Rothbury Street,E01027811,Scarborough 008B,Violence and sexual offences,Unable to prosecute suspect,
,2025-12,North Yorkshire Police,North Yorkshire Police,-0.408410,54.282891,On or near Cambridge Street,E01027812,Scarborough 008C,Anti-social behaviour,,
,2025-12,North Yorkshire Police,North Yorkshire Police,-0.407259,54.281276,On or near Police Station,E01027812,Scarborough 008C,Anti-social behaviour,,
820715fa65bbed4422a162537ee29462f6f34019cab171f73f5b4c0287b087cf,2025-12,North Yorkshire Police,North Yorkshire Police,-0.409784,54.280312,On or near Windmill View,E01027812,Scarborough 008C,Bicycle theft,Investigation complete; no suspect identified,
2145592b49a6746def07770b9f83c87cd3624efd6c58b1674636b1693316ba8e,2025-12,North Yorkshire Police,North Yorkshire Police,-0.407259,54.281276,On or near Police Station,E01027812,Scarborough 008C,Criminal damage and arson,Awaiting court outcome,
8fd7e77d4f3701d3bc5e27e6546bc605083ff7b84ebc04220ba66e7e625b5aaa,2025-12,North Yorkshire Police,North Yorkshire Police,-0.408410,54.282891,On or near Cambridge Street,E01027812,Scarborough 008C,Criminal damage and arson,Unable to prosecute suspect,
b657cf2f5738cc00b9eb406beac0f18a27c6b0fa9b70e93c0d8549824576b0a4,2025-12,North Yorkshire Police,North Yorkshire Police,-0.407259,54.281276,On or near Police Station,E01027812,Scarborough 008C,Criminal damage and arson,Awaiting court outcome,
2ebc8cec509720865f1d64817436945a689bb0d9a43d8463c7f1198769d0ad58,2025-12,North Yorkshire Police,North Yorkshire Police,-0.407259,54.281276,On or near Police Station,E01027812,Scarborough 008C,Drugs,Awaiting court outcome,
c46fdced131c113ab88840f1c4323d1fdff9def0875744e5c8db3ef0ea38acc8,2025-12,North Yorkshire Police,North Yorkshire Police,-0.407259,54.281276,On or near Police Station,E01027812,Scarborough 008C,Public order,Formal action is not in the public interest,
367070cd513334e3f980e5a9447c1ff7eab7fec28ddd420b70e4fb0d73de1395,2025-12,North Yorkshire Police,North Yorkshire Police,-0.407259,54.281276,On or near Police Station,E01027812,Scarborough 008C,Public order,Under investigation,
c62102ecaab24436a669a0d450e5506d53113bc400207aa0ace6b7731db60319,2025-12,North Yorkshire Police,North Yorkshire Police,-0.410464,54.281004,On or near Morgan Street,E01027812,Scarborough 008C,Public order,Under investigation,
d1387d2305b6f76c838c26ddb5da4ab06c69a00ce30c2b133c97b22a5c26defd,2025-12,North Yorkshire Police,North Yorkshire Police,-0.410257,54.279599,On or near Norwood Street,E01027812,Scarborough 008C,Public order,Unable to prosecute suspect,
0a00193caa5ec11f3716ec038ce69d040f96f0c8281d209f31076f7a3bba6d5d,2025-12,North Yorkshire Police,North Yorkshire Police,-0.408410,54.282891,On or near Cambridge Street,E01027812,Scarborough 008C,Public order,Unable to prosecute suspect,
c31c5934a0a42b9e8f91fbe337a91f3ed27d2ad8070b3915b34a45cc45517ab0,2025-12,North Yorkshire Police,North Yorkshire Police,-0.407348,54.282131,On or near Supermarket,E01027812,Scarborough 008C,Shoplifting,Awaiting court outcome,
d2ae19b0e9b65cb1b8d52213681a8ac3805ee0ab097d7d253c8858fde897a65d,2025-12,North Yorkshire Police,North Yorkshire Police,-0.409185,54.279504,On or near Mill Street,E01027812,Scarborough 008C,Violence and sexual offences,Unable to prosecute suspect,
ad22c28a08828cd6a248977450780edfcb6679f3cdc6fabc862e91b1514e1296,2025-12,North Yorkshire Police,North Yorkshire Police,-0.408410,54.282891,On or near Cambridge Street,E01027812,Scarborough 008C,Violence and sexual offences,Unable to prosecute suspect,
b46d1e728320c23678d5d1586aef5f3c15ba8be551573fa8ef4139b0c4040190,2025-12,North Yorkshire Police,North Yorkshire Police,-0.407259,54.281276,On or near Police Station,E01027812,Scarborough 008C,Violence and sexual offences,Awaiting court outcome,
0a9728f96098a998c938c9f1635f1b3b645db584bd9600b9330bee5cd370ae4d,2025-12,North Yorkshire Police,North Yorkshire Police,-0.407259,54.281276,On or near Police Station,E01027812,Scarborough 008C,Violence and sexual offences,Under investigation,
251a5a2833a44720c1376bc9178f3892ab48d006ef59ad85dd82eefb3a214ece,2025-12,North Yorkshire Police,North Yorkshire Police,-0.410888,54.281153,On or near Gladstone Road,E01027812,Scarborough 008C,Violence and sexual offences,Under investigation,
412fc4841cee9bd707ca6066c2eb671f2776a5d537df25f5057bb52c3b049bc2,2025-12,North Yorkshire Police,North Yorkshire Police,-0.408410,54.282891,On or near Cambridge Street,E01027812,Scarborough 008C,Violence and sexual offences,Unable to prosecute suspect,
f3656baab57e6712c5b9e3e549036c22c474c8b6637a1e7898ba0dfa49e78e48,2025-12,North Yorkshire Police,North Yorkshire Police,-0.407348,54.282131,On or near Supermarket,E01027812,Scarborough 008C,Violence and sexual offences,Under investigation,
9727f96a76e230fb4e16c2bdbec110e4d31af763decd6ef44ba0a29f50a499c3,2025-12,North Yorkshire Police,North Yorkshire Police,-0.408410,54.282891,On or near Cambridge Street,E01027812,Scarborough 008C,Violence and sexual offences,Unable to prosecute suspect,
3af33d7271682117bacbb3e41f4bb344e75d2d45bcbf4924cf9f757a8dbf6087,2025-12,North Yorkshire Police,North Yorkshire Police,-0.409784,54.280312,On or near Windmill View,E01027812,Scarborough 008C,Violence and sexual offences,Under investigation,
bbac4c4f13fe12fbd5687aebab6e0b38006def077cdd854ee30c6a12995edfb7,2025-12,North Yorkshire Police,North Yorkshire Police,-0.414750,54.286201,On or near Roseville Avenue,E01027851,Scarborough 008D,Violence and sexual offences,Awaiting court outcome,
2a5dad865e118d28348f88c7ddd8f32e96ad84dd06a4e50d1e1050d9d4196e6b,2025-12,North Yorkshire Police,North Yorkshire Police,-0.414750,54.286201,On or near Roseville Avenue,E01027851,Scarborough 008D,Violence and sexual offences,Awaiting court outcome,
,2025-12,North Yorkshire Police,North Yorkshire Police,-0.416221,54.279884,On or near Sinclair Court,E01027862,Scarborough 008E,Anti-social behaviour,,
,2025-12,North Yorkshire Police,North Yorkshire Police,-0.416221,54.279884,On or near Sinclair Court,E01027862,Scarborough 008E,Anti-social behaviour,,
,2025-12,North Yorkshire Police,North Yorkshire Police,-0.409609,54.277667,On or near Belgrave Crescent,E01027862,Scarborough 008E,Anti-social behaviour,,
,2025-12,North Yorkshire Police,North Yorkshire Police,-0.415705,54.276129,On or near Seamer Road Corner,E01027862,Scarborough 008E,Anti-social behaviour,,
,2025-12,North Yorkshire Police,North Yorkshire Police,-0.409609,54.277667,On or near Belgrave Crescent,E01027862,Scarborough 008E,Anti-social behaviour,,
,2025-12,North Yorkshire Police,North Yorkshire Police,-0.414460,54.278549,On or near Commercial Street,E01027862,Scarborough 008E,Anti-social behaviour,,
,2025-12,North Yorkshire Police,North Yorkshire Police,-0.409609,54.277667,On or near Belgrave Crescent,E01027862,Scarborough 008E,Anti-social behaviour,,
,2025-12,North Yorkshire Police,North Yorkshire Police,-0.415913,54.279502,On or near Wykeham Street,E01027862,Scarborough 008E,Anti-social behaviour,,
43c67db7e584b6899529e84c940420edb7392cea2c0ff90d55299d09d5948ec4,2025-12,North Yorkshire Police,North Yorkshire Police,-0.411487,54.277170,On or near All Saints Road,E01027862,Scarborough 008E,Criminal damage and arson,Under investigation,
529d65e58d7f7fc586bcd70a7469a31bda4da8900abe735846bde859e4a4933e,2025-12,North Yorkshire Police,North Yorkshire Police,-0.415913,54.279502,On or near Wykeham Street,E01027862,Scarborough 008E,Criminal damage and arson,Unable to prosecute suspect,
7929a96fde8ab0d6fd2a8adf9e623441fe6e4ee4aea0b1542cb2d23fbf734b64,2025-12,North Yorkshire Police,North Yorkshire Police,-0.411599,54.276264,On or near Londesborough Road,E01027862,Scarborough 008E,Criminal damage and arson,Investigation complete; no suspect identified,
dfacdd9d38e7791ea92b5b421e2521f8b230614223f6c02b8fdc003274c2cbbf,2025-12,North Yorkshire Police,North Yorkshire Police,-0.409609,54.277667,On or near Belgrave Crescent,E01027862,Scarborough 008E,Criminal damage and arson,Awaiting court outcome,
78720112c7c6cd3f6ade38b2091152551e353b5ad292a4580e363b3ef53cb805,2025-12,North Yorkshire Police,North Yorkshire Police,-0.415705,54.276129,On or near Seamer Road Corner,E01027862,Scarborough 008E,Criminal damage and arson,Investigation complete; no suspect identified,
50eb8e19232ee934d32b57c9402680f6f4892a90d13adaaf224685a02f8142c8,2025-12,North Yorkshire Police,North Yorkshire Police,-0.411770,54.277003,On or near Glayton Court,E01027862,Scarborough 008E,Other theft,Investigation complete; no suspect identified,
da01a2441fa53ec10de3c41ff84cb5d05570d31ca608f588ecd4eee9941f3043,2025-12,North Yorkshire Police,North Yorkshire Police,-0.409609,54.277667,On or near Belgrave Crescent,E01027862,Scarborough 008E,Public order,Awaiting court outcome,
b120f6128c475139ee50bd892e17806f15aa7ff366a6aee8a4623b5823ff763a,2025-12,North Yorkshire Police,North Yorkshire Police,-0.409609,54.277667,On or near Belgrave Crescent,E01027862,Scarborough 008E,Violence and sexual offences,Unable to prosecute suspect,
d83d3a6d04aa58dedcee19180b2baadc496395c42cfedcbe984fdf70afc8b0ee,2025-12,North Yorkshire Police,North Yorkshire Police,-0.414460,54.278549,On or near Commercial Street,E01027862,Scarborough 008E,Violence and sexual offences,Unable to prosecute suspect,
f77aad0de26f03dfc01b8eea1e0ec1ad676713f174b0396c6ea37eaeb04588f9,2025-12,North Yorkshire Police,North Yorkshire Police,-0.409609,54.277667,On or near Belgrave Crescent,E01027862,Scarborough 008E,Violence and sexual offences,Under investigation,
e48fa054cd32760d1418855ec40337c200c2b0bba9ce299459c06011e743e7c1,2025-12,North Yorkshire Police,North Yorkshire Police,-0.409609,54.277667,On or near Belgrave Crescent,E01027862,Scarborough 008E,Violence and sexual offences,Under investigation,
148d81ab2fd261be4f12c006679fe1489c69a4e727d28c4da6f1dce4cdd64a96,2025-12,North Yorkshire Police,North Yorkshire Police,-0.409609,54.277667,On or near Belgrave Crescent,E01027862,Scarborough 008E,Violence and sexual offences,Awaiting court outcome,
b5df4e8d1f03a18eef7460bd91663618f02da8327baa4084a85d20d18a2b7166,2025-12,North Yorkshire Police,North Yorkshire Police,-0.409609,54.277667,On or near Belgrave Crescent,E01027862,Scarborough 008E,Violence and sexual offences,Investigation complete; no suspect identified,
aa363e3d575268ebe54cb280e524beeed7c31fb9c6484e0f813ec5f9a1d36789,2025-12,North Yorkshire Police,North Yorkshire Police,-0.413400,54.276953,On or near Falsgrave Road,E01027862,Scarborough 008E,Violence and sexual offences,Unable to prosecute suspect,
c12bbc176632862564fee71c6be74a42e1c595a53cd7982f076e41c1d62b016c,2025-12,North Yorkshire Police,North Yorkshire Police,-0.415913,54.279502,On or near Wykeham Street,E01027862,Scarborough 008E,Violence and sexual offences,Investigation complete; no suspect identified,
23709abcd70b976cb0df82785f12caffc1808d1fb3e8fb9bd1c73f9a85575689,2025-12,North Yorkshire Police,North Yorkshire Police,-0.409609,54.277667,On or near Belgrave Crescent,E01027862,Scarborough 008E,Violence and sexual offences,Under investigation,
f51086c93bf43d5b81d894645ff949f302587b7ff87edc832cd08d282f6d7f5d,2025-12,North Yorkshire Police,North Yorkshire Police,-0.409609,54.277667,On or near Belgrave Crescent,E01027862,Scarborough 008E,Violence and sexual offences,Unable to prosecute suspect,
7f0424633aa43ba18f83dc0cc24b31eca2cac2d0623e2b089fb29a8eda7d98f1,2025-12,North Yorkshire Police,North Yorkshire Police,-0.409609,54.277667,On or near Belgrave Crescent,E01027862,Scarborough 008E,Violence and sexual offences,Awaiting court outcome,
82165485d60e5d656ac227d83ce05ac72535309fcd52d321b138461f8c82a65f,2025-12,North Yorkshire Police,North Yorkshire Police,-0.415913,54.279502,On or near Wykeham Street,E01027862,Scarborough 008E,Violence and sexual offences,Unable to prosecute suspect,
8a955b0fde551aebdce441570d792f7e7d43355bd996f9de63d5c95359be3460,2025-12,North Yorkshire Police,North Yorkshire Police,-0.409609,54.277667,On or near Belgrave Crescent,E01027862,Scarborough 008E,Violence and sexual offences,Investigation complete; no suspect identified,
5b44cf878d4ca709743a6f5e6e6929fb69294a9e395af7be6593471b100af15f,2025-12,North Yorkshire Police,North Yorkshire Police,-0.409609,54.277667,On or near Belgrave Crescent,E01027862,Scarborough 008E,Violence and sexual offences,Under investigation,
7877962bb960ab837733229bb1a618d22eafb8b5cef5a4e210e6a642e6cb4841,2025-12,North Yorkshire Police,North Yorkshire Police,-0.409609,54.277667,On or near Belgrave Crescent,E01027862,Scarborough 008E,Violence and sexual offences,Under investigation,
219ad5e6d20737d2ccd18b714698cfe332e8e6bdc9e214e3890606ff2f8fef62,2025-12,North Yorkshire Police,North Yorkshire Police,-0.409609,54.277667,On or near Belgrave Crescent,E01027862,Scarborough 008E,Violence and sexual offences,Awaiting court outcome,
,2025-12,North Yorkshire Police,North Yorkshire Police,-0.426049,54.273110,On or near Lisvane Avenue,E01027824,Scarborough 009A,Anti-social behaviour,,
76ae29c7b563a80aa3790ecb8c89611f1d6c6fbf498a0ce2ac3d306a357ac314,2025-12,North Yorkshire Police,North Yorkshire Police,-0.430764,54.275293,On or near Further/Higher Educational Building,E01027824,Scarborough 009A,Bicycle theft,Investigation complete; no suspect identified,
534ccf333b3becf230f7d271477e06df9e90fc628af8d72e9289f16b74033934,2025-12,North Yorkshire Police,North Yorkshire Police,-0.424891,54.272852,On or near Eskitt Hill,E01027824,Scarborough 009A,Burglary,Investigation complete; no suspect identified,
d4331a668375a2616f1586ff9558453c77a54d090ec6fd5f2e5b020a24f64792,2025-12,North Yorkshire Police,North Yorkshire Police,-0.421446,54.275395,On or near Park Avenue,E01027824,Scarborough 009A,Burglary,Investigation complete; no suspect identified,
2e4d2794a19643001c395f0c020f164c552e9fc2a2d245d8a842c97e717422ea,2025-12,North Yorkshire Police,North Yorkshire Police,-0.428134,54.273604,On or near Sandybed Lane,E01027824,Scarborough 009A,Criminal damage and arson,Investigation complete; no suspect identified,
29aaea74b1ea53dda9167ed5f4bf541992706614a528715e8f91d50bc9201d75,2025-12,North Yorkshire Police,North Yorkshire Police,-0.427459,54.271160,On or near Lightfoots Close,E01027824,Scarborough 009A,Drugs,Local resolution,
a97c185f0c299c3f6b113a903ac6325eb0f969f8d17d2be068d41bae246c0087,2025-12,North Yorkshire Police,North Yorkshire Police,-0.423437,54.275035,On or near ,E01027824,Scarborough 009A,Vehicle crime,Investigation complete; no suspect identified,
be6fab3493353b3a9360a7ae08cd52360c39d88301d8b284f00bf9fd2168eaaa,2025-12,North Yorkshire Police,North Yorkshire Police,-0.430764,54.275293,On or near Further/Higher Educational Building,E01027824,Scarborough 009A,Violence and sexual offences,Unable to prosecute suspect,
279b1321283e02bc2a4b24a0ce077fd3c3cf803df5bdda32263e54038bf94e14,2025-12,North Yorkshire Police,North Yorkshire Police,-0.421446,54.275395,On or near Park Avenue,E01027824,Scarborough 009A,Violence and sexual offences,Under investigation,
c2cc2758aa7bf3045ab6aaf84ee5aa42097d0b174f90fdc238b18fe96d9846d9,2025-12,North Yorkshire Police,North Yorkshire Police,-0.425714,54.271811,On or near Row Brow Court,E01027824,Scarborough 009A,Violence and sexual offences,Unable to prosecute suspect,
,2025-12,North Yorkshire Police,North Yorkshire Police,-0.418090,54.267743,On or near Bus/Coach Station,E01027825,Scarborough 009B,Anti-social behaviour,,
,2025-12,North Yorkshire Police,North Yorkshire Police,-0.415462,54.262832,On or near Shopping Area,E01027825,Scarborough 009B,Anti-social behaviour,,
,2025-12,North Yorkshire Police,North Yorkshire Police,-0.418336,54.265162,On or near Stadium Lane,E01027825,Scarborough 009B,Anti-social behaviour,,
ce41fcb05cd1e028fb17f39f7fe21f2c6dc9d02c9e176181ae1c58908c69c482,2025-12,North Yorkshire Police,North Yorkshire Police,-0.418082,54.268188,On or near Attlee Close,E01027825,Scarborough 009B,Burglary,Awaiting court outcome,
666eb29f5bc830cb543bf0343c4c5a780c9ab465f9a8fc650dffdf55d7b40faa,2025-12,North Yorkshire Police,North Yorkshire Police,-0.416708,54.259568,On or near Hillside Gardens,E01027825,Scarborough 009B,Burglary,Unable to prosecute suspect,
3d145be427a7e83cb3b779c169e67454283e2599bc5ddbcc77cb717f44bb3f87,2025-12,North Yorkshire Police,North Yorkshire Police,-0.418082,54.268188,On or near Attlee Close,E01027825,Scarborough 009B,Criminal damage and arson,Awaiting court outcome,
62d86575d7983001f8cc97a3edf135ad66e5f023bb0a362f6e312d6d4e31b7b8,2025-12,North Yorkshire Police,North Yorkshire Police,-0.418082,54.268188,On or near Attlee Close,E01027825,Scarborough 009B,Criminal damage and arson,Investigation complete; no suspect identified,
c9bbc1cb060261f19d3e183221285e097baefeb2e544ff4218a27eb2a367418e,2025-12,North Yorkshire Police,North Yorkshire Police,-0.418082,54.268188,On or near Attlee Close,E01027825,Scarborough 009B,Criminal damage and arson,Unable to prosecute suspect,
68cc97ad87dab21f99631dfc2bcb3bc45f2de74f1d75aa2c6ff7d2c65dce6619,2025-12,North Yorkshire Police,North Yorkshire Police,-0.418090,54.268394,On or near Eden Drive,E01027825,Scarborough 009B,Criminal damage and arson,Investigation complete; no suspect identified,
648a619bf1031c90b7e5a8ae98061bc0087c184e856d9e51a5a22c2d1b2fabf3,2025-12,North Yorkshire Police,North Yorkshire Police,-0.418090,54.268394,On or near Eden Drive,E01027825,Scarborough 009B,Criminal damage and arson,Investigation complete; no suspect identified,
0af461493095e54cdacd3a23859dace1d482b243d2c2566fa9b1ac92cad51d1d,2025-12,North Yorkshire Police,North Yorkshire Police,-0.418082,54.268188,On or near Attlee Close,E01027825,Scarborough 009B,Criminal damage and arson,Investigation complete; no suspect identified,
4f71c73ae832da3a56116e39b6012cdba9d2d6636bf4b8261564aa273b9d42ac,2025-12,North Yorkshire Police,North Yorkshire Police,-0.415633,54.260794,On or near Shopping Area,E01027825,Scarborough 009B,Public order,Unable to prosecute suspect,
1d3c03aa4e467907761447b0bfdd2f05395202e1fd6d97cfe65c6c457a006cac,2025-12,North Yorkshire Police,North Yorkshire Police,-0.416565,54.266100,On or near Seamer Road,E01027825,Scarborough 009B,Shoplifting,Investigation complete; no suspect identified,
9d048cc96f62d29494a15d2fe85cb65ba519600c47cf39b01c406c2b4e552673,2025-12,North Yorkshire Police,North Yorkshire Police,-0.416996,54.264084,On or near Tricourt,E01027825,Scarborough 009B,Shoplifting,Unable to prosecute suspect,
4947d86af7b8cad249cae28f2e2f6df2cda73440574ae59a37a26d0a2a323bbf,2025-12,North Yorkshire Police,North Yorkshire Police,-0.415462,54.262832,On or near Shopping Area,E01027825,Scarborough 009B,Shoplifting,Investigation complete; no suspect identified,
15546d5914c808aaf704884b55347830c9f322b451fd6c937759083111a0fc68,2025-12,North Yorkshire Police,North Yorkshire Police,-0.416565,54.266100,On or near Seamer Road,E01027825,Scarborough 009B,Shoplifting,Investigation complete; no suspect identified,
a7fb76ffed9a5a98bd8e13534d82ca9609068ff3728aaf169002201b005a6dd1,2025-12,North Yorkshire Police,North Yorkshire Police,-0.416565,54.266100,On or near Seamer Road,E01027825,Scarborough 009B,Shoplifting,Under investigation,
b0781a964797ba827562b8fba9a9604d5d3cd475b1765f9829bbc4ad2164e80d,2025-12,North Yorkshire Police,North Yorkshire Police,-0.416565,54.266100,On or near Seamer Road,E01027825,Scarborough 009B,Shoplifting,Investigation complete; no suspect identified,
3914dfbb155dbe41ff17775090d5090649c7295032203ad481c4b1c6e0f4dd39,2025-12,North Yorkshire Police,North Yorkshire Police,-0.416565,54.266100,On or near Seamer Road,E01027825,Scarborough 009B,Shoplifting,Under investigation,
6b25600c9f424d508e6eda1731d03c89448e2c07a44c68e9d572cbb9dde0e559,2025-12,North Yorkshire Police,North Yorkshire Police,-0.417577,54.270554,On or near Ewart Street,E01027825,Scarborough 009B,Vehicle crime,Investigation complete; no suspect identified,
554541da3306f3aaa0086e9305fbd38e4d6def258bca18591a34417b6d7860c6,2025-12,North Yorkshire Police,North Yorkshire Police,-0.419040,54.264021,On or near Hinderwell Place,E01027825,Scarborough 009B,Vehicle crime,Under investigation,
d3917a99c55075d68cbb901adb363eb6d14207d3d8ae06eead7e59d684160d9f,2025-12,North Yorkshire Police,North Yorkshire Police,-0.415462,54.262832,On or near Shopping Area,E01027825,Scarborough 009B,Vehicle crime,Unable to prosecute suspect,
1ebb39a81e6b91117506d73a5175ec3aa3c672fcd872554cf33247207cdf2846,2025-12,North Yorkshire Police,North Yorkshire Police,-0.418090,54.267743,On or near Bus/Coach Station,E01027825,Scarborough 009B,Violence and sexual offences,Unable to prosecute suspect,
b4fc33bee3143f6d0245c5f8b859ecefef09be3511bd37ef5d173cad9fdd6842,2025-12,North Yorkshire Police,North Yorkshire Police,-0.418883,54.262113,On or near Blueberry Way,E01027825,Scarborough 009B,Violence and sexual offences,Under investigation,
2eea9ca723e325b4ff8650ff9f62bf9114c1cd793ee6688f36ce7d20052bd9ec,2025-12,North Yorkshire Police,North Yorkshire Police,-0.418516,54.269694,On or near Quarry Mount,E01027825,Scarborough 009B,Violence and sexual offences,Under investigation,
08afd089cf0b9423105bd4dba4f075eb07420c4cfd5d569942e596d2d12546ff,2025-12,North Yorkshire Police,North Yorkshire Police,-0.416996,54.264084,On or near Tricourt,E01027825,Scarborough 009B,Violence and sexual offences,Unable to prosecute suspect,
c907cb8f5e5412c33bb3730cd11b15a07f86637886c676239f3130e1a81c8dcd,2025-12,North Yorkshire Police,North Yorkshire Police,-0.418082,54.268188,On or near Attlee Close,E01027825,Scarborough 009B,Violence and sexual offences,Unable to prosecute suspect,
04f9bf6cac3a516aef51f245829ee916814396e57a9858a8164b70d5d34896c4,2025-12,North Yorkshire Police,North Yorkshire Police,-0.416996,54.264084,On or near Tricourt,E01027825,Scarborough 009B,Violence and sexual offences,Under investigation,
4c42d9c39d8f28a19e96ee7e872f52ef7bd9cba07af1c53ec5f75e60d5f2dbc0,2025-12,North Yorkshire Police,North Yorkshire Police,-0.416157,54.264747,On or near Seamer Road,E01027825,Scarborough 009B,Violence and sexual offences,Unable to prosecute suspect,
61c2c807a029fbb1caa771027ec3c7976f21aaa2a8c2964b271fbf75de08517f,2025-12,North Yorkshire Police,North Yorkshire Police,-0.418082,54.268188,On or near Attlee Close,E01027825,Scarborough 009B,Violence and sexual offences,Unable to prosecute suspect,
67d7eb8fd52a57809a162b6ce5baae55424826c97e41acb09756644d4d7b1277,2025-12,North Yorkshire Police,North Yorkshire Police,-0.418082,54.268188,On or near Attlee Close,E01027825,Scarborough 009B,Violence and sexual offences,Unable to prosecute suspect,
43cd81a94adde93b1dc3bc1018dd97fa36848ed60eb4f17a30e7eb2ad594edfb,2025-12,North Yorkshire Police,North Yorkshire Police,-0.419040,54.264021,On or near Hinderwell Place,E01027825,Scarborough 009B,Violence and sexual offences,Under investigation,
057bb6d313ea750652ec8e1d080d08abba39b29dd9dbc65bed298b7ee98693b3,2025-12,North Yorkshire Police,North Yorkshire Police,-0.418090,54.268394,On or near Eden Drive,E01027825,Scarborough 009B,Violence and sexual offences,Under investigation,
7895dbeadda84dc7cab0a4cd9a5dd9c77bf3f057ed916330487814e109b8d149,2025-12,North Yorkshire Police,North Yorkshire Police,-0.416821,54.269052,On or near Harcourt Avenue,E01027825,Scarborough 009B,Violence and sexual offences,Awaiting court outcome,
f21d3b0a9fe37cd35e9125ee6a6bf1311a82974c255e864edec673ede49a73f9,2025-12,North Yorkshire Police,North Yorkshire Police,-0.416996,54.264084,On or near Tricourt,E01027825,Scarborough 009B,Violence and sexual offences,Under investigation,
892feed88193bfbede387accb0085e5015b3db6e409cce3e726948933fdd6be2,2025-12,North Yorkshire Police,North Yorkshire Police,-0.417065,54.261864,On or near Ingle Close,E01027825,Scarborough 009B,Violence and sexual offences,Under investigation,
b5abef506cdeba1e3b2e5e08b0e8e7b0aadfd2f26493666f8398b69e0c4bcf2d,2025-12,North Yorkshire Police,North Yorkshire Police,-0.417464,54.273905,On or near Springhill Road,E01027826,Scarborough 009C,Criminal damage and arson,Under investigation,
663864896f8dbc11c31f99a5c53818bc54b570f5af3210d197c06fa46687d7f5,2025-12,North Yorkshire Police,North Yorkshire Police,-0.417464,54.273905,On or near Springhill Road,E01027826,Scarborough 009C,Criminal damage and arson,Unable to prosecute suspect,
37e8ef4ea35e704de7fa330d2ace178f77a6aa740ef7de436f48641d433e7525,2025-12,North Yorkshire Police,North Yorkshire Police,-0.416423,54.275833,On or near Petrol Station,E01027826,Scarborough 009C,Other theft,Unable to prosecute suspect,
6554f7613f749880c9555ae7164a7c713426904fc697c908a31d0747155c4973,2025-12,North Yorkshire Police,North Yorkshire Police,-0.417187,54.275933,On or near Grange Avenue,E01027826,Scarborough 009C,Public order,Further investigation is not in the public interest,
a18170f26d5935a4b30f060ccc84e27c036ae4e3c6c894ae852d27d89550c986,2025-12,North Yorkshire Police,North Yorkshire Police,-0.416423,54.275833,On or near Petrol Station,E01027826,Scarborough 009C,Shoplifting,Awaiting court outcome,
3c7e01e583a30e057ce1943f3773c410fa27929a5391f9cd69e444dff74c4fea,2025-12,North Yorkshire Police,North Yorkshire Police,-0.417078,54.272749,On or near Spring Bank,E01027826,Scarborough 009C,Vehicle crime,Unable to prosecute suspect,
5053ba348da2613c7f17316400f45eeba8ad05d6255766eebdb3f987ec02a34a,2025-12,North Yorkshire Police,North Yorkshire Police,-0.417187,54.275933,On or near Grange Avenue,E01027826,Scarborough 009C,Violence and sexual offences,Unable to prosecute suspect,
321a6e5d2a6d88fcfe0a3ff753670b4173929ba22a3e90e67904b5bbbacc9ed0,2025-12,North Yorkshire Police,North Yorkshire Police,-0.416423,54.275833,On or near Petrol Station,E01027826,Scarborough 009C,Violence and sexual offences,Unable to prosecute suspect,
ec416452d0ae5d252c994485564e84e8957e0c0983afd18f8c4b4a04768da468,2025-12,North Yorkshire Police,North Yorkshire Police,-0.417464,54.273905,On or near Springhill Road,E01027826,Scarborough 009C,Violence and sexual offences,Under investigation,
7bb4a64499020c3f15953f7f3d4d74a4ee6ec19bcd1dd688aeccf682f6848bbb,2025-12,North Yorkshire Police,North Yorkshire Police,-0.417464,54.273905,On or near Springhill Road,E01027826,Scarborough 009C,Violence and sexual offences,Under investigation,
132e3ba60af9ccbbf3c55c1e3d6d1e4a46b71ac98c29400f121d3c23fe1dd507,2025-12,North Yorkshire Police,North Yorkshire Police,-0.417078,54.272749,On or near Spring Bank,E01027826,Scarborough 009C,Violence and sexual offences,Unable to prosecute suspect,
,2025-12,North Yorkshire Police,North Yorkshire Police,-0.417682,54.277045,On or near Cambridge Place,E01027861,Scarborough 009D,Anti-social behaviour,,
,2025-12,North Yorkshire Police,North Yorkshire Police,-0.418510,54.278287,On or near Harley Street,E01027861,Scarborough 009D,Anti-social behaviour,,
,2025-12,North Yorkshire Police,North Yorkshire Police,-0.418510,54.278287,On or near Harley Street,E01027861,Scarborough 009D,Anti-social behaviour,,
55207dbe4cd30d0527e2a0dcf0824517e0a9ed80766eee3010ebcac0c1c10620,2025-12,North Yorkshire Police,North Yorkshire Police,-0.416073,54.276934,On or near Acworth Street,E01027861,Scarborough 009D,Burglary,Unable to prosecute suspect,
b6951fb2fe03f29629aafa1a5a89872d444a4de5fcfd593f308bcfbadbf7cf6c,2025-12,North Yorkshire Police,North Yorkshire Police,-0.424108,54.277686,On or near Stepney Rise,E01027861,Scarborough 009D,Criminal damage and arson,Unable to prosecute suspect,
c2907957b7bad4c34ade4e3832fa82429d11451060f376ee026d02de65a342f2,2025-12,North Yorkshire Police,North Yorkshire Police,-0.417426,54.277707,On or near Mount Park Avenue,E01027861,Scarborough 009D,Criminal damage and arson,Investigation complete; no suspect identified,
1bc566b63384ce6efac98156c521664992ff53c830c91cb896426caf80bee468,2025-12,North Yorkshire Police,North Yorkshire Police,-0.417682,54.277045,On or near Cambridge Place,E01027861,Scarborough 009D,Criminal damage and arson,Awaiting court outcome,
da3a50948d9ada4c02426fffdf7998e0e2eb20cc06199d9841a3269d231eb3e9,2025-12,North Yorkshire Police,North Yorkshire Police,-0.417682,54.277045,On or near Cambridge Place,E01027861,Scarborough 009D,Criminal damage and arson,Awaiting court outcome,
599d9688499832b6c3d703880ac3d317469ca268072f2a6f16917584d4eba66c,2025-12,North Yorkshire Police,North Yorkshire Police,-0.416073,54.276934,On or near Acworth Street,E01027861,Scarborough 009D,Violence and sexual offences,Unable to prosecute suspect,
1834b3c923b4f9b55d02619de939869dd9579decf23545f080183f93d5a1b99d,2025-12,North Yorkshire Police,North Yorkshire Police,-0.419570,54.278679,On or near Harley Close,E01027861,Scarborough 009D,Violence and sexual offences,Under investigation,
31a0dca25c3f3febc6fcc83471f5a7b033b043232c511a53c6ea224cc3743d9a,2025-12,North Yorkshire Police,North Yorkshire Police,-0.418043,54.278847,On or near Hampton Road,E01027861,Scarborough 009D,Violence and sexual offences,Unable to prosecute suspect,
dd0702ed44a9d3b7bb819f7db323794234d601a76e13c02628d25ae4da2036a1,2025-12,North Yorkshire Police,North Yorkshire Police,-0.416073,54.276934,On or near Acworth Street,E01027861,Scarborough 009D,Violence and sexual offences,Unable to prosecute suspect,
d270ba383a0dcd2d4067a01a73de5850decce3a3e4bd3f24c53883c5f1c219ae,2025-12,North Yorkshire Police,North Yorkshire Police,-0.424108,54.277686,On or near Stepney Rise,E01027861,Scarborough 009D,Violence and sexual offences,Unable to prosecute suspect,
5e6a0d90afed3ccd830ec00d6e5fc79da6483e1e5db209ff417f66051c4a4917,2025-12,North Yorkshire Police,North Yorkshire Police,-0.418510,54.278287,On or near Harley Street,E01027861,Scarborough 009D,Other crime,Investigation complete; no suspect identified,
2ddd3fcd617ad366a3882d8e8e54b3a0d1104ba7e0063da924a849225daca9d4,2025-12,North Yorkshire Police,North Yorkshire Police,-0.429218,54.279838,On or near Stepney Grove,E01027863,Scarborough 009E,Other theft,Investigation complete; no suspect identified,
1902eea3ebcb35f3b88e191077195187d5d43b88b1bf1cbae12980d896cecdde,2025-12,North Yorkshire Police,North Yorkshire Police,-0.429218,54.279838,On or near Stepney Grove,E01027863,Scarborough 009E,Other theft,Investigation complete; no suspect identified,
8810261ae922de8ead1a1f72377f11643eff8baf3e9233aa369bc6dae52c3953,2025-12,North Yorkshire Police,North Yorkshire Police,-0.429218,54.279838,On or near Stepney Grove,E01027863,Scarborough 009E,Other theft,Investigation complete; no suspect identified,
418f512296ad8115340dc2253bd1ccb73ce7a5e3658d9e8bef0cac6b7f563485,2025-12,North Yorkshire Police,North Yorkshire Police,-0.429218,54.279838,On or near Stepney Grove,E01027863,Scarborough 009E,Other theft,Investigation complete; no suspect identified,
533444d27f42a90797840d381f01c3e877d93658e8586be3f4c52ec6792424bc,2025-12,North Yorkshire Police,North Yorkshire Police,-0.429218,54.279838,On or near Stepney Grove,E01027863,Scarborough 009E,Other theft,Investigation complete; no suspect identified,
0703fd9f1f31251ed1eddd83e9b538d496de16eb74cb969d96ca87440cf028c1,2025-12,North Yorkshire Police,North Yorkshire Police,-0.429218,54.279838,On or near Stepney Grove,E01027863,Scarborough 009E,Other theft,Investigation complete; no suspect identified,
6e2b7991b7d9dafd8972176a1ad3aecead19000a3e262dea906b6778d47f84ab,2025-12,North Yorkshire Police,North Yorkshire Police,-0.429218,54.279838,On or near Stepney Grove,E01027863,Scarborough 009E,Other theft,Investigation complete; no suspect identified,
47a0d97c9bcba1b99588298c4fdb2325111aba54ecc91f80618c67f9a4f1bdd8,2025-12,North Yorkshire Police,North Yorkshire Police,-0.429218,54.279838,On or near Stepney Grove,E01027863,Scarborough 009E,Other theft,Investigation complete; no suspect identified,
936691ac6c1b01366da128cd4864f86c8b4f787fd3fb91785dec5bc46c957f4c,2025-12,North Yorkshire Police,North Yorkshire Police,-0.429218,54.279838,On or near Stepney Grove,E01027863,Scarborough 009E,Other theft,Investigation complete; no suspect identified,
5782320cde5dc535b772bfee67d7ef3e80641e18768c1fcd984c82d2d300d385,2025-12,North Yorkshire Police,North Yorkshire Police,-0.429218,54.279838,On or near Stepney Grove,E01027863,Scarborough 009E,Other theft,Investigation complete; no suspect identified,
431ffa242b143abe5c1f5c71fafa029a962c98eb6feaaab0fb6e3748b249d975,2025-12,North Yorkshire Police,North Yorkshire Police,-0.423166,54.279418,On or near Malvern Crescent,E01027863,Scarborough 009E,Public order,Unable to prosecute suspect,
6ea0b8666b957c1d55ba01c2c0b2152d5c0ae1b7ab44dbd499d9ec0f4026a668,2025-12,North Yorkshire Police,North Yorkshire Police,-0.421461,54.281031,On or near Rockland Gardens,E01027863,Scarborough 009E,Violence and sexual offences,Unable to prosecute suspect,
,2025-12,North Yorkshire Police,North Yorkshire Police,-0.430827,54.283571,On or near Woodland Grove,E01027873,Scarborough 009F,Anti-social behaviour,,
6b6b23e6f5f85adc082b38a7fa330d8ee0119acc72acc0fc18d4b2f54c18077c,2025-12,North Yorkshire Police,North Yorkshire Police,-0.434707,54.281707,On or near Hospital,E01027873,Scarborough 009F,Criminal damage and arson,Unable to prosecute suspect,
7e876ec6bb3798b9ebeecf060812ab8e332a2ce42bd3ba17699f670af9c0bb42,2025-12,North Yorkshire Police,North Yorkshire Police,-0.434707,54.281707,On or near Hospital,E01027873,Scarborough 009F,Drugs,Awaiting court outcome,
b43356322faf7de6b547609a85ff49bcddbe439c6b5624033fdbf17497608e2f,2025-12,North Yorkshire Police,North Yorkshire Police,-0.433360,54.281177,On or near Quaker Close,E01027873,Scarborough 009F,Other theft,Unable to prosecute suspect,
84b801cb63a730effb0c2f917ba83276c4c10d0e6dca9488e24adede87a3e5d7,2025-12,North Yorkshire Police,North Yorkshire Police,-0.434707,54.281707,On or near Hospital,E01027873,Scarborough 009F,Possession of weapons,Unable to prosecute suspect,
0b23942391496cc18cafb7bf9410ae336f2eccce3be8b792d4442a3076e57b0e,2025-12,North Yorkshire Police,North Yorkshire Police,-0.434707,54.281707,On or near Hospital,E01027873,Scarborough 009F,Public order,Unable to prosecute suspect,
8f4430e0d86884a2158cd9e2951c4a2d94e2d3845b1b45b634e4a583d292828a,2025-12,North Yorkshire Police,North Yorkshire Police,-0.432498,54.283886,On or near ,E01027873,Scarborough 009F,Public order,Unable to prosecute suspect,
e15a48df7921a5bb87ff91959cb146e2089f0a6119f5565493420e3676917954,2025-12,North Yorkshire Police,North Yorkshire Police,-0.434707,54.281707,On or near Hospital,E01027873,Scarborough 009F,Public order,Awaiting court outcome,
a24e646f69cf9efe322f358f28e6bf9b5fbaf5e7ecb09b8d97c7a42f68e6bcfa,2025-12,North Yorkshire Police,North Yorkshire Police,-0.427700,54.283782,On or near Woodland Place,E01027873,Scarborough 009F,Violence and sexual offences,Under investigation,
ec11ee601b9ee4c54d6ff8a59f40c25565589687f0175e40b7168846a4601440,2025-12,North Yorkshire Police,North Yorkshire Police,-0.427700,54.283782,On or near Woodland Place,E01027873,Scarborough 009F,Violence and sexual offences,Under investigation,
a17ae63d395d26307cc6d5ecd1b69acbf4411a0d0aa53773a10aec131a1229f0,2025-12,North Yorkshire Police,North Yorkshire Police,-0.434707,54.281707,On or near Hospital,E01027873,Scarborough 009F,Violence and sexual offences,Under investigation,
e99b1ea01b641b597d9d08e7574783a11d6ca29b6806e69500c11fe753d8dc3c,2025-12,North Yorkshire Police,North Yorkshire Police,-0.440072,54.279216,On or near ,E01027873,Scarborough 009F,Violence and sexual offences,Unable to prosecute suspect,
a24e646f69cf9efe322f358f28e6bf9b5fbaf5e7ecb09b8d97c7a42f68e6bcfa,2025-12,North Yorkshire Police,North Yorkshire Police,-0.427700,54.283782,On or near Woodland Place,E01027873,Scarborough 009F,Violence and sexual offences,Under investigation,
b620d7fce73197f6ae3f108ed25e87c9e394cea8c67e87852796d6f20b914ab5,2025-12,North Yorkshire Police,North Yorkshire Police,-0.434707,54.281707,On or near Hospital,E01027873,Scarborough 009F,Violence and sexual offences,Under investigation,
ab4ffa3363660da97c01a2bb752f30377b58293e67860691af6f64712aaeccfa,2025-12,North Yorkshire Police,North Yorkshire Police,-0.451286,54.276672,On or near Lady Grace'S Ride,E01027873,Scarborough 009F,Violence and sexual offences,Under investigation,
,2025-12,North Yorkshire Police,North Yorkshire Police,-0.400915,54.282121,On or near ,E01027804,Scarborough 010A,Anti-social behaviour,,
,2025-12,North Yorkshire Police,North Yorkshire Police,-0.403990,54.280010,On or near Parking Area,E01027804,Scarborough 010A,Anti-social behaviour,,
,2025-12,North Yorkshire Police,North Yorkshire Police,-0.400915,54.282121,On or near ,E01027804,Scarborough 010A,Anti-social behaviour,,
,2025-12,North Yorkshire Police,North Yorkshire Police,-0.398805,54.279816,On or near Cliff Bridge Terrace,E01027804,Scarborough 010A,Anti-social behaviour,,
,2025-12,North Yorkshire Police,North Yorkshire Police,-0.400915,54.282121,On or near ,E01027804,Scarborough 010A,Anti-social behaviour,,
,2025-12,North Yorkshire Police,North Yorkshire Police,-0.400915,54.282121,On or near ,E01027804,Scarborough 010A,Anti-social behaviour,,
,2025-12,North Yorkshire Police,North Yorkshire Police,-0.400915,54.282121,On or near ,E01027804,Scarborough 010A,Anti-social behaviour,,
,2025-12,North Yorkshire Police,North Yorkshire Police,-0.398815,54.280742,On or near St Nicholas Cliff,E01027804,Scarborough 010A,Anti-social behaviour,,
,2025-12,North Yorkshire Police,North Yorkshire Police,-0.403647,54.281051,On or near ,E01027804,Scarborough 010A,Anti-social behaviour,,
,2025-12,North Yorkshire Police,North Yorkshire Police,-0.400915,54.282121,On or near ,E01027804,Scarborough 010A,Anti-social behaviour,,
,2025-12,North Yorkshire Police,North Yorkshire Police,-0.398815,54.280742,On or near St Nicholas Cliff,E01027804,Scarborough 010A,Anti-social behaviour,,
,2025-12,North Yorkshire Police,North Yorkshire Police,-0.405503,54.280983,On or near Alma Parade,E01027804,Scarborough 010A,Anti-social behaviour,,
,2025-12,North Yorkshire Police,North Yorkshire Police,-0.398815,54.280742,On or near St Nicholas Cliff,E01027804,Scarborough 010A,Anti-social behaviour,,
,2025-12,North Yorkshire Police,North Yorkshire Police,-0.400915,54.282121,On or near ,E01027804,Scarborough 010A,Anti-social behaviour,,
,2025-12,North Yorkshire Police,North Yorkshire Police,-0.403990,54.280010,On or near Parking Area,E01027804,Scarborough 010A,Anti-social behaviour,,
,2025-12,North Yorkshire Police,North Yorkshire Police,-0.404802,54.280857,On or near Alma Square,E01027804,Scarborough 010A,Anti-social behaviour,,
,2025-12,North Yorkshire Police,North Yorkshire Police,-0.408715,54.277763,On or near Belgrave Terrace,E01027804,Scarborough 010A,Anti-social behaviour,,
,2025-12,North Yorkshire Police,North Yorkshire Police,-0.408715,54.277763,On or near Belgrave Terrace,E01027804,Scarborough 010A,Anti-social behaviour,,
,2025-12,North Yorkshire Police,North Yorkshire Police,-0.402404,54.280888,On or near Shopping Area,E01027804,Scarborough 010A,Anti-social behaviour,,
,2025-12,North Yorkshire Police,North Yorkshire Police,-0.400915,54.282121,On or near ,E01027804,Scarborough 010A,Anti-social behaviour,,
,2025-12,North Yorkshire Police,North Yorkshire Police,-0.404446,54.280520,On or near Nightclub,E01027804,Scarborough 010A,Anti-social behaviour,,
,2025-12,North Yorkshire Police,North Yorkshire Police,-0.400915,54.282121,On or near ,E01027804,Scarborough 010A,Anti-social behaviour,,
,2025-12,North Yorkshire Police,North Yorkshire Police,-0.404446,54.280520,On or near Nightclub,E01027804,Scarborough 010A,Anti-social behaviour,,
,2025-12,North Yorkshire Police,North Yorkshire Police,-0.400915,54.282121,On or near ,E01027804,Scarborough 010A,Anti-social behaviour,,
,2025-12,North Yorkshire Police,North Yorkshire Police,-0.404056,54.282654,On or near Albemarle Back Road,E01027804,Scarborough 010A,Anti-social behaviour,,
,2025-12,North Yorkshire Police,North Yorkshire Police,-0.400376,54.280097,On or near Vernon Road,E01027804,Scarborough 010A,Anti-social behaviour,,
,2025-12,North Yorkshire Police,North Yorkshire Police,-0.404802,54.280857,On or near Alma Square,E01027804,Scarborough 010A,Anti-social behaviour,,
,2025-12,North Yorkshire Police,North Yorkshire Police,-0.404446,54.280520,On or near Nightclub,E01027804,Scarborough 010A,Anti-social behaviour,,
,2025-12,North Yorkshire Police,North Yorkshire Police,-0.405857,54.281770,On or near Parking Area,E01027804,Scarborough 010A,Anti-social behaviour,,
,2025-12,North Yorkshire Police,North Yorkshire Police,-0.400915,54.282121,On or near ,E01027804,Scarborough 010A,Anti-social behaviour,,
6f8427b5f98056ef2df78a0ed1b02d519880cf8220ed96550e72453519e1ab34,2025-12,North Yorkshire Police,North Yorkshire Police,-0.405857,54.281770,On or near Parking Area,E01027804,Scarborough 010A,Burglary,Investigation complete; no suspect identified,
5072474b9aed7b6d8fa40bc4e2b61e2c8d13d4435291b8bdce19b3dc8e697610,2025-12,North Yorkshire Police,North Yorkshire Police,-0.405857,54.281770,On or near Parking Area,E01027804,Scarborough 010A,Burglary,Under investigation,
83c8db2e3aa06e3e2c0c839a12273c03d9dc44974cdc66161488ecdb91213e5f,2025-12,North Yorkshire Police,North Yorkshire Police,-0.408469,54.278568,On or near Arundel Place,E01027804,Scarborough 010A,Burglary,Unable to prosecute suspect,
3e4917ffcb852e29de4f353a3378b4c9ee3e8d59522701345e2a62e81e59bdc7,2025-12,North Yorkshire Police,North Yorkshire Police,-0.405857,54.281770,On or near Parking Area,E01027804,Scarborough 010A,Criminal damage and arson,Unable to prosecute suspect,
df4e23f51d4cc723c79e5276e6eee1403e07be6639cd8ccacc179819e8530385,2025-12,North Yorkshire Police,North Yorkshire Police,-0.404056,54.282654,On or near Albemarle Back Road,E01027804,Scarborough 010A,Criminal damage and arson,Investigation complete; no suspect identified,
77b8493698a9712485bd7ade9db9242b1cdaac7b98df9044f1cffceb0818e170,2025-12,North Yorkshire Police,North Yorkshire Police,-0.400915,54.282121,On or near ,E01027804,Scarborough 010A,Criminal damage and arson,Awaiting court outcome,
e6ef52a66a30841bfb4ce89b5be5ba2940d2c57d7ed528415fc93594edd5dfd0,2025-12,North Yorkshire Police,North Yorkshire Police,-0.408715,54.277763,On or near Belgrave Terrace,E01027804,Scarborough 010A,Criminal damage and arson,Unable to prosecute suspect,
4d6fb6681f237c66dc4e035f770a055156c05c695c2136c373ad17c2f3fcbb7c,2025-12,North Yorkshire Police,North Yorkshire Police,-0.404802,54.280857,On or near Alma Square,E01027804,Scarborough 010A,Criminal damage and arson,Under investigation,
7cf70ad8b3362cc7817eb91fe1d4ed0820cead0f2b0b1c0a222714fbbec524d7,2025-12,North Yorkshire Police,North Yorkshire Police,-0.405857,54.281770,On or near Parking Area,E01027804,Scarborough 010A,Criminal damage and arson,Investigation complete; no suspect identified,
af5074d25fbab171f3c96e40709919045715293b27cb6b7c861dfc9698a7f4cb,2025-12,North Yorkshire Police,North Yorkshire Police,-0.400915,54.282121,On or near ,E01027804,Scarborough 010A,Criminal damage and arson,Local resolution,
ca636cfa001925b15ded66098896749092b6b5e802077951f19b3b4d739f8fbf,2025-12,North Yorkshire Police,North Yorkshire Police,-0.404446,54.280520,On or near Nightclub,E01027804,Scarborough 010A,Criminal damage and arson,Further action is not in the public interest,
ffc3d238c16161b44ac4b60e4fe567572c8905d923bce88a69ed7692c8625e12,2025-12,North Yorkshire Police,North Yorkshire Police,-0.404056,54.282654,On or near Albemarle Back Road,E01027804,Scarborough 010A,Criminal damage and arson,Unable to prosecute suspect,
98e2821b89977e502d31362dad7258283ad3db6e7ed65b24e3d90d5e198948a3,2025-12,North Yorkshire Police,North Yorkshire Police,-0.405857,54.281770,On or near Parking Area,E01027804,Scarborough 010A,Criminal damage and arson,Investigation complete; no suspect identified,
6deb2bd4f766249cd68cd4f314525f357e9809c7c352ae6aac5978942c0cbb52,2025-12,North Yorkshire Police,North Yorkshire Police,-0.405857,54.281770,On or near Parking Area,E01027804,Scarborough 010A,Criminal damage and arson,Unable to prosecute suspect,
0af6e62445c91a45a57754582644ddc61feba597df60c2892de6d3840a195580,2025-12,North Yorkshire Police,North Yorkshire Police,-0.409549,54.275248,On or near Westwood Gardens,E01027804,Scarborough 010A,Drugs,Local resolution,
fc1801623a3c9117eaa2737bd1988d231da6da9586758b8c5bfb6d4ea29ccd4f,2025-12,North Yorkshire Police,North Yorkshire Police,-0.398805,54.279816,On or near Cliff Bridge Terrace,E01027804,Scarborough 010A,Drugs,Further investigation is not in the public interest,
d9a0234dae8651631cba69c85f51c477a079d2322bf03913394ba68639bb77e4,2025-12,North Yorkshire Police,North Yorkshire Police,-0.409549,54.275248,On or near Westwood Gardens,E01027804,Scarborough 010A,Drugs,Further investigation is not in the public interest,
70b8e49e5a5fd7e69bc6a8e4d80c1190814796bc627aa2547be47a844d4cd1a2,2025-12,North Yorkshire Police,North Yorkshire Police,-0.405857,54.281770,On or near Parking Area,E01027804,Scarborough 010A,Drugs,Awaiting court outcome,
f569803a3a8915cc011187c3a3d4a8d42a85e768ebd9fd0f7f19fd90e021f067,2025-12,North Yorkshire Police,North Yorkshire Police,-0.398815,54.280742,On or near St Nicholas Cliff,E01027804,Scarborough 010A,Other theft,Unable to prosecute suspect,
5dd85db23b8b33d43f3a138e800e9fe408f714f0b39f17e3a8afa8e68f3b55bf,2025-12,North Yorkshire Police,North Yorkshire Police,-0.404056,54.282654,On or near Albemarle Back Road,E01027804,Scarborough 010A,Other theft,Unable to prosecute suspect,
b551ed8f1eae34715793d04f7380c97b1fbfc0cab2ccb638dc98d77c61639075,2025-12,North Yorkshire Police,North Yorkshire Police,-0.407373,54.279498,On or near Belle Vue Parade,E01027804,Scarborough 010A,Other theft,Investigation complete; no suspect identified,
d443809a26df9ccd61460336391f8d389cd5430a7c264427e5dbceafd631594e,2025-12,North Yorkshire Police,North Yorkshire Police,-0.398815,54.280742,On or near St Nicholas Cliff,E01027804,Scarborough 010A,Other theft,Under investigation,
aea001d3999195fcc553b640107a05557d459e2b24612d19590fc66a19386841,2025-12,North Yorkshire Police,North Yorkshire Police,-0.401877,54.279821,On or near The Crescent,E01027804,Scarborough 010A,Other theft,Investigation complete; no suspect identified,
61538681def21006811eb4b39ae888ad59ce018cc1b7165e79d5cf055fe4e732,2025-12,North Yorkshire Police,North Yorkshire Police,-0.405857,54.281770,On or near Parking Area,E01027804,Scarborough 010A,Possession of weapons,Awaiting court outcome,
0a9f0a78275569c657623f493fdf1f091cf879e8bf99e01e2ae19f61bc6cfd4d,2025-12,North Yorkshire Police,North Yorkshire Police,-0.405857,54.281770,On or near Parking Area,E01027804,Scarborough 010A,Public order,Under investigation,
c40cdf496a09d6f7a0e97965e62307d6715c5649cec3f252f213206ae29c3dcd,2025-12,North Yorkshire Police,North Yorkshire Police,-0.405857,54.281770,On or near Parking Area,E01027804,Scarborough 010A,Public order,Under investigation,
678642b9b9db3c86383b5a7aad4db0cadf9e4d3917947a2f9af623381ca618f8,2025-12,North Yorkshire Police,North Yorkshire Police,-0.405857,54.281770,On or near Parking Area,E01027804,Scarborough 010A,Public order,Unable to prosecute suspect,
74fbbc098d9b154b8bb0b289f9978f560c499929aef92c7969d08478c186b4ae,2025-12,North Yorkshire Police,North Yorkshire Police,-0.405857,54.281770,On or near Parking Area,E01027804,Scarborough 010A,Public order,Unable to prosecute suspect,
123c69131a0ff4e82354f24912f3e418764c994b025d56cf3b18427a17da9901,2025-12,North Yorkshire Police,North Yorkshire Police,-0.400915,54.282121,On or near ,E01027804,Scarborough 010A,Public order,Under investigation,
f168c36230fb673ce9a157edd38dd68203ce384726292e79c04775d93fb5ebe8,2025-12,North Yorkshire Police,North Yorkshire Police,-0.405857,54.281770,On or near Parking Area,E01027804,Scarborough 010A,Public order,Unable to prosecute suspect,
8b50b9995122b9fc50c84b772d1053bebd1dc377e1a6e610078144d2cd97c6d5,2025-12,North Yorkshire Police,North Yorkshire Police,-0.400915,54.282121,On or near ,E01027804,Scarborough 010A,Public order,Awaiting court outcome,
7029cfdc7a7584f39335f36402e855306f979073d4c15e76f596651cfe02e690,2025-12,North Yorkshire Police,North Yorkshire Police,-0.401495,54.280957,On or near Vernon Place,E01027804,Scarborough 010A,Public order,Unable to prosecute suspect,
9588e8bc6c45e764a5af794bb44441cd49c00b2b7b8a2885db71c386fcaa1bbc,2025-12,North Yorkshire Police,North Yorkshire Police,-0.403090,54.280619,On or near York Place,E01027804,Scarborough 010A,Public order,Awaiting court outcome,
7a382a2614585c7f640a967cd3ac95141342806e5d3d9f9152440eedf105f8e3,2025-12,North Yorkshire Police,North Yorkshire Police,-0.405925,54.278817,On or near Parking Area,E01027804,Scarborough 010A,Public order,Under investigation,
906be97da822134191de3a8dfad2f46f39cca134b5031bc17409f7a6aca49619,2025-12,North Yorkshire Police,North Yorkshire Police,-0.403990,54.280010,On or near Parking Area,E01027804,Scarborough 010A,Robbery,Under investigation,
e5092b5e9657905f729d537d441e65d0b469f06e89254083503e9ef71188bbaa,2025-12,North Yorkshire Police,North Yorkshire Police,-0.402404,54.280888,On or near Shopping Area,E01027804,Scarborough 010A,Shoplifting,Local resolution,
d2c545447d1a80a7329185f9440f243125160a881b03e90831dd52c62ece13c1,2025-12,North Yorkshire Police,North Yorkshire Police,-0.403090,54.280619,On or near York Place,E01027804,Scarborough 010A,Shoplifting,Local resolution,
1a2667d8c072da8a006a60f01b8ac3160cdc71a4e4d65f718b6f2bdfdeea8854,2025-12,North Yorkshire Police,North Yorkshire Police,-0.403647,54.281051,On or near ,E01027804,Scarborough 010A,Shoplifting,Local resolution,
82526ff44166eecef450665120b1ff7f441d763a68688a30c446fa44da5795d8,2025-12,North Yorkshire Police,North Yorkshire Police,-0.404802,54.280857,On or near Alma Square,E01027804,Scarborough 010A,Shoplifting,Local resolution,
dbb2b0e1d2995b49ed35f1aaadd4f9bdffd76e3c0340e13be1a11085c91eeda7,2025-12,North Yorkshire Police,North Yorkshire Police,-0.409549,54.275248,On or near Westwood Gardens,E01027804,Scarborough 010A,Shoplifting,Local resolution,
1094e24e8708ab79648c45227be4545ffb40e164f5c532e468bbe02a76394e59,2025-12,North Yorkshire Police,North Yorkshire Police,-0.404665,54.278042,On or near Further/Higher Educational Building,E01027804,Scarborough 010A,Shoplifting,Awaiting court outcome,
c5231532e5092bf9941bfd41f205650c365014888cdfb763eaa658faf435e715,2025-12,North Yorkshire Police,North Yorkshire Police,-0.400915,54.282121,On or near ,E01027804,Scarborough 010A,Shoplifting,Suspect charged as part of another case,
1edf02fef34328e9a8eb1c3f0722620225abf6decda022136f2490da78547daf,2025-12,North Yorkshire Police,North Yorkshire Police,-0.403990,54.280010,On or near Parking Area,E01027804,Scarborough 010A,Shoplifting,Investigation complete; no suspect identified,
e17f3d77cf79cb1caeabc596ff279df5188ba8cd08a7f06934db4fa394d0e1d4,2025-12,North Yorkshire Police,North Yorkshire Police,-0.404665,54.278042,On or near Further/Higher Educational Building,E01027804,Scarborough 010A,Shoplifting,Awaiting court outcome,
a2ad1f11f2bf2836f74afa2e1872cd9b8c7c0e99ffb8a9da0e3845e1611c080f,2025-12,North Yorkshire Police,North Yorkshire Police,-0.403090,54.280619,On or near York Place,E01027804,Scarborough 010A,Shoplifting,Awaiting court outcome,
89155e435d031921ac8f745db9b546532634341a65b754c0b4234b18e29ce13b,2025-12,North Yorkshire Police,North Yorkshire Police,-0.403090,54.280619,On or near York Place,E01027804,Scarborough 010A,Shoplifting,Awaiting court outcome,
1914ed2ac1fcbbb53a0018d024afcbed461cf9d2d32136dd1c867498b22c3f13,2025-12,North Yorkshire Police,North Yorkshire Police,-0.402404,54.280888,On or near Shopping Area,E01027804,Scarborough 010A,Shoplifting,Awaiting court outcome,
6e9d4396d79ec60f648c76955f7fb4e5e912a6536a63b72d6158ae558ace3ceb,2025-12,North Yorkshire Police,North Yorkshire Police,-0.401495,54.280957,On or near Vernon Place,E01027804,Scarborough 010A,Shoplifting,Awaiting court outcome,
a26746bcd045cd34230f21c7ba9d746ef2ebee268883c7270a4a41245607b1af,2025-12,North Yorkshire Police,North Yorkshire Police,-0.404665,54.278042,On or near Further/Higher Educational Building,E01027804,Scarborough 010A,Shoplifting,Suspect charged as part of another case,
856b2eb18364590c43870cad915d8cfdc529b4672acbbd355b29ab4505be7baf,2025-12,North Yorkshire Police,North Yorkshire Police,-0.404802,54.280857,On or near Alma Square,E01027804,Scarborough 010A,Violence and sexual offences,Unable to prosecute suspect,
ab55ea90e2bb650821e4e49da58ca071b3cf214b9264fcafc4cdff9509f97164,2025-12,North Yorkshire Police,North Yorkshire Police,-0.404665,54.278042,On or near Further/Higher Educational Building,E01027804,Scarborough 010A,Violence and sexual offences,Awaiting court outcome,
d5bb9d0202b214f7affbd8287cf11c3bf7a4c4585609fd8f58f07e921b4c5d31,2025-12,North Yorkshire Police,North Yorkshire Police,-0.402404,54.280888,On or near Shopping Area,E01027804,Scarborough 010A,Violence and sexual offences,Under investigation,
42c45b7b5b3a734e735daf42142dfbfede14f4699252281b93bca59faf08f387,2025-12,North Yorkshire Police,North Yorkshire Police,-0.408469,54.278568,On or near Arundel Place,E01027804,Scarborough 010A,Violence and sexual offences,Unable to prosecute suspect,
aa7ec0e9e3dda5418dcd32c0001a68c57135175fdfc3051a084d7ab5e57dd790,2025-12,North Yorkshire Police,North Yorkshire Police,-0.409549,54.275248,On or near Westwood Gardens,E01027804,Scarborough 010A,Violence and sexual offences,Awaiting court outcome,
aa2039c3d6387f7ef8f5b74925bd94062d6281555b8a65d7ce392092f064bab7,2025-12,North Yorkshire Police,North Yorkshire Police,-0.405857,54.281770,On or near Parking Area,E01027804,Scarborough 010A,Violence and sexual offences,Unable to prosecute suspect,
d71231e51a8bb57db61b6d342aa5676e4a183f1b1387cf424ef3de269e7c3820,2025-12,North Yorkshire Police,North Yorkshire Police,-0.408838,54.278960,On or near Belle Vue Place,E01027804,Scarborough 010A,Violence and sexual offences,Unable to prosecute suspect,
526dd629d563f75172606dbf1b522459c1cb63fb1504de7b15fb447f51dcfa35,2025-12,North Yorkshire Police,North Yorkshire Police,-0.404802,54.280857,On or near Alma Square,E01027804,Scarborough 010A,Violence and sexual offences,Unable to prosecute suspect,
38dc50731fe1e9a757018bce54b217c7233440f84f778f4df3c0e14169e5611b,2025-12,North Yorkshire Police,North Yorkshire Police,-0.404802,54.280857,On or near Alma Square,E01027804,Scarborough 010A,Violence and sexual offences,Unable to prosecute suspect,
a200c92f97a05257f7e439ec2640e7218e468cd43febeff5270b64d59901806d,2025-12,North Yorkshire Police,North Yorkshire Police,-0.403647,54.281051,On or near ,E01027804,Scarborough 010A,Violence and sexual offences,Unable to prosecute suspect,
5b3bf6b34c97e3dbdc03503db30b05c6ab164b3a54f0c1a860f9b0973ceb7b6c,2025-12,North Yorkshire Police,North Yorkshire Police,-0.403194,54.278741,On or near Plantation Hill,E01027804,Scarborough 010A,Violence and sexual offences,Awaiting court outcome,
55c57bc1376e74b122ad4d0c3506cfe7e3be78bfd08550afdceda55cc5f48df3,2025-12,North Yorkshire Police,North Yorkshire Police,-0.407579,54.276157,On or near Westwood Close,E01027804,Scarborough 010A,Violence and sexual offences,Unable to prosecute suspect,
6f6d2d5b44e906d66acaa33e92748dcfec591ee88838b5004574cb4b2d5e9eb9,2025-12,North Yorkshire Police,North Yorkshire Police,-0.398815,54.280742,On or near St Nicholas Cliff,E01027804,Scarborough 010A,Violence and sexual offences,Unable to prosecute suspect,
396ff2f5b3cb0f86c93f3a965598b67b90b6defdcda9fce867fa36f90f53eb47,2025-12,North Yorkshire Police,North Yorkshire Police,-0.408838,54.278960,On or near Belle Vue Place,E01027804,Scarborough 010A,Violence and sexual offences,Unable to prosecute suspect,
465af55bb206ce51b6f64cd32566f7ae795f0153d510d14ccd01c1ee0aeb3ba0,2025-12,North Yorkshire Police,North Yorkshire Police,-0.403990,54.280010,On or near Parking Area,E01027804,Scarborough 010A,Violence and sexual offences,Under investigation,
3d7d932e3eaaae3ae94a36bac0ffc44f50dacb8532e9013a0eec04c13a3f7888,2025-12,North Yorkshire Police,North Yorkshire Police,-0.405503,54.280983,On or near Alma Parade,E01027804,Scarborough 010A,Violence and sexual offences,Awaiting court outcome,
3679392deb87c9aadddad6ed3210162b8f9f56f74b82a3e17666b2d3ffd8aa0a,2025-12,North Yorkshire Police,North Yorkshire Police,-0.400915,54.282121,On or near ,E01027804,Scarborough 010A,Violence and sexual offences,Unable to prosecute suspect,
100ce3a55622353a962a387e05bc9dd52038fefb9a5c4e0658b96d55f59522c8,2025-12,North Yorkshire Police,North Yorkshire Police,-0.408675,54.275605,On or near Westwood Road,E01027804,Scarborough 010A,Violence and sexual offences,Unable to prosecute suspect,
b7ca300441d9f56696f861af1985fd2b9a26a4bb00255907e1e3c78909ce66bb,2025-12,North Yorkshire Police,North Yorkshire Police,-0.404056,54.282654,On or near Albemarle Back Road,E01027804,Scarborough 010A,Violence and sexual offences,Unable to prosecute suspect,
64e58deee7b9e81f3162ad5a51ca731e4d5ec12695acd1746e40f8a2c1693048,2025-12,North Yorkshire Police,North Yorkshire Police,-0.398805,54.279816,On or near Cliff Bridge Terrace,E01027804,Scarborough 010A,Violence and sexual offences,Under investigation,
ddea6ba04e6db8eaa959e4b51d77f3f934b0034317ad7b013aa4f7c80851d36d,2025-12,North Yorkshire Police,North Yorkshire Police,-0.403925,54.281672,On or near Aberdeen Lane,E01027804,Scarborough 010A,Violence and sexual offences,Unable to prosecute suspect,
9db7c73f7d56c81c410c09288176e4a8b30467e14e3b151fe2e58a90c0b73917,2025-12,North Yorkshire Police,North Yorkshire Police,-0.400915,54.282121,On or near ,E01027804,Scarborough 010A,Violence and sexual offences,Awaiting court outcome,
16f75de944bdd58c861dd773108144adb4a964921ae4acf8b679a1da10740e94,2025-12,North Yorkshire Police,North Yorkshire Police,-0.408838,54.278960,On or near Belle Vue Place,E01027804,Scarborough 010A,Violence and sexual offences,Unable to prosecute suspect,
44a34a3bab926eda0e2957683e3c025650ffabf43846f8322f23ae38810df53a,2025-12,North Yorkshire Police,North Yorkshire Police,-0.400915,54.282121,On or near ,E01027804,Scarborough 010A,Violence and sexual offences,Under investigation,
b205cc82a3283972814b5d65d315697fe5a4e8da117ffadea027761a9f4dd7aa,2025-12,North Yorkshire Police,North Yorkshire Police,-0.407373,54.279498,On or near Belle Vue Parade,E01027804,Scarborough 010A,Violence and sexual offences,Under investigation,
40ff49883d90fe071fe6c068f7eca6daf7440136cfae95368c0cbb400ec9ddb7,2025-12,North Yorkshire Police,North Yorkshire Police,-0.405503,54.280983,On or near Alma Parade,E01027804,Scarborough 010A,Violence and sexual offences,Under investigation,
a7094d722d8e3867e1439c0fcc58ac548acfd554ed169cbc75198ec2b8539292,2025-12,North Yorkshire Police,North Yorkshire Police,-0.405857,54.281770,On or near Parking Area,E01027804,Scarborough 010A,Violence and sexual offences,Under investigation,
b352a2caff5272441faf2796b66c6203e573351e2cdd546a8ce9e8052c5e9230,2025-12,North Yorkshire Police,North Yorkshire Police,-0.403378,54.279263,On or near Bus/Coach Station,E01027804,Scarborough 010A,Violence and sexual offences,Under investigation,
945b318311991d0ac10abb79f08f9671e2dfaad0aeb913db09e26fb004f457f6,2025-12,North Yorkshire Police,North Yorkshire Police,-0.403194,54.278741,On or near Plantation Hill,E01027804,Scarborough 010A,Violence and sexual offences,Awaiting court outcome,
b86458607fc781ca2d7aafaebb65c978f017628d6cc8ffccf51d413b220bc752,2025-12,North Yorkshire Police,North Yorkshire Police,-0.405966,54.280540,On or near Theatre/Concert Hall,E01027804,Scarborough 010A,Violence and sexual offences,Unable to prosecute suspect,
a77798305e79fe332f3e8ac2f8fb6babb8e6bb25811dd7bda2f1c153a8bdf66f,2025-12,North Yorkshire Police,North Yorkshire Police,-0.403378,54.279263,On or near Bus/Coach Station,E01027804,Scarborough 010A,Violence and sexual offences,Under investigation,
40ff49883d90fe071fe6c068f7eca6daf7440136cfae95368c0cbb400ec9ddb7,2025-12,North Yorkshire Police,North Yorkshire Police,-0.405503,54.280983,On or near Alma Parade,E01027804,Scarborough 010A,Violence and sexual offences,Awaiting court outcome,
6721134d5084ca7c17807d2989d7ec315d53096cf59b80cac8e3c9933be90115,2025-12,North Yorkshire Police,North Yorkshire Police,-0.405857,54.281770,On or near Parking Area,E01027804,Scarborough 010A,Violence and sexual offences,Awaiting court outcome,
89cbd1aa0766ed4e9ae169869a5503e511ecc5e05aaf645f5b291aab235fb678,2025-12,North Yorkshire Police,North Yorkshire Police,-0.408838,54.278960,On or near Belle Vue Place,E01027804,Scarborough 010A,Violence and sexual offences,Unable to prosecute suspect,
a7094d722d8e3867e1439c0fcc58ac548acfd554ed169cbc75198ec2b8539292,2025-12,North Yorkshire Police,North Yorkshire Police,-0.405857,54.281770,On or near Parking Area,E01027804,Scarborough 010A,Violence and sexual offences,Awaiting court outcome,
,2025-12,North Yorkshire Police,North Yorkshire Police,-0.403808,54.271981,On or near Princess Royal Terrace,E01027852,Scarborough 010B,Anti-social behaviour,,
,2025-12,North Yorkshire Police,North Yorkshire Police,-0.405836,54.273554,On or near Cromwell Terrace,E01027852,Scarborough 010B,Anti-social behaviour,,
,2025-12,North Yorkshire Police,North Yorkshire Police,-0.402373,54.273356,On or near St Martin'S Place,E01027852,Scarborough 010B,Anti-social behaviour,,
,2025-12,North Yorkshire Police,North Yorkshire Police,-0.403808,54.271981,On or near Princess Royal Terrace,E01027852,Scarborough 010B,Anti-social behaviour,,
,2025-12,North Yorkshire Police,North Yorkshire Police,-0.404414,54.273392,On or near Royal Crescent Lane,E01027852,Scarborough 010B,Anti-social behaviour,,
,2025-12,North Yorkshire Police,North Yorkshire Police,-0.405257,54.275830,On or near Grosvenor Road,E01027852,Scarborough 010B,Anti-social behaviour,,
,2025-12,North Yorkshire Police,North Yorkshire Police,-0.404414,54.273392,On or near Royal Crescent Lane,E01027852,Scarborough 010B,Anti-social behaviour,,
,2025-12,North Yorkshire Police,North Yorkshire Police,-0.407214,54.274067,On or near Cromwell Road,E01027852,Scarborough 010B,Anti-social behaviour,,
0687f1a843876490a7b820f0cc262ac864f0d5aee80dcddf66833c644c591cb9,2025-12,North Yorkshire Police,North Yorkshire Police,-0.405836,54.273554,On or near Cromwell Terrace,E01027852,Scarborough 010B,Drugs,Awaiting court outcome,
dd8b24c9bc0d3444be69184c4056a58c78582ec3bff2fae9d340f73c5ddf9327,2025-12,North Yorkshire Police,North Yorkshire Police,-0.406592,54.275452,On or near Valley Road,E01027852,Scarborough 010B,Drugs,Awaiting court outcome,
6a9e02864989b10f31557168d4482d7253e5589e940581b018e814ca5222a69a,2025-12,North Yorkshire Police,North Yorkshire Police,-0.408657,54.273690,On or near Cromwell Parade,E01027852,Scarborough 010B,Other theft,Investigation complete; no suspect identified,
4f4c8aa58992c6a985c25853373b1840088f0784d8332bce0876edae04520f64,2025-12,North Yorkshire Police,North Yorkshire Police,-0.403808,54.271981,On or near Princess Royal Terrace,E01027852,Scarborough 010B,Other theft,Investigation complete; no suspect identified,
a53f8b46920765be971a12a16bfd404afce1c41f97985be6bfcf2aeb1a76f4c2,2025-12,North Yorkshire Police,North Yorkshire Police,-0.402373,54.273356,On or near St Martin'S Place,E01027852,Scarborough 010B,Other theft,Unable to prosecute suspect,
76c62b866fb402c2568e823f103e20c589f05eaf97b60bf9c0cd5fcf797043b5,2025-12,North Yorkshire Police,North Yorkshire Police,-0.403808,54.271981,On or near Princess Royal Terrace,E01027852,Scarborough 010B,Other theft,Unable to prosecute suspect,
45fa57ae1d7782cf872df0e886a33f958d9c59a8524e97eaa23f7bfd0fafd5e2,2025-12,North Yorkshire Police,North Yorkshire Police,-0.402404,54.274938,On or near A165,E01027852,Scarborough 010B,Other theft,Investigation complete; no suspect identified,
c4d7354a1261bdd3d67ced93eb9a5773ab4094b84c285fe152ea3f3d328abed6,2025-12,North Yorkshire Police,North Yorkshire Police,-0.405257,54.275830,On or near Grosvenor Road,E01027852,Scarborough 010B,Possession of weapons,Unable to prosecute suspect,
819b388031fea4e2b454fd1c829e7162e255e9fc7fef946aa93717606c0c1b02,2025-12,North Yorkshire Police,North Yorkshire Police,-0.405241,54.274247,On or near Royal Avenue,E01027852,Scarborough 010B,Public order,Unable to prosecute suspect,
eb47f00b9a813f20a9c8524dbf22a9a4e89c7ad991ee49be40d45d2c022ca43f,2025-12,North Yorkshire Police,North Yorkshire Police,-0.402373,54.273356,On or near St Martin'S Place,E01027852,Scarborough 010B,Shoplifting,Investigation complete; no suspect identified,
92c4038a46e5b7ccd0f41d2d401a9ba79b2e7145df426746a8d899afc5e420e4,2025-12,North Yorkshire Police,North Yorkshire Police,-0.402373,54.273356,On or near St Martin'S Place,E01027852,Scarborough 010B,Shoplifting,Under investigation,
737e5dbbed24432bc628d6cb60a4654eb2bc14760f2059bae5e16cba9b580765,2025-12,North Yorkshire Police,North Yorkshire Police,-0.406271,54.273030,On or near Westbourne Grove,E01027852,Scarborough 010B,Violence and sexual offences,Unable to prosecute suspect,
a297c023ef308d7e4cc84ec853f30a085ed0825f918d9a74847a57ad60424af9,2025-12,North Yorkshire Police,North Yorkshire Police,-0.403240,54.274760,On or near Albion Crescent,E01027852,Scarborough 010B,Violence and sexual offences,Under investigation,
a297c023ef308d7e4cc84ec853f30a085ed0825f918d9a74847a57ad60424af9,2025-12,North Yorkshire Police,North Yorkshire Police,-0.403240,54.274760,On or near Albion Crescent,E01027852,Scarborough 010B,Violence and sexual offences,Unable to prosecute suspect,
966834556525d1fca7266b474c2e2aa8aab810cce15380c729e2fc398cbd263c,2025-12,North Yorkshire Police,North Yorkshire Police,-0.405836,54.273554,On or near Cromwell Terrace,E01027852,Scarborough 010B,Violence and sexual offences,Unable to prosecute suspect,
4de24b1427e4d757feafd5bac334b69e2831adb29a4dc0a90fce9365774ee721,2025-12,North Yorkshire Police,North Yorkshire Police,-0.406271,54.273030,On or near Westbourne Grove,E01027852,Scarborough 010B,Violence and sexual offences,Awaiting court outcome,
120b2fb6ed62f236715c5abd67502c114722344f60c4272f474ccff82bcdea31,2025-12,North Yorkshire Police,North Yorkshire Police,-0.405241,54.274247,On or near Royal Avenue,E01027852,Scarborough 010B,Violence and sexual offences,Unable to prosecute suspect,
b80790910fef9e5d3e3e6ebaccecff0981cb1d53a79d8491f72f6458b36fdd00,2025-12,North Yorkshire Police,North Yorkshire Police,-0.402373,54.273356,On or near St Martin'S Place,E01027852,Scarborough 010B,Violence and sexual offences,Unable to prosecute suspect,
b3d144d3e6ed89fdcc60b3b83ca720bc5592337e3affba8ff1896f58b790fcec,2025-12,North Yorkshire Police,North Yorkshire Police,-0.403774,54.275262,On or near Grosvenor Crescent,E01027852,Scarborough 010B,Violence and sexual offences,Unable to prosecute suspect,
ef79a36215dcb41d45571b4d0c45bb62bd82b098c6d08c10ca1e47a36a0fe758,2025-12,North Yorkshire Police,North Yorkshire Police,-0.406271,54.273030,On or near Westbourne Grove,E01027852,Scarborough 010B,Violence and sexual offences,Unable to prosecute suspect,
e24ca100c89e63fb6fd598a815b0e1dfa5ae80abeaab5b45b9e4d972d61f3e16,2025-12,North Yorkshire Police,North Yorkshire Police,-0.405836,54.273554,On or near Cromwell Terrace,E01027852,Scarborough 010B,Violence and sexual offences,Under investigation,
2aeb5fa9bc21f9d835d4d3e11c2b2ef014b55cf0338d73d8ba28c190febcd79e,2025-12,North Yorkshire Police,North Yorkshire Police,-0.405836,54.273554,On or near Cromwell Terrace,E01027852,Scarborough 010B,Violence and sexual offences,Unable to prosecute suspect,
ce9197efaa2740bd0432d6c410b41be0fbf5e379fae0a079c35dd5aebd2b6638,2025-12,North Yorkshire Police,North Yorkshire Police,-0.403808,54.271981,On or near Princess Royal Terrace,E01027852,Scarborough 010B,Violence and sexual offences,Unable to prosecute suspect,
da5d3f4a2cf78966703a4194aaa82e50e58c11da91c515d4eb015206de6994d4,2025-12,North Yorkshire Police,North Yorkshire Police,-0.402373,54.273356,On or near St Martin'S Place,E01027852,Scarborough 010B,Violence and sexual offences,Under investigation,
e24ca100c89e63fb6fd598a815b0e1dfa5ae80abeaab5b45b9e4d972d61f3e16,2025-12,North Yorkshire Police,North Yorkshire Police,-0.405836,54.273554,On or near Cromwell Terrace,E01027852,Scarborough 010B,Violence and sexual offences,Unable to prosecute suspect,
,2025-12,North Yorkshire Police,North Yorkshire Police,-0.409299,54.274175,On or near College Court,E01027853,Scarborough 010C,Anti-social behaviour,,
,2025-12,North Yorkshire Police,North Yorkshire Police,-0.409299,54.274175,On or near College Court,E01027853,Scarborough 010C,Anti-social behaviour,,
,2025-12,North Yorkshire Police,North Yorkshire Police,-0.411936,54.272682,On or near Weaponness Valley Road,E01027853,Scarborough 010C,Anti-social behaviour,,
afe5148512f3adbd19cec116ede09bc24a5e406b51d2b95848076ba3e6c60ce5,2025-12,North Yorkshire Police,North Yorkshire Police,-0.407453,54.272263,On or near Garlands Hill,E01027853,Scarborough 010C,Criminal damage and arson,Investigation complete; no suspect identified,
15038d245429b94e300d536e9d8376a2ebf04402f2d80bb93055119d04a57f3e,2025-12,North Yorkshire Police,North Yorkshire Police,-0.404899,54.272382,On or near Princess Royal Lane,E01027853,Scarborough 010C,Public order,Unable to prosecute suspect,
49167f3f6cc0012c20f54d705fc4530bf5fa61039612c1d535c1fd899ac66ffc,2025-12,North Yorkshire Police,North Yorkshire Police,-0.409911,54.273015,On or near Trinity Road,E01027853,Scarborough 010C,Violence and sexual offences,Unable to prosecute suspect,
65b9b3deb7bb1b8b6a1005a0d2a2c7a2ef8bc6b7876c2783164832c9c538f2c1,2025-12,North Yorkshire Police,North Yorkshire Police,-0.409911,54.273015,On or near Trinity Road,E01027853,Scarborough 010C,Violence and sexual offences,Unable to prosecute suspect,
d788c03762dfca2d15affbdf49bb0282a55501ed47973e7bb10b3ff937a04ae3,2025-12,North Yorkshire Police,North Yorkshire Police,-0.413353,54.271370,On or near Parking Area,E01027853,Scarborough 010C,Violence and sexual offences,Unable to prosecute suspect,
08ceab3f9fab84269dd0186e32252f25f25dc4ad90050ab1e5c69019de0c6306,2025-12,North Yorkshire Police,North Yorkshire Police,-0.413718,54.271078,On or near Ashburn Road,E01027853,Scarborough 010C,Violence and sexual offences,Under investigation,
,2025-12,North Yorkshire Police,North Yorkshire Police,-0.399942,54.275454,On or near Oliver Street,E01027854,Scarborough 010D,Anti-social behaviour,,
,2025-12,North Yorkshire Police,North Yorkshire Police,-0.399942,54.275454,On or near Oliver Street,E01027854,Scarborough 010D,Anti-social behaviour,,
,2025-12,North Yorkshire Police,North Yorkshire Police,-0.401037,54.276924,On or near Belmont Road,E01027854,Scarborough 010D,Anti-social behaviour,,
,2025-12,North Yorkshire Police,North Yorkshire Police,-0.400690,54.276749,On or near Crown Terrace,E01027854,Scarborough 010D,Anti-social behaviour,,
,2025-12,North Yorkshire Police,North Yorkshire Police,-0.400507,54.272773,On or near Esplanade Gardens,E01027854,Scarborough 010D,Anti-social behaviour,,
,2025-12,North Yorkshire Police,North Yorkshire Police,-0.400690,54.276749,On or near Crown Terrace,E01027854,Scarborough 010D,Anti-social behaviour,,
,2025-12,North Yorkshire Police,North Yorkshire Police,-0.399768,54.275200,On or near South Street,E01027854,Scarborough 010D,Anti-social behaviour,,
f275843b6f733948c67db12003a70aeb2d5090d24325563322f86ae1fd87850e,2025-12,North Yorkshire Police,North Yorkshire Police,-0.401049,54.274237,On or near St Martin'S Square,E01027854,Scarborough 010D,Burglary,Unable to prosecute suspect,
2768c86425e798690b09a258a439063e314c5d91f9be92063a888c9689856d9a,2025-12,North Yorkshire Police,North Yorkshire Police,-0.400507,54.272773,On or near Esplanade Gardens,E01027854,Scarborough 010D,Criminal damage and arson,Unable to prosecute suspect,
c251b0970f4e3ae9ae7f63f49897062ce79ceba549223c645e73b9d72a2261e9,2025-12,North Yorkshire Police,North Yorkshire Police,-0.400507,54.272773,On or near Esplanade Gardens,E01027854,Scarborough 010D,Criminal damage and arson,Under investigation,
ce54a8f3cdeaff47093e2290fa5e37d4269567172f013dfff370317a00665fd4,2025-12,North Yorkshire Police,North Yorkshire Police,-0.401049,54.274237,On or near St Martin'S Square,E01027854,Scarborough 010D,Criminal damage and arson,Under investigation,
7af0bf57db89b8fe83d4e948ef3801195fca8ac5c17e80d86f5bd64e1e7a949c,2025-12,North Yorkshire Police,North Yorkshire Police,-0.399942,54.275454,On or near Oliver Street,E01027854,Scarborough 010D,Public order,Unable to prosecute suspect,
d2ed80db5efbd1147b3c2e536d860b7ed6acf9dad8ba60491f8bf0989bc25148,2025-12,North Yorkshire Police,North Yorkshire Police,-0.400507,54.272773,On or near Esplanade Gardens,E01027854,Scarborough 010D,Violence and sexual offences,Under investigation,
2b316ea6c0461f543aac402bcafa30cb0811d727b3196b069724e7cc2d6da5b0,2025-12,North Yorkshire Police,North Yorkshire Police,-0.400507,54.272773,On or near Esplanade Gardens,E01027854,Scarborough 010D,Violence and sexual offences,Unable to prosecute suspect,
d2ed80db5efbd1147b3c2e536d860b7ed6acf9dad8ba60491f8bf0989bc25148,2025-12,North Yorkshire Police,North Yorkshire Police,-0.400507,54.272773,On or near Esplanade Gardens,E01027854,Scarborough 010D,Violence and sexual offences,Unable to prosecute suspect,
6e48d7b33a3ff14137e678e72c0d37e09fb8fa1623bafa2485861656aa78f65a,2025-12,North Yorkshire Police,North Yorkshire Police,-0.401049,54.274237,On or near St Martin'S Square,E01027854,Scarborough 010D,Violence and sexual offences,Unable to prosecute suspect,
77d5b48b1ccc86a22661a4a8a2e7d8885a2c0782b9de8ab9857c0572baa512f7,2025-12,North Yorkshire Police,North Yorkshire Police,-0.399942,54.275454,On or near Oliver Street,E01027854,Scarborough 010D,Violence and sexual offences,Under investigation,
,2025-12,North Yorkshire Police,North Yorkshire Police,-0.397968,54.273288,On or near Esplanade,E01027868,Scarborough 010E,Anti-social behaviour,,
,2025-12,North Yorkshire Police,North Yorkshire Police,-0.403760,54.258516,On or near Jackson'S Lane,E01027868,Scarborough 010E,Anti-social behaviour,,
,2025-12,North Yorkshire Police,North Yorkshire Police,-0.408471,54.268555,On or near Oliver'S Mount Road,E01027868,Scarborough 010E,Anti-social behaviour,,
91365e4ef9eb372613c49cc374e153c0e89733cde98a204a893d85dd9512a77d,2025-12,North Yorkshire Police,North Yorkshire Police,-0.400273,54.272069,On or near Esplanade Road,E01027868,Scarborough 010E,Bicycle theft,Unable to prosecute suspect,
63aed57f341d6fa9c585a2fd97e9f62e23690d27e0ae707d4b049d52da7f2b53,2025-12,North Yorkshire Police,North Yorkshire Police,-0.399383,54.270071,On or near Lonsdale Road,E01027868,Scarborough 010E,Criminal damage and arson,Investigation complete; no suspect identified,
d0e050401c98a15ab2fbac28731e69f2c730b7f42882e9a3e16f48b5b732afda,2025-12,North Yorkshire Police,North Yorkshire Police,-0.399902,54.270536,On or near Granville Square,E01027868,Scarborough 010E,Criminal damage and arson,Investigation complete; no suspect identified,
b6bc4adaae8ed1fc1e60e27874ae027ede5cf6dea9b0d7dc2013f80f938d3ddb,2025-12,North Yorkshire Police,North Yorkshire Police,-0.397968,54.273288,On or near Esplanade,E01027868,Scarborough 010E,Drugs,Local resolution,
f7efcb8f623d42ff9def58d412c81cec4a97bd5808c2cb5ac57335e62eb32865,2025-12,North Yorkshire Police,North Yorkshire Police,-0.403712,54.270892,On or near Princess Royal Park,E01027868,Scarborough 010E,Possession of weapons,Unable to prosecute suspect,
bb5d59c1edbd1d2c326dd1a9adc03db769f4860b79ebdf14f169d94f4ce072cf,2025-12,North Yorkshire Police,North Yorkshire Police,-0.400740,54.265154,On or near Weaponness Park,E01027868,Scarborough 010E,Public order,Unable to prosecute suspect,
0b689de4038b83b03fef89fe1d63b4836bf0ece4a2230a66e9d7abb52bdfd5ba,2025-12,North Yorkshire Police,North Yorkshire Police,-0.396943,54.270012,On or near Belvedere Place,E01027868,Scarborough 010E,Violence and sexual offences,Awaiting court outcome,
001612d22e183fd516abdb0540d2d13a88bd62e04f15c943d0001152b2a43f64,2025-12,North Yorkshire Police,North Yorkshire Police,-0.403760,54.258516,On or near Jackson'S Lane,E01027868,Scarborough 010E,Violence and sexual offences,Awaiting court outcome,
563ec6e56d6f98397faa1bb8f7b620ef42251096b9c59ee6876145beb18ad654,2025-12,North Yorkshire Police,North Yorkshire Police,-0.396943,54.270012,On or near Belvedere Place,E01027868,Scarborough 010E,Violence and sexual offences,Awaiting court outcome,
3bd9aa7e3dabecbf306ba28379767a828a477fe4d3e60d7419ae5f81eaa563f8,2025-12,North Yorkshire Police,North Yorkshire Police,-0.396623,54.271120,On or near ,E01027868,Scarborough 010E,Violence and sexual offences,Awaiting court outcome,
d747f5a3b0334412571378e69e1ac219b07c8a3f21c9693df694e5fbcdf97e1f,2025-12,North Yorkshire Police,North Yorkshire Police,-0.394131,54.268096,On or near Esplanade Crescent,E01027868,Scarborough 010E,Violence and sexual offences,Under investigation,
d747f5a3b0334412571378e69e1ac219b07c8a3f21c9693df694e5fbcdf97e1f,2025-12,North Yorkshire Police,North Yorkshire Police,-0.394131,54.268096,On or near Esplanade Crescent,E01027868,Scarborough 010E,Violence and sexual offences,Under investigation,
9ca002725b54cca6c7a23f371dc34434cb3ce4902addbdd5549f1f88bf1564db,2025-12,North Yorkshire Police,North Yorkshire Police,-0.403712,54.270892,On or near Princess Royal Park,E01027868,Scarborough 010E,Violence and sexual offences,Awaiting court outcome,
,2025-12,North Yorkshire Police,North Yorkshire Police,-0.377851,54.235918,On or near ,E01027807,Scarborough 011A,Anti-social behaviour,,
,2025-12,North Yorkshire Police,North Yorkshire Police,-0.347401,54.232814,On or near Redcliffe Lane,E01027807,Scarborough 011A,Anti-social behaviour,,
a14b1dc5c00ae6411c4b8759bddf6204e88ab0678c786c004a4e47a5d3d93f83,2025-12,North Yorkshire Police,North Yorkshire Police,-0.326186,54.231191,On or near Sea Approach,E01027807,Scarborough 011A,Burglary,Investigation complete; no suspect identified,
07595811448583723fc87a558415df9f5d3a67049cf477caf9d4249a5b156d74,2025-12,North Yorkshire Police,North Yorkshire Police,-0.375905,54.232878,On or near East Lea View,E01027807,Scarborough 011A,Criminal damage and arson,Investigation complete; no suspect identified,
403e1722211571b6263f9dda7e66a9adbfce5204596c4e536d0e3ade89f059a0,2025-12,North Yorkshire Police,North Yorkshire Police,-0.366397,54.237367,On or near ,E01027807,Scarborough 011A,Drugs,Awaiting court outcome,
0eaccea1085c649baa1baf62fcf51251e0838361dd542e23bce0d35ba0c6e06b,2025-12,North Yorkshire Police,North Yorkshire Police,-0.346615,54.227140,On or near Grange Close,E01027807,Scarborough 011A,Violence and sexual offences,Under investigation,
4854dca3e588e608e90518dcedcd5faf32faec2536fd55cf029a9a5eacf8ba02,2025-12,North Yorkshire Police,North Yorkshire Police,-0.365257,54.239399,On or near ,E01027807,Scarborough 011A,Violence and sexual offences,Investigation complete; no suspect identified,
5411f95889b08a4f5083704dbe4ac2c0d2c2334a2d5071c28f10ea0f92067e89,2025-12,North Yorkshire Police,North Yorkshire Police,-0.377851,54.235918,On or near ,E01027807,Scarborough 011A,Violence and sexual offences,Unable to prosecute suspect,
379206369a47acf1e6bc82cf9b84bdf31574a5d1880e8d1351f808579752a8c5,2025-12,North Yorkshire Police,North Yorkshire Police,-0.382735,54.238754,On or near Earnest Avenue,E01027808,Scarborough 011B,Violence and sexual offences,Unable to prosecute suspect,
a12f00e4b907cf30e48ce88da7436d8e04833e7a81a865719c185089e683cffd,2025-12,North Yorkshire Police,North Yorkshire Police,-0.384272,54.235911,On or near Ivy House Close,E01027808,Scarborough 011B,Violence and sexual offences,Unable to prosecute suspect,
0943a06906242061acd68e466d6fec2b6b8b8b0b4a7440a27abb06f122c8e299,2025-12,North Yorkshire Police,North Yorkshire Police,-0.382677,54.239114,On or near Stabler Way,E01027808,Scarborough 011B,Violence and sexual offences,Under investigation,
,2025-12,North Yorkshire Police,North Yorkshire Police,-0.384768,54.244817,On or near Priory Place,E01027809,Scarborough 011C,Anti-social behaviour,,
,2025-12,North Yorkshire Police,North Yorkshire Police,-0.384768,54.244817,On or near Priory Place,E01027809,Scarborough 011C,Anti-social behaviour,,
a962481ebf3f0eda177d4f3a423f2fced319c513bf6e2c20e39a035b2f9e9811,2025-12,North Yorkshire Police,North Yorkshire Police,-0.380728,54.245679,On or near Rimington Way,E01027809,Scarborough 011C,Robbery,Under investigation,
4e37598bbb05e7b83e965e13720b4a3d175b75de329f98c9543f4103b1304fe4,2025-12,North Yorkshire Police,North Yorkshire Police,-0.384768,54.244817,On or near Priory Place,E01027809,Scarborough 011C,Violence and sexual offences,Unable to prosecute suspect,
6fdd901989ea9abdbb1f62e13921e722077b07a73c19991b9385c202049bd046,2025-12,North Yorkshire Police,North Yorkshire Police,-0.379906,54.244338,On or near Redcliff Close,E01027809,Scarborough 011C,Violence and sexual offences,Unable to prosecute suspect,
fef70d8fc3c2803031661e2ebf47b666225a10c540fa783b100072b28472cd69,2025-12,North Yorkshire Police,North Yorkshire Police,-0.378514,54.245793,On or near The Intake,E01027809,Scarborough 011C,Violence and sexual offences,Unable to prosecute suspect,
,2025-12,North Yorkshire Police,North Yorkshire Police,-0.389257,54.245716,On or near ,E01027818,Scarborough 011D,Anti-social behaviour,,
e2c5a2976b393497ff1006cc7782d64ac6f0bc38e25606e1ef21f975ff0333c5,2025-12,North Yorkshire Police,North Yorkshire Police,-0.389665,54.246743,On or near Wayside Grove,E01027818,Scarborough 011D,Other theft,Investigation complete; no suspect identified,
bfbb9e0aaa7237f3b334f36d1498f8fe44e9826ee0f36338db26f095c19cd21d,2025-12,North Yorkshire Police,North Yorkshire Police,-0.395598,54.240206,On or near Wesley Court,E01027818,Scarborough 011D,Public order,Unable to prosecute suspect,
b71af005a385f34da11eb2bbee4f60b1bf1f72e1ceba85dbf99ecc79732a0a42,2025-12,North Yorkshire Police,North Yorkshire Police,-0.386419,54.243796,On or near Shepherds Drive,E01027818,Scarborough 011D,Public order,Under investigation,
cd3c164d5bb13385dd05da7de1161d76015bfe58f67e2e44d25a7a2c7674e2b5,2025-12,North Yorkshire Police,North Yorkshire Police,-0.391710,54.241530,On or near Parking Area,E01027818,Scarborough 011D,Robbery,Unable to prosecute suspect,
0454a670ef56df75ce0af180313c629622cf265cf80ec5eedaeddbf958a42611,2025-12,North Yorkshire Police,North Yorkshire Police,-0.389665,54.246743,On or near Wayside Grove,E01027818,Scarborough 011D,Violence and sexual offences,Unable to prosecute suspect,
0a497056993333454fc929838eafc85d1beb613683a35c269707c0c6191b751a,2025-12,North Yorkshire Police,North Yorkshire Police,-0.383908,54.257775,On or near Cornelian Avenue,E01027867,Scarborough 011E,Burglary,Under investigation,
539ee084bf35970b941508cabeaeda24c1a1d4bc735b4e4c931890f086ef984f,2025-12,North Yorkshire Police,North Yorkshire Police,-0.394603,54.262655,On or near Further/Higher Educational Building,E01027867,Scarborough 011E,Criminal damage and arson,Investigation complete; no suspect identified,
e347530b144d55e0d27f0ca3f66fd584d789936f6ba9f0b7dcee49f6aa7e3f56,2025-12,North Yorkshire Police,North Yorkshire Police,-0.383908,54.257775,On or near Cornelian Avenue,E01027867,Scarborough 011E,Vehicle crime,Investigation complete; no suspect identified,
023de6448d2a52220918f226974b14dd38b4e45abfe08d67b41f41a96c949f76,2025-12,North Yorkshire Police,North Yorkshire Police,-0.395163,54.265251,On or near Sea Cliff Crescent,E01027867,Scarborough 011E,Violence and sexual offences,Under investigation,
,2025-12,North Yorkshire Police,North Yorkshire Police,-0.396971,54.239218,On or near Link Walk,E01027817,Scarborough 012A,Anti-social behaviour,,
,2025-12,North Yorkshire Police,North Yorkshire Police,-0.401796,54.240244,On or near Braeburn,E01027817,Scarborough 012A,Anti-social behaviour,,
,2025-12,North Yorkshire Police,North Yorkshire Police,-0.396971,54.239218,On or near Link Walk,E01027817,Scarborough 012A,Anti-social behaviour,,
83fc85b3c47a94a50d257c51841b0b7e85ea59b26c5af9224b034e485158efd5,2025-12,North Yorkshire Police,North Yorkshire Police,-0.396971,54.239218,On or near Link Walk,E01027817,Scarborough 012A,Criminal damage and arson,Investigation complete; no suspect identified,
e5bf4cf00ad020aba4f3841a2e47037b01f6703130ad78fe2e93f3463187f44e,2025-12,North Yorkshire Police,North Yorkshire Police,-0.403795,54.239731,On or near Holme Hill,E01027817,Scarborough 012A,Criminal damage and arson,Under investigation,
9eb083c0a658bcc77aa555fabf12a72ad10c8c17758c04daebe2448dd1329db2,2025-12,North Yorkshire Police,North Yorkshire Police,-0.400186,54.239809,On or near Lowfield,E01027817,Scarborough 012A,Criminal damage and arson,Unable to prosecute suspect,
cfeba00f46040133c262f6ca35589baa695480c5bee8724d4aaf1622ee6f58ab,2025-12,North Yorkshire Police,North Yorkshire Police,-0.395634,54.238867,On or near High Moor Way,E01027817,Scarborough 012A,Public order,Unable to prosecute suspect,
788cf2dae5f476a3cff27a20f0d513f3f0f3270212ad145bfe62bc2325b33e83,2025-12,North Yorkshire Police,North Yorkshire Police,-0.393179,54.239653,On or near Meadow Close,E01027817,Scarborough 012A,Public order,Unable to prosecute suspect,
27f6209f669f8c17b10e4a5760b2e55450d1dfbf290a28e511a2576d48a6dea4,2025-12,North Yorkshire Police,North Yorkshire Police,-0.396693,54.238064,On or near High Street,E01027817,Scarborough 012A,Public order,Unable to prosecute suspect,
59e118dea7dd934c33ab3083ac86397d76ef873aa58b056ea5cc3d1dfca4e5a2,2025-12,North Yorkshire Police,North Yorkshire Police,-0.400186,54.239809,On or near Lowfield,E01027817,Scarborough 012A,Violence and sexual offences,Unable to prosecute suspect,
1f4c0041beccd921f66ad224b46c8656eb8cf48b779475cfea5a7cce27b85ecf,2025-12,North Yorkshire Police,North Yorkshire Police,-0.396693,54.238064,On or near High Street,E01027817,Scarborough 012A,Violence and sexual offences,Unable to prosecute suspect,
457f1de827d00e3135e3eb7b73f57ee56f38302ae6b6bb9d05f2e4448f46ce3b,2025-12,North Yorkshire Police,North Yorkshire Police,-0.400186,54.239809,On or near Lowfield,E01027817,Scarborough 012A,Violence and sexual offences,Unable to prosecute suspect,
b309a52c1bff0cbda7880d55c62893ef7f65c2c995312feb9fdfc41607d1db7e,2025-12,North Yorkshire Police,North Yorkshire Police,-0.396971,54.239218,On or near Link Walk,E01027817,Scarborough 012A,Violence and sexual offences,Unable to prosecute suspect,
9eeea290fda9be9e7fc8841a56a084ec6d6aaac3fd4304dd9a50a2e60884cb55,2025-12,North Yorkshire Police,North Yorkshire Police,-0.393179,54.239653,On or near Meadow Close,E01027817,Scarborough 012A,Violence and sexual offences,Under investigation,
119ba7155702ba55d3096d261b75fe808497d940f0e8f4d7734a2ea52f61d09d,2025-12,North Yorkshire Police,North Yorkshire Police,-0.393179,54.239653,On or near Meadow Close,E01027817,Scarborough 012A,Violence and sexual offences,Unable to prosecute suspect,
d00f3da189e606ed0aa8db2adc05c8fdf17b981be23dabe1867dad778d31ad3c,2025-12,North Yorkshire Police,North Yorkshire Police,-0.396971,54.239218,On or near Link Walk,E01027817,Scarborough 012A,Violence and sexual offences,Under investigation,
0d4f2cc120af6e6ea289be27c852b8765b9498646f617c2bfc95017f87cb2cbf,2025-12,North Yorkshire Police,North Yorkshire Police,-0.393179,54.239653,On or near Meadow Close,E01027817,Scarborough 012A,Violence and sexual offences,Under investigation,
9eeea290fda9be9e7fc8841a56a084ec6d6aaac3fd4304dd9a50a2e60884cb55,2025-12,North Yorkshire Police,North Yorkshire Police,-0.393179,54.239653,On or near Meadow Close,E01027817,Scarborough 012A,Violence and sexual offences,Under investigation,
262ad202e68e1beca2b4196e1de0975ff5dbb2c734efbb3ba9051d09b938de25,2025-12,North Yorkshire Police,North Yorkshire Police,-0.396693,54.238064,On or near High Street,E01027817,Scarborough 012A,Violence and sexual offences,Unable to prosecute suspect,
0d4f2cc120af6e6ea289be27c852b8765b9498646f617c2bfc95017f87cb2cbf,2025-12,North Yorkshire Police,North Yorkshire Police,-0.393179,54.239653,On or near Meadow Close,E01027817,Scarborough 012A,Violence and sexual offences,Under investigation,
99c8de10291e9f4cb9f961a8cb0ba9e12fb23d5dee01b5c0aa24fe7de0d02be0,2025-12,North Yorkshire Police,North Yorkshire Police,-0.398426,54.238105,On or near Sweetbecks Close,E01027817,Scarborough 012A,Violence and sexual offences,Unable to prosecute suspect,
cd533149d37ad0b8892e2a2fcf52327ee687b4818eb48a5087f67862e7c57b3d,2025-12,North Yorkshire Police,North Yorkshire Police,-0.396693,54.238064,On or near High Street,E01027817,Scarborough 012A,Violence and sexual offences,Unable to prosecute suspect,
f0129b167cd8a03c2c0b90908b2a55e0df24fa0f64227ecc46fb0d0e81d73f7f,2025-12,North Yorkshire Police,North Yorkshire Police,-0.396693,54.238064,On or near High Street,E01027817,Scarborough 012A,Violence and sexual offences,Unable to prosecute suspect,
e90e14fb9816f7c43880ea929e31ae390e07d323a3fff57756b7a75b15456eb1,2025-12,North Yorkshire Police,North Yorkshire Police,-0.396693,54.238064,On or near High Street,E01027817,Scarborough 012A,Violence and sexual offences,Unable to prosecute suspect,
cb3ee7b421fa0cbfc8366934a5d0c5ad5145fc94e0a5689547be47e0805e1551,2025-12,North Yorkshire Police,North Yorkshire Police,-0.394798,54.239845,On or near Thornhill,E01027817,Scarborough 012A,Violence and sexual offences,Unable to prosecute suspect,
72857b9c26ec2486afd55bfa17633ae432d77fc311b81acb33016f6039433a84,2025-12,North Yorkshire Police,North Yorkshire Police,-0.396693,54.238064,On or near High Street,E01027817,Scarborough 012A,Violence and sexual offences,Unable to prosecute suspect,
153673076bcc8803442b21afeca3dfb109b67c5fdc93a450fccc02aaf0cd00aa,2025-12,North Yorkshire Police,North Yorkshire Police,-0.396693,54.238064,On or near High Street,E01027817,Scarborough 012A,Violence and sexual offences,Unable to prosecute suspect,
,2025-12,North Yorkshire Police,North Yorkshire Police,-0.412612,54.243506,On or near Musham Bank Road,E01027819,Scarborough 012B,Anti-social behaviour,,
,2025-12,North Yorkshire Police,North Yorkshire Police,-0.403847,54.242356,On or near Bank Side,E01027819,Scarborough 012B,Anti-social behaviour,,
,2025-12,North Yorkshire Police,North Yorkshire Police,-0.405794,54.242835,On or near ,E01027819,Scarborough 012B,Anti-social behaviour,,
,2025-12,North Yorkshire Police,North Yorkshire Police,-0.412693,54.247794,On or near Musham Bank Road,E01027819,Scarborough 012B,Anti-social behaviour,,
,2025-12,North Yorkshire Police,North Yorkshire Police,-0.400843,54.244478,On or near ,E01027819,Scarborough 012B,Anti-social behaviour,,
,2025-12,North Yorkshire Police,North Yorkshire Police,-0.407615,54.242154,On or near Ridgeway,E01027819,Scarborough 012B,Anti-social behaviour,,
,2025-12,North Yorkshire Police,North Yorkshire Police,-0.412612,54.243506,On or near Musham Bank Road,E01027819,Scarborough 012B,Anti-social behaviour,,
,2025-12,North Yorkshire Police,North Yorkshire Police,-0.400519,54.242081,On or near ,E01027819,Scarborough 012B,Anti-social behaviour,,
,2025-12,North Yorkshire Police,North Yorkshire Police,-0.398128,54.244617,On or near Gouldings Close,E01027819,Scarborough 012B,Anti-social behaviour,,
,2025-12,North Yorkshire Police,North Yorkshire Police,-0.406601,54.243777,On or near Glacier Lane,E01027819,Scarborough 012B,Anti-social behaviour,,
,2025-12,North Yorkshire Police,North Yorkshire Police,-0.408584,54.244100,On or near Barrow Lane,E01027819,Scarborough 012B,Anti-social behaviour,,
35b7deee6578fe700e547967c7e52f9c3a7d9ca87cfee0947645e1abc0d17512,2025-12,North Yorkshire Police,North Yorkshire Police,-0.409574,54.243879,On or near Pelton Wheel Lane,E01027819,Scarborough 012B,Burglary,Investigation complete; no suspect identified,
7bf9cf87a454dbdf93e3e9a7fb0c7bbcdd4dbe9e72d5ce5f69091bcf389a7842,2025-12,North Yorkshire Police,North Yorkshire Police,-0.400362,54.243973,On or near Merry Dale,E01027819,Scarborough 012B,Burglary,Investigation complete; no suspect identified,
754d87243aadd7b3ec7650fb8479babbfa8ed4703912dfd58d8611c5c9a77056,2025-12,North Yorkshire Police,North Yorkshire Police,-0.400362,54.243973,On or near Merry Dale,E01027819,Scarborough 012B,Burglary,Under investigation,
3c54c17ae0cb60c9859a5b054acce0d156fe1087a134091fb231f31e26b1b5ca,2025-12,North Yorkshire Police,North Yorkshire Police,-0.403570,54.244290,On or near ,E01027819,Scarborough 012B,Burglary,Unable to prosecute suspect,
fd14eb958c3d2cb6691e7e14da0d8991735c86b731c9d1e128a93cf67aaa25a0,2025-12,North Yorkshire Police,North Yorkshire Police,-0.407615,54.242154,On or near Ridgeway,E01027819,Scarborough 012B,Burglary,Unable to prosecute suspect,
5ffa7d0c3ab7efb07a3c78f885d76db3d913a98a382b050cb5b03f8180d0bfa0,2025-12,North Yorkshire Police,North Yorkshire Police,-0.407552,54.244194,On or near Sandstone Road,E01027819,Scarborough 012B,Criminal damage and arson,Unable to prosecute suspect,
bbfc64162524b4f5d79b20650e14b0dd781ac2c41c0323d6873c1210af1aed7f,2025-12,North Yorkshire Police,North Yorkshire Police,-0.407552,54.244194,On or near Sandstone Road,E01027819,Scarborough 012B,Criminal damage and arson,Under investigation,
8885a25aa13548080a119e2c122c1af389fdb32e3fdc063bd350c26ecdc7f593,2025-12,North Yorkshire Police,North Yorkshire Police,-0.402280,54.244403,On or near High Garth,E01027819,Scarborough 012B,Criminal damage and arson,Unable to prosecute suspect,
8cd7176207434348a5775ccf9fc6a0a84f2071039a5c37a4817f359619c48c4e,2025-12,North Yorkshire Police,North Yorkshire Police,-0.402280,54.244403,On or near High Garth,E01027819,Scarborough 012B,Criminal damage and arson,Unable to prosecute suspect,
b223fcfd994648a850ddc5aadbcf2e6e67a0946c85033e4f92b8565cd23fcb9f,2025-12,North Yorkshire Police,North Yorkshire Police,-0.403570,54.244290,On or near ,E01027819,Scarborough 012B,Criminal damage and arson,Unable to prosecute suspect,
0008011f6a43bb08e15406dc65cf739ce7cedb3a03325fa29121c126cfe064d6,2025-12,North Yorkshire Police,North Yorkshire Police,-0.408280,54.245576,On or near ,E01027819,Scarborough 012B,Drugs,Under investigation,
ea0404a223393929f6aff727c54499364acf62dd2ec4e789a74cb1056f9dc215,2025-12,North Yorkshire Police,North Yorkshire Police,-0.408773,54.241181,On or near Ryefield Close,E01027819,Scarborough 012B,Drugs,Local resolution,
4211487be066e4fc6e4847e1776297fd073922ade3fa67d0e7ef7b737a7e8ded,2025-12,North Yorkshire Police,North Yorkshire Police,-0.408280,54.245576,On or near ,E01027819,Scarborough 012B,Possession of weapons,Awaiting court outcome,
6a9492b29bd14b4cd30e0351663390d937f0c4c2dddb1b4990757d8fd62e72e6,2025-12,North Yorkshire Police,North Yorkshire Police,-0.406601,54.243777,On or near Glacier Lane,E01027819,Scarborough 012B,Public order,Awaiting court outcome,
eb3d6144f5d38b5b018d7bc609bb0bac38f22f73d5318c8febe238407f3768c4,2025-12,North Yorkshire Police,North Yorkshire Police,-0.407552,54.244194,On or near Sandstone Road,E01027819,Scarborough 012B,Public order,Under investigation,
f5c7757121dde5f32b4032c4c388f7b14b3356ae6cc962407bce7f29730522a2,2025-12,North Yorkshire Police,North Yorkshire Police,-0.400519,54.242081,On or near ,E01027819,Scarborough 012B,Robbery,Under investigation,
1fd03d580778f37391edf0681c2aec2c5a1b10fd21927374e429c709a3371669,2025-12,North Yorkshire Police,North Yorkshire Police,-0.408280,54.245576,On or near ,E01027819,Scarborough 012B,Vehicle crime,Under investigation,
627e3b180864d3a39f1ade7a68670b98afc017f6a76dd84b19abd39c2382a062,2025-12,North Yorkshire Police,North Yorkshire Police,-0.412612,54.243506,On or near Musham Bank Road,E01027819,Scarborough 012B,Vehicle crime,Unable to prosecute suspect,
2f40c2580f8b08e737310088c5cd273e9d3d3dad9f71e29789dd13a7aaea97d1,2025-12,North Yorkshire Police,North Yorkshire Police,-0.400843,54.244478,On or near ,E01027819,Scarborough 012B,Violence and sexual offences,Under investigation,
f7109a26f775431ed2c033445c60e44eeb82631180eb60fe60e5b5f2aaa8261a,2025-12,North Yorkshire Police,North Yorkshire Police,-0.408280,54.245576,On or near ,E01027819,Scarborough 012B,Violence and sexual offences,Unable to prosecute suspect,
2c2ca1faee557f41d7b65769f5b6f5c2849da5099d837d8eb2abeb95aca4771e,2025-12,North Yorkshire Police,North Yorkshire Police,-0.402280,54.244403,On or near High Garth,E01027819,Scarborough 012B,Violence and sexual offences,Unable to prosecute suspect,
8b3bd8264ef89dae8d6a6b06bc27acc34c7447f80a8c42d8803bb086e352638b,2025-12,North Yorkshire Police,North Yorkshire Police,-0.400843,54.244478,On or near ,E01027819,Scarborough 012B,Violence and sexual offences,Investigation complete; no suspect identified,
93a6ad3fb1ed188e3d85b6839df5c5eee516c34bb5c506b997bf5136925a5f40,2025-12,North Yorkshire Police,North Yorkshire Police,-0.401895,54.242834,On or near Dunn Grove,E01027819,Scarborough 012B,Violence and sexual offences,Unable to prosecute suspect,
0d063791b7c60677ea6d5b8cc7e9e0c48607ca3ab202264460453ca9b8046034,2025-12,North Yorkshire Police,North Yorkshire Police,-0.412693,54.247794,On or near Musham Bank Road,E01027819,Scarborough 012B,Violence and sexual offences,Investigation complete; no suspect identified,
3f0064c0883ec98df4f3742d75feac6daafcc6e4c3c342bc139914a57d7266a6,2025-12,North Yorkshire Police,North Yorkshire Police,-0.410198,54.241631,On or near Wheatfields Court,E01027819,Scarborough 012B,Violence and sexual offences,Further investigation is not in the public interest,
cad40fd97412109bfb6dda9c072f5548b0b306a6bdf557823955be7bafe48a22,2025-12,North Yorkshire Police,North Yorkshire Police,-0.400843,54.244478,On or near ,E01027819,Scarborough 012B,Violence and sexual offences,Unable to prosecute suspect,
2b89cffba62b83c7b6343f3d9ba77662de67aa8b706d2eaaa4b6a91dc6aa8e90,2025-12,North Yorkshire Police,North Yorkshire Police,-0.408584,54.244100,On or near Barrow Lane,E01027819,Scarborough 012B,Violence and sexual offences,Unable to prosecute suspect,
a9e52b342855e40b22f415b059f7bd85a1ccfed2f57164a422514bc58cea749d,2025-12,North Yorkshire Police,North Yorkshire Police,-0.400362,54.243973,On or near Merry Dale,E01027819,Scarborough 012B,Violence and sexual offences,Unable to prosecute suspect,
5568e0ed995e8a12cd6016c869936bafe93eb5e08905c21c31c0147165b3a48a,2025-12,North Yorkshire Police,North Yorkshire Police,-0.405794,54.242835,On or near ,E01027819,Scarborough 012B,Violence and sexual offences,Unable to prosecute suspect,
a5b49f7d1b625c897218a99fdd83a2e9f18afa00726d9374ef8ce07e6bc70b49,2025-12,North Yorkshire Police,North Yorkshire Police,-0.402280,54.244403,On or near High Garth,E01027819,Scarborough 012B,Violence and sexual offences,Unable to prosecute suspect,
d683acc2bd432b0624aa7da52b5f76a47e0e338284b5eeed2b557202884b7e92,2025-12,North Yorkshire Police,North Yorkshire Police,-0.403847,54.242356,On or near Bank Side,E01027819,Scarborough 012B,Violence and sexual offences,Investigation complete; no suspect identified,
30043ceee441a83d22fd6e2e42c21e25eb0c9ea5b6821aedd14fec7e39c97a8b,2025-12,North Yorkshire Police,North Yorkshire Police,-0.407837,54.244856,On or near ,E01027819,Scarborough 012B,Violence and sexual offences,Awaiting court outcome,
b28bd5a1e75874a8753a1aaf6123417f1b9bdee16f2316c0678f8c868ca308bc,2025-12,North Yorkshire Police,North Yorkshire Police,-0.400362,54.243973,On or near Merry Dale,E01027819,Scarborough 012B,Violence and sexual offences,Unable to prosecute suspect,
cb5d1fa23858b57bbd7eda737865d75992f7c4818098ac456b3bc89b2929cb25,2025-12,North Yorkshire Police,North Yorkshire Police,-0.406635,54.241296,On or near Ryefield Road,E01027819,Scarborough 012B,Violence and sexual offences,Under investigation,
cb5d1fa23858b57bbd7eda737865d75992f7c4818098ac456b3bc89b2929cb25,2025-12,North Yorkshire Police,North Yorkshire Police,-0.406635,54.241296,On or near Ryefield Road,E01027819,Scarborough 012B,Violence and sexual offences,Local resolution,
f6f809f016c028c2774868dadec04a912232286d2dbdf674d471064e1978a078,2025-12,North Yorkshire Police,North Yorkshire Police,-0.402280,54.244403,On or near High Garth,E01027819,Scarborough 012B,Violence and sexual offences,Unable to prosecute suspect,
2f40c2580f8b08e737310088c5cd273e9d3d3dad9f71e29789dd13a7aaea97d1,2025-12,North Yorkshire Police,North Yorkshire Police,-0.400843,54.244478,On or near ,E01027819,Scarborough 012B,Violence and sexual offences,Under investigation,
11d93027cd9386740848223ed0845b3da979deed0125ab2ab1cf14e00d8732bf,2025-12,North Yorkshire Police,North Yorkshire Police,-0.402280,54.244403,On or near High Garth,E01027819,Scarborough 012B,Violence and sexual offences,Under investigation,
c0995d0f19bcb8f80f9c5ccc7e41d964b2deb12b9e345f8c6a3b14676eb96735,2025-12,North Yorkshire Police,North Yorkshire Police,-0.400843,54.244478,On or near ,E01027819,Scarborough 012B,Violence and sexual offences,Formal action is not in the public interest,
f5faf7877e50079324244ba46dcb4546111c39f7d3d0accf0ba46c3aa5b5f260,2025-12,North Yorkshire Police,North Yorkshire Police,-0.408773,54.241181,On or near Ryefield Close,E01027819,Scarborough 012B,Violence and sexual offences,Under investigation,
72ec1522e84064fadcba565fc620211e11f7fd8a4a15469efb236ac57bcd3b96,2025-12,North Yorkshire Police,North Yorkshire Police,-0.406073,54.245523,On or near ,E01027819,Scarborough 012B,Violence and sexual offences,Unable to prosecute suspect,
,2025-12,North Yorkshire Police,North Yorkshire Police,-0.396968,54.242472,On or near Caymer Road,E01027820,Scarborough 012C,Anti-social behaviour,,
,2025-12,North Yorkshire Police,North Yorkshire Police,-0.393274,54.242737,On or near Beech Walk,E01027820,Scarborough 012C,Anti-social behaviour,,
,2025-12,North Yorkshire Police,North Yorkshire Police,-0.394356,54.244118,On or near Hawthorn Walk,E01027820,Scarborough 012C,Anti-social behaviour,,
,2025-12,North Yorkshire Police,North Yorkshire Police,-0.396284,54.241127,On or near ,E01027820,Scarborough 012C,Anti-social behaviour,,
,2025-12,North Yorkshire Police,North Yorkshire Police,-0.393174,54.245702,On or near Overdale Gardens,E01027820,Scarborough 012C,Anti-social behaviour,,
1b6e0f576e80d176db63337b48692ae26c84bee90855f5b1489c3a15850ed4ea,2025-12,North Yorkshire Police,North Yorkshire Police,-0.397065,54.243752,On or near ,E01027820,Scarborough 012C,Burglary,Investigation complete; no suspect identified,
68543f2d079509cfb6f235553b8f3bd59f389cb24e6c8d5290b7571192047542,2025-12,North Yorkshire Police,North Yorkshire Police,-0.397065,54.243752,On or near ,E01027820,Scarborough 012C,Violence and sexual offences,Unable to prosecute suspect,
11aa0e6da0d422a410776c58416985f30e154a52b1f87e7d64a2758bad634047,2025-12,North Yorkshire Police,North Yorkshire Police,-0.395742,54.242024,On or near Hertford Close,E01027820,Scarborough 012C,Violence and sexual offences,Unable to prosecute suspect,
31a25b2f1f41daaab11ee62983706880c4e536fbc41d1c5ca068f6fd650b8204,2025-12,North Yorkshire Police,North Yorkshire Police,-0.396968,54.242472,On or near Caymer Road,E01027820,Scarborough 012C,Violence and sexual offences,Under investigation,
a0cb5672dca3690975fc28a147719ea82651ac0b6e44ae734009a97e76ae3543,2025-12,North Yorkshire Police,North Yorkshire Police,-0.396968,54.242472,On or near Caymer Road,E01027820,Scarborough 012C,Violence and sexual offences,Unable to prosecute suspect,
0b8ab59a3c32819771c86e13fca9e35c024f95a481cacfe0b0b1bd37f0ceafe2,2025-12,North Yorkshire Police,North Yorkshire Police,-0.396052,54.245506,On or near Northwold Road,E01027820,Scarborough 012C,Violence and sexual offences,Under investigation,
b8e6556da8568e3b32d4138938e16ad95d42b43289e4f457e7e5d79ec9ee98e5,2025-12,North Yorkshire Police,North Yorkshire Police,-0.396284,54.241127,On or near ,E01027820,Scarborough 012C,Violence and sexual offences,Unable to prosecute suspect,
679d3e7dd71fb4f957d8d1b457b93493ba945606fde2e29e46e96c8f96bfed2a,2025-12,North Yorkshire Police,North Yorkshire Police,-0.396052,54.245506,On or near Northwold Road,E01027820,Scarborough 012C,Violence and sexual offences,Awaiting court outcome,
1d56a7d8595719728f951ea87f82a8fde20eb3394bf5319db02fa28a7b5f7925,2025-12,North Yorkshire Police,North Yorkshire Police,-0.396284,54.241127,On or near ,E01027820,Scarborough 012C,Violence and sexual offences,Unable to prosecute suspect,
,2025-12,North Yorkshire Police,North Yorkshire Police,-0.438973,54.239158,On or near Bell Close,E01027860,Scarborough 012E,Anti-social behaviour,,
,2025-12,North Yorkshire Police,North Yorkshire Police,-0.440887,54.240477,On or near The Grove,E01027860,Scarborough 012E,Anti-social behaviour,,
a9809fdff25ecc9c6c927eeef9716098787b56b5ca0d9f620bb98e41e6dc6807,2025-12,North Yorkshire Police,North Yorkshire Police,-0.421293,54.252896,On or near Stoney Haggs Rise,E01027860,Scarborough 012E,Criminal damage and arson,Local resolution,
,2025-12,North Yorkshire Police,North Yorkshire Police,-0.482045,54.250072,On or near Main Street,E01027814,Scarborough 013A,Anti-social behaviour,,
ad674ee9261234eaf69b46d7103a81a5daeab201926bb450b599d598243467f6,2025-12,North Yorkshire Police,North Yorkshire Police,-0.486452,54.247925,On or near Hall Garth Lane,E01027814,Scarborough 013A,Criminal damage and arson,Investigation complete; no suspect identified,
790a64c9a878d1daa7f0d1d6ddd95d2602e1fda9176cc4156e83aaaf4826498f,2025-12,North Yorkshire Police,North Yorkshire Police,-0.521834,54.237066,On or near Wykeham Lane,E01027814,Scarborough 013A,Criminal damage and arson,Unable to prosecute suspect,
7f44ae91be865c9731884667b0993f11bc67d08ca5a8121d5580ae36374f8c5e,2025-12,North Yorkshire Police,North Yorkshire Police,-0.521834,54.237066,On or near Wykeham Lane,E01027814,Scarborough 013A,Other theft,Unable to prosecute suspect,
9873bfc75b908245c76edeab417c0579f548bd51654d6243f94f86a400076086,2025-12,North Yorkshire Police,North Yorkshire Police,-0.521834,54.237066,On or near Wykeham Lane,E01027814,Scarborough 013A,Violence and sexual offences,Unable to prosecute suspect,
92057b0cf02d7b8920b656b7ea787e7add88504040fc8575692447ac6cfa087e,2025-12,North Yorkshire Police,North Yorkshire Police,-0.521834,54.237066,On or near Wykeham Lane,E01027814,Scarborough 013A,Violence and sexual offences,Unable to prosecute suspect,
677e788b125c45ae4a35382f027e211d6fe060ca37f5dc5dc608ed5d1bd90111,2025-12,North Yorkshire Police,North Yorkshire Police,-0.534652,54.249887,On or near Ruston Moor Road,E01027814,Scarborough 013A,Violence and sexual offences,Unable to prosecute suspect,
,2025-12,North Yorkshire Police,North Yorkshire Police,-0.578145,54.215686,On or near Barker'S Lane,E01027815,Scarborough 013B,Anti-social behaviour,,
,2025-12,North Yorkshire Police,North Yorkshire Police,-0.554604,54.222695,On or near Malpas Road,E01027815,Scarborough 013B,Anti-social behaviour,,
,2025-12,North Yorkshire Police,North Yorkshire Police,-0.580095,54.227672,On or near Wydale Rise,E01027815,Scarborough 013B,Anti-social behaviour,,
f8b20d62002f15f9de31f46390f229b933e04b0617a8309afb381a31d1a3a790,2025-12,North Yorkshire Police,North Yorkshire Police,-0.582635,54.227873,On or near Lairs Crescent,E01027815,Scarborough 013B,Criminal damage and arson,Under investigation,
1cf31b605f7e64db84ac8a2a6422d42b032542ce7891869e07e0b24dc7b6e5d8,2025-12,North Yorkshire Police,North Yorkshire Police,-0.557772,54.226868,On or near West Brow,E01027815,Scarborough 013B,Other theft,Unable to prosecute suspect,
1b9723a5202e20ac5f8eac6c942294ad5318da87767a4d7fa3d37aae56b20738,2025-12,North Yorkshire Police,North Yorkshire Police,-0.578145,54.215686,On or near Barker'S Lane,E01027815,Scarborough 013B,Violence and sexual offences,Unable to prosecute suspect,
060cac67e4609185d83b4a6bf93d2f38773376e36ae364afdb89a5562eed09d9,2025-12,North Yorkshire Police,North Yorkshire Police,-0.554237,54.226637,On or near Dark Lane,E01027815,Scarborough 013B,Violence and sexual offences,Unable to prosecute suspect,
305663e3093e9ff45992affc94a17886471ab56309eda05a6959d812d80e5719,2025-12,North Yorkshire Police,North Yorkshire Police,-0.582635,54.227873,On or near Lairs Crescent,E01027815,Scarborough 013B,Violence and sexual offences,Under investigation,
3ae6cad5e3d497bb1011186faf80fb6739768236e66b9c51f73d250f780e3a36,2025-12,North Yorkshire Police,North Yorkshire Police,-0.592927,54.224317,On or near Foulbridge Lane,E01027815,Scarborough 013B,Violence and sexual offences,Unable to prosecute suspect,
1b9723a5202e20ac5f8eac6c942294ad5318da87767a4d7fa3d37aae56b20738,2025-12,North Yorkshire Police,North Yorkshire Police,-0.578145,54.215686,On or near Barker'S Lane,E01027815,Scarborough 013B,Violence and sexual offences,Under investigation,
,2025-12,North Yorkshire Police,North Yorkshire Police,-0.478165,54.254571,On or near Byefield Grove,E01027816,Scarborough 013C,Anti-social behaviour,,
,2025-12,North Yorkshire Police,North Yorkshire Police,-0.478308,54.250792,On or near Parking Area,E01027816,Scarborough 013C,Anti-social behaviour,,
082acfffde81d6558192da8dfac57512e5bf621f3069891b6e7438f892ae777d,2025-12,North Yorkshire Police,North Yorkshire Police,-0.472224,54.254576,On or near Betton Rise,E01027816,Scarborough 013C,Criminal damage and arson,Investigation complete; no suspect identified,
8f1095114d802f61e6fc7a571ac391100b8aad4184855ca2997f1d5c8d5f8370,2025-12,North Yorkshire Police,North Yorkshire Police,-0.472479,54.253483,On or near Racecourse Road,E01027816,Scarborough 013C,Public order,Unable to prosecute suspect,
926864ddc1c3d635b818955808000468192ec4d311e39412a59aba5e3f0caac4,2025-12,North Yorkshire Police,North Yorkshire Police,-0.489134,54.246332,On or near Hewley Drive,E01027816,Scarborough 013C,Vehicle crime,Investigation complete; no suspect identified,
b7446cdd19a681ac751e39bb03e71e759b6c6c8df7f857383ef079c4a6ac1d30,2025-12,North Yorkshire Police,North Yorkshire Police,-0.469244,54.256273,On or near Farrier Way,E01027816,Scarborough 013C,Violence and sexual offences,Action to be taken by another organisation,
21df7066860712684ca29b22ce6890966dd792694b2e03270654dccf331f10f8,2025-12,North Yorkshire Police,North Yorkshire Police,-0.469244,54.256273,On or near Farrier Way,E01027816,Scarborough 013C,Violence and sexual offences,Under investigation,
b9b15387bab1b31a9e39033b49d8700128f4527ebafab91ef3d09ee0e524b1a9,2025-12,North Yorkshire Police,North Yorkshire Police,-0.469244,54.256273,On or near Farrier Way,E01027816,Scarborough 013C,Violence and sexual offences,Under investigation,
d56b43bbe3ffd001379194efea10301f17b011979b62b41b34f7ee8ab42a6f86,2025-12,North Yorkshire Police,North Yorkshire Police,-0.469244,54.256273,On or near Farrier Way,E01027816,Scarborough 013C,Violence and sexual offences,Unable to prosecute suspect,
36223d49d23250d76a9aec316376d454cecd6075a02ea6fe7f5628bea9b708be,2025-12,North Yorkshire Police,North Yorkshire Police,-0.478308,54.250792,On or near Parking Area,E01027816,Scarborough 013C,Violence and sexual offences,Unable to prosecute suspect,
53af0cc098e8604395325dd1782a63876db3f9e0c20aa052891d0fb2b8aefd05,2025-12,North Yorkshire Police,North Yorkshire Police,-0.472479,54.253483,On or near Racecourse Road,E01027816,Scarborough 013C,Violence and sexual offences,Unable to prosecute suspect,
f4e126c21852bc5f38d9d5047a1be721a9130a5d8be5a4d2b61796962fbda223,2025-12,North Yorkshire Police,North Yorkshire Police,-0.469244,54.256273,On or near Farrier Way,E01027816,Scarborough 013C,Violence and sexual offences,Action to be taken by another organisation,
,2025-12,North Yorkshire Police,North Yorkshire Police,-0.420869,54.233631,On or near ,E01027859,Scarborough 013D,Anti-social behaviour,,
,2025-12,North Yorkshire Police,North Yorkshire Police,-0.424129,54.235963,On or near Sports/Recreation Area,E01027859,Scarborough 013D,Anti-social behaviour,,
d5722dcfc598b4edb3ca7b5b7f92d8f8d44291f4477aa220310cc3cf154c32e2,2025-12,North Yorkshire Police,North Yorkshire Police,-0.439391,54.243042,On or near ,E01027859,Scarborough 013D,Violence and sexual offences,Under investigation,
823b7e0b3368c821c9e38f11c3e56f7f9e23aa15be0caafcd54695a097944ef7,2025-12,North Yorkshire Police,North Yorkshire Police,-0.424129,54.235963,On or near Sports/Recreation Area,E01027859,Scarborough 013D,Violence and sexual offences,Unable to prosecute suspect,
fef00969531bbbeb2551cfadb403310455537d3f704b2812913130db4f01b554,2025-12,North Yorkshire Police,North Yorkshire Police,-0.424129,54.235963,On or near Sports/Recreation Area,E01027859,Scarborough 013D,Violence and sexual offences,Unable to prosecute suspect,
d5722dcfc598b4edb3ca7b5b7f92d8f8d44291f4477aa220310cc3cf154c32e2,2025-12,North Yorkshire Police,North Yorkshire Police,-0.439391,54.243042,On or near ,E01027859,Scarborough 013D,Violence and sexual offences,Unable to prosecute suspect,
,2025-12,North Yorkshire Police,North Yorkshire Police,-0.284693,54.206931,On or near The Beach,E01027827,Scarborough 014A,Anti-social behaviour,,
,2025-12,North Yorkshire Police,North Yorkshire Police,-0.287042,54.205392,On or near Melville Terrace,E01027827,Scarborough 014A,Anti-social behaviour,,
,2025-12,North Yorkshire Police,North Yorkshire Police,-0.290222,54.211163,On or near Petrol Station,E01027827,Scarborough 014A,Anti-social behaviour,,
,2025-12,North Yorkshire Police,North Yorkshire Police,-0.286495,54.206373,On or near The Crescent,E01027827,Scarborough 014A,Anti-social behaviour,,
69336c383ed5333976b2cee857a8ef1a439284112cf5f5d0ee6f0fce164c9c85,2025-12,North Yorkshire Police,North Yorkshire Police,-0.290859,54.210596,On or near The Avenue,E01027827,Scarborough 014A,Drugs,Under investigation,
55a4a97f2636c9cc9112cbe674901a5f0ba8b49a7f6f00c7b39cb5b86a0a0606,2025-12,North Yorkshire Police,North Yorkshire Police,-0.290222,54.211163,On or near Petrol Station,E01027827,Scarborough 014A,Other theft,Under investigation,
32ceaeb5726b4cf2adb7dbc4d94b33aba99a7c9e483f23f42dad8a06234d3a19,2025-12,North Yorkshire Police,North Yorkshire Police,-0.288079,54.205137,On or near South Crescent Close,E01027827,Scarborough 014A,Possession of weapons,Investigation complete; no suspect identified,
be6a6d152e088dd463b2ed40be8b27e2efa19c3b488a48dd99ed21749e63006d,2025-12,North Yorkshire Police,North Yorkshire Police,-0.293480,54.209878,On or near Parking Area,E01027827,Scarborough 014A,Public order,Unable to prosecute suspect,
ab4e0d47f2c1b4b92729add7432384a0cf1e69d24ee726c35285772eea52e637,2025-12,North Yorkshire Police,North Yorkshire Police,-0.286823,54.208710,On or near Theatre/Concert Hall,E01027827,Scarborough 014A,Public order,Unable to prosecute suspect,
bc5f693076c2c994c463d9373a583e8a50bd522ba6f7d8e1b4cd0d121c5e55b6,2025-12,North Yorkshire Police,North Yorkshire Police,-0.287426,54.208327,On or near Belle Vue Street,E01027827,Scarborough 014A,Violence and sexual offences,Investigation complete; no suspect identified,
701dfdf815f863bbbfc70262d1783b56e78ba2d898a31b1e165206393c214454,2025-12,North Yorkshire Police,North Yorkshire Police,-0.288011,54.209378,On or near Murray Street,E01027827,Scarborough 014A,Violence and sexual offences,Under investigation,
b5cc686b3bbdf0e636d209c5a0c9af614471bfef18cb70aed38cb2e7a571b2a6,2025-12,North Yorkshire Police,North Yorkshire Police,-0.287270,54.209134,On or near Hope Street,E01027827,Scarborough 014A,Violence and sexual offences,Unable to prosecute suspect,
b68d4241946649c36202700dad30ee4c36aa2cb82feef6d86362dc12a814ff82,2025-12,North Yorkshire Police,North Yorkshire Police,-0.287426,54.208327,On or near Belle Vue Street,E01027827,Scarborough 014A,Violence and sexual offences,Unable to prosecute suspect,
8e7848277402a12dc1c6deffbdd86400bf199ac21ede9f54571d2b78515a4297,2025-12,North Yorkshire Police,North Yorkshire Police,-0.277543,54.218461,On or near Park/Open Space,E01027827,Scarborough 014A,Other crime,Awaiting court outcome,
,2025-12,North Yorkshire Police,North Yorkshire Police,-0.302792,54.203053,On or near Parking Area,E01027828,Scarborough 014B,Anti-social behaviour,,
,2025-12,North Yorkshire Police,North Yorkshire Police,-0.296030,54.207551,On or near Hindle Drive,E01027828,Scarborough 014B,Anti-social behaviour,,
,2025-12,North Yorkshire Police,North Yorkshire Police,-0.300654,54.204722,On or near Windmill Drive,E01027828,Scarborough 014B,Anti-social behaviour,,
,2025-12,North Yorkshire Police,North Yorkshire Police,-0.290823,54.203666,On or near Parking Area,E01027828,Scarborough 014B,Anti-social behaviour,,
ba01544878c37785778f414b7791accde8aba3a499dfa05a1347dc8af4c9359d,2025-12,North Yorkshire Police,North Yorkshire Police,-0.292165,54.209060,On or near Supermarket,E01027828,Scarborough 014B,Other theft,Under investigation,
c43936942f34d9412960aa24a5dce7d04161c40d58d1bca7459704fdb05bd95f,2025-12,North Yorkshire Police,North Yorkshire Police,-0.290553,54.207608,On or near Flower Garth,E01027828,Scarborough 014B,Other theft,Unable to prosecute suspect,
cb6df3aeabc2f8b5c58ccdcd7b581e5270ef5a520ee2e9962d7f25323a1be719,2025-12,North Yorkshire Police,North Yorkshire Police,-0.296030,54.207551,On or near Hindle Drive,E01027828,Scarborough 014B,Violence and sexual offences,Unable to prosecute suspect,
2f5520c716d65a30de1a419a3fb489f59c763a7688f7d80a70e6ac3b5b71c2e0,2025-12,North Yorkshire Police,North Yorkshire Police,-0.296759,54.202509,On or near Green Meadows Drive,E01027828,Scarborough 014B,Violence and sexual offences,Under investigation,
,2025-12,North Yorkshire Police,North Yorkshire Police,-0.289036,54.212413,On or near Church Street,E01027829,Scarborough 014C,Anti-social behaviour,,
,2025-12,North Yorkshire Police,North Yorkshire Police,-0.288079,54.215150,On or near Chantry Gardens,E01027829,Scarborough 014C,Anti-social behaviour,,
,2025-12,North Yorkshire Police,North Yorkshire Police,-0.288224,54.211287,On or near Providence Place,E01027829,Scarborough 014C,Anti-social behaviour,,
e65a25fc2cf0aac8d1293afe3d70893cade1ac3bd185cb8724c3f2022c4fb281,2025-12,North Yorkshire Police,North Yorkshire Police,-0.293445,54.213716,On or near The Gardens,E01027829,Scarborough 014C,Public order,Awaiting court outcome,
a1a30269643126c9bf08506c877d71aec6ef6262aecc26ca06521304a7b4d80c,2025-12,North Yorkshire Police,North Yorkshire Police,-0.294042,54.217086,On or near Pinewood Avenue,E01027829,Scarborough 014C,Public order,Unable to prosecute suspect,
a3fb0f2818dea2a21f8a76f61c502321498fd268332a77ce26ce3c5cf6b67340,2025-12,North Yorkshire Police,North Yorkshire Police,-0.303756,54.218648,On or near Sports/Recreation Area,E01027829,Scarborough 014C,Violence and sexual offences,Further investigation is not in the public interest,
,2025-12,North Yorkshire Police,North Yorkshire Police,-0.297251,54.213267,On or near Ash Grove,E01027830,Scarborough 014D,Anti-social behaviour,,
dcce311cc9b788545632cc8ac76205dd6732ccb4321be8632d6c866dfa47b056,2025-12,North Yorkshire Police,North Yorkshire Police,-0.295307,54.212826,On or near Grove Road,E01027830,Scarborough 014D,Criminal damage and arson,Investigation complete; no suspect identified,
6ba07baf1d66d8751104140e08375daa02367dea67fc93581b03ae27b9e6c674,2025-12,North Yorkshire Police,North Yorkshire Police,-0.297170,54.209643,On or near Linton Close,E01027830,Scarborough 014D,Public order,Investigation complete; no suspect identified,
171ed9c98e334cbb9e47bc7d4a0410e1fd8620d16dca2a0fc2107a79b0166e21,2025-12,North Yorkshire Police,North Yorkshire Police,-0.297170,54.209643,On or near Linton Close,E01027830,Scarborough 014D,Public order,Investigation complete; no suspect identified,
f1d5944f4fb15223683e3232e7ecdb693b88f811ca35a9c04bbc5248707003e9,2025-12,North Yorkshire Police,North Yorkshire Police,-0.295866,54.211530,On or near Birch Close,E01027830,Scarborough 014D,Violence and sexual offences,Unable to prosecute suspect,
137acbf17d4d882cf8d46f26f532b90f69cdcb88db38c3b15acd65b1f3d969c4,2025-12,North Yorkshire Police,North Yorkshire Police,-0.295866,54.211530,On or near Birch Close,E01027830,Scarborough 014D,Violence and sexual offences,Unable to prosecute suspect,
c7f4afe83a4e43021abd14f2686d2ee7681f7765714fdf977f11d192a6bd6938,2025-12,North Yorkshire Police,North Yorkshire Police,-0.295307,54.212826,On or near Grove Road,E01027830,Scarborough 014D,Other crime,Awaiting court outcome,
da3e7c2e3afa63acdbac72559e8eec15cd82a9a4c4d5c4b661dbf5f0741ecd06,2025-12,North Yorkshire Police,North Yorkshire Police,-0.295307,54.212826,On or near Grove Road,E01027830,Scarborough 014D,Other crime,Awaiting court outcome,
,2025-12,North Yorkshire Police,North Yorkshire Police,-0.280576,54.188662,On or near Flat Cliffs,E01027833,Scarborough 014E,Anti-social behaviour,,
,2025-12,North Yorkshire Police,North Yorkshire Police,-0.280576,54.188662,On or near Flat Cliffs,E01027833,Scarborough 014E,Anti-social behaviour,,
,2025-12,North Yorkshire Police,North Yorkshire Police,-0.284655,54.193421,On or near The Fold,E01027833,Scarborough 014E,Anti-social behaviour,,
,2025-12,North Yorkshire Police,North Yorkshire Police,-0.284655,54.193421,On or near The Fold,E01027833,Scarborough 014E,Anti-social behaviour,,
,2025-12,North Yorkshire Police,North Yorkshire Police,-0.318958,54.176467,On or near Lawsons Close,E01027833,Scarborough 014E,Anti-social behaviour,,
ee88b875fd86c33b87b2dcbaf1af4453211929299a8499e06d74a837309ff9a5,2025-12,North Yorkshire Police,North Yorkshire Police,-0.280576,54.188662,On or near Flat Cliffs,E01027833,Scarborough 014E,Criminal damage and arson,Investigation complete; no suspect identified,
9a346cdda823fbecf1ab2e3d9a7b4705454052b71b58f0b41aa45feecf0a2aad,2025-12,North Yorkshire Police,North Yorkshire Police,-0.321411,54.179458,On or near Garton Lane,E01027833,Scarborough 014E,Criminal damage and arson,Investigation complete; no suspect identified,
c2eeb0820e52fa437fb200b29ba90fa6c2c7aec261753e0034961c8fbc071c46,2025-12,North Yorkshire Police,North Yorkshire Police,-0.243315,54.155801,On or near Coastguard Hill,E01027833,Scarborough 014E,Criminal damage and arson,Investigation complete; no suspect identified,
b9e9d9766414a615318d164da3340b9ae17481e110a9641076d803630d802a7c,2025-12,North Yorkshire Police,North Yorkshire Police,-0.280576,54.188662,On or near Flat Cliffs,E01027833,Scarborough 014E,Public order,Unable to prosecute suspect,
22888e065b4116ee3be451e528c11426f3dd61d57f23fb05758a496486f48f1e,2025-12,North Yorkshire Police,North Yorkshire Police,-0.296810,54.186708,On or near Petrol Station,E01027833,Scarborough 014E,Violence and sexual offences,Unable to prosecute suspect,
3a1b3f253bdd31cffcd909582e3d785e8ca1f88f014cf6175153848740677dcd,2025-12,North Yorkshire Police,North Yorkshire Police,-0.280576,54.188662,On or near Flat Cliffs,E01027833,Scarborough 014E,Violence and sexual offences,Under investigation,
3a1b3f253bdd31cffcd909582e3d785e8ca1f88f014cf6175153848740677dcd,2025-12,North Yorkshire Police,North Yorkshire Police,-0.280576,54.188662,On or near Flat Cliffs,E01027833,Scarborough 014E,Violence and sexual offences,Awaiting court outcome,
5e908e7e2354ca944f93e0d1952eb9bf6a0265f4e75db81d5e5deec68330b2ff,2025-12,North Yorkshire Police,North Yorkshire Police,-0.282951,54.182745,On or near Kittiwake,E01027833,Scarborough 014E,Violence and sexual offences,Unable to prosecute suspect,
397404049e5d5421767e8f7efe454406d34a102b32d296c0e905316f8bfbc6c4,2025-12,North Yorkshire Police,North Yorkshire Police,-0.285348,54.188900,On or near Primrose Field,E01027833,Scarborough 014E,Violence and sexual offences,Under investigation,
397404049e5d5421767e8f7efe454406d34a102b32d296c0e905316f8bfbc6c4,2025-12,North Yorkshire Police,North Yorkshire Police,-0.285348,54.188900,On or near Primrose Field,E01027833,Scarborough 014E,Violence and sexual offences,Unable to prosecute suspect,
6f2b67038f5a5ef407f57a874123ed22906202ffd34a6ebc69c4c337ae3ebdad,2025-12,North Yorkshire Police,North Yorkshire Police,-0.314651,54.184784,On or near Outgaits Lane,E01027834,Scarborough 014F,Other theft,Investigation complete; no suspect identified,
8d7089fc8100cb001777eefd1aab4ab6dc8ffd50d2ad7391ec40eae5f343ff8c,2025-12,North Yorkshire Police,North Yorkshire Police,-0.318148,54.177929,On or near Rosemoor Close,E01027834,Scarborough 014F,Vehicle crime,Investigation complete; no suspect identified,
a6211ee3e25baaceee6cdc25619a6f395e3881701e9c06c0dac33fbc036baef0,2025-12,North Yorkshire Police,North Yorkshire Police,-0.313795,54.179846,On or near Constable Road,E01027834,Scarborough 014F,Violence and sexual offences,Unable to prosecute suspect,
,2025-12,North Yorkshire Police,North Yorkshire Police,-0.322906,54.181519,On or near Church Hill,E01027835,Scarborough 014G,Anti-social behaviour,,
d4d099ba5d9c9222d08638580ce1614caa20fbefc3beab5c5f8f2ec775247698,2025-12,North Yorkshire Police,North Yorkshire Police,-0.322906,54.181519,On or near Church Hill,E01027835,Scarborough 014G,Criminal damage and arson,Investigation complete; no suspect identified,
7eee0798b4aa4fb35aecc4dba82d8d1a7a0b35d7375af8392b0f18de0831d50f,2025-12,North Yorkshire Police,North Yorkshire Police,-0.322906,54.181519,On or near Church Hill,E01027835,Scarborough 014G,Violence and sexual offences,Unable to prosecute suspect,
,2025-12,North Yorkshire Police,North Yorkshire Police,-1.258510,53.884857,On or near Parking Area,E01027918,Selby 001A,Anti-social behaviour,,
8d72795f40ecadf36e41fa532a7f1056f0631d50e0ed8f0f89f4492fdcab0ea7,2025-12,North Yorkshire Police,North Yorkshire Police,-1.259032,53.887134,On or near Rockcliff Court,E01027918,Selby 001A,Other theft,Investigation complete; no suspect identified,
b489c908935954f236688d9e49badc51372198aad476dcce5b1fe1115b98dbca,2025-12,North Yorkshire Police,North Yorkshire Police,-1.257548,53.886793,On or near Springhill Court,E01027918,Selby 001A,Violence and sexual offences,Unable to prosecute suspect,
b8f2e55469ff553c36abbd4a3c9f749e968d5eae8b4c0f69641f8443520b32f5,2025-12,North Yorkshire Police,North Yorkshire Police,-1.259277,53.885374,On or near A659,E01027918,Selby 001A,Violence and sexual offences,Unable to prosecute suspect,
1255e859375cd42df8fd6280453712d2a285f75e97743a1b729536c263bafbad,2025-12,North Yorkshire Police,North Yorkshire Police,-1.253888,53.887273,On or near Sandfield Terrace,E01027918,Selby 001A,Violence and sexual offences,Unable to prosecute suspect,
c8570339f4ecf1a6ad32e49b3ca1180013db64f3dad9c7060acaff4bd0587c44,2025-12,North Yorkshire Police,North Yorkshire Police,-1.257548,53.886793,On or near Springhill Court,E01027918,Selby 001A,Violence and sexual offences,Unable to prosecute suspect,
4055505c630470428afba949cb3f639a65cb18e32cf7b38ccde531cb5821d556,2025-12,North Yorkshire Police,North Yorkshire Police,-1.258193,53.887264,On or near Roman Close,E01027918,Selby 001A,Other crime,Unable to prosecute suspect,
,2025-12,North Yorkshire Police,North Yorkshire Police,-1.264642,53.883915,On or near St Joseph'S Street,E01027919,Selby 001B,Anti-social behaviour,,
96af84d7f767690262cef5d7152df3ee1b7681ad26435b019c1e3ba3596f49b8,2025-12,North Yorkshire Police,North Yorkshire Police,-1.267567,53.886297,On or near Wharfedale Crescent,E01027919,Selby 001B,Burglary,Awaiting court outcome,
8f935e4ad6a5b94cd1b392ff464b36cd1814abb3a641cf2891d98a4e37b548b9,2025-12,North Yorkshire Police,North Yorkshire Police,-1.262059,53.884582,On or near Robin Hood Yard,E01027919,Selby 001B,Violence and sexual offences,Unable to prosecute suspect,
eb746e5222d65d36963006db6908dc43ff0b2f126fa453e7b2b9bedaafe3c43a,2025-12,North Yorkshire Police,North Yorkshire Police,-1.262059,53.884582,On or near Robin Hood Yard,E01027919,Selby 001B,Violence and sexual offences,Unable to prosecute suspect,
7c271a06ebf778d22d7e07f15d6f48b27d824d5b29da74157acfc0c27ec8f38b,2025-12,North Yorkshire Police,North Yorkshire Police,-1.264182,53.884973,On or near Westgate,E01027919,Selby 001B,Violence and sexual offences,Under investigation,
83e962617ffb089b23dfd95aa2c5bc067b2d82954f271518e31b55b33293186c,2025-12,North Yorkshire Police,North Yorkshire Police,-1.264182,53.884973,On or near Westgate,E01027919,Selby 001B,Violence and sexual offences,Under investigation,
04bb5cd1a2146c7604c4699bc898a0550285fe15744a29de5902736bdf91a8cd,2025-12,North Yorkshire Police,North Yorkshire Police,-1.267567,53.886297,On or near Wharfedale Crescent,E01027919,Selby 001B,Violence and sexual offences,Under investigation,
007fa72c2ad92461178126d8e216aebc197fb95a00dba6b2375c1cbc98d1e54d,2025-12,North Yorkshire Police,North Yorkshire Police,-1.264182,53.884973,On or near Westgate,E01027919,Selby 001B,Violence and sexual offences,Under investigation,
,2025-12,North Yorkshire Police,North Yorkshire Police,-1.247239,53.890315,On or near ,E01027920,Selby 001C,Anti-social behaviour,,
cd20d7b11eb57f7e8b94bb7a8a4e383403deb3e6856f0ae4359f831dd0f66238,2025-12,North Yorkshire Police,North Yorkshire Police,-1.247239,53.890315,On or near ,E01027920,Selby 001C,Violence and sexual offences,Unable to prosecute suspect,
,2025-12,North Yorkshire Police,North Yorkshire Police,-1.269642,53.880728,On or near Leeds Road,E01027921,Selby 001D,Anti-social behaviour,,
,2025-12,North Yorkshire Police,North Yorkshire Police,-1.272458,53.876242,On or near Firtree Crescent,E01027921,Selby 001D,Anti-social behaviour,,
,2025-12,North Yorkshire Police,North Yorkshire Police,-1.270529,53.880437,On or near West Mount,E01027921,Selby 001D,Anti-social behaviour,,
43bb5d354df6ca752bc18032b53b483f29ad310b7c9a779dc7afc3464cab28b8,2025-12,North Yorkshire Police,North Yorkshire Police,-1.260770,53.884359,On or near Bridge Street,E01027921,Selby 001D,Burglary,Investigation complete; no suspect identified,
08d242960000594f29545dc18ccccb6c2f86080cd77124653bc737ec9f191bb8,2025-12,North Yorkshire Police,North Yorkshire Police,-1.262537,53.883399,On or near High Street,E01027921,Selby 001D,Other theft,Investigation complete; no suspect identified,
86f2a2aad7739f784e47e746a0d8de0bbd80490535ac7f16b386f17d34757b15,2025-12,North Yorkshire Police,North Yorkshire Police,-1.271795,53.879375,On or near Golf Links Crescent,E01027921,Selby 001D,Violence and sexual offences,Action to be taken by another organisation,
4833f6cce6f783e57e1ec0c64d3d70c43aa4346c0a1b108bb227f1648d9c6a5b,2025-12,North Yorkshire Police,North Yorkshire Police,-1.277591,53.879374,On or near Marlborough Avenue,E01027922,Selby 001E,Burglary,Awaiting court outcome,
a946d86cb0c629ebd2e8a3c6f47c423d292190933a0232ff2c88dc2be431fe2d,2025-12,North Yorkshire Police,North Yorkshire Police,-1.271975,53.869004,On or near Weedling Gate,E01027922,Selby 001E,Burglary,Investigation complete; no suspect identified,
6edc81438579ee480d943b9590807277f301262ec5d10fce1ed07eb1c68074bf,2025-12,North Yorkshire Police,North Yorkshire Police,-1.277591,53.879374,On or near Marlborough Avenue,E01027922,Selby 001E,Burglary,Awaiting court outcome,
eac35aa38ccff311251a37b7dac3008cc3e1dd17ac83cbdca0c0ec02139a11c4,2025-12,North Yorkshire Police,North Yorkshire Police,-1.277156,53.878113,On or near Willow Rise,E01027922,Selby 001E,Burglary,Awaiting court outcome,
903ca75551e6fa96a6625033f3b79db5d3370c9c8e0fba4483bb2697ab55b4e9,2025-12,North Yorkshire Police,North Yorkshire Police,-1.277164,53.880704,On or near ,E01027922,Selby 001E,Criminal damage and arson,Investigation complete; no suspect identified,
85abdd1c3f1ec7135d9dbf6544f6aef5ca544764df7ff6dc8772f95bd4091804,2025-12,North Yorkshire Police,North Yorkshire Police,-1.275262,53.880612,On or near ,E01027922,Selby 001E,Other theft,Investigation complete; no suspect identified,
bf72e8dcd2e266928983d76ec5beb1829974918f32d96c71b8dc8b27ff060caa,2025-12,North Yorkshire Police,North Yorkshire Police,-1.305560,53.866278,On or near Parking Area,E01027922,Selby 001E,Other theft,Investigation complete; no suspect identified,
4ebf625544074f28567edcfc6a7709c3599398920496ef4be0cef2156cbca4db,2025-12,North Yorkshire Police,North Yorkshire Police,-1.290891,53.870097,On or near Parking Area,E01027922,Selby 001E,Vehicle crime,Investigation complete; no suspect identified,
1807ca653c795bd356611e1e7c646a7f77d4ead6e3e06c69b9e92f00df94f019,2025-12,North Yorkshire Police,North Yorkshire Police,-1.277591,53.879374,On or near Marlborough Avenue,E01027922,Selby 001E,Violence and sexual offences,Under investigation,
1807ca653c795bd356611e1e7c646a7f77d4ead6e3e06c69b9e92f00df94f019,2025-12,North Yorkshire Police,North Yorkshire Police,-1.277591,53.879374,On or near Marlborough Avenue,E01027922,Selby 001E,Violence and sexual offences,Under investigation,
84a996d4286ee2dadc8c79be2d7d250700564176584b1d5ac9376446518227d4,2025-12,North Yorkshire Police,North Yorkshire Police,-1.317269,53.898598,On or near Barwick Place,E01027922,Selby 001E,Violence and sexual offences,Unable to prosecute suspect,
,2025-12,North Yorkshire Police,North Yorkshire Police,-1.158289,53.876161,On or near Malt Kiln Lane,E01027875,Selby 002A,Anti-social behaviour,,
,2025-12,North Yorkshire Police,North Yorkshire Police,-1.199374,53.902373,On or near The Old Street,E01027875,Selby 002A,Anti-social behaviour,,
d30b891580ab6ee8f41283730a90b7f7dd41b05d5c55649e37353a01ddaa63c5,2025-12,North Yorkshire Police,North Yorkshire Police,-1.182752,53.914188,On or near Cat Lane,E01027875,Selby 002A,Criminal damage and arson,Unable to prosecute suspect,
274996df455216db4905182058b16279d1c2270cf025b50b1b7f7f366df693cd,2025-12,North Yorkshire Police,North Yorkshire Police,-1.196259,53.865630,On or near Sports/Recreation Area,E01027875,Selby 002A,Violence and sexual offences,Unable to prosecute suspect,
6f49e766647b8776c94f63f473c0a82299442682f1cbdf77de594d7834178dfa,2025-12,North Yorkshire Police,North Yorkshire Police,-1.144516,53.784798,On or near Carr Lane,E01027886,Selby 002B,Violence and sexual offences,Unable to prosecute suspect,
acb376ec13c7d4d7233afba24ddc9e420f67f187fad9a8613ba08cd7b24c5f81,2025-12,North Yorkshire Police,North Yorkshire Police,-1.127674,53.832116,On or near Thorpe Lane,E01027887,Selby 002C,Criminal damage and arson,Investigation complete; no suspect identified,
3952e5c6460d92c13a7aad7b04c19e5d1a7684069adeaf87a759abfdbff791eb,2025-12,North Yorkshire Police,North Yorkshire Police,-1.127674,53.832116,On or near Thorpe Lane,E01027887,Selby 002C,Criminal damage and arson,Investigation complete; no suspect identified,
cf004f2fbe74f0deac90acfcd902ee42cc103de58f6183d22fd38ab5b3d71f1d,2025-12,North Yorkshire Police,North Yorkshire Police,-1.127674,53.832116,On or near Thorpe Lane,E01027887,Selby 002C,Other theft,Investigation complete; no suspect identified,
eaf085a66847b9b5813f9e2a8b3a4dca5430c32a4100ea6a19dd74b61268d768,2025-12,North Yorkshire Police,North Yorkshire Police,-1.099234,53.814918,On or near Garth Close,E01027887,Selby 002C,Other theft,Investigation complete; no suspect identified,
8a31d4752d189c5bb44b9bb12ac5fa50ae4c599df551acc53e10bd36988e9e9a,2025-12,North Yorkshire Police,North Yorkshire Police,-1.068273,53.802215,On or near Watergate Lane,E01027887,Selby 002C,Violence and sexual offences,Unable to prosecute suspect,
4e69790f6f2b6b104d6befff1d89e8f3aa2fcd4d593f26148a53b76a1127d02d,2025-12,North Yorkshire Police,North Yorkshire Police,-1.099669,53.813025,On or near Pasture Close,E01027887,Selby 002C,Violence and sexual offences,Unable to prosecute suspect,
2bbc5b42351b78bbd4c7f6dde8b478ab0c32ebee293dfa08bf9ef95892931d16,2025-12,North Yorkshire Police,North Yorkshire Police,-1.099708,53.811938,On or near The Green,E01027887,Selby 002C,Violence and sexual offences,Under investigation,
,2025-12,North Yorkshire Police,North Yorkshire Police,-1.174435,53.809338,On or near Oxmoor Lane,E01027888,Selby 002D,Anti-social behaviour,,
9afec2f33235cf4ba4019c5744382fa9d6ac2865e201b7ef10bd16aba6c5f14b,2025-12,North Yorkshire Police,North Yorkshire Police,-1.223226,53.808167,On or near Park/Open Space,E01027888,Selby 002D,Burglary,Under investigation,
938d80d851419c9d8aad6632cb58260f4416ebfb415a709e46aa0504ffb2e08b,2025-12,North Yorkshire Police,North Yorkshire Police,-1.196284,53.827032,On or near Brackenhill Lane,E01027888,Selby 002D,Burglary,Investigation complete; no suspect identified,
33ce0f697b73484861bd01730e0ba5b07f1c43d530135b484f928d45c2410814,2025-12,North Yorkshire Police,North Yorkshire Police,-1.215902,53.826793,On or near Main Street,E01027888,Selby 002D,Public order,Investigation complete; no suspect identified,
c764dbcb6987ad22d9e3ccf8f60518e0d4b925227fd02e0ca059da54d1a1000b,2025-12,North Yorkshire Police,North Yorkshire Police,-1.230591,53.828605,On or near Sandwath Lane,E01027888,Selby 002D,Other crime,Under investigation,
,2025-12,North Yorkshire Police,North Yorkshire Police,-1.263274,53.849222,On or near West Milford Lane,E01027904,Selby 002E,Anti-social behaviour,,
09f7c84176588580d5f023affd0d1dc783a16b54908c4c919c96b0e4e80b5c32,2025-12,North Yorkshire Police,North Yorkshire Police,-1.213942,53.851965,On or near Wheatdale Road,E01027904,Selby 002E,Violence and sexual offences,Unable to prosecute suspect,
5b8056746dace1d98c7d19442b189750ca9c66a691b570fe2779e58e5fa18854,2025-12,North Yorkshire Police,North Yorkshire Police,-1.212219,53.854695,On or near St Johns Court,E01027904,Selby 002E,Violence and sexual offences,Under investigation,
36a92a926e3aef9c789ec4996dc8737e2a2afd53f4274e72e0c9f0c8334d9758,2025-12,North Yorkshire Police,North Yorkshire Police,-1.209816,53.854742,On or near Main Street,E01027904,Selby 002E,Violence and sexual offences,Under investigation,
09f7c84176588580d5f023affd0d1dc783a16b54908c4c919c96b0e4e80b5c32,2025-12,North Yorkshire Police,North Yorkshire Police,-1.213942,53.851965,On or near Wheatdale Road,E01027904,Selby 002E,Violence and sexual offences,Under investigation,
f898de20f8d69ddcd88cad5126b469fa01eddaea72d019ffa804c2b0f7f30a1c,2025-12,North Yorkshire Police,North Yorkshire Police,-1.039892,53.795646,On or near Ings Rood Lane,E01027876,Selby 003A,Other theft,Unable to prosecute suspect,
f644f06a259b3c713e070ce3f875edc94c835bc2ae3fbbacd050fd190962d1a4,2025-12,North Yorkshire Police,North Yorkshire Police,-1.037711,53.800724,On or near Springfield Drive,E01027876,Selby 003A,Vehicle crime,Unable to prosecute suspect,
2cb3e1a770a772366c8c76e623fc744bf4f68875f890409cd40fe3ee93641b1e,2025-12,North Yorkshire Police,North Yorkshire Police,-1.040818,53.795662,On or near Cherry Tree Walk,E01027876,Selby 003A,Violence and sexual offences,Unable to prosecute suspect,
8a8ddf62f2533d9b7143ec2a9ebce8f02fa4acf10765112fdcfb8a8630e29bf7,2025-12,North Yorkshire Police,North Yorkshire Police,-1.039892,53.795646,On or near Ings Rood Lane,E01027876,Selby 003A,Violence and sexual offences,Unable to prosecute suspect,
5418dec68dbc2fe41542a1113adf7f0c6b788ff11d8cce45a80499af09c18891,2025-12,North Yorkshire Police,North Yorkshire Police,-1.039892,53.795646,On or near Ings Rood Lane,E01027876,Selby 003A,Violence and sexual offences,Unable to prosecute suspect,
90d8188d96f9b567dc2e5abb8eb1b01f0cec9b7e18a4f547c98f62a982789fac,2025-12,North Yorkshire Police,North Yorkshire Police,-1.036285,53.805333,On or near Moor Lane,E01027876,Selby 003A,Violence and sexual offences,Unable to prosecute suspect,
,2025-12,North Yorkshire Police,North Yorkshire Police,-1.043005,53.807616,On or near Greenfield Drive,E01027877,Selby 003B,Anti-social behaviour,,
,2025-12,North Yorkshire Police,North Yorkshire Police,-1.039866,53.808741,On or near Privet Drive,E01027877,Selby 003B,Anti-social behaviour,,
,2025-12,North Yorkshire Police,North Yorkshire Police,-1.038459,53.806546,On or near Turnhead Crescent,E01027877,Selby 003B,Anti-social behaviour,,
,2025-12,North Yorkshire Police,North Yorkshire Police,-1.038826,53.803753,On or near York Road,E01027877,Selby 003B,Anti-social behaviour,,
8b263a00cc52e28ca928da5926075e1dd594ab2d9c42b4d38299f482d041b37c,2025-12,North Yorkshire Police,North Yorkshire Police,-1.043005,53.807616,On or near Greenfield Drive,E01027877,Selby 003B,Burglary,Unable to prosecute suspect,
2398464e6b4f867b3ebad0ec89fecdb5f1735e399b601c2d26d1f9bec28d99a6,2025-12,North Yorkshire Police,North Yorkshire Police,-1.040098,53.809229,On or near Weighton View Drive,E01027877,Selby 003B,Violence and sexual offences,Unable to prosecute suspect,
dd97e72b3403860dc442845cd9a0b663bd6d848c486d043549b0ddbf84b78844,2025-12,North Yorkshire Police,North Yorkshire Police,-1.038826,53.803753,On or near York Road,E01027877,Selby 003B,Violence and sexual offences,Unable to prosecute suspect,
8c5ef3fca3d889b58973b942e5c6d73df8a7207c49d6f27e97e874f8f9f7834f,2025-12,North Yorkshire Police,North Yorkshire Police,-0.944367,53.791508,On or near Bowthorpe Lane,E01027900,Selby 003C,Violence and sexual offences,Unable to prosecute suspect,
2cb485399a7f01ffeba591b2475b19b16c51f70cebf70c2080a239b09d2e8678,2025-12,North Yorkshire Police,North Yorkshire Police,-1.059677,53.833517,On or near Silver Street,E01027901,Selby 003D,Drugs,Under investigation,
e523fa21b863d71bc6a2c08f0de010a53c04f5762d9210b719b9330340b65285,2025-12,North Yorkshire Police,North Yorkshire Police,-1.092458,53.842425,On or near Moor Lane,E01027902,Selby 003E,Other theft,Further investigation is not in the public interest,
b4aa742ef807afe623f0ef7e689f1db37156d8dd84a05deac5d3709f37cfd4b9,2025-12,North Yorkshire Police,North Yorkshire Police,-1.092458,53.842425,On or near Moor Lane,E01027902,Selby 003E,Other theft,Under investigation,
d654dace354bf956b9b4159ba3c0020dc3b34b6a65c648ace22ac9e8143cef8d,2025-12,North Yorkshire Police,North Yorkshire Police,-1.092458,53.842425,On or near Moor Lane,E01027902,Selby 003E,Other theft,Investigation complete; no suspect identified,
04876441e0bf38a7cfa1abb958f71d57f5463782538b612a8b11b7dea7926507,2025-12,North Yorkshire Police,North Yorkshire Police,-1.063977,53.831492,On or near Ash Grove,E01027902,Selby 003E,Violence and sexual offences,Unable to prosecute suspect,
c3c0bcd42a056dd7401f35b6c8dd998189a64b7a34c5cc82f88bbb2b4a9450df,2025-12,North Yorkshire Police,North Yorkshire Police,-1.063977,53.831492,On or near Ash Grove,E01027902,Selby 003E,Violence and sexual offences,Under investigation,
c3c0bcd42a056dd7401f35b6c8dd998189a64b7a34c5cc82f88bbb2b4a9450df,2025-12,North Yorkshire Police,North Yorkshire Police,-1.063977,53.831492,On or near Ash Grove,E01027902,Selby 003E,Violence and sexual offences,Unable to prosecute suspect,
4cadc1bb24405cb4b3a9fe6062b33eb18442714eff924a73d6af6ef4baf27df0,2025-12,North Yorkshire Police,North Yorkshire Police,-1.092458,53.842425,On or near Moor Lane,E01027902,Selby 003E,Other crime,Under investigation,
a5913cff0979079ec9db12d5d61928ad638cd1c8eec9760d4abc635735510150,2025-12,North Yorkshire Police,North Yorkshire Police,-1.043692,53.880867,On or near Dower Chase,E01027903,Selby 003F,Vehicle crime,Unable to prosecute suspect,
eec3531a83077d199bf3eb290738e75566f9e7290b58e21c9b5bc35fec927088,2025-12,North Yorkshire Police,North Yorkshire Police,-1.050337,53.853943,On or near ,E01027903,Selby 003F,Violence and sexual offences,Under investigation,
71a9bd409cc9c93127c15749ec66e298a7aacaacb2160238e3af167b538a4c12,2025-12,North Yorkshire Police,North Yorkshire Police,-1.043692,53.880867,On or near Dower Chase,E01027903,Selby 003F,Violence and sexual offences,Unable to prosecute suspect,
dbbdbba473e906b7f038f752e05dc1babfae01702cc80a3745aad0e4c94b0e51,2025-12,North Yorkshire Police,North Yorkshire Police,-1.043692,53.880867,On or near Dower Chase,E01027903,Selby 003F,Violence and sexual offences,Unable to prosecute suspect,
,2025-12,North Yorkshire Police,North Yorkshire Police,-1.254744,53.792822,On or near Eversley Court,E01027914,Selby 004B,Anti-social behaviour,,
,2025-12,North Yorkshire Police,North Yorkshire Police,-1.258892,53.794367,On or near Garden Close,E01027914,Selby 004B,Anti-social behaviour,,
,2025-12,North Yorkshire Police,North Yorkshire Police,-1.252725,53.797653,On or near ,E01027914,Selby 004B,Anti-social behaviour,,
3caed3982ce4f09ab34aaa4cbf045511eefaa064dbc992edca08eb417eddfdee,2025-12,North Yorkshire Police,North Yorkshire Police,-1.252725,53.797653,On or near ,E01027914,Selby 004B,Burglary,Investigation complete; no suspect identified,
91e44d5459a2d1690cbd6038b9df71c1612b7baef0f0ec9cee8e09e075f2443e,2025-12,North Yorkshire Police,North Yorkshire Police,-1.252725,53.797653,On or near ,E01027914,Selby 004B,Other theft,Unable to prosecute suspect,
4f798656a866824b32ce44938dc71b084f966d6e17e639ed6aa41643e4796955,2025-12,North Yorkshire Police,North Yorkshire Police,-1.258774,53.797602,On or near Sir John'S Lane,E01027914,Selby 004B,Public order,Unable to prosecute suspect,
d757150396cbe251cea4e19b1793c0c16cefee404ce101357088290b95f4b462,2025-12,North Yorkshire Police,North Yorkshire Police,-1.253659,53.794092,On or near Carr Avenue,E01027914,Selby 004B,Public order,Unable to prosecute suspect,
fb32413aa54074a3f181ef1f1a8ee3dd6d33ff6d76c016f21ac9d134807e39e9,2025-12,North Yorkshire Police,North Yorkshire Police,-1.252725,53.797653,On or near ,E01027914,Selby 004B,Other crime,Under investigation,
,2025-12,North Yorkshire Police,North Yorkshire Police,-1.251059,53.796886,On or near ,E01027915,Selby 004C,Anti-social behaviour,,
f7f1c9a2a61d93c363bbd4607273ba5a672232cbfb3c631e78c940517fb6e59e,2025-12,North Yorkshire Police,North Yorkshire Police,-1.251625,53.789837,On or near Beechwood Close,E01027915,Selby 004C,Burglary,Investigation complete; no suspect identified,
c2d17330c8405b068acdedc1303c8873a9ffaa4d24958f4602b93f357deea1fc,2025-12,North Yorkshire Police,North Yorkshire Police,-1.254246,53.786502,On or near Sports/Recreation Area,E01027915,Selby 004C,Criminal damage and arson,Unable to prosecute suspect,
cb429b0ef8c66d8bbee30245aa846ac9e9b32c080518cde271afdbe9ce389fb8,2025-12,North Yorkshire Police,North Yorkshire Police,-1.254246,53.786502,On or near Sports/Recreation Area,E01027915,Selby 004C,Criminal damage and arson,Unable to prosecute suspect,
7ea260407ec385a4aeb3c0a9445391b15981921c05eb0e22de17efc427beaad6,2025-12,North Yorkshire Police,North Yorkshire Police,-1.248413,53.781835,On or near Milford Road,E01027915,Selby 004C,Drugs,Local resolution,
5b4420421851705454b08fb7a1d09d007e4efe1046eba7ab833a970269bf53a9,2025-12,North Yorkshire Police,North Yorkshire Police,-1.251059,53.796886,On or near ,E01027915,Selby 004C,Public order,Unable to prosecute suspect,
7c49eeb0eb305670f44778b985d8d33d5a41ea4eea3d70136a56f8983f410aeb,2025-12,North Yorkshire Police,North Yorkshire Police,-1.251059,53.796886,On or near ,E01027915,Selby 004C,Shoplifting,Unable to prosecute suspect,
be52fc23493ded9f180c1c77502df65c4532b79330dc0f4773c5583c0b6f38b0,2025-12,North Yorkshire Police,North Yorkshire Police,-1.251059,53.796886,On or near ,E01027915,Selby 004C,Theft from the person,Under investigation,
83ea381b6d7c56abf463253a14a9804ef63fe761fa9a48af43fb8bd3506c2876,2025-12,North Yorkshire Police,North Yorkshire Police,-1.254246,53.786502,On or near Sports/Recreation Area,E01027915,Selby 004C,Violence and sexual offences,Unable to prosecute suspect,
5a7d0be217ba43be98efd5af31b2f25af99579fd90c99f765ac938e3cc6861a8,2025-12,North Yorkshire Police,North Yorkshire Police,-1.248575,53.791463,On or near Orchard Drive,E01027915,Selby 004C,Violence and sexual offences,Unable to prosecute suspect,
8a405ad2f492f85cd41d8df4cd2762cffef7417e1433cca529b408bec66479ee,2025-12,North Yorkshire Police,North Yorkshire Police,-1.254246,53.786502,On or near Sports/Recreation Area,E01027915,Selby 004C,Violence and sexual offences,Unable to prosecute suspect,
9f5767d38e5fa5e483d6d12019761b0a56a3f57e973d60623339f7602264ac32,2025-12,North Yorkshire Police,North Yorkshire Police,-1.249462,53.791091,On or near Bramley Walk,E01027915,Selby 004C,Violence and sexual offences,Under investigation,
,2025-12,North Yorkshire Police,North Yorkshire Police,-1.247384,53.800354,On or near Springfield Road,E01027916,Selby 004D,Anti-social behaviour,,
,2025-12,North Yorkshire Police,North Yorkshire Police,-1.249979,53.800406,On or near North Crescent,E01027916,Selby 004D,Anti-social behaviour,,
3686da09b02dbca027db62f7a9f52a98c555e0f1e406fd5c7313ddf9de5ac77a,2025-12,North Yorkshire Police,North Yorkshire Police,-1.249979,53.800406,On or near North Crescent,E01027916,Selby 004D,Criminal damage and arson,Unable to prosecute suspect,
68178c8ab7ffb3c014f66c96dd60471cee93de213170ef4ba2e52863723cd04a,2025-12,North Yorkshire Police,North Yorkshire Police,-1.249979,53.800406,On or near North Crescent,E01027916,Selby 004D,Other theft,Investigation complete; no suspect identified,
28f69484f7a9adb95b0dfce8c6264f8d97db27be486f4cacd8c3b2be9a18d348,2025-12,North Yorkshire Police,North Yorkshire Police,-1.251767,53.800633,On or near North Drive,E01027916,Selby 004D,Public order,Unable to prosecute suspect,
c97788ae83e8cedb985f3930cfa2b5fcc63eb3bdb30df2a702975e85711946fe,2025-12,North Yorkshire Police,North Yorkshire Police,-1.251767,53.800633,On or near North Drive,E01027916,Selby 004D,Public order,Further investigation is not in the public interest,
b7e7dee4f5214e8d4d5c5936d948140914fd75d0f3edba17c3234c24e85fe504,2025-12,North Yorkshire Police,North Yorkshire Police,-1.251597,53.798560,On or near Supermarket,E01027916,Selby 004D,Shoplifting,Investigation complete; no suspect identified,
bf700ba9316807fb2fca8a9f912da200e5048b40750bfd2621e20250b09fb32c,2025-12,North Yorkshire Police,North Yorkshire Police,-1.251597,53.798560,On or near Supermarket,E01027916,Selby 004D,Shoplifting,Investigation complete; no suspect identified,
d0ea9a4946e3a2272fe9553a206e7271e22a771dbaae139a89502c8f144f8a70,2025-12,North Yorkshire Police,North Yorkshire Police,-1.249979,53.800406,On or near North Crescent,E01027916,Selby 004D,Violence and sexual offences,Unable to prosecute suspect,
756f0d4efb57e017bba88e39ff14376877d7c19c0db5da6d6b87b0acb34be98d,2025-12,North Yorkshire Police,North Yorkshire Police,-1.247384,53.800354,On or near Springfield Road,E01027916,Selby 004D,Violence and sexual offences,Unable to prosecute suspect,
f35192b2fec60c9290964a245ecfc4b9edf7a059077279e83e2ff60a3f7da06c,2025-12,North Yorkshire Police,North Yorkshire Police,-1.246848,53.799757,On or near Meadow View,E01027916,Selby 004D,Violence and sexual offences,Unable to prosecute suspect,
31efb687c76581e63253abfa1edfb13aa5313225d5e47186fa2f8f4ba4bb7ff7,2025-12,North Yorkshire Police,North Yorkshire Police,-1.249979,53.800406,On or near North Crescent,E01027916,Selby 004D,Violence and sexual offences,Unable to prosecute suspect,
1b5ea4ab6e1f900023f6ef8420707ab1377276d798ad89bef05b0187c0566940,2025-12,North Yorkshire Police,North Yorkshire Police,-1.248687,53.798789,On or near Duffield Crescent,E01027916,Selby 004D,Violence and sexual offences,Under investigation,
1b5ea4ab6e1f900023f6ef8420707ab1377276d798ad89bef05b0187c0566940,2025-12,North Yorkshire Police,North Yorkshire Police,-1.248687,53.798789,On or near Duffield Crescent,E01027916,Selby 004D,Violence and sexual offences,Under investigation,
,2025-12,North Yorkshire Police,North Yorkshire Police,-1.248520,53.792002,On or near Braeburn Road,E01034975,Selby 004F,Anti-social behaviour,,
ca143936611f99eee776ab84aa144eb794f35a3fbef6a169982a1e834cad0d72,2025-12,North Yorkshire Police,North Yorkshire Police,-1.233002,53.797206,On or near Sherburn-In-Elmet,E01034975,Selby 004F,Burglary,Under investigation,
0d005df4ad48533cda949558b964b80c2fc29e5baf39f7d0e2f82f726943fabb,2025-12,North Yorkshire Police,North Yorkshire Police,-1.238982,53.800687,On or near Ringlet Way,E01034975,Selby 004F,Criminal damage and arson,Investigation complete; no suspect identified,
5caf4d03258d8ab8427f7e388120122c6c5177b78b40a61b57b5f7900e1c7d31,2025-12,North Yorkshire Police,North Yorkshire Police,-1.239694,53.794013,On or near Damson Drive,E01034975,Selby 004F,Other theft,Under investigation,
75ecc17edc4dc133c47e66922a80473d0a5b54c8ffe66426156b27b0ac95b3a7,2025-12,North Yorkshire Police,North Yorkshire Police,-1.220134,53.795770,On or near ,E01034975,Selby 004F,Other theft,Under investigation,
685892babaabc9d2dc558c81b717228371f52423d4a0148ea5dd496236de9e8e,2025-12,North Yorkshire Police,North Yorkshire Police,-1.244403,53.794690,On or near Horsa Place,E01034975,Selby 004F,Vehicle crime,Under investigation,
3b492a66baf414435d19e2fa4be156db2230235291fa93a979eafbb83b5e68d9,2025-12,North Yorkshire Police,North Yorkshire Police,-1.243181,53.793442,On or near Hotspur Way,E01034975,Selby 004F,Violence and sexual offences,Unable to prosecute suspect,
155c845e3cb20e7bcd061310da8361538ab39574beb97caaa18a72263a2b6b67,2025-12,North Yorkshire Police,North Yorkshire Police,-1.238760,53.801418,On or near ,E01034975,Selby 004F,Violence and sexual offences,Unable to prosecute suspect,
36e94bf4785c1a55e05af910a9e2609b8c935e23a0ada3511842711b1cffe976,2025-12,North Yorkshire Police,North Yorkshire Police,-1.242718,53.791327,On or near Egremont Place,E01034975,Selby 004F,Violence and sexual offences,Unable to prosecute suspect,
04fcb75f087cbe28384127e17efed6f0bc7b3662c560c782ed869b8e33067e6e,2025-12,North Yorkshire Police,North Yorkshire Police,-1.243940,53.790903,On or near Rochester Row,E01034975,Selby 004F,Violence and sexual offences,Awaiting court outcome,
30ceab3948d383bba2cf18ffe7967746a479e90903506f9d6af053944f65ea31,2025-12,North Yorkshire Police,North Yorkshire Police,-1.242510,53.794463,On or near Hadrian Court,E01034975,Selby 004F,Violence and sexual offences,Unable to prosecute suspect,
8f50e19016c5921e11715db08215dd7f30964d05a12584e475222e812426b5af,2025-12,North Yorkshire Police,North Yorkshire Police,-1.194979,53.798422,On or near North Sweeming Court,E01034975,Selby 004F,Other crime,Further investigation is not in the public interest,
,2025-12,North Yorkshire Police,North Yorkshire Police,-1.244590,53.796130,On or near Pasture Way,E01034976,Selby 004G,Anti-social behaviour,,
3470f3e578f0d3b672d9b006f2ed556012e1d6aa5d4d17c4f3e7707625838ae4,2025-12,North Yorkshire Police,North Yorkshire Police,-1.250546,53.795007,On or near Bramble Court,E01034976,Selby 004G,Public order,Unable to prosecute suspect,
dd365c29a7e9c01f99f1f6f1a3679fdf15067e3ff6969b0f93d5cf825709e035,2025-12,North Yorkshire Police,North Yorkshire Police,-1.246504,53.796906,On or near Wolsey Gardens,E01034976,Selby 004G,Vehicle crime,Under investigation,
31d03c9f41f929b216f23a1a5073e4b28c815a835e2f59697852e8a88440b782,2025-12,North Yorkshire Police,North Yorkshire Police,-1.246504,53.796906,On or near Wolsey Gardens,E01034976,Selby 004G,Vehicle crime,Under investigation,
83cbbeb0f9a3585876689ef4530a99a2e71df3194be0da97275c17585023c2db,2025-12,North Yorkshire Police,North Yorkshire Police,-1.238665,53.798113,On or near ,E01034976,Selby 004G,Violence and sexual offences,Investigation complete; no suspect identified,
262bd25c27e703aa52542bc6a1dfd7a4b290d84e4b5bca8711973fa374b4757a,2025-12,North Yorkshire Police,North Yorkshire Police,-1.243800,53.797014,On or near Cardinal Close,E01034976,Selby 004G,Violence and sexual offences,Unable to prosecute suspect,
fe9f110a6f23e4cc73c82e770d42d159c2808cb206f224b7908c1028febfd748,2025-12,North Yorkshire Police,North Yorkshire Police,-1.247553,53.796013,On or near Pasture View,E01034976,Selby 004G,Violence and sexual offences,Unable to prosecute suspect,
,2025-12,North Yorkshire Police,North Yorkshire Police,-1.305601,53.776037,On or near Parking Area,E01034977,Selby 004H,Anti-social behaviour,,
3e9d704dce3499a9b955ac5b40e60d0c53c9c4bb1a7f2864cfb50b76630c7c4a,2025-12,North Yorkshire Police,North Yorkshire Police,-1.251926,53.774640,On or near Legion Street,E01034977,Selby 004H,Burglary,Under investigation,
021b332cfbcd8d2f3d15453c688e09c529b1fc88ccf35d3afbb94f2bfb9e23f8,2025-12,North Yorkshire Police,North Yorkshire Police,-1.250036,53.775949,On or near Steincroft Road,E01034977,Selby 004H,Criminal damage and arson,Investigation complete; no suspect identified,
acba2a3678e95359cda849bc69f0bb3e7bcb37faa1aaf34a63d9f6d052e5daae,2025-12,North Yorkshire Police,North Yorkshire Police,-1.251926,53.774640,On or near Legion Street,E01034977,Selby 004H,Drugs,Under investigation,
310b8fbf4ea44d2bfde5f9055aeccfa32b8414e15d3209ea2501b6ff021177f5,2025-12,North Yorkshire Police,North Yorkshire Police,-1.252500,53.776450,On or near School Lane,E01034977,Selby 004H,Other theft,Investigation complete; no suspect identified,
39e324fb978580186035c52920890a02810ff9243eece0952e50f02531c631e6,2025-12,North Yorkshire Police,North Yorkshire Police,-1.251926,53.774640,On or near Legion Street,E01034977,Selby 004H,Possession of weapons,Under investigation,
c27f15e355feaa15b5ecab5f8abdbf1378a7b2352318d8ec977851174eaa28be,2025-12,North Yorkshire Police,North Yorkshire Police,-1.250036,53.775949,On or near Steincroft Road,E01034977,Selby 004H,Violence and sexual offences,Unable to prosecute suspect,
d8b59adff05362ad263a80c8352b6d2a53d6f1c847f3c9e5251dc905cd73c739,2025-12,North Yorkshire Police,North Yorkshire Police,-1.250036,53.775949,On or near Steincroft Road,E01034977,Selby 004H,Violence and sexual offences,Unable to prosecute suspect,
2b1a41b37bc962b908be8fec0564ffd5a6ff80bbe87ee0586b092feab73cdcc5,2025-12,North Yorkshire Police,North Yorkshire Police,-1.283677,53.784837,On or near Gorse Lane,E01034977,Selby 004H,Violence and sexual offences,Under investigation,
9b7a2ce9dc46b552252906c160240343e483a5fd1389ded5b78cead2507416af,2025-12,North Yorkshire Police,North Yorkshire Police,-1.250036,53.775949,On or near Steincroft Road,E01034977,Selby 004H,Other crime,Unable to prosecute suspect,
,2025-12,North Yorkshire Police,North Yorkshire Police,-1.246564,53.779163,On or near Mill Lane,E01034978,Selby 004I,Anti-social behaviour,,
145fdefb59e3797800646be47d60d4be442f959e4a717b20122108438e486cb8,2025-12,North Yorkshire Police,North Yorkshire Police,-1.248368,53.775022,On or near Petrol Station,E01034978,Selby 004I,Drugs,Under investigation,
a6e246b66bffb493c7f627863ff8422406da8e50c6b400505f60d72bacf9cc63,2025-12,North Yorkshire Police,North Yorkshire Police,-1.248368,53.775022,On or near Petrol Station,E01034978,Selby 004I,Public order,Unable to prosecute suspect,
e34367208f599d414023859b1e8586cc3cfc0860736ad521e578a83a798aafe1,2025-12,North Yorkshire Police,North Yorkshire Police,-1.248368,53.775022,On or near Petrol Station,E01034978,Selby 004I,Vehicle crime,Investigation complete; no suspect identified,
bade0254a7add7aa86be9c8839c4deadf35216e940505671d33ce4ab694be661,2025-12,North Yorkshire Police,North Yorkshire Police,-1.243838,53.776306,On or near Thatch Close,E01034978,Selby 004I,Violence and sexual offences,Investigation complete; no suspect identified,
,2025-12,North Yorkshire Police,North Yorkshire Police,-1.044786,53.792089,On or near Riverside Close,E01027878,Selby 005A,Anti-social behaviour,,
,2025-12,North Yorkshire Police,North Yorkshire Police,-1.061874,53.786166,On or near George Street,E01027878,Selby 005A,Anti-social behaviour,,
,2025-12,North Yorkshire Police,North Yorkshire Police,-1.062638,53.786603,On or near Elm Street,E01027878,Selby 005A,Anti-social behaviour,,
ea0c1581ba758a766a91bd4b82ff1e972dd603e7d3fc8ece8da58dc832c5b0a9,2025-12,North Yorkshire Police,North Yorkshire Police,-1.059618,53.787281,On or near Olympia Crescent,E01027878,Selby 005A,Public order,Unable to prosecute suspect,
2f0f071b44be655f6713146a21e2b2082e9025ecbdb2ea5058040fbe3e8ede6a,2025-12,North Yorkshire Police,North Yorkshire Police,-1.043509,53.790129,On or near Magazine Road,E01027878,Selby 005A,Violence and sexual offences,Awaiting court outcome,
f693dd7cd1562eab5da81e06965196758615184d967ece83dd77c8933601d2c3,2025-12,North Yorkshire Police,North Yorkshire Police,-1.059618,53.787281,On or near Olympia Crescent,E01027878,Selby 005A,Violence and sexual offences,Under investigation,
25a6bab157f2cbed79193bdf32ad0da0aa0e46e96b5f863577e916855ba61f88,2025-12,North Yorkshire Police,North Yorkshire Police,-1.062310,53.785693,On or near Thomas Street,E01027878,Selby 005A,Violence and sexual offences,Unable to prosecute suspect,
c609a24be434b114641bec1a4253f4f00c6355435062bea38f006b33c3424bef,2025-12,North Yorkshire Police,North Yorkshire Police,-1.059618,53.787281,On or near Olympia Crescent,E01027878,Selby 005A,Violence and sexual offences,Under investigation,
8ea7fc440c2c7bedb565de818e5a26714244bb09b1780aa287c2fadb9ead3de1,2025-12,North Yorkshire Police,North Yorkshire Police,-1.059618,53.787281,On or near Olympia Crescent,E01027878,Selby 005A,Violence and sexual offences,Under investigation,
3ac3e3bdfd239099c76fb215a0e0cbdf8072ad861bd61726323a0a21cd8be875,2025-12,North Yorkshire Police,North Yorkshire Police,-1.043509,53.790129,On or near Magazine Road,E01027878,Selby 005A,Violence and sexual offences,Awaiting court outcome,
,2025-12,North Yorkshire Police,North Yorkshire Police,-1.079765,53.787060,On or near Haig Street,E01027907,Selby 005C,Anti-social behaviour,,
5a6680e21772d8a182b78d9b86439fa7da72fe9a873ddb0213bc9c5b16922f7d,2025-12,North Yorkshire Police,North Yorkshire Police,-1.079765,53.787060,On or near Haig Street,E01027907,Selby 005C,Drugs,Under investigation,
a2bab2007f6ffea8f268335ad84c02010b76ac1e9b94bca4949895b7a0c5b084,2025-12,North Yorkshire Police,North Yorkshire Police,-1.082153,53.787527,On or near Mirkhill Road,E01027907,Selby 005C,Vehicle crime,Unable to prosecute suspect,
8878b98ce84ce8f867cecb70434dc336076a6ba2bcde9bdfb935dfe462c0c45f,2025-12,North Yorkshire Police,North Yorkshire Police,-1.082153,53.787527,On or near Mirkhill Road,E01027907,Selby 005C,Vehicle crime,Unable to prosecute suspect,
6dafb5e5bb4142fa9205bc51f522be2f427bdd6a0188051ae357d57a373e702e,2025-12,North Yorkshire Police,North Yorkshire Police,-1.082211,53.786251,On or near Tennant Street,E01027907,Selby 005C,Violence and sexual offences,Unable to prosecute suspect,
0b9ae2b4a228d4eb596f9f18c90ab47863d530c70d4b1fc8eaa8cfbbeaf312ba,2025-12,North Yorkshire Police,North Yorkshire Police,-1.082698,53.789653,On or near Kent Road,E01027907,Selby 005C,Violence and sexual offences,Under investigation,
04d9f261445f7b0d7d2cd4b22c50f4ef1df58aac5aff99cc126793f1557700a1,2025-12,North Yorkshire Police,North Yorkshire Police,-1.079765,53.787060,On or near Haig Street,E01027907,Selby 005C,Violence and sexual offences,Unable to prosecute suspect,
24201e81c6e06bdd79a727d1fb195679aeb1bbadf4d67dc5e4e05705f64e309a,2025-12,North Yorkshire Police,North Yorkshire Police,-1.082195,53.790440,On or near Farm Way,E01027907,Selby 005C,Violence and sexual offences,Under investigation,
e2af8a95e02d7b8a6ffaf1c3c5e935709b3065380364347e4b84b188dae5ae8a,2025-12,North Yorkshire Police,North Yorkshire Police,-1.079765,53.787060,On or near Haig Street,E01027907,Selby 005C,Violence and sexual offences,Under investigation,
,2025-12,North Yorkshire Police,North Yorkshire Police,-1.070855,53.783602,On or near Audus Street,E01027908,Selby 005D,Anti-social behaviour,,
,2025-12,North Yorkshire Police,North Yorkshire Police,-1.070371,53.784929,On or near Shopping Area,E01027908,Selby 005D,Anti-social behaviour,,
,2025-12,North Yorkshire Police,North Yorkshire Police,-1.074501,53.781410,On or near Londesborough Street,E01027908,Selby 005D,Anti-social behaviour,,
,2025-12,North Yorkshire Police,North Yorkshire Police,-1.078367,53.786438,On or near Powell Street,E01027908,Selby 005D,Anti-social behaviour,,
,2025-12,North Yorkshire Police,North Yorkshire Police,-1.070371,53.784929,On or near Shopping Area,E01027908,Selby 005D,Anti-social behaviour,,
,2025-12,North Yorkshire Police,North Yorkshire Police,-1.075664,53.785096,On or near Richard Street,E01027908,Selby 005D,Anti-social behaviour,,
d54854d50ec7d99860c57a7634045e5fb962659ee7c5a6dbde27e6062e5dff40,2025-12,North Yorkshire Police,North Yorkshire Police,-1.074518,53.784781,On or near Scott Road,E01027908,Selby 005D,Criminal damage and arson,Investigation complete; no suspect identified,
3130e3c8c8b406d6617f074f5fe7d38a18ace1e33bda99349b773ebce2ff66a1,2025-12,North Yorkshire Police,North Yorkshire Police,-1.070371,53.784929,On or near Shopping Area,E01027908,Selby 005D,Other theft,Investigation complete; no suspect identified,
183955f946fbcbb4ba36045f41fd3f61f8f521045c80496537ebd0d3f7c23662,2025-12,North Yorkshire Police,North Yorkshire Police,-1.070371,53.784929,On or near Shopping Area,E01027908,Selby 005D,Other theft,Investigation complete; no suspect identified,
a889f9773200eb9c30c933f7b70ceb25f06657c25de0c25cb209ef3c04078352,2025-12,North Yorkshire Police,North Yorkshire Police,-1.073400,53.787289,On or near Ebor Court,E01027908,Selby 005D,Other theft,Unable to prosecute suspect,
51d95b1c1cc18cc3a0613da32192366fc071d10f0f332219e498e2fb0c66164a,2025-12,North Yorkshire Police,North Yorkshire Police,-1.070371,53.784929,On or near Shopping Area,E01027908,Selby 005D,Shoplifting,Investigation complete; no suspect identified,
8ff9757b12097c18442e20c65125ae336a4618110be6e06348d26517ba70e8bb,2025-12,North Yorkshire Police,North Yorkshire Police,-1.070371,53.784929,On or near Shopping Area,E01027908,Selby 005D,Shoplifting,Awaiting court outcome,
2228d7bf2762944f7e19543523023772146c219275dfc583cefb72ce5f5c55a1,2025-12,North Yorkshire Police,North Yorkshire Police,-1.077130,53.787462,On or near Cockret Close,E01027908,Selby 005D,Violence and sexual offences,Under investigation,
be182afe06be01ba5f8986af4a05ccfcb39ea4ffcb7a2382b0dec7c39f0e9a77,2025-12,North Yorkshire Police,North Yorkshire Police,-1.077463,53.788201,On or near Carentan Close,E01027908,Selby 005D,Violence and sexual offences,Unable to prosecute suspect,
d588ae08951794916dbc97e809528ee7bea8c4f9990c7590a29e73a513af3d97,2025-12,North Yorkshire Police,North Yorkshire Police,-1.074985,53.784245,On or near Parking Area,E01027908,Selby 005D,Violence and sexual offences,Under investigation,
594794473dc72f5c76db3437a00ea74a2006d4b3ee38aae2c55e05d5dbd6e0d1,2025-12,North Yorkshire Police,North Yorkshire Police,-1.074985,53.784245,On or near Parking Area,E01027908,Selby 005D,Violence and sexual offences,Further investigation is not in the public interest,
2185ea3a17220232b24f8d10dd3e81e16938b60808e6418c184ac7d4b13483bc,2025-12,North Yorkshire Police,North Yorkshire Police,-1.078583,53.785585,On or near Flaxley Road,E01027908,Selby 005D,Violence and sexual offences,Unable to prosecute suspect,
8c8f8287f9e94fe11e85344c67fc71d168a8e8a17ee4f004666fb6892c50a407,2025-12,North Yorkshire Police,North Yorkshire Police,-1.070371,53.784929,On or near Shopping Area,E01027908,Selby 005D,Violence and sexual offences,Unable to prosecute suspect,
,2025-12,North Yorkshire Police,North Yorkshire Police,-1.068026,53.785261,On or near Micklegate,E01027909,Selby 005E,Anti-social behaviour,,
,2025-12,North Yorkshire Police,North Yorkshire Police,-1.069263,53.784246,On or near Finkle Street,E01027909,Selby 005E,Anti-social behaviour,,
,2025-12,North Yorkshire Police,North Yorkshire Police,-1.066132,53.785112,On or near Church Hill,E01027909,Selby 005E,Anti-social behaviour,,
,2025-12,North Yorkshire Police,North Yorkshire Police,-1.069263,53.784246,On or near Finkle Street,E01027909,Selby 005E,Anti-social behaviour,,
,2025-12,North Yorkshire Police,North Yorkshire Police,-1.068740,53.783190,On or near James Street,E01027909,Selby 005E,Anti-social behaviour,,
,2025-12,North Yorkshire Police,North Yorkshire Police,-1.063631,53.782908,On or near Selby,E01027909,Selby 005E,Anti-social behaviour,,
,2025-12,North Yorkshire Police,North Yorkshire Police,-1.068495,53.782568,On or near Supermarket,E01027909,Selby 005E,Anti-social behaviour,,
8bdca634e5bb3235564488a49b298d523b92b9499fc560ead37f3012cf87156b,2025-12,North Yorkshire Police,North Yorkshire Police,-1.065685,53.784731,On or near Corunna Court,E01027909,Selby 005E,Burglary,Investigation complete; no suspect identified,
7e28d76b07c63c706c2dc91c586de946391e0bf5a12211503b6918926c48649c,2025-12,North Yorkshire Police,North Yorkshire Police,-1.068053,53.780217,On or near Police Station,E01027909,Selby 005E,Burglary,Under investigation,
2fb14fc3a5838d9d77f88c23ca161aecc2bbccbdbdb6fc3d15521984a954160e,2025-12,North Yorkshire Police,North Yorkshire Police,-1.068427,53.783610,On or near Shopping Area,E01027909,Selby 005E,Criminal damage and arson,Investigation complete; no suspect identified,
49adb80826cad719e1e7c71d9f1d216e2ccd7ab21e739f3c2ecee029aceae7ba,2025-12,North Yorkshire Police,North Yorkshire Police,-1.059282,53.781939,On or near Shipyard Road,E01027909,Selby 005E,Criminal damage and arson,Investigation complete; no suspect identified,
39e336734726932e38e171e01bdfd5d830651a1c0cf44b47962548061caf8328,2025-12,North Yorkshire Police,North Yorkshire Police,-1.066130,53.785202,On or near Parking Area,E01027909,Selby 005E,Criminal damage and arson,Unable to prosecute suspect,
58f974da2a729c19b688401a0f8d2218fa8fdeb0e4afd74435540ae0fb1c0ada,2025-12,North Yorkshire Police,North Yorkshire Police,-1.066819,53.780155,On or near Ashlea Close,E01027909,Selby 005E,Criminal damage and arson,Unable to prosecute suspect,
2da9be9c6947ae0a5dffabdb96ad702657d1ad8872f02063a38f499f183fdb54,2025-12,North Yorkshire Police,North Yorkshire Police,-1.066130,53.785202,On or near Parking Area,E01027909,Selby 005E,Criminal damage and arson,Under investigation,
a5e90a0a902ae0adae5bc4100ce48522ebf02403c66db924bc990ace3d1f2bfa,2025-12,North Yorkshire Police,North Yorkshire Police,-1.069934,53.781558,On or near Sports/Recreation Area,E01027909,Selby 005E,Criminal damage and arson,Investigation complete; no suspect identified,
8f02d36f91cce40aad777372c29882ffc7e7c9ebb91765836515cc28a2f95b26,2025-12,North Yorkshire Police,North Yorkshire Police,-1.067638,53.783595,On or near The Crescent,E01027909,Selby 005E,Criminal damage and arson,Unable to prosecute suspect,
92cf935fede8f9a7c6a03828cc61fede00444f25a86a398ce38402eec9167691,2025-12,North Yorkshire Police,North Yorkshire Police,-1.059282,53.781939,On or near Shipyard Road,E01027909,Selby 005E,Drugs,Local resolution,
41b4e14149f5311014622d5563370ac12bd6b93529405bde405421216b77ba69,2025-12,North Yorkshire Police,North Yorkshire Police,-1.066561,53.784926,On or near Church Lane,E01027909,Selby 005E,Drugs,Further investigation is not in the public interest,
f33d14662cd80cecc65c505fd9b21956838ab53e4bfe47833262e698790350ea,2025-12,North Yorkshire Police,North Yorkshire Police,-1.061870,53.780917,On or near Vivars Way,E01027909,Selby 005E,Other theft,Under investigation,
757e0564e6f09cbb4080f6415fd624a445f871ace54343580fc06d7919536dd0,2025-12,North Yorkshire Police,North Yorkshire Police,-1.068026,53.785261,On or near Micklegate,E01027909,Selby 005E,Robbery,Awaiting court outcome,
f769a3e95b80509cb24fb8b39649e9ba7064eecc29672d8d42a714501b7956f3,2025-12,North Yorkshire Police,North Yorkshire Police,-1.068053,53.780217,On or near Police Station,E01027909,Selby 005E,Shoplifting,Awaiting court outcome,
237b2ed8d5c0175c64c67e40724370ad5dbe124f3681279af674f89dd112c15d,2025-12,North Yorkshire Police,North Yorkshire Police,-1.068026,53.785261,On or near Micklegate,E01027909,Selby 005E,Shoplifting,Awaiting court outcome,
d3f5263792b177bcdb18b78114e9f51bc6ea70ac4d6c65fa4ae699fd6c5f29ec,2025-12,North Yorkshire Police,North Yorkshire Police,-1.068427,53.783610,On or near Shopping Area,E01027909,Selby 005E,Shoplifting,Awaiting court outcome,
aa2d834b319dc4041e9414c052bd9a126f9fb62d6ebd99f8d73c12ca635bcf0c,2025-12,North Yorkshire Police,North Yorkshire Police,-1.068026,53.785261,On or near Micklegate,E01027909,Selby 005E,Shoplifting,Awaiting court outcome,
07c1dda10a6e5fa2ea5d85daa6e889c59c93588cd74150d216968f5944c5fd09,2025-12,North Yorkshire Police,North Yorkshire Police,-1.068427,53.783610,On or near Shopping Area,E01027909,Selby 005E,Shoplifting,Investigation complete; no suspect identified,
00a720ef2685a48c82dd10be514c1e86e1d72e12fbb0d580a84f11da2f67b425,2025-12,North Yorkshire Police,North Yorkshire Police,-1.068427,53.783610,On or near Shopping Area,E01027909,Selby 005E,Shoplifting,Investigation complete; no suspect identified,
e31884d3ae8cd171566479bf1bf2a4d4a6383c5626be8ca18e4a8d960f26775c,2025-12,North Yorkshire Police,North Yorkshire Police,-1.068026,53.785261,On or near Micklegate,E01027909,Selby 005E,Shoplifting,Awaiting court outcome,
287c0ac3d675675ed9a6f7eb21e32d75a2f5da59bcbef654b5f8ff9cf2adc3b4,2025-12,North Yorkshire Police,North Yorkshire Police,-1.068053,53.780217,On or near Police Station,E01027909,Selby 005E,Shoplifting,Investigation complete; no suspect identified,
1a4571da5bafea6c2972fac027b7ad666d73082cdf7c274a7ed7a6b783e445ce,2025-12,North Yorkshire Police,North Yorkshire Police,-1.064505,53.778430,On or near Prospect Way,E01027909,Selby 005E,Shoplifting,Investigation complete; no suspect identified,
f72a732c0c83d26bbf41a1d1c6fde3dd6f8eb185709e35cb4460b1cba0c68508,2025-12,North Yorkshire Police,North Yorkshire Police,-1.059282,53.781939,On or near Shipyard Road,E01027909,Selby 005E,Violence and sexual offences,Under investigation,
3554bf72a8367459fbd78314e992d184c48c031dc231cb76befa3a88e30d1086,2025-12,North Yorkshire Police,North Yorkshire Police,-1.058633,53.778384,On or near Volta Street,E01027909,Selby 005E,Violence and sexual offences,Awaiting court outcome,
4000acdcd16e4f1b7622dbaca6e0903d36e1565ffd95c4c5860b4983d2cee6c2,2025-12,North Yorkshire Police,North Yorkshire Police,-1.066561,53.784926,On or near Church Lane,E01027909,Selby 005E,Violence and sexual offences,Unable to prosecute suspect,
0eb028a6e10b7ef754f6233f4d63d79b45f40891c05553ea4f6f0fea72c0cbe0,2025-12,North Yorkshire Police,North Yorkshire Police,-1.069263,53.784246,On or near Finkle Street,E01027909,Selby 005E,Violence and sexual offences,Under investigation,
c5d9a848a120fde634a9ec0858574ea20196445ed26f034c5bd5e0449c0e7a33,2025-12,North Yorkshire Police,North Yorkshire Police,-1.069252,53.784722,On or near Robert Street,E01027909,Selby 005E,Violence and sexual offences,Under investigation,
6aa6124deb5c5d9f7a5e3bf3a31225a2b202c46ce0100e439d10679229545ed9,2025-12,North Yorkshire Police,North Yorkshire Police,-1.058633,53.778384,On or near Volta Street,E01027909,Selby 005E,Violence and sexual offences,Under investigation,
3c387f8d9d619f15d7737d0341caff9eea62e884ebcf84506ff47bad3574eea8,2025-12,North Yorkshire Police,North Yorkshire Police,-1.066085,53.781750,On or near Hawdon Avenue,E01027909,Selby 005E,Violence and sexual offences,Investigation complete; no suspect identified,
94c4cf609857db638056660d8aae5f6c4eae7ce927e6c3d306fd204be04fa45f,2025-12,North Yorkshire Police,North Yorkshire Police,-1.069263,53.784246,On or near Finkle Street,E01027909,Selby 005E,Violence and sexual offences,Unable to prosecute suspect,
16b98f2b9935a3e66a1ff9e47dc3dd74996359c2166ba13afacb80c1cc3cbe6d,2025-12,North Yorkshire Police,North Yorkshire Police,-1.068026,53.785261,On or near Micklegate,E01027909,Selby 005E,Violence and sexual offences,Unable to prosecute suspect,
cf9728355f3a6b1869f8039fc6b68e40c8e17dc8f07291db5e02c00f36948fda,2025-12,North Yorkshire Police,North Yorkshire Police,-1.069263,53.784246,On or near Finkle Street,E01027909,Selby 005E,Violence and sexual offences,Unable to prosecute suspect,
b64f3ccfa383eac397d0335b6243fed9f1eb0f326635949aa788dbc660d8863e,2025-12,North Yorkshire Police,North Yorkshire Police,-1.065685,53.784731,On or near Corunna Court,E01027909,Selby 005E,Violence and sexual offences,Unable to prosecute suspect,
588b574dfa9dde8e54a8b14c4001eb641169fa515bb0c61af07000df93e9f2a7,2025-12,North Yorkshire Police,North Yorkshire Police,-1.068026,53.785261,On or near Micklegate,E01027909,Selby 005E,Violence and sexual offences,Unable to prosecute suspect,
3f811a25933b36736f677e1bb6bdc744b2061aceed4568236fb246426f0302d1,2025-12,North Yorkshire Police,North Yorkshire Police,-1.058633,53.778384,On or near Volta Street,E01027909,Selby 005E,Violence and sexual offences,Unable to prosecute suspect,
33d6a78a532ab5708766e0b6faf14ab558d5fe0b3e8622218f103f8f26e38d44,2025-12,North Yorkshire Police,North Yorkshire Police,-1.065685,53.784731,On or near Corunna Court,E01027909,Selby 005E,Violence and sexual offences,Unable to prosecute suspect,
2d0b9d0ad37355cebd21a9c9b7a7204ad12357a7bc5d3e151881209863b709a2,2025-12,North Yorkshire Police,North Yorkshire Police,-1.060639,53.779622,On or near Kitchen Drive,E01027909,Selby 005E,Violence and sexual offences,Unable to prosecute suspect,
68fc4aed348bb5fe2105bc8df0c12e41285102dd74eb1f70f68bf412ce62912f,2025-12,North Yorkshire Police,North Yorkshire Police,-1.057899,53.778632,On or near Sports/Recreation Area,E01027909,Selby 005E,Violence and sexual offences,Unable to prosecute suspect,
ef2b77f7e84799cf0194dcd83a5666826a50cadd11368172b81209a015275a39,2025-12,North Yorkshire Police,North Yorkshire Police,-1.069746,53.779567,On or near Parking Area,E01027909,Selby 005E,Violence and sexual offences,Under investigation,
19dd1a7a7ae457b7bc29cd4c8b8218ee7daeb038af0207005750e59036ca76bc,2025-12,North Yorkshire Police,North Yorkshire Police,-1.065374,53.784414,On or near New Street,E01027909,Selby 005E,Violence and sexual offences,Unable to prosecute suspect,
ff0724aa8fbbba94e645ce3248653551a9e2fdae8b868b73cb04a497f98cb6ae,2025-12,North Yorkshire Police,North Yorkshire Police,-1.067638,53.783595,On or near The Crescent,E01027909,Selby 005E,Violence and sexual offences,Unable to prosecute suspect,
9221c44f0b259f1e077b187e8a8f87f7d9508c5bc1f4a78d0a46879c9bda4ad4,2025-12,North Yorkshire Police,North Yorkshire Police,-1.066561,53.784926,On or near Church Lane,E01027909,Selby 005E,Violence and sexual offences,Under investigation,
b93bd19a9c355ff89bc5d055cad36794875bc6f12f7f0a13329e314ea05ab920,2025-12,North Yorkshire Police,North Yorkshire Police,-1.060909,53.779103,On or near Fostergate,E01027909,Selby 005E,Violence and sexual offences,Unable to prosecute suspect,
396f0564f3efaa585a2a234046d9e064a9092fed600a8579b68ec9784d14dcd5,2025-12,North Yorkshire Police,North Yorkshire Police,-1.060639,53.779622,On or near Kitchen Drive,E01027909,Selby 005E,Violence and sexual offences,Awaiting court outcome,
b9e2168081361eae6ec1dac2c02fb780492192beab1a396e8a498731b7004887,2025-12,North Yorkshire Police,North Yorkshire Police,-1.068026,53.785261,On or near Micklegate,E01027909,Selby 005E,Other crime,Under investigation,
a75a5e4f8563e8c084bb9d8312c3f78c8f1a70591e65e67d07918cb2905daa9b,2025-12,North Yorkshire Police,North Yorkshire Police,-1.075892,53.787857,On or near Garden Court,E01034979,Selby 005G,Drugs,Under investigation,
5f01be8a51904548335722dc6c2acb6a074792861f267f591a420542d2baf38c,2025-12,North Yorkshire Police,North Yorkshire Police,-1.080126,53.794837,On or near Wistow Road,E01034979,Selby 005G,Violence and sexual offences,Under investigation,
5f28201c4f18131582346fe22223cb9c5128cd068a086f7e8794f8c534d6c13c,2025-12,North Yorkshire Police,North Yorkshire Police,-1.074869,53.788119,On or near Low Meadow,E01034979,Selby 005G,Violence and sexual offences,Under investigation,
,2025-12,North Yorkshire Police,North Yorkshire Police,-1.070319,53.787292,On or near Friendship Court,E01034980,Selby 005H,Anti-social behaviour,,
,2025-12,North Yorkshire Police,North Yorkshire Police,-1.070319,53.787292,On or near Friendship Court,E01034980,Selby 005H,Anti-social behaviour,,
,2025-12,North Yorkshire Police,North Yorkshire Police,-1.070319,53.787292,On or near Friendship Court,E01034980,Selby 005H,Anti-social behaviour,,
37ffbe73a134af05828d2ce1cd6a8136bf09a9c00d6dff741770c5d7a39167d8,2025-12,North Yorkshire Police,North Yorkshire Police,-1.065786,53.788408,On or near Clog Mill Gardens,E01034980,Selby 005H,Other theft,Unable to prosecute suspect,
9fc63193e8e774cd1caabbf926a76e6d939f31dafd2dda65446dc5d65af726bc,2025-12,North Yorkshire Police,North Yorkshire Police,-1.065786,53.788408,On or near Clog Mill Gardens,E01034980,Selby 005H,Possession of weapons,Further investigation is not in the public interest,
fbefd4416432f118c26b7a42d8051eba497bfba3226d2680c405c320b3a2da35,2025-12,North Yorkshire Police,North Yorkshire Police,-1.070065,53.788477,On or near Coupland Mews,E01034980,Selby 005H,Violence and sexual offences,Under investigation,
72e8fdfb7d5cb2e3d33af59017153f8d5cae4f1fe0b2e28f8fdd2dc5d0530f13,2025-12,North Yorkshire Police,North Yorkshire Police,-1.068350,53.787789,On or near Holmes Avenue,E01034980,Selby 005H,Violence and sexual offences,Unable to prosecute suspect,
7631b19c06670d4bf5e1bcf0f881e784ca1b55113cd1183e7b2356c9434fd362,2025-12,North Yorkshire Police,North Yorkshire Police,-1.068350,53.787789,On or near Holmes Avenue,E01034980,Selby 005H,Violence and sexual offences,Unable to prosecute suspect,
fbefd4416432f118c26b7a42d8051eba497bfba3226d2680c405c320b3a2da35,2025-12,North Yorkshire Police,North Yorkshire Police,-1.070065,53.788477,On or near Coupland Mews,E01034980,Selby 005H,Violence and sexual offences,Under investigation,
80799d4651e65751148a4435b82a2a3994816db9ecaa4379f32a1c0d46d3ffff,2025-12,North Yorkshire Police,North Yorkshire Police,-1.068685,53.786336,On or near Alma Terrace,E01034980,Selby 005H,Violence and sexual offences,Unable to prosecute suspect,
919a26ef52ba2f38bdce7e8898a38f55a879fc725fbdd9c39434c315e37a6356,2025-12,North Yorkshire Police,North Yorkshire Police,-1.069270,53.787356,On or near Newmillgate,E01034980,Selby 005H,Violence and sexual offences,Unable to prosecute suspect,
d8e898f1dcd2b8b1964b01f5b0e76ad66bc53676bd54ab17eec5d57a58189fd4,2025-12,North Yorkshire Police,North Yorkshire Police,-1.068350,53.787789,On or near Holmes Avenue,E01034980,Selby 005H,Violence and sexual offences,Unable to prosecute suspect,
3cf25474be4863a6d88cabf79f9ee82dd1d0f8b66a6342d790c8455426521c6f,2025-12,North Yorkshire Police,North Yorkshire Police,-1.065786,53.788408,On or near Clog Mill Gardens,E01034980,Selby 005H,Violence and sexual offences,Unable to prosecute suspect,
93be8cbb1e8bd7a9c3b9a938d24e9d47d5adcbc3155fb9accc53d78df7e4484a,2025-12,North Yorkshire Police,North Yorkshire Police,-1.056838,53.774532,On or near Abbot'S Road,E01034981,Selby 005I,Criminal damage and arson,Under investigation,
1b8c4d340f5823dadc06448391d16918f62ac2b9edb63ecd2c94c6227cf00dec,2025-12,North Yorkshire Police,North Yorkshire Police,-1.051335,53.779018,On or near Harold Street,E01034981,Selby 005I,Violence and sexual offences,Investigation complete; no suspect identified,
,2025-12,North Yorkshire Police,North Yorkshire Police,-1.063050,53.772225,On or near Abbots Court,E01034982,Selby 005J,Anti-social behaviour,,
,2025-12,North Yorkshire Police,North Yorkshire Police,-1.059602,53.779732,On or near ,E01034982,Selby 005J,Anti-social behaviour,,
65dfe4f6c61126b9c4a89df984accd2c740b1a5bd5ca3a7e79fe4cae8ce41ef4,2025-12,North Yorkshire Police,North Yorkshire Police,-1.059329,53.772394,On or near Hornbeam Close,E01034982,Selby 005J,Criminal damage and arson,Unable to prosecute suspect,
ad183fef528d033a31f2b1d523da90c196102a35cd8b4fdf6a80a9bafa5b0bd7,2025-12,North Yorkshire Police,North Yorkshire Police,-1.064542,53.774017,On or near Bawtry Road,E01034982,Selby 005J,Other theft,Unable to prosecute suspect,
691ca54e41b3500f0160aa403d4098ee2d1c6d054f40e725b55ff76e3aa0a86f,2025-12,North Yorkshire Police,North Yorkshire Police,-1.064542,53.774017,On or near Bawtry Road,E01034982,Selby 005J,Other theft,Unable to prosecute suspect,
af7671133b6d84d003b917ecd55fad39c88cffc4a388932b1ad3dfc6e75ab66d,2025-12,North Yorkshire Police,North Yorkshire Police,-1.064542,53.774017,On or near Bawtry Road,E01034982,Selby 005J,Other theft,Unable to prosecute suspect,
35892b7bb97e4c35ba7724d52283eacd9c1ea3eb81a9143ba9d57e9adf061ce8,2025-12,North Yorkshire Police,North Yorkshire Police,-1.064555,53.772767,On or near Bawtry Road,E01034982,Selby 005J,Robbery,Investigation complete; no suspect identified,
8f1b134545f6da3b91170bb6422ca99ec06d0f0d85ca12751e8fb25a685316a2,2025-12,North Yorkshire Police,North Yorkshire Police,-1.064555,53.772767,On or near Bawtry Road,E01034982,Selby 005J,Shoplifting,Unable to prosecute suspect,
11f381f982c1228047df1443a2d5740fafdde03728c29868a15b50beca12394c,2025-12,North Yorkshire Police,North Yorkshire Police,-1.064542,53.774017,On or near Bawtry Road,E01034982,Selby 005J,Shoplifting,Investigation complete; no suspect identified,
675edfa5dd65d1828515975e359d6ef58106cd7eb8c73f45704238a0c543b482,2025-12,North Yorkshire Police,North Yorkshire Police,-1.064542,53.774017,On or near Bawtry Road,E01034982,Selby 005J,Shoplifting,Investigation complete; no suspect identified,
ad82c77ea022f577e3b1683907c37fb41356c09241e76c039469d07d9f5810bf,2025-12,North Yorkshire Police,North Yorkshire Police,-1.064542,53.774017,On or near Bawtry Road,E01034982,Selby 005J,Shoplifting,Investigation complete; no suspect identified,
17998289676f890105955bbbcc28bb21221a10fd4509fbb2ded97bf4c2c74270,2025-12,North Yorkshire Police,North Yorkshire Police,-1.063198,53.770995,On or near Juniper Drive,E01034982,Selby 005J,Violence and sexual offences,Under investigation,
89c092fa6192e788bb51bd980ae5e4138e9ab7e38fa035a69e4ca673af99a923,2025-12,North Yorkshire Police,North Yorkshire Police,-1.063647,53.774684,On or near Bawtry Close,E01034982,Selby 005J,Violence and sexual offences,Unable to prosecute suspect,
,2025-12,North Yorkshire Police,North Yorkshire Police,-1.051403,53.775334,On or near Further/Higher Educational Building,E01034983,Selby 005K,Anti-social behaviour,,
4e4ef4483e1791ff27adbf999666bb63229134af62489b1303f8cbeac12b679c,2025-12,North Yorkshire Police,North Yorkshire Police,-1.058391,53.772908,On or near Blackthorn Close,E01034983,Selby 005K,Violence and sexual offences,Unable to prosecute suspect,
732dd47c97b0979d602ac17bfd3a9c2385e4b0da6da02cb216c375eb571bde0b,2025-12,North Yorkshire Police,North Yorkshire Police,-1.059333,53.769473,On or near Willow Gardens,E01034983,Selby 005K,Violence and sexual offences,Unable to prosecute suspect,
4f9fa6ed48ee6769338e37a6a079daef0468cc3932d50925752ce61ee1e878e4,2025-12,North Yorkshire Police,North Yorkshire Police,-1.059333,53.769473,On or near Willow Gardens,E01034983,Selby 005K,Violence and sexual offences,Offender given a caution,
4efb51e23fe9a579855e49d7a742cd7d431f9501199f8a6ec71ee8397716843e,2025-12,North Yorkshire Police,North Yorkshire Police,-1.051678,53.772531,On or near Pond View,E01034983,Selby 005K,Violence and sexual offences,Under investigation,
6e12408b51585970a4b533309258cf3ba7a26a3a6244dc1c83e00e3cf56547bd,2025-12,North Yorkshire Police,North Yorkshire Police,-1.054499,53.771259,On or near Staynor Link,E01034983,Selby 005K,Violence and sexual offences,Unable to prosecute suspect,
5e35299d87fcf6664bf6ce14391a16c32068d7131d5d03640ae96c158c642167,2025-12,North Yorkshire Police,North Yorkshire Police,-1.051678,53.772531,On or near Pond View,E01034983,Selby 005K,Violence and sexual offences,Under investigation,
f77833ed0bbba3339dfe54de410856f68e25dd20810e3d8c02c125995e597356,2025-12,North Yorkshire Police,North Yorkshire Police,-1.096457,53.767439,On or near St Wilfrid'S Crescent,E01027881,Selby 006A,Criminal damage and arson,Unable to prosecute suspect,
8a0315cce152a49f270e5028478256319581ca796ceea7d948cdf1b23b28017f,2025-12,North Yorkshire Police,North Yorkshire Police,-1.096457,53.767439,On or near St Wilfrid'S Crescent,E01027881,Selby 006A,Criminal damage and arson,Investigation complete; no suspect identified,
6aa602d1fe23022d0c59ab0c72b823baef6321d3572c99ec6fa46674b7bb23e5,2025-12,North Yorkshire Police,North Yorkshire Police,-1.099615,53.768038,On or near Merlin Way,E01027881,Selby 006A,Violence and sexual offences,Under investigation,
821f26b12d6a1eae924ba3fd32ff57aeb7ac1cd23b8eca8b5d3147686f030162,2025-12,North Yorkshire Police,North Yorkshire Police,-1.091675,53.772517,On or near Brackenhill Close,E01027881,Selby 006A,Violence and sexual offences,Awaiting court outcome,
d17b054fae6ad9dc16f9b2a55b02e2c498422a4d3e9d8a49f998d214f93711e8,2025-12,North Yorkshire Police,North Yorkshire Police,-1.093345,53.770382,On or near Moat Way,E01027881,Selby 006A,Violence and sexual offences,Further investigation is not in the public interest,
13638e8f3804d494b3930619b6bf96f0093e72dbdf5a89d1852cd9578b72f8e9,2025-12,North Yorkshire Police,North Yorkshire Police,-1.125261,53.780902,On or near Dam Lane,E01027906,Selby 006B,Criminal damage and arson,Investigation complete; no suspect identified,
39e73c297d4588fbeaed8f6464fd6391e935c44df092332867db2390e4c0fb11,2025-12,North Yorkshire Police,North Yorkshire Police,-1.086504,53.785664,On or near Lime Tree Gardens,E01027906,Selby 006B,Violence and sexual offences,Under investigation,
a967bd09833307e9016532b84b2f02b5620138cdbe10bcb3637a9f0d824748c5,2025-12,North Yorkshire Police,North Yorkshire Police,-1.082009,53.789234,On or near Deacon Court,E01027906,Selby 006B,Violence and sexual offences,Unable to prosecute suspect,
7af26a24ebbc4a10d74dbede41228dab9950b2bc1f50a9f4a2da110b9c743d2f,2025-12,North Yorkshire Police,North Yorkshire Police,-1.083834,53.785608,On or near Flaxley Court,E01027906,Selby 006B,Violence and sexual offences,Unable to prosecute suspect,
1cb6d97721a5c58dd7c637898822de03c3ae50904d898afc7f174fa51a3f8810,2025-12,North Yorkshire Police,North Yorkshire Police,-1.083682,53.784896,On or near Azalea Mews,E01027906,Selby 006B,Violence and sexual offences,Unable to prosecute suspect,
f59bf3f3c8cbac7c14c946374da32fbc3f58a8291ef9f045a2a8f5936d700b41,2025-12,North Yorkshire Police,North Yorkshire Police,-1.083178,53.778079,On or near Hunters Way,E01027913,Selby 006E,Violence and sexual offences,Investigation complete; no suspect identified,
,2025-12,North Yorkshire Police,North Yorkshire Police,-1.072865,53.778504,On or near Thatch Close,E01034984,Selby 006F,Anti-social behaviour,,
4f591f590d428cc8d47751b81afce7b9eba9565c05ee7113c0960a3b10b4e618,2025-12,North Yorkshire Police,North Yorkshire Police,-1.077719,53.779988,On or near Fairfax Avenue,E01034984,Selby 006F,Criminal damage and arson,Investigation complete; no suspect identified,
8c8b36f81bb778ba8f39ce323a0579ba83b8c03a12df3675da8ef430b3593644,2025-12,North Yorkshire Police,North Yorkshire Police,-1.077483,53.776202,On or near Long Mann Hills Road,E01034984,Selby 006F,Other theft,Investigation complete; no suspect identified,
b9f3e8d36a89744d5d7d85e1864345502ec4ee8e57f76299fa44388b06dbda56,2025-12,North Yorkshire Police,North Yorkshire Police,-1.084536,53.776337,On or near Larkfield Road,E01034984,Selby 006F,Violence and sexual offences,Investigation complete; no suspect identified,
da423491a64681fb92d72faf5b65ff50fb68d0d4daaba81689c1a9fb7624839d,2025-12,North Yorkshire Police,North Yorkshire Police,-1.077719,53.779988,On or near Fairfax Avenue,E01034984,Selby 006F,Violence and sexual offences,Unable to prosecute suspect,
152fda982892118ff18b76510cb1c80aa987ec4deaf8d8ad547c1b6e54926e69,2025-12,North Yorkshire Police,North Yorkshire Police,-1.077483,53.776202,On or near Long Mann Hills Road,E01034984,Selby 006F,Violence and sexual offences,Investigation complete; no suspect identified,
7d2b49511a147a03dacb3a3b277bff5a3093e405a5129aebf61c8ad81151c489,2025-12,North Yorkshire Police,North Yorkshire Police,-1.077483,53.776202,On or near Long Mann Hills Road,E01034984,Selby 006F,Violence and sexual offences,Investigation complete; no suspect identified,
ab519412082b92d60ebb0a4aed437bd9d60e61db4085405acb46944841c2f816,2025-12,North Yorkshire Police,North Yorkshire Police,-1.065638,53.767533,On or near ,E01027879,Selby 007A,Shoplifting,Investigation complete; no suspect identified,
1dddc8d9a1dbd7c5fbd8165c614e55381ae751fd408a9d000636b1967956e9f1,2025-12,North Yorkshire Police,North Yorkshire Police,-1.084556,53.766360,On or near Brayton Lane,E01027880,Selby 007B,Violence and sexual offences,Unable to prosecute suspect,
,2025-12,North Yorkshire Police,North Yorkshire Police,-1.013919,53.748938,On or near Hunters Walk,E01027882,Selby 007C,Anti-social behaviour,,
658c79afe7755db2ff6cc54bab0a107094b9ce3b124639eec99c382b89e6fe9a,2025-12,North Yorkshire Police,North Yorkshire Police,-1.013919,53.748938,On or near Hunters Walk,E01027882,Selby 007C,Other theft,Investigation complete; no suspect identified,
b5aebbf58c1e1621ce8249cf98ed9dc163e7870bbb8ee7160cc8ac9a86ba1dd4,2025-12,North Yorkshire Police,North Yorkshire Police,-1.013919,53.748938,On or near Hunters Walk,E01027882,Selby 007C,Public order,Under investigation,
2703f80e0e3078476d9b0639260b9f72de505b1a8144b398b826f13a38dedff1,2025-12,North Yorkshire Police,North Yorkshire Police,-1.066440,53.766445,On or near Oakney Wood Drive,E01027882,Selby 007C,Violence and sexual offences,Under investigation,
4fa9eefddd2f3f0ddc5317d613b07418da28fd58a4991b874d2bea270b251ca8,2025-12,North Yorkshire Police,North Yorkshire Police,-1.084249,53.767239,On or near Middlebrook Gardens,E01027882,Selby 007C,Violence and sexual offences,Under investigation,
9ed29b6e3b2dd88ab40efc9e90c854e866199f30076020454f23f7b686558811,2025-12,North Yorkshire Police,North Yorkshire Police,-1.080359,53.773060,On or near Holly Grove,E01027882,Selby 007C,Violence and sexual offences,Unable to prosecute suspect,
e44ec040a79d2d16f6aaf767d391ef67923dd7421c73e7aeb46f48d728a883f9,2025-12,North Yorkshire Police,North Yorkshire Police,-1.066440,53.766445,On or near Oakney Wood Drive,E01027882,Selby 007C,Violence and sexual offences,Under investigation,
26c092e0f09a4458e3184915d5f9d965f400d23bed4669ddfb38b6113c760430,2025-12,North Yorkshire Police,North Yorkshire Police,-1.080118,53.774371,On or near Mount Avenue,E01027882,Selby 007C,Violence and sexual offences,Offender given a caution,
f41181a3c4f54fc3a677217bbe8ee0a7db7bab3d7cc0672c2dc8048bf2f548b8,2025-12,North Yorkshire Police,North Yorkshire Police,-1.073586,53.769898,On or near Poppy Close,E01027882,Selby 007C,Other crime,Awaiting court outcome,
,2025-12,North Yorkshire Police,North Yorkshire Police,-1.124284,53.774612,On or near Leeds Road,E01027894,Selby 007D,Anti-social behaviour,,
,2025-12,North Yorkshire Police,North Yorkshire Police,-1.125334,53.773756,On or near Holly Grove,E01027894,Selby 007D,Anti-social behaviour,,
,2025-12,North Yorkshire Police,North Yorkshire Police,-1.123839,53.773404,On or near Meadow Close,E01027894,Selby 007D,Anti-social behaviour,,
,2025-12,North Yorkshire Police,North Yorkshire Police,-1.122722,53.773117,On or near Linden Way,E01027894,Selby 007D,Anti-social behaviour,,
,2025-12,North Yorkshire Police,North Yorkshire Police,-1.129881,53.768109,On or near Birch Close,E01027894,Selby 007D,Anti-social behaviour,,
3d881a57c8647ed82da922c1d6b8e3be3c47e255d2dba7d724a7893bfb44f356,2025-12,North Yorkshire Police,North Yorkshire Police,-1.119877,53.773492,On or near Grazier Close,E01027894,Selby 007D,Criminal damage and arson,Investigation complete; no suspect identified,
f6e81675bbc9e667991c91c04745ef02ec04efd7d136bf79991445d5c7c39367,2025-12,North Yorkshire Police,North Yorkshire Police,-1.125334,53.773756,On or near Holly Grove,E01027894,Selby 007D,Other theft,Unable to prosecute suspect,
91e83920da217144087c05cb107354facf4837ff600ede9395cb936635f6f66e,2025-12,North Yorkshire Police,North Yorkshire Police,-1.128281,53.775180,On or near ,E01027894,Selby 007D,Violence and sexual offences,Under investigation,
c3fd4816247fc38b77dfcc1caa0449a875341adde5c11bbae72d0843e52f1ec7,2025-12,North Yorkshire Police,North Yorkshire Police,-1.127108,53.767936,On or near Laurel Close,E01027894,Selby 007D,Violence and sexual offences,Unable to prosecute suspect,
91e83920da217144087c05cb107354facf4837ff600ede9395cb936635f6f66e,2025-12,North Yorkshire Police,North Yorkshire Police,-1.128281,53.775180,On or near ,E01027894,Selby 007D,Violence and sexual offences,Under investigation,
,2025-12,North Yorkshire Police,North Yorkshire Police,-1.126812,53.769057,On or near Oak Drive,E01027895,Selby 007E,Anti-social behaviour,,
,2025-12,North Yorkshire Police,North Yorkshire Police,-1.157928,53.760004,On or near Gateforth Mews,E01027895,Selby 007E,Anti-social behaviour,,
1987eba2e11001797a0fd7f368bc81c2abe9e87afc27364600eaa1546f10f272,2025-12,North Yorkshire Police,North Yorkshire Police,-1.153061,53.750846,On or near Briarwood Close,E01027895,Selby 007E,Burglary,Investigation complete; no suspect identified,
b3435e152a8e7460b2fb858b4d36dc127ebf0276fc36975adf59f67cd658f679,2025-12,North Yorkshire Police,North Yorkshire Police,-1.127930,53.773242,On or near Sports/Recreation Area,E01027895,Selby 007E,Criminal damage and arson,Investigation complete; no suspect identified,
6d2a89571a1cd77e45e58d58dc1c954d908b6809d663f30ad60bb2cb27a245c4,2025-12,North Yorkshire Police,North Yorkshire Police,-1.118026,53.769829,On or near Barff Lane,E01027895,Selby 007E,Criminal damage and arson,Investigation complete; no suspect identified,
e63bcaf769b0a13ce509ebbb2a34c071f04d7f924eb9660b1c59fc530483db64,2025-12,North Yorkshire Police,North Yorkshire Police,-1.076076,53.752565,On or near Park/Open Space,E01027895,Selby 007E,Public order,Unable to prosecute suspect,
3b18ef41bc3ff4273dd96d8275f7fa1b27d1a96e435b1a6acaf0017ba18260b9,2025-12,North Yorkshire Police,North Yorkshire Police,-1.098172,53.752549,On or near Barff View,E01027895,Selby 007E,Violence and sexual offences,Under investigation,
bb1cf67c7ea6ce6b0b60aa6aa31fea1d121a3fea2b9e50b8ea9621f3e7ecc04d,2025-12,North Yorkshire Police,North Yorkshire Police,-1.098172,53.752549,On or near Barff View,E01027895,Selby 007E,Violence and sexual offences,Unable to prosecute suspect,
f16390431ea90c52a2a594eddcf5ff6c2f5ef59d1e9e6601c1681944ea8f7304,2025-12,North Yorkshire Police,North Yorkshire Police,-1.126812,53.769057,On or near Oak Drive,E01027895,Selby 007E,Violence and sexual offences,Unable to prosecute suspect,
15d785f2a8a35d3fdcc9caa82bf798494fc36c9d82989fd6d628b2b9eee04739,2025-12,North Yorkshire Police,North Yorkshire Police,-1.098172,53.752549,On or near Barff View,E01027895,Selby 007E,Violence and sexual offences,Under investigation,
ed4615321d0abc0c682760385ada807b935563998a6ac96b12a4a53ad8c0264c,2025-12,North Yorkshire Police,North Yorkshire Police,-1.018793,53.728484,On or near Camela Lane,E01027883,Selby 008A,Violence and sexual offences,Awaiting court outcome,
3698604eabfb9ec219101d5c95bae9e13b773b6a489c79de6fe2cf0a6a68a3bb,2025-12,North Yorkshire Police,North Yorkshire Police,-1.022170,53.726651,On or near Beech Tree Lane,E01027883,Selby 008A,Violence and sexual offences,Unable to prosecute suspect,
2dca7bebaf34d1a231f81c6ba1b227701ea30c7d9757b8b3a1a0e43f52bfaa6f,2025-12,North Yorkshire Police,North Yorkshire Police,-1.011681,53.726655,On or near Prospect Close,E01027884,Selby 008B,Criminal damage and arson,Investigation complete; no suspect identified,
59792a9e415990fdbac661bcc46df9fed28c58e70990d42e9c1d340eb99a7b1e,2025-12,North Yorkshire Police,North Yorkshire Police,-0.965347,53.714930,On or near Mill Lane,E01027884,Selby 008B,Criminal damage and arson,Investigation complete; no suspect identified,
b14f2e50bd8323adaf8841df71dbc5febf1196f7b78d7cb62acb7c3210722c3e,2025-12,North Yorkshire Police,North Yorkshire Police,-1.014701,53.725871,On or near Millfield Drive,E01027884,Selby 008B,Violence and sexual offences,Under investigation,
,2025-12,North Yorkshire Police,North Yorkshire Police,-1.023274,53.711056,On or near Himsworth Close,E01027885,Selby 008C,Anti-social behaviour,,
a69bf3f2deccb77259732fbfe70bca9a4b694bfbbf1b3e60f8e28d6df4009c21,2025-12,North Yorkshire Police,North Yorkshire Police,-1.021772,53.705246,On or near Waverley Close,E01027885,Selby 008C,Criminal damage and arson,Investigation complete; no suspect identified,
302d83d0672f02dc4fd1935fc72d0d3d0310bc969718a57af925d225f9550ca2,2025-12,North Yorkshire Police,North Yorkshire Police,-1.019478,53.714657,On or near Cornelius Row,E01027885,Selby 008C,Other theft,Unable to prosecute suspect,
c29333455e69fb16e7f5fe6366a6663efa05da16c4346da232245aa74fa530ee,2025-12,North Yorkshire Police,North Yorkshire Police,-1.021295,53.710132,On or near Pinfold Lane,E01027885,Selby 008C,Vehicle crime,Investigation complete; no suspect identified,
c09219658a8964b73b4c4814125cdc1333ed597d7cbdc790246de67a72119e45,2025-12,North Yorkshire Police,North Yorkshire Police,-1.017835,53.712351,On or near Town End Avenue,E01027885,Selby 008C,Violence and sexual offences,Action to be taken by another organisation,
871f6394ddf1fac627f368fd45edb790f001694cc0fc6aca24e590ac4495a37b,2025-12,North Yorkshire Police,North Yorkshire Police,-1.022543,53.708605,On or near Church Lane,E01027885,Selby 008C,Violence and sexual offences,Unable to prosecute suspect,
a3fac1763a5ec1d9fd223180007a037cea4d3d76481dd610e371f2cc7fec16b2,2025-12,North Yorkshire Police,North Yorkshire Police,-1.017835,53.712351,On or near Town End Avenue,E01027885,Selby 008C,Violence and sexual offences,Unable to prosecute suspect,
2996498046c36bd3f63510e68e9187a393ee474e9081602718ee3bd6ed55d8ae,2025-12,North Yorkshire Police,North Yorkshire Police,-0.976318,53.766051,On or near Ferry Close,E01027896,Selby 008D,Criminal damage and arson,Under investigation,
e4b7287adf0ff0af082838bd870d038985a4fbb85f7a5213349209fcad864d9e,2025-12,North Yorkshire Police,North Yorkshire Police,-0.993698,53.777101,On or near William Jacques Drive,E01027896,Selby 008D,Criminal damage and arson,Investigation complete; no suspect identified,
55aad334b1979c1447d4c0db9ad12146cd2431fe8f532d25d8138e0d38b74c41,2025-12,North Yorkshire Police,North Yorkshire Police,-0.973402,53.769307,On or near Hull Road,E01027896,Selby 008D,Shoplifting,Local resolution,
201be547beb34d6a5c9270ac54a8c17d5dd7a6bb918a3ef10e6bda6edf7984c6,2025-12,North Yorkshire Police,North Yorkshire Police,-0.976854,53.769588,On or near Water Lane,E01027896,Selby 008D,Violence and sexual offences,Further investigation is not in the public interest,
e619ecb3e12f6f704564916ba8b26eb9cf8f6cea4f5d3b2238a205f5f44b0c1f,2025-12,North Yorkshire Police,North Yorkshire Police,-0.964426,53.765976,On or near Novey Lane,E01027896,Selby 008D,Violence and sexual offences,Unable to prosecute suspect,
d2e46b6bb62c5f1f4d6d26c9e3b5e56210d43755c8899f2e5c733a35d2fcfedd,2025-12,North Yorkshire Police,North Yorkshire Police,-0.973840,53.767531,On or near Chestnut Court,E01027896,Selby 008D,Violence and sexual offences,Unable to prosecute suspect,
881c74febf54c4c7192e538526c55a775ee59d1390e6aacb68289f71e3a3ad37,2025-12,North Yorkshire Police,North Yorkshire Police,-0.994821,53.777749,On or near The Shrubberies,E01027896,Selby 008D,Other crime,Further investigation is not in the public interest,
bad71b55bcc58b8462d421d17e7e79c1d6248708220efb247b73d6472232b012,2025-12,North Yorkshire Police,North Yorkshire Police,-0.997312,53.778264,On or near Main Street,E01027897,Selby 008E,Public order,Unable to prosecute suspect,
027c68a606178a1c0e8fb59491cf4c79d6517e4bda645acf697169e82fd0fb46,2025-12,North Yorkshire Police,North Yorkshire Police,-1.257864,53.723542,On or near East Acres,E01027891,Selby 009A,Violence and sexual offences,Under investigation,
2737d77a836e7550c7cddcca2adfd524a718912f4babd3eac98e19eab6918832,2025-12,North Yorkshire Police,North Yorkshire Police,-1.255515,53.740687,On or near Main Street,E01027891,Selby 009A,Violence and sexual offences,Under investigation,
2aa405e95596aa21d9bdf428782364864fa7c57385bf181f5b05d780386c9e86,2025-12,North Yorkshire Police,North Yorkshire Police,-1.256852,53.723338,On or near Grey Fold,E01027891,Selby 009A,Violence and sexual offences,Unable to prosecute suspect,
9ddf375d12ab028ae287425d9c58598bb3d02ed677fa259062122edd2f52b6e8,2025-12,North Yorkshire Police,North Yorkshire Police,-1.285440,53.745417,On or near Gauk Street,E01027891,Selby 009A,Violence and sexual offences,Under investigation,
,2025-12,North Yorkshire Police,North Yorkshire Police,-1.262989,53.725129,On or near Crawford Close,E01027892,Selby 009B,Anti-social behaviour,,
,2025-12,North Yorkshire Police,North Yorkshire Police,-1.262989,53.725129,On or near Crawford Close,E01027892,Selby 009B,Anti-social behaviour,,
c963d7fdda9c47b036317b607077a21af9379b515baf314ecb34cc37124c3aaa,2025-12,North Yorkshire Police,North Yorkshire Police,-1.280479,53.741127,On or near A1246,E01027892,Selby 009B,Criminal damage and arson,Investigation complete; no suspect identified,
d833cf671b4f0ceeea5a8c89d700a4119295357d5a0645187aaa61f82cee1cf4,2025-12,North Yorkshire Police,North Yorkshire Police,-1.262989,53.725129,On or near Crawford Close,E01027892,Selby 009B,Public order,Unable to prosecute suspect,
0d525ab74df299e493708bed27efc56ba2dc3df485b7272b8d367cfb82726e95,2025-12,North Yorkshire Police,North Yorkshire Police,-1.264490,53.724203,On or near Dish Hill,E01027892,Selby 009B,Violence and sexual offences,Under investigation,
352976a145ea4695ba8ce850aedd86f10a7c42a919c0d77bb03c6fb2a6f60417,2025-12,North Yorkshire Police,North Yorkshire Police,-1.261104,53.725459,On or near Queen Margarets Close,E01027892,Selby 009B,Violence and sexual offences,Unable to prosecute suspect,
e301389253256261386331da01eb0f6540d459dfcc082f6fbd716b84c37d3f88,2025-12,North Yorkshire Police,North Yorkshire Police,-1.133379,53.766849,On or near ,E01027893,Selby 009C,Drugs,Under investigation,
ed1c9f4002ceb91d81fe6af7f4ddf697bde4a957dd9768d98f065628bdb5344a,2025-12,North Yorkshire Police,North Yorkshire Police,-1.133379,53.766849,On or near ,E01027893,Selby 009C,Violence and sexual offences,Unable to prosecute suspect,
f3d7ca45e62f6d66c2d93d06131601c7cc6e40f23c5fd2bc1976182c9a5355cf,2025-12,North Yorkshire Police,North Yorkshire Police,-1.163698,53.771199,On or near Church Close,E01027893,Selby 009C,Violence and sexual offences,Unable to prosecute suspect,
91c5660f5b794dfb9eea622cae5270a1f83561fcbce04c2c6f3012cb88dca444,2025-12,North Yorkshire Police,North Yorkshire Police,-1.228272,53.753008,On or near Tom Lane,E01027899,Selby 009D,Drugs,Awaiting court outcome,
948bed8dfcaf0664a33d12e11816fbef93ff408cc42751eba4aede20be121e72,2025-12,North Yorkshire Police,North Yorkshire Police,-1.228272,53.753008,On or near Tom Lane,E01027899,Selby 009D,Possession of weapons,Awaiting court outcome,
f5cad00cb0e4403c5336aeccfb857317b27ff4d1a5d0ba1c1a22e21ff3b2054d,2025-12,North Yorkshire Police,North Yorkshire Police,-1.233459,53.757140,On or near Mill Close,E01027899,Selby 009D,Violence and sexual offences,Unable to prosecute suspect,
,2025-12,North Yorkshire Police,North Yorkshire Police,-1.153936,53.705812,On or near Westfield Close,E01027889,Selby 010A,Anti-social behaviour,,
,2025-12,North Yorkshire Police,North Yorkshire Police,-1.154440,53.701789,On or near Millers Drive,E01027889,Selby 010A,Anti-social behaviour,,
d54ec8f54b1d5aa2efc7847037ed12d5e0677020532c6bf724b7a3e31cbe9eae,2025-12,North Yorkshire Police,North Yorkshire Police,-1.166565,53.717549,On or near Pick Haven Garth,E01027889,Selby 010A,Violence and sexual offences,Investigation complete; no suspect identified,
1b38d823664d0c7c9f19452e6ac87cb5066e5b345b2fdf1e1ce102125d5587e3,2025-12,North Yorkshire Police,North Yorkshire Police,-1.155775,53.706229,On or near Westfield Garth,E01027889,Selby 010A,Violence and sexual offences,Under investigation,
4a72025759abbb0d3c18f6137e69afce85e83cc8c77c77c80acd5cdeca1e6ac3,2025-12,North Yorkshire Police,North Yorkshire Police,-1.154440,53.701789,On or near Millers Drive,E01027889,Selby 010A,Violence and sexual offences,Unable to prosecute suspect,
dab8bb8ce1a9785d2e4336c4f5ed9a9e396259a48a1778165fccf10ccd523bb5,2025-12,North Yorkshire Police,North Yorkshire Police,-1.150736,53.704441,On or near Wentworth Close,E01027889,Selby 010A,Violence and sexual offences,Under investigation,
ee2347f438b840e9ad61872ea5bbfe3fe163cf6ddf80a7240541fba5a7abb32d,2025-12,North Yorkshire Police,North Yorkshire Police,-1.166565,53.717549,On or near Pick Haven Garth,E01027889,Selby 010A,Other crime,Further investigation is not in the public interest,
,2025-12,North Yorkshire Police,North Yorkshire Police,-1.073757,53.713129,On or near Back Lane,E01027890,Selby 010B,Anti-social behaviour,,
c773611704a7be578079d37ceab0c4e537682f3d4661aee3749612d83f3cb5b2,2025-12,North Yorkshire Police,North Yorkshire Police,-1.145451,53.732780,On or near Old House Gardens,E01027890,Selby 010B,Public order,Unable to prosecute suspect,
7507ed4737640a8df7ecf317141416d3640b040f546df971b93dd17e1218cf6f,2025-12,North Yorkshire Police,North Yorkshire Police,-1.149593,53.705530,On or near Weeland Road,E01027890,Selby 010B,Violence and sexual offences,Unable to prosecute suspect,
,2025-12,North Yorkshire Police,North Yorkshire Police,-1.237479,53.626587,On or near Petrol Station,E01027923,Selby 010C,Anti-social behaviour,,
7cde9788b3838691c2281f5b0507e988147e683ab4d6ac49a7918865d3fc7d8a,2025-12,North Yorkshire Police,North Yorkshire Police,-1.221786,53.659919,On or near New Road,E01027923,Selby 010C,Burglary,Investigation complete; no suspect identified,
2b36a728ea3661133efae8f08bcadf14e023abf187595c527fb5c001f0f1a5ba,2025-12,North Yorkshire Police,North Yorkshire Police,-1.195123,53.647959,On or near Little Lane,E01027923,Selby 010C,Criminal damage and arson,Investigation complete; no suspect identified,
a3844bc43f9dbcc375289affaf89d0ba2c702fe00d53780de0511c0c0309ba3b,2025-12,North Yorkshire Police,North Yorkshire Police,-1.173657,53.640963,On or near Tanpit Lane,E01027923,Selby 010C,Criminal damage and arson,Investigation complete; no suspect identified,
19ff6999d81330cf46a626ff568f3b98ac775a5f6c16badd3341c1c6c9a29114,2025-12,North Yorkshire Police,North Yorkshire Police,-1.196514,53.721232,On or near Common Lane,E01027923,Selby 010C,Criminal damage and arson,Investigation complete; no suspect identified,
38ddb4cbbe255dac5ae5bcf3a91413947b9c4316d57e550df1b2eec5aae5cafe,2025-12,North Yorkshire Police,North Yorkshire Police,-1.209779,53.650546,On or near Smeatley'S Lane,E01027923,Selby 010C,Criminal damage and arson,Unable to prosecute suspect,
bf12ec4027646c0963bb73260942faa27e136decfdf298d6a64fd56ca1b5b1ce,2025-12,North Yorkshire Police,North Yorkshire Police,-1.182473,53.712230,On or near Weeland Road,E01027923,Selby 010C,Public order,Unable to prosecute suspect,
753061abaf7bbae2a54a426e61f18007c72f785f10776d3387f686ea28a41a31,2025-12,North Yorkshire Police,North Yorkshire Police,-1.210175,53.644751,On or near Wentdale,E01027923,Selby 010C,Vehicle crime,Unable to prosecute suspect,
d0ef319bd55ff019aeffc87bb7df2b4044f98466373951582dc48832c84831d2,2025-12,North Yorkshire Police,North Yorkshire Police,-1.214180,53.685657,On or near Wrights Lane,E01027923,Selby 010C,Vehicle crime,Investigation complete; no suspect identified,
95ab124b245358274c0614dcec706c9345491b3100e49ceeb84d0fcdabc16ff2,2025-12,North Yorkshire Police,North Yorkshire Police,-1.193970,53.721880,On or near Main Street,E01027923,Selby 010C,Vehicle crime,Investigation complete; no suspect identified,
05fb153b786cfef8ef45e2050ffb72cd91cbda6fc13ae380d29452f95bba0470,2025-12,North Yorkshire Police,North Yorkshire Police,-1.189916,53.663905,On or near Station Road,E01027923,Selby 010C,Violence and sexual offences,Unable to prosecute suspect,
,2025-12,North Yorkshire Police,North Yorkshire Police,-1.100514,53.692587,On or near Broach Lane,E01027924,Selby 010D,Anti-social behaviour,,
,2025-12,North Yorkshire Police,North Yorkshire Police,-1.154171,53.691792,On or near All Saints Court,E01027924,Selby 010D,Anti-social behaviour,,
,2025-12,North Yorkshire Police,North Yorkshire Police,-1.121527,53.698011,On or near Parking Area,E01027924,Selby 010D,Anti-social behaviour,,
,2025-12,North Yorkshire Police,North Yorkshire Police,-1.121527,53.698011,On or near Parking Area,E01027924,Selby 010D,Anti-social behaviour,,
128f2426efc2efb5c0678a1df076e3389019c4de68ee1a08238ddbab678c12d2,2025-12,North Yorkshire Police,North Yorkshire Police,-1.121527,53.698011,On or near Parking Area,E01027924,Selby 010D,Criminal damage and arson,Further investigation is not in the public interest,
a761882e90d38276bf741c8a077d12a47a3cf28d0f0a7eaa6d8f456e7f6d5880,2025-12,North Yorkshire Police,North Yorkshire Police,-1.112847,53.686540,On or near Mill Balk,E01027924,Selby 010D,Other theft,Under investigation,
a2cb7d88874b6c28924eca617fe24432f5803255e728da4f86d5e1126611b79a,2025-12,North Yorkshire Police,North Yorkshire Police,-1.121527,53.698011,On or near Parking Area,E01027924,Selby 010D,Public order,Unable to prosecute suspect,
760c7b8ad90234496924ef715e903199f7eec30e49716a8f93a07b9bcc4c3d09,2025-12,North Yorkshire Police,North Yorkshire Police,-1.112847,53.686540,On or near Mill Balk,E01027924,Selby 010D,Vehicle crime,Unable to prosecute suspect,
8658f304456ee693ca32d08a0d6b1f81595e78ccb37bbe2a2ee29ab35752a2ea,2025-12,North Yorkshire Police,North Yorkshire Police,-1.151595,53.685086,On or near Selby Road,E01027924,Selby 010D,Violence and sexual offences,Unable to prosecute suspect,
4969a486bdbf406401b8530e97f396b4d1bc8b046591a9a1c7e797a5f24a4664,2025-12,North Yorkshire Police,North Yorkshire Police,-1.121527,53.698011,On or near Parking Area,E01027924,Selby 010D,Violence and sexual offences,Further investigation is not in the public interest,
db76100568a1f3cfac48db58401a8eb1467da6d2b149db05f62c9a6f4a33038b,2025-12,North Yorkshire Police,North Yorkshire Police,-1.104777,53.704376,On or near Bird Lane,E01027924,Selby 010D,Violence and sexual offences,Unable to prosecute suspect,
b209416d429d5859670f0581c92095437f38bdf8dbfa570c08bbe23e6ae7063d,2025-12,North Yorkshire Police,North Yorkshire Police,-1.154171,53.691792,On or near All Saints Court,E01027924,Selby 010D,Violence and sexual offences,Unable to prosecute suspect,
90268365916b13c17e679a78250d20cc1d663077086ec317f876a97f49d20aae,2025-12,North Yorkshire Police,North Yorkshire Police,-1.115955,53.697730,On or near Sports/Recreation Area,E01027924,Selby 010D,Violence and sexual offences,Under investigation,
1898596ba26862b6e630f13abe2b079743e291f4f7be945060dc4476d197794c,2025-12,North Yorkshire Police,North Yorkshire Police,-2.338834,54.340083,On or near Park/Open Space,E01019384,South Lakeland 009C,Burglary,Investigation complete; no suspect identified,
f1ef52e64a922bad6888eb1d236f37f22070c904bc39874b020c60df718d0712,2025-12,North Yorkshire Police,North Yorkshire Police,-1.258011,53.710861,On or near Rockwood Close,E01011808,Wakefield 010C,Vehicle crime,Investigation complete; no suspect identified,
,2025-12,North Yorkshire Police,North Yorkshire Police,-1.499121,53.678756,On or near Ings Road,E01034264,Wakefield 017E,Anti-social behaviour,,
afe5303c254d8892b93d14976279337f3c3eece1d7ea4eb8700b30ddefb9862e,2025-12,North Yorkshire Police,North Yorkshire Police,-1.499121,53.678756,On or near Ings Road,E01034264,Wakefield 017E,Violence and sexual offences,Under investigation,
c40a9d28bf2c9458e6b1db0a361f723d285438db7ae5d8d5cb4aee1e0973c3a4,2025-12,North Yorkshire Police,North Yorkshire Police,-1.037988,54.028487,On or near St Wilfrid'S Road,E01013436,York 001A,Violence and sexual offences,Under investigation,
a92534f330c18e17d582be929043fee1574a8ba078d5f475453eb02bc7aeaa1c,2025-12,North Yorkshire Police,North Yorkshire Police,-1.037988,54.028487,On or near St Wilfrid'S Road,E01013436,York 001A,Violence and sexual offences,Under investigation,
495f0970aecb008a2d49370fd848dd799dcffbfd80c0c8f2830a35f383de3365,2025-12,North Yorkshire Police,North Yorkshire Police,-1.055390,54.007683,On or near High Garth,E01013436,York 001A,Violence and sexual offences,Under investigation,
,2025-12,North Yorkshire Police,North Yorkshire Police,-1.045202,54.034800,On or near Lynwood Close,E01013438,York 001B,Anti-social behaviour,,
096ac82b5729c8e85d8bc06c2c335ba7d23077dd827ca80bc0af16a232f62957,2025-12,North Yorkshire Police,North Yorkshire Police,-1.038848,54.038839,On or near Church Lane,E01013438,York 001B,Criminal damage and arson,Investigation complete; no suspect identified,
7e5662435049fcdfd0dbfeb4f2c59022499ab619a67d392feb092cf255f89afa,2025-12,North Yorkshire Police,North Yorkshire Police,-1.039129,54.037942,On or near West End Close,E01013438,York 001B,Other theft,Under investigation,
77b715f2ebc28a9478735176e00d80f51ad90484433cc0d28cf8ddd292f7a53e,2025-12,North Yorkshire Police,North Yorkshire Police,-1.029854,54.042775,On or near Chatsworth Avenue,E01013438,York 001B,Violence and sexual offences,Under investigation,
6e1f5ec8f9290483fd096bf3a430dd589c67828b00ec95f2d979dc72c69c4a9e,2025-12,North Yorkshire Police,North Yorkshire Police,-1.045202,54.034800,On or near Lynwood Close,E01013438,York 001B,Violence and sexual offences,Unable to prosecute suspect,
6664946bb12db2f70f66f8731be278ba50a5e9f88897fdc5e51339cc79219ef7,2025-12,North Yorkshire Police,North Yorkshire Police,-1.029854,54.042775,On or near Chatsworth Avenue,E01013438,York 001B,Violence and sexual offences,Unable to prosecute suspect,
68106baefcc27ac7562e93d8b38fb099e9ab554a0f9e7ab504996c8c4b8f0937,2025-12,North Yorkshire Police,North Yorkshire Police,-1.029854,54.042775,On or near Chatsworth Avenue,E01013438,York 001B,Violence and sexual offences,Unable to prosecute suspect,
a0213a696b228f2c144d23fc541fed237a119778fe71b5dedec2704078f44535,2025-12,North Yorkshire Police,North Yorkshire Police,-1.029854,54.042775,On or near Chatsworth Avenue,E01013438,York 001B,Violence and sexual offences,Under investigation,
2f6095b6614a75f16d2720c8bcb4fd33204727b242cfe1dd84ca750004ad691c,2025-12,North Yorkshire Police,North Yorkshire Police,-1.029854,54.042775,On or near Chatsworth Avenue,E01013438,York 001B,Violence and sexual offences,Unable to prosecute suspect,
,2025-12,North Yorkshire Police,North Yorkshire Police,-1.076213,54.014100,On or near Parkland Way,E01013370,York 002A,Anti-social behaviour,,
,2025-12,North Yorkshire Police,North Yorkshire Police,-1.077081,54.011401,On or near Little Meadows,E01013370,York 002A,Anti-social behaviour,,
,2025-12,North Yorkshire Police,North Yorkshire Police,-1.078510,54.011655,On or near Cornwood Way,E01013370,York 002A,Anti-social behaviour,,
2617702538249cc764589d8c5479c7a2c2a438449c4c6c370c0c5273282eecf1,2025-12,North Yorkshire Police,North Yorkshire Police,-1.076270,54.016330,On or near Supermarket,E01013370,York 002A,Public order,Unable to prosecute suspect,
f4151281564a89d51622b1e483b881daee2392bb69f0765f106b67c5cf29bee4,2025-12,North Yorkshire Police,North Yorkshire Police,-1.075213,54.015818,On or near South Lane,E01013370,York 002A,Public order,Under investigation,
6ae64ea6cf69cc87dab274d3de1ecd63f1b2172d48daf55b4d808d89d0232b0e,2025-12,North Yorkshire Police,North Yorkshire Police,-1.076270,54.016330,On or near Supermarket,E01013370,York 002A,Shoplifting,Awaiting court outcome,
dec1f63641729b4769a8470b88755b12fd757ddb27a07015689d1c21226a7877,2025-12,North Yorkshire Police,North Yorkshire Police,-1.082383,54.013213,On or near Arenhall Close,E01013370,York 002A,Violence and sexual offences,Under investigation,
dec1f63641729b4769a8470b88755b12fd757ddb27a07015689d1c21226a7877,2025-12,North Yorkshire Police,North Yorkshire Police,-1.082383,54.013213,On or near Arenhall Close,E01013370,York 002A,Violence and sexual offences,Under investigation,
cb28568b5eda67957e7d970741c751ae46bb4359c65dda4c570999d330355f5b,2025-12,North Yorkshire Police,North Yorkshire Police,-1.076270,54.016330,On or near Supermarket,E01013370,York 002A,Violence and sexual offences,Unable to prosecute suspect,
1577e131fc49ae5234cea999b969b2677d36cfcc4f02bbbffaefccb2608599f5,2025-12,North Yorkshire Police,North Yorkshire Police,-1.076270,54.016330,On or near Supermarket,E01013370,York 002A,Violence and sexual offences,Unable to prosecute suspect,
a9ab13091f640d3fb4b712a7cbe2443dcce3164beffeeb916ef4f0d9fb2c179a,2025-12,North Yorkshire Police,North Yorkshire Police,-1.076213,54.014100,On or near Parkland Way,E01013370,York 002A,Violence and sexual offences,Unable to prosecute suspect,
,2025-12,North Yorkshire Police,North Yorkshire Police,-1.069770,54.015569,On or near Hall Rise,E01013373,York 002B,Anti-social behaviour,,
,2025-12,North Yorkshire Police,North Yorkshire Police,-1.073566,54.015068,On or near Orchard Paddock,E01013373,York 002B,Anti-social behaviour,,
51a5ef0b2b743d7590c8f70b2bcb040e00362f5c9e646e985d2393b78c728551,2025-12,North Yorkshire Police,North Yorkshire Police,-1.073566,54.015068,On or near Orchard Paddock,E01013373,York 002B,Other theft,Unable to prosecute suspect,
0a81c428116267955363954d30f6968f344de93a0796dccc111f4e07f58df65e,2025-12,North Yorkshire Police,North Yorkshire Police,-1.073566,54.015068,On or near Orchard Paddock,E01013373,York 002B,Violence and sexual offences,Unable to prosecute suspect,
6c1121fd5b816785609ab7a4bac40128afd364b07027d35e2f5f7ea8755a7bf0,2025-12,North Yorkshire Police,North Yorkshire Police,-1.065933,54.015854,On or near Petrol Station,E01013373,York 002B,Other crime,Unable to prosecute suspect,
256462d7954ed269695e26fe0dcf7ba4f04b4e690b3cb4477160dcc7a517e17c,2025-12,North Yorkshire Police,North Yorkshire Police,-1.065933,54.015854,On or near Petrol Station,E01013373,York 002B,Other crime,Under investigation,
90672be408c15e26bac9035e5c93c9dd3bbf4ff0d58583d22877e56256b7c4bd,2025-12,North Yorkshire Police,North Yorkshire Police,-1.066444,54.016919,On or near Falcon Close,E01013375,York 002C,Public order,Unable to prosecute suspect,
,2025-12,North Yorkshire Police,North Yorkshire Police,-1.074373,54.018598,On or near Birch Lane,E01013376,York 002D,Anti-social behaviour,,
a471508e8c35d25ac636b2fb7493579059835ba052a004b402aba6ee4654b622,2025-12,North Yorkshire Police,North Yorkshire Police,-1.074373,54.018598,On or near Birch Lane,E01013376,York 002D,Criminal damage and arson,Unable to prosecute suspect,
70b4e3d03683928f6e1370a5c95e8422aa8b9bc75c48a7e249c57147764adc86,2025-12,North Yorkshire Police,North Yorkshire Police,-1.083167,54.008068,On or near Broad Acres,E01013371,York 003A,Other theft,Under investigation,
644dfad78341c44d902554c61b8ee6f3fb75e5a102fdafa6cb243dea6d112ac1,2025-12,North Yorkshire Police,North Yorkshire Police,-1.085296,54.013289,On or near Green Dike,E01013371,York 003A,Violence and sexual offences,Under investigation,
e91415fff6614cb1dd3b6b9001fe129064c41734605bad32bef66b3b9df07869,2025-12,North Yorkshire Police,North Yorkshire Police,-1.082733,54.013952,On or near Minster View,E01013372,York 003B,Violence and sexual offences,Unable to prosecute suspect,
ffab19aea5a6bad55b975069b517b8d3528fe83512207b6d2dbbd92d0eb94f2c,2025-12,North Yorkshire Police,North Yorkshire Police,-1.082733,54.013952,On or near Minster View,E01013372,York 003B,Violence and sexual offences,Unable to prosecute suspect,
,2025-12,North Yorkshire Police,North Yorkshire Police,-1.075130,54.010631,On or near Holly Tree Lane,E01013374,York 003C,Anti-social behaviour,,
,2025-12,North Yorkshire Police,North Yorkshire Police,-1.077273,54.005480,On or near Stanley Avenue,E01013374,York 003C,Anti-social behaviour,,
b249bf73670edb0881d7a91e5c7c1d75f16ebcf7399a8eeaa0fda8ed64987f98,2025-12,North Yorkshire Police,North Yorkshire Police,-1.075130,54.010631,On or near Holly Tree Lane,E01013374,York 003C,Violence and sexual offences,Unable to prosecute suspect,
486923b5e5b7d6601a5f346e607c39eae6618a2364b5d3359d152bf7b93a3d2d,2025-12,North Yorkshire Police,North Yorkshire Police,-1.074980,54.005022,On or near Hilbra Avenue,E01013374,York 003C,Violence and sexual offences,Under investigation,
,2025-12,North Yorkshire Police,North Yorkshire Police,-1.093406,54.017880,On or near Burrill Drive,E01013377,York 003D,Anti-social behaviour,,
6b869ce0dadcad39cf4aae713e527f0dbe06fc8f8c2407639db1b9afad49392d,2025-12,North Yorkshire Police,North Yorkshire Police,-1.086924,54.019089,On or near The Village,E01013377,York 003D,Violence and sexual offences,Unable to prosecute suspect,
bfcb26ab700130daa4c3841b49308fbfd82465029a2c05eaf339264cf5e82062,2025-12,North Yorkshire Police,North Yorkshire Police,-1.086924,54.019089,On or near The Village,E01013377,York 003D,Violence and sexual offences,Unable to prosecute suspect,
3b3964d7a9b60d51fbaad26583c46c8f496895f9c318dffc4a99df4db84ef7aa,2025-12,North Yorkshire Police,North Yorkshire Police,-1.094862,54.016920,On or near Lancar Close,E01013377,York 003D,Violence and sexual offences,Under investigation,
91ef26fdcc558bbb9defa15a2be9ce0de19b8d6ea844e8e26efb645ebebc16ca,2025-12,North Yorkshire Police,North Yorkshire Police,-1.086924,54.019089,On or near The Village,E01013377,York 003D,Violence and sexual offences,Unable to prosecute suspect,
36ade5b7e349946620cb59fa18099311a4f15197ec08cdf3cb2445f1892da888,2025-12,North Yorkshire Police,North Yorkshire Police,-1.074555,53.987024,On or near Hazel Close,E01013404,York 004A,Bicycle theft,Investigation complete; no suspect identified,
37a58bee3167add154f43bbb0ef0f194df0d1f78e6cc66e7c4443ae17fc0d044,2025-12,North Yorkshire Police,North Yorkshire Police,-1.074006,53.988395,On or near White Rose Grove,E01013404,York 004A,Drugs,Under investigation,
7330c30c507b8e504505c3125e6d19b10caf0a2ddda238944b1619a75f35f2bd,2025-12,North Yorkshire Police,North Yorkshire Police,-1.069679,53.984084,On or near Meadowfields Drive,E01013404,York 004A,Other theft,Unable to prosecute suspect,
eb2b997396295a465c47887e747f3fe36bf6b31199e737264d54cafebff3c488,2025-12,North Yorkshire Police,North Yorkshire Police,-1.077076,53.987511,On or near Conifer Close,E01013404,York 004A,Vehicle crime,Investigation complete; no suspect identified,
1d11589ccc885a56dceca7b4657000737829523474dde687f020ff21f92922da,2025-12,North Yorkshire Police,North Yorkshire Police,-1.074006,53.988395,On or near White Rose Grove,E01013404,York 004A,Violence and sexual offences,Unable to prosecute suspect,
2f8c7aa00e2fab8db9864cae3000cb1920eef11fbbe2fca697f6f8a9856253ba,2025-12,North Yorkshire Police,North Yorkshire Police,-1.071628,53.986975,On or near Link Road,E01013404,York 004A,Violence and sexual offences,Unable to prosecute suspect,
77c59e4526ca3f696afa3c23bd31a15078d0fce2a148bb6bc08d30f0dc0108d1,2025-12,North Yorkshire Police,North Yorkshire Police,-1.069448,53.983516,On or near Brandsby Grove,E01013404,York 004A,Other crime,Under investigation,
f7cb1d240351ca5c30d5d28c57583da6f6796c353b72a605d13a2701093de765,2025-12,North Yorkshire Police,North Yorkshire Police,-1.072086,53.995167,On or near Moiser Close,E01013407,York 004B,Violence and sexual offences,Investigation complete; no suspect identified,
,2025-12,North Yorkshire Police,North Yorkshire Police,-1.071155,53.989030,On or near Station Avenue,E01013410,York 004D,Anti-social behaviour,,
8993cbdf06d90b169406a546f829eebba9b5f95a18b5ce91a8f926dcbbea3a32,2025-12,North Yorkshire Police,North Yorkshire Police,-1.071155,53.989030,On or near Station Avenue,E01013410,York 004D,Burglary,Investigation complete; no suspect identified,
a3330a43dcce153e5b4ae7a9c13ac2f423e69c8d159dfcdeecaf43145fae9067,2025-12,North Yorkshire Police,North Yorkshire Police,-1.071328,53.993588,On or near Hawthorn Terrace North,E01013410,York 004D,Violence and sexual offences,Unable to prosecute suspect,
8f514408e8153d218f9c00bfb17379849895fa93201dd60111a60cb3b0dd6244,2025-12,North Yorkshire Police,North Yorkshire Police,-1.076040,53.991602,On or near Crabtree Grove,E01013410,York 004D,Violence and sexual offences,Under investigation,
f3230fa892c553814d22428d7ce60656ca64e08a65daf88b61d7844060772cfc,2025-12,North Yorkshire Police,North Yorkshire Police,-1.071416,53.991701,On or near Hawthorn Terrace Central,E01013410,York 004D,Violence and sexual offences,Action to be taken by another organisation,
,2025-12,North Yorkshire Police,North Yorkshire Police,-1.058669,53.980007,On or near Ferguson Way,E01013406,York 005B,Anti-social behaviour,,
ad77f1a898c6655cae711eedd523b80c36515b834ba0d7a2f1197ce64e390852,2025-12,North Yorkshire Police,North Yorkshire Police,-1.060280,53.980928,On or near Dalby Mead,E01013406,York 005B,Criminal damage and arson,Investigation complete; no suspect identified,
af280605af65bdfef23699f48e4cb9d2986eb47d6c4005b011affc783c2cc3fd,2025-12,North Yorkshire Police,North Yorkshire Police,-1.064591,53.978373,On or near Birch Close,E01013406,York 005B,Drugs,Under investigation,
73d7550eac1a0cc2a16910248684a4c051e9b068dd82a46cb8679779b795dfe6,2025-12,North Yorkshire Police,North Yorkshire Police,-1.069983,53.979349,On or near Foss Court,E01013406,York 005B,Violence and sexual offences,Under investigation,
1fbd09b63d810bd5f9771e7cf703d81e0a616411b48b3c418205f0339a86f6ce,2025-12,North Yorkshire Police,North Yorkshire Police,-1.069983,53.979349,On or near Foss Court,E01013406,York 005B,Violence and sexual offences,Under investigation,
73d7550eac1a0cc2a16910248684a4c051e9b068dd82a46cb8679779b795dfe6,2025-12,North Yorkshire Police,North Yorkshire Police,-1.069983,53.979349,On or near Foss Court,E01013406,York 005B,Violence and sexual offences,Investigation complete; no suspect identified,
6d40355b11c45d3efadbe509abada08795af3bbd6e1d0688e69c857fa994ed05,2025-12,North Yorkshire Police,North Yorkshire Police,-1.069983,53.979349,On or near Foss Court,E01013406,York 005B,Violence and sexual offences,Further investigation is not in the public interest,
bdae750a85686b1cd9f9384ebd6d3ce5f3c4fa7bfa888c6638d944c9cf2b6a09,2025-12,North Yorkshire Police,North Yorkshire Police,-1.069983,53.979349,On or near Foss Court,E01013406,York 005B,Violence and sexual offences,Under investigation,
bf5278749eb75003f5c9bd32f59c0bd7a6606d6abe62c354059fc484696e5063,2025-12,North Yorkshire Police,North Yorkshire Police,-1.069983,53.979349,On or near Foss Court,E01013406,York 005B,Violence and sexual offences,Under investigation,
b4ce317ce997ec7619615f7bc128696e50e0d5a7926ee66c5047399e858659ec,2025-12,North Yorkshire Police,North Yorkshire Police,-1.069983,53.979349,On or near Foss Court,E01013406,York 005B,Violence and sexual offences,Under investigation,
b5dffc96b35fafe6d044c5b06e8a2ac5253883564b11ddd9411bf6b588222a97,2025-12,North Yorkshire Police,North Yorkshire Police,-1.069983,53.979349,On or near Foss Court,E01013406,York 005B,Violence and sexual offences,Under investigation,
dabfb6bcfb8c8c00bcca26879736db96beafeb585291a78030579b01a25c183c,2025-12,North Yorkshire Police,North Yorkshire Police,-1.069983,53.979349,On or near Foss Court,E01013406,York 005B,Violence and sexual offences,Under investigation,
b522b9dbd00fe3fe813fafa2f7f317455a9a1a1a2de03aed57e65468b5877cc2,2025-12,North Yorkshire Police,North Yorkshire Police,-1.067290,53.980425,On or near Upperdale Park,E01013406,York 005B,Violence and sexual offences,Under investigation,
a902a26f0bad97da832f5c294eef660752b7d82f9c0b0506e8d00dab9e4ebbdc,2025-12,North Yorkshire Police,North Yorkshire Police,-1.068311,53.980487,On or near Waterdale Park,E01013406,York 005B,Violence and sexual offences,Unable to prosecute suspect,
,2025-12,North Yorkshire Police,North Yorkshire Police,-1.049637,53.986927,On or near ,E01013409,York 005C,Anti-social behaviour,,
,2025-12,North Yorkshire Police,North Yorkshire Police,-1.049637,53.986927,On or near ,E01013409,York 005C,Anti-social behaviour,,
,2025-12,North Yorkshire Police,North Yorkshire Police,-1.048282,53.985080,On or near ,E01013409,York 005C,Anti-social behaviour,,
,2025-12,North Yorkshire Police,North Yorkshire Police,-1.051993,53.982568,On or near ,E01013409,York 005C,Anti-social behaviour,,
,2025-12,North Yorkshire Police,North Yorkshire Police,-1.049637,53.986927,On or near ,E01013409,York 005C,Anti-social behaviour,,
,2025-12,North Yorkshire Police,North Yorkshire Police,-1.051993,53.982568,On or near ,E01013409,York 005C,Anti-social behaviour,,
,2025-12,North Yorkshire Police,North Yorkshire Police,-1.051993,53.982568,On or near ,E01013409,York 005C,Anti-social behaviour,,
,2025-12,North Yorkshire Police,North Yorkshire Police,-1.051993,53.982568,On or near ,E01013409,York 005C,Anti-social behaviour,,
,2025-12,North Yorkshire Police,North Yorkshire Police,-1.048311,53.988236,On or near ,E01013409,York 005C,Anti-social behaviour,,
,2025-12,North Yorkshire Police,North Yorkshire Police,-1.051993,53.982568,On or near ,E01013409,York 005C,Anti-social behaviour,,
,2025-12,North Yorkshire Police,North Yorkshire Police,-1.046768,53.989425,On or near ,E01013409,York 005C,Anti-social behaviour,,
,2025-12,North Yorkshire Police,North Yorkshire Police,-1.051993,53.982568,On or near ,E01013409,York 005C,Anti-social behaviour,,
,2025-12,North Yorkshire Police,North Yorkshire Police,-1.051993,53.982568,On or near ,E01013409,York 005C,Anti-social behaviour,,
19b3e8706b0102efcee0e693f73195f4dd287fed7eeaab9e5194f526ae2baaf9,2025-12,North Yorkshire Police,North Yorkshire Police,-1.051993,53.982568,On or near ,E01013409,York 005C,Criminal damage and arson,Investigation complete; no suspect identified,
8ea8b9f319f26c75b4ec9b905a98abf5bf337dbc01e109eb6a0e91be62828202,2025-12,North Yorkshire Police,North Yorkshire Police,-1.046768,53.989425,On or near ,E01013409,York 005C,Criminal damage and arson,Investigation complete; no suspect identified,
257f2338d042145cb64e8b339736268c4b3cd64f8ac342839054e0cea4517610,2025-12,North Yorkshire Police,North Yorkshire Police,-1.051993,53.982568,On or near ,E01013409,York 005C,Criminal damage and arson,Under investigation,
01ca8873f79e46e21e6c7a55387610d1ddf334cbb12878479eef4271eb16d7fe,2025-12,North Yorkshire Police,North Yorkshire Police,-1.055453,53.986004,On or near Forge Close,E01013409,York 005C,Criminal damage and arson,Unable to prosecute suspect,
9cebf6febc0d3d87f7fbcbe4c2a516cab5ebbf0d76aa90834747325d4db93de1,2025-12,North Yorkshire Police,North Yorkshire Police,-1.051993,53.982568,On or near ,E01013409,York 005C,Criminal damage and arson,Investigation complete; no suspect identified,
9a42a9083ac7ea55962893a3f8854f9fddf3f9cdd8d2e290e9cf336ee8912207,2025-12,North Yorkshire Police,North Yorkshire Police,-1.046768,53.989425,On or near ,E01013409,York 005C,Drugs,Under investigation,
2812786e6211943413723d3e3d1ebb1ae5247f5762f3e07e3c7c268a604d1744,2025-12,North Yorkshire Police,North Yorkshire Police,-1.049362,53.983500,On or near ,E01013409,York 005C,Other theft,Investigation complete; no suspect identified,
668283adba4be33fd00621ec319e68cd75acf99c3fef6abe16b7631c70df87e6,2025-12,North Yorkshire Police,North Yorkshire Police,-1.055453,53.986004,On or near Forge Close,E01013409,York 005C,Other theft,Investigation complete; no suspect identified,
afa0ed2be4da13290644a255081d9ba3e345ebafab366576dfdfd0c1d272ef76,2025-12,North Yorkshire Police,North Yorkshire Police,-1.049637,53.986927,On or near ,E01013409,York 005C,Public order,Unable to prosecute suspect,
6ca739a245f1ab3874952c66de5593222e73139eefd3aa7831735d4e4bfa6c10,2025-12,North Yorkshire Police,North Yorkshire Police,-1.044167,53.989037,On or near ,E01013409,York 005C,Shoplifting,Unable to prosecute suspect,
6c1e06ef79ab71aba0e9c4fc1a4489bb6f7a3396287f8cd5633fd3755b836527,2025-12,North Yorkshire Police,North Yorkshire Police,-1.049362,53.983500,On or near ,E01013409,York 005C,Shoplifting,Unable to prosecute suspect,
a7f99c9688c90ac84e6b39b09eb3d3148860e2b48143f87fb2ac7c8ef9744221,2025-12,North Yorkshire Police,North Yorkshire Police,-1.049362,53.983500,On or near ,E01013409,York 005C,Shoplifting,Investigation complete; no suspect identified,
3391a87b2f85d8413ccaefc95e44a9646b827974e35e681663eade17f8db3ebc,2025-12,North Yorkshire Police,North Yorkshire Police,-1.046768,53.989425,On or near ,E01013409,York 005C,Shoplifting,Unable to prosecute suspect,
a12d0c280fad699bf75c5ac039b5d31c0b3d3576c0d1474d0af43574e6eb230e,2025-12,North Yorkshire Police,North Yorkshire Police,-1.049362,53.983500,On or near ,E01013409,York 005C,Shoplifting,Investigation complete; no suspect identified,
6b08f83c607ff4c3fd609ca25650b400f5e228aa509eed5487e2c1c4cef80b93,2025-12,North Yorkshire Police,North Yorkshire Police,-1.044167,53.989037,On or near ,E01013409,York 005C,Shoplifting,Under investigation,
31328d94728fdcd87d653bb89abb8b10d4b7f8c5b1c07680ef47a78ec905190d,2025-12,North Yorkshire Police,North Yorkshire Police,-1.044167,53.989037,On or near ,E01013409,York 005C,Shoplifting,Under investigation,
ea48592e53ec089e4391e7592d31b7c226c121b7c8565510fd80198db8d64cf2,2025-12,North Yorkshire Police,North Yorkshire Police,-1.044167,53.989037,On or near ,E01013409,York 005C,Shoplifting,Local resolution,
ed6fae568b440501225bd16906ffb098867a581e1577eef49a77305c4719de00,2025-12,North Yorkshire Police,North Yorkshire Police,-1.044167,53.989037,On or near ,E01013409,York 005C,Shoplifting,Investigation complete; no suspect identified,
6855e70904fb99177d23b1015766ed74609618f0410bab56de1788dd52d6bba9,2025-12,North Yorkshire Police,North Yorkshire Police,-1.049362,53.983500,On or near ,E01013409,York 005C,Shoplifting,Investigation complete; no suspect identified,
54c866315cb408d9b02165be31a46d56376dbf55601d728d3c8e56450fc087f3,2025-12,North Yorkshire Police,North Yorkshire Police,-1.048311,53.988236,On or near ,E01013409,York 005C,Shoplifting,Unable to prosecute suspect,
5d2105f245268b38783fb6b8afbd0c1c154c90a2acdf1ad156573318db64b3b3,2025-12,North Yorkshire Police,North Yorkshire Police,-1.046768,53.989425,On or near ,E01013409,York 005C,Vehicle crime,Under investigation,
a62e83b1338a13f8b83fd01fee1619b40789f5812d8a1430b591d8f605d41912,2025-12,North Yorkshire Police,North Yorkshire Police,-1.043502,53.986451,On or near ,E01013409,York 005C,Violence and sexual offences,Under investigation,
cca162e6519853d1ca306ff6316b1151563b1e3de4eac3a011dff255ee498632,2025-12,North Yorkshire Police,North Yorkshire Police,-1.044167,53.989037,On or near ,E01013409,York 005C,Violence and sexual offences,Unable to prosecute suspect,
a62e83b1338a13f8b83fd01fee1619b40789f5812d8a1430b591d8f605d41912,2025-12,North Yorkshire Police,North Yorkshire Police,-1.043502,53.986451,On or near ,E01013409,York 005C,Violence and sexual offences,Under investigation,
9e9e3d010ed945a79cea4d6d85348bbdf3e2224534a0497f9ee8a4dcf6525744,2025-12,North Yorkshire Police,North Yorkshire Police,-1.048311,53.988236,On or near ,E01013409,York 005C,Violence and sexual offences,Awaiting court outcome,
50c55ac6758cd50ed80967e9a5a67ef6a2dfbd09d922918123694a977b551704,2025-12,North Yorkshire Police,North Yorkshire Police,-1.049637,53.986927,On or near ,E01013409,York 005C,Violence and sexual offences,Unable to prosecute suspect,
61ad8790076775a8ec30c42f3888345ed2a3ae3e1afaea693ab1285f77deadb2,2025-12,North Yorkshire Police,North Yorkshire Police,-1.049637,53.986927,On or near ,E01013409,York 005C,Violence and sexual offences,Awaiting court outcome,
68fba37ccc6c2d06278b2d97ed74b1f7ee927ca4d5f44c1cf1df8b7f71cd0317,2025-12,North Yorkshire Police,North Yorkshire Police,-1.048311,53.988236,On or near ,E01013409,York 005C,Other crime,Awaiting court outcome,
,2025-12,North Yorkshire Police,North Yorkshire Police,-1.062272,53.985222,On or near Fox Covert,E01013411,York 005D,Anti-social behaviour,,
9e17d7bc5af2f7cce5d7b51b2c7f3fde741d1f1319d4b6a720376b2b0d564573,2025-12,North Yorkshire Police,North Yorkshire Police,-1.094386,53.977675,On or near Brailsford Crescent,E01013428,York 006A,Bicycle theft,Investigation complete; no suspect identified,
f556fb3c4dbbdfd6d651ede4b19b0a9219d58ae22ed77de36c1ed8893e910471,2025-12,North Yorkshire Police,North Yorkshire Police,-1.094386,53.977675,On or near Brailsford Crescent,E01013428,York 006A,Drugs,Under investigation,
758e592b858a59e8c5b77b923944f5ec27d8189a5880e8422ac245e8429d4ea8,2025-12,North Yorkshire Police,North Yorkshire Police,-1.094386,53.977675,On or near Brailsford Crescent,E01013428,York 006A,Violence and sexual offences,Under investigation,
,2025-12,North Yorkshire Police,North Yorkshire Police,-1.104071,53.991923,On or near ,E01013429,York 006B,Anti-social behaviour,,
,2025-12,North Yorkshire Police,North Yorkshire Police,-1.110040,53.990780,On or near Shopping Area,E01013429,York 006B,Anti-social behaviour,,
,2025-12,North Yorkshire Police,North Yorkshire Police,-1.110040,53.990780,On or near Shopping Area,E01013429,York 006B,Anti-social behaviour,,
,2025-12,North Yorkshire Police,North Yorkshire Police,-1.104071,53.991923,On or near ,E01013429,York 006B,Anti-social behaviour,,
d91095f93dfa07f42fc253d885c3c38f1492327334c68a34ed060397e881f849,2025-12,North Yorkshire Police,North Yorkshire Police,-1.110040,53.990780,On or near Shopping Area,E01013429,York 006B,Bicycle theft,Investigation complete; no suspect identified,
ca48e0da9061f6677a769df2dd669989528943e9e11b6821fd0b17c6008e255f,2025-12,North Yorkshire Police,North Yorkshire Police,-1.109573,53.988368,On or near Longwood Link,E01013429,York 006B,Criminal damage and arson,Unable to prosecute suspect,
1a290eeb3262b03a43db978a96771656267a0c8c8986e78a74d3388017e95308,2025-12,North Yorkshire Police,North Yorkshire Police,-1.104071,53.991923,On or near ,E01013429,York 006B,Other theft,Unable to prosecute suspect,
7a8fac3ef84a7d3dd336f7124cd29af66978178f8316ff6c6e18ae7edcaeb8c7,2025-12,North Yorkshire Police,North Yorkshire Police,-1.104071,53.991923,On or near ,E01013429,York 006B,Robbery,Under investigation,
47c5bb62801157016c69046769acbf7d0e00d2d90aa35bf6468f488348ce6782,2025-12,North Yorkshire Police,North Yorkshire Police,-1.104071,53.991923,On or near ,E01013429,York 006B,Shoplifting,Investigation complete; no suspect identified,
245fae24fedc5e475d40310622a82eae935aeaa6685a3b0bc687a71adcee754e,2025-12,North Yorkshire Police,North Yorkshire Police,-1.104071,53.991923,On or near ,E01013429,York 006B,Shoplifting,Investigation complete; no suspect identified,
549caa67f426e064ce81b811cb115cf702f3035f9d02d4f5d93d7900f7938a05,2025-12,North Yorkshire Police,North Yorkshire Police,-1.110040,53.990780,On or near Shopping Area,E01013429,York 006B,Shoplifting,Investigation complete; no suspect identified,
4a49bbb63140a9c444f9e4dcfb021ad8f9724d1bcd192a18705df85afefcd346,2025-12,North Yorkshire Police,North Yorkshire Police,-1.104071,53.991923,On or near ,E01013429,York 006B,Shoplifting,Under investigation,
e7aeb68a6e0ba5bca41a3548daaf956a12c57d9e1246596bb942b852a7291cc7,2025-12,North Yorkshire Police,North Yorkshire Police,-1.104071,53.991923,On or near ,E01013429,York 006B,Shoplifting,Investigation complete; no suspect identified,
dab03c841b3ebb5b305f41c2f5550e4a85300e7e4162ddd25ca0f7e91961d039,2025-12,North Yorkshire Police,North Yorkshire Police,-1.110040,53.990780,On or near Shopping Area,E01013429,York 006B,Violence and sexual offences,Under investigation,
87c57f46695774c2f9c4ccf973b993d893fea4b69ab7daf288e7f71870242369,2025-12,North Yorkshire Police,North Yorkshire Police,-1.107865,53.989092,On or near Longwood Road,E01013429,York 006B,Violence and sexual offences,Unable to prosecute suspect,
077555069b35cc55699c47712d569e459769039dcf84d621d3db918fa1b96b38,2025-12,North Yorkshire Police,North Yorkshire Police,-1.107865,53.989092,On or near Longwood Road,E01013429,York 006B,Violence and sexual offences,Unable to prosecute suspect,
dab03c841b3ebb5b305f41c2f5550e4a85300e7e4162ddd25ca0f7e91961d039,2025-12,North Yorkshire Police,North Yorkshire Police,-1.110040,53.990780,On or near Shopping Area,E01013429,York 006B,Violence and sexual offences,Under investigation,
915d7eadf7752c556850f9d4a469812cc5e1ddb8a5b8b6dc386c168dec4ddf0f,2025-12,North Yorkshire Police,North Yorkshire Police,-1.104071,53.991923,On or near ,E01013429,York 006B,Violence and sexual offences,Under investigation,
1ad5dbeb866622608846c86117d0b1141ab70d19d30db25f025ab997e2f4b27c,2025-12,North Yorkshire Police,North Yorkshire Police,-1.112112,53.984459,On or near Troutsdale Avenue,E01013429,York 006B,Violence and sexual offences,Action to be taken by another organisation,
,2025-12,North Yorkshire Police,North Yorkshire Police,-1.109223,53.991906,On or near A1237,E01013430,York 006C,Anti-social behaviour,,
3d7c43f2282aa6ab0e14f5702ecaec5dd2ef91c84cf0ca7822499ad49651fdcf,2025-12,North Yorkshire Police,North Yorkshire Police,-1.110537,53.991174,On or near Shopping Area,E01013430,York 006C,Bicycle theft,Unable to prosecute suspect,
40cecdcc492712d351185773ee221d2772286917ecc2f371b88f48465c7f7a57,2025-12,North Yorkshire Police,North Yorkshire Police,-1.133657,53.995635,On or near Turnpike Gardens,E01013430,York 006C,Bicycle theft,Investigation complete; no suspect identified,
36b550267fd32a5a4e5c47704a9b859d4f9a28dc681ad861e0032873e73a6462,2025-12,North Yorkshire Police,North Yorkshire Police,-1.110537,53.991174,On or near Shopping Area,E01013430,York 006C,Shoplifting,Investigation complete; no suspect identified,
aa491f81a258b37120ae125822f433572a827cb9490a8f472582ad3c361a9a18,2025-12,North Yorkshire Police,North Yorkshire Police,-1.121866,54.025327,On or near Corban Lane,E01013430,York 006C,Violence and sexual offences,Under investigation,
,2025-12,North Yorkshire Police,North Yorkshire Police,-1.098309,53.993459,On or near ,E01013431,York 006D,Anti-social behaviour,,
,2025-12,North Yorkshire Police,North Yorkshire Police,-1.101258,53.989914,On or near Concorde Park,E01013431,York 006D,Anti-social behaviour,,
,2025-12,North Yorkshire Police,North Yorkshire Police,-1.099121,53.986474,On or near Marsden Park,E01013431,York 006D,Anti-social behaviour,,
,2025-12,North Yorkshire Police,North Yorkshire Police,-1.092575,53.984519,On or near Hornbeam Close,E01013431,York 006D,Anti-social behaviour,,
,2025-12,North Yorkshire Police,North Yorkshire Police,-1.101258,53.989914,On or near Concorde Park,E01013431,York 006D,Anti-social behaviour,,
,2025-12,North Yorkshire Police,North Yorkshire Police,-1.098309,53.993459,On or near ,E01013431,York 006D,Anti-social behaviour,,
,2025-12,North Yorkshire Police,North Yorkshire Police,-1.098309,53.993459,On or near ,E01013431,York 006D,Anti-social behaviour,,
,2025-12,North Yorkshire Police,North Yorkshire Police,-1.096530,53.984958,On or near ,E01013431,York 006D,Anti-social behaviour,,
9b3e662ec8d13dbb5afeb025bbc808f4d748567d354c72fe87bea6945ff10fb6,2025-12,North Yorkshire Police,North Yorkshire Police,-1.099876,53.986821,On or near James Nicolson Link,E01013431,York 006D,Burglary,Investigation complete; no suspect identified,
24dcddbc2cbfdb4458f0b8f4d5a2e7b149c2826ed3f4d6448470f76173e183c4,2025-12,North Yorkshire Police,North Yorkshire Police,-1.097712,53.985452,On or near ,E01013431,York 006D,Criminal damage and arson,Investigation complete; no suspect identified,
5f9f1f13beaf09a08207d4c4b623994d6c87323f16478a8194e63290406d9071,2025-12,North Yorkshire Police,North Yorkshire Police,-1.100350,53.984659,On or near Ilton Garth,E01013431,York 006D,Criminal damage and arson,Unable to prosecute suspect,
3aeac0456f736660c88a2029b81818696353150f04103eaea95c4b943dbb089b,2025-12,North Yorkshire Police,North Yorkshire Police,-1.103791,53.990155,On or near ,E01013431,York 006D,Criminal damage and arson,Investigation complete; no suspect identified,
89440e4b4a4f9f5f14d025c844e3f81e75d1c01930f7159cf2d1492c056e29a9,2025-12,North Yorkshire Police,North Yorkshire Police,-1.091049,53.987375,On or near Centurion Way,E01013431,York 006D,Criminal damage and arson,Investigation complete; no suspect identified,
8c8b804e824bfbd0fbdd6057abfe4411ddb7cc527acf051181305aec3856740b,2025-12,North Yorkshire Police,North Yorkshire Police,-1.093986,53.986247,On or near Tribune Way,E01013431,York 006D,Criminal damage and arson,Investigation complete; no suspect identified,
60fb7396f862676de4fe8676292212bba0489e0fe8c36576340f20a20f117542,2025-12,North Yorkshire Police,North Yorkshire Police,-1.103220,53.988060,On or near Aviator Court,E01013431,York 006D,Other theft,Investigation complete; no suspect identified,
eb8f8979de40e2a1b80410fe36732775991ab32a9ae4a022d9eaea3bdfbb0ed2,2025-12,North Yorkshire Police,North Yorkshire Police,-1.103791,53.990155,On or near ,E01013431,York 006D,Other theft,Investigation complete; no suspect identified,
c34d7cdfda11d4c2b7d47272ab2b5e94cefabe80a5d1c5bf317ed3661a13d663,2025-12,North Yorkshire Police,North Yorkshire Police,-1.100350,53.984659,On or near Ilton Garth,E01013431,York 006D,Other theft,Under investigation,
18c22631b4c32fb97796605e4f19a3e6d1b8dea18496ddad4455f27e73f496c9,2025-12,North Yorkshire Police,North Yorkshire Police,-1.103791,53.990155,On or near ,E01013431,York 006D,Other theft,Investigation complete; no suspect identified,
4e91bb4d5782d949ccaeca28640b8a8ed97f49284af243e3fd6cab7694495d15,2025-12,North Yorkshire Police,North Yorkshire Police,-1.096306,53.982651,On or near Farro Drive,E01013431,York 006D,Other theft,Under investigation,
f4b9ab4ef154be8090237637d65f824dd55cdc647e3b22eb270e3b5cfa55a6e5,2025-12,North Yorkshire Police,North Yorkshire Police,-1.098741,53.983595,On or near Whitley Close,E01013431,York 006D,Public order,Unable to prosecute suspect,
90a69af23b47f8ae0524ab518bf9b61959981e663e63fd61ff3eab4cb767f38e,2025-12,North Yorkshire Police,North Yorkshire Police,-1.082812,53.979640,On or near Sports/Recreation Area,E01013431,York 006D,Public order,Under investigation,
3edd9c975be85e5d98a97303c585645a392631e6a3619734438e137e9e309e4c,2025-12,North Yorkshire Police,North Yorkshire Police,-1.098741,53.983595,On or near Whitley Close,E01013431,York 006D,Public order,Unable to prosecute suspect,
e21cd62f34efe892916fe2dfd8d0d0a3c96fba79ccd72226b2f66a940ad29847,2025-12,North Yorkshire Police,North Yorkshire Police,-1.082812,53.979640,On or near Sports/Recreation Area,E01013431,York 006D,Robbery,Under investigation,
c22b0829e6e225233b0dc99a543303c04e02e70f319b04faeb1bc54b95d23f70,2025-12,North Yorkshire Police,North Yorkshire Police,-1.095509,53.983763,On or near Supermarket,E01013431,York 006D,Shoplifting,Awaiting court outcome,
632e940cd8971e5f7ffcc1d7700a825f93e62c306c7da55fd7acc5c093c229ac,2025-12,North Yorkshire Police,North Yorkshire Police,-1.098309,53.993459,On or near ,E01013431,York 006D,Shoplifting,Awaiting court outcome,
11d8bc38e8a1cccf338f58aa1fce2ecad331cc2e84b377bfdbbf77bcff14639c,2025-12,North Yorkshire Police,North Yorkshire Police,-1.098309,53.993459,On or near ,E01013431,York 006D,Shoplifting,Investigation complete; no suspect identified,
9b5eca896c6a933509f5f81cd6b2b9e655581b4d8aef8034e13c0421bb89017b,2025-12,North Yorkshire Police,North Yorkshire Police,-1.095509,53.983763,On or near Supermarket,E01013431,York 006D,Shoplifting,Awaiting court outcome,
4f3d746c33eae8a4fbc746f17f6ce692e80306c29cb3397c3876552caecc7918,2025-12,North Yorkshire Police,North Yorkshire Police,-1.103283,53.983000,On or near Lanshaw Croft,E01013431,York 006D,Violence and sexual offences,Under investigation,
b173d39abc9ffdf65b92b6d875693fc837a949d5bace5a22956b15377f19249a,2025-12,North Yorkshire Police,North Yorkshire Police,-1.101258,53.989914,On or near Concorde Park,E01013431,York 006D,Violence and sexual offences,Under investigation,
5c435ad9299ad5039029822f58e8bdf2764db2db236eb1680b29370766f86969,2025-12,North Yorkshire Police,North Yorkshire Police,-1.082812,53.979640,On or near Sports/Recreation Area,E01013431,York 006D,Violence and sexual offences,Investigation complete; no suspect identified,
a603ac6b968ac38355bba3fc9c510e65a25f31b7f41f0897266562dc58505a34,2025-12,North Yorkshire Police,North Yorkshire Police,-1.095509,53.983763,On or near Supermarket,E01013431,York 006D,Violence and sexual offences,Under investigation,
6b3954d696622cb401111a475c756842a88ea4ba2aee07b94e7fe29987c85994,2025-12,North Yorkshire Police,North Yorkshire Police,-1.095509,53.983763,On or near Supermarket,E01013431,York 006D,Violence and sexual offences,Under investigation,
,2025-12,North Yorkshire Police,North Yorkshire Police,-1.101163,53.976629,On or near Linden Grove,E01013435,York 006E,Anti-social behaviour,,
,2025-12,North Yorkshire Police,North Yorkshire Police,-1.101163,53.976629,On or near Linden Grove,E01013435,York 006E,Anti-social behaviour,,
db0590437ada53e1d91197f40edf1acdb2b2f25cb70b8912d51a34551fa40a35,2025-12,North Yorkshire Police,North Yorkshire Police,-1.103167,53.976294,On or near Rawcliffe Avenue,E01013435,York 006E,Vehicle crime,Unable to prosecute suspect,
d2a333a9e1ee77081d87ed4ee7920e63c928c9287c5db60cecb06e96fcb6cf9c,2025-12,North Yorkshire Police,North Yorkshire Police,-1.104123,53.979366,On or near Milton Carr,E01013435,York 006E,Vehicle crime,Unable to prosecute suspect,
9c64ae0c2b677af964082543bda85b85606131d13c034e74f274835071623a6e,2025-12,North Yorkshire Police,North Yorkshire Police,-1.103056,53.982180,On or near Barmby Close,E01013435,York 006E,Violence and sexual offences,Unable to prosecute suspect,
d1e23fd4f202afeb71416f2c8391ccd7e1797dd83350ecabd758669fbf06ae92,2025-12,North Yorkshire Police,North Yorkshire Police,-1.101163,53.976629,On or near Linden Grove,E01013435,York 006E,Violence and sexual offences,Unable to prosecute suspect,
e2f93c91bc07d4765eea8d317383f97080957832a73285100b0083b50351aefb,2025-12,North Yorkshire Police,North Yorkshire Police,-1.088636,53.968671,On or near Grosvenor Road,E01013344,York 007A,Bicycle theft,Investigation complete; no suspect identified,
a6b338543de133a6d0dd2ae6094bdf48e0a1ae841f2a30ec59a28b8ae83a9eed,2025-12,North Yorkshire Police,North Yorkshire Police,-1.093386,53.962613,On or near Sycamore Terrace,E01013344,York 007A,Violence and sexual offences,Investigation complete; no suspect identified,
,2025-12,North Yorkshire Police,North Yorkshire Police,-1.095757,53.971403,On or near Church Gardens,E01013346,York 007B,Anti-social behaviour,,
38a8a52809b569cf268a331c80b04c3664e5f654e5a930d3f18b4413bd559b31,2025-12,North Yorkshire Police,North Yorkshire Police,-1.095757,53.971403,On or near Church Gardens,E01013346,York 007B,Other theft,Unable to prosecute suspect,
a81f71163dd542e17b57b52123e268ed851f98b07208808ce4f3a1c61df7392b,2025-12,North Yorkshire Police,North Yorkshire Police,-1.095256,53.969871,On or near Abbey Street,E01013346,York 007B,Shoplifting,Investigation complete; no suspect identified,
18e1c3b6695c58fc67d4e0fcbd20cf66084b2792e0deaf06b544383924a9f71c,2025-12,North Yorkshire Police,North Yorkshire Police,-1.096027,53.967342,On or near The Avenue,E01013346,York 007B,Vehicle crime,Investigation complete; no suspect identified,
77b9924fcb9c4326da98ee9bc18467992f33e98b4f42b429298260b5ccbb83c7,2025-12,North Yorkshire Police,North Yorkshire Police,-1.095757,53.971403,On or near Church Gardens,E01013346,York 007B,Violence and sexual offences,Under investigation,
bb0eb136d5dfe232acda65d8678536d7058bb5920a10128a7aec7a57059a4f88,2025-12,North Yorkshire Police,North Yorkshire Police,-1.097512,53.972728,On or near Brompton Road,E01013346,York 007B,Violence and sexual offences,Unable to prosecute suspect,
dd15be35dac8dc84f6f889d56a6d54f244c5d2eb581d3d97873ff7bb82c7db1b,2025-12,North Yorkshire Police,North Yorkshire Police,-1.102495,53.971381,On or near Parking Area,E01013346,York 007B,Violence and sexual offences,Unable to prosecute suspect,
2f7b4d43d3f055f45d2aa5564c6f3f65487a77046ac359c682788175a714f080,2025-12,North Yorkshire Police,North Yorkshire Police,-1.097512,53.972728,On or near Brompton Road,E01013346,York 007B,Violence and sexual offences,Unable to prosecute suspect,
43c6394a9c84c70fdb39fe29a0f2237faefa95979849809e5938e4cdea8b4897,2025-12,North Yorkshire Police,North Yorkshire Police,-1.117096,53.983839,On or near Ings View,E01013432,York 007C,Violence and sexual offences,Unable to prosecute suspect,
,2025-12,North Yorkshire Police,North Yorkshire Police,-1.104402,53.986271,On or near Doe Park,E01013433,York 007D,Anti-social behaviour,,
52285f5d853512916042f3d6291105e24073e6d2b34fe9bd5d7625473ec40d91,2025-12,North Yorkshire Police,North Yorkshire Police,-1.102893,53.984813,On or near Loxley Close,E01013433,York 007D,Burglary,Unable to prosecute suspect,
a7eff57d96115e5637e23112b03cbbb87bd640ff954b905b99400a10a0c6e3b7,2025-12,North Yorkshire Police,North Yorkshire Police,-1.107386,53.985107,On or near Dale Dyke Grove,E01013433,York 007D,Criminal damage and arson,Unable to prosecute suspect,
0a022995a13295f7a63e0557da8d43a52a1840c351517d35ffe1cfa8222f6dfa,2025-12,North Yorkshire Police,North Yorkshire Police,-1.113379,53.982212,On or near Buttermere Drive,E01013433,York 007D,Violence and sexual offences,Unable to prosecute suspect,
5798e230b704f32eb09dae54896a1db36c95954616c6d637108e6891c1dcd268,2025-12,North Yorkshire Police,North Yorkshire Police,-1.111766,53.979935,On or near Alwyne Grove,E01013433,York 007D,Violence and sexual offences,Unable to prosecute suspect,
a513fe4e362abc777faf43a69f899112192c122b6770f48246963a6f0ed6b968,2025-12,North Yorkshire Police,North Yorkshire Police,-1.107386,53.985107,On or near Dale Dyke Grove,E01013433,York 007D,Violence and sexual offences,Unable to prosecute suspect,
,2025-12,North Yorkshire Police,North Yorkshire Police,-1.115382,53.976915,On or near Eades Close,E01013434,York 007E,Anti-social behaviour,,
779d29065eb3a1df52487e1bf9366aa1a80e471e40b20c236ac35e84fe9b442d,2025-12,North Yorkshire Police,North Yorkshire Police,-1.115382,53.976915,On or near Eades Close,E01013434,York 007E,Public order,Unable to prosecute suspect,
0a05758ece440e86927da63bfc1a05464734c5a709e28bb0ebb6ed4fecb4e0bf,2025-12,North Yorkshire Police,North Yorkshire Police,-1.106698,53.978738,On or near Byron Drive,E01013434,York 007E,Violence and sexual offences,Unable to prosecute suspect,
c3117216353c25561093831cf85662416cb0718ba5c7486861eee2d236fad8f3,2025-12,North Yorkshire Police,North Yorkshire Police,-1.115382,53.976915,On or near Eades Close,E01013434,York 007E,Violence and sexual offences,Unable to prosecute suspect,
,2025-12,North Yorkshire Police,North Yorkshire Police,-1.055851,53.966377,On or near Mulwith Close,E01013379,York 008A,Anti-social behaviour,,
,2025-12,North Yorkshire Police,North Yorkshire Police,-1.055430,53.965430,On or near Walney Road,E01013379,York 008A,Anti-social behaviour,,
93e9bc365c7f5bbbabfe2e08380aef07f9a6e068444801ba7165783cd16bf24a,2025-12,North Yorkshire Police,North Yorkshire Police,-1.055087,53.966900,On or near ,E01013379,York 008A,Other theft,Investigation complete; no suspect identified,
8141d2530c7595951278d7276e6d037fb72d355ac5ba70e7f7d80dc719814de0,2025-12,North Yorkshire Police,North Yorkshire Police,-1.056693,53.970379,On or near ,E01013379,York 008A,Violence and sexual offences,Unable to prosecute suspect,
a91c53adae4dc58429264d4445c9a2f19725cd9886e5a980013799195101fcd3,2025-12,North Yorkshire Police,North Yorkshire Police,-1.064297,53.966353,On or near Eastern Terrace,E01013380,York 008B,Burglary,Unable to prosecute suspect,
f14212efec776f4c6c482bd0af211d178b5c10a1138251daeffe1647509a1ad7,2025-12,North Yorkshire Police,North Yorkshire Police,-1.061551,53.967105,On or near Heworth Road,E01013380,York 008B,Criminal damage and arson,Unable to prosecute suspect,
015f20620d7ccd1a27fc2823990218925fb007e6d2257595a707e161f3443ac0,2025-12,North Yorkshire Police,North Yorkshire Police,-1.066317,53.965309,On or near Parking Area,E01013380,York 008B,Criminal damage and arson,Local resolution,
2a309c1fb5557206d4f45f123a909193aa29432dd806b5413b0e2ae259907b0b,2025-12,North Yorkshire Police,North Yorkshire Police,-1.063993,53.965632,On or near Supermarket,E01013380,York 008B,Shoplifting,Awaiting court outcome,
11880f0917f73a5424bb72dd042e085d45729289b75d396cf27f85945042f236,2025-12,North Yorkshire Police,North Yorkshire Police,-1.059330,53.966289,On or near ,E01013380,York 008B,Violence and sexual offences,Unable to prosecute suspect,
83fd0e460040778a3ba8c23781a0c8751f5cef0214f07c4515c4752e1699d127,2025-12,North Yorkshire Police,North Yorkshire Police,-1.065547,53.975207,On or near The Crossway,E01013385,York 008C,Criminal damage and arson,Investigation complete; no suspect identified,
70d4aae758aa2816553013d9b83c06594b8c0f6ea35e47227551760577e6a12b,2025-12,North Yorkshire Police,North Yorkshire Police,-1.062263,53.976827,On or near Foston Grove,E01013385,York 008C,Criminal damage and arson,Investigation complete; no suspect identified,
a4a1fb1b48479166f8c50291aa1d52a8c1df4b8178b0d43a4f9b484e463a430c,2025-12,North Yorkshire Police,North Yorkshire Police,-1.051840,53.971516,On or near ,E01013387,York 008D,Violence and sexual offences,Under investigation,
d86233d93a3690c37c1273f51048bc725fe2ba21f22c7ede0192d0d0dbed3402,2025-12,North Yorkshire Police,North Yorkshire Police,-1.050364,53.970379,On or near Whitby Drive,E01013387,York 008D,Violence and sexual offences,Unable to prosecute suspect,
a4a1fb1b48479166f8c50291aa1d52a8c1df4b8178b0d43a4f9b484e463a430c,2025-12,North Yorkshire Police,North Yorkshire Police,-1.051840,53.971516,On or near ,E01013387,York 008D,Violence and sexual offences,Unable to prosecute suspect,
4b26981077e6caac4d71f09dd9234fae039b1ae77934ceb1da17e863fad725a9,2025-12,North Yorkshire Police,North Yorkshire Police,-1.035263,53.978680,On or near Stockton Lane,E01013388,York 008E,Violence and sexual offences,Unable to prosecute suspect,
1ccbea954180d1ee449cae12b3e33f1531a1193b404efde28984b917173213ec,2025-12,North Yorkshire Police,North Yorkshire Police,-1.046288,53.969286,On or near Applecroft Road,E01013389,York 008F,Other theft,Unable to prosecute suspect,
2ba27a2ed4cbdc8499516eb09d85fa1e84b14762c7548f5f77687a35fb46c41b,2025-12,North Yorkshire Police,North Yorkshire Police,-1.044180,53.966797,On or near Stray Road,E01013389,York 008F,Violence and sexual offences,Investigation complete; no suspect identified,
e0fd401bf770d54b751fe27d5f8a02efb89f058f2d673a65d6a3ce505f86c00e,2025-12,North Yorkshire Police,North Yorkshire Police,-1.012845,53.989769,On or near Stockton Lane,E01013437,York 008G,Public order,Investigation complete; no suspect identified,
8bafdd69d4909e306eb964fea2dd951879f6cdae12f9f1d5df0f9b8cb22b80b0,2025-12,North Yorkshire Police,North Yorkshire Police,-1.002517,53.994969,On or near The Village,E01013437,York 008G,Violence and sexual offences,Unable to prosecute suspect,
af9b9bd6a762a61ec0ff3e01a073348665f818afeac6ce942240732306318854,2025-12,North Yorkshire Police,North Yorkshire Police,-1.003416,53.995140,On or near Hospital,E01013437,York 008G,Violence and sexual offences,Unable to prosecute suspect,
,2025-12,North Yorkshire Police,North Yorkshire Police,-1.083514,53.969333,On or near Hospital,E01013343,York 009A,Anti-social behaviour,,
9a9688e898aaedd99c632fbaada88384770cfd443f529fde64e8b40870a2c6a3,2025-12,North Yorkshire Police,North Yorkshire Police,-1.081498,53.972301,On or near Newby Terrace,E01013343,York 009A,Burglary,Investigation complete; no suspect identified,
a3b3b981b149da8ad483f3af361ef0c6e1bbee43057296cb264cc28b13120266,2025-12,North Yorkshire Police,North Yorkshire Police,-1.084285,53.968952,On or near Hospital,E01013343,York 009A,Burglary,Under investigation,
fa612214629595b0d46334245525a4391cbf4168e4291a9f353ad38400697799,2025-12,North Yorkshire Police,North Yorkshire Police,-1.084285,53.968952,On or near Hospital,E01013343,York 009A,Criminal damage and arson,Investigation complete; no suspect identified,
8d83c59edfcd0bb6560ec1baefdd0f8038f5831a38ec2e1381076f1110c2cac1,2025-12,North Yorkshire Police,North Yorkshire Police,-1.080514,53.970595,On or near Briggs Street,E01013343,York 009A,Vehicle crime,Investigation complete; no suspect identified,
d11417faf3ae2f1d07815ff23502aae2875cb958a95713f429357d9614750be9,2025-12,North Yorkshire Police,North Yorkshire Police,-1.082384,53.969432,On or near Parking Area,E01013343,York 009A,Violence and sexual offences,Unable to prosecute suspect,
db9829561876963e944d46615ec6a61f8fcfc1a067fb6fa493090dafb80897f1,2025-12,North Yorkshire Police,North Yorkshire Police,-1.084285,53.968952,On or near Hospital,E01013343,York 009A,Violence and sexual offences,Awaiting court outcome,
6673b3ecc37ed3c4a55b6626d0f93160d7802e4cd6c67edfbe867d1a5890f5e1,2025-12,North Yorkshire Police,North Yorkshire Police,-1.083514,53.969333,On or near Hospital,E01013343,York 009A,Violence and sexual offences,Unable to prosecute suspect,
1ba3b23409b37f30464dda6483dfa06d7b1cddaf84fdf56bbeb2ae6132bb47d2,2025-12,North Yorkshire Police,North Yorkshire Police,-1.084285,53.968952,On or near Hospital,E01013343,York 009A,Violence and sexual offences,Unable to prosecute suspect,
6fa378a332ddf6f3eda7a600d389709c39d49163294e5c4d53365b7f0dd74d0e,2025-12,North Yorkshire Police,North Yorkshire Police,-1.084285,53.968952,On or near Hospital,E01013343,York 009A,Violence and sexual offences,Under investigation,
0ad984626fcd507c0d0f3459c3a4fd7eca723ac5e972ab6ddeecfe3272f1598e,2025-12,North Yorkshire Police,North Yorkshire Police,-1.079189,53.970504,On or near Scaife Gardens,E01013343,York 009A,Violence and sexual offences,Unable to prosecute suspect,
681069f19bee6f48df25208a88fbd0e184d94f5c5243a30ffa5b3e096f663369,2025-12,North Yorkshire Police,North Yorkshire Police,-1.084285,53.968952,On or near Hospital,E01013343,York 009A,Violence and sexual offences,Awaiting court outcome,
d4ee9e37d8d8c650088a29daf981c6680dd7d653a11de51b599546940c306b7f,2025-12,North Yorkshire Police,North Yorkshire Police,-1.084285,53.968952,On or near Hospital,E01013343,York 009A,Violence and sexual offences,Unable to prosecute suspect,
147502156d27149f83397f2459111da33ac70b2349472be318a2d612e4b99740,2025-12,North Yorkshire Police,North Yorkshire Police,-1.083514,53.969333,On or near Hospital,E01013343,York 009A,Violence and sexual offences,Unable to prosecute suspect,
18da181695ea31dec8d40cedb476429f9dfbad89929cac153a0991374fe89c69,2025-12,North Yorkshire Police,North Yorkshire Police,-1.080257,53.969802,On or near Hansom Place,E01013343,York 009A,Violence and sexual offences,Investigation complete; no suspect identified,
151f0049c4255d84a60ae4321af5f32997d37bd5af52a442f62fe76dff2a1fc4,2025-12,North Yorkshire Police,North Yorkshire Police,-1.079189,53.970504,On or near Scaife Gardens,E01013343,York 009A,Violence and sexual offences,Investigation complete; no suspect identified,
66c0b8dc6317f9454b9c156cfe634a17751b8e76f9286f97b7fe0281acbb8fe0,2025-12,North Yorkshire Police,North Yorkshire Police,-1.082384,53.969432,On or near Parking Area,E01013343,York 009A,Violence and sexual offences,Under investigation,
3d6e914fcbe50b7669818a8a6d907dadde3b5df95d3693a016c8802a19af012f,2025-12,North Yorkshire Police,North Yorkshire Police,-1.086470,53.974308,On or near Crichton Avenue,E01013345,York 009B,Criminal damage and arson,Investigation complete; no suspect identified,
2473d304415c6c4d93db5278905203a792247b5e6e8282b50b04acc7fc361974,2025-12,North Yorkshire Police,North Yorkshire Police,-1.088000,53.972648,On or near Garth Terrace,E01013345,York 009B,Criminal damage and arson,Investigation complete; no suspect identified,
a2c94160672ae42b4a2613f60b937896822ef1da30253353da1887a2b7ecb73b,2025-12,North Yorkshire Police,North Yorkshire Police,-1.087084,53.974097,On or near Bede Avenue,E01013345,York 009B,Criminal damage and arson,Investigation complete; no suspect identified,
02a86d29cf2cae5c5a11a324f5803284d10db1b1efc5bee565f07e300ca00c98,2025-12,North Yorkshire Police,North Yorkshire Police,-1.091254,53.970245,On or near Lumley Road,E01013345,York 009B,Criminal damage and arson,Investigation complete; no suspect identified,
a3e462576770083de8f518294f57335d1008ce7258e3a3bd17f924f308eea705,2025-12,North Yorkshire Police,North Yorkshire Police,-1.086603,53.969599,On or near Newborough Street,E01013345,York 009B,Other theft,Under investigation,
0a7c17b7730be8de2e2d2019696c79a63178b33dc898e46129ba416390c493cf,2025-12,North Yorkshire Police,North Yorkshire Police,-1.086976,53.972766,On or near Burton Stone Lane,E01013345,York 009B,Shoplifting,Local resolution,
f059cfbd127e657c1ccfc29da76f435c5d38b616a6c3683a3c10f2ad1efd76ff,2025-12,North Yorkshire Police,North Yorkshire Police,-1.086976,53.972766,On or near Burton Stone Lane,E01013345,York 009B,Shoplifting,Investigation complete; no suspect identified,
f3bad6824c675c057c83bd2508cc965f6621cf13a81d485e749622c7c8c4bd7a,2025-12,North Yorkshire Police,North Yorkshire Police,-1.092530,53.969060,On or near De Grey Court,E01013345,York 009B,Violence and sexual offences,Under investigation,
81c3f436ceebbbafac1475e7527e71d674b92856392e4a44d04488ee62a90878,2025-12,North Yorkshire Police,North Yorkshire Police,-1.086976,53.972766,On or near Burton Stone Lane,E01013345,York 009B,Violence and sexual offences,Unable to prosecute suspect,
4d59826def6df0195feed01b4dfcfcaa36146b2a8b9799070840d90446ef513f,2025-12,North Yorkshire Police,North Yorkshire Police,-1.088710,53.973624,On or near Wilberforce Avenue,E01013345,York 009B,Violence and sexual offences,Under investigation,
f3bad6824c675c057c83bd2508cc965f6621cf13a81d485e749622c7c8c4bd7a,2025-12,North Yorkshire Police,North Yorkshire Police,-1.092530,53.969060,On or near De Grey Court,E01013345,York 009B,Violence and sexual offences,Unable to prosecute suspect,
ca0dfb8cfd8dded05c273f5b47e3572ac53e551660e6855772df04a7c0143eb6,2025-12,North Yorkshire Police,North Yorkshire Police,-1.091254,53.970245,On or near Lumley Road,E01013345,York 009B,Violence and sexual offences,Investigation complete; no suspect identified,
,2025-12,North Yorkshire Police,North Yorkshire Police,-1.089752,53.974117,On or near Evelyn Crescent,E01013347,York 009C,Anti-social behaviour,,
,2025-12,North Yorkshire Police,North Yorkshire Police,-1.086671,53.976961,On or near Ingram Avenue,E01013347,York 009C,Anti-social behaviour,,
64f44b6661309b93daca15bd714610a4a81f3391b4105a76e8616f308982b3ee,2025-12,North Yorkshire Police,North Yorkshire Police,-1.089752,53.974117,On or near Evelyn Crescent,E01013347,York 009C,Criminal damage and arson,Investigation complete; no suspect identified,
941d1115f1f4bd9bd1d04289e200d25db412d82ee9829734de0b6d6f1f0795d9,2025-12,North Yorkshire Police,North Yorkshire Police,-1.089752,53.974117,On or near Evelyn Crescent,E01013347,York 009C,Criminal damage and arson,Investigation complete; no suspect identified,
16a262b39d9ecf833ef8765440b26875194c2e91271c1cb8fe0c9d1e2d25789e,2025-12,North Yorkshire Police,North Yorkshire Police,-1.091464,53.973887,On or near Crombie Avenue,E01013347,York 009C,Criminal damage and arson,Awaiting court outcome,
7d4270a8580385a6b474e5d81eb28b98790ff15340f3730b22e4b89f5e3de92f,2025-12,North Yorkshire Police,North Yorkshire Police,-1.089752,53.974117,On or near Evelyn Crescent,E01013347,York 009C,Criminal damage and arson,Investigation complete; no suspect identified,
ba6397a2f2d6bc1df35be9fda4f2d138f1b90f8f19c8e7d0b5b7a502df01eb04,2025-12,North Yorkshire Police,North Yorkshire Police,-1.089752,53.974117,On or near Evelyn Crescent,E01013347,York 009C,Violence and sexual offences,Unable to prosecute suspect,
1c09e07363d5d093c0751ccc66c82d5a95269c765ecfb3acf40500098988ef72,2025-12,North Yorkshire Police,North Yorkshire Police,-1.089752,53.974117,On or near Evelyn Crescent,E01013347,York 009C,Violence and sexual offences,Under investigation,
aee35f2767ae1b10bc592b9f045e63880825ac572a29bd7ccb028a40e9f5cafc,2025-12,North Yorkshire Police,North Yorkshire Police,-1.086671,53.976961,On or near Ingram Avenue,E01013347,York 009C,Violence and sexual offences,Unable to prosecute suspect,
19fe1bd40c286e7dbb6ff080186b7f9ffcb749c5b99700ad122cca52062b72e7,2025-12,North Yorkshire Police,North Yorkshire Police,-1.091464,53.973887,On or near Crombie Avenue,E01013347,York 009C,Violence and sexual offences,Investigation complete; no suspect identified,
,2025-12,North Yorkshire Police,North Yorkshire Police,-1.093127,53.973855,On or near Kingsway North,E01013349,York 009D,Anti-social behaviour,,
491d103cee099e71142c02a2adc2f7791e989925ad4a452e2d48b0c6e4ff0c8c,2025-12,North Yorkshire Police,North Yorkshire Police,-1.094573,53.974675,On or near Peter Hill Drive,E01013349,York 009D,Criminal damage and arson,Unable to prosecute suspect,
ec1a12dc2828deabd7c5799360a11fcad625cbe3a12ae6a1e4437aaef2e844b6,2025-12,North Yorkshire Police,North Yorkshire Police,-1.092294,53.977102,On or near Archer Close,E01013349,York 009D,Criminal damage and arson,Unable to prosecute suspect,
7a3469ec84f105f87fef645321c233e3af9f4009ca89e62afcdccfffc3bf2835,2025-12,North Yorkshire Police,North Yorkshire Police,-1.096017,53.974164,On or near St Philip'S Grove,E01013349,York 009D,Criminal damage and arson,Unable to prosecute suspect,
d9a5341530ed2c75b493ca18e0f14d3975084651a3980902baea070a53582894,2025-12,North Yorkshire Police,North Yorkshire Police,-1.094573,53.974675,On or near Peter Hill Drive,E01013349,York 009D,Criminal damage and arson,Under investigation,
76b60573c11afcd4a98644625b13b72811154710a7ffb785c29d2c5b1892df00,2025-12,North Yorkshire Police,North Yorkshire Police,-1.093127,53.973855,On or near Kingsway North,E01013349,York 009D,Criminal damage and arson,Unable to prosecute suspect,
9bcd5585d2d64f0d059bb1864264aa1b1e52b2e4ca9b96b66eaad45db3b5ce34,2025-12,North Yorkshire Police,North Yorkshire Police,-1.096017,53.974164,On or near St Philip'S Grove,E01013349,York 009D,Possession of weapons,Under investigation,
bdc24e0de6b094571b17194f67b34a66bce5e8eaf4b9e5555613a37a4ea48820,2025-12,North Yorkshire Police,North Yorkshire Police,-1.093127,53.973855,On or near Kingsway North,E01013349,York 009D,Robbery,Under investigation,
df3deda56ab2fe4cba0ace8ab89e487dcbab740c4f8280f48c58ff9b3f713df3,2025-12,North Yorkshire Police,North Yorkshire Police,-1.094573,53.974675,On or near Peter Hill Drive,E01013349,York 009D,Vehicle crime,Investigation complete; no suspect identified,
63f9328eb85cdaa03f6bc331ee1db3ce800bcaa0f2a172b596f3ba048c8b3297,2025-12,North Yorkshire Police,North Yorkshire Police,-1.096017,53.974164,On or near St Philip'S Grove,E01013349,York 009D,Violence and sexual offences,Under investigation,
ced1c670ccda8eabb3352af8802f4368524374dbb92dfd3838e5772c9f43c2ae,2025-12,North Yorkshire Police,North Yorkshire Police,-1.092294,53.977102,On or near Archer Close,E01013349,York 009D,Violence and sexual offences,Under investigation,
3f19a0cedeeb7058274d676e659f16bf6d92bd836c723fc64988a3bb215cf1ce,2025-12,North Yorkshire Police,North Yorkshire Police,-1.094316,53.975967,On or near Burdyke Avenue,E01013349,York 009D,Violence and sexual offences,Under investigation,
13114c13e2553a868f394daf0816fc8edd9adf6d466ce4fb9eb4b40e6e2e2d39,2025-12,North Yorkshire Police,North Yorkshire Police,-1.094573,53.974675,On or near Peter Hill Drive,E01013349,York 009D,Violence and sexual offences,Action to be taken by another organisation,
b490c2356d339968f2d7f3f064d3306173b1bcca550d1d6f779cbab60415dbcc,2025-12,North Yorkshire Police,North Yorkshire Police,-1.096017,53.974164,On or near St Philip'S Grove,E01013349,York 009D,Violence and sexual offences,Under investigation,
14eb09da979ab440c37c24dafbadd302d6143187e2a08fdefc1de49fd30d3c31,2025-12,North Yorkshire Police,North Yorkshire Police,-1.093127,53.973855,On or near Kingsway North,E01013349,York 009D,Violence and sexual offences,Under investigation,
8b37e1fa4dc518e29ed001edf33188e3a5fe5e8dfdde3ce1010cec1305ac18b3,2025-12,North Yorkshire Police,North Yorkshire Police,-1.096017,53.974164,On or near St Philip'S Grove,E01013349,York 009D,Violence and sexual offences,Under investigation,
14eb09da979ab440c37c24dafbadd302d6143187e2a08fdefc1de49fd30d3c31,2025-12,North Yorkshire Police,North Yorkshire Police,-1.093127,53.973855,On or near Kingsway North,E01013349,York 009D,Violence and sexual offences,Under investigation,
3f19a0cedeeb7058274d676e659f16bf6d92bd836c723fc64988a3bb215cf1ce,2025-12,North Yorkshire Police,North Yorkshire Police,-1.094316,53.975967,On or near Burdyke Avenue,E01013349,York 009D,Violence and sexual offences,Unable to prosecute suspect,
5cdb26fd40873f511f42f5744906c75c133ca9449c97479b707fefd22db04b89,2025-12,North Yorkshire Police,North Yorkshire Police,-1.094573,53.974675,On or near Peter Hill Drive,E01013349,York 009D,Violence and sexual offences,Under investigation,
a5e4f06ff2fe6f9599e49a003c281530d1c875840613efc702f044bc6cffef8e,2025-12,North Yorkshire Police,North Yorkshire Police,-1.092294,53.977102,On or near Archer Close,E01013349,York 009D,Other crime,Unable to prosecute suspect,
,2025-12,North Yorkshire Police,North Yorkshire Police,-1.088251,53.976532,On or near Waveney Grove,E01013350,York 009E,Anti-social behaviour,,
dd5986a9bb156db81bcf5abaf21758bfbd9e50b35542f71ca435f83d2870e1c4,2025-12,North Yorkshire Police,North Yorkshire Police,-1.085271,53.972636,On or near Field View,E01013350,York 009E,Criminal damage and arson,Investigation complete; no suspect identified,
a31e4221101736c458b3a3f60c1bfc9f739b540703ecf59d1d41840e01e680b9,2025-12,North Yorkshire Police,North Yorkshire Police,-1.083366,53.976082,On or near Rowntree Avenue,E01013350,York 009E,Drugs,Under investigation,
4486774b57add605fbfd7eefb4fb1d7a8da0522c0e05d6332f5eab9f2130a045,2025-12,North Yorkshire Police,North Yorkshire Police,-1.085271,53.972636,On or near Field View,E01013350,York 009E,Drugs,Investigation complete; no suspect identified,
313beba8c3a9cc9ab856a92dc5b81f2f8188803dc75fc69ddcaa83f9ea1739f7,2025-12,North Yorkshire Police,North Yorkshire Police,-1.085007,53.979806,On or near St Josephs Court,E01013350,York 009E,Public order,Investigation complete; no suspect identified,
b43512f9bbf675b4ad19c76951ed5bfcff11754d0e98c375cf4b3865248ddd63,2025-12,North Yorkshire Police,North Yorkshire Police,-1.088251,53.976532,On or near Waveney Grove,E01013350,York 009E,Shoplifting,Awaiting court outcome,
49f66ebbf203785ffa0bc116c5e3f47ac3789dc8b2cbc8c6aa23e5e374b52deb,2025-12,North Yorkshire Police,North Yorkshire Police,-1.088251,53.976532,On or near Waveney Grove,E01013350,York 009E,Shoplifting,Unable to prosecute suspect,
e2e3dd29b74fdafe347269eb9bbf02c693cba5d706d942972402cd797dc2cfe9,2025-12,North Yorkshire Police,North Yorkshire Police,-1.088251,53.976532,On or near Waveney Grove,E01013350,York 009E,Shoplifting,Awaiting court outcome,
18f6d55a8108ca15e94938cab16b778c4b5591e9ae9d75405677fbad72c17561,2025-12,North Yorkshire Police,North Yorkshire Police,-1.085007,53.979806,On or near St Josephs Court,E01013350,York 009E,Violence and sexual offences,Under investigation,
ccb42a158e3fd8e1f59c641f15faa4e0abb563a574e6072ba0ccef0a304f814f,2025-12,North Yorkshire Police,North Yorkshire Police,-1.088251,53.976532,On or near Waveney Grove,E01013350,York 009E,Violence and sexual offences,Under investigation,
ccfc14657735b4e5dcb9de453326fc0c1ac4b8336e57d7c0d4e6868fe3a13b98,2025-12,North Yorkshire Police,North Yorkshire Police,-1.083366,53.976082,On or near Rowntree Avenue,E01013350,York 009E,Violence and sexual offences,Under investigation,
ccfc14657735b4e5dcb9de453326fc0c1ac4b8336e57d7c0d4e6868fe3a13b98,2025-12,North Yorkshire Police,North Yorkshire Police,-1.083366,53.976082,On or near Rowntree Avenue,E01013350,York 009E,Violence and sexual offences,Unable to prosecute suspect,
,2025-12,North Yorkshire Police,North Yorkshire Police,-1.077168,53.971603,On or near White Cross Road,E01013348,York 010A,Anti-social behaviour,,
82d95f2410c2a1246c5c222d919e628ee55b66f75954f4f272fbed60c38a6b6e,2025-12,North Yorkshire Police,North Yorkshire Police,-1.077168,53.971603,On or near White Cross Road,E01013348,York 010A,Bicycle theft,Investigation complete; no suspect identified,
4776c3a1cb708047ceabf6e6e44800ce706bb60338f79ad428a6f81bd16e49f2,2025-12,North Yorkshire Police,North Yorkshire Police,-1.074582,53.972734,On or near Ashville Street,E01013348,York 010A,Criminal damage and arson,Investigation complete; no suspect identified,
367a76ce2e3f8cc81b369d7719e91c09769094fb8b8f30d2d715ae27399ca5d4,2025-12,North Yorkshire Police,North Yorkshire Police,-1.074788,53.972367,On or near Oakville Street,E01013348,York 010A,Violence and sexual offences,Investigation complete; no suspect identified,
c570b2d45bd002976e548184ab9c1e7a555a4803b9f44c0c88eb7b8b011e138a,2025-12,North Yorkshire Police,North Yorkshire Police,-1.079127,53.973344,On or near Hambleton Terrace,E01013348,York 010A,Violence and sexual offences,Under investigation,
b78ecba2ae1a17f3647dfb1af89fa89235f10239a3018d9926c48dcc32f079f7,2025-12,North Yorkshire Police,North Yorkshire Police,-1.073029,53.973989,On or near Somerset Road,E01013348,York 010A,Violence and sexual offences,Investigation complete; no suspect identified,
2ec373cca63493d275f50c2ae52d74d1f6ca4950032b1af44e6363c3b3418073,2025-12,North Yorkshire Police,North Yorkshire Police,-1.079127,53.973344,On or near Hambleton Terrace,E01013348,York 010A,Violence and sexual offences,Under investigation,
367a76ce2e3f8cc81b369d7719e91c09769094fb8b8f30d2d715ae27399ca5d4,2025-12,North Yorkshire Police,North Yorkshire Police,-1.074788,53.972367,On or near Oakville Street,E01013348,York 010A,Violence and sexual offences,Under investigation,
,2025-12,North Yorkshire Police,North Yorkshire Police,-1.079240,53.968213,On or near Markham Crescent,E01013368,York 010B,Anti-social behaviour,,
3b61f6d2238b067875269dc6cb59753e92a337c7ed0c88227125dddf6e575603,2025-12,North Yorkshire Police,North Yorkshire Police,-1.077579,53.968182,On or near Eldon Street,E01013368,York 010B,Drugs,Investigation complete; no suspect identified,
6edf5852d04ed54497210baf86deb00af1639a4e0c98365ad02f6b7fc2970ea2,2025-12,North Yorkshire Police,North Yorkshire Police,-1.079240,53.968213,On or near Markham Crescent,E01013368,York 010B,Possession of weapons,Under investigation,
90cd9bfa4afafacc23c7dfc126870822fb479bd140d3639d6690b79dfd61a001,2025-12,North Yorkshire Police,North Yorkshire Police,-1.079228,53.968743,On or near Markham Street,E01013368,York 010B,Public order,Awaiting court outcome,
2870d10f594ab7c5a984b881187a07a4fa6ed9354d2d4ca046caf082d85e042e,2025-12,North Yorkshire Police,North Yorkshire Police,-1.079228,53.968743,On or near Markham Street,E01013368,York 010B,Violence and sexual offences,Under investigation,
3026aa6610c41c3d2cf50abfd9852408a7d423151878639eada1f5a801feaa16,2025-12,North Yorkshire Police,North Yorkshire Police,-1.077051,53.969984,On or near Walpole Street,E01013368,York 010B,Violence and sexual offences,Investigation complete; no suspect identified,
60cac71c8ff3f07420b1ce8a6fe24d65b5aefb5a0bc76d2d2689220a557f6c7f,2025-12,North Yorkshire Police,North Yorkshire Police,-1.077051,53.969984,On or near Walpole Street,E01013368,York 010B,Violence and sexual offences,Under investigation,
f39213cc5118a67839bc96ccb0a211c88eb7d51b9d817a25df9eed52121eb81c,2025-12,North Yorkshire Police,North Yorkshire Police,-1.079240,53.968213,On or near Markham Crescent,E01013368,York 010B,Violence and sexual offences,Under investigation,
fe71fc24d17edef9fb233c150621dcf24488e0ed702f3a19c5cccf0242ce0489,2025-12,North Yorkshire Police,North Yorkshire Police,-1.076340,53.968388,On or near Neville Terrace,E01013368,York 010B,Violence and sexual offences,Unable to prosecute suspect,
287a8d9fdb585e78a4196021afd5f9a0b3f60955f0989e31bca7d580e707218f,2025-12,North Yorkshire Police,North Yorkshire Police,-1.076332,53.968721,On or near Theatre/Concert Hall,E01013368,York 010B,Violence and sexual offences,Unable to prosecute suspect,
3cfab62d0cd6a57718e1dd94a38630806bcdc611e73404a5b951d0c63c3bb5d7,2025-12,North Yorkshire Police,North Yorkshire Police,-1.071906,53.967599,On or near Gladstone Street,E01013368,York 010B,Violence and sexual offences,Unable to prosecute suspect,
,2025-12,North Yorkshire Police,North Yorkshire Police,-1.070454,53.970500,On or near Saxon Place,E01013382,York 010C,Anti-social behaviour,,
,2025-12,North Yorkshire Police,North Yorkshire Police,-1.072042,53.965587,On or near Dalguise Grove,E01013382,York 010C,Anti-social behaviour,,
2103e7d05dfeb2a9dacbb4ad4551ad6d1efcf7c7ff9b8e3d8dfde65f3fdb2ac0,2025-12,North Yorkshire Police,North Yorkshire Police,-1.069920,53.966424,On or near Villa Grove,E01013382,York 010C,Violence and sexual offences,Local resolution,
d2f290032265f1589748ae031b096338998ff696c3f3e6de080886015aec23f3,2025-12,North Yorkshire Police,North Yorkshire Police,-1.071925,53.970844,On or near Arran Place,E01013382,York 010C,Violence and sexual offences,Under investigation,
3277b82f0289d3479f3bc971098dff6b13f3722b6025e8c87bc5aed2f39865fd,2025-12,North Yorkshire Police,North Yorkshire Police,-1.070454,53.970500,On or near Saxon Place,E01013382,York 010C,Violence and sexual offences,Under investigation,
3799768d836179ae301dc8f7056a0816af22de85ef97a62155a7006dc240cc0c,2025-12,North Yorkshire Police,North Yorkshire Police,-1.072042,53.965587,On or near Dalguise Grove,E01013382,York 010C,Violence and sexual offences,Unable to prosecute suspect,
fa56ed53c2762d93804744bd32ddb5f5722e450defd302baf83abc9a723ed7fb,2025-12,North Yorkshire Police,North Yorkshire Police,-1.070454,53.970500,On or near Saxon Place,E01013382,York 010C,Violence and sexual offences,Under investigation,
407f5c7341b3bd2a9c95561d66e50bdd8f32f75e4f9b6ed47f095a48d1c74958,2025-12,North Yorkshire Police,North Yorkshire Police,-1.072042,53.965587,On or near Dalguise Grove,E01013382,York 010C,Violence and sexual offences,Unable to prosecute suspect,
3a3d98f80806272eadd3123facc80a44c99f255ec24a98683872cc2e0007f637,2025-12,North Yorkshire Police,North Yorkshire Police,-1.072042,53.965587,On or near Dalguise Grove,E01013382,York 010C,Violence and sexual offences,Unable to prosecute suspect,
0fab15c3a334a4870a67acac5d5a0b252220c704c7afabd0a67c875a9ad17a86,2025-12,North Yorkshire Police,North Yorkshire Police,-1.072042,53.965587,On or near Dalguise Grove,E01013382,York 010C,Violence and sexual offences,Unable to prosecute suspect,
,2025-12,North Yorkshire Police,North Yorkshire Police,-1.071388,53.962786,On or near Layerthorpe,E01013383,York 010D,Anti-social behaviour,,
,2025-12,North Yorkshire Police,North Yorkshire Police,-1.070836,53.960859,On or near Supermarket,E01013383,York 010D,Anti-social behaviour,,
,2025-12,North Yorkshire Police,North Yorkshire Police,-1.070588,53.959688,On or near Shopping Area,E01013383,York 010D,Anti-social behaviour,,
,2025-12,North Yorkshire Police,North Yorkshire Police,-1.059310,53.962387,On or near Fourth Avenue,E01013383,York 010D,Anti-social behaviour,,
,2025-12,North Yorkshire Police,North Yorkshire Police,-1.072131,53.961588,On or near Mansfield Street,E01013383,York 010D,Anti-social behaviour,,
,2025-12,North Yorkshire Police,North Yorkshire Police,-1.071388,53.962786,On or near Layerthorpe,E01013383,York 010D,Anti-social behaviour,,
,2025-12,North Yorkshire Police,North Yorkshire Police,-1.071388,53.962786,On or near Layerthorpe,E01013383,York 010D,Anti-social behaviour,,
,2025-12,North Yorkshire Police,North Yorkshire Police,-1.070836,53.960859,On or near Supermarket,E01013383,York 010D,Anti-social behaviour,,
,2025-12,North Yorkshire Police,North Yorkshire Police,-1.064414,53.961770,On or near Bowes Avenue,E01013383,York 010D,Anti-social behaviour,,
,2025-12,North Yorkshire Police,North Yorkshire Police,-1.070836,53.960859,On or near Supermarket,E01013383,York 010D,Anti-social behaviour,,
,2025-12,North Yorkshire Police,North Yorkshire Police,-1.071373,53.964125,On or near Parking Area,E01013383,York 010D,Anti-social behaviour,,
3fea36bad670e3eef7364154adab87aedef5347845660f6ef4a955668051415e,2025-12,North Yorkshire Police,North Yorkshire Police,-1.071373,53.964125,On or near Parking Area,E01013383,York 010D,Burglary,Investigation complete; no suspect identified,
d14db6990dd1f3e4677693cc4ce1a1eb1036af8b697774206afe632081b1e542,2025-12,North Yorkshire Police,North Yorkshire Police,-1.065713,53.963012,On or near Scrope Avenue,E01013383,York 010D,Burglary,Under investigation,
1bba1d64ec55a5a54c1a5a324e5cecfac8e2c1439f227eae17272e746f159d1d,2025-12,North Yorkshire Police,North Yorkshire Police,-1.071388,53.962786,On or near Layerthorpe,E01013383,York 010D,Criminal damage and arson,Investigation complete; no suspect identified,
81c122a2a2ad5d2f23c4262aa3e44f63931903140e8c5964f64ca69a66df5bf4,2025-12,North Yorkshire Police,North Yorkshire Police,-1.068316,53.962448,On or near Faber Street,E01013383,York 010D,Public order,Unable to prosecute suspect,
ce8225d543469ad169b3db49441dd695ecdd5d494811c9c11ead8c62a685d710,2025-12,North Yorkshire Police,North Yorkshire Police,-1.072425,53.962740,On or near Supermarket,E01013383,York 010D,Public order,Under investigation,
0e0fec0a6b17d82f4a05e224721b2bb7573a703924626ca3d6147b60b95f20b1,2025-12,North Yorkshire Police,North Yorkshire Police,-1.072425,53.962740,On or near Supermarket,E01013383,York 010D,Shoplifting,Unable to prosecute suspect,
45efd9d8146f8e94307811fc4b5a2b922144e8c14f6204fb28a3a0007e194126,2025-12,North Yorkshire Police,North Yorkshire Police,-1.071913,53.959725,On or near A1036,E01013383,York 010D,Shoplifting,Investigation complete; no suspect identified,
3a3362b35e6d7717c7a8ee2d0149e904a14c9b4272308caf2d2e300fbe6f2922,2025-12,North Yorkshire Police,North Yorkshire Police,-1.072425,53.962740,On or near Supermarket,E01013383,York 010D,Shoplifting,Investigation complete; no suspect identified,
af1e041984d33fd3586e23298e2bdbf62a5fe4802f0eee43502be25460a49c57,2025-12,North Yorkshire Police,North Yorkshire Police,-1.072425,53.962740,On or near Supermarket,E01013383,York 010D,Shoplifting,Unable to prosecute suspect,
f3415603dbcd9835990157137e9d2c507e4b2f4f1470163fda683cdd722222bc,2025-12,North Yorkshire Police,North Yorkshire Police,-1.072425,53.962740,On or near Supermarket,E01013383,York 010D,Shoplifting,Investigation complete; no suspect identified,
3530d350b37b603bd226c373c68e2e7cf5d44cf02156243221b53bd11aae95c5,2025-12,North Yorkshire Police,North Yorkshire Police,-1.065713,53.963012,On or near Scrope Avenue,E01013383,York 010D,Shoplifting,Investigation complete; no suspect identified,
27adb470ea6abce5821fc8bb03722f92bf43b82c9f006dbc9cc3c977d1298ca8,2025-12,North Yorkshire Police,North Yorkshire Police,-1.059887,53.963155,On or near Ninth Avenue,E01013383,York 010D,Vehicle crime,Under investigation,
8dcb755ba535ad0d14d2767a9d6d0f4d1f42999c749e1e8c30bf207dbd64decc,2025-12,North Yorkshire Police,North Yorkshire Police,-1.065713,53.963012,On or near Scrope Avenue,E01013383,York 010D,Violence and sexual offences,Unable to prosecute suspect,
b185cb14d43dd236deabd47e5f9f08e52d3e667bfd979bd233dc960d195e4e76,2025-12,North Yorkshire Police,North Yorkshire Police,-1.058632,53.963874,On or near ,E01013383,York 010D,Violence and sexual offences,Under investigation,
a703273905450c2f313df25cd4580a29e783a31469c84db3cb892d82f9181bac,2025-12,North Yorkshire Police,North Yorkshire Police,-1.063377,53.962508,On or near Sixth Avenue,E01013383,York 010D,Violence and sexual offences,Unable to prosecute suspect,
612000f8fd5790d6a5164788ac0e0f624c43fb41ec39550ef08bd929a33411ce,2025-12,North Yorkshire Police,North Yorkshire Police,-1.058632,53.963874,On or near ,E01013383,York 010D,Violence and sexual offences,Investigation complete; no suspect identified,
,2025-12,North Yorkshire Police,North Yorkshire Police,-1.070645,53.976326,On or near Kirkham Avenue,E01013386,York 010E,Anti-social behaviour,,
e5d42d38f7b3f0da4b17faeab0bcd25b92092cebc72b1f276d01460cc6674f92,2025-12,North Yorkshire Police,North Yorkshire Police,-1.069141,53.973348,On or near Fossway,E01013386,York 010E,Burglary,Under investigation,
d18c143df5a1cd2ce056cd0b678709211f115def018562f23095431cc9fc6ffe,2025-12,North Yorkshire Police,North Yorkshire Police,-1.068012,53.972665,On or near St Wulstan Close,E01013386,York 010E,Other theft,Investigation complete; no suspect identified,
c4ee7929c30099e5a500ba93d0106c9c37ce0acde26366fb2b9c0a8787dd944a,2025-12,North Yorkshire Police,North Yorkshire Police,-1.073219,53.976417,On or near Mallard Landings,E01013386,York 010E,Shoplifting,Awaiting court outcome,
94bd713bd952d197ec47ee0fd23c6d85cb0482d6c96d0d9e2bad215731503ebe,2025-12,North Yorkshire Police,North Yorkshire Police,-1.069141,53.973348,On or near Fossway,E01013386,York 010E,Vehicle crime,Investigation complete; no suspect identified,
0ed091dddce93dc56982d756ad3b84e9266507c702d9386a0e7453e9874e8d1a,2025-12,North Yorkshire Police,North Yorkshire Police,-1.070736,53.973612,On or near Sturdee Grove,E01013386,York 010E,Violence and sexual offences,Unable to prosecute suspect,
efec2459e718c1210e1aca2d18ef20c9ea31672f1f550bd414cef2f6d48dc55f,2025-12,North Yorkshire Police,North Yorkshire Police,-1.069160,53.977258,On or near Bellfarm Avenue,E01013386,York 010E,Violence and sexual offences,Under investigation,
02ff4bb0d756117565e3ff9942e7fa9bb90be83fd1c6922d4736cadcebe060fb,2025-12,North Yorkshire Police,North Yorkshire Police,-1.070736,53.973612,On or near Sturdee Grove,E01013386,York 010E,Violence and sexual offences,Unable to prosecute suspect,
0ed091dddce93dc56982d756ad3b84e9266507c702d9386a0e7453e9874e8d1a,2025-12,North Yorkshire Police,North Yorkshire Police,-1.070736,53.973612,On or near Sturdee Grove,E01013386,York 010E,Violence and sexual offences,Under investigation,
0f1e864290c321f8a2de045fc5e67ddb260d51cee864cf6d29ceaaba67763a5d,2025-12,North Yorkshire Police,North Yorkshire Police,-1.068689,53.975807,On or near Byland Avenue,E01013386,York 010E,Violence and sexual offences,Unable to prosecute suspect,
2b25d90264c270326e4632afd8e6a5bd8993265a6ee8c7155f022c24f6981185,2025-12,North Yorkshire Police,North Yorkshire Police,-1.068689,53.975807,On or near Byland Avenue,E01013386,York 010E,Violence and sexual offences,Unable to prosecute suspect,
,2025-12,North Yorkshire Police,North Yorkshire Police,-1.139684,53.945220,On or near Askham Lane,E01013421,York 011A,Anti-social behaviour,,
5013cb05e66f3f5614b05f44e23c57c4379ced66fef5fea39838b3194eccb627,2025-12,North Yorkshire Police,North Yorkshire Police,-1.196450,53.955643,On or near Victoria Farm Close,E01013421,York 011A,Violence and sexual offences,Unable to prosecute suspect,
26b5c3fdf4ed43ecc6e168ab1bec80bde53c063e758edac65d2505eff2961832,2025-12,North Yorkshire Police,North Yorkshire Police,-1.198385,53.958838,On or near Middlewood Close,E01013421,York 011A,Violence and sexual offences,Unable to prosecute suspect,
f133f4d922fc5cc63d79550f5b37a25e82ed37d3aa01379300e68fde0d7f3a1d,2025-12,North Yorkshire Police,North Yorkshire Police,-1.196450,53.955643,On or near Victoria Farm Close,E01013421,York 011A,Violence and sexual offences,Under investigation,
f133f4d922fc5cc63d79550f5b37a25e82ed37d3aa01379300e68fde0d7f3a1d,2025-12,North Yorkshire Police,North Yorkshire Police,-1.196450,53.955643,On or near Victoria Farm Close,E01013421,York 011A,Violence and sexual offences,Unable to prosecute suspect,
067a0612288b703e17d9d244198186d1494c31f0f0df9ccc16fa6045cc6bb11c,2025-12,North Yorkshire Police,North Yorkshire Police,-1.149363,53.975695,On or near Parking Area,E01013422,York 011B,Burglary,Investigation complete; no suspect identified,
17aab65cb387da417bcd9b20f7b8a69e61bd40a59e843e57dfb1b41c517d7204,2025-12,North Yorkshire Police,North Yorkshire Police,-1.149363,53.975695,On or near Parking Area,E01013422,York 011B,Burglary,Investigation complete; no suspect identified,
aadee6dd5f616ab1f0b1e1a80a20794b9a88465cfeebd30330896f579c3cddbc,2025-12,North Yorkshire Police,North Yorkshire Police,-1.149363,53.975695,On or near Parking Area,E01013422,York 011B,Other theft,Investigation complete; no suspect identified,
dc658bc59c8f7529550c32431fa71db2663b9b352ee01e0a1b17a49ca8086b4f,2025-12,North Yorkshire Police,North Yorkshire Police,-1.136320,53.970128,On or near Trenchard Road,E01013422,York 011B,Public order,Investigation complete; no suspect identified,
029148d704e30a1ab12905383326f62aca10b86ef83eb01e7924f2102a7dacda,2025-12,North Yorkshire Police,North Yorkshire Police,-1.142739,53.971999,On or near Petrol Station,E01013422,York 011B,Shoplifting,Investigation complete; no suspect identified,
6bd9e681b6f1b826214530b8f193e73fc2f6b1814257341e365d34bc3c126405,2025-12,North Yorkshire Police,North Yorkshire Police,-1.142739,53.971999,On or near Petrol Station,E01013422,York 011B,Shoplifting,Unable to prosecute suspect,
11474da4220ac88fb4a00e0b98a1eb2427052e3c70f903e921b34b177433598f,2025-12,North Yorkshire Police,North Yorkshire Police,-1.132580,53.971845,On or near Millfield Lane,E01013422,York 011B,Violence and sexual offences,Unable to prosecute suspect,
b02dac009c5579f3bc81698f8b0ebfc28c0a7cf943a526e38cc5d30e105429b4,2025-12,North Yorkshire Police,North Yorkshire Police,-1.128312,53.976877,On or near ,E01013422,York 011B,Violence and sexual offences,Unable to prosecute suspect,
,2025-12,North Yorkshire Police,North Yorkshire Police,-1.153628,53.987203,On or near Riversvale Drive,E01013426,York 011C,Anti-social behaviour,,
,2025-12,North Yorkshire Police,North Yorkshire Police,-1.182547,53.976914,On or near Parking Area,E01013426,York 011C,Anti-social behaviour,,
4c4c9c9e2f3c272f774306f72c321268f27e7323ca782a1038d1e5ef99881e9d,2025-12,North Yorkshire Police,North Yorkshire Police,-1.152609,53.968276,On or near Glaisdale Road,E01013426,York 011C,Burglary,Under investigation,
dc563ee87068f9464c22a1197e561616ef91152160c6f84f7534c64f87622e38,2025-12,North Yorkshire Police,North Yorkshire Police,-1.155467,53.979198,On or near Beech Grove,E01013426,York 011C,Violence and sexual offences,Under investigation,
,2025-12,North Yorkshire Police,North Yorkshire Police,-1.146795,53.982750,On or near Midway Avenue,E01013427,York 011D,Anti-social behaviour,,
,2025-12,North Yorkshire Police,North Yorkshire Police,-1.145787,53.984298,On or near Nursery Road,E01013427,York 011D,Anti-social behaviour,,
80a4c00f32cff8d9944a54ea9982362afb71caba844fbfa0d9b86ff98f888a20,2025-12,North Yorkshire Police,North Yorkshire Police,-1.146813,53.987838,On or near Fox Garth,E01013427,York 011D,Drugs,Under investigation,
6fe78252ad325b6ea16d588f19f448707bc37a9b3f4680f8709cc89d0d72dcb4,2025-12,North Yorkshire Police,North Yorkshire Police,-1.142562,53.984662,On or near Millfield Gardens,E01013427,York 011D,Violence and sexual offences,Unable to prosecute suspect,
,2025-12,North Yorkshire Police,North Yorkshire Police,-1.127877,53.959794,On or near Danebury Drive,E01013335,York 012A,Anti-social behaviour,,
,2025-12,North Yorkshire Police,North Yorkshire Police,-1.127877,53.959794,On or near Danebury Drive,E01013335,York 012A,Anti-social behaviour,,
,2025-12,North Yorkshire Police,North Yorkshire Police,-1.130429,53.960936,On or near Viking Road,E01013335,York 012A,Anti-social behaviour,,
f5d290e497c524e44772f8292baced2031748913a1e896e676602f3b48374ca7,2025-12,North Yorkshire Police,North Yorkshire Police,-1.127877,53.959794,On or near Danebury Drive,E01013335,York 012A,Violence and sexual offences,Unable to prosecute suspect,
87b598f901469d31c10a3f91b4eb6df4e9524c4a7ce8a4e6603dcce34a1f4fff,2025-12,North Yorkshire Police,North Yorkshire Police,-1.127877,53.959794,On or near Danebury Drive,E01013335,York 012A,Violence and sexual offences,Unable to prosecute suspect,
4aa26f2a5fc876327ee96b2c97b6c2e9e873c080beb346547a67ad79d0e5fa38,2025-12,North Yorkshire Police,North Yorkshire Police,-1.126557,53.961663,On or near Garden Court,E01013335,York 012A,Violence and sexual offences,Unable to prosecute suspect,
2dee594fe790dedb814184cf52cbfc9ddae668e916beef6c8b4f1acb078e2a9f,2025-12,North Yorkshire Police,North Yorkshire Police,-1.132760,53.963910,On or near Celtic Close,E01013335,York 012A,Violence and sexual offences,Investigation complete; no suspect identified,
,2025-12,North Yorkshire Police,North Yorkshire Police,-1.125477,53.957952,On or near Beech Grove,E01013336,York 012B,Anti-social behaviour,,
02fac754eba74c392b391dd421aba9bf7790497fdae194834b2e0c4c217e7ed6,2025-12,North Yorkshire Police,North Yorkshire Police,-1.131490,53.958292,On or near Millbrook Rise,E01013336,York 012B,Criminal damage and arson,Unable to prosecute suspect,
1d7fb1a78f9843ae1ba16d24ef0457109377aeb382ba454ba1ebc4aba898a6d5,2025-12,North Yorkshire Police,North Yorkshire Police,-1.131240,53.958551,On or near Danebury Crescent,E01013336,York 012B,Other theft,Under investigation,
ac0a8ec0f8f4565942f1dbf670a2fd5ffb9802356c7062b5901019031c8d2d0c,2025-12,North Yorkshire Police,North Yorkshire Police,-1.133943,53.957555,On or near Runswick Avenue,E01013336,York 012B,Violence and sexual offences,Unable to prosecute suspect,
f4bd3532d265b703516f1f039c2485aa593bbc2b2f4e1306f4805d0948713f97,2025-12,North Yorkshire Police,North Yorkshire Police,-1.134340,53.962708,On or near Supermarket,E01013337,York 012C,Public order,Unable to prosecute suspect,
679ae08a27dcb7e3775d3dfe4b6df6548dfceadb2dbb1773215f28dc863516f6,2025-12,North Yorkshire Police,North Yorkshire Police,-1.134340,53.962708,On or near Supermarket,E01013337,York 012C,Shoplifting,Awaiting court outcome,
c9329291face7e7d1142f84a5e812e411a16f4f980bbdcbab453f5d352c4b679,2025-12,North Yorkshire Police,North Yorkshire Police,-1.139415,53.956803,On or near Collingham Place,E01013337,York 012C,Violence and sexual offences,Under investigation,
5446e410d3b3fb2da723513749a094b9c09dd43c3c340e850c0683cb02e38f0a,2025-12,North Yorkshire Police,North Yorkshire Police,-1.135345,53.963488,On or near Sunningdale Close,E01013337,York 012C,Other crime,Further investigation is not in the public interest,
,2025-12,North Yorkshire Police,North Yorkshire Police,-1.120973,53.965577,On or near Marquis Court,E01013338,York 012D,Anti-social behaviour,,
,2025-12,North Yorkshire Police,North Yorkshire Police,-1.128742,53.969489,On or near Millgates,E01013338,York 012D,Anti-social behaviour,,
,2025-12,North Yorkshire Police,North Yorkshire Police,-1.124574,53.965405,On or near Petrol Station,E01013338,York 012D,Anti-social behaviour,,
,2025-12,North Yorkshire Police,North Yorkshire Police,-1.123477,53.966081,On or near Dukes Court,E01013338,York 012D,Anti-social behaviour,,
66091efa4ee1509ef6b2b065f8615a3a61e7fbccc4b1ffae00afac50f4429359,2025-12,North Yorkshire Police,North Yorkshire Police,-1.126080,53.966288,On or near Boroughbridge Road,E01013338,York 012D,Violence and sexual offences,Unable to prosecute suspect,
0cd363a135f6737a00a7d3724e6c7e1f5b87b710199a638d247e2468c9004e8f,2025-12,North Yorkshire Police,North Yorkshire Police,-1.126286,53.967341,On or near Paddock Way,E01013338,York 012D,Violence and sexual offences,Unable to prosecute suspect,
7e9aedf4689de7142feec954ebb42b9a8d57df794fce21e3884c8a2fbad89e23,2025-12,North Yorkshire Police,North Yorkshire Police,-1.126080,53.966288,On or near Boroughbridge Road,E01013338,York 012D,Violence and sexual offences,Unable to prosecute suspect,
7eaf9473bc5de0fa895bb4df8bf8318ec6fe4a75e91739ea627ce5e563e005dc,2025-12,North Yorkshire Police,North Yorkshire Police,-1.121620,53.965959,On or near Monarch Way,E01013338,York 012D,Violence and sexual offences,Under investigation,
bea6524b3f2a305583e721543799600095be4fbd9f442205b74bb61bd7e203b8,2025-12,North Yorkshire Police,North Yorkshire Police,-1.126080,53.966288,On or near Boroughbridge Road,E01013338,York 012D,Violence and sexual offences,Unable to prosecute suspect,
2c13f6c949db6b50a26aa6a2f55dff4f7d5626613dde79d2b4460cbe82b3b3de,2025-12,North Yorkshire Police,North Yorkshire Police,-1.126080,53.966288,On or near Boroughbridge Road,E01013338,York 012D,Other crime,Under investigation,
1e97e4a20471980e37a523f21652923bcfdd587638c4343993a03bf80eba02ff,2025-12,North Yorkshire Police,North Yorkshire Police,-1.133087,53.970914,On or near Low Poppleton Lane,E01013339,York 012E,Violence and sexual offences,Local resolution,
,2025-12,North Yorkshire Police,North Yorkshire Police,-1.120542,53.963587,On or near Priory Green,E01013392,York 012F,Anti-social behaviour,,
,2025-12,North Yorkshire Police,North Yorkshire Police,-1.107772,53.964149,On or near Chudleigh Road,E01013392,York 012F,Anti-social behaviour,,
4be9765b169c7cd3f0a36a2669b9e9e77e8c9f0317a0fa2c8cff47fedcba3171,2025-12,North Yorkshire Police,North Yorkshire Police,-1.120898,53.961181,On or near Malvern Avenue,E01013392,York 012F,Criminal damage and arson,Investigation complete; no suspect identified,
bd0027139d12bcdf6f782a5e497af92057edc9ce566c96711faad6785696001a,2025-12,North Yorkshire Police,North Yorkshire Police,-1.118261,53.964065,On or near Sandacre Court,E01013392,York 012F,Public order,Offender given a caution,
cf08463d65c3525d46fc4bcaff33640465d975600e51b248f9759625a2c61625,2025-12,North Yorkshire Police,North Yorkshire Police,-1.118261,53.964065,On or near Sandacre Court,E01013392,York 012F,Violence and sexual offences,Unable to prosecute suspect,
21f4e7b577f50344533397c5db89a7109be7d302ed6207836c804a3f60b888e1,2025-12,North Yorkshire Police,North Yorkshire Police,-1.120542,53.963587,On or near Priory Green,E01013392,York 012F,Other crime,Further investigation is not in the public interest,
,2025-12,North Yorkshire Police,North Yorkshire Police,-1.082827,53.961067,On or near Shopping Area,E01013366,York 013A,Anti-social behaviour,,
,2025-12,North Yorkshire Police,North Yorkshire Police,-1.084962,53.961677,On or near Theatre/Concert Hall,E01013366,York 013A,Anti-social behaviour,,
,2025-12,North Yorkshire Police,North Yorkshire Police,-1.079446,53.967163,On or near St Thomas' Place,E01013366,York 013A,Anti-social behaviour,,
,2025-12,North Yorkshire Police,North Yorkshire Police,-1.082827,53.961067,On or near Shopping Area,E01013366,York 013A,Anti-social behaviour,,
,2025-12,North Yorkshire Police,North Yorkshire Police,-1.085585,53.960387,On or near Lendal,E01013366,York 013A,Anti-social behaviour,,
,2025-12,North Yorkshire Police,North Yorkshire Police,-1.084601,53.960793,On or near Blake Street,E01013366,York 013A,Anti-social behaviour,,
,2025-12,North Yorkshire Police,North Yorkshire Police,-1.083726,53.965236,On or near Claremont Terrace,E01013366,York 013A,Anti-social behaviour,,
,2025-12,North Yorkshire Police,North Yorkshire Police,-1.081996,53.959662,On or near ,E01013366,York 013A,Anti-social behaviour,,
,2025-12,North Yorkshire Police,North Yorkshire Police,-1.079797,53.961611,On or near Goodramgate,E01013366,York 013A,Anti-social behaviour,,
,2025-12,North Yorkshire Police,North Yorkshire Police,-1.084517,53.960122,On or near ,E01013366,York 013A,Anti-social behaviour,,
,2025-12,North Yorkshire Police,North Yorkshire Police,-1.084601,53.960793,On or near Blake Street,E01013366,York 013A,Anti-social behaviour,,
,2025-12,North Yorkshire Police,North Yorkshire Police,-1.084962,53.961677,On or near Theatre/Concert Hall,E01013366,York 013A,Anti-social behaviour,,
,2025-12,North Yorkshire Police,North Yorkshire Police,-1.083246,53.958528,On or near ,E01013366,York 013A,Anti-social behaviour,,
,2025-12,North Yorkshire Police,North Yorkshire Police,-1.084601,53.960793,On or near Blake Street,E01013366,York 013A,Anti-social behaviour,,
,2025-12,North Yorkshire Police,North Yorkshire Police,-1.084601,53.960793,On or near Blake Street,E01013366,York 013A,Anti-social behaviour,,
,2025-12,North Yorkshire Police,North Yorkshire Police,-1.079446,53.967163,On or near St Thomas' Place,E01013366,York 013A,Anti-social behaviour,,
,2025-12,North Yorkshire Police,North Yorkshire Police,-1.083726,53.965236,On or near Claremont Terrace,E01013366,York 013A,Anti-social behaviour,,
,2025-12,North Yorkshire Police,North Yorkshire Police,-1.083886,53.962109,On or near High Petergate,E01013366,York 013A,Anti-social behaviour,,
,2025-12,North Yorkshire Police,North Yorkshire Police,-1.085585,53.960387,On or near Lendal,E01013366,York 013A,Anti-social behaviour,,
,2025-12,North Yorkshire Police,North Yorkshire Police,-1.079446,53.967163,On or near St Thomas' Place,E01013366,York 013A,Anti-social behaviour,,
,2025-12,North Yorkshire Police,North Yorkshire Police,-1.082505,53.966683,On or near Clarence Street,E01013366,York 013A,Anti-social behaviour,,
,2025-12,North Yorkshire Police,North Yorkshire Police,-1.084517,53.960122,On or near ,E01013366,York 013A,Anti-social behaviour,,
,2025-12,North Yorkshire Police,North Yorkshire Police,-1.084517,53.960122,On or near ,E01013366,York 013A,Anti-social behaviour,,
,2025-12,North Yorkshire Police,North Yorkshire Police,-1.081996,53.959662,On or near ,E01013366,York 013A,Anti-social behaviour,,
,2025-12,North Yorkshire Police,North Yorkshire Police,-1.083726,53.965236,On or near Claremont Terrace,E01013366,York 013A,Anti-social behaviour,,
,2025-12,North Yorkshire Police,North Yorkshire Police,-1.083726,53.965236,On or near Claremont Terrace,E01013366,York 013A,Anti-social behaviour,,
,2025-12,North Yorkshire Police,North Yorkshire Police,-1.084601,53.960793,On or near Blake Street,E01013366,York 013A,Anti-social behaviour,,
,2025-12,North Yorkshire Police,North Yorkshire Police,-1.084100,53.966263,On or near Parking Area,E01013366,York 013A,Anti-social behaviour,,
,2025-12,North Yorkshire Police,North Yorkshire Police,-1.081996,53.959662,On or near ,E01013366,York 013A,Anti-social behaviour,,
,2025-12,North Yorkshire Police,North Yorkshire Police,-1.083726,53.965236,On or near Claremont Terrace,E01013366,York 013A,Anti-social behaviour,,
,2025-12,North Yorkshire Police,North Yorkshire Police,-1.079797,53.961611,On or near Goodramgate,E01013366,York 013A,Anti-social behaviour,,
,2025-12,North Yorkshire Police,North Yorkshire Police,-1.085585,53.960387,On or near Lendal,E01013366,York 013A,Anti-social behaviour,,
,2025-12,North Yorkshire Police,North Yorkshire Police,-1.081996,53.959662,On or near ,E01013366,York 013A,Anti-social behaviour,,
,2025-12,North Yorkshire Police,North Yorkshire Police,-1.081996,53.959662,On or near ,E01013366,York 013A,Anti-social behaviour,,
701f8e2725a5027f578559e7cb1387a6d58d3aee29b6c9f0bf7d5e1bac9c2aad,2025-12,North Yorkshire Police,North Yorkshire Police,-1.083246,53.958528,On or near ,E01013366,York 013A,Bicycle theft,Unable to prosecute suspect,
ffcae27df62653839ef5e3a989d4249e852f3887daae1fdbafc62ee30e3c0d08,2025-12,North Yorkshire Police,North Yorkshire Police,-1.084041,53.964079,On or near Gillygate,E01013366,York 013A,Bicycle theft,Unable to prosecute suspect,
3a322651daad1de56d51d31b0d0745ce87ef695d94d498de16b57673c8383a79,2025-12,North Yorkshire Police,North Yorkshire Police,-1.091098,53.962011,On or near Frederic Street,E01013366,York 013A,Criminal damage and arson,Investigation complete; no suspect identified,
9e0b7c04d1eb348af197e331135a610306744496748db24659659175754b0c79,2025-12,North Yorkshire Police,North Yorkshire Police,-1.084517,53.960122,On or near ,E01013366,York 013A,Criminal damage and arson,Awaiting court outcome,
705534cf15fb5ad130e84f269134aaaf84bd505880e6467ff91ba91cc964b204,2025-12,North Yorkshire Police,North Yorkshire Police,-1.081758,53.961140,On or near Grape Lane,E01013366,York 013A,Criminal damage and arson,Unable to prosecute suspect,
a84a19a361a5fdf7e5beb7ae0e1cfa3f42c823f739d727845b9476a4fb6862d2,2025-12,North Yorkshire Police,North Yorkshire Police,-1.085422,53.962948,On or near A19,E01013366,York 013A,Drugs,Further investigation is not in the public interest,
dcc4f0f734b05421c63f686ef11252f6a61b1c51e551148a46bb09dc1b29a8fe,2025-12,North Yorkshire Police,North Yorkshire Police,-1.082505,53.966683,On or near Clarence Street,E01013366,York 013A,Drugs,Further action is not in the public interest,
c06d1d801ac52564d4ac0b17e1d5e09be02ac9531a097b145368a3fc419627e7,2025-12,North Yorkshire Police,North Yorkshire Police,-1.085585,53.960387,On or near Lendal,E01013366,York 013A,Drugs,Under investigation,
7eb20b98c38175d09723d32ba1a39185b3f99af241118d712a0c2ae15745a456,2025-12,North Yorkshire Police,North Yorkshire Police,-1.085693,53.963813,On or near Bootham Row,E01013366,York 013A,Other theft,Unable to prosecute suspect,
5ce64928cd72221ba5aa61b504aa746ed2fe7c6ab273dc763cd8e9d7b601bb9c,2025-12,North Yorkshire Police,North Yorkshire Police,-1.082827,53.961067,On or near Shopping Area,E01013366,York 013A,Other theft,Unable to prosecute suspect,
d7171b77db115dbc586dab0584cf25adf333fbceafeb0ec50f16bd5a2a12673f,2025-12,North Yorkshire Police,North Yorkshire Police,-1.085262,53.963989,On or near Parking Area,E01013366,York 013A,Other theft,Investigation complete; no suspect identified,
6c376345bca051bacb948072d9dfd31dcde5a7c50c8e443dc4e033f9c27848ff,2025-12,North Yorkshire Police,North Yorkshire Police,-1.081996,53.959662,On or near ,E01013366,York 013A,Other theft,Investigation complete; no suspect identified,
b3965c56dad60c19cad797d1dfbae4a5644de2416ccde3448062436ca2384870,2025-12,North Yorkshire Police,North Yorkshire Police,-1.085585,53.960387,On or near Lendal,E01013366,York 013A,Other theft,Unable to prosecute suspect,
07a48ce6a11bcfe20fbe2e0e37f7cdea73600c3555bab24fdef62dc14bfec29f,2025-12,North Yorkshire Police,North Yorkshire Police,-1.083246,53.958528,On or near ,E01013366,York 013A,Other theft,Investigation complete; no suspect identified,
b7e3aed281b3ac54bcf5074bf026543832202af5098b502beb404553c42e210c,2025-12,North Yorkshire Police,North Yorkshire Police,-1.082505,53.966683,On or near Clarence Street,E01013366,York 013A,Possession of weapons,Unable to prosecute suspect,
c299da19cb2a6458f2ffc39eed6a3ab6b954df85acb62e3bcd589828b66bac2d,2025-12,North Yorkshire Police,North Yorkshire Police,-1.085545,53.962239,On or near St Leonard'S Place,E01013366,York 013A,Public order,Under investigation,
517bd53f0c14bb5461e258e9c858a385ad10f1113723c6c78bcb54e9acb58e20,2025-12,North Yorkshire Police,North Yorkshire Police,-1.080749,53.962669,On or near Chapter House Street,E01013366,York 013A,Public order,Investigation complete; no suspect identified,
289513d450e7b1eff5b9fa82eb2d4ba05dc27b3d6ecb32b2e27e8eb25ac87d47,2025-12,North Yorkshire Police,North Yorkshire Police,-1.083246,53.958528,On or near ,E01013366,York 013A,Public order,Unable to prosecute suspect,
26bdecb4c73736f2054ce4e6e80ff96c63547c1450b849d25113df96a4041ec9,2025-12,North Yorkshire Police,North Yorkshire Police,-1.081757,53.968124,On or near Supermarket,E01013366,York 013A,Robbery,Under investigation,
e7de1759fae525735015d63b4bee019b4438c3af2271315f6be18baf8132e5c2,2025-12,North Yorkshire Police,North Yorkshire Police,-1.084041,53.964079,On or near Gillygate,E01013366,York 013A,Robbery,Under investigation,
b93c5bd9085408d073ae0627ad88a766fe2d97f137feb977bffa5f0d0ed42a7f,2025-12,North Yorkshire Police,North Yorkshire Police,-1.081757,53.968124,On or near Supermarket,E01013366,York 013A,Robbery,Unable to prosecute suspect,
8552787d30c9cd90b5977d4552d8cfcf97126c3104379053b7be3cde0d2846d7,2025-12,North Yorkshire Police,North Yorkshire Police,-1.081757,53.968124,On or near Supermarket,E01013366,York 013A,Shoplifting,Investigation complete; no suspect identified,
39522a8d87594fe1e71d314fc38c0e2d70d7ff560bf67602eb1524be73c0f342,2025-12,North Yorkshire Police,North Yorkshire Police,-1.083212,53.959782,On or near ,E01013366,York 013A,Shoplifting,Awaiting court outcome,
e52300c01730c089cbecd91d56d977d3648ecaa9241a119be5eafa9d67880ce8,2025-12,North Yorkshire Police,North Yorkshire Police,-1.083212,53.959782,On or near ,E01013366,York 013A,Shoplifting,Awaiting court outcome,
628bc5f9586a3d7d05cb56705cda272d7f8e50c5a4ded58c5dc0683e65d5c252,2025-12,North Yorkshire Police,North Yorkshire Police,-1.081996,53.959662,On or near ,E01013366,York 013A,Shoplifting,Investigation complete; no suspect identified,
0968584b663e0d9a33ec61619ace37922428c1346bd217aef7fccfd4307ac36f,2025-12,North Yorkshire Police,North Yorkshire Police,-1.085693,53.963813,On or near Bootham Row,E01013366,York 013A,Shoplifting,Investigation complete; no suspect identified,
49f064c5fbd60fec10583729f1205b923a820d48b6593f880df11cf5ab918dc6,2025-12,North Yorkshire Police,North Yorkshire Police,-1.083246,53.958528,On or near ,E01013366,York 013A,Shoplifting,Local resolution,
72a56752a8dc5047cbbbb34116d13d6f8870dc67d5261c1323d5e45c6ed8b8b1,2025-12,North Yorkshire Police,North Yorkshire Police,-1.082827,53.961067,On or near Shopping Area,E01013366,York 013A,Shoplifting,Awaiting court outcome,
914e2d3578409269de66fa20c1614cee06e9bd40ea9a9ebace58dc5ef1186815,2025-12,North Yorkshire Police,North Yorkshire Police,-1.083212,53.959782,On or near ,E01013366,York 013A,Shoplifting,Investigation complete; no suspect identified,
acaa143c686d0bb634329c4edb498a023cd991b2f6fdb7cfed2bc3fe320acd7c,2025-12,North Yorkshire Police,North Yorkshire Police,-1.085422,53.962948,On or near A19,E01013366,York 013A,Shoplifting,Unable to prosecute suspect,
dc2cd10d7582d5c062d15be816812335d383e39bbf09bd92fb0979124accbdd6,2025-12,North Yorkshire Police,North Yorkshire Police,-1.083212,53.959782,On or near ,E01013366,York 013A,Shoplifting,Under investigation,
b758c927f11e6e3578a1ace29d2f1f3e55b6ce476410dd551d497ea596f6637e,2025-12,North Yorkshire Police,North Yorkshire Police,-1.083212,53.959782,On or near ,E01013366,York 013A,Shoplifting,Local resolution,
f3893ccd259faab3e6e24476178a5770ec04f90a829f1ce4ac035579f8d227ff,2025-12,North Yorkshire Police,North Yorkshire Police,-1.081996,53.959662,On or near ,E01013366,York 013A,Shoplifting,Local resolution,
16fb570956d7022d668eea9fbd0730ff054d5c78f5f24cacc4de3491998d9aae,2025-12,North Yorkshire Police,North Yorkshire Police,-1.083246,53.958528,On or near ,E01013366,York 013A,Shoplifting,Awaiting court outcome,
07abf6e1b11844965be300946dabaf3424e04ff87d35337cf1f49e22830b22b3,2025-12,North Yorkshire Police,North Yorkshire Police,-1.083212,53.959782,On or near ,E01013366,York 013A,Shoplifting,Investigation complete; no suspect identified,
8196d948cabada10ff32258172227c0bddd831449dffd21067f1948cb2825c66,2025-12,North Yorkshire Police,North Yorkshire Police,-1.084041,53.964079,On or near Gillygate,E01013366,York 013A,Shoplifting,Under investigation,
d997c02347a81363cdc5a242bfe0bfba8a810d871055f38d96c704c7ee0686f7,2025-12,North Yorkshire Police,North Yorkshire Police,-1.083212,53.959782,On or near ,E01013366,York 013A,Shoplifting,Investigation complete; no suspect identified,
c19542f5c8b31c1e981435c70e248faebb05de1e7c8526d54e48bb25087140c0,2025-12,North Yorkshire Police,North Yorkshire Police,-1.081996,53.959662,On or near ,E01013366,York 013A,Shoplifting,Investigation complete; no suspect identified,
d009c8309c264ff6156a48b8cafd7a797f6a644800584a979a3818aa3e0c6d2f,2025-12,North Yorkshire Police,North Yorkshire Police,-1.083246,53.958528,On or near ,E01013366,York 013A,Shoplifting,Investigation complete; no suspect identified,
4ee4544189615253cd24dac631696c25cca3fb0446715bfe9aad6d1698ab231e,2025-12,North Yorkshire Police,North Yorkshire Police,-1.081758,53.961140,On or near Grape Lane,E01013366,York 013A,Shoplifting,Local resolution,
ceaf67c8ad73a96fa90b35ddd27e9aacd5f70f334155ea3c1bafd85d94fc29be,2025-12,North Yorkshire Police,North Yorkshire Police,-1.081996,53.959662,On or near ,E01013366,York 013A,Theft from the person,Investigation complete; no suspect identified,
fb088a3b416d1101c7f7d0dc75b23ea3d13b20d2cdf87ef970a439273349cc77,2025-12,North Yorkshire Police,North Yorkshire Police,-1.083087,53.957537,On or near Low Ousegate,E01013366,York 013A,Theft from the person,Investigation complete; no suspect identified,
c01c0c52da026f3cccc9183242996b9f89a97ceb305d32072d0c7d185dba6ca6,2025-12,North Yorkshire Police,North Yorkshire Police,-1.081996,53.959662,On or near ,E01013366,York 013A,Theft from the person,Investigation complete; no suspect identified,
0d6a6ecd8596df6872406449fff2e6b8f68a621724b0c2c2f46aa5528e170c41,2025-12,North Yorkshire Police,North Yorkshire Police,-1.082827,53.961067,On or near Shopping Area,E01013366,York 013A,Violence and sexual offences,Under investigation,
b2afd110d2b7c1e5a707351187c7430fb0534e628ec9c9251c5dad8c387bff04,2025-12,North Yorkshire Police,North Yorkshire Police,-1.084962,53.961677,On or near Theatre/Concert Hall,E01013366,York 013A,Violence and sexual offences,Under investigation,
c29526ff96ad4b4e8d2ae40554fb926f8a4ce4657cce274b24e4fbd84666acd7,2025-12,North Yorkshire Police,North Yorkshire Police,-1.085884,53.961369,On or near St Leonards Mews,E01013366,York 013A,Violence and sexual offences,Investigation complete; no suspect identified,
5cc7fbdb0e4b2c57daf582368e82bcf9dc678e1a16573e9ab2f4effb2d9154fa,2025-12,North Yorkshire Police,North Yorkshire Police,-1.081757,53.968124,On or near Supermarket,E01013366,York 013A,Violence and sexual offences,Unable to prosecute suspect,
c49bcfde0794bc3508e9f7591f155d09097f2997a1d19fd5a3228404464b2e23,2025-12,North Yorkshire Police,North Yorkshire Police,-1.083246,53.958528,On or near ,E01013366,York 013A,Violence and sexual offences,Unable to prosecute suspect,
23dcb4643310a4268e4fa3266d9fde50cba798348fc2fadd2c4e11ddeb095bc1,2025-12,North Yorkshire Police,North Yorkshire Police,-1.084962,53.961677,On or near Theatre/Concert Hall,E01013366,York 013A,Violence and sexual offences,Unable to prosecute suspect,
b0788ab81bce93b06cd19ab92fb38ecf529a97b51a0554ddc0ea76ef139cdfa8,2025-12,North Yorkshire Police,North Yorkshire Police,-1.083212,53.959782,On or near ,E01013366,York 013A,Violence and sexual offences,Unable to prosecute suspect,
f3f3c22a4462508874e49795c1c448d42b096402a65123e376cf0f7b8e6032fc,2025-12,North Yorkshire Police,North Yorkshire Police,-1.081082,53.960722,On or near Low Petergate,E01013366,York 013A,Violence and sexual offences,Investigation complete; no suspect identified,
1d1f8aa9da0c92db8c4310a961d578a40570b8122e0a1d5af9799e14126b23c9,2025-12,North Yorkshire Police,North Yorkshire Police,-1.083246,53.958528,On or near ,E01013366,York 013A,Violence and sexual offences,Under investigation,
4317d9571bea8ffdc02b68054b74572d5ea370776a962730367c026bab176d9c,2025-12,North Yorkshire Police,North Yorkshire Police,-1.081757,53.968124,On or near Supermarket,E01013366,York 013A,Violence and sexual offences,Unable to prosecute suspect,
5acb39e75b34e55ea49f4b3e7f56653df974da4d31435dc688b3b675460d4b40,2025-12,North Yorkshire Police,North Yorkshire Police,-1.081996,53.959662,On or near ,E01013366,York 013A,Violence and sexual offences,Under investigation,
5acb39e75b34e55ea49f4b3e7f56653df974da4d31435dc688b3b675460d4b40,2025-12,North Yorkshire Police,North Yorkshire Police,-1.081996,53.959662,On or near ,E01013366,York 013A,Violence and sexual offences,Under investigation,
1b23d90bb9e8db3e6e1b96649410bb4489316c0ec13e0031331f880617b19b61,2025-12,North Yorkshire Police,North Yorkshire Police,-1.084601,53.960793,On or near Blake Street,E01013366,York 013A,Violence and sexual offences,Unable to prosecute suspect,
b2afd110d2b7c1e5a707351187c7430fb0534e628ec9c9251c5dad8c387bff04,2025-12,North Yorkshire Police,North Yorkshire Police,-1.084962,53.961677,On or near Theatre/Concert Hall,E01013366,York 013A,Violence and sexual offences,Awaiting court outcome,
11092da5f58b8aca241a065502ff6080060f24b574911eed4ab2361e090d035f,2025-12,North Yorkshire Police,North Yorkshire Police,-1.085585,53.960387,On or near Lendal,E01013366,York 013A,Violence and sexual offences,Under investigation,
d1b6570ee034786fd25accee731459e2abb1de61d7eb04a2ee24fbbe3c2c64f9,2025-12,North Yorkshire Police,North Yorkshire Police,-1.081996,53.959662,On or near ,E01013366,York 013A,Violence and sexual offences,Investigation complete; no suspect identified,
c315b5eb1f765d5787ac89f14994c678ddbc8f7fdadd05a2c62f563ba9127f52,2025-12,North Yorkshire Police,North Yorkshire Police,-1.085693,53.963813,On or near Bootham Row,E01013366,York 013A,Violence and sexual offences,Unable to prosecute suspect,
defb2c0f98ad99a1e3094107c2094288a86b8879e99e1704202339bac54f6593,2025-12,North Yorkshire Police,North Yorkshire Police,-1.083212,53.959782,On or near ,E01013366,York 013A,Violence and sexual offences,Unable to prosecute suspect,
857e127589bffa41dfa486ccaa958d03b7713a608af4bb50fb9b23adc7689652,2025-12,North Yorkshire Police,North Yorkshire Police,-1.080749,53.962669,On or near Chapter House Street,E01013366,York 013A,Violence and sexual offences,Unable to prosecute suspect,
2a4bea23909330804db66f0859cc1134aca59ec9b068cd6e23785e5917cb72b1,2025-12,North Yorkshire Police,North Yorkshire Police,-1.081996,53.959662,On or near ,E01013366,York 013A,Violence and sexual offences,Unable to prosecute suspect,
a7d6950e8e78b07d7b4c8cd35174de58034ec89c7e34019ea84bd0fa4f271a91,2025-12,North Yorkshire Police,North Yorkshire Police,-1.082866,53.957868,On or near Church Lane,E01013366,York 013A,Violence and sexual offences,Under investigation,
f64daa275a87fec557cf6b9333f7a5e002b78dc1b28bc8f4b1b01731e9d19701,2025-12,North Yorkshire Police,North Yorkshire Police,-1.083726,53.965236,On or near Claremont Terrace,E01013366,York 013A,Violence and sexual offences,Unable to prosecute suspect,
b378c1eefe7bff01c41606ff017cbc7d014fc0dd2b41a1e01f9e42afd882ed9b,2025-12,North Yorkshire Police,North Yorkshire Police,-1.082505,53.966683,On or near Clarence Street,E01013366,York 013A,Violence and sexual offences,Unable to prosecute suspect,
836587391d2417f4eefcb2b24abfc50d27dc31c0a225e186aaa9b331fb4acdb3,2025-12,North Yorkshire Police,North Yorkshire Police,-1.084601,53.960793,On or near Blake Street,E01013366,York 013A,Violence and sexual offences,Unable to prosecute suspect,
6e60a4ebb83209ce75b36c454daa3089653795d34d7cf96b511b20ab9c5ed16d,2025-12,North Yorkshire Police,North Yorkshire Police,-1.084962,53.961677,On or near Theatre/Concert Hall,E01013366,York 013A,Violence and sexual offences,Awaiting court outcome,
235bf6bfef73caae9f7b8a85c51ee26cf949a21a26f3a9127c3409f6ed5e77e1,2025-12,North Yorkshire Police,North Yorkshire Police,-1.083246,53.958528,On or near ,E01013366,York 013A,Violence and sexual offences,Unable to prosecute suspect,
6727ab8668e5ce99bffe502511037b1cc62d6656a3d785c16aa418af46aa832a,2025-12,North Yorkshire Police,North Yorkshire Police,-1.084962,53.961677,On or near Theatre/Concert Hall,E01013366,York 013A,Violence and sexual offences,Unable to prosecute suspect,
bbfbdbbaabf42fcd09c75ab2d24b235de36bbd38996a1a7fa43b66c34b266fed,2025-12,North Yorkshire Police,North Yorkshire Police,-1.082505,53.966683,On or near Clarence Street,E01013366,York 013A,Violence and sexual offences,Under investigation,
4dc182320f40313d8a092f27e99cefb299c7f7a06d90cd13466991b89665975c,2025-12,North Yorkshire Police,North Yorkshire Police,-1.082505,53.966683,On or near Clarence Street,E01013366,York 013A,Violence and sexual offences,Unable to prosecute suspect,
0a9beb85e34cebeaf3ff49d86c55f11ab3849076346a14fee52cc71ec6a2a165,2025-12,North Yorkshire Police,North Yorkshire Police,-1.083726,53.965236,On or near Claremont Terrace,E01013366,York 013A,Violence and sexual offences,Investigation complete; no suspect identified,
8dbd410570129842db8901eaaee09b9cc1e882ac9312a9d5797a55068da9dc28,2025-12,North Yorkshire Police,North Yorkshire Police,-1.084962,53.961677,On or near Theatre/Concert Hall,E01013366,York 013A,Violence and sexual offences,Under investigation,
704ea8583b204750161ba959c87d04345e1a03d595b8e1c388aa84f8d8bd11f0,2025-12,North Yorkshire Police,North Yorkshire Police,-1.083087,53.957537,On or near Low Ousegate,E01013366,York 013A,Violence and sexual offences,Unable to prosecute suspect,
fb49223e51112c16a4c95aa93467afa12fda5be7dc8ec201480c9fbd877976c8,2025-12,North Yorkshire Police,North Yorkshire Police,-1.083212,53.959782,On or near ,E01013366,York 013A,Violence and sexual offences,Awaiting court outcome,
7837b81c9f96ba8319c04ea2bcf8befb5fec1ca7e5c2b90fb9ba2c6d2b3a5062,2025-12,North Yorkshire Police,North Yorkshire Police,-1.085585,53.960387,On or near Lendal,E01013366,York 013A,Violence and sexual offences,Under investigation,
2910a17d5518f9c01821bd0c68b91b22e47fbbb168c41cf60ef75cd41631a0d2,2025-12,North Yorkshire Police,North Yorkshire Police,-1.081996,53.959662,On or near ,E01013366,York 013A,Violence and sexual offences,Under investigation,
d9ac747ca2291755cfc22a46a26b0db3a3fde77d5f47536b5f0cea954d9ae8ee,2025-12,North Yorkshire Police,North Yorkshire Police,-1.084517,53.960122,On or near ,E01013366,York 013A,Violence and sexual offences,Unable to prosecute suspect,
0d7722ad2a98d1a88358e10c8d5c91037bcd36896e0c18cc88950609457c8e25,2025-12,North Yorkshire Police,North Yorkshire Police,-1.083726,53.965236,On or near Claremont Terrace,E01013366,York 013A,Violence and sexual offences,Unable to prosecute suspect,
8b11c7cf270b32ea2d328139a5b4bb9b30fed88681040e26e96795e35960f3de,2025-12,North Yorkshire Police,North Yorkshire Police,-1.082827,53.961067,On or near Shopping Area,E01013366,York 013A,Violence and sexual offences,Unable to prosecute suspect,
8703f3f9a82e53e5a1197ae51a42380595b73474af2b63dbf9516807b82e42b0,2025-12,North Yorkshire Police,North Yorkshire Police,-1.083985,53.964528,On or near Portland Street,E01013366,York 013A,Violence and sexual offences,Further investigation is not in the public interest,
d4c810efd1e28854f86cf25381b3ff4816d01091d38202558061abe2869b0fae,2025-12,North Yorkshire Police,North Yorkshire Police,-1.082505,53.966683,On or near Clarence Street,E01013366,York 013A,Violence and sexual offences,Unable to prosecute suspect,
229e27946b7325bf6f58586ee0a894dc12be352888e5fa01ea5a8d992468d4e2,2025-12,North Yorkshire Police,North Yorkshire Police,-1.082505,53.966683,On or near Clarence Street,E01013366,York 013A,Violence and sexual offences,Unable to prosecute suspect,
784340ab2b3240fb20d4ffc4f40607962e0948c7d2df791a6350e5ce9b412c5b,2025-12,North Yorkshire Police,North Yorkshire Police,-1.083246,53.958528,On or near ,E01013366,York 013A,Violence and sexual offences,Unable to prosecute suspect,
6bedf4c8910e9c5d78345799f4650ea7387cd4017bf25dd7e1cb97a3efc114c2,2025-12,North Yorkshire Police,North Yorkshire Police,-1.082827,53.961067,On or near Shopping Area,E01013366,York 013A,Violence and sexual offences,Unable to prosecute suspect,
00b5b00ad5e8f7fa55e20c76dff054dc9fbb874f92c5a3726de7b9f6aa301d0d,2025-12,North Yorkshire Police,North Yorkshire Police,-1.084962,53.961677,On or near Theatre/Concert Hall,E01013366,York 013A,Violence and sexual offences,Under investigation,
049a87e63e4c7c972080c4f02eaaf5fe3671aa37ef3f5c10739cbc579627ac18,2025-12,North Yorkshire Police,North Yorkshire Police,-1.084962,53.961677,On or near Theatre/Concert Hall,E01013366,York 013A,Violence and sexual offences,Unable to prosecute suspect,
cddd1c7094ace5aa5145b77aa3311d9e01ac1e405faa706a0ab6cf94372c3588,2025-12,North Yorkshire Police,North Yorkshire Police,-1.084517,53.960122,On or near ,E01013366,York 013A,Violence and sexual offences,Investigation complete; no suspect identified,
88c29f69b781db6dd11f575e4ef11c763b9ba6e04bd73a0d1a2f444a23963d0e,2025-12,North Yorkshire Police,North Yorkshire Police,-1.084601,53.960793,On or near Blake Street,E01013366,York 013A,Violence and sexual offences,Under investigation,
36f04244bc22a5dd7989ffb983c4c5077241e9dfe54591abdf8b9d9383791eb9,2025-12,North Yorkshire Police,North Yorkshire Police,-1.083087,53.957537,On or near Low Ousegate,E01013366,York 013A,Violence and sexual offences,Offender given a caution,
974e8072da4b232828dd44f60f50c44ff1e04fde920c5b2c7d8ed6fde41be7cd,2025-12,North Yorkshire Police,North Yorkshire Police,-1.084962,53.961677,On or near Theatre/Concert Hall,E01013366,York 013A,Violence and sexual offences,Unable to prosecute suspect,
b4c3f445d5a478af797b6558ba51da27e4ca218853f1d1f834270235e5908615,2025-12,North Yorkshire Police,North Yorkshire Police,-1.082866,53.957868,On or near Church Lane,E01013366,York 013A,Violence and sexual offences,Unable to prosecute suspect,
defb2c0f98ad99a1e3094107c2094288a86b8879e99e1704202339bac54f6593,2025-12,North Yorkshire Police,North Yorkshire Police,-1.083212,53.959782,On or near ,E01013366,York 013A,Violence and sexual offences,Under investigation,
dc45585ae0ffca70c357eac17ba4d76663f6f34943161082f903421235f08657,2025-12,North Yorkshire Police,North Yorkshire Police,-1.082827,53.961067,On or near Shopping Area,E01013366,York 013A,Violence and sexual offences,Unable to prosecute suspect,
16f6963a5c9aeed57ab80a81573b5477230a6f8b97b786e4432bd61449fef919,2025-12,North Yorkshire Police,North Yorkshire Police,-1.082827,53.961067,On or near Shopping Area,E01013366,York 013A,Violence and sexual offences,Awaiting court outcome,
7dd7f0b13272915ea66ad99d880bc783ef8b65d1f59bb97c2e395825c8e6d1c9,2025-12,North Yorkshire Police,North Yorkshire Police,-1.084962,53.961677,On or near Theatre/Concert Hall,E01013366,York 013A,Violence and sexual offences,Unable to prosecute suspect,
,2025-12,North Yorkshire Police,North Yorkshire Police,-1.074713,53.965454,On or near Park Crescent,E01013369,York 013C,Anti-social behaviour,,
,2025-12,North Yorkshire Police,North Yorkshire Police,-1.078996,53.961290,On or near Bartle Garth,E01013369,York 013C,Anti-social behaviour,,
,2025-12,North Yorkshire Police,North Yorkshire Police,-1.074713,53.965454,On or near Park Crescent,E01013369,York 013C,Anti-social behaviour,,
,2025-12,North Yorkshire Police,North Yorkshire Police,-1.074713,53.965454,On or near Park Crescent,E01013369,York 013C,Anti-social behaviour,,
93dc8e9b34f63b1c5e66f0b85149f4e8366562c325f19f0aec108e3d23b738b2,2025-12,North Yorkshire Police,North Yorkshire Police,-1.079331,53.964079,On or near High Newbiggin Street,E01013369,York 013C,Bicycle theft,Investigation complete; no suspect identified,
e0e1f8e07363459374017d0071c4da520f7be4c5ab0eac41da6ba20be67281ae,2025-12,North Yorkshire Police,North Yorkshire Police,-1.075255,53.965027,On or near George Court,E01013369,York 013C,Bicycle theft,Unable to prosecute suspect,
f6665368b5d39b6d5bdfd6192430d76f5857ee9254cf21b3d0b431777cd4527c,2025-12,North Yorkshire Police,North Yorkshire Police,-1.077782,53.966575,On or near March Street,E01013369,York 013C,Criminal damage and arson,Investigation complete; no suspect identified,
c94d98e2c1e07213ec5e9d533e1460c350b1e8d8cba2b8f2506c15d557590dcb,2025-12,North Yorkshire Police,North Yorkshire Police,-1.076830,53.966190,On or near Jackson Street,E01013369,York 013C,Criminal damage and arson,Investigation complete; no suspect identified,
830008bffb21d852216f71d70d6a08ac56edc15c31a410c18b857807516e7bbb,2025-12,North Yorkshire Police,North Yorkshire Police,-1.079364,53.962560,On or near Ogleforth,E01013369,York 013C,Criminal damage and arson,Investigation complete; no suspect identified,
9bc2ce712c43542c24bdc370cb8556c6ac291e32718fa299a71a672d6a7a6053,2025-12,North Yorkshire Police,North Yorkshire Police,-1.074713,53.965454,On or near Park Crescent,E01013369,York 013C,Drugs,Awaiting court outcome,
c0c8d674a9090df929e51dcb06a3b2746183633b541ad6b6a3f549b7f3ea0685,2025-12,North Yorkshire Police,North Yorkshire Police,-1.079364,53.962560,On or near Ogleforth,E01013369,York 013C,Other theft,Unable to prosecute suspect,
6ea238f86f720d3231051d7f305a1dc9e897f9e4a58f003babc9838b7aedc7cd,2025-12,North Yorkshire Police,North Yorkshire Police,-1.079084,53.960778,On or near Granary Court,E01013369,York 013C,Public order,Unable to prosecute suspect,
70acf762453a917d2cf96e5ca2d09d8adbd555e2df82321713456dd0d5cae92c,2025-12,North Yorkshire Police,North Yorkshire Police,-1.079084,53.960778,On or near Granary Court,E01013369,York 013C,Shoplifting,Awaiting court outcome,
e93f8a1954ceb0d4dc629006a3ce52b5458ad48914bd1d8f1925125f0535da17,2025-12,North Yorkshire Police,North Yorkshire Police,-1.079084,53.960778,On or near Granary Court,E01013369,York 013C,Shoplifting,Awaiting court outcome,
806e6846a915454509ff94b3649b43ac2a642ddc09a0ce24eaf83a2442e91d3a,2025-12,North Yorkshire Police,North Yorkshire Police,-1.079084,53.960778,On or near Granary Court,E01013369,York 013C,Shoplifting,Awaiting court outcome,
9b34bcd07b525495371b69087843415d07a63a9c4d36266ed697da8924bdda14,2025-12,North Yorkshire Police,North Yorkshire Police,-1.078996,53.961290,On or near Bartle Garth,E01013369,York 013C,Shoplifting,Awaiting court outcome,
3801bfe7b325f7f708a327a4f4a6de8ef8c6b1102bc2f87cc8134de8f81b77f1,2025-12,North Yorkshire Police,North Yorkshire Police,-1.076673,53.963636,On or near Monkgate,E01013369,York 013C,Vehicle crime,Investigation complete; no suspect identified,
0068260159d5307134afee91526b0a621583ce31e0addea332ded353d6cad935,2025-12,North Yorkshire Police,North Yorkshire Police,-1.075136,53.962177,On or near Parking Area,E01013369,York 013C,Vehicle crime,Investigation complete; no suspect identified,
7457ccc1eca0ee1acf48edf0e7199d164b5a4e25ce7efa32f976eedd1b8d2565,2025-12,North Yorkshire Police,North Yorkshire Police,-1.074813,53.963649,On or near St Wilfreds Mews,E01013369,York 013C,Vehicle crime,Investigation complete; no suspect identified,
a3e9dcfba34e3ab5be5b9034581ea35441d7fe32e2e05d7b2a5b24f2585fc3a7,2025-12,North Yorkshire Police,North Yorkshire Police,-1.077220,53.965114,On or near Fern Street,E01013369,York 013C,Vehicle crime,Unable to prosecute suspect,
1f632659d389c4c9705edbe352d689ecd26aab8191768ffed4981f8ab0ca5447,2025-12,North Yorkshire Police,North Yorkshire Police,-1.076830,53.966190,On or near Jackson Street,E01013369,York 013C,Violence and sexual offences,Unable to prosecute suspect,
06eb0550dfc01de9022b70fbdf05177ab45b204e3408e6f05f78d0e8274f8ee9,2025-12,North Yorkshire Police,North Yorkshire Police,-1.076830,53.966190,On or near Jackson Street,E01013369,York 013C,Violence and sexual offences,Unable to prosecute suspect,
cddbc9ad2348e7edd5d2c14ed5eef4e65d84df564340d4dd3ab2bc6e07cf92cb,2025-12,North Yorkshire Police,North Yorkshire Police,-1.074713,53.965454,On or near Park Crescent,E01013369,York 013C,Violence and sexual offences,Under investigation,
8594e2f91b7ae97afdfdf8a47a3e5d5c8cbb2e38d8d873e9ac776ac0fbc16ec5,2025-12,North Yorkshire Police,North Yorkshire Police,-1.076830,53.966190,On or near Jackson Street,E01013369,York 013C,Violence and sexual offences,Unable to prosecute suspect,
1007ba394f057f1cc690b9a7f7707f76134f359711bc9fa64e51935eccdf3f20,2025-12,North Yorkshire Police,North Yorkshire Police,-1.077782,53.966575,On or near March Street,E01013369,York 013C,Violence and sexual offences,Unable to prosecute suspect,
bee7f8aaf3a99f3526d743dfec002820c3412e4eb618e21e404ed088fb0cb951,2025-12,North Yorkshire Police,North Yorkshire Police,-1.076830,53.966190,On or near Jackson Street,E01013369,York 013C,Violence and sexual offences,Under investigation,
145217fefc882bf757f45c3ad02e2fb70474cbd404098b4ab3de03da391d312f,2025-12,North Yorkshire Police,North Yorkshire Police,-1.076830,53.966190,On or near Jackson Street,E01013369,York 013C,Violence and sexual offences,Unable to prosecute suspect,
4f862b19326298b674a40e0a541a957922198b159dd273a194a31cff52b3ea23,2025-12,North Yorkshire Police,North Yorkshire Police,-1.076830,53.966190,On or near Jackson Street,E01013369,York 013C,Violence and sexual offences,Unable to prosecute suspect,
1dedcbc04af6046e66e03356ff73dfce9c0ae4f6c07db0cf4cd0708302eacb60,2025-12,North Yorkshire Police,North Yorkshire Police,-1.077782,53.966575,On or near March Street,E01013369,York 013C,Violence and sexual offences,Unable to prosecute suspect,
bee7f8aaf3a99f3526d743dfec002820c3412e4eb618e21e404ed088fb0cb951,2025-12,North Yorkshire Police,North Yorkshire Police,-1.076830,53.966190,On or near Jackson Street,E01013369,York 013C,Violence and sexual offences,Under investigation,
,2025-12,North Yorkshire Police,North Yorkshire Police,-1.093194,53.954621,On or near Conference/Exhibition Centre,E01013416,York 013E,Anti-social behaviour,,
,2025-12,North Yorkshire Police,North Yorkshire Police,-1.092428,53.954804,On or near Blossom Street,E01013416,York 013E,Anti-social behaviour,,
,2025-12,North Yorkshire Police,North Yorkshire Police,-1.090765,53.953497,On or near Caesar Court,E01013416,York 013E,Anti-social behaviour,,
,2025-12,North Yorkshire Police,North Yorkshire Police,-1.093194,53.954621,On or near Conference/Exhibition Centre,E01013416,York 013E,Anti-social behaviour,,
,2025-12,North Yorkshire Police,North Yorkshire Police,-1.093194,53.954621,On or near Conference/Exhibition Centre,E01013416,York 013E,Anti-social behaviour,,
b3ddaf546b1eae758f1f7e1a9d83d78eefe5366d7bb6ee3096fbf7bd6217f3ba,2025-12,North Yorkshire Police,North Yorkshire Police,-1.092378,53.954264,On or near South Parade,E01013416,York 013E,Bicycle theft,Unable to prosecute suspect,
7fbe6b4d1cc8862c87d19c51b339ad4898247e99df4365eecd65be227f4eb2d4,2025-12,North Yorkshire Police,North Yorkshire Police,-1.092428,53.954804,On or near Blossom Street,E01013416,York 013E,Criminal damage and arson,Investigation complete; no suspect identified,
00300e37dd9d459df71cd7c09a0bda25cc1075cb04caa3eaf47ff49a95e3a36d,2025-12,North Yorkshire Police,North Yorkshire Police,-1.086550,53.951793,On or near Alcelina Court,E01013416,York 013E,Other theft,Under investigation,
5dd4f3def275e1d410f16a2ccf6c0f45947aae5b011d71b060d851f131d4249e,2025-12,North Yorkshire Police,North Yorkshire Police,-1.093194,53.954621,On or near Conference/Exhibition Centre,E01013416,York 013E,Public order,Investigation complete; no suspect identified,
304de882179752c27479dbace37e092cdd08d926693339cc407870aef63e1f36,2025-12,North Yorkshire Police,North Yorkshire Police,-1.090173,53.951281,On or near Scarcroft Road,E01013416,York 013E,Robbery,Unable to prosecute suspect,
c5db45653660dc83c445f7937e0eea7da64a0b4a35e816229f2796b177f41772,2025-12,North Yorkshire Police,North Yorkshire Police,-1.093194,53.954621,On or near Conference/Exhibition Centre,E01013416,York 013E,Shoplifting,Awaiting court outcome,
36a34d57578453300c8908ffb6083143238f0a3425a17270db369f2c7d3cdaaa,2025-12,North Yorkshire Police,North Yorkshire Police,-1.088374,53.952733,On or near Cygnet Street,E01013416,York 013E,Vehicle crime,Unable to prosecute suspect,
9e8caa062437026410b6fb0ed1a868fdc4044565daddf3d279023c213957230f,2025-12,North Yorkshire Police,North Yorkshire Police,-1.088313,53.951995,On or near Nunthorpe Road,E01013416,York 013E,Vehicle crime,Unable to prosecute suspect,
c7d69a3d8320d14b419065b6f03c32c9d6d892092bdf86e173981254832974ac,2025-12,North Yorkshire Police,North Yorkshire Police,-1.089634,53.955025,On or near Parking Area,E01013416,York 013E,Vehicle crime,Investigation complete; no suspect identified,
6c8a90508f37edb086b5438519755ff0f35a2757cc7ace9fb826c1be16509605,2025-12,North Yorkshire Police,North Yorkshire Police,-1.097014,53.954128,On or near Cambridge Street,E01013416,York 013E,Violence and sexual offences,Under investigation,
8d5d68c19f741b6b3f8b85dfd8eb643ac9fc7b2738c503b3655aec8dfd978d4a,2025-12,North Yorkshire Police,North Yorkshire Police,-1.093194,53.954621,On or near Conference/Exhibition Centre,E01013416,York 013E,Violence and sexual offences,Investigation complete; no suspect identified,
4a1bddf3f32a1b3381dac69537d21d6857214dbae6c2665cc3894d9145c90fa4,2025-12,North Yorkshire Police,North Yorkshire Police,-1.089634,53.955025,On or near Parking Area,E01013416,York 013E,Violence and sexual offences,Unable to prosecute suspect,
59eb389e9d78280dd2707ea12ed1897f42fa52c38ee560b536235db89505bfee,2025-12,North Yorkshire Police,North Yorkshire Police,-1.086550,53.951793,On or near Alcelina Court,E01013416,York 013E,Violence and sexual offences,Under investigation,
dbf16645fc35b58aec2af0e17210535e0cac0d48dc416ae6bd133c6c88264fae,2025-12,North Yorkshire Police,North Yorkshire Police,-1.097014,53.954128,On or near Cambridge Street,E01013416,York 013E,Violence and sexual offences,Under investigation,
,2025-12,North Yorkshire Police,North Yorkshire Police,-1.073882,53.955489,On or near Albert Street,E01033067,York 013F,Anti-social behaviour,,
,2025-12,North Yorkshire Police,North Yorkshire Police,-1.072431,53.955400,On or near ,E01033067,York 013F,Anti-social behaviour,,
,2025-12,North Yorkshire Police,North Yorkshire Police,-1.071873,53.956741,On or near St Margaret'S Terrace,E01033067,York 013F,Anti-social behaviour,,
,2025-12,North Yorkshire Police,North Yorkshire Police,-1.071167,53.958317,On or near Foss Islands Road,E01033067,York 013F,Anti-social behaviour,,
,2025-12,North Yorkshire Police,North Yorkshire Police,-1.068879,53.958399,On or near Supermarket,E01033067,York 013F,Anti-social behaviour,,
,2025-12,North Yorkshire Police,North Yorkshire Police,-1.068879,53.958399,On or near Supermarket,E01033067,York 013F,Anti-social behaviour,,
,2025-12,North Yorkshire Police,North Yorkshire Police,-1.075240,53.954390,On or near ,E01033067,York 013F,Anti-social behaviour,,
,2025-12,North Yorkshire Police,North Yorkshire Police,-1.079183,53.959053,On or near Whip-Ma-Whop-Ma-Gate,E01033067,York 013F,Anti-social behaviour,,
,2025-12,North Yorkshire Police,North Yorkshire Police,-1.073084,53.959851,On or near Park/Open Space,E01033067,York 013F,Anti-social behaviour,,
,2025-12,North Yorkshire Police,North Yorkshire Police,-1.079183,53.959053,On or near Whip-Ma-Whop-Ma-Gate,E01033067,York 013F,Anti-social behaviour,,
,2025-12,North Yorkshire Police,North Yorkshire Police,-1.064838,53.959167,On or near Hazel Court,E01033067,York 013F,Anti-social behaviour,,
,2025-12,North Yorkshire Police,North Yorkshire Police,-1.073882,53.955489,On or near Albert Street,E01033067,York 013F,Anti-social behaviour,,
,2025-12,North Yorkshire Police,North Yorkshire Police,-1.074106,53.956372,On or near Walmgate,E01033067,York 013F,Anti-social behaviour,,
09715be64e93aa2004f873830a1c754033e70f5add3bd6a4595eae0b567266b4,2025-12,North Yorkshire Police,North Yorkshire Police,-1.069846,53.956725,On or near Supermarket,E01033067,York 013F,Bicycle theft,Unable to prosecute suspect,
dca2ba2c31d746e7157db152f4a644a2d9fdf8e62269fb25f7437f1d993f6525,2025-12,North Yorkshire Police,North Yorkshire Police,-1.071475,53.956109,On or near Speculation Street,E01033067,York 013F,Burglary,Unable to prosecute suspect,
ebf92e87a0b87234fda281e1d42463f6a4ff02246ecf00c2c7e771b33a1433a5,2025-12,North Yorkshire Police,North Yorkshire Police,-1.068788,53.954973,On or near Leake Street,E01033067,York 013F,Burglary,Investigation complete; no suspect identified,
1814d289f983fd40d2c089addc648c5c81ff9ab7e3ee6614fcbac0279ed2b2d4,2025-12,North Yorkshire Police,North Yorkshire Police,-1.072414,53.957761,On or near Rosemary Place,E01033067,York 013F,Criminal damage and arson,Unable to prosecute suspect,
e0b49f13f5256769986a57248774c86900cf871fa8e0288c84d877e081d160db,2025-12,North Yorkshire Police,North Yorkshire Police,-1.071873,53.956741,On or near St Margaret'S Terrace,E01033067,York 013F,Drugs,Awaiting court outcome,
aa03967affde36dae420286e7684ec2b2ccc35fd0a1be558bd1a64417c69e4af,2025-12,North Yorkshire Police,North Yorkshire Police,-1.069846,53.956725,On or near Supermarket,E01033067,York 013F,Other theft,Unable to prosecute suspect,
1079d582643fac81b82fbb2a5f91c2189779301a8e25d391e230e63bc27c3009,2025-12,North Yorkshire Police,North Yorkshire Police,-1.068788,53.954973,On or near Leake Street,E01033067,York 013F,Other theft,Unable to prosecute suspect,
a9e48dddccaba981d28614bafd52171655ff156db30bd6cce96d065a0378bbc0,2025-12,North Yorkshire Police,North Yorkshire Police,-1.074647,53.955333,On or near Margaret Street,E01033067,York 013F,Public order,Unable to prosecute suspect,
a826c38962fcb5d90897ec7994cdec0dc4ed648f10f428c89b604283e6d06c20,2025-12,North Yorkshire Police,North Yorkshire Police,-1.078355,53.959245,On or near Parking Area,E01033067,York 013F,Robbery,Investigation complete; no suspect identified,
f5fca1209c43b4ff4a3f0fe748744d2c1ad7cce18613f03b736cd4ea4c280f0a,2025-12,North Yorkshire Police,North Yorkshire Police,-1.068879,53.958399,On or near Supermarket,E01033067,York 013F,Robbery,Awaiting court outcome,
3e7e130664f88915366b875f790d8bb8c8a3ad9b1befcbdb4e380f3257bfd6a5,2025-12,North Yorkshire Police,North Yorkshire Police,-1.068879,53.958399,On or near Supermarket,E01033067,York 013F,Robbery,Awaiting court outcome,
c3a477cf40386f420b8d0e4c84c029235d8a99b7439d4decf1cc81dd3c14f1b9,2025-12,North Yorkshire Police,North Yorkshire Police,-1.068879,53.958399,On or near Supermarket,E01033067,York 013F,Shoplifting,Investigation complete; no suspect identified,
f84ce7d1467056c8f5228f35216cb9149cfb848fdef3ae805c6e20181299c773,2025-12,North Yorkshire Police,North Yorkshire Police,-1.079183,53.959053,On or near Whip-Ma-Whop-Ma-Gate,E01033067,York 013F,Shoplifting,Formal action is not in the public interest,
d8d96862bbe26679208184e3dc69fcb362daa1c1ad018c0b5ad7ce37cc8b52e0,2025-12,North Yorkshire Police,North Yorkshire Police,-1.068879,53.958399,On or near Supermarket,E01033067,York 013F,Shoplifting,Investigation complete; no suspect identified,
fb2afcc32cb49f388907baf1c49986268dd9959c96068dbfe588cccbd800bd83,2025-12,North Yorkshire Police,North Yorkshire Police,-1.069846,53.956725,On or near Supermarket,E01033067,York 013F,Shoplifting,Awaiting court outcome,
520b44e08df515d56c2718200f96e9cca462fa65ea3599d390a1bd6440778b44,2025-12,North Yorkshire Police,North Yorkshire Police,-1.068879,53.958399,On or near Supermarket,E01033067,York 013F,Shoplifting,Investigation complete; no suspect identified,
a20f5df767e7e1407cc9be563be5c393389de292a21664160a708a777cb33b2c,2025-12,North Yorkshire Police,North Yorkshire Police,-1.068879,53.958399,On or near Supermarket,E01033067,York 013F,Shoplifting,Under investigation,
6e214b5d868d425fffd1e93734447f1207ecf1c966c8f65df4a7dbd5970053d8,2025-12,North Yorkshire Police,North Yorkshire Police,-1.068788,53.954973,On or near Leake Street,E01033067,York 013F,Shoplifting,Unable to prosecute suspect,
eac0e067ba66273d949708ca502a516eb2d6f4364ff2a290e666d7a67a0f1560,2025-12,North Yorkshire Police,North Yorkshire Police,-1.073084,53.959851,On or near Park/Open Space,E01033067,York 013F,Shoplifting,Local resolution,
6f908b036ac88cfae8685038b160cfcc22b047ed812f6e073c362a55e851fa8a,2025-12,North Yorkshire Police,North Yorkshire Police,-1.068879,53.958399,On or near Supermarket,E01033067,York 013F,Shoplifting,Awaiting court outcome,
d32d115e0899f9fa35e5aeb212bb84b7aa6d7c13d475b13ec0fb1208bdd42e67,2025-12,North Yorkshire Police,North Yorkshire Police,-1.076595,53.960274,On or near St Saviour'S Place,E01033067,York 013F,Theft from the person,Unable to prosecute suspect,
63ffa76b8b7297e737b97a35604864f73027c78a7fdcefb4e47f49b79ef17c04,2025-12,North Yorkshire Police,North Yorkshire Police,-1.067162,53.956120,On or near Charlotte Street,E01033067,York 013F,Violence and sexual offences,Under investigation,
201f8081bda9b01ca2e9ffc1b0d054af62615c229cdbe3543cb7dd899e80eabf,2025-12,North Yorkshire Police,North Yorkshire Police,-1.076595,53.960274,On or near St Saviour'S Place,E01033067,York 013F,Violence and sexual offences,Offender given a caution,
6b94d186707eb9664886a9509d43a7823d20c2c343d34bc0ae904b23a01456b3,2025-12,North Yorkshire Police,North Yorkshire Police,-1.068338,53.955321,On or near Brinkworth Terrace,E01033067,York 013F,Violence and sexual offences,Unable to prosecute suspect,
ed3d66ef35f79455a90c8e7221b271bead94edbdfd90ea1990913c98528ee38f,2025-12,North Yorkshire Police,North Yorkshire Police,-1.073882,53.955489,On or near Albert Street,E01033067,York 013F,Violence and sexual offences,Under investigation,
,2025-12,North Yorkshire Police,North Yorkshire Police,-1.090996,53.956150,On or near Bar Lane,E01033068,York 013G,Anti-social behaviour,,
,2025-12,North Yorkshire Police,North Yorkshire Police,-1.086732,53.958796,On or near Nightclub,E01033068,York 013G,Anti-social behaviour,,
,2025-12,North Yorkshire Police,North Yorkshire Police,-1.092228,53.958398,On or near Parking Area,E01033068,York 013G,Anti-social behaviour,,
,2025-12,North Yorkshire Police,North Yorkshire Police,-1.088164,53.958160,On or near Tanner Row,E01033068,York 013G,Anti-social behaviour,,
,2025-12,North Yorkshire Police,North Yorkshire Police,-1.091223,53.960430,On or near Parking Area,E01033068,York 013G,Anti-social behaviour,,
,2025-12,North Yorkshire Police,North Yorkshire Police,-1.086785,53.957808,On or near George Hudson Street,E01033068,York 013G,Anti-social behaviour,,
,2025-12,North Yorkshire Police,North Yorkshire Police,-1.091223,53.960430,On or near Parking Area,E01033068,York 013G,Anti-social behaviour,,
,2025-12,North Yorkshire Police,North Yorkshire Police,-1.089426,53.957585,On or near Bus/Coach Station,E01033068,York 013G,Anti-social behaviour,,
,2025-12,North Yorkshire Police,North Yorkshire Police,-1.092228,53.958398,On or near Parking Area,E01033068,York 013G,Anti-social behaviour,,
,2025-12,North Yorkshire Police,North Yorkshire Police,-1.088164,53.958160,On or near Tanner Row,E01033068,York 013G,Anti-social behaviour,,
,2025-12,North Yorkshire Police,North Yorkshire Police,-1.089752,53.955925,On or near Dewsbury Court,E01033068,York 013G,Anti-social behaviour,,
,2025-12,North Yorkshire Police,North Yorkshire Police,-1.084983,53.957273,On or near Bridge Street,E01033068,York 013G,Anti-social behaviour,,
,2025-12,North Yorkshire Police,North Yorkshire Police,-1.084983,53.957273,On or near Bridge Street,E01033068,York 013G,Anti-social behaviour,,
,2025-12,North Yorkshire Police,North Yorkshire Police,-1.088597,53.957139,On or near Micklegate,E01033068,York 013G,Anti-social behaviour,,
,2025-12,North Yorkshire Police,North Yorkshire Police,-1.090996,53.956150,On or near Bar Lane,E01033068,York 013G,Anti-social behaviour,,
,2025-12,North Yorkshire Police,North Yorkshire Police,-1.091223,53.960430,On or near Parking Area,E01033068,York 013G,Anti-social behaviour,,
,2025-12,North Yorkshire Police,North Yorkshire Police,-1.087626,53.959055,On or near Parking Area,E01033068,York 013G,Anti-social behaviour,,
c5187e4896b49a59936b3d41fd472f2e07735b22d6a12513458604a66557a839,2025-12,North Yorkshire Police,North Yorkshire Police,-1.089426,53.957585,On or near Bus/Coach Station,E01033068,York 013G,Bicycle theft,Under investigation,
33539243786da0cc89ed150f804ee9019308fd5928846040f60f4150d6d6b52c,2025-12,North Yorkshire Police,North Yorkshire Police,-1.090550,53.957046,On or near Toft Green,E01033068,York 013G,Burglary,Investigation complete; no suspect identified,
ff063d44e343969571b47ffaf0fb6c0d4dde1f176398df6a2e5a21055fc4b952,2025-12,North Yorkshire Police,North Yorkshire Police,-1.086732,53.958796,On or near Nightclub,E01033068,York 013G,Burglary,Awaiting court outcome,
2014ddc75797af4cc209576d401aec87c5d64c731e39783d9de5a0a102ff4265,2025-12,North Yorkshire Police,North Yorkshire Police,-1.085481,53.958167,On or near North Street,E01033068,York 013G,Burglary,Investigation complete; no suspect identified,
919317d6457daa10ee98f7f5437bc1ff435774032845521dae4bb0335b123558,2025-12,North Yorkshire Police,North Yorkshire Police,-1.084983,53.957273,On or near Bridge Street,E01033068,York 013G,Burglary,Under investigation,
45f793b95f3af3baad312f0948f87e2da9f73de98d0c5968791fd5206d08bb02,2025-12,North Yorkshire Police,North Yorkshire Police,-1.092228,53.958398,On or near Parking Area,E01033068,York 013G,Burglary,Under investigation,
72c615aabbfe8bfdd4f2c023f12549a341f6b87e1c76e31982472541cb1d05fc,2025-12,North Yorkshire Police,North Yorkshire Police,-1.091223,53.960430,On or near Parking Area,E01033068,York 013G,Criminal damage and arson,Unable to prosecute suspect,
aa914481253618ac58941384b199a00e28dcc7f47d389d9c7bfbd555b7a96998,2025-12,North Yorkshire Police,North Yorkshire Police,-1.089426,53.957585,On or near Bus/Coach Station,E01033068,York 013G,Criminal damage and arson,Under investigation,
c53455d5ca359daa7953d04c0e0b9ffd3e792b5cec3d09820e1c3e4c770cb785,2025-12,North Yorkshire Police,North Yorkshire Police,-1.089552,53.958791,On or near Station Road,E01033068,York 013G,Other theft,Awaiting court outcome,
05314345e69745fee5f766cc67b4bfc3c47bd12e3411c35297982599d14d6ce2,2025-12,North Yorkshire Police,North Yorkshire Police,-1.090996,53.956150,On or near Bar Lane,E01033068,York 013G,Other theft,Investigation complete; no suspect identified,
c013c9b29b79923738f1325d8c6d58e8496031a51060821ebef9854a70de737c,2025-12,North Yorkshire Police,North Yorkshire Police,-1.088597,53.957139,On or near Micklegate,E01033068,York 013G,Other theft,Unable to prosecute suspect,
c375d4b10fb9af63f9727f3875d10c8b87a73def5171c8b4980537dabaafdc13,2025-12,North Yorkshire Police,North Yorkshire Police,-1.089552,53.958791,On or near Station Road,E01033068,York 013G,Other theft,Investigation complete; no suspect identified,
fc183660f0d19717cf92a790edc4eb707c826a69a888e32f73b53d96b54f7e47,2025-12,North Yorkshire Police,North Yorkshire Police,-1.084983,53.957273,On or near Bridge Street,E01033068,York 013G,Public order,Investigation complete; no suspect identified,
5ab9d617ebdf00a2e7c6575096c7fea84cbb6b961f42f2263408b9a7da700b5f,2025-12,North Yorkshire Police,North Yorkshire Police,-1.091223,53.960430,On or near Parking Area,E01033068,York 013G,Public order,Unable to prosecute suspect,
b5e9ee1332dfad6d9ddf6418759d7e867a5dec2c82bfdc7813fb841ccff06e1e,2025-12,North Yorkshire Police,North Yorkshire Police,-1.086732,53.958796,On or near Nightclub,E01033068,York 013G,Public order,Unable to prosecute suspect,
91e745b66baeb5c47a23f0ffe0091872ea1497d452fb776d4b0f05ffb9c467fb,2025-12,North Yorkshire Police,North Yorkshire Police,-1.087626,53.959055,On or near Parking Area,E01033068,York 013G,Public order,Under investigation,
39d44de0efd560057787f042fbacfc665f177ff14847b18c2158b848c73002a9,2025-12,North Yorkshire Police,North Yorkshire Police,-1.087626,53.959055,On or near Parking Area,E01033068,York 013G,Public order,Under investigation,
08c46a19fb2bda80803e77ff737baa969de501ef9c26f10c461a9738d53c2aaf,2025-12,North Yorkshire Police,North Yorkshire Police,-1.087626,53.959055,On or near Parking Area,E01033068,York 013G,Public order,Unable to prosecute suspect,
e216764c001e0212f9f1d26bb3e7018e23cdd1b801ab91fe3fb7d209c58ec28a,2025-12,North Yorkshire Police,North Yorkshire Police,-1.084983,53.957273,On or near Bridge Street,E01033068,York 013G,Shoplifting,Under investigation,
84fca08cf1d4b3e8796d6ae5e15cee3833671761ee74bd0329dedca72f961014,2025-12,North Yorkshire Police,North Yorkshire Police,-1.084983,53.957273,On or near Bridge Street,E01033068,York 013G,Shoplifting,Awaiting court outcome,
d3cc12b253372d85384a6b0ee40ff9f44afc1eac0637afc20402cfcc69e4ae47,2025-12,North Yorkshire Police,North Yorkshire Police,-1.084983,53.957273,On or near Bridge Street,E01033068,York 013G,Shoplifting,Investigation complete; no suspect identified,
f3866ba323be4555336f44a89f283d478c7e93b61b8f5e619d9b2fd734184fd8,2025-12,North Yorkshire Police,North Yorkshire Police,-1.084983,53.957273,On or near Bridge Street,E01033068,York 013G,Shoplifting,Unable to prosecute suspect,
d4c2e360068e71df51e80665de92040424624ae10080e900e826c06eddfc50e7,2025-12,North Yorkshire Police,North Yorkshire Police,-1.084983,53.957273,On or near Bridge Street,E01033068,York 013G,Shoplifting,Investigation complete; no suspect identified,
d699992fbd38c270d0b0e57bde22554c91f85d5bc6068f637302e87b08bd9ca9,2025-12,North Yorkshire Police,North Yorkshire Police,-1.091223,53.960430,On or near Parking Area,E01033068,York 013G,Theft from the person,Unable to prosecute suspect,
b4404f151190df5cad9caca9e767298c24c42422deada8c35f7d97aa99c9b67b,2025-12,North Yorkshire Police,North Yorkshire Police,-1.084983,53.957273,On or near Bridge Street,E01033068,York 013G,Theft from the person,Investigation complete; no suspect identified,
93e250b821a938648e2db309433750b07f9d33ed6addf2699f1481160762d5d3,2025-12,North Yorkshire Police,North Yorkshire Police,-1.091223,53.960430,On or near Parking Area,E01033068,York 013G,Theft from the person,Investigation complete; no suspect identified,
911bbff882451ad8897b9f6abf55c8e77a5ab8a30d18dd3f3bfa373c7f872211,2025-12,North Yorkshire Police,North Yorkshire Police,-1.091223,53.960430,On or near Parking Area,E01033068,York 013G,Vehicle crime,Investigation complete; no suspect identified,
02c4962b68737da40d47f0081ffbe0728afdf1660d3e49b99633ebe5db7c2411,2025-12,North Yorkshire Police,North Yorkshire Police,-1.089752,53.955925,On or near Dewsbury Court,E01033068,York 013G,Violence and sexual offences,Under investigation,
c83e333681ee8bfd74f45cdd4e1ad9f5cba92daa0708c5fc78f9ae1c20385a4a,2025-12,North Yorkshire Police,North Yorkshire Police,-1.089426,53.957585,On or near Bus/Coach Station,E01033068,York 013G,Violence and sexual offences,Under investigation,
fad5145c70feca17bdd36c3747e5e9490bb6da9ce13eed92a813f9975e9e369a,2025-12,North Yorkshire Police,North Yorkshire Police,-1.086785,53.957808,On or near George Hudson Street,E01033068,York 013G,Violence and sexual offences,Unable to prosecute suspect,
2f56441f5d62ce861c60b4ac149582b917a15d42ebb8692f59bf264fc2f5a074,2025-12,North Yorkshire Police,North Yorkshire Police,-1.086785,53.957808,On or near George Hudson Street,E01033068,York 013G,Violence and sexual offences,Investigation complete; no suspect identified,
511e180964f34aec16c50b786f63366c98659774e6500961b350ac1e9e7a68b9,2025-12,North Yorkshire Police,North Yorkshire Police,-1.086732,53.958796,On or near Nightclub,E01033068,York 013G,Violence and sexual offences,Under investigation,
bab52ea9f508522cf9d2116931abeca4dae3be83d68c5983462eb4653ebfd44b,2025-12,North Yorkshire Police,North Yorkshire Police,-1.086732,53.958796,On or near Nightclub,E01033068,York 013G,Violence and sexual offences,Under investigation,
d8056927659a24026575740f1be6ad127ecdf9a51331a24066e468727c03b827,2025-12,North Yorkshire Police,North Yorkshire Police,-1.087626,53.959055,On or near Parking Area,E01033068,York 013G,Violence and sexual offences,Unable to prosecute suspect,
bb12db34fed234d3e5a04122be8ee0e8bc9adefd1994be092ddc7fef79a6fd8b,2025-12,North Yorkshire Police,North Yorkshire Police,-1.086732,53.958796,On or near Nightclub,E01033068,York 013G,Violence and sexual offences,Investigation complete; no suspect identified,
e198f56826e0bb1d2b2af43e83680ebe62d5da0bbfc99defb264995fbba0b585,2025-12,North Yorkshire Police,North Yorkshire Police,-1.086785,53.957808,On or near George Hudson Street,E01033068,York 013G,Violence and sexual offences,Investigation complete; no suspect identified,
58684a9b9de211d2443ce35fa7adf60cd0edae12a0de2fd33780fd44f093cdd1,2025-12,North Yorkshire Police,North Yorkshire Police,-1.091223,53.960430,On or near Parking Area,E01033068,York 013G,Violence and sexual offences,Unable to prosecute suspect,
b942b24bee5871d02c3efc43b2d1e383986153c31bd350cce66d66ffaf337eae,2025-12,North Yorkshire Police,North Yorkshire Police,-1.084983,53.957273,On or near Bridge Street,E01033068,York 013G,Violence and sexual offences,Under investigation,
e96c773895e325898a351180eb04b95a2eee1a60b14c8a010e1cbf04e709926e,2025-12,North Yorkshire Police,North Yorkshire Police,-1.084983,53.957273,On or near Bridge Street,E01033068,York 013G,Violence and sexual offences,Unable to prosecute suspect,
4011ea9f46716a99511767fc3839f8c93477fe6164dd792f78226c0647f0a204,2025-12,North Yorkshire Police,North Yorkshire Police,-1.085481,53.958167,On or near North Street,E01033068,York 013G,Violence and sexual offences,Unable to prosecute suspect,
da4566747af0f8bcc801b77ed0ec56dc062e439409d2cfc542d440d2a010b0d7,2025-12,North Yorkshire Police,North Yorkshire Police,-1.086732,53.958796,On or near Nightclub,E01033068,York 013G,Violence and sexual offences,Under investigation,
26d7b23e3447a12bda46f7906f88288d2b843cc2b3dca8b202bf10707449cf12,2025-12,North Yorkshire Police,North Yorkshire Police,-1.091223,53.960430,On or near Parking Area,E01033068,York 013G,Violence and sexual offences,Local resolution,
70f7b7e356c048665e6ce0ba602b5acf68e25db6da0def44218c6f739bae7d4f,2025-12,North Yorkshire Police,North Yorkshire Police,-1.091223,53.960430,On or near Parking Area,E01033068,York 013G,Violence and sexual offences,Unable to prosecute suspect,
3de4e624cdaa7a5770809651f596342abcee226a33a58091e208af3ac8887395,2025-12,North Yorkshire Police,North Yorkshire Police,-1.091223,53.960430,On or near Parking Area,E01033068,York 013G,Violence and sexual offences,Under investigation,
89cfeb6788aaed717ca52992036181bc7598d2bfc415a0a35269189e7bd41e6a,2025-12,North Yorkshire Police,North Yorkshire Police,-1.089752,53.955925,On or near Dewsbury Court,E01033068,York 013G,Violence and sexual offences,Unable to prosecute suspect,
29531c455a81638f7c0004ffaa2b98c749488730d08917c9f50fb143f5c0e1c4,2025-12,North Yorkshire Police,North Yorkshire Police,-1.090996,53.956150,On or near Bar Lane,E01033068,York 013G,Violence and sexual offences,Unable to prosecute suspect,
65c7bf6b913ac5277e09a6fb703b6b6b6fdcf943632779c5d84d4bba40fb7785,2025-12,North Yorkshire Police,North Yorkshire Police,-1.086732,53.958796,On or near Nightclub,E01033068,York 013G,Violence and sexual offences,Investigation complete; no suspect identified,
70416d80b3faaa5e29f909aa34322bf7fd2656fbc91b4c501c7c6923668c8448,2025-12,North Yorkshire Police,North Yorkshire Police,-1.090996,53.956150,On or near Bar Lane,E01033068,York 013G,Violence and sexual offences,Unable to prosecute suspect,
2ac2a45ed1f3f4ceaec5e0e39eb9e0881349015c324530e9a92bd51779033e3f,2025-12,North Yorkshire Police,North Yorkshire Police,-1.092228,53.958398,On or near Parking Area,E01033068,York 013G,Violence and sexual offences,Under investigation,
d5b9f1fd0faa4fe6c0848fc9e232f4261b1034a409fda7849aaa24797c348bab,2025-12,North Yorkshire Police,North Yorkshire Police,-1.087409,53.957831,On or near Parking Area,E01033068,York 013G,Violence and sexual offences,Unable to prosecute suspect,
ddde3a5883c959925d8907e26f9afb8b33c1c466a82f4f40ebed0459afc0eec2,2025-12,North Yorkshire Police,North Yorkshire Police,-1.087626,53.959055,On or near Parking Area,E01033068,York 013G,Violence and sexual offences,Under investigation,
c4cd2834359b89efc47f8ff6f6540765e07cecfacf1937f5722e8e9bd45f21f1,2025-12,North Yorkshire Police,North Yorkshire Police,-1.086785,53.957808,On or near George Hudson Street,E01033068,York 013G,Violence and sexual offences,Unable to prosecute suspect,
c4cd2834359b89efc47f8ff6f6540765e07cecfacf1937f5722e8e9bd45f21f1,2025-12,North Yorkshire Police,North Yorkshire Police,-1.086785,53.957808,On or near George Hudson Street,E01033068,York 013G,Violence and sexual offences,Under investigation,
6d193b4e3623558e6d81f80ab320592b20db461f691e59492605715174fb20d1,2025-12,North Yorkshire Police,North Yorkshire Police,-1.090996,53.956150,On or near Bar Lane,E01033068,York 013G,Violence and sexual offences,Unable to prosecute suspect,
b80e398c7f0b471ffb22bfb5688c8213399aff35f736b9985b31a7ebd9d17e45,2025-12,North Yorkshire Police,North Yorkshire Police,-1.092228,53.958398,On or near Parking Area,E01033068,York 013G,Violence and sexual offences,Under investigation,
69a7a8694b015699a34c1ad2de97dd3b135f84e49ca7d49661b4df3bae2dbbcd,2025-12,North Yorkshire Police,North Yorkshire Police,-1.091223,53.960430,On or near Parking Area,E01033068,York 013G,Violence and sexual offences,Under investigation,
08adce8f31f23400f88ea9143d16444d3f3bd979b9e7e601d447a8d054c5f89b,2025-12,North Yorkshire Police,North Yorkshire Police,-1.090996,53.956150,On or near Bar Lane,E01033068,York 013G,Violence and sexual offences,Unable to prosecute suspect,
68e80fc35737072c7f69c4e389e2e90f2c4b6b4921cb773c43dd7ad89e80820f,2025-12,North Yorkshire Police,North Yorkshire Police,-1.089426,53.957585,On or near Bus/Coach Station,E01033068,York 013G,Violence and sexual offences,Unable to prosecute suspect,
4d3036e5d74e28f4e4f3d06c22099c22223294e8bf58e16477476f7bfcfc9117,2025-12,North Yorkshire Police,North Yorkshire Police,-1.091223,53.960430,On or near Parking Area,E01033068,York 013G,Other crime,Unable to prosecute suspect,
f056c3d56039e6e8d18162aec4131f547d2a8a8723920714d87458c186ff7d3d,2025-12,North Yorkshire Police,North Yorkshire Police,-1.083979,53.953697,On or near Baile Hill Terrace,E01033069,York 013H,Bicycle theft,Investigation complete; no suspect identified,
e256743c78204fc74073051be8c6c227479662a80a6c7a676d462a8aa34c46e5,2025-12,North Yorkshire Police,North Yorkshire Police,-1.084430,53.955363,On or near Lambert Court,E01033069,York 013H,Criminal damage and arson,Investigation complete; no suspect identified,
a6341f1bf6e1c1e40eb69253ac645e89c95c0f1e9530ad90ee3b332e834ebaaf,2025-12,North Yorkshire Police,North Yorkshire Police,-1.084296,53.955911,On or near Albion Street,E01033069,York 013H,Drugs,Local resolution,
8b9a3574cef474203ba0b3a9f0f02a5f4a459e9d6084d06ebe17deb3e243a8f5,2025-12,North Yorkshire Police,North Yorkshire Police,-1.084296,53.955911,On or near Albion Street,E01033069,York 013H,Drugs,Local resolution,
0faabc5ebb39de2f068ef89a16288d76e223dccb8e99de3ec1e9c1de268e695e,2025-12,North Yorkshire Police,North Yorkshire Police,-1.084296,53.955911,On or near Albion Street,E01033069,York 013H,Drugs,Local resolution,
8da23f29c42bbcd5e2f403f03b86849ca0f8f1da7c4ad4975ffc3a36e82d0f92,2025-12,North Yorkshire Police,North Yorkshire Police,-1.084430,53.955363,On or near Lambert Court,E01033069,York 013H,Other theft,Investigation complete; no suspect identified,
7efeccefc1f028faf958d2fef71b33efd68638cd5f53dbb54f6d93d25550ec5c,2025-12,North Yorkshire Police,North Yorkshire Police,-1.084296,53.955911,On or near Albion Street,E01033069,York 013H,Public order,Under investigation,
05cc8d78bc3f700e05092055800c384e9bf6ce1ea8eaa63c4a8fc174ec05d44e,2025-12,North Yorkshire Police,North Yorkshire Police,-1.084296,53.955911,On or near Albion Street,E01033069,York 013H,Theft from the person,Investigation complete; no suspect identified,
,2025-12,North Yorkshire Police,North Yorkshire Police,-1.076817,53.957139,On or near Barleycorn Yard,E01033070,York 013I,Anti-social behaviour,,
,2025-12,North Yorkshire Police,North Yorkshire Police,-1.078605,53.958303,On or near Fossgate,E01033070,York 013I,Anti-social behaviour,,
,2025-12,North Yorkshire Police,North Yorkshire Police,-1.084118,53.959281,On or near ,E01033070,York 013I,Anti-social behaviour,,
,2025-12,North Yorkshire Police,North Yorkshire Police,-1.078605,53.958303,On or near Fossgate,E01033070,York 013I,Anti-social behaviour,,
,2025-12,North Yorkshire Police,North Yorkshire Police,-1.080058,53.960121,On or near King'S Square,E01033070,York 013I,Anti-social behaviour,,
,2025-12,North Yorkshire Police,North Yorkshire Police,-1.078249,53.957159,On or near Merchantgate,E01033070,York 013I,Anti-social behaviour,,
,2025-12,North Yorkshire Police,North Yorkshire Police,-1.080242,53.958346,On or near ,E01033070,York 013I,Anti-social behaviour,,
,2025-12,North Yorkshire Police,North Yorkshire Police,-1.080242,53.958346,On or near ,E01033070,York 013I,Anti-social behaviour,,
,2025-12,North Yorkshire Police,North Yorkshire Police,-1.076272,53.954222,On or near Ancroft Close,E01033070,York 013I,Anti-social behaviour,,
,2025-12,North Yorkshire Police,North Yorkshire Police,-1.080438,53.959476,On or near Little Shambles,E01033070,York 013I,Anti-social behaviour,,
,2025-12,North Yorkshire Police,North Yorkshire Police,-1.080242,53.958346,On or near ,E01033070,York 013I,Anti-social behaviour,,
,2025-12,North Yorkshire Police,North Yorkshire Police,-1.079800,53.958689,On or near Pavement,E01033070,York 013I,Anti-social behaviour,,
,2025-12,North Yorkshire Police,North Yorkshire Police,-1.084118,53.959281,On or near ,E01033070,York 013I,Anti-social behaviour,,
,2025-12,North Yorkshire Police,North Yorkshire Police,-1.079324,53.957819,On or near ,E01033070,York 013I,Anti-social behaviour,,
,2025-12,North Yorkshire Police,North Yorkshire Police,-1.078993,53.955888,On or near Parking Area,E01033070,York 013I,Anti-social behaviour,,
,2025-12,North Yorkshire Police,North Yorkshire Police,-1.077529,53.956623,On or near Piccadilly,E01033070,York 013I,Anti-social behaviour,,
,2025-12,North Yorkshire Police,North Yorkshire Police,-1.080632,53.959658,On or near Newgate,E01033070,York 013I,Anti-social behaviour,,
,2025-12,North Yorkshire Police,North Yorkshire Police,-1.080242,53.958346,On or near ,E01033070,York 013I,Anti-social behaviour,,
,2025-12,North Yorkshire Police,North Yorkshire Police,-1.080242,53.958346,On or near ,E01033070,York 013I,Anti-social behaviour,,
,2025-12,North Yorkshire Police,North Yorkshire Police,-1.078397,53.956683,On or near Parking Area,E01033070,York 013I,Anti-social behaviour,,
,2025-12,North Yorkshire Police,North Yorkshire Police,-1.080242,53.958346,On or near ,E01033070,York 013I,Anti-social behaviour,,
,2025-12,North Yorkshire Police,North Yorkshire Police,-1.076003,53.954643,On or near Lead Mill Lane,E01033070,York 013I,Anti-social behaviour,,
,2025-12,North Yorkshire Police,North Yorkshire Police,-1.080242,53.958346,On or near ,E01033070,York 013I,Anti-social behaviour,,
,2025-12,North Yorkshire Police,North Yorkshire Police,-1.084118,53.959281,On or near ,E01033070,York 013I,Anti-social behaviour,,
,2025-12,North Yorkshire Police,North Yorkshire Police,-1.082339,53.957862,On or near ,E01033070,York 013I,Anti-social behaviour,,
,2025-12,North Yorkshire Police,North Yorkshire Police,-1.082269,53.958690,On or near Market Street,E01033070,York 013I,Anti-social behaviour,,
,2025-12,North Yorkshire Police,North Yorkshire Police,-1.079175,53.957319,On or near Parking Area,E01033070,York 013I,Anti-social behaviour,,
cec0b14a3146ef06476bcbe254a665197f6a78a0be1adb404d79b9472f2c46d0,2025-12,North Yorkshire Police,North Yorkshire Police,-1.080242,53.958346,On or near ,E01033070,York 013I,Bicycle theft,Investigation complete; no suspect identified,
874a0db535fece6b103f3d7daa0dbe0f2562494bbc7eeeeb1f392e28847aeaf7,2025-12,North Yorkshire Police,North Yorkshire Police,-1.082269,53.958690,On or near Market Street,E01033070,York 013I,Bicycle theft,Unable to prosecute suspect,
e94edc7762f5fe3c17796a093e274dc9d09093c8155aa4925e08811c5bfcc55b,2025-12,North Yorkshire Police,North Yorkshire Police,-1.082339,53.957862,On or near ,E01033070,York 013I,Bicycle theft,Unable to prosecute suspect,
5a8e0735d2bc7b8ce1b35d9aca48cda21312740a4575c7d446b0c318a4e8016c,2025-12,North Yorkshire Police,North Yorkshire Police,-1.082240,53.956569,On or near Theatre/Concert Hall,E01033070,York 013I,Bicycle theft,Unable to prosecute suspect,
458716dc27a482e01a6ed543a789df505f0858fa7821c62378379cd416e6febf,2025-12,North Yorkshire Police,North Yorkshire Police,-1.077529,53.956623,On or near Piccadilly,E01033070,York 013I,Bicycle theft,Investigation complete; no suspect identified,
8f9bdc52c623ecbbea9ef6f731da6d30816347e699c270c6a98373fd7c6585dd,2025-12,North Yorkshire Police,North Yorkshire Police,-1.084118,53.959281,On or near ,E01033070,York 013I,Burglary,Unable to prosecute suspect,
c77aad9c062f8c967d23220e4dc7576bae391baeb8f060a5b2a32bdbeeab0eba,2025-12,North Yorkshire Police,North Yorkshire Police,-1.084118,53.959281,On or near ,E01033070,York 013I,Criminal damage and arson,Unable to prosecute suspect,
2d1b616d25d3ece6d8226d03874350617ab09444f4cc0f6982fee1a79132e73e,2025-12,North Yorkshire Police,North Yorkshire Police,-1.078605,53.958303,On or near Fossgate,E01033070,York 013I,Criminal damage and arson,Unable to prosecute suspect,
4258f17ff883eaec39b82151270688aa07dd60e61bfd7e2bc16951418f118464,2025-12,North Yorkshire Police,North Yorkshire Police,-1.080058,53.960121,On or near King'S Square,E01033070,York 013I,Criminal damage and arson,Unable to prosecute suspect,
5a1a294c1b6187619caf5d8b07b4151556bb688f60d147f08f3a268dd7e6b512,2025-12,North Yorkshire Police,North Yorkshire Police,-1.078993,53.955888,On or near Parking Area,E01033070,York 013I,Criminal damage and arson,Investigation complete; no suspect identified,
5e24baf38cbb8188288b916cdc3e47e7bed5f45cc3ce2f38073f167367ae583e,2025-12,North Yorkshire Police,North Yorkshire Police,-1.080242,53.958346,On or near ,E01033070,York 013I,Criminal damage and arson,Awaiting court outcome,
17b52467e75bcf8014bb325d72de494c7d65e7519703518fc8505cc5a3099954,2025-12,North Yorkshire Police,North Yorkshire Police,-1.082240,53.956569,On or near Theatre/Concert Hall,E01033070,York 013I,Criminal damage and arson,Unable to prosecute suspect,
0c88cd785e36acb8d7b0961fa2d00a4e568834f244275d21b62581f0beff8487,2025-12,North Yorkshire Police,North Yorkshire Police,-1.077608,53.954439,On or near A1036,E01033070,York 013I,Criminal damage and arson,Local resolution,
ffab8e2dea8e48ab1fab6b34fb6e921b6f82b5ded197ee39e90a9cdfe4992030,2025-12,North Yorkshire Police,North Yorkshire Police,-1.080242,53.958346,On or near ,E01033070,York 013I,Drugs,Awaiting court outcome,
3f3cd252a6bbd86f1c7e3f316a70f11859dd1935713c6eaf34c72190d945874b,2025-12,North Yorkshire Police,North Yorkshire Police,-1.082340,53.956866,On or near Cumberland Street,E01033070,York 013I,Drugs,Under investigation,
b0cc9bab4c13defaf22f7ea1e4afb66db0e66132bc14cf55fbe9fd2e21ff2017,2025-12,North Yorkshire Police,North Yorkshire Police,-1.080242,53.958346,On or near ,E01033070,York 013I,Drugs,Local resolution,
245194e1e3a0111f3ead01404e32bd3bdf1a1a010fc6d4f9e2ab06bc11236fc3,2025-12,North Yorkshire Police,North Yorkshire Police,-1.080242,53.958346,On or near ,E01033070,York 013I,Drugs,Local resolution,
c7f0a3bf5985454004151356202efd35923df9e54aaa50d14cbcb542a2577fe5,2025-12,North Yorkshire Police,North Yorkshire Police,-1.084118,53.959281,On or near ,E01033070,York 013I,Other theft,Investigation complete; no suspect identified,
59c73cc00515dcde7a8dde9e1a072886f807d467f4921ea17744790b5b747a64,2025-12,North Yorkshire Police,North Yorkshire Police,-1.082340,53.956866,On or near Cumberland Street,E01033070,York 013I,Other theft,Investigation complete; no suspect identified,
9a3d52d00ded742726a1b8f53772db1343c7e8adbde6972cb03cf8fcee23f267,2025-12,North Yorkshire Police,North Yorkshire Police,-1.080242,53.958346,On or near ,E01033070,York 013I,Other theft,Unable to prosecute suspect,
d7a0c04f4e48c1d8f642a3c79ed594dfc3a8fd9f49d2ab9cbe1478f07aaf915b,2025-12,North Yorkshire Police,North Yorkshire Police,-1.078605,53.958303,On or near Fossgate,E01033070,York 013I,Other theft,Unable to prosecute suspect,
9bf93ef2484d3a1e0c0072d3cff32e2834d14aca5d3477ddc642e7b45e937702,2025-12,North Yorkshire Police,North Yorkshire Police,-1.080242,53.958346,On or near ,E01033070,York 013I,Other theft,Investigation complete; no suspect identified,
2c784aa1cb47d82f6992c3fe012e9a414dc08a82d310b81e888d745a505c24d8,2025-12,North Yorkshire Police,North Yorkshire Police,-1.082340,53.956866,On or near Cumberland Street,E01033070,York 013I,Other theft,Investigation complete; no suspect identified,
1513934e8b01cf0264d75fc21dae3603f5b0d02d29637ce21233214686ba07a7,2025-12,North Yorkshire Police,North Yorkshire Police,-1.080438,53.959476,On or near Little Shambles,E01033070,York 013I,Other theft,Investigation complete; no suspect identified,
56e0bb2a30dad157e1eee0778deaa1d40a2b02fcf62ae191c34994b183a2ec45,2025-12,North Yorkshire Police,North Yorkshire Police,-1.080242,53.958346,On or near ,E01033070,York 013I,Other theft,Unable to prosecute suspect,
4388fc95ad7f02905fa2373136d041947c6c53c1ea240b20c63e3ebb55023684,2025-12,North Yorkshire Police,North Yorkshire Police,-1.081430,53.958064,On or near High Ousegate,E01033070,York 013I,Other theft,Investigation complete; no suspect identified,
c97eaa4c79b56f12beba04ada1bd7d740f5f14a3271e22062772a625e86493c3,2025-12,North Yorkshire Police,North Yorkshire Police,-1.075956,53.959559,On or near Dundas Street,E01033070,York 013I,Other theft,Unable to prosecute suspect,
b9c389ed410f1302968ed75e94cc553ae7fda868c2dab36ebfd25dc3a029ef00,2025-12,North Yorkshire Police,North Yorkshire Police,-1.076695,53.955070,On or near Mill Street,E01033070,York 013I,Other theft,Under investigation,
7f4ce0ed5ec0972c7d66bdba83d1d7dda2873fa34687b7202f9e9f781e4777b0,2025-12,North Yorkshire Police,North Yorkshire Police,-1.076817,53.957139,On or near Barleycorn Yard,E01033070,York 013I,Possession of weapons,Under investigation,
e43900a6688c0212af20453be8492c2ff8379641d335b1cc23e242814d1918eb,2025-12,North Yorkshire Police,North Yorkshire Police,-1.077529,53.956623,On or near Piccadilly,E01033070,York 013I,Possession of weapons,Awaiting court outcome,
cfe2bd55957b0b743537dc0fca01c8bd07fb3d84257222c7e65005ea8a11b82e,2025-12,North Yorkshire Police,North Yorkshire Police,-1.076003,53.954643,On or near Lead Mill Lane,E01033070,York 013I,Possession of weapons,Under investigation,
267fea87fc43849731542b4aff0859c38e9eccfcf512b06ee05dc27fb220c0a3,2025-12,North Yorkshire Police,North Yorkshire Police,-1.080451,53.958919,On or near Shopping Area,E01033070,York 013I,Public order,Unable to prosecute suspect,
e3b7f27c6c5981d4ae319b57ea0cd2ecc3ec83ce0a4bccea7e11b2cc3f116080,2025-12,North Yorkshire Police,North Yorkshire Police,-1.080242,53.958346,On or near ,E01033070,York 013I,Public order,Further investigation is not in the public interest,
c7a706f7dc88e5723af9995a4d4b43e7cd31604136993e361a581d1abd1f1491,2025-12,North Yorkshire Police,North Yorkshire Police,-1.080242,53.958346,On or near ,E01033070,York 013I,Public order,Unable to prosecute suspect,
61dae370ea3e8717d6ed4af77bf169d3de77f5c57f1ce3175fd049d0d96d9903,2025-12,North Yorkshire Police,North Yorkshire Police,-1.080242,53.958346,On or near ,E01033070,York 013I,Public order,Unable to prosecute suspect,
5c00c0b3b6146443594a84de3def00df90de5cbbb3cb0df7492cc53018e94e36,2025-12,North Yorkshire Police,North Yorkshire Police,-1.084118,53.959281,On or near ,E01033070,York 013I,Public order,Awaiting court outcome,
68cb83d5b4ea0502b79d4ca2984775cc443c72998672f930cc0f85aa5e89e7de,2025-12,North Yorkshire Police,North Yorkshire Police,-1.080058,53.960121,On or near King'S Square,E01033070,York 013I,Public order,Unable to prosecute suspect,
8e3c39e0bedf55eaf5f9301b29bff48375444965a0b376f4c7652a9a4f349783,2025-12,North Yorkshire Police,North Yorkshire Police,-1.078993,53.955888,On or near Parking Area,E01033070,York 013I,Public order,Investigation complete; no suspect identified,
77a1805dec2e23898e92c3553b37ec7bc87fe9134dc1f8432f18aea545869cf8,2025-12,North Yorkshire Police,North Yorkshire Police,-1.080632,53.959658,On or near Newgate,E01033070,York 013I,Public order,Unable to prosecute suspect,
71df163ce1f62f3589b6f79bb25780cdc8ad665f888c7e8718618cc9074e215d,2025-12,North Yorkshire Police,North Yorkshire Police,-1.077608,53.954439,On or near A1036,E01033070,York 013I,Public order,Unable to prosecute suspect,
79e8eb34731ffc169e3f26dca8d87542a86409d95071d07fa061cd10c4ede1b9,2025-12,North Yorkshire Police,North Yorkshire Police,-1.077608,53.954439,On or near A1036,E01033070,York 013I,Public order,Under investigation,
234bc08233d0c21b1096a3dac91b08647749663e734e0d080dc50b1dd962737a,2025-12,North Yorkshire Police,North Yorkshire Police,-1.082340,53.956866,On or near Cumberland Street,E01033070,York 013I,Public order,Unable to prosecute suspect,
bfc950e904643d1ca6474105894e9ca5f1f8995341762ee000d803c9ceab2288,2025-12,North Yorkshire Police,North Yorkshire Police,-1.080242,53.958346,On or near ,E01033070,York 013I,Robbery,Unable to prosecute suspect,
120905f11d4d431fa39fb22201df969a9a29d724844cf66421c95c87c78a3a54,2025-12,North Yorkshire Police,North Yorkshire Police,-1.082376,53.957280,On or near King Street,E01033070,York 013I,Robbery,Awaiting court outcome,
d89e53279ac62243342c11db29a2f54857029418f23c265485546fcd9015e757,2025-12,North Yorkshire Police,North Yorkshire Police,-1.079597,53.956836,On or near Shopping Area,E01033070,York 013I,Shoplifting,Investigation complete; no suspect identified,
8e9af6dc1360286d9ac480f8c1f39c08da35889e8495e8e223eaf474994e7403,2025-12,North Yorkshire Police,North Yorkshire Police,-1.079597,53.956836,On or near Shopping Area,E01033070,York 013I,Shoplifting,Investigation complete; no suspect identified,
06622f89f296baa1b4e857f240706a4825317f2f9aafabbf66848823acfec2c0,2025-12,North Yorkshire Police,North Yorkshire Police,-1.080451,53.958919,On or near Shopping Area,E01033070,York 013I,Shoplifting,Investigation complete; no suspect identified,
49ea2de85620cb5bdd7d1706fa29c68e8d50d99e3449f206cc5815ec0499e775,2025-12,North Yorkshire Police,North Yorkshire Police,-1.079597,53.956836,On or near Shopping Area,E01033070,York 013I,Shoplifting,Investigation complete; no suspect identified,
756080d3d4da951f4f1c2b03d32880963745e55051dcd4acd3f29aed6809531a,2025-12,North Yorkshire Police,North Yorkshire Police,-1.079597,53.956836,On or near Shopping Area,E01033070,York 013I,Shoplifting,Awaiting court outcome,
c482e936f26e913504e339ec723e7bdcb55b2f36a4f52ef0749571053396b0c3,2025-12,North Yorkshire Police,North Yorkshire Police,-1.082376,53.957280,On or near King Street,E01033070,York 013I,Shoplifting,Awaiting court outcome,
f079c9145baea50d0270fe7680bfe8d24cb90299581dd06962eaf8c22fa99b45,2025-12,North Yorkshire Police,North Yorkshire Police,-1.080451,53.958919,On or near Shopping Area,E01033070,York 013I,Shoplifting,Awaiting court outcome,
8b246db9fb3fe7f4f68b5313b9eeaf6027242cc62937a7625faab993aea3da2e,2025-12,North Yorkshire Police,North Yorkshire Police,-1.079597,53.956836,On or near Shopping Area,E01033070,York 013I,Shoplifting,Under investigation,
02b760d37567cf7ffcc619835f66478e2c88ee21e0b2c53e782eea8aca17740f,2025-12,North Yorkshire Police,North Yorkshire Police,-1.078249,53.957159,On or near Merchantgate,E01033070,York 013I,Shoplifting,Unable to prosecute suspect,
24d7dcdc0f922ef88da36f00bc55a45d2c4a0b77334a2b3542541aa03ee0ca82,2025-12,North Yorkshire Police,North Yorkshire Police,-1.082339,53.957862,On or near ,E01033070,York 013I,Shoplifting,Formal action is not in the public interest,
5c769b15f42b867caa4623f4852b09e9b983b1408467104f4f7be80a85cacd79,2025-12,North Yorkshire Police,North Yorkshire Police,-1.079597,53.956836,On or near Shopping Area,E01033070,York 013I,Shoplifting,Unable to prosecute suspect,
45d396b5b843db24e74c1f2785631955923c2bf8982ab311d420239016600573,2025-12,North Yorkshire Police,North Yorkshire Police,-1.081430,53.958064,On or near High Ousegate,E01033070,York 013I,Shoplifting,Awaiting court outcome,
57d7645d5a455247b482f756e1e5d444ad795acf981060f3108ffc8aac1a6502,2025-12,North Yorkshire Police,North Yorkshire Police,-1.080451,53.958919,On or near Shopping Area,E01033070,York 013I,Shoplifting,Awaiting court outcome,
42d21fb5ead4be3a6df7d23106a756c59b6dfabc086131331d878b66bad89e0c,2025-12,North Yorkshire Police,North Yorkshire Police,-1.082339,53.957862,On or near ,E01033070,York 013I,Shoplifting,Investigation complete; no suspect identified,
2791e4908c735c708b2e77f569090887e96e8ec61138cb69cdbb76e65e442d21,2025-12,North Yorkshire Police,North Yorkshire Police,-1.078249,53.957159,On or near Merchantgate,E01033070,York 013I,Shoplifting,Under investigation,
464551a84df44c3df0cf4868a5aa45e9a6b671c5ef2b53c255d23da4976e5779,2025-12,North Yorkshire Police,North Yorkshire Police,-1.082269,53.958690,On or near Market Street,E01033070,York 013I,Shoplifting,Unable to prosecute suspect,
365bb74dac86876f3eefce321262a2e7b729bdfe7a234324b3f75e3ad85891ff,2025-12,North Yorkshire Police,North Yorkshire Police,-1.082376,53.957280,On or near King Street,E01033070,York 013I,Shoplifting,Unable to prosecute suspect,
aa7b470cdedaccf1f14a8f7c9be4f5a71e0fb8734390d6e8895fccb715d07f82,2025-12,North Yorkshire Police,North Yorkshire Police,-1.078605,53.958303,On or near Fossgate,E01033070,York 013I,Shoplifting,Investigation complete; no suspect identified,
87d85b655deb79b7d2742ced3dceed7d45b0f6c5dfeea247a208eab85c90d0e9,2025-12,North Yorkshire Police,North Yorkshire Police,-1.080451,53.958919,On or near Shopping Area,E01033070,York 013I,Shoplifting,Formal action is not in the public interest,
244feb7308fbde2b1bfcb901a02337ac6b42fd19831569f2b6c9ac50558641df,2025-12,North Yorkshire Police,North Yorkshire Police,-1.079597,53.956836,On or near Shopping Area,E01033070,York 013I,Shoplifting,Awaiting court outcome,
ca7c99a4c6d6e2ae0388b2f38946256d9ae8b05ec4fe95ffafacfa6927a55813,2025-12,North Yorkshire Police,North Yorkshire Police,-1.079597,53.956836,On or near Shopping Area,E01033070,York 013I,Shoplifting,Investigation complete; no suspect identified,
20be50517eec68611a6530d6339af805b6366ee4ca176c4dcba4b9e54fc09cd1,2025-12,North Yorkshire Police,North Yorkshire Police,-1.079597,53.956836,On or near Shopping Area,E01033070,York 013I,Shoplifting,Investigation complete; no suspect identified,
971a4da19604df1d0dff750774d7d157ab3590ba61b9c6ec5b2a341d8ff0e733,2025-12,North Yorkshire Police,North Yorkshire Police,-1.082376,53.957280,On or near King Street,E01033070,York 013I,Shoplifting,Awaiting court outcome,
8ea2812817b86c1dda8697a7667f798c4fb5ad90d7c740157b6aff47d099b8e2,2025-12,North Yorkshire Police,North Yorkshire Police,-1.080451,53.958919,On or near Shopping Area,E01033070,York 013I,Shoplifting,Local resolution,
00d9cc5bf8ffa498ba0149b1bc1f62f673388939e4561a4ce6fc013bb9787200,2025-12,North Yorkshire Police,North Yorkshire Police,-1.078605,53.958303,On or near Fossgate,E01033070,York 013I,Theft from the person,Unable to prosecute suspect,
2712dc82f3a76e77e1a76cfadb9f3b9fee2bc76805fb74a88f6c8ceea2316815,2025-12,North Yorkshire Police,North Yorkshire Police,-1.077316,53.956639,On or near Shopping Area,E01033070,York 013I,Vehicle crime,Under investigation,
7afb2fe5ac928a8d2a49af2c4ad1fceddcb33f3b815f070acf7400bcbf741da1,2025-12,North Yorkshire Police,North Yorkshire Police,-1.084118,53.959281,On or near ,E01033070,York 013I,Violence and sexual offences,Unable to prosecute suspect,
c0c301a57561c5e3a305ae3129f29c43558744fbf762966a6132253c4a9a7f86,2025-12,North Yorkshire Police,North Yorkshire Police,-1.082339,53.957862,On or near ,E01033070,York 013I,Violence and sexual offences,Under investigation,
9734491d98fca1b3119acf63aa1fe57e3d504c0f671e80e33f418e44d0de110b,2025-12,North Yorkshire Police,North Yorkshire Police,-1.080242,53.958346,On or near ,E01033070,York 013I,Violence and sexual offences,Awaiting court outcome,
106fd8e9b68287748857236c4a977007d26eed18808ef7c490b5fe6b8a836cc4,2025-12,North Yorkshire Police,North Yorkshire Police,-1.080242,53.958346,On or near ,E01033070,York 013I,Violence and sexual offences,Unable to prosecute suspect,
0e87c72a34d629bdd58bb7a7d4206f74df34e5a8b34cf3b1006f8c5547cd955b,2025-12,North Yorkshire Police,North Yorkshire Police,-1.073400,53.956609,On or near Paver Lane,E01033070,York 013I,Violence and sexual offences,Unable to prosecute suspect,
20a596982dddfc494fdc2b88be6f03bc94f69c85df9810e489d312fb2e7c8c5f,2025-12,North Yorkshire Police,North Yorkshire Police,-1.082240,53.956569,On or near Theatre/Concert Hall,E01033070,York 013I,Violence and sexual offences,Unable to prosecute suspect,
ea41169d430c4b2939233fd72d577380a8d41bfdae26113072fb901e3310e544,2025-12,North Yorkshire Police,North Yorkshire Police,-1.082240,53.956569,On or near Theatre/Concert Hall,E01033070,York 013I,Violence and sexual offences,Unable to prosecute suspect,
03a80e51969e0012de40eb85c99275121d88c273a5c59c2707fce9023504f8ae,2025-12,North Yorkshire Police,North Yorkshire Police,-1.080058,53.960121,On or near King'S Square,E01033070,York 013I,Violence and sexual offences,Unable to prosecute suspect,
39fc4acb128d654455485828e2d92a04a81bb063efb29966ac6b5315afd52f3b,2025-12,North Yorkshire Police,North Yorkshire Police,-1.080058,53.960121,On or near King'S Square,E01033070,York 013I,Violence and sexual offences,Unable to prosecute suspect,
6b1bd3d7340d30ffe0ee9c54b7111f9872b126575ba1e8de7050a512e6ca54db,2025-12,North Yorkshire Police,North Yorkshire Police,-1.080242,53.958346,On or near ,E01033070,York 013I,Violence and sexual offences,Awaiting court outcome,
729941649c39c33ca1bbbf969983d57784a7271cff7783ff136fac21461aa940,2025-12,North Yorkshire Police,North Yorkshire Police,-1.084118,53.959281,On or near ,E01033070,York 013I,Violence and sexual offences,Unable to prosecute suspect,
92aadc25573b78de6533563fb8f307d4764c305e4fef945e0142ca29b27d9a60,2025-12,North Yorkshire Police,North Yorkshire Police,-1.082376,53.957280,On or near King Street,E01033070,York 013I,Violence and sexual offences,Unable to prosecute suspect,
cc3b733b5a090b287546aa9375b4eb83287bf797d0c6199cc7e0a0e407bc7d58,2025-12,North Yorkshire Police,North Yorkshire Police,-1.082376,53.957280,On or near King Street,E01033070,York 013I,Violence and sexual offences,Unable to prosecute suspect,
786b76c9fd6b251b2fea5358fc4481435abda94a1c3c11da7c9b1d906f73be66,2025-12,North Yorkshire Police,North Yorkshire Police,-1.080242,53.958346,On or near ,E01033070,York 013I,Violence and sexual offences,Unable to prosecute suspect,
b554691af7feaac46540778e0572543f714a6f15bd979c8fa19015caab9faed1,2025-12,North Yorkshire Police,North Yorkshire Police,-1.084118,53.959281,On or near ,E01033070,York 013I,Violence and sexual offences,Awaiting court outcome,
537f32247e0eb1298de8b8fa3600f2862735f0cdfe24b95761dc35d6a09b31ac,2025-12,North Yorkshire Police,North Yorkshire Police,-1.078249,53.957159,On or near Merchantgate,E01033070,York 013I,Violence and sexual offences,Unable to prosecute suspect,
8a9508d605f645b00fffe93cbf87939e37f6eef76bbe70000bac7c34dad107d0,2025-12,North Yorkshire Police,North Yorkshire Police,-1.082340,53.956866,On or near Cumberland Street,E01033070,York 013I,Violence and sexual offences,Investigation complete; no suspect identified,
5f8b218688e819c723f400c7d0709ffdf4f28721e19f3a82b8558682af34caaf,2025-12,North Yorkshire Police,North Yorkshire Police,-1.073400,53.956609,On or near Paver Lane,E01033070,York 013I,Violence and sexual offences,Unable to prosecute suspect,
44be09e58456281fd0f88836482b93efa0b4a7e06bf4c1212005a613e1b88744,2025-12,North Yorkshire Police,North Yorkshire Police,-1.076695,53.955070,On or near Mill Street,E01033070,York 013I,Violence and sexual offences,Awaiting court outcome,
845e7574add62cdbd9cdd292564097895923fa1d71edac4f59ce3e9718371778,2025-12,North Yorkshire Police,North Yorkshire Police,-1.078249,53.957159,On or near Merchantgate,E01033070,York 013I,Violence and sexual offences,Investigation complete; no suspect identified,
d835cf29016050bc46a939aa1adb7dd1041628310d20a6e0f0c2556c2fc42c92,2025-12,North Yorkshire Police,North Yorkshire Police,-1.084118,53.959281,On or near ,E01033070,York 013I,Violence and sexual offences,Unable to prosecute suspect,
895ea1de3725ca60c6ccb8fff359c72248a07dbbf0f9da0409bada4b214060cc,2025-12,North Yorkshire Police,North Yorkshire Police,-1.084118,53.959281,On or near ,E01033070,York 013I,Violence and sexual offences,Unable to prosecute suspect,
b7fbf60c07c50725eec25c1fe13da35b87b689f73529eaeda449eefa19c96742,2025-12,North Yorkshire Police,North Yorkshire Police,-1.082269,53.958690,On or near Market Street,E01033070,York 013I,Violence and sexual offences,Investigation complete; no suspect identified,
5c978350ad6113eaf302e51b00d961bff8362c5e774eeef9071a98c072424c87,2025-12,North Yorkshire Police,North Yorkshire Police,-1.082376,53.957280,On or near King Street,E01033070,York 013I,Violence and sexual offences,Further action is not in the public interest,
ed7be91d1b5bd484287559a0bd35a780d0ba4b3f63574d4311c3bb44581e6360,2025-12,North Yorkshire Police,North Yorkshire Police,-1.082376,53.957280,On or near King Street,E01033070,York 013I,Violence and sexual offences,Unable to prosecute suspect,
170dab0eee1b02da1d07524f01cb523c942623e67fc93ac49a386607f66a4a94,2025-12,North Yorkshire Police,North Yorkshire Police,-1.073400,53.956609,On or near Paver Lane,E01033070,York 013I,Violence and sexual offences,Unable to prosecute suspect,
8b8956d18985cd7c5fab02c9cc88b69d8c91e46468d740db55b2cce218016151,2025-12,North Yorkshire Police,North Yorkshire Police,-1.080058,53.960121,On or near King'S Square,E01033070,York 013I,Violence and sexual offences,Unable to prosecute suspect,
ebc900ffc8e29181002f97dfb297773c0037d5026e41f5ea9a9ea4b99e4a0030,2025-12,North Yorkshire Police,North Yorkshire Police,-1.082240,53.956569,On or near Theatre/Concert Hall,E01033070,York 013I,Violence and sexual offences,Unable to prosecute suspect,
f5b6c485db205a500822c226e885292cc3ca6c87306057855e3526a01cde33a3,2025-12,North Yorkshire Police,North Yorkshire Police,-1.080632,53.959658,On or near Newgate,E01033070,York 013I,Violence and sexual offences,Under investigation,
95686b266bbb1052c80c3d84f9e58fb7d5426739d9bcaad0176609f79ceedea8,2025-12,North Yorkshire Police,North Yorkshire Police,-1.076695,53.955070,On or near Mill Street,E01033070,York 013I,Violence and sexual offences,Awaiting court outcome,
475162d18dcbc89787b214f7259f6f45f86db1300ad86fbf01567695a8371d5b,2025-12,North Yorkshire Police,North Yorkshire Police,-1.082340,53.956866,On or near Cumberland Street,E01033070,York 013I,Violence and sexual offences,Under investigation,
8f92572c06c022fb31ab64b70f1b853d19ca8db273b9ee828609abf6f48dcf46,2025-12,North Yorkshire Police,North Yorkshire Police,-1.082507,53.956904,On or near Theatre/Concert Hall,E01033070,York 013I,Violence and sexual offences,Unable to prosecute suspect,
b57927c6301b8da518b9eba5440ac26def59a06a774bb9d0193805fcd826eb87,2025-12,North Yorkshire Police,North Yorkshire Police,-1.084118,53.959281,On or near ,E01033070,York 013I,Violence and sexual offences,Unable to prosecute suspect,
e1f6537b856597e0394002a7cb3da89e189fe287eb77cc7a02d75c4142f9ced6,2025-12,North Yorkshire Police,North Yorkshire Police,-1.078993,53.955888,On or near Parking Area,E01033070,York 013I,Violence and sexual offences,Unable to prosecute suspect,
831f2965e9fecebb533062e208f2c776a98afa7b4e9a6b3f876d91fd9e1c1b74,2025-12,North Yorkshire Police,North Yorkshire Police,-1.082240,53.956569,On or near Theatre/Concert Hall,E01033070,York 013I,Violence and sexual offences,Under investigation,
b021d7fd92c79371fdc8c56917ba24fc9babf1b2ef0a687fe7e8c6546428d0a7,2025-12,North Yorkshire Police,North Yorkshire Police,-1.078993,53.955888,On or near Parking Area,E01033070,York 013I,Violence and sexual offences,Unable to prosecute suspect,
f1d148882c7a10dad9d5b4202986f30345c2edc47e3e440070e580fbd02f1181,2025-12,North Yorkshire Police,North Yorkshire Police,-1.082376,53.957280,On or near King Street,E01033070,York 013I,Violence and sexual offences,Awaiting court outcome,
f1635e54cb3f30fbf49f36d0d2ce6ce5ffd411fa195defad16afc2f049863db0,2025-12,North Yorkshire Police,North Yorkshire Police,-1.082376,53.957280,On or near King Street,E01033070,York 013I,Violence and sexual offences,Awaiting court outcome,
1783e73fc419487aacf07a09dab616ec29d632f99a91d175c814e959171768ba,2025-12,North Yorkshire Police,North Yorkshire Police,-1.082339,53.957862,On or near ,E01033070,York 013I,Violence and sexual offences,Under investigation,
013480622fcf402eff58b1b75e498486c45ef1f8676bcbe0518faf34e2014b5f,2025-12,North Yorkshire Police,North Yorkshire Police,-1.080917,53.957808,On or near Coppergate,E01033070,York 013I,Violence and sexual offences,Awaiting court outcome,
259a1ac58924177185e7aa7cf82d6e0875220142e034da3e375dd637782f103d,2025-12,North Yorkshire Police,North Yorkshire Police,-1.084118,53.959281,On or near ,E01033070,York 013I,Violence and sexual offences,Awaiting court outcome,
bd9cf8b4a647fa441a822d5a5fa3b1ad072ade020e888bcf75913b9dae139ca0,2025-12,North Yorkshire Police,North Yorkshire Police,-1.080917,53.957808,On or near Coppergate,E01033070,York 013I,Violence and sexual offences,Awaiting court outcome,
6d65709d2ff485a75425b9b88be6357d7b1df572ce25074ea7c82ee8e5386f8b,2025-12,North Yorkshire Police,North Yorkshire Police,-1.082376,53.957280,On or near King Street,E01033070,York 013I,Violence and sexual offences,Investigation complete; no suspect identified,
dc642e6512bb2179a5735e47a7fae3832620431082c8ec2cbce547756bc0117f,2025-12,North Yorkshire Police,North Yorkshire Police,-1.084118,53.959281,On or near ,E01033070,York 013I,Violence and sexual offences,Unable to prosecute suspect,
822b89a01c479b3827282abfdcc8f745657f594779cd19446040f581055e525e,2025-12,North Yorkshire Police,North Yorkshire Police,-1.080242,53.958346,On or near ,E01033070,York 013I,Violence and sexual offences,Unable to prosecute suspect,
10314b633ac9c0b71f0a1b99eaaf999219760439fbc66d6eaae8dc708a9eeb04,2025-12,North Yorkshire Police,North Yorkshire Police,-1.084118,53.959281,On or near ,E01033070,York 013I,Violence and sexual offences,Awaiting court outcome,
2d13ee3ddff16ad71a2d7dd0d9842b7292685613e21b6fafaa221b47ceb65a7c,2025-12,North Yorkshire Police,North Yorkshire Police,-1.080242,53.958346,On or near ,E01033070,York 013I,Violence and sexual offences,Unable to prosecute suspect,
61597dd5c392624b79ffdbe2d80ffb1f6e1536426dc0bc702f25d37b6039dba2,2025-12,North Yorkshire Police,North Yorkshire Police,-1.076695,53.955070,On or near Mill Street,E01033070,York 013I,Violence and sexual offences,Awaiting court outcome,
52379950677450694a8b8ba2b5c67c878d6fc279575d1b35d90dcff3dc469936,2025-12,North Yorkshire Police,North Yorkshire Police,-1.073400,53.956609,On or near Paver Lane,E01033070,York 013I,Violence and sexual offences,Awaiting court outcome,
324bfdc6e4b1ce1a98b5bd61d7ca93651546bfe747ad72cef04e12e489ad69b2,2025-12,North Yorkshire Police,North Yorkshire Police,-1.082339,53.957862,On or near ,E01033070,York 013I,Violence and sexual offences,Unable to prosecute suspect,
4c6b0b18979f79bf6eafdf0aad43611bb0fe87ebfc642d0b159c3b758e7706c8,2025-12,North Yorkshire Police,North Yorkshire Police,-1.082376,53.957280,On or near King Street,E01033070,York 013I,Violence and sexual offences,Under investigation,
a3abf114ac9c3292b6722beee957d128238ab5799ed2e60a08b9a9097b0c6e8c,2025-12,North Yorkshire Police,North Yorkshire Police,-1.084118,53.959281,On or near ,E01033070,York 013I,Violence and sexual offences,Unable to prosecute suspect,
bcb0ff2619dc7cf4b257db6469b633286630a73d1366810ea9b2c7c0f199fef2,2025-12,North Yorkshire Police,North Yorkshire Police,-1.079597,53.956836,On or near Shopping Area,E01033070,York 013I,Violence and sexual offences,Investigation complete; no suspect identified,
,2025-12,North Yorkshire Police,North Yorkshire Police,-1.050055,53.966547,On or near Kirkstone Drive,E01013381,York 014A,Anti-social behaviour,,
,2025-12,North Yorkshire Police,North Yorkshire Police,-1.051953,53.964837,On or near Leyland Road,E01013381,York 014A,Anti-social behaviour,,
,2025-12,North Yorkshire Police,North Yorkshire Police,-1.037723,53.950621,On or near Brentwood Crescent,E01013402,York 014B,Anti-social behaviour,,
b83e80b908f08847f5cfb00388d3489d36608593eda9a842e4815b1451a33b18,2025-12,North Yorkshire Police,North Yorkshire Police,-1.037693,53.951951,On or near Fernway,E01013402,York 014B,Burglary,Investigation complete; no suspect identified,
ca006702f814901c96f906d1fb1ddf425b94000c14d25a9e35db1eac6d85a258,2025-12,North Yorkshire Police,North Yorkshire Police,-1.045575,53.953803,On or near Hull Road,E01013402,York 014B,Vehicle crime,Investigation complete; no suspect identified,
ee595e5a0a8cabd62e5cd99c637d67cd2532932322a99d11137b8fe045d7b39c,2025-12,North Yorkshire Police,North Yorkshire Police,-1.033077,53.952561,On or near Foxthorn Paddock,E01013402,York 014B,Vehicle crime,Investigation complete; no suspect identified,
eade54897c1d5ac595c9d4ab7f217f2df9ef450faf212cb86c763bb26602bc41,2025-12,North Yorkshire Police,North Yorkshire Police,-1.037723,53.950621,On or near Brentwood Crescent,E01013402,York 014B,Violence and sexual offences,Unable to prosecute suspect,
8e5f173c47dd8bcf815e9938b74b0ea1a98b5ec8ca9155c83d46e37e90fa97a3,2025-12,North Yorkshire Police,North Yorkshire Police,-1.039908,53.951034,On or near Bishopsway,E01013402,York 014B,Violence and sexual offences,Unable to prosecute suspect,
,2025-12,North Yorkshire Police,North Yorkshire Police,-1.044809,53.961284,On or near Seebohm Mews,E01013419,York 014C,Anti-social behaviour,,
,2025-12,North Yorkshire Police,North Yorkshire Police,-1.041079,53.961092,On or near St Aelreds Way,E01013419,York 014C,Anti-social behaviour,,
,2025-12,North Yorkshire Police,North Yorkshire Police,-1.041079,53.961092,On or near St Aelreds Way,E01013419,York 014C,Anti-social behaviour,,
,2025-12,North Yorkshire Police,North Yorkshire Police,-1.044079,53.961677,On or near ,E01013419,York 014C,Anti-social behaviour,,
,2025-12,North Yorkshire Police,North Yorkshire Police,-1.042831,53.959830,On or near Lotherington Avenue,E01013419,York 014C,Anti-social behaviour,,
,2025-12,North Yorkshire Police,North Yorkshire Police,-1.044809,53.961284,On or near Seebohm Mews,E01013419,York 014C,Anti-social behaviour,,
,2025-12,North Yorkshire Police,North Yorkshire Police,-1.038626,53.959724,On or near Derwent Way,E01013419,York 014C,Anti-social behaviour,,
,2025-12,North Yorkshire Police,North Yorkshire Police,-1.044809,53.961284,On or near Seebohm Mews,E01013419,York 014C,Anti-social behaviour,,
,2025-12,North Yorkshire Police,North Yorkshire Police,-1.044079,53.961677,On or near ,E01013419,York 014C,Anti-social behaviour,,
8d75a8e4578117629b09dd3d3fbaca690ed32991308985d2828f134a2793bcda,2025-12,North Yorkshire Police,North Yorkshire Police,-1.043088,53.961890,On or near St Aelreds Mews,E01013419,York 014C,Criminal damage and arson,Under investigation,
d1cd39f75fc53f81de403bf7ae64ddb95ea627ed8c2ee842955916b2538041b5,2025-12,North Yorkshire Police,North Yorkshire Police,-1.042716,53.964826,On or near Worcester Drive,E01013419,York 014C,Other theft,Unable to prosecute suspect,
66ae29f8202abea6da229055f5fc0bd958983f25512061225df17c0890175b9e,2025-12,North Yorkshire Police,North Yorkshire Police,-1.041079,53.961092,On or near St Aelreds Way,E01013419,York 014C,Public order,Unable to prosecute suspect,
9a143fd99a399fbdbcba36733d63724fd4a6acb4276744952b304d48d0e6becc,2025-12,North Yorkshire Police,North Yorkshire Police,-1.038411,53.958482,On or near Osbaldwick Lane,E01013419,York 014C,Vehicle crime,Investigation complete; no suspect identified,
3f5fdec2ec21dd2f63bd9b1e9ae2497e235a7fb00bddc277d98e5ea80fb62ebf,2025-12,North Yorkshire Police,North Yorkshire Police,-1.038626,53.959724,On or near Derwent Way,E01013419,York 014C,Vehicle crime,Under investigation,
09765c8c23f35fdc0a71f9364ffb895fe27de18340b05862d2282f581fc68b1c,2025-12,North Yorkshire Police,North Yorkshire Police,-1.043938,53.959398,On or near Lotherington Mews,E01013419,York 014C,Violence and sexual offences,Unable to prosecute suspect,
1d0e2a8ea41f9fbf661b59125fe9ff26882c89cf0265b9b6d81bffc2fc18e15d,2025-12,North Yorkshire Police,North Yorkshire Police,-1.035877,53.960008,On or near Yew Tree Mews,E01013419,York 014C,Violence and sexual offences,Unable to prosecute suspect,
a77c7df253c29fd075098361b65d64e4f2151150a3894cb783296c5acda1006c,2025-12,North Yorkshire Police,North Yorkshire Police,-1.038411,53.958482,On or near Osbaldwick Lane,E01013419,York 014C,Violence and sexual offences,Unable to prosecute suspect,
b01af5263b2e725b056112bbacd573b0a398f8ea0f428fcba6ee03276d135d59,2025-12,North Yorkshire Police,North Yorkshire Police,-1.027135,53.954575,On or near ,E01013420,York 014D,Public order,Unable to prosecute suspect,
fa6a0edf9a150521237826119d443c088cfadb81f4b206e4a0bf104098022003,2025-12,North Yorkshire Police,North Yorkshire Police,-1.029101,53.953885,On or near Petrol Station,E01013420,York 014D,Shoplifting,Investigation complete; no suspect identified,
1e8601acc750137aa0b398c399454e411cb6d3733e4d646990128f3f6e25bb6c,2025-12,North Yorkshire Police,North Yorkshire Police,-1.029101,53.953885,On or near Petrol Station,E01013420,York 014D,Shoplifting,Awaiting court outcome,
,2025-12,North Yorkshire Police,North Yorkshire Police,-1.052198,53.962789,On or near Asquith Avenue,E01013384,York 015A,Anti-social behaviour,,
,2025-12,North Yorkshire Police,North Yorkshire Police,-1.054580,53.960223,On or near ,E01013384,York 015A,Anti-social behaviour,,
cfb6db51981181b4d5bd29332f504d83faacbc815a155e35dd0e2091c045a84b,2025-12,North Yorkshire Police,North Yorkshire Police,-1.058980,53.960119,On or near St Aelreds Close,E01013384,York 015A,Criminal damage and arson,Investigation complete; no suspect identified,
9916dfa6cedafec83c4ee0d4ee546b057040a333f8efcd0e9aa4cad3a0626eae,2025-12,North Yorkshire Police,North Yorkshire Police,-1.052198,53.962789,On or near Asquith Avenue,E01013384,York 015A,Public order,Unable to prosecute suspect,
50ca2d2a325853bc97657b7df0e67bbcd8319c94d7096815ab4963779b0c9853,2025-12,North Yorkshire Police,North Yorkshire Police,-1.053488,53.961002,On or near Sterne Avenue,E01013384,York 015A,Violence and sexual offences,Unable to prosecute suspect,
25adec99519bdc207a4acec266129647ffc83aa91247a9774686d14550437575,2025-12,North Yorkshire Police,North Yorkshire Police,-1.059318,53.961362,On or near Eighth Avenue,E01013384,York 015A,Violence and sexual offences,Unable to prosecute suspect,
,2025-12,North Yorkshire Police,North Yorkshire Police,-1.045181,53.956999,On or near Osbaldwick Lane,E01013398,York 015B,Anti-social behaviour,,
,2025-12,North Yorkshire Police,North Yorkshire Police,-1.046969,53.957454,On or near Tuke Avenue,E01013398,York 015B,Anti-social behaviour,,
24a1ef2632a98854a187476a158f774e5244a211829ed8da0af7631d7290cc9b,2025-12,North Yorkshire Police,North Yorkshire Police,-1.046969,53.957454,On or near Tuke Avenue,E01013398,York 015B,Drugs,Under investigation,
f271c895f60ce63f1a24002b6549da8b6cfd4e06bf6581ba3d53359d29a2149a,2025-12,North Yorkshire Police,North Yorkshire Police,-1.046969,53.957454,On or near Tuke Avenue,E01013398,York 015B,Other theft,Unable to prosecute suspect,
e0d2b960314ddaf94cb5514ff58ae618545fb379a5f58411d7457db15a2d817b,2025-12,North Yorkshire Police,North Yorkshire Police,-1.042963,53.954726,On or near Woolnough Avenue,E01013398,York 015B,Public order,Unable to prosecute suspect,
d5f75fa5d79995a27d5cdcc282b24b670a8522e65241e392ca3703e5fe758343,2025-12,North Yorkshire Police,North Yorkshire Police,-1.045181,53.956999,On or near Osbaldwick Lane,E01013398,York 015B,Violence and sexual offences,Under investigation,
c665f32d3eac8b51260c82d9d06b8da817cb8590b5416441399703878e5829bc,2025-12,North Yorkshire Police,North Yorkshire Police,-1.046969,53.957454,On or near Tuke Avenue,E01013398,York 015B,Violence and sexual offences,Awaiting court outcome,
762145c2c645a401d9dcfd64d825744da46d340ae7db037c66a3369ddeb1a2de,2025-12,North Yorkshire Police,North Yorkshire Police,-1.045375,53.957882,On or near Moore Avenue,E01013398,York 015B,Violence and sexual offences,Under investigation,
43c867e29333fa203bcbfd338593908eba76dac3373ceea1dea69eb2b13bf218,2025-12,North Yorkshire Police,North Yorkshire Police,-1.045181,53.956999,On or near Osbaldwick Lane,E01013398,York 015B,Violence and sexual offences,Unable to prosecute suspect,
5e42a9442faa7c442c87bcf704d348683de99cd5a29f8ddc754e86e01f211e26,2025-12,North Yorkshire Police,North Yorkshire Police,-1.045181,53.956999,On or near Osbaldwick Lane,E01013398,York 015B,Violence and sexual offences,Unable to prosecute suspect,
17e7f7ac31c1e1e7ece20d4e80e17732563c469c1d3069f1f37f5040fd8e91d1,2025-12,North Yorkshire Police,North Yorkshire Police,-1.045181,53.956999,On or near Osbaldwick Lane,E01013398,York 015B,Violence and sexual offences,Under investigation,
ef56c373323e6d312e4cbe27e2ba69e556d3bd97517e7f7a43f134e4c1f8a6b0,2025-12,North Yorkshire Police,North Yorkshire Police,-1.045375,53.957882,On or near Moore Avenue,E01013398,York 015B,Other crime,Under investigation,
55f5d92c8a98bf26481e387174f147b5f9d3b55172e6210826aacc852986ca39,2025-12,North Yorkshire Police,North Yorkshire Police,-1.045181,53.956999,On or near Osbaldwick Lane,E01013398,York 015B,Other crime,Further investigation is not in the public interest,
,2025-12,North Yorkshire Police,North Yorkshire Police,-1.059247,53.957038,On or near Harington Avenue,E01013399,York 015C,Anti-social behaviour,,
,2025-12,North Yorkshire Police,North Yorkshire Police,-1.052827,53.957905,On or near Welborn Close,E01013399,York 015C,Anti-social behaviour,,
,2025-12,North Yorkshire Police,North Yorkshire Police,-1.059247,53.957038,On or near Harington Avenue,E01013399,York 015C,Anti-social behaviour,,
,2025-12,North Yorkshire Police,North Yorkshire Police,-1.059247,53.957038,On or near Harington Avenue,E01013399,York 015C,Anti-social behaviour,,
,2025-12,North Yorkshire Police,North Yorkshire Police,-1.055820,53.957632,On or near Burlington Avenue,E01013399,York 015C,Anti-social behaviour,,
,2025-12,North Yorkshire Police,North Yorkshire Police,-1.059518,53.957885,On or near Rawdon Avenue,E01013399,York 015C,Anti-social behaviour,,
,2025-12,North Yorkshire Police,North Yorkshire Police,-1.052827,53.957905,On or near Welborn Close,E01013399,York 015C,Anti-social behaviour,,
876d09a7f47de7d90dff1f61f92ab2328b8cac33e87a2793fbe4ba08463c19fa,2025-12,North Yorkshire Police,North Yorkshire Police,-1.055820,53.957632,On or near Burlington Avenue,E01013399,York 015C,Criminal damage and arson,Awaiting court outcome,
4828ac757f1bdb756870c4c567754d3cee7e05cf6acdd04f133006dbe7449162,2025-12,North Yorkshire Police,North Yorkshire Police,-1.055820,53.957632,On or near Burlington Avenue,E01013399,York 015C,Criminal damage and arson,Awaiting court outcome,
78a735db7fca50b7f55d7d4fdf00a4914e7c2708edc8c442b6ce271b4ea2c9d6,2025-12,North Yorkshire Police,North Yorkshire Police,-1.055820,53.957632,On or near Burlington Avenue,E01013399,York 015C,Drugs,Under investigation,
af0a6a598acd59e0449f131ce1aaf8a5411c4703cdaf668ce3ad195391480c1f,2025-12,North Yorkshire Police,North Yorkshire Police,-1.059518,53.957885,On or near Rawdon Avenue,E01013399,York 015C,Violence and sexual offences,Unable to prosecute suspect,
7332f8be8b17d3527d4f6b66ce0260d9cb6f7aedea2e05d533c63c9ed7d9201f,2025-12,North Yorkshire Police,North Yorkshire Police,-1.055820,53.957632,On or near Burlington Avenue,E01013399,York 015C,Violence and sexual offences,Unable to prosecute suspect,
53b23fad42fb35a3015c99afceb00e9dd63d9a42b885a5775c467e241307d070,2025-12,North Yorkshire Police,North Yorkshire Police,-1.055820,53.957632,On or near Burlington Avenue,E01013399,York 015C,Violence and sexual offences,Under investigation,
a7df7cae2561d25a068356579ee962d11d09211bbd1988489b11d05197d8abb0,2025-12,North Yorkshire Police,North Yorkshire Police,-1.055820,53.957632,On or near Burlington Avenue,E01013399,York 015C,Violence and sexual offences,Under investigation,
8bd9561b46fde47f1abc7eb7a34b29308415acbfd019f86a785845e99ff87868,2025-12,North Yorkshire Police,North Yorkshire Police,-1.056815,53.958134,On or near Hewley Avenue,E01013399,York 015C,Violence and sexual offences,Under investigation,
fbaa73534e00e8253b1d904a241b4ccbdd0c01c0e8c1ae6870536f999dbce665,2025-12,North Yorkshire Police,North Yorkshire Police,-1.061590,53.956544,On or near Fieldside Place,E01013399,York 015C,Violence and sexual offences,Under investigation,
,2025-12,North Yorkshire Police,North Yorkshire Police,-1.061922,53.954668,On or near Manor Court,E01013400,York 015D,Anti-social behaviour,,
,2025-12,North Yorkshire Police,North Yorkshire Police,-1.062951,53.956321,On or near Bull Lane,E01013400,York 015D,Anti-social behaviour,,
b92701c3c067a95a5830488d47c2134cba631f115c214c268794d58014cbf750,2025-12,North Yorkshire Police,North Yorkshire Police,-1.056678,53.954735,On or near Millfield Avenue,E01013400,York 015D,Criminal damage and arson,Unable to prosecute suspect,
3f7b6ad0c4332afcff54ccdb7b2c048473dcffd28bb95e9632c30b50f92faf76,2025-12,North Yorkshire Police,North Yorkshire Police,-1.056678,53.954735,On or near Millfield Avenue,E01013400,York 015D,Criminal damage and arson,Unable to prosecute suspect,
3ee6c6bd60804b2a70e54b031f76decbda2e3a3caf8c9ee5674fb29326a1da7d,2025-12,North Yorkshire Police,North Yorkshire Police,-1.059438,53.955988,On or near Beckside Gardens,E01013400,York 015D,Public order,Investigation complete; no suspect identified,
c36e9ba0039e5c7c4dbaa4de35cee3672be85877f5f86cb433ae411476e9e52c,2025-12,North Yorkshire Police,North Yorkshire Police,-1.061322,53.955589,On or near Olympian Court,E01013400,York 015D,Vehicle crime,Under investigation,
81279c91bb72f92b842f1418bcf28ae303cb7e1e040a257ef0bb19ab2dd4051d,2025-12,North Yorkshire Police,North Yorkshire Police,-1.064273,53.955819,On or near Arthur Street,E01013400,York 015D,Vehicle crime,Investigation complete; no suspect identified,
785af1f5edd15cd94c7f2d43f1a43397fa420de8941b1e4fe1067874ea37d2df,2025-12,North Yorkshire Police,North Yorkshire Police,-1.062951,53.956321,On or near Bull Lane,E01013400,York 015D,Violence and sexual offences,Under investigation,
53418a0b01f9156fabd65ed4efaf673cda13542f9b4b8558036f37c4af5ac80e,2025-12,North Yorkshire Police,North Yorkshire Police,-1.062951,53.956321,On or near Bull Lane,E01013400,York 015D,Violence and sexual offences,Unable to prosecute suspect,
785af1f5edd15cd94c7f2d43f1a43397fa420de8941b1e4fe1067874ea37d2df,2025-12,North Yorkshire Police,North Yorkshire Police,-1.062951,53.956321,On or near Bull Lane,E01013400,York 015D,Violence and sexual offences,Unable to prosecute suspect,
b33d91e009f5e8077fa05d729cce757bec4b7261f9956e89cc1d3a45b03ebd81,2025-12,North Yorkshire Police,North Yorkshire Police,-1.062951,53.956321,On or near Bull Lane,E01013400,York 015D,Violence and sexual offences,Unable to prosecute suspect,
b2bf79d6dd3b97067ccd6e2aece75fe5a6a586b701d0101fa037df5b95a22955,2025-12,North Yorkshire Police,North Yorkshire Police,-1.062951,53.956321,On or near Bull Lane,E01013400,York 015D,Violence and sexual offences,Unable to prosecute suspect,
,2025-12,North Yorkshire Police,North Yorkshire Police,-1.049464,53.959091,On or near Supermarket,E01013401,York 015E,Anti-social behaviour,,
d0287cd6a5e78b0a34b0df53c5de32226dbc7a1fd2c8bc58815df1d553edb6c3,2025-12,North Yorkshire Police,North Yorkshire Police,-1.049464,53.959091,On or near Supermarket,E01013401,York 015E,Burglary,Under investigation,
edb6ba93901ea0ed9c816a3b11d43871bbaab272ed738da93b13ae34b5e3ac14,2025-12,North Yorkshire Police,North Yorkshire Police,-1.051466,53.959202,On or near ,E01013401,York 015E,Criminal damage and arson,Under investigation,
a8c482b3e6e1110b2f4e4754b9102649b5f30bd4f7da3bc65be65747e6f72fc3,2025-12,North Yorkshire Police,North Yorkshire Police,-1.047801,53.956407,On or near ,E01013401,York 015E,Shoplifting,Investigation complete; no suspect identified,
1219fa7f967574264cb965d5c21d7361a15b962b3af5570fa166c92c78b1078e,2025-12,North Yorkshire Police,North Yorkshire Police,-1.051466,53.959202,On or near ,E01013401,York 015E,Violence and sexual offences,Unable to prosecute suspect,
7e2887e23661d6ad56dadb2a61f353c871c3c36410cb8210949dc46a2cf3d842,2025-12,North Yorkshire Police,North Yorkshire Police,-1.051466,53.959202,On or near ,E01013401,York 015E,Violence and sexual offences,Under investigation,
8e0a3187b1ea959d85b4ab20d358b29e67ea045af32e1cbfb0d64a6fb0654a38,2025-12,North Yorkshire Police,North Yorkshire Police,-1.049464,53.959091,On or near Supermarket,E01013401,York 015E,Violence and sexual offences,Under investigation,
c440704382e202fd4493625ecb07422619c71d0f402cf4a7c58abf2c9673adb0,2025-12,North Yorkshire Police,North Yorkshire Police,-1.051466,53.959202,On or near ,E01013401,York 015E,Violence and sexual offences,Unable to prosecute suspect,
f57702246df9ddd4d65f2435dca2e2a58cfceffdc16dab7f090db07a54232572,2025-12,North Yorkshire Police,North Yorkshire Police,-1.051466,53.959202,On or near ,E01013401,York 015E,Other crime,Unable to prosecute suspect,
,2025-12,North Yorkshire Police,North Yorkshire Police,-1.051770,53.953420,On or near Norman Street,E01013403,York 015F,Anti-social behaviour,,
5110e1a691a7848bec98bce8a81886ea5e90f3984a0f05c1514ff90164c1f8b8,2025-12,North Yorkshire Police,North Yorkshire Police,-1.053237,53.953270,On or near Supermarket,E01013403,York 015F,Shoplifting,Under investigation,
d4a815c4fb0ca61bda23a9359ddccf1e410594a0a16f76cbe18e92a31f2f57ca,2025-12,North Yorkshire Police,North Yorkshire Police,-1.053237,53.953270,On or near Supermarket,E01013403,York 015F,Shoplifting,Unable to prosecute suspect,
fbdde9a6403201d068fd24c89642ff593353308795cb13f5a20231ceaf50b452,2025-12,North Yorkshire Police,North Yorkshire Police,-1.047134,53.952826,On or near ,E01013403,York 015F,Violence and sexual offences,Under investigation,
5c93f21ff4a663935a885ded1944c69331138ef997f99edacdfa9c5e41f71380,2025-12,North Yorkshire Police,North Yorkshire Police,-1.116070,53.961721,On or near Berkeley Terrace,E01013393,York 016A,Criminal damage and arson,Investigation complete; no suspect identified,
,2025-12,North Yorkshire Police,North Yorkshire Police,-1.119424,53.956596,On or near Hebdon Rise,E01013394,York 016B,Anti-social behaviour,,
,2025-12,North Yorkshire Police,North Yorkshire Police,-1.116372,53.957517,On or near Burnsall Drive,E01013394,York 016B,Anti-social behaviour,,
,2025-12,North Yorkshire Police,North Yorkshire Police,-1.116372,53.957517,On or near Burnsall Drive,E01013394,York 016B,Anti-social behaviour,,
,2025-12,North Yorkshire Police,North Yorkshire Police,-1.116372,53.957517,On or near Burnsall Drive,E01013394,York 016B,Anti-social behaviour,,
,2025-12,North Yorkshire Police,North Yorkshire Police,-1.118507,53.958162,On or near Sowerby Road,E01013394,York 016B,Anti-social behaviour,,
,2025-12,North Yorkshire Police,North Yorkshire Police,-1.119424,53.956596,On or near Hebdon Rise,E01013394,York 016B,Anti-social behaviour,,
ba40e39ace0e3070bdb518afa2aee194f9889c0360781b3783e57dcf9d24a0b6,2025-12,North Yorkshire Police,North Yorkshire Police,-1.118212,53.960586,On or near Lindsey Avenue,E01013394,York 016B,Burglary,Investigation complete; no suspect identified,
839c0765bf1e807a3071ad0fb1edd18c6903006daa37834cf08a20e1982de149,2025-12,North Yorkshire Police,North Yorkshire Police,-1.118212,53.960586,On or near Lindsey Avenue,E01013394,York 016B,Criminal damage and arson,Unable to prosecute suspect,
9c1d0a460cf7cad7f34c3d2bb10ab79333c096edaac8dcaef7cfb4632cc3405c,2025-12,North Yorkshire Police,North Yorkshire Police,-1.116963,53.958393,On or near Bouthwaite Drive,E01013394,York 016B,Criminal damage and arson,Investigation complete; no suspect identified,
de16948caee81b0b78d2b0ef434cce0aa87db134a24b359fdbfc4d07a087630e,2025-12,North Yorkshire Police,North Yorkshire Police,-1.118212,53.960586,On or near Lindsey Avenue,E01013394,York 016B,Criminal damage and arson,Unable to prosecute suspect,
e5d17ecf617354811a930fa633f6f2b7cb6b53051af480923fb6839bde674b59,2025-12,North Yorkshire Police,North Yorkshire Police,-1.116963,53.958393,On or near Bouthwaite Drive,E01013394,York 016B,Public order,Unable to prosecute suspect,
e4452fa3a58d6954d384d30af6d755b71880683248b1e988df349d16d0b1e68e,2025-12,North Yorkshire Police,North Yorkshire Police,-1.118212,53.960586,On or near Lindsey Avenue,E01013394,York 016B,Violence and sexual offences,Unable to prosecute suspect,
335fdd16bf06b7a89b5e135cebb3dd485dba7ea131be1da0c927d3596731808c,2025-12,North Yorkshire Police,North Yorkshire Police,-1.115873,53.958070,On or near Birstwith Drive,E01013394,York 016B,Violence and sexual offences,Unable to prosecute suspect,
bc3e5208268b8d6e608511c4098770f2e6e3de78d0de4ee009786ef9d1b63e87,2025-12,North Yorkshire Police,North Yorkshire Police,-1.115873,53.958070,On or near Birstwith Drive,E01013394,York 016B,Violence and sexual offences,Unable to prosecute suspect,
f6495899d560328b6da8d998089feb84cc35bb638cd00983eff9c8d3f87224ab,2025-12,North Yorkshire Police,North Yorkshire Police,-1.115873,53.958070,On or near Birstwith Drive,E01013394,York 016B,Violence and sexual offences,Unable to prosecute suspect,
335fdd16bf06b7a89b5e135cebb3dd485dba7ea131be1da0c927d3596731808c,2025-12,North Yorkshire Police,North Yorkshire Police,-1.115873,53.958070,On or near Birstwith Drive,E01013394,York 016B,Violence and sexual offences,Under investigation,
c83bf46e36b9857514cef8239e6ac1e302ade2295a9200f95db5f5ca43b7dd12,2025-12,North Yorkshire Police,North Yorkshire Police,-1.118507,53.958162,On or near Sowerby Road,E01013394,York 016B,Violence and sexual offences,Under investigation,
3108d943f3ad16ee482cc135014f55db4a78f1bb1cfebd08158044f5e8eeed41,2025-12,North Yorkshire Police,North Yorkshire Police,-1.115873,53.958070,On or near Birstwith Drive,E01013394,York 016B,Violence and sexual offences,Awaiting court outcome,
377c67996438d780cdb6f71239a58ec33df2b06929037003e094a3d27393b5fd,2025-12,North Yorkshire Police,North Yorkshire Police,-1.118507,53.958162,On or near Sowerby Road,E01013394,York 016B,Violence and sexual offences,Under investigation,
7a44b78da8382c2c6c4ffdc3b80f74db231632f6da742f5929e9bbf266c001b1,2025-12,North Yorkshire Police,North Yorkshire Police,-1.118507,53.958162,On or near Sowerby Road,E01013394,York 016B,Violence and sexual offences,Under investigation,
,2025-12,North Yorkshire Police,North Yorkshire Police,-1.109769,53.953433,On or near Hill Street,E01013395,York 016C,Anti-social behaviour,,
,2025-12,North Yorkshire Police,North Yorkshire Police,-1.107127,53.955130,On or near Falconer Street,E01013395,York 016C,Anti-social behaviour,,
3c4afff2e65fa7bc0b7e7afb2ee30f5318bfc4adac8ab9370cf013ab2f55332e,2025-12,North Yorkshire Police,North Yorkshire Police,-1.107127,53.955130,On or near Falconer Street,E01013395,York 016C,Criminal damage and arson,Unable to prosecute suspect,
176e5771f329227997edbbeba9c7cdb8cdc6ff779b162c35c3d0cc7c1c1fb43c,2025-12,North Yorkshire Police,North Yorkshire Police,-1.111382,53.957813,On or near Chelwood Walk,E01013395,York 016C,Other theft,Investigation complete; no suspect identified,
f0df504547ad3e5b1911525efc03d0b5e84a6f804db7ba179479ac976cb9e530,2025-12,North Yorkshire Police,North Yorkshire Police,-1.107127,53.955130,On or near Falconer Street,E01013395,York 016C,Shoplifting,Awaiting court outcome,
d84b75965b4cf9e7278ed45ceb1064187735e5bf6e1df263f9881a00bb8f455f,2025-12,North Yorkshire Police,North Yorkshire Police,-1.107127,53.955130,On or near Falconer Street,E01013395,York 016C,Shoplifting,Awaiting court outcome,
bab15cca599e01dd3d4b34dee38dcce6de61c31f625087dfc4b6e328c8618616,2025-12,North Yorkshire Police,North Yorkshire Police,-1.107127,53.955130,On or near Falconer Street,E01013395,York 016C,Shoplifting,Awaiting court outcome,
711af5b48aed4487f5e581eb70d39f7c75df031e5f931e7561b8728a49537afb,2025-12,North Yorkshire Police,North Yorkshire Police,-1.107127,53.955130,On or near Falconer Street,E01013395,York 016C,Shoplifting,Investigation complete; no suspect identified,
81ec08e0e282c5c4a6ea148d4acfecaed6d8090fdad64ecbecd3b0328b49fc82,2025-12,North Yorkshire Police,North Yorkshire Police,-1.107498,53.954881,On or near Park Lane,E01013395,York 016C,Vehicle crime,Awaiting court outcome,
,2025-12,North Yorkshire Police,North Yorkshire Police,-1.118597,53.956086,On or near Police Station,E01013396,York 016D,Anti-social behaviour,,
,2025-12,North Yorkshire Police,North Yorkshire Police,-1.111861,53.951794,On or near Hamilton Drive,E01013396,York 016D,Anti-social behaviour,,
,2025-12,North Yorkshire Police,North Yorkshire Police,-1.120136,53.956402,On or near Supermarket,E01013396,York 016D,Anti-social behaviour,,
,2025-12,North Yorkshire Police,North Yorkshire Police,-1.116964,53.956182,On or near Monument Close,E01013396,York 016D,Anti-social behaviour,,
57ae05a32d76d0cd3deaf41d49deea2109d52bbaea62c324c5f351cbd4d4d3ad,2025-12,North Yorkshire Police,North Yorkshire Police,-1.120136,53.956402,On or near Supermarket,E01013396,York 016D,Shoplifting,Awaiting court outcome,
4d75c4fbbe8b8f139f81fd988637687a8ca9e86e31410b72c873f3a764dd5558,2025-12,North Yorkshire Police,North Yorkshire Police,-1.120136,53.956402,On or near Supermarket,E01013396,York 016D,Shoplifting,Unable to prosecute suspect,
7f3ab92797f0d6054b4b59101c5815c1e8234f3525f19f0fbb9c3430b0dffbc1,2025-12,North Yorkshire Police,North Yorkshire Police,-1.120136,53.956402,On or near Supermarket,E01013396,York 016D,Shoplifting,Awaiting court outcome,
e8cb6001be29150b417cc027063aa439a23ab620154a2f6f799037f9f9263dac,2025-12,North Yorkshire Police,North Yorkshire Police,-1.120136,53.956402,On or near Supermarket,E01013396,York 016D,Shoplifting,Investigation complete; no suspect identified,
77a0f3e4f14536cc325226de10563d3df179ffcf6e675da5ac56be17db72837e,2025-12,North Yorkshire Police,North Yorkshire Police,-1.120136,53.956402,On or near Supermarket,E01013396,York 016D,Shoplifting,Investigation complete; no suspect identified,
d47c0f04e0c0425c1923200e9c20f564b6e4afb5aeb073527841ffe9725d159c,2025-12,North Yorkshire Police,North Yorkshire Police,-1.116964,53.956182,On or near Monument Close,E01013396,York 016D,Violence and sexual offences,Under investigation,
77cb62557c2e536bdf827f0161d8f06a093d02367df58510bbf8c506b0357abb,2025-12,North Yorkshire Police,North Yorkshire Police,-1.116964,53.956182,On or near Monument Close,E01013396,York 016D,Violence and sexual offences,Under investigation,
,2025-12,North Yorkshire Police,North Yorkshire Police,-1.124486,53.955788,On or near York Road,E01013441,York 016E,Anti-social behaviour,,
,2025-12,North Yorkshire Police,North Yorkshire Police,-1.125394,53.955363,On or near Cross Street,E01013441,York 016E,Anti-social behaviour,,
,2025-12,North Yorkshire Police,North Yorkshire Police,-1.125051,53.955702,On or near B1224,E01013441,York 016E,Anti-social behaviour,,
,2025-12,North Yorkshire Police,North Yorkshire Police,-1.125051,53.955702,On or near B1224,E01013441,York 016E,Anti-social behaviour,,
,2025-12,North Yorkshire Police,North Yorkshire Police,-1.124486,53.955788,On or near York Road,E01013441,York 016E,Anti-social behaviour,,
,2025-12,North Yorkshire Police,North Yorkshire Police,-1.125394,53.955363,On or near Cross Street,E01013441,York 016E,Anti-social behaviour,,
,2025-12,North Yorkshire Police,North Yorkshire Police,-1.123737,53.954443,On or near Gladstone Street,E01013441,York 016E,Anti-social behaviour,,
,2025-12,North Yorkshire Police,North Yorkshire Police,-1.124486,53.955788,On or near York Road,E01013441,York 016E,Anti-social behaviour,,
,2025-12,North Yorkshire Police,North Yorkshire Police,-1.124486,53.955788,On or near York Road,E01013441,York 016E,Anti-social behaviour,,
,2025-12,North Yorkshire Police,North Yorkshire Police,-1.124486,53.955788,On or near York Road,E01013441,York 016E,Anti-social behaviour,,
,2025-12,North Yorkshire Police,North Yorkshire Police,-1.124486,53.955788,On or near York Road,E01013441,York 016E,Anti-social behaviour,,
4d523e6a0ffcceb19ef64302075e66b5aa02a3bfd16bc30f67fefbdce488d8ed,2025-12,North Yorkshire Police,North Yorkshire Police,-1.121983,53.954484,On or near Milner Street,E01013441,York 016E,Burglary,Investigation complete; no suspect identified,
ebe89c93823ac894c8425b964bf13cb2a5005f228dca3c80a456b71cdb2948d4,2025-12,North Yorkshire Police,North Yorkshire Police,-1.121983,53.954484,On or near Milner Street,E01013441,York 016E,Burglary,Investigation complete; no suspect identified,
0ddf3b1cdb899e168c602eecb8547df13e6dc2d9bc4f5061e968198a3ee206d7,2025-12,North Yorkshire Police,North Yorkshire Police,-1.124486,53.955788,On or near York Road,E01013441,York 016E,Criminal damage and arson,Investigation complete; no suspect identified,
ff6af30e02c48333bb6aa48b59ce999da72c0f42cef498886531bf10d87d5d9b,2025-12,North Yorkshire Police,North Yorkshire Police,-1.120910,53.955546,On or near Severus Street,E01013441,York 016E,Criminal damage and arson,Investigation complete; no suspect identified,
1a0dffcc20196e6860180d1ca791b10372e1c91ce5616df424e40920011d3e92,2025-12,North Yorkshire Police,North Yorkshire Police,-1.125394,53.955363,On or near Cross Street,E01013441,York 016E,Criminal damage and arson,Investigation complete; no suspect identified,
62099cf374631d3f3d421995586c1b03f5d3575fb5b04fd1db2323377035787e,2025-12,North Yorkshire Police,North Yorkshire Police,-1.124472,53.955006,On or near Beaconsfield Mews,E01013441,York 016E,Public order,Unable to prosecute suspect,
6e23e71f63ba34952af2d1ca3236e116d58232e32000d7f7587b766f05a49223,2025-12,North Yorkshire Police,North Yorkshire Police,-1.124472,53.955006,On or near Beaconsfield Mews,E01013441,York 016E,Shoplifting,Awaiting court outcome,
5d0289f52acaf8499ca2322d4969889e5fa001ff048ac2bf0b91f09accdb8e95,2025-12,North Yorkshire Police,North Yorkshire Police,-1.124472,53.955006,On or near Beaconsfield Mews,E01013441,York 016E,Shoplifting,Awaiting court outcome,
e143ed283c605ab73d33b47792340402b8dd2d0b66a5bdc1f288b3ece2e06d7d,2025-12,North Yorkshire Police,North Yorkshire Police,-1.124472,53.955006,On or near Beaconsfield Mews,E01013441,York 016E,Shoplifting,Investigation complete; no suspect identified,
61db8329cbc85279ae50d6d41bb65dade7cdd17f485e1b34a375cf54131050ec,2025-12,North Yorkshire Police,North Yorkshire Police,-1.125394,53.955363,On or near Cross Street,E01013441,York 016E,Violence and sexual offences,Unable to prosecute suspect,
bd0e7c0fcee87ff8ccb81414422d9dab545c6e4d9d8db85e190b3f382ac362e6,2025-12,North Yorkshire Police,North Yorkshire Police,-1.125394,53.955363,On or near Cross Street,E01013441,York 016E,Violence and sexual offences,Unable to prosecute suspect,
4f53a1492979fe6ab25278602fb120833553dc337a3972b763d8fec7f1371f09,2025-12,North Yorkshire Police,North Yorkshire Police,-1.125051,53.955702,On or near B1224,E01013441,York 016E,Violence and sexual offences,Unable to prosecute suspect,
,2025-12,North Yorkshire Police,North Yorkshire Police,-1.131397,53.952485,On or near Gale Farm Court,E01013445,York 016F,Anti-social behaviour,,
e1abef2005ce05e1d564c1b053d5d759c5329b654ded42f82788ddeb9796a34a,2025-12,North Yorkshire Police,North Yorkshire Police,-1.124478,53.950359,On or near Tudor Road,E01013445,York 016F,Other theft,Under investigation,
fa7b67f4c9b222c073c238a69846b906b17daeaf27edb644d39fb31d26a2fc4c,2025-12,North Yorkshire Police,North Yorkshire Police,-1.125017,53.948619,On or near Danesfort Avenue,E01013445,York 016F,Violence and sexual offences,Unable to prosecute suspect,
516f380512ee7d500d2464ee0d833e7a14619ef2c02546c96e42c5969b3fa818,2025-12,North Yorkshire Police,North Yorkshire Police,-1.124478,53.950359,On or near Tudor Road,E01013445,York 016F,Violence and sexual offences,Under investigation,
,2025-12,North Yorkshire Police,North Yorkshire Police,-1.104435,53.964808,On or near Balfour Street,E01013390,York 017A,Anti-social behaviour,,
,2025-12,North Yorkshire Police,North Yorkshire Police,-1.104472,53.965239,On or near Rosebery Street,E01013390,York 017A,Anti-social behaviour,,
,2025-12,North Yorkshire Police,North Yorkshire Police,-1.102429,53.963112,On or near Aldborough Way,E01013390,York 017A,Anti-social behaviour,,
,2025-12,North Yorkshire Police,North Yorkshire Police,-1.107329,53.963481,On or near Hanover Street West,E01013390,York 017A,Anti-social behaviour,,
,2025-12,North Yorkshire Police,North Yorkshire Police,-1.104472,53.965239,On or near Rosebery Street,E01013390,York 017A,Anti-social behaviour,,
fe8c12d583ee9191a3d80d20e1deb15c4238451aef2c2508a3e3c10c623fd122,2025-12,North Yorkshire Police,North Yorkshire Police,-1.106327,53.965424,On or near Lincoln Street,E01013390,York 017A,Criminal damage and arson,Investigation complete; no suspect identified,
9f560d463b26e78dbfd90a412b0dc920446b4bb34016fae383ae534ffaf448f1,2025-12,North Yorkshire Police,North Yorkshire Police,-1.106327,53.965424,On or near Lincoln Street,E01013390,York 017A,Criminal damage and arson,Investigation complete; no suspect identified,
a7920702f90f6a3a0946fc2c2dbed6751bb69be13ca7d18302d338a71c7daafd,2025-12,North Yorkshire Police,North Yorkshire Police,-1.105945,53.966194,On or near Forth Street,E01013390,York 017A,Criminal damage and arson,Investigation complete; no suspect identified,
70d6cec832ba2355c9faeef646c6f67fdde12f8186c88457a8f56a878c6dbe31,2025-12,North Yorkshire Police,North Yorkshire Police,-1.106521,53.963484,On or near Hanover Street East,E01013390,York 017A,Drugs,Unable to prosecute suspect,
52b3ddd426c5b3b45a6f8a2c1e41cd989a6af4b34eba879a29451f2a7baaa3cd,2025-12,North Yorkshire Police,North Yorkshire Police,-1.104435,53.964808,On or near Balfour Street,E01013390,York 017A,Vehicle crime,Investigation complete; no suspect identified,
5c2caa6047be364bfe3541c51236e7bd6d0c46c446c2589c8c3e95b99cf54cd3,2025-12,North Yorkshire Police,North Yorkshire Police,-1.106327,53.965424,On or near Lincoln Street,E01013390,York 017A,Violence and sexual offences,Unable to prosecute suspect,
ffc67188f28c714d1420f0ef6eebf9db1448a7c0d3c6644dc17ee127f99ff66b,2025-12,North Yorkshire Police,North Yorkshire Police,-1.104435,53.964808,On or near Balfour Street,E01013390,York 017A,Other crime,Unable to prosecute suspect,
,2025-12,North Yorkshire Police,North Yorkshire Police,-1.109418,53.963452,On or near Upper Hanover Street,E01013391,York 017B,Anti-social behaviour,,
e8917a4db5ddf0fd9729bb9b15aa05cb86e28e4419db4dddbcf566a8f9c4c301,2025-12,North Yorkshire Police,North Yorkshire Police,-1.108404,53.954564,On or near Lindley Street,E01013391,York 017B,Burglary,Under investigation,
c4452bb584a5fe525be6ece8010fb8c3ac07870423f10b28d2c990a1a10c8c4f,2025-12,North Yorkshire Police,North Yorkshire Police,-1.109784,53.963427,On or near Garnet Terrace,E01013391,York 017B,Criminal damage and arson,Investigation complete; no suspect identified,
7a6180bbdbc940600e6757522edbc390a1c83ba7ee4024353678f88147938fcf,2025-12,North Yorkshire Police,North Yorkshire Police,-1.108404,53.954564,On or near Lindley Street,E01013391,York 017B,Drugs,Investigation complete; no suspect identified,
c486f9c1cc343a8a0f7955a6191295abf566497dddd50cc0ca6e774bce8b5cec,2025-12,North Yorkshire Police,North Yorkshire Police,-1.103597,53.961269,On or near Carlisle Street,E01013391,York 017B,Vehicle crime,Under investigation,
65091505dcfacf310e0d1fc750ad50d8614cdab0ddbf1ac54e18b203967db714,2025-12,North Yorkshire Police,North Yorkshire Police,-1.107215,53.963103,On or near Stamford Street East,E01013391,York 017B,Violence and sexual offences,Under investigation,
962873cb09d3a2a86fd962416272950f977addb037a864c00542308fc7941f86,2025-12,North Yorkshire Police,North Yorkshire Police,-1.108395,53.957817,On or near Holgate Park Drive,E01013391,York 017B,Violence and sexual offences,Unable to prosecute suspect,
9c8adc9279842f40062b9f9f4ef3011f88238c356517f5119988816e4922968c,2025-12,North Yorkshire Police,North Yorkshire Police,-1.108743,53.962934,On or near Walworth Street South,E01013391,York 017B,Violence and sexual offences,Unable to prosecute suspect,
5f2959806088480b2df47ee99a5e08ec799167a6f0c1a2813b921f92e3dd8b15,2025-12,North Yorkshire Police,North Yorkshire Police,-1.099881,53.955471,On or near St Paul'S Terrace,E01013391,York 017B,Violence and sexual offences,Unable to prosecute suspect,
e02f893b16334661440e97fc3d36cf047a2d2c203b377387879ee18d0909e7cb,2025-12,North Yorkshire Police,North Yorkshire Police,-1.108395,53.957817,On or near Holgate Park Drive,E01013391,York 017B,Violence and sexual offences,Unable to prosecute suspect,
,2025-12,North Yorkshire Police,North Yorkshire Police,-1.104248,53.951495,On or near Trevor Grove,E01013397,York 017C,Anti-social behaviour,,
,2025-12,North Yorkshire Police,North Yorkshire Police,-1.100253,53.954449,On or near Cecilia Place,E01013397,York 017C,Anti-social behaviour,,
,2025-12,North Yorkshire Police,North Yorkshire Police,-1.105979,53.951085,On or near Clive Grove,E01013397,York 017C,Anti-social behaviour,,
f6c27cd5d7582f8d7660976c592e2121f45665a54f7caf5210594492283c58de,2025-12,North Yorkshire Police,North Yorkshire Police,-1.108099,53.950993,On or near Harlow Road,E01013397,York 017C,Criminal damage and arson,Unable to prosecute suspect,
d68269f8bd252f016832fb6f45ea1e58e92aa1a1f2c2920500014edc69cf6980,2025-12,North Yorkshire Police,North Yorkshire Police,-1.100694,53.953787,On or near Holgate Road,E01013397,York 017C,Robbery,Unable to prosecute suspect,
,2025-12,North Yorkshire Police,North Yorkshire Police,-1.086700,53.949826,On or near Scott Street,E01013413,York 017D,Anti-social behaviour,,
e454243427f13d3412bd21bd360bba37f42656b8b97f4953abbcddd2c604140d,2025-12,North Yorkshire Police,North Yorkshire Police,-1.088920,53.949339,On or near Millfield Road,E01013413,York 017D,Burglary,Unable to prosecute suspect,
31ecc520228197235cacd3c6840e85dea4c81a0bb67eaf973640603c815dcaa1,2025-12,North Yorkshire Police,North Yorkshire Police,-1.088172,53.950772,On or near Thorpe Street,E01013413,York 017D,Criminal damage and arson,Investigation complete; no suspect identified,
,2025-12,North Yorkshire Police,North Yorkshire Police,-1.092512,53.953735,On or near Shaw'S Terrace,E01013417,York 017E,Anti-social behaviour,,
809bc93eeff1c844b1494187d4412d85aceaef7302df6754250a41695e352a28,2025-12,North Yorkshire Police,North Yorkshire Police,-1.095830,53.952502,On or near The Mount,E01013417,York 017E,Burglary,Investigation complete; no suspect identified,
74ccedc0cb45e15b258653c527ca6c087a3656f5fcd27845b2a894223d68056a,2025-12,North Yorkshire Police,North Yorkshire Police,-1.094676,53.949482,On or near Telford Terrace,E01013417,York 017E,Criminal damage and arson,Investigation complete; no suspect identified,
69e655cff5b2780050fc7092a073a6c973cc22a842229358ffa45e62172b4751,2025-12,North Yorkshire Police,North Yorkshire Police,-1.098639,53.950150,On or near Mount Vale,E01013417,York 017E,Criminal damage and arson,Investigation complete; no suspect identified,
73c768c636c382ce47ccd91c8b43a9fb4c24bb195011555e03c5e9676a43b4b6,2025-12,North Yorkshire Police,North Yorkshire Police,-1.094676,53.949482,On or near Telford Terrace,E01013417,York 017E,Criminal damage and arson,Investigation complete; no suspect identified,
e7a8e0c842114a4171255ddb97eec198476e706a6b8b558958731454c96d8ddc,2025-12,North Yorkshire Police,North Yorkshire Police,-1.092512,53.953735,On or near Shaw'S Terrace,E01013417,York 017E,Other theft,Investigation complete; no suspect identified,
,2025-12,North Yorkshire Police,North Yorkshire Police,-1.132937,53.951723,On or near Vesper Drive,E01013442,York 018A,Anti-social behaviour,,
fe471f645a344ec2e4ef82d3dc673170cae5d8694c35b7c54f45418299e2852a,2025-12,North Yorkshire Police,North Yorkshire Police,-1.137194,53.954379,On or near Marston Avenue,E01013442,York 018A,Criminal damage and arson,Unable to prosecute suspect,
9bae21eebc00c89f0f539bfed7aec274395d8385a4056471b2cc9cbd8fcb9998,2025-12,North Yorkshire Police,North Yorkshire Police,-1.137194,53.954379,On or near Marston Avenue,E01013442,York 018A,Criminal damage and arson,Awaiting court outcome,
193b461ee76ea6a7bb980843eb0f7210d27cf2243c42b3d2c035e263911005f2,2025-12,North Yorkshire Police,North Yorkshire Police,-1.137194,53.954379,On or near Marston Avenue,E01013442,York 018A,Criminal damage and arson,Awaiting court outcome,
361f3465974a5e0fc64af971e85391caaa74067e1c6ea9f19210d9cec6c17dc0,2025-12,North Yorkshire Police,North Yorkshire Police,-1.135990,53.954370,On or near Ridgeway,E01013442,York 018A,Criminal damage and arson,Unable to prosecute suspect,
c09652b159198c5ba65f059d568cce7265740fb033311ceb45a45d5a9e34b923,2025-12,North Yorkshire Police,North Yorkshire Police,-1.136134,53.953328,On or near Rylatt Place,E01013442,York 018A,Violence and sexual offences,Under investigation,
7d22ac4e0835683e54cfe1882c287d52e764fef303dd4a505f165581eddb4a5f,2025-12,North Yorkshire Police,North Yorkshire Police,-1.137194,53.954379,On or near Marston Avenue,E01013442,York 018A,Violence and sexual offences,Under investigation,
,2025-12,North Yorkshire Police,North Yorkshire Police,-1.119803,53.946559,On or near Windsor Garth,E01013443,York 018B,Anti-social behaviour,,
,2025-12,North Yorkshire Police,North Yorkshire Police,-1.124431,53.945307,On or near Chesney Fields,E01013443,York 018B,Anti-social behaviour,,
,2025-12,North Yorkshire Police,North Yorkshire Police,-1.118970,53.946346,On or near Kempton Close,E01013443,York 018B,Anti-social behaviour,,
4d1b5efc03758cf492e57589c01642172475d4fe2d0f13f037baa34704775471,2025-12,North Yorkshire Police,North Yorkshire Police,-1.122964,53.948397,On or near Stuart Road,E01013443,York 018B,Burglary,Investigation complete; no suspect identified,
537deb2a47e176532ee10387ddb9e8b7497b3565147f02f7373c41ba52c45979,2025-12,North Yorkshire Police,North Yorkshire Police,-1.124898,53.946290,On or near Clay Place,E01013443,York 018B,Burglary,Under investigation,
e6aab719fc941f38d96512bcc07d74cc0e7082aabc911e16223b77a9dafac299,2025-12,North Yorkshire Police,North Yorkshire Police,-1.126770,53.944801,On or near Sports/Recreation Area,E01013443,York 018B,Criminal damage and arson,Investigation complete; no suspect identified,
2009c1712b58d0279078423c076505081643f844b0b09ddd7b4121f7c60355a2,2025-12,North Yorkshire Police,North Yorkshire Police,-1.122964,53.948397,On or near Stuart Road,E01013443,York 018B,Criminal damage and arson,Unable to prosecute suspect,
ca4251e2fdf2d290882ea345b0e8dfb3f766c1ff32518bf3deb52e4b751eea50,2025-12,North Yorkshire Police,North Yorkshire Police,-1.124898,53.946290,On or near Clay Place,E01013443,York 018B,Criminal damage and arson,Investigation complete; no suspect identified,
aa71c41bb33d8e0a7fbd807dccd0c95f45992d54a80067bf084d69197c610222,2025-12,North Yorkshire Police,North Yorkshire Police,-1.124431,53.945307,On or near Chesney Fields,E01013443,York 018B,Other theft,Unable to prosecute suspect,
90213297b75123c8d251e8f98e84f5aeaba4ec14272adc8a1b0c83c162cfa21a,2025-12,North Yorkshire Police,North Yorkshire Police,-1.124898,53.946290,On or near Clay Place,E01013443,York 018B,Public order,Awaiting court outcome,
5e77199ce9358ff055a596d388b0ecfec61bdf8ac8ffc063642f8fa6ba5704d0,2025-12,North Yorkshire Police,North Yorkshire Police,-1.122964,53.948397,On or near Stuart Road,E01013443,York 018B,Public order,Unable to prosecute suspect,
cf21c0aadc9ecc401da99e0899200c1b0b4ccb67f4a7c3f76d54c6c38cfac7b8,2025-12,North Yorkshire Police,North Yorkshire Police,-1.126770,53.944801,On or near Sports/Recreation Area,E01013443,York 018B,Public order,Investigation complete; no suspect identified,
f4171f3e3ef570a752f85f89a7bdd2ba549f5c446981de3dba32082a9aeda905,2025-12,North Yorkshire Police,North Yorkshire Police,-1.119803,53.946559,On or near Windsor Garth,E01013443,York 018B,Public order,Further investigation is not in the public interest,
82173cc5f97f369dc8e1f86243ad7b44913d714ac246f7506d41bd1d909eea4c,2025-12,North Yorkshire Police,North Yorkshire Police,-1.120861,53.944104,On or near Supermarket,E01013443,York 018B,Shoplifting,Investigation complete; no suspect identified,
7221c2e4008000fc8c1bc4ef064dcf17223076855fb27c217e33b64db22c8a9b,2025-12,North Yorkshire Police,North Yorkshire Police,-1.120861,53.944104,On or near Supermarket,E01013443,York 018B,Shoplifting,Investigation complete; no suspect identified,
8b58cec73ff298bd76fb9bd861a41953c734ca731ab7e9995a8cca01364bda9f,2025-12,North Yorkshire Police,North Yorkshire Police,-1.124898,53.946290,On or near Clay Place,E01013443,York 018B,Shoplifting,Awaiting court outcome,
bdfb40d5ec77354c55368391a9df5e969c963ac806631fb34adb5ef1c4b70b2e,2025-12,North Yorkshire Police,North Yorkshire Police,-1.117783,53.946265,On or near Hob Stone Court,E01013443,York 018B,Violence and sexual offences,Unable to prosecute suspect,
3a04aeceafdd6b051e83421a8a2e000579fa1f8a0666ea370ba883f66b610d90,2025-12,North Yorkshire Police,North Yorkshire Police,-1.120872,53.945749,On or near Newbury Avenue,E01013443,York 018B,Violence and sexual offences,Unable to prosecute suspect,
78876f7e4e08a357d348018869895277dc2368fd60dc66b18263d3d7b2add759,2025-12,North Yorkshire Police,North Yorkshire Police,-1.124431,53.945307,On or near Chesney Fields,E01013443,York 018B,Violence and sexual offences,Under investigation,
792095ae83cf6ed860297ad883af245ed63bdd799b6cf265d7fba3cf5e8c1faf,2025-12,North Yorkshire Police,North Yorkshire Police,-1.120861,53.944104,On or near Supermarket,E01013443,York 018B,Violence and sexual offences,Investigation complete; no suspect identified,
b2ea19a4c52ce6fcf696c119caefbf4d13aac9e7720732edcacb3927e65b4682,2025-12,North Yorkshire Police,North Yorkshire Police,-1.118970,53.946346,On or near Kempton Close,E01013443,York 018B,Violence and sexual offences,Unable to prosecute suspect,
c49d7b8ea2d71f8288ed143957a252afedecc7d185af75b7966594a625e3c5b2,2025-12,North Yorkshire Police,North Yorkshire Police,-1.122964,53.948397,On or near Stuart Road,E01013443,York 018B,Violence and sexual offences,Unable to prosecute suspect,
d1224b7c9f93a5b9de9fa6ef1d687fa33ef22d3c28785bd5a6ce8d16a9a1b3a4,2025-12,North Yorkshire Police,North Yorkshire Police,-1.118970,53.946346,On or near Kempton Close,E01013443,York 018B,Violence and sexual offences,Unable to prosecute suspect,
4c6d16da3ad07f0d4d29d567dc15d5d09921f3d2abb829f2b3272479e6f35b0a,2025-12,North Yorkshire Police,North Yorkshire Police,-1.124898,53.946290,On or near Clay Place,E01013443,York 018B,Violence and sexual offences,Unable to prosecute suspect,
02d84a530d37a5cf6ba30586862ac9af447a0868fec87c859a68678f20775263,2025-12,North Yorkshire Police,North Yorkshire Police,-1.124431,53.945307,On or near Chesney Fields,E01013443,York 018B,Violence and sexual offences,Under investigation,
7739d33bdaf27a8c5f57b54ea55f429ed6577b1d4de2e59fd899e37e9511404b,2025-12,North Yorkshire Police,North Yorkshire Police,-1.124898,53.946290,On or near Clay Place,E01013443,York 018B,Violence and sexual offences,Unable to prosecute suspect,
d1107e3a38757116d0605f0bfa5c55aa9f44a0d377c3492dd02d6b8917d40084,2025-12,North Yorkshire Police,North Yorkshire Police,-1.124431,53.945307,On or near Chesney Fields,E01013443,York 018B,Violence and sexual offences,Under investigation,
60b30e394214f5cc6436153eb5ae2de69067c32a959e3e1a2c70226e92bb05d5,2025-12,North Yorkshire Police,North Yorkshire Police,-1.122964,53.948397,On or near Stuart Road,E01013443,York 018B,Violence and sexual offences,Unable to prosecute suspect,
7805f5e9d471aa05e2d13ddfcf6c3bf6c046848ede9230ec6ff41fc0113a5ad5,2025-12,North Yorkshire Police,North Yorkshire Police,-1.122964,53.948397,On or near Stuart Road,E01013443,York 018B,Violence and sexual offences,Unable to prosecute suspect,
c315ff1ea469608e3623c4ca3b9b01ffa9203949679b48aa10a13bed519ae3d4,2025-12,North Yorkshire Police,North Yorkshire Police,-1.124431,53.945307,On or near Chesney Fields,E01013443,York 018B,Violence and sexual offences,Under investigation,
78876f7e4e08a357d348018869895277dc2368fd60dc66b18263d3d7b2add759,2025-12,North Yorkshire Police,North Yorkshire Police,-1.124431,53.945307,On or near Chesney Fields,E01013443,York 018B,Violence and sexual offences,Under investigation,
f7dd130b0b3ce6cb428a2a94fb9a95a60ad98f286c98480588a91711af3c2c08,2025-12,North Yorkshire Police,North Yorkshire Police,-1.122964,53.948397,On or near Stuart Road,E01013443,York 018B,Violence and sexual offences,Awaiting court outcome,
fceb7492816af4eb424a0c745bdb404d1ec4c2f64fc48d4235cf743771998f78,2025-12,North Yorkshire Police,North Yorkshire Police,-1.120861,53.944104,On or near Supermarket,E01013443,York 018B,Violence and sexual offences,Unable to prosecute suspect,
,2025-12,North Yorkshire Police,North Yorkshire Police,-1.143015,53.953638,On or near Barkston Road,E01013444,York 018C,Anti-social behaviour,,
,2025-12,North Yorkshire Police,North Yorkshire Police,-1.143015,53.953638,On or near Barkston Road,E01013444,York 018C,Anti-social behaviour,,
f278293d20fc22bc099c4a9a2398e851160a0ffb8d795f480996dc51158332d8,2025-12,North Yorkshire Police,North Yorkshire Police,-1.138389,53.954073,On or near Marston Crescent,E01013444,York 018C,Drugs,Awaiting court outcome,
0c7793bfdd0660547f51a5971158d4f2dc5ddb99226dbf40234e6c333cda572e,2025-12,North Yorkshire Police,North Yorkshire Police,-1.140492,53.954070,On or near Sanderson Court,E01013444,York 018C,Other theft,Investigation complete; no suspect identified,
d6f27103b1dcfb77ed2c67513e79a7feb9fa1a408e104a5d81b1c164f0df28c8,2025-12,North Yorkshire Police,North Yorkshire Police,-1.140492,53.954070,On or near Sanderson Court,E01013444,York 018C,Other theft,Investigation complete; no suspect identified,
af6f1673fc8f88e073281757afab13919a263bc845187c58642bafe6ad391c42,2025-12,North Yorkshire Police,North Yorkshire Police,-1.145575,53.952901,On or near The Burn,E01013444,York 018C,Violence and sexual offences,Unable to prosecute suspect,
e00c7060e0c2ee2360ae9aedfa7fd03dbc1c371772ca24a0259e68383bc53592,2025-12,North Yorkshire Police,North Yorkshire Police,-1.145575,53.952901,On or near The Burn,E01013444,York 018C,Violence and sexual offences,Unable to prosecute suspect,
2ae89ecaac71c2d070760c0330ebc1b191d9a1493cd3814b13c6e9aabb77833e,2025-12,North Yorkshire Police,North Yorkshire Police,-1.140492,53.954070,On or near Sanderson Court,E01013444,York 018C,Violence and sexual offences,Unable to prosecute suspect,
54ff3f72d57d055a8aad82b963a70e4b71991dab948f01bda62620c5dd1d393e,2025-12,North Yorkshire Police,North Yorkshire Police,-1.145575,53.952901,On or near The Burn,E01013444,York 018C,Violence and sexual offences,Unable to prosecute suspect,
695e5b27358555ad6cb768ccb20b65bb18224c2c340f58332152ec7f59b9a2db,2025-12,North Yorkshire Police,North Yorkshire Police,-1.139720,53.953839,On or near Bramham Avenue,E01013444,York 018C,Violence and sexual offences,Under investigation,
262631a06b045b3b087c84144e7b9196be72438c9899bda7144df7d0ed607321,2025-12,North Yorkshire Police,North Yorkshire Police,-1.139581,53.947268,On or near Westfield Place,E01013446,York 018D,Public order,Unable to prosecute suspect,
750e2ab879ae5f8206d83f3e349ab8262c7a18dbd649c1ba1245552cdb4b3ab6,2025-12,North Yorkshire Police,North Yorkshire Police,-1.132381,53.943271,On or near Supermarket,E01013446,York 018D,Robbery,Unable to prosecute suspect,
6d40c084e455a9021c7e6689b3471641cb35b0d7dd1348fc3f7ea6913fcc19d5,2025-12,North Yorkshire Police,North Yorkshire Police,-1.132381,53.943271,On or near Supermarket,E01013446,York 018D,Shoplifting,Investigation complete; no suspect identified,
a1c0619e44baaeaee31d705ce4579b1836625b73666cbd6c714918626fcc56aa,2025-12,North Yorkshire Police,North Yorkshire Police,-1.132381,53.943271,On or near Supermarket,E01013446,York 018D,Shoplifting,Under investigation,
faeda0a68a239b0fa2df508f7f5fc95e44df9aabf70a98bee976138fa7398f76,2025-12,North Yorkshire Police,North Yorkshire Police,-1.132381,53.943271,On or near Supermarket,E01013446,York 018D,Shoplifting,Investigation complete; no suspect identified,
dc3533913887ac90b25bb4df7973622a148efe6a4027b4736c7552fcfb1f1b69,2025-12,North Yorkshire Police,North Yorkshire Police,-1.132381,53.943271,On or near Supermarket,E01013446,York 018D,Shoplifting,Awaiting court outcome,
bc6249d29b329832bbc7478c6e2ad4463fdad8fe537637d8991ace77dfedba44,2025-12,North Yorkshire Police,North Yorkshire Police,-1.132381,53.943271,On or near Supermarket,E01013446,York 018D,Shoplifting,Investigation complete; no suspect identified,
5bcdd44b5ec948f3f31508ce9a2e477e15902d25ec9c7be385e6d8e56e0bf028,2025-12,North Yorkshire Police,North Yorkshire Police,-1.132381,53.943271,On or near Supermarket,E01013446,York 018D,Shoplifting,Investigation complete; no suspect identified,
3015d62ad33e042347f1d4bf046b5a70d7d866bd7bf59197e85f43169dd0a916,2025-12,North Yorkshire Police,North Yorkshire Police,-1.132381,53.943271,On or near Supermarket,E01013446,York 018D,Shoplifting,Under investigation,
82b134f68d6f5e70f4d6d7deaf87645c894d0d217b7e3ad4bdc20bf295107a1b,2025-12,North Yorkshire Police,North Yorkshire Police,-1.139581,53.947268,On or near Westfield Place,E01013446,York 018D,Violence and sexual offences,Unable to prosecute suspect,
29ac0fb4030bf2f3685825891323448d5475d664938e746aaba16e194733d7bb,2025-12,North Yorkshire Police,North Yorkshire Police,-1.139581,53.947268,On or near Westfield Place,E01013446,York 018D,Violence and sexual offences,Unable to prosecute suspect,
91fb8821f94f1e70275ad2d7a475de0b9e3f03ced3e303e44d1044d98ecd399a,2025-12,North Yorkshire Police,North Yorkshire Police,-1.139581,53.947268,On or near Westfield Place,E01013446,York 018D,Violence and sexual offences,Awaiting court outcome,
,2025-12,North Yorkshire Police,North Yorkshire Police,-1.131676,53.950807,On or near Tennent Mews,E01013447,York 018E,Anti-social behaviour,,
,2025-12,North Yorkshire Police,North Yorkshire Police,-1.130020,53.946175,On or near St Stephen'S Road,E01013447,York 018E,Anti-social behaviour,,
22bbbeb3a65d82e89fe3235a2841bb68b6e5df261d18100f777a348bb1fae323,2025-12,North Yorkshire Police,North Yorkshire Police,-1.128645,53.948547,On or near Parking Area,E01013447,York 018E,Criminal damage and arson,Unable to prosecute suspect,
b30956d89b8496988080a33e1064887c06a59f23cb55cc6832f4110c953fcda8,2025-12,North Yorkshire Police,North Yorkshire Police,-1.129004,53.945179,On or near St Stephen'S Square,E01013447,York 018E,Other theft,Under investigation,
1cca07111bf1ce4610aa35a0f6761a84ed34bf50fa2b63f9f16c73c56f80822c,2025-12,North Yorkshire Police,North Yorkshire Police,-1.128645,53.948547,On or near Parking Area,E01013447,York 018E,Violence and sexual offences,Unable to prosecute suspect,
bdac5f9c68d1034623fdb38d6a6b1408d1ede11c3fa57e64f59bdc301d81a53c,2025-12,North Yorkshire Police,North Yorkshire Police,-1.127266,53.948905,On or near Gale Lane,E01013447,York 018E,Violence and sexual offences,Unable to prosecute suspect,
3b37caec6fbc2d5d65c834006c719ee60f1322f3a460a8bdee3666284c5a0666,2025-12,North Yorkshire Police,North Yorkshire Police,-1.127266,53.948905,On or near Gale Lane,E01013447,York 018E,Violence and sexual offences,Unable to prosecute suspect,
6339ce21d0e4ac2ebed6749c414fbcc1cb8e3ebf19f1935896e7cea92926377a,2025-12,North Yorkshire Police,North Yorkshire Police,-1.127266,53.948905,On or near Gale Lane,E01013447,York 018E,Violence and sexual offences,Investigation complete; no suspect identified,
f8317ead688a84d308c59827196bc7649e5a4eb01672b8fb2ca9c69c1e3f1249,2025-12,North Yorkshire Police,North Yorkshire Police,-1.125231,53.948567,On or near Middleton Road,E01013447,York 018E,Violence and sexual offences,Unable to prosecute suspect,
aa5d9ff8ce47d0e0c0ee58deee4cbb3cb2bb35239a66d4e47920450bd2501bce,2025-12,North Yorkshire Police,North Yorkshire Police,-1.130020,53.946175,On or near St Stephen'S Road,E01013447,York 018E,Violence and sexual offences,Unable to prosecute suspect,
9df75311f13f785d382944c0cca21cf04bb67a2bf719b76bf810e12dcefbc022,2025-12,North Yorkshire Police,North Yorkshire Police,-1.131658,53.949449,On or near Lown Hill,E01013447,York 018E,Violence and sexual offences,Unable to prosecute suspect,
c0fba83e5b9ecd794647642b7b4af5629e72f3827b75e116dc12c040d0625dc1,2025-12,North Yorkshire Police,North Yorkshire Police,-1.125231,53.948567,On or near Middleton Road,E01013447,York 018E,Violence and sexual offences,Under investigation,
,2025-12,North Yorkshire Police,North Yorkshire Police,-1.129392,53.941910,On or near Oldman Court,E01013448,York 018F,Anti-social behaviour,,
,2025-12,North Yorkshire Police,North Yorkshire Police,-1.127596,53.940396,On or near Wenham Road,E01013448,York 018F,Anti-social behaviour,,
,2025-12,North Yorkshire Police,North Yorkshire Police,-1.130117,53.940765,On or near Cranfield Place,E01013448,York 018F,Anti-social behaviour,,
9ec7aaefb76c233101f5358eff0dff6d55c623fb1fba1302071935146206fe51,2025-12,North Yorkshire Police,North Yorkshire Police,-1.130993,53.941876,On or near Rogers Court,E01013448,York 018F,Criminal damage and arson,Unable to prosecute suspect,
b4d1378e7d5a093db764a93cd145e14c8ee1ccbc7ee5594e830ce0948f002713,2025-12,North Yorkshire Police,North Yorkshire Police,-1.134173,53.942052,On or near Morrell Court,E01013448,York 018F,Drugs,Under investigation,
716763579e9eb0e8841c1fde6ebd300a56f7601ab03e09be5ffb031b456092bf,2025-12,North Yorkshire Police,North Yorkshire Police,-1.130949,53.941067,On or near Vincent Way,E01013448,York 018F,Violence and sexual offences,Unable to prosecute suspect,
a9a344bbbb6c6724ed9e09e562f2090edb49d315dd9587d3f705a66c11563098,2025-12,North Yorkshire Police,North Yorkshire Police,-1.130949,53.941067,On or near Vincent Way,E01013448,York 018F,Violence and sexual offences,Unable to prosecute suspect,
997f8b01833e05ace1b4bba3efca2ef76afc8333c040a723c29168e6b2e640cd,2025-12,North Yorkshire Police,North Yorkshire Police,-1.132651,53.941960,On or near Corlett Court,E01013448,York 018F,Violence and sexual offences,Investigation complete; no suspect identified,
,2025-12,North Yorkshire Police,North Yorkshire Police,-1.070312,53.939349,On or near Sports/Recreation Area,E01013360,York 019A,Anti-social behaviour,,
844610a9355d5c124e23f474edf41ebf75b63d26ecf4d4028e19f6298b2d17d3,2025-12,North Yorkshire Police,North Yorkshire Police,-1.072964,53.940784,On or near ,E01013360,York 019A,Violence and sexual offences,Unable to prosecute suspect,
bcde574dbaed30bcfb37dde110cb63f32603f9e4e9530a4e5626ebe4da26a4ed,2025-12,North Yorkshire Police,North Yorkshire Police,-1.075959,53.948378,On or near Levisham Street,E01013361,York 019B,Other theft,Investigation complete; no suspect identified,
9e39dddc685215b555fa1eeec2898099085aeb99bed52d41e541fd385ae84f3c,2025-12,North Yorkshire Police,North Yorkshire Police,-1.074961,53.945126,On or near ,E01013361,York 019B,Vehicle crime,Unable to prosecute suspect,
84267399bbb700dd633e1502cb074b1acf79ad9197c516edfad2c6ef82914aa7,2025-12,North Yorkshire Police,North Yorkshire Police,-1.074444,53.949600,On or near ,E01013361,York 019B,Violence and sexual offences,Under investigation,
84267399bbb700dd633e1502cb074b1acf79ad9197c516edfad2c6ef82914aa7,2025-12,North Yorkshire Police,North Yorkshire Police,-1.074444,53.949600,On or near ,E01013361,York 019B,Violence and sexual offences,Unable to prosecute suspect,
4059c097083fd25cf226c880770bfc18c410a9010b6cef4d1cbfcc7e6cacb216,2025-12,North Yorkshire Police,North Yorkshire Police,-1.078366,53.947021,On or near Frances Street,E01013361,York 019B,Violence and sexual offences,Unable to prosecute suspect,
396fae8053129f13da38fa138049ed46d148ef6359ca45516a971f5938d8e51c,2025-12,North Yorkshire Police,North Yorkshire Police,-1.078366,53.947021,On or near Frances Street,E01013361,York 019B,Violence and sexual offences,Unable to prosecute suspect,
,2025-12,North Yorkshire Police,North Yorkshire Police,-1.073869,53.944344,On or near Fulford Road,E01013362,York 019C,Anti-social behaviour,,
,2025-12,North Yorkshire Police,North Yorkshire Police,-1.074596,53.946614,On or near Wenlock Terrace,E01013362,York 019C,Anti-social behaviour,,
dfce6bdc33c136a1fae92e78ee4adfc78603b5457e0be63dd406a322d39a2688,2025-12,North Yorkshire Police,North Yorkshire Police,-1.078288,53.942275,On or near Stockholm Close,E01013362,York 019C,Burglary,Investigation complete; no suspect identified,
0c1fe391853ff48d6270bd9437023c417456e8c900f8f31f4b63c56c9ca6d91f,2025-12,North Yorkshire Police,North Yorkshire Police,-1.072405,53.946490,On or near Police Station,E01013362,York 019C,Criminal damage and arson,Awaiting court outcome,
1e0bd86c32324bc5c446b4e326254e635d7bfebab0566127abb31c5d2198d77e,2025-12,North Yorkshire Police,North Yorkshire Police,-1.072405,53.946490,On or near Police Station,E01013362,York 019C,Criminal damage and arson,Under investigation,
6c0226202388830a13dc56a7c7ef37354dc498b2b8fe87bbeea528de5dba66b1,2025-12,North Yorkshire Police,North Yorkshire Police,-1.072405,53.946490,On or near Police Station,E01013362,York 019C,Criminal damage and arson,Awaiting court outcome,
dd81391f8758d243f50450f6740d8cc74e924f3e2073f3849b70637bf047775e,2025-12,North Yorkshire Police,North Yorkshire Police,-1.078288,53.942275,On or near Stockholm Close,E01013362,York 019C,Criminal damage and arson,Investigation complete; no suspect identified,
34d0a81fd6bf9605be8e0baa39d278e4908ec6b8ad2ee4d4fb00c5f48aa9bf77,2025-12,North Yorkshire Police,North Yorkshire Police,-1.074596,53.946614,On or near Wenlock Terrace,E01013362,York 019C,Criminal damage and arson,Unable to prosecute suspect,
32712b6809cc4a7e00ea9ea23cfb5758b7c491ee62e3a073e09b938ca7ba851b,2025-12,North Yorkshire Police,North Yorkshire Police,-1.071877,53.947636,On or near Kilburn Road,E01013362,York 019C,Criminal damage and arson,Investigation complete; no suspect identified,
144c5661c6015131d00a2223d910f9c1fbc0bbbcbb1e167e6225cff86509581d,2025-12,North Yorkshire Police,North Yorkshire Police,-1.072405,53.946490,On or near Police Station,E01013362,York 019C,Drugs,Awaiting court outcome,
fd14b1e8d0eba9de12517f18ff5e52f097e9202137526bca8dc263d226d90f6f,2025-12,North Yorkshire Police,North Yorkshire Police,-1.072405,53.946490,On or near Police Station,E01013362,York 019C,Drugs,Awaiting court outcome,
c5cd3007700d3bacff9a5500355224e4ac306307d22b327eca269351d481f9c3,2025-12,North Yorkshire Police,North Yorkshire Police,-1.075930,53.946930,On or near Carey Street,E01013362,York 019C,Drugs,Investigation complete; no suspect identified,
f0d39121e0c72cad562452f56a9e1af14b2ebf7c34bb9b5f2e7bd9c6aae7937a,2025-12,North Yorkshire Police,North Yorkshire Police,-1.076046,53.946518,On or near Ambrose Street,E01013362,York 019C,Other theft,Unable to prosecute suspect,
36d305bda8d5911db8207a1291092856338713761c2d0a41ac886bc6466d3c90,2025-12,North Yorkshire Police,North Yorkshire Police,-1.078288,53.942275,On or near Stockholm Close,E01013362,York 019C,Other theft,Investigation complete; no suspect identified,
362af175e28526c5489947c8ad81b1107654cbbc795f1903a7eebff274a2b5b4,2025-12,North Yorkshire Police,North Yorkshire Police,-1.074596,53.946614,On or near Wenlock Terrace,E01013362,York 019C,Other theft,Awaiting court outcome,
f72842674d535efa6c6fb58a8107c9a1e1caee8ad357990941b908b7f8ca8df1,2025-12,North Yorkshire Police,North Yorkshire Police,-1.072405,53.946490,On or near Police Station,E01013362,York 019C,Possession of weapons,Awaiting court outcome,
6964160428e4cfcf7d670a99af1fd5909629340d1a52aec9792167a36786f19a,2025-12,North Yorkshire Police,North Yorkshire Police,-1.072405,53.946490,On or near Police Station,E01013362,York 019C,Public order,Awaiting court outcome,
da8818324146decc1fafcff9b4700cb93b53f829e420a14f6a41371c0e035841,2025-12,North Yorkshire Police,North Yorkshire Police,-1.074596,53.946614,On or near Wenlock Terrace,E01013362,York 019C,Shoplifting,Investigation complete; no suspect identified,
254c8f753fb8fd1586f08bf3d5ed2ba6fc06efda08015509c83bebd76fb12dcb,2025-12,North Yorkshire Police,North Yorkshire Police,-1.074596,53.946614,On or near Wenlock Terrace,E01013362,York 019C,Shoplifting,Investigation complete; no suspect identified,
9fe42a5987f034191e9258bb05a848f56cc256f1284809db2177424144a3a121,2025-12,North Yorkshire Police,North Yorkshire Police,-1.075316,53.943681,On or near Supermarket,E01013362,York 019C,Shoplifting,Investigation complete; no suspect identified,
a4209d1ed9c71433f9b159124fb438e0448893216f84f0f1dec0eef5f6b6d639,2025-12,North Yorkshire Police,North Yorkshire Police,-1.075316,53.943681,On or near Supermarket,E01013362,York 019C,Shoplifting,Investigation complete; no suspect identified,
cc79fa7577de0a9aee991060c7c0659d99e39bed62f457952a4ef62b25f17427,2025-12,North Yorkshire Police,North Yorkshire Police,-1.076046,53.946518,On or near Ambrose Street,E01013362,York 019C,Violence and sexual offences,Unable to prosecute suspect,
f5e0890574dbb6d406822e547e372693b685b95b3ae1e4856ea324434a8a8e96,2025-12,North Yorkshire Police,North Yorkshire Police,-1.072405,53.946490,On or near Police Station,E01013362,York 019C,Violence and sexual offences,Unable to prosecute suspect,
ede05a252ca9d85221c8712c961b2ce4e0b3d205146355e58613806bdafd9eee,2025-12,North Yorkshire Police,North Yorkshire Police,-1.075316,53.943681,On or near Supermarket,E01013362,York 019C,Violence and sexual offences,Unable to prosecute suspect,
c9a1da3b81afd4cc590580d7efa69f5596b972bf31c45bba60273df52052100a,2025-12,North Yorkshire Police,North Yorkshire Police,-1.074596,53.946614,On or near Wenlock Terrace,E01013362,York 019C,Violence and sexual offences,Local resolution,
963e5bbaebde908f655d15833fa97397f63b663437f699c4d381579b56eacd9f,2025-12,North Yorkshire Police,North Yorkshire Police,-1.072405,53.946490,On or near Police Station,E01013362,York 019C,Violence and sexual offences,Awaiting court outcome,
4fa8bd2d08df721d029e17a9f521df27021aa609b5cd93743c09d0ce12ca0945,2025-12,North Yorkshire Police,North Yorkshire Police,-1.074596,53.946614,On or near Wenlock Terrace,E01013362,York 019C,Violence and sexual offences,Under investigation,
2afab1a40a9197ab2c42c9077f37ea82f8c33336ab7b18d3b4db8d8c7d7d2f0a,2025-12,North Yorkshire Police,North Yorkshire Police,-1.074596,53.946614,On or near Wenlock Terrace,E01013362,York 019C,Violence and sexual offences,Under investigation,
ede05a252ca9d85221c8712c961b2ce4e0b3d205146355e58613806bdafd9eee,2025-12,North Yorkshire Police,North Yorkshire Police,-1.075316,53.943681,On or near Supermarket,E01013362,York 019C,Violence and sexual offences,Under investigation,
,2025-12,North Yorkshire Police,North Yorkshire Police,-1.062424,53.952668,On or near Arnside Place,E01013363,York 019D,Anti-social behaviour,,
,2025-12,North Yorkshire Police,North Yorkshire Police,-1.067677,53.953545,On or near Regent Street,E01013363,York 019D,Anti-social behaviour,,
1a7ebcec34eef49a202dc7bcf9df91072b5d6acc85dc6d89926e6c8d1a5e70ac,2025-12,North Yorkshire Police,North Yorkshire Police,-1.062512,53.954179,On or near St Nicholas Place,E01013363,York 019D,Bicycle theft,Investigation complete; no suspect identified,
10db0fdf1e4506d0c13d95712f0bcc0ce071d5e037a07b1a753d6b28d134b5dc,2025-12,North Yorkshire Police,North Yorkshire Police,-1.062457,53.953882,On or near Nicholas Gardens,E01013363,York 019D,Bicycle theft,Investigation complete; no suspect identified,
339ecc0183e1d83c668d71c091dfa0560872dd6a0c59f301463bbc9f783e5c96,2025-12,North Yorkshire Police,North Yorkshire Police,-1.064125,53.954281,On or near Petrol Station,E01013363,York 019D,Criminal damage and arson,Investigation complete; no suspect identified,
444dd633b4434ac30d088429a0a4a192da4a1cfd0c4e3dcb7c00139f7d57a8a8,2025-12,North Yorkshire Police,North Yorkshire Police,-1.067677,53.953545,On or near Regent Street,E01013363,York 019D,Possession of weapons,Unable to prosecute suspect,
75ed36958e1a11f20bcf39c42a17a342ebd57037929b624f414672b8d19d9d19,2025-12,North Yorkshire Police,North Yorkshire Police,-1.062424,53.952668,On or near Arnside Place,E01013363,York 019D,Public order,Offender given a caution,
0a12ffbbe32fbee8bdab8a4139b28c6ea9d5fa8fe1a41a8b74662c005df98605,2025-12,North Yorkshire Police,North Yorkshire Police,-1.073541,53.953680,On or near Supermarket,E01013363,York 019D,Public order,Under investigation,
d057329504705ba4a4869dea012f1563e8f80433c3344cb38975cb29f740e59a,2025-12,North Yorkshire Police,North Yorkshire Police,-1.063649,53.954421,On or near Milton Street,E01013363,York 019D,Shoplifting,Unable to prosecute suspect,
a242132492cfdd671fe750c9e71c260f175fe85a8d294f2ff106c1c368c5046c,2025-12,North Yorkshire Police,North Yorkshire Police,-1.063649,53.954421,On or near Milton Street,E01013363,York 019D,Vehicle crime,Investigation complete; no suspect identified,
db1423879b929ced0bdcdfe419735a604410991c70eb943245c9ec8da2d4497d,2025-12,North Yorkshire Police,North Yorkshire Police,-1.069651,53.954522,On or near The Tannery,E01013363,York 019D,Violence and sexual offences,Investigation complete; no suspect identified,
372f3618eca4ee204cdfa197eefbb2c1a699b6758c15e27cfbf0d61ab4ec8b97,2025-12,North Yorkshire Police,North Yorkshire Police,-1.071767,53.953927,On or near Barbican Road,E01013363,York 019D,Violence and sexual offences,Unable to prosecute suspect,
247dd2eeb178c2769a8639a4dd585ad8c127c5744c5a9a338ef865c752caafdd,2025-12,North Yorkshire Police,North Yorkshire Police,-1.073541,53.953680,On or near Supermarket,E01013363,York 019D,Violence and sexual offences,Under investigation,
0aa1ef5918ddb483ac5e42d4e9d5d4d70490c5b4014921c2fd6e175aa9e590bc,2025-12,North Yorkshire Police,North Yorkshire Police,-1.063649,53.954421,On or near Milton Street,E01013363,York 019D,Violence and sexual offences,Unable to prosecute suspect,
5d4ae346bcf842c58b004eb0f961b7549f0190ded188c5e4503e673672bf07ae,2025-12,North Yorkshire Police,North Yorkshire Police,-1.071767,53.953927,On or near Barbican Road,E01013363,York 019D,Violence and sexual offences,Unable to prosecute suspect,
b781eeea3c5365d4ee3cd0210ff5ccfdf3270ee2a8ec682020b1fa7916735900,2025-12,North Yorkshire Police,North Yorkshire Police,-1.073541,53.953680,On or near Supermarket,E01013363,York 019D,Violence and sexual offences,Under investigation,
85ea888048e6df055d23a83449e0a086e21c7a5a5472cd1eeb8de47fe9873587,2025-12,North Yorkshire Police,North Yorkshire Police,-1.060531,53.952815,On or near Kexby Avenue,E01013363,York 019D,Violence and sexual offences,Unable to prosecute suspect,
,2025-12,North Yorkshire Police,North Yorkshire Police,-1.073340,53.952438,On or near Parking Area,E01013364,York 019E,Anti-social behaviour,,
,2025-12,North Yorkshire Police,North Yorkshire Police,-1.076771,53.953663,On or near ,E01013364,York 019E,Anti-social behaviour,,
069321cc03d9c9fb59428eef5cfb998b36e60b98b5906ce4c9a842e1feb03c68,2025-12,North Yorkshire Police,North Yorkshire Police,-1.069998,53.952628,On or near Wolsley Street,E01013364,York 019E,Bicycle theft,Unable to prosecute suspect,
25a44f43eb495d48d90091e61e5c57b994ee5ed2b288f0061c193fd21305c3c8,2025-12,North Yorkshire Police,North Yorkshire Police,-1.069671,53.951565,On or near Apollo Court,E01013364,York 019E,Criminal damage and arson,Awaiting court outcome,
ab0ca1510e2603d5ba6a452b334ef44ba7bc69693bed7f7bf617122eb7b0e83c,2025-12,North Yorkshire Police,North Yorkshire Police,-1.075689,53.950955,On or near Winterscale Street,E01013364,York 019E,Criminal damage and arson,Investigation complete; no suspect identified,
d08240cd6937190eb9a7e39cbcc3bb76deac2443a7e555dfe8e390e2d7925278,2025-12,North Yorkshire Police,North Yorkshire Police,-1.071271,53.952934,On or near Willis Street,E01013364,York 019E,Violence and sexual offences,Unable to prosecute suspect,
9b5b830ec2d037c6803043fa75979cbdcd0c9305ee7d00a8ebd0562afe7ed9e5,2025-12,North Yorkshire Police,North Yorkshire Police,-1.073340,53.952438,On or near Parking Area,E01013364,York 019E,Violence and sexual offences,Unable to prosecute suspect,
4e19a02ccb8cee5302d15cecebe70950dc723eb6d331da861ffabe6cc0fbe869,2025-12,North Yorkshire Police,North Yorkshire Police,-1.075689,53.950955,On or near Winterscale Street,E01013364,York 019E,Violence and sexual offences,Unable to prosecute suspect,
b195ba1508c2afe22e65b508982e3a0d45ab5760d5f63849d3fc6840ccb659b9,2025-12,North Yorkshire Police,North Yorkshire Police,-1.071696,53.951661,On or near Horsman Avenue,E01013364,York 019E,Violence and sexual offences,Unable to prosecute suspect,
,2025-12,North Yorkshire Police,North Yorkshire Police,-1.082403,53.950521,On or near Anne Street,E01013418,York 019F,Anti-social behaviour,,
,2025-12,North Yorkshire Police,North Yorkshire Police,-1.082403,53.950521,On or near Anne Street,E01013418,York 019F,Anti-social behaviour,,
,2025-12,North Yorkshire Police,North Yorkshire Police,-1.082403,53.950521,On or near Anne Street,E01013418,York 019F,Anti-social behaviour,,
,2025-12,North Yorkshire Police,North Yorkshire Police,-1.082403,53.950521,On or near Anne Street,E01013418,York 019F,Anti-social behaviour,,
,2025-12,North Yorkshire Police,North Yorkshire Police,-1.083618,53.952103,On or near Darnborough Street,E01013418,York 019F,Anti-social behaviour,,
4bcd800e042987c6196f48a438839328044e9353654e7da8cd19707b89a09581,2025-12,North Yorkshire Police,North Yorkshire Police,-1.082359,53.952516,On or near Clementhorpe,E01013418,York 019F,Burglary,Investigation complete; no suspect identified,
72410418d93171edcf1c6d98e73533fdcd73905fad8afe4f47a06109792c97bc,2025-12,North Yorkshire Police,North Yorkshire Police,-1.085536,53.951480,On or near Parking Area,E01013418,York 019F,Criminal damage and arson,Investigation complete; no suspect identified,
a53378f24ee4b059a9838bd582702739de04ac1f636f8cc52157ef057a1f5c04,2025-12,North Yorkshire Police,North Yorkshire Police,-1.085536,53.951480,On or near Parking Area,E01013418,York 019F,Public order,Unable to prosecute suspect,
4927b27ae2311cb0771af72d81c50b8bf61646cd331df0bd16026cd4e1b0cd6f,2025-12,North Yorkshire Police,North Yorkshire Police,-1.081276,53.951879,On or near River Street,E01013418,York 019F,Violence and sexual offences,Further investigation is not in the public interest,
2de547af8e84df7afc65f0d11f36570429bb4c7e7b8fac5168803b1a94f6418c,2025-12,North Yorkshire Police,North Yorkshire Police,-1.084199,53.950625,On or near Charlton Street,E01013418,York 019F,Violence and sexual offences,Investigation complete; no suspect identified,
029085e6aa0fa150c855aaf309758611caa6d5b6831f396abe4cb6126dbb3399,2025-12,North Yorkshire Police,North Yorkshire Police,-1.082403,53.950521,On or near Anne Street,E01013418,York 019F,Violence and sexual offences,Unable to prosecute suspect,
f48b28c4d1821f01f12937858d34dcafa7939d4bbc45b1f8ff39d608677645e5,2025-12,North Yorkshire Police,North Yorkshire Police,-1.083618,53.952103,On or near Darnborough Street,E01013418,York 019F,Violence and sexual offences,Unable to prosecute suspect,
78ba1885b0dccc4dd0361f86457af1cb544d938109a725d014faca49598a4a7d,2025-12,North Yorkshire Police,North Yorkshire Police,-1.082403,53.950521,On or near Anne Street,E01013418,York 019F,Violence and sexual offences,Unable to prosecute suspect,
31a0ab9f84d206d66064d7ceedb7c2cd4a1d0b7b72a11f665fb607a9defeefbd,2025-12,North Yorkshire Police,North Yorkshire Police,-1.082403,53.950521,On or near Anne Street,E01013418,York 019F,Violence and sexual offences,Unable to prosecute suspect,
1aa0229898148e69be39d66aef44688f7c67c25ec99aa82dcbd55d0d9e7491c8,2025-12,North Yorkshire Police,North Yorkshire Police,-1.081276,53.951879,On or near River Street,E01013418,York 019F,Violence and sexual offences,Unable to prosecute suspect,
d11ba5fc84b313c6ec0f0fc6858524b26c8fcb55b8fd5bcddeea52d467cbbf21,2025-12,North Yorkshire Police,North Yorkshire Police,-1.084199,53.950625,On or near Charlton Street,E01013418,York 019F,Violence and sexual offences,Unable to prosecute suspect,
,2025-12,North Yorkshire Police,North Yorkshire Police,-1.009161,53.979187,On or near Piker Thorn Lane,E01013351,York 020A,Anti-social behaviour,,
024ea67d48d56dce286dde3ef85f4a8ca8a645335dc42dec5ecb7c973e71d19a,2025-12,North Yorkshire Police,North Yorkshire Police,-1.019507,53.954837,On or near ,E01013351,York 020A,Vehicle crime,Investigation complete; no suspect identified,
1244e577e9875723a99baaaafe188ab13f10a44ceb66cadd6a3277fa5be1e308,2025-12,North Yorkshire Police,North Yorkshire Police,-1.006855,53.954963,On or near Elvington Lane,E01013351,York 020A,Violence and sexual offences,Unable to prosecute suspect,
fb026622f3a9fe3bd73eadaee6f8ce642cbf480657327792ed8c4630556fa3df,2025-12,North Yorkshire Police,North Yorkshire Police,-1.005166,53.959362,On or near Stamford Bridge Road,E01013351,York 020A,Violence and sexual offences,Further investigation is not in the public interest,
fc2079ef8318520f945b75ba1a293ae93e54d4177a55c217d437d3e6566c7167,2025-12,North Yorkshire Police,North Yorkshire Police,-1.005166,53.959362,On or near Stamford Bridge Road,E01013351,York 020A,Violence and sexual offences,Unable to prosecute suspect,
b663d4e87e99638fe46defaa20cddbf59ddd19f62d7af439e43c95d26d1c7626,2025-12,North Yorkshire Police,North Yorkshire Police,-1.005633,53.958278,On or near Bore Tree Baulk,E01013351,York 020A,Violence and sexual offences,Unable to prosecute suspect,
,2025-12,North Yorkshire Police,North Yorkshire Police,-0.979716,53.964236,On or near Greencroft Court,E01013352,York 020B,Anti-social behaviour,,
,2025-12,North Yorkshire Police,North Yorkshire Police,-0.979639,53.966150,On or near Orchard Cottages,E01013352,York 020B,Anti-social behaviour,,
bb8cf2862af65da1c82f68082456d754dfb7b4a460d1d3c727055913ddc17052,2025-12,North Yorkshire Police,North Yorkshire Police,-0.979639,53.966150,On or near Orchard Cottages,E01013352,York 020B,Other theft,Investigation complete; no suspect identified,
c3d95fd725b6dd9dbdda3330ba185762c24616d16895ee0dfaa4a305c6c01126,2025-12,North Yorkshire Police,North Yorkshire Police,-0.981885,53.964066,On or near York Street,E01013352,York 020B,Violence and sexual offences,Under investigation,
52cff237e467c74d833bdfd0c64a542ff751e6335077f303d45fafe3d503a00c,2025-12,North Yorkshire Police,North Yorkshire Police,-0.951630,53.925066,On or near Elvington Lane,E01013451,York 020C,Vehicle crime,Unable to prosecute suspect,
11374dbf4dd851bb569e7f502a022cbe73c834077924019fd03b3f4a1a78e8f9,2025-12,North Yorkshire Police,North Yorkshire Police,-0.955213,53.924900,On or near The Conifers,E01013451,York 020C,Violence and sexual offences,Unable to prosecute suspect,
137daed08cc74c926514c7b81b1fb7d9c5b96579db31e3b62a0de891bcaf5913,2025-12,North Yorkshire Police,North Yorkshire Police,-0.966952,53.897228,On or near Dovecot Close,E01013452,York 020D,Violence and sexual offences,Unable to prosecute suspect,
,2025-12,North Yorkshire Police,North Yorkshire Police,-1.108434,53.933146,On or near Academy Drive,E01013357,York 021A,Anti-social behaviour,,
87e9e666bf6a2260694955b972ee19af65b8b641dc56d905b5d8a9b680ac9d6a,2025-12,North Yorkshire Police,North Yorkshire Police,-1.110103,53.936304,On or near Tadcaster Road Dringhouses,E01013357,York 021A,Other theft,Unable to prosecute suspect,
b5bfb79bc3a174e102e4c6724746b935e0a4bc78bb2622f1cc1569784659c450,2025-12,North Yorkshire Police,North Yorkshire Police,-1.104297,53.929806,On or near Sports/Recreation Area,E01013357,York 021A,Public order,Under investigation,
7e93c33565ade03c290c0eae183e8ba992e7bd1e0cccb6d04503c5f5a9e4a19a,2025-12,North Yorkshire Police,North Yorkshire Police,-1.107381,53.936796,On or near Hunters Way,E01013357,York 021A,Vehicle crime,Investigation complete; no suspect identified,
,2025-12,North Yorkshire Police,North Yorkshire Police,-1.109183,53.942301,On or near Aintree Court,E01013358,York 021B,Anti-social behaviour,,
,2025-12,North Yorkshire Police,North Yorkshire Police,-1.105578,53.943443,On or near Hospital,E01013358,York 021B,Anti-social behaviour,,
,2025-12,North Yorkshire Police,North Yorkshire Police,-1.106167,53.942288,On or near Ainsty Grove,E01013358,York 021B,Anti-social behaviour,,
1cdd046e79b79ff326fd4b04f57e334592bfba2004f3f6f63c481e77af139a89,2025-12,North Yorkshire Police,North Yorkshire Police,-1.113866,53.940592,On or near Eason Road,E01013358,York 021B,Drugs,Awaiting court outcome,
efe5adca84c5e9d96c673a88791389b89b0daf6d7015b71d555dd83a2eaad0a1,2025-12,North Yorkshire Police,North Yorkshire Police,-1.113866,53.940592,On or near Eason Road,E01013358,York 021B,Possession of weapons,Awaiting court outcome,
11d76b5c1c6f158a29168311f1b3eda69ba4596057d45bf33d9247dc50587000,2025-12,North Yorkshire Police,North Yorkshire Police,-1.105030,53.947726,On or near White House Drive,E01013358,York 021B,Violence and sexual offences,Unable to prosecute suspect,
4c2de61fc6a7429f0069c77b2edaf0a11013d9ad32019e7e109995cb1c706dc7,2025-12,North Yorkshire Police,North Yorkshire Police,-1.088669,53.946156,On or near Trafalgar Court,E01013412,York 021C,Bicycle theft,Investigation complete; no suspect identified,
c0ba39d20843beb94a0210140579496bd97e19f8e365228c358d786e3a994814,2025-12,North Yorkshire Police,North Yorkshire Police,-1.102321,53.945450,On or near Tadcaster Road,E01013412,York 021C,Criminal damage and arson,Investigation complete; no suspect identified,
9e64d47c1915b7c100bf002c294244aa9a13a1fc96e4ceedb09b17b065a7296a,2025-12,North Yorkshire Police,North Yorkshire Police,-1.092950,53.946880,On or near Windsor Street,E01013412,York 021C,Other theft,Unable to prosecute suspect,
7a64a034b7fc384d1b78aa44b076db3389e96de9651168538059f826ac8f818a,2025-12,North Yorkshire Police,North Yorkshire Police,-1.091705,53.945999,On or near Ruby Street,E01013412,York 021C,Other theft,Investigation complete; no suspect identified,
1c244571dd84aef6d52a4e4acecb38a239d132b075adf3fafc9b5cdcef6129a0,2025-12,North Yorkshire Police,North Yorkshire Police,-1.092345,53.945959,On or near Hubert Street,E01013412,York 021C,Vehicle crime,Unable to prosecute suspect,
59849e61027a7ac1219a5711d0f54434b7d1e4997b061d5e56fbf7c5a53f8e96,2025-12,North Yorkshire Police,North Yorkshire Police,-1.093374,53.947692,On or near Philadelphia Terrace,E01013412,York 021C,Violence and sexual offences,Investigation complete; no suspect identified,
759554b2ac7bdf7bf8b7e55f55f8ecc8f89f12134e0842001f760324035457ce,2025-12,North Yorkshire Police,North Yorkshire Police,-1.087342,53.944150,On or near Montague Street,E01013412,York 021C,Violence and sexual offences,Unable to prosecute suspect,
a357f95ff1269d200834a7621cd92ba0aedfc24106008bce7c7dda74a3937743,2025-12,North Yorkshire Police,North Yorkshire Police,-1.089812,53.942659,On or near Clock Tower Way,E01013412,York 021C,Violence and sexual offences,Investigation complete; no suspect identified,
468b406544f8e270911023f46d9d86fdd4aab7630a44665652ba5efa30f9c4ac,2025-12,North Yorkshire Police,North Yorkshire Police,-1.088669,53.946156,On or near Trafalgar Court,E01013412,York 021C,Violence and sexual offences,Under investigation,
c02a2f39da8d10c99c81dcdba58ec6d21b676159b5cafd2c4c89404e35bb3fd3,2025-12,North Yorkshire Police,North Yorkshire Police,-1.082553,53.945119,On or near ,E01013414,York 021D,Criminal damage and arson,Investigation complete; no suspect identified,
f15f09ea6391178d1cf8269de1f8749b4385fde8cd5268127950e9e96923fbbe,2025-12,North Yorkshire Police,North Yorkshire Police,-1.088755,53.942202,On or near Banks Drive,E01013414,York 021D,Criminal damage and arson,Under investigation,
6e7217d147592750066908568ebd23852a23d15dd837dcc168f2312e2ecc685c,2025-12,North Yorkshire Police,North Yorkshire Police,-1.085033,53.945921,On or near Finsbury Street,E01013414,York 021D,Other theft,Unable to prosecute suspect,
1b9d7f2c10d4df99ef8387d246acc8c823dfa6559d2b981bcb3e949da9e94874,2025-12,North Yorkshire Police,North Yorkshire Police,-1.087534,53.942336,On or near Joseph Terry Grove,E01013414,York 021D,Other theft,Investigation complete; no suspect identified,
48da1160aec88698265bde3fb65e677eac7deeb61291afd6ed3d5263cf80cd9a,2025-12,North Yorkshire Police,North Yorkshire Police,-1.082553,53.945119,On or near ,E01013414,York 021D,Violence and sexual offences,Local resolution,
a25db0bb25306f92cc8f0a6daa14190b9e5f131ca411a136f90d214775eb39ac,2025-12,North Yorkshire Police,North Yorkshire Police,-1.082553,53.945119,On or near ,E01013414,York 021D,Violence and sexual offences,Local resolution,
,2025-12,North Yorkshire Police,North Yorkshire Police,-1.120726,53.938171,On or near Wain'S Grove,E01013353,York 022A,Anti-social behaviour,,
,2025-12,North Yorkshire Police,North Yorkshire Police,-1.120715,53.939429,On or near Dringfield Close,E01013353,York 022A,Anti-social behaviour,,
13bae5c184279f1f4ea325099306030bf9ef392b4ca1c075fff1f9ec6c678a2e,2025-12,North Yorkshire Police,North Yorkshire Police,-1.120466,53.937495,On or near Chaloner'S Crescent,E01013353,York 022A,Burglary,Unable to prosecute suspect,
bc5baae5ad5cc2d3de8ab56d281a66c08ac7895306f85aa1d077a1a67457f108,2025-12,North Yorkshire Police,North Yorkshire Police,-1.115833,53.939033,On or near Don Avenue,E01013353,York 022A,Criminal damage and arson,Unable to prosecute suspect,
ea05b0dc17e85e2033938ec2814942936d145f15d59156192a4cefb0986b8116,2025-12,North Yorkshire Police,North Yorkshire Police,-1.120726,53.938171,On or near Wain'S Grove,E01013353,York 022A,Drugs,Investigation complete; no suspect identified,
398e946460d520019e433bf2145df381275e312f90d6afcad1232ed8f33b15dd,2025-12,North Yorkshire Police,North Yorkshire Police,-1.115833,53.939033,On or near Don Avenue,E01013353,York 022A,Vehicle crime,Unable to prosecute suspect,
d6bc72c5c9e8dc7706807c5e18287632bb075223e3fda86d21f8d9e7749b3256,2025-12,North Yorkshire Police,North Yorkshire Police,-1.120726,53.938171,On or near Wain'S Grove,E01013353,York 022A,Violence and sexual offences,Unable to prosecute suspect,
2b4714000f858ad2a1076ae8b3fb347e523f64318b83cd60bea0fd6fcd17f61f,2025-12,North Yorkshire Police,North Yorkshire Police,-1.120726,53.938171,On or near Wain'S Grove,E01013353,York 022A,Violence and sexual offences,Unable to prosecute suspect,
7638b86d9d60b5be465c518ce6a5fdf2864b63761d25d4d4dfae9bf0f5c341b1,2025-12,North Yorkshire Police,North Yorkshire Police,-1.115833,53.939033,On or near Don Avenue,E01013353,York 022A,Violence and sexual offences,Unable to prosecute suspect,
8b96e3ccfe2ea4e32567724b3183ddea37b6fec066be5bef6d60a913295db24c,2025-12,North Yorkshire Police,North Yorkshire Police,-1.120715,53.939429,On or near Dringfield Close,E01013353,York 022A,Violence and sexual offences,Under investigation,
5f8b33f6ab45285896d51a87793d6b16d12d00826ba2289776a3e6ecd0659d02,2025-12,North Yorkshire Police,North Yorkshire Police,-1.120715,53.939429,On or near Dringfield Close,E01013353,York 022A,Violence and sexual offences,Unable to prosecute suspect,
4a73483b28c59a160055326ac729fd4cbd79155d44785f91dd8d15a87af73a0a,2025-12,North Yorkshire Police,North Yorkshire Police,-1.120726,53.938171,On or near Wain'S Grove,E01013353,York 022A,Violence and sexual offences,Unable to prosecute suspect,
c814e5baf08a2af161d85834af6c2e3f6e324e7daa84789e4bc7934befc2b273,2025-12,North Yorkshire Police,North Yorkshire Police,-1.115833,53.939033,On or near Don Avenue,E01013353,York 022A,Violence and sexual offences,Under investigation,
6de322f590d4ed472243b37cec7900871222a60302f65ac3e7d77660c848a75d,2025-12,North Yorkshire Police,North Yorkshire Police,-1.135139,53.934392,On or near Burns Court,E01013354,York 022B,Violence and sexual offences,Unable to prosecute suspect,
a0aa328c1f540a21a6a7d0d48d19382f4f0caaa64d70d3d1e3b060f17040a2ef,2025-12,North Yorkshire Police,North Yorkshire Police,-1.132318,53.934534,On or near Orrin Close,E01013354,York 022B,Other crime,Under investigation,
,2025-12,North Yorkshire Police,North Yorkshire Police,-1.117720,53.928743,On or near ,E01013355,York 022C,Anti-social behaviour,,
,2025-12,North Yorkshire Police,North Yorkshire Police,-1.117720,53.928743,On or near ,E01013355,York 022C,Anti-social behaviour,,
29883ec4242f17443521ef721903aa80980465c2905a345fc8d3d402048aafe7,2025-12,North Yorkshire Police,North Yorkshire Police,-1.112869,53.930868,On or near The Grove,E01013355,York 022C,Bicycle theft,Investigation complete; no suspect identified,
ac23770b58844085980402e4c8cfeed0b1c71e6c4052d7b0e232aa301e8a2181,2025-12,North Yorkshire Police,North Yorkshire Police,-1.129705,53.934946,On or near Grassholme,E01013355,York 022C,Burglary,Investigation complete; no suspect identified,
fb2b717456a9199c1fcdc11f90d20e4cc5f5f4a9929827b376a4f8169f749eed,2025-12,North Yorkshire Police,North Yorkshire Police,-1.115953,53.931172,On or near ,E01013355,York 022C,Criminal damage and arson,Investigation complete; no suspect identified,
efcbcaf8550cc4e51e3418372181cc23e556bf7ffe9bf5444ce11121c12c1d12,2025-12,North Yorkshire Police,North Yorkshire Police,-1.112869,53.930868,On or near The Grove,E01013355,York 022C,Other theft,Under investigation,
178df94c2474cfca93a8c69b77bc562329fed9e278ddf18236c8ee02f884e683,2025-12,North Yorkshire Police,North Yorkshire Police,-1.115953,53.931172,On or near ,E01013355,York 022C,Other theft,Unable to prosecute suspect,
35e74b39a34af9da20799d7d36a111ec97507eb7f5c9e15b1abbcffd6cf433c2,2025-12,North Yorkshire Police,North Yorkshire Police,-1.112869,53.930868,On or near The Grove,E01013355,York 022C,Violence and sexual offences,Under investigation,
5e9551b7b82d88551105ddefcc39c4ed5f69707bb919e1b452ef0598148fc5f1,2025-12,North Yorkshire Police,North Yorkshire Police,-1.110697,53.933423,On or near College Court,E01013355,York 022C,Violence and sexual offences,Unable to prosecute suspect,
fbe3e68090201e86eba5099dfcb9a5b79331a929b854226e3516245bd3a541e1,2025-12,North Yorkshire Police,North Yorkshire Police,-1.115953,53.931172,On or near ,E01013355,York 022C,Violence and sexual offences,Under investigation,
101b6bb8863c82c88fddd1a786806fb372f827515bdb9c96b0e2299df6b48392,2025-12,North Yorkshire Police,North Yorkshire Police,-1.123872,53.937061,On or near Silverdale Court,E01013356,York 022D,Criminal damage and arson,Unable to prosecute suspect,
62ccf042ae2294842c9833b1a62ed8f74fbca7338f7b254f3863643afbca3e18,2025-12,North Yorkshire Police,North Yorkshire Police,-1.123041,53.938951,On or near Wharfe Drive,E01013356,York 022D,Violence and sexual offences,Under investigation,
9efa903a9cf21a51de05de56230cf5d9001f8f010a8889ef582a56238504b0be,2025-12,North Yorkshire Police,North Yorkshire Police,-1.129689,53.938649,On or near Acomb Wood Close,E01013356,York 022D,Violence and sexual offences,Further investigation is not in the public interest,
dd5aea225c5f10ef0af50c50e36272bd8147fdf4e0a91b4d74c5e4d7b04e9d94,2025-12,North Yorkshire Police,North Yorkshire Police,-1.115181,53.941779,On or near Southfield Crescent,E01013359,York 022E,Drugs,Formal action is not in the public interest,
c3351760228cf6e94f9039a81b5330ea8b8898084eabb67653acd4e7c1ce6f15,2025-12,North Yorkshire Police,North Yorkshire Police,-1.115181,53.941779,On or near Southfield Crescent,E01013359,York 022E,Violence and sexual offences,Unable to prosecute suspect,
3f6b995298f8e6a29deb682f969bb4cf1414ddfca6afb59d8c0a5f1279802a2b,2025-12,North Yorkshire Police,North Yorkshire Police,-1.118628,53.940861,On or near West Thorpe,E01013359,York 022E,Violence and sexual offences,Unable to prosecute suspect,
f275323208ae6f4bb5aa854c492756b89e47cabb14f2d6a4f99ac234bb7bad8f,2025-12,North Yorkshire Police,North Yorkshire Police,-1.134650,53.944788,On or near Salmond Road,E01013449,York 022F,Criminal damage and arson,Unable to prosecute suspect,
b060dbcc55b4762977034ac946bf8792ac82d8437db5f1d0ae57b14ccc4773a6,2025-12,North Yorkshire Police,North Yorkshire Police,-1.134698,53.938748,On or near Pheasant Drive,E01013449,York 022F,Public order,Investigation complete; no suspect identified,
fd4fdd5a3aca74e344d21623e1763c8c33be7721675b5253bbb7e21c67f11172,2025-12,North Yorkshire Police,North Yorkshire Police,-1.134698,53.938748,On or near Pheasant Drive,E01013449,York 022F,Shoplifting,Unable to prosecute suspect,
d8de978fa5ee8860619b8d5021ea67a049c79122abeda39d1910a9b5da6eae8f,2025-12,North Yorkshire Police,North Yorkshire Police,-1.138053,53.943761,On or near Otterwood Lane,E01013449,York 022F,Violence and sexual offences,Unable to prosecute suspect,
632740cfe80b4d12be51f8d312559e89431cc5c12e57265ce89a9f70524a34ca,2025-12,North Yorkshire Police,North Yorkshire Police,-1.133226,53.940679,On or near Willoughby Way,E01013449,York 022F,Violence and sexual offences,Under investigation,
6c2d3c1f56bfbc70bf3f71b981a8169872ac9e5295daf6df7c0f3e41e5ad65b0,2025-12,North Yorkshire Police,North Yorkshire Police,-1.135607,53.939762,On or near Kitemere Place,E01013449,York 022F,Violence and sexual offences,Unable to prosecute suspect,
52b213de5a33c8425b67d534499ade459df4f3810ba1b218bdc5b8a0a87190d0,2025-12,North Yorkshire Police,North Yorkshire Police,-1.136982,53.943996,On or near Otterwood Bank,E01013449,York 022F,Violence and sexual offences,Under investigation,
74623cec1a40c1f1c9f45fc6cbbc2cf4d22dc1925e0122a5b592cfb3ae1ea86b,2025-12,North Yorkshire Police,North Yorkshire Police,-1.135607,53.939762,On or near Kitemere Place,E01013449,York 022F,Violence and sexual offences,Unable to prosecute suspect,
8c38ff358375f306bcf24812df0225eb20e0ddadcd3ff7ae6a4455f693271861,2025-12,North Yorkshire Police,North Yorkshire Police,-1.132034,53.938657,On or near Linnet Way,E01013449,York 022F,Violence and sexual offences,Under investigation,
,2025-12,North Yorkshire Police,North Yorkshire Police,-1.025157,53.949108,On or near ,E01013378,York 023B,Anti-social behaviour,,
,2025-12,North Yorkshire Police,North Yorkshire Police,-1.025157,53.949108,On or near ,E01013378,York 023B,Anti-social behaviour,,
,2025-12,North Yorkshire Police,North Yorkshire Police,-1.028468,53.948911,On or near Further/Higher Educational Building,E01013378,York 023B,Anti-social behaviour,,
0adf205979e8324dd2bff89c7c3e4938f6dad10778965c8a6c03dbd35a479de0,2025-12,North Yorkshire Police,North Yorkshire Police,-1.056797,53.946090,On or near Park/Open Space,E01013378,York 023B,Bicycle theft,Investigation complete; no suspect identified,
c3aa62f3dc643f72ebcab963951e4f76d664519ff4c359cae170878aac590713,2025-12,North Yorkshire Police,North Yorkshire Police,-1.056797,53.946090,On or near Park/Open Space,E01013378,York 023B,Bicycle theft,Investigation complete; no suspect identified,
daba08e915674e51a2afc32c05e2bd87d84116ea04093312231f07a7efcccf0d,2025-12,North Yorkshire Police,North Yorkshire Police,-1.048285,53.941861,On or near West Moor Lane,E01013378,York 023B,Bicycle theft,Investigation complete; no suspect identified,
9195770f43f4561f65b9b62f46f6706f389035f0afd02c1a5f08c5ad2df7daef,2025-12,North Yorkshire Police,North Yorkshire Police,-1.056797,53.946090,On or near Park/Open Space,E01013378,York 023B,Bicycle theft,Investigation complete; no suspect identified,
006b1b9550c98dcf6b8209e2efb96aa9f3f02680106bf44a84c35a68be12fc7e,2025-12,North Yorkshire Police,North Yorkshire Police,-1.047556,53.941073,On or near Garrowby Way,E01013378,York 023B,Bicycle theft,Investigation complete; no suspect identified,
1001710b0300f6d6e94a9abc287b875e98971ebbfffd9673d7daa788abe8391a,2025-12,North Yorkshire Police,North Yorkshire Police,-1.047730,53.948804,On or near Alcuin Way,E01013378,York 023B,Bicycle theft,Investigation complete; no suspect identified,
d469f03a0f1b3f780896549f3bba15adfd7ad1d6be677070d9dd4d58d1ed8397,2025-12,North Yorkshire Police,North Yorkshire Police,-1.033356,53.947719,On or near Baird Lane,E01013378,York 023B,Bicycle theft,Investigation complete; no suspect identified,
b83d3a69ebaeba66a482188e5638867a64bad18a507a08aef46d6bce8e2cb339,2025-12,North Yorkshire Police,North Yorkshire Police,-1.033356,53.947719,On or near Baird Lane,E01013378,York 023B,Bicycle theft,Investigation complete; no suspect identified,
4da98d6f6cb039c515fbbe5fd03f96035f18ba85ba887c072d28c5744d0bfe97,2025-12,North Yorkshire Police,North Yorkshire Police,-1.042706,53.945313,On or near Paddock Chase,E01013378,York 023B,Burglary,Investigation complete; no suspect identified,
9245194f7258d2e9bfb49d200d47306b5f3fbec5f8ea90062e190501e72a7bb8,2025-12,North Yorkshire Police,North Yorkshire Police,-1.045537,53.940612,On or near Sports/Recreation Area,E01013378,York 023B,Burglary,Investigation complete; no suspect identified,
c072c5ba3529f778ef15e234618cf6ea81ba4711317872cd20755c5f4f744bb5,2025-12,North Yorkshire Police,North Yorkshire Police,-1.052454,53.948815,On or near University Road,E01013378,York 023B,Criminal damage and arson,Under investigation,
b7500a17db4eee200e6abf276e467c802a6f7fad6ab89294478e1c519ef5f9ca,2025-12,North Yorkshire Police,North Yorkshire Police,-1.042953,53.941189,On or near Common Lane,E01013378,York 023B,Other theft,Unable to prosecute suspect,
de9f4c2605ca370d2c9ed3809d9808fc78f95f51ab28a519b488a2026de3a483,2025-12,North Yorkshire Police,North Yorkshire Police,-1.028468,53.948911,On or near Further/Higher Educational Building,E01013378,York 023B,Other theft,Unable to prosecute suspect,
b4749fe02f90528fcf21cd28ac7d6d050475a4048c58786a6b1499769e206e57,2025-12,North Yorkshire Police,North Yorkshire Police,-1.030283,53.950813,On or near Kimberlow Rise,E01013378,York 023B,Public order,Under investigation,
505b2bdc05ac98d352075f3bd62e0b12abe13b9d472b0e901618a912760ae603,2025-12,North Yorkshire Police,North Yorkshire Police,-1.030126,53.948403,On or near Deramore Lane,E01013378,York 023B,Violence and sexual offences,Under investigation,
e1f1163dd84f15865a33a7c8300bde7dc6862646a65cdc87ffcfbe5153934d6b,2025-12,North Yorkshire Police,North Yorkshire Police,-1.019701,53.949789,On or near ,E01013378,York 023B,Violence and sexual offences,Under investigation,
e735935ae713f26ebba97e4f179678e9178f4fff331cb88ed3422397b10c14b1,2025-12,North Yorkshire Police,North Yorkshire Police,-1.058216,53.944627,On or near Park/Open Space,E01013378,York 023B,Violence and sexual offences,Under investigation,
a00f6769832cdcb40dd928fc856cabd577d99471412cf9be4e4ab446a642b749,2025-12,North Yorkshire Police,North Yorkshire Police,-1.056225,53.947119,On or near Park/Open Space,E01013378,York 023B,Violence and sexual offences,Under investigation,
722ed315d5681b7ce69c21d1f888ad1b69dc11841e68ed3a6d0bb7b74923f6df,2025-12,North Yorkshire Police,North Yorkshire Police,-1.033356,53.947719,On or near Baird Lane,E01013378,York 023B,Violence and sexual offences,Under investigation,
1c5a7da31ab227e0aebda0138f293f5d2de9e1b11197ec6e3a84d552d09a880c,2025-12,North Yorkshire Police,North Yorkshire Police,-1.058216,53.944627,On or near Park/Open Space,E01013378,York 023B,Violence and sexual offences,Under investigation,
ad898e6d29f2aaf52b0e100f59e756e6a78772701a698d9ddc7cd686e8b8160b,2025-12,North Yorkshire Police,North Yorkshire Police,-1.033356,53.947719,On or near Baird Lane,E01013378,York 023B,Violence and sexual offences,Under investigation,
15b2497dec13105d8ee8fc9415b11344e5f49227d858ffa3a2bd01f3d9d7dc83,2025-12,North Yorkshire Police,North Yorkshire Police,-1.012644,53.924082,On or near Langwith Stray,E01013378,York 023B,Violence and sexual offences,Unable to prosecute suspect,
2bc0471eaa4d227c7a26887b31cf25f82473dd8eecdc22f16725e8dff3798941,2025-12,North Yorkshire Police,North Yorkshire Police,-1.090854,53.903101,On or near Ferry Farm Close,E01013450,York 023C,Violence and sexual offences,Unable to prosecute suspect,
3bfe7496c7dcb78612c8c432d45a20f90e4b552cb52294abf3cc85392d044b73,2025-12,North Yorkshire Police,North Yorkshire Police,-1.088436,53.905123,On or near Howden Lane,E01013450,York 023C,Violence and sexual offences,Unable to prosecute suspect,
5cee42a7d57fa963531837d649a48dd28e21e873d6e2bfe7ab8f2ed02fbe3c09,2025-12,North Yorkshire Police,North Yorkshire Police,-1.090854,53.903101,On or near Ferry Farm Close,E01013450,York 023C,Violence and sexual offences,Unable to prosecute suspect,
3bfe7496c7dcb78612c8c432d45a20f90e4b552cb52294abf3cc85392d044b73,2025-12,North Yorkshire Police,North Yorkshire Police,-1.088436,53.905123,On or near Howden Lane,E01013450,York 023C,Violence and sexual offences,Under investigation,
,2025-12,North Yorkshire Police,North Yorkshire Police,-1.062119,53.934797,On or near ,E01034761,York 023D,Anti-social behaviour,,
dd2ea9bc673b0ab97250651961594d09c4204a4e370d096b7df0a506f10588f3,2025-12,North Yorkshire Police,North Yorkshire Police,-1.062119,53.934797,On or near ,E01034761,York 023D,Bicycle theft,Investigation complete; no suspect identified,
7ca9b71054ccb8efcaab8352e50393ba8fafbc39171f2e71d159d4ed4d431ad6,2025-12,North Yorkshire Police,North Yorkshire Police,-1.064969,53.928123,On or near Fordlands Road,E01034761,York 023D,Violence and sexual offences,Unable to prosecute suspect,
2432a2f359cad514073542bfa39ca0f634e338e4c43d0b7ff01db5db4fa68762,2025-12,North Yorkshire Police,North Yorkshire Police,-1.064443,53.934410,On or near Thornton Road,E01034761,York 023D,Violence and sexual offences,Under investigation,
0ef2fe081a8a7f3795fe17c93f53404d9e3c9cb4a61f06e60383be076f25a5bb,2025-12,North Yorkshire Police,North Yorkshire Police,-1.065070,53.927019,On or near Cherry Wood Crescent,E01034761,York 023D,Violence and sexual offences,Unable to prosecute suspect,
3fe398641e4a2253944f67942b7ef71602a856ca1ab54f40592f20eafe8f488a,2025-12,North Yorkshire Police,North Yorkshire Police,-1.064969,53.928123,On or near Fordlands Road,E01034761,York 023D,Violence and sexual offences,Under investigation,
2432a2f359cad514073542bfa39ca0f634e338e4c43d0b7ff01db5db4fa68762,2025-12,North Yorkshire Police,North Yorkshire Police,-1.064443,53.934410,On or near Thornton Road,E01034761,York 023D,Violence and sexual offences,Unable to prosecute suspect,
,2025-12,North Yorkshire Police,North Yorkshire Police,-1.062214,53.928066,On or near East Moor Gardens,E01034762,York 023E,Anti-social behaviour,,
,2025-12,North Yorkshire Police,North Yorkshire Police,-1.077481,53.922228,On or near Shopping Mall,E01034762,York 023E,Anti-social behaviour,,
,2025-12,North Yorkshire Police,North Yorkshire Police,-1.070486,53.933415,On or near Glen Close,E01034762,York 023E,Anti-social behaviour,,
1a623de07e66bf95a5c4c3b8d18f72f10947f6c1bb1e83cd37695f90fe493195,2025-12,North Yorkshire Police,North Yorkshire Police,-1.077481,53.922228,On or near Shopping Mall,E01034762,York 023E,Burglary,Investigation complete; no suspect identified,
d5e69bb5a6cda998855ad3fad92bc8b85c18f9718345522a50c8cb67654aba12,2025-12,North Yorkshire Police,North Yorkshire Police,-1.077481,53.922228,On or near Shopping Mall,E01034762,York 023E,Other theft,Investigation complete; no suspect identified,
8a6ca17117de431429c22190d788b1297c7e0e3602ef509e3eb8465e26411537,2025-12,North Yorkshire Police,North Yorkshire Police,-1.070236,53.933027,On or near Maple Court,E01034762,York 023E,Other theft,Investigation complete; no suspect identified,
b9dca9eb3a4244a4ca5a503e4f75c27104a0cd89164b230c295caea997ca936e,2025-12,North Yorkshire Police,North Yorkshire Police,-1.077481,53.922228,On or near Shopping Mall,E01034762,York 023E,Other theft,Investigation complete; no suspect identified,
d27e62d25a677a981d30b68a876374bed9cac57cc5e9bfbf2b25713203bc3e5d,2025-12,North Yorkshire Police,North Yorkshire Police,-1.072818,53.936094,On or near Pavilion Row,E01034762,York 023E,Other theft,Investigation complete; no suspect identified,
1939b4d5b8dc73a51b5a39298c3201941e0eee26f09c5b10990c0b77c07d8d44,2025-12,North Yorkshire Police,North Yorkshire Police,-1.077481,53.922228,On or near Shopping Mall,E01034762,York 023E,Other theft,Investigation complete; no suspect identified,
1504a39565392c92a0654279bd5e89978da95253ced560ca337a41ad7531f0cf,2025-12,North Yorkshire Police,North Yorkshire Police,-1.070272,53.923868,On or near St Nicholas Avenue,E01034762,York 023E,Other theft,Investigation complete; no suspect identified,
1ec4f72086d308e5dbb01ec4995eddfe9ccd190559cb8dceca8078652dadf870,2025-12,North Yorkshire Police,North Yorkshire Police,-1.070486,53.933415,On or near Glen Close,E01034762,York 023E,Public order,Unable to prosecute suspect,
c50b5a3f101341ea0a0570babc2c87ef83cd8dc51b390fbef516a7dfc92e9666,2025-12,North Yorkshire Police,North Yorkshire Police,-1.078880,53.921607,On or near Parking Area,E01034762,York 023E,Shoplifting,Investigation complete; no suspect identified,
52e0fdf840f910f1a8c226b22742d58faf82cd3e16b458e4874ee97cc2bba29d,2025-12,North Yorkshire Police,North Yorkshire Police,-1.077481,53.922228,On or near Shopping Mall,E01034762,York 023E,Shoplifting,Awaiting court outcome,
29398817a674bd382a9e6f8d5be5fc77d6bf4d67adf177de820a84b332553b5d,2025-12,North Yorkshire Police,North Yorkshire Police,-1.077481,53.922228,On or near Shopping Mall,E01034762,York 023E,Shoplifting,Awaiting court outcome,
b93bd5ea83b396263951d4c1072b6ce59c271d766b9b313f7b4390adc1b5e32c,2025-12,North Yorkshire Police,North Yorkshire Police,-1.077481,53.922228,On or near Shopping Mall,E01034762,York 023E,Shoplifting,Investigation complete; no suspect identified,
dfd3d67bf4e7039dcb46fd58d992bc0a1ce17f4e36a345f661439c36b9c73b44,2025-12,North Yorkshire Police,North Yorkshire Police,-1.077481,53.922228,On or near Shopping Mall,E01034762,York 023E,Shoplifting,Under investigation,
631e5b2d11721790a14ab282ed6c41af610866ad60730389213c6d59df95b576,2025-12,North Yorkshire Police,North Yorkshire Police,-1.077481,53.922228,On or near Shopping Mall,E01034762,York 023E,Shoplifting,Awaiting court outcome,
b211f497103296a52f00bbcb904247be993d327a68e2acba9f8af988a2cd2107,2025-12,North Yorkshire Police,North Yorkshire Police,-1.077481,53.922228,On or near Shopping Mall,E01034762,York 023E,Shoplifting,Under investigation,
a412c2876085c4c4f33464526ecd15bbf1d22be4bb32769de31618019063f4e2,2025-12,North Yorkshire Police,North Yorkshire Police,-1.077481,53.922228,On or near Shopping Mall,E01034762,York 023E,Shoplifting,Under investigation,
44d5a73fd634d2a49a7ac5a39486c5d8ea3e508e8f7887ef522b6ef8b3f898d3,2025-12,North Yorkshire Police,North Yorkshire Police,-1.070486,53.933415,On or near Glen Close,E01034762,York 023E,Violence and sexual offences,Under investigation,
48ddfd41ca26d9ef85d58ba286447db3fd0feab15f26ae9ffb5e43f7b2116f1f,2025-12,North Yorkshire Police,North Yorkshire Police,-1.070486,53.933415,On or near Glen Close,E01034762,York 023E,Violence and sexual offences,Unable to prosecute suspect,
69e3df6a1c5150e66e62f13f155f9052f72c45c3ca0f03fc9795d9f85041ae8b,2025-12,North Yorkshire Police,North Yorkshire Police,-1.072642,53.935796,On or near Elliot Court,E01034762,York 023E,Violence and sexual offences,Unable to prosecute suspect,
eb6efac8f509c863c7f3754dae8f7a36ab7a00bf61f4e2ecee60c3c56c95552e,2025-12,North Yorkshire Police,North Yorkshire Police,-1.077481,53.922228,On or near Shopping Mall,E01034762,York 023E,Violence and sexual offences,Unable to prosecute suspect,
4431a3798cf4a907492c5ecbf24bcac5656a670bc763050940ede7df1c8b740c,2025-12,North Yorkshire Police,North Yorkshire Police,-1.074069,53.939796,On or near ,E01034762,York 023E,Violence and sexual offences,Under investigation,
066f683f61b9474187e7dcbe5bdb7b4505bfea9053fa5875f4b7c0b10c1939eb,2025-12,North Yorkshire Police,North Yorkshire Police,-1.070486,53.933415,On or near Glen Close,E01034762,York 023E,Violence and sexual offences,Unable to prosecute suspect,
869bf71141d41535c835a974d757e150f383d51059b7788d0e6d83a770cb1287,2025-12,North Yorkshire Police,North Yorkshire Police,-1.072642,53.935796,On or near Elliot Court,E01034762,York 023E,Violence and sexual offences,Unable to prosecute suspect,
08ae07ec9fc2b9ba7db04531ca95705911d7caca3c19a60c17bb5ee9eaaae3b3,2025-12,North Yorkshire Police,North Yorkshire Police,-1.070486,53.933415,On or near Glen Close,E01034762,York 023E,Violence and sexual offences,Unable to prosecute suspect,
753e52799a5a37f619028986aef3b23c741ec5cc7f733ed9ada8465a796dce1c,2025-12,North Yorkshire Police,North Yorkshire Police,-1.077481,53.922228,On or near Shopping Mall,E01034762,York 023E,Other crime,Awaiting court outcome,
,2025-12,North Yorkshire Police,North Yorkshire Police,-1.102115,53.921693,On or near Kirkwell,E01013340,York 024A,Anti-social behaviour,,
e4f81756640394a5856d474256961025ee0a0e4a3bfd9d6fdfca1ac5cdc987b4,2025-12,North Yorkshire Police,North Yorkshire Police,-1.106242,53.920222,On or near Copmanthorpe Lane,E01013340,York 024A,Criminal damage and arson,Investigation complete; no suspect identified,
39676fb70e6bf10ad4d9ac3b29cc37de1c979d568024112a7e1262dd378bbcc5,2025-12,North Yorkshire Police,North Yorkshire Police,-1.089670,53.933068,On or near Bishopthorpe Road,E01013340,York 024A,Other theft,Investigation complete; no suspect identified,
,2025-12,North Yorkshire Police,North Yorkshire Police,-1.093387,53.918310,On or near Garbett Way,E01013341,York 024B,Anti-social behaviour,,
,2025-12,North Yorkshire Police,North Yorkshire Police,-1.097780,53.918622,On or near Vernon Close,E01013341,York 024B,Anti-social behaviour,,
d1d7c7acc4e2e13cd98f295f08742cb975a9f2a4260389db47d5b3f1502260d5,2025-12,North Yorkshire Police,North Yorkshire Police,-1.097780,53.918622,On or near Vernon Close,E01013341,York 024B,Public order,Unable to prosecute suspect,
49750070eb754dcd38e08b5c91bfa1a5ff1996a7c8683c2facfeafd1c84cf16d,2025-12,North Yorkshire Police,North Yorkshire Police,-1.097780,53.918622,On or near Vernon Close,E01013341,York 024B,Violence and sexual offences,Unable to prosecute suspect,
0e70b8690b97b189e354c962cd7178954dc3e20f6860b03eb8475c5ac5a3449d,2025-12,North Yorkshire Police,North Yorkshire Police,-1.105294,53.901897,On or near Hauling Lane,E01013342,York 024C,Violence and sexual offences,Unable to prosecute suspect,
fae6cf70e5823a54f8a7229533d50a94d32504e2ea49a6b4b5912a16429701e2,2025-12,North Yorkshire Police,North Yorkshire Police,-1.147362,53.919065,On or near The Link,E01013424,York 024E,Public order,Under investigation,
76e21ded16dfb50127ba1c1954503555ebadea267429e5b1da55549b602445f2,2025-12,North Yorkshire Police,North Yorkshire Police,-1.140807,53.915066,On or near Supermarket,E01013424,York 024E,Shoplifting,Investigation complete; no suspect identified,
9f13bc4d9834af17e7e6a4ee1101322f2b8998dfb04a08fcf5fd904238456eab,2025-12,North Yorkshire Police,North Yorkshire Police,-1.131093,53.912100,On or near Drome Road,E01013425,York 024F,Criminal damage and arson,Unable to prosecute suspect,
8373c2d0cef4820c80c995cf827eaac75caa1ca50a753d11ccac4bdff1f42f5b,2025-12,North Yorkshire Police,North Yorkshire Police,-1.137796,53.913379,On or near Barons Crescent,E01013425,York 024F,Violence and sexual offences,Under investigation,
713ec057bcb46598a34b27b22bd7c72926e90df927daf86823b9d17a0b091076,2025-12,North Yorkshire Police,North Yorkshire Police,-1.131093,53.912100,On or near Drome Road,E01013425,York 024F,Violence and sexual offences,Unable to prosecute suspect,
,2025-12,North Yorkshire Police,North Yorkshire Police,,,No Location,,,Anti-social behaviour,,
,2025-12,North Yorkshire Police,North Yorkshire Police,,,No Location,,,Anti-social behaviour,,
,2025-12,North Yorkshire Police,North Yorkshire Police,,,No Location,,,Anti-social behaviour,,
,2025-12,North Yorkshire Police,North Yorkshire Police,,,No Location,,,Anti-social behaviour,,
,2025-12,North Yorkshire Police,North Yorkshire Police,,,No Location,,,Anti-social behaviour,,
,2025-12,North Yorkshire Police,North Yorkshire Police,,,No Location,,,Anti-social behaviour,,
,2025-12,North Yorkshire Police,North Yorkshire Police,,,No Location,,,Anti-social behaviour,,
,2025-12,North Yorkshire Police,North Yorkshire Police,,,No Location,,,Anti-social behaviour,,
,2025-12,North Yorkshire Police,North Yorkshire Police,,,No Location,,,Anti-social behaviour,,
,2025-12,North Yorkshire Police,North Yorkshire Police,,,No Location,,,Anti-social behaviour,,
,2025-12,North Yorkshire Police,North Yorkshire Police,,,No Location,,,Anti-social behaviour,,
,2025-12,North Yorkshire Police,North Yorkshire Police,,,No Location,,,Anti-social behaviour,,
,2025-12,North Yorkshire Police,North Yorkshire Police,,,No Location,,,Anti-social behaviour,,
e2c4c9bd3801e101736370cb54515bf72bd0dd450de82f8776b3a22ec15c0b57,2025-12,North Yorkshire Police,North Yorkshire Police,,,No Location,,,Burglary,Under investigation,
7e6173950f27bbd53fe72f1df22798aa186073812284b57d06ba7e3d021b3822,2025-12,North Yorkshire Police,North Yorkshire Police,,,No Location,,,Criminal damage and arson,Further investigation is not in the public interest,
6c0ab09337043bf0c96f9627c079f0016299fc17984d5db1e7ebd39429ead9b6,2025-12,North Yorkshire Police,North Yorkshire Police,,,No Location,,,Criminal damage and arson,Unable to prosecute suspect,
040a93feb2559968f4d0397bf6ba6af884a8715397f37c9712bab5fa987b6437,2025-12,North Yorkshire Police,North Yorkshire Police,,,No Location,,,Drugs,Further investigation is not in the public interest,
64ddabb833b12ea94f106a7f5cd3d5d841eb7e74117693a78d69ae02feab9138,2025-12,North Yorkshire Police,North Yorkshire Police,,,No Location,,,Public order,Under investigation,
abadafbfbf97fe9674dd15f41ec248448dd03cc1829fd8215d1663bb833ae403,2025-12,North Yorkshire Police,North Yorkshire Police,,,No Location,,,Vehicle crime,Investigation complete; no suspect identified,
f524ec6a3a214a27f8a881b2a9938bde6ab597db603fec7fb946f48d029d6c0f,2025-12,North Yorkshire Police,North Yorkshire Police,,,No Location,,,Violence and sexual offences,Unable to prosecute suspect,
f5dcda1f497ed75408d467e54984b15636660e88b91aae0dac0b6d78c4961f48,2025-12,North Yorkshire Police,North Yorkshire Police,,,No Location,,,Violence and sexual offences,Unable to prosecute suspect,
ad557498bd484b848790c0215550abcca98a70e7bc718d26c6f80b10e6732da8,2025-12,North Yorkshire Police,North Yorkshire Police,,,No Location,,,Violence and sexual offences,Unable to prosecute suspect,
7cff19f393ec18db5d75d95d72e1cb58ad308d44c1dc822521c699eeb25a387b,2025-12,North Yorkshire Police,North Yorkshire Police,,,No Location,,,Violence and sexual offences,Under investigation,
