Crime ID,Month,Reported by,Falls within,Longitude,Latitude,Location,LSOA code,LSOA name,Crime type,Last outcome category,Context
1d2e1810f3382a829920dce551991da52dcb2858b07e11025fdf3e13d61c32cf,2026-01,North Yorkshire Police,North Yorkshire Police,-2.537480,54.119264,On or near Main Street,E01027558,Craven 001A,Criminal damage and arson,Unable to prosecute suspect,
cddc2ee41bd3e788a6e32c8d28df8854874127b74632643ca6ae9b7f0da03445,2026-01,North Yorkshire Police,North Yorkshire Police,-2.491305,54.121663,On or near Windy Hill,E01027558,Craven 001A,Other theft,Investigation complete; no suspect identified,
f263a8550e74aa538e293a7fc0cb4a3e4f99efe76c9c002f03f5714a158b86fb,2026-01,North Yorkshire Police,North Yorkshire Police,-2.537480,54.119264,On or near Main Street,E01027558,Craven 001A,Violence and sexual offences,Unable to prosecute suspect,
8d7b6282e8e38ebcab2384ff1244b65ca368f2e46de0071b15621631578fb69e,2026-01,North Yorkshire Police,North Yorkshire Police,-2.513680,54.119673,On or near Wesley Way,E01027559,Craven 001B,Criminal damage and arson,Investigation complete; no suspect identified,
2b62891ba2be88d57156b4c52919fe654cf73362936a9447ee300ae66b2a160c,2026-01,North Yorkshire Police,North Yorkshire Police,-2.504966,54.118955,On or near Parking Area,E01027559,Craven 001B,Public order,Unable to prosecute suspect,
a2cb62ae8a4109d0c256bcd5fccf8b27d43d8b1e2658e28f3fec85d30a985552,2026-01,North Yorkshire Police,North Yorkshire Police,-2.506835,54.117923,On or near Mount Pleasant,E01027559,Craven 001B,Violence and sexual offences,Under investigation,
9f3ed5f56aebc5a688e721c82b5b04870322d5e911a19a90908cd5a26fb0159a,2026-01,North Yorkshire Police,North Yorkshire Police,-2.509503,54.118177,On or near Supermarket,E01027559,Craven 001B,Violence and sexual offences,Under investigation,
9c6c38ee0e2075f76c88a7e5a9833195410e331bf686ebcc61f9c16eda40806b,2026-01,North Yorkshire Police,North Yorkshire Police,-2.357129,54.111540,On or near Main Street,E01027569,Craven 001C,Burglary,Under investigation,
a34e7b57d1b91c1f70bb086aba4cf56a2dd1f8ab2595c052a2a7ead6d03020bc,2026-01,North Yorkshire Police,North Yorkshire Police,-2.409885,54.105251,On or near Parking Area,E01027569,Craven 001C,Burglary,Investigation complete; no suspect identified,
e71b67de9a7235e81955c6c9e544926776dc36bdebbd0b5745d94cd17239e62c,2026-01,North Yorkshire Police,North Yorkshire Police,-2.353933,54.115189,On or near Townhead Lane,E01027569,Craven 001C,Violence and sexual offences,Under investigation,
b26429d3a1f7cd12f4199faefed44acd18a8a8a114fa83f73a9d2e21c022db48,2026-01,North Yorkshire Police,North Yorkshire Police,-2.423815,54.094427,On or near Reebys Lane,E01027569,Craven 001C,Violence and sexual offences,Action to be taken by another organisation,
688e562492e33cbe15800da1923e3567d6acb4c43427c3d7e1658842c816c651,2026-01,North Yorkshire Police,North Yorkshire Police,-2.467021,54.149963,On or near Low Demesne Close,E01027570,Craven 001D,Criminal damage and arson,Investigation complete; no suspect identified,
e99a449e5b173a84707b82e3bf66932c4aa4435ccc3886202e82986cac4f6f63,2026-01,North Yorkshire Police,North Yorkshire Police,-2.470211,54.147730,On or near Old Laundry Mews,E01027570,Craven 001D,Other theft,Further investigation is not in the public interest,
b1f749d26a8bbde817a55f969f37678ca7a03d0bdc1ddffc1b297af89875659c,2026-01,North Yorkshire Police,North Yorkshire Police,-2.470682,54.133906,On or near Langber End Lane,E01027570,Craven 001D,Violence and sexual offences,Unable to prosecute suspect,
cc65b2b509bcea78efb6af98492bbe86fcf6fcbdb7e9ffba4cb89da55ec2a04f,2026-01,North Yorkshire Police,North Yorkshire Police,-2.515898,54.173778,On or near Masongill Fell Lane,E01027570,Craven 001D,Violence and sexual offences,Awaiting court outcome,
bf54621c4ec4b6edde02f11c5eee878ee3d5b6fcc93d9dfe0b420b6deca253e7,2026-01,North Yorkshire Police,North Yorkshire Police,-2.465933,54.155323,On or near Thacking Lane,E01027570,Craven 001D,Other crime,Under investigation,
,2026-01,North Yorkshire Police,North Yorkshire Police,-2.251633,54.018300,On or near Church Street,E01027568,Craven 003A,Anti-social behaviour,,
3e581043d04bdc23546f895a74e3138467063581c7e2d6fdd2537e340064f20b,2026-01,North Yorkshire Police,North Yorkshire Police,-2.222669,54.004660,On or near Main Street,E01027568,Craven 003A,Other theft,Under investigation,
c1839c052a43c2439e29756d0bdad04d7496a151f12308bd5a6ee0e85465f96b,2026-01,North Yorkshire Police,North Yorkshire Police,-2.253234,54.020660,On or near White Head Croft Lane,E01027568,Craven 003A,Violence and sexual offences,Awaiting court outcome,
a7fef98a1153ff42ddfd6b889c8692f8c74322773de9a10347099f1c007da84b,2026-01,North Yorkshire Police,North Yorkshire Police,-2.256535,54.016258,On or near Mill Lane,E01027568,Craven 003A,Violence and sexual offences,Unable to prosecute suspect,
8439935511ce32b096577f3f18b03fb0b340718ee4f33e62a853b9d7a38d1f19,2026-01,North Yorkshire Police,North Yorkshire Police,-2.253234,54.020660,On or near White Head Croft Lane,E01027568,Craven 003A,Violence and sexual offences,Awaiting court outcome,
e9e4dd950bc387db1506e94b0995cd8c9d792fb444b5c3fac7398871238e1f69,2026-01,North Yorkshire Police,North Yorkshire Police,-2.289896,54.145862,On or near Parking Area,E01027571,Craven 003B,Burglary,Investigation complete; no suspect identified,
66ab2fe52183254ca78290b694780fc7a1ad7ba9592d32a5394855c25d72f24f,2026-01,North Yorkshire Police,North Yorkshire Police,-2.293045,54.073489,On or near Mill Hill Lane,E01027571,Craven 003B,Burglary,Under investigation,
0d39345bf4a6b3977df18cd80574d9f58b3fb491d6b933c1dc2fd3c8e27ce4cd,2026-01,North Yorkshire Police,North Yorkshire Police,-2.274459,54.100738,On or near Main Road,E01027571,Craven 003B,Vehicle crime,Investigation complete; no suspect identified,
40ec9ccae7b0af87f401cb3a4a75fb8d49c44647415c4a175c3946a84360bfe0,2026-01,North Yorkshire Police,North Yorkshire Police,-2.292915,54.143853,On or near Chapel Lane,E01027571,Craven 003B,Violence and sexual offences,Action to be taken by another organisation,
41fde92f39330edde9dda4c941004ddb43d4e40ccbcc53399a21886e3f6ea304,2026-01,North Yorkshire Police,North Yorkshire Police,-2.287397,54.069944,On or near Kendalmans,E01027571,Craven 003B,Violence and sexual offences,Unable to prosecute suspect,
,2026-01,North Yorkshire Police,North Yorkshire Police,-2.280816,54.069651,On or near Sports/Recreation Area,E01027572,Craven 003C,Anti-social behaviour,,
08cddc98f67104cea1846250be73518018b29afcc6c52bc2981215f7867f47b6,2026-01,North Yorkshire Police,North Yorkshire Police,-2.278678,54.066387,On or near B6480,E01027572,Craven 003C,Other theft,Investigation complete; no suspect identified,
d2e2ac035c9e707b8ab506ed81ea37cb6a2963e651d8b44ac3ea99dc94281250,2026-01,North Yorkshire Police,North Yorkshire Police,-2.282695,54.068400,On or near Supermarket,E01027572,Craven 003C,Shoplifting,Awaiting court outcome,
7a9cefedbf4fce64ad63e91ef16dc793f963725eb0858ee3b77527458f05c4f2,2026-01,North Yorkshire Police,North Yorkshire Police,-2.276600,54.068594,On or near Market Place,E01027572,Craven 003C,Shoplifting,Investigation complete; no suspect identified,
4b06fb02860847eb9046fdba20a1289c6db5d7316be213125709662f42de9d69,2026-01,North Yorkshire Police,North Yorkshire Police,-2.276863,54.069177,On or near Shopping Area,E01027572,Craven 003C,Violence and sexual offences,Under investigation,
d5b718dfd7813304607fbfe121c7229b91a683d7bb423bc5d9f34ea6b28ebfca,2026-01,North Yorkshire Police,North Yorkshire Police,-2.284746,54.071163,On or near Riverside View,E01027572,Craven 003C,Violence and sexual offences,Under investigation,
a37b21504b2e3376c8de2721f82910f0fd64bf523a5f833356084bf5f47b6798,2026-01,North Yorkshire Police,North Yorkshire Police,-2.276406,54.069403,On or near Supermarket,E01027572,Craven 003C,Violence and sexual offences,Unable to prosecute suspect,
73c85821c685002f9ce4a57d755cbc103cfd41842510fd6b46a7389558db1825,2026-01,North Yorkshire Police,North Yorkshire Police,-2.276290,54.068019,On or near Delaney Court,E01027572,Craven 003C,Violence and sexual offences,Under investigation,
9c6d2d4f3d3b5ca1163fb798b31f03194daa902105cdcc4a16da37dae673b802,2026-01,North Yorkshire Police,North Yorkshire Police,-2.283670,54.070222,On or near Mill Close,E01027572,Craven 003C,Violence and sexual offences,Under investigation,
73c85821c685002f9ce4a57d755cbc103cfd41842510fd6b46a7389558db1825,2026-01,North Yorkshire Police,North Yorkshire Police,-2.276290,54.068019,On or near Delaney Court,E01027572,Craven 003C,Violence and sexual offences,Under investigation,
4e35b93adfcdcfc16daa418e881d676e7c86f0c456848098edd7277d78aaf61d,2026-01,North Yorkshire Police,North Yorkshire Police,-2.282946,54.071590,On or near Bridge End Yard,E01027572,Craven 003C,Violence and sexual offences,Under investigation,
122e981f5691760993515f4890ac487c606ef09ec3a3d5f00de67933975b7f49,2026-01,North Yorkshire Police,North Yorkshire Police,-2.332908,54.032285,On or near Old Oliver Lane,E01027573,Craven 003D,Criminal damage and arson,Unable to prosecute suspect,
ad8ecf2a764e100fb64c6b37b29568f5dcf95aead109d3ade4c6ef1a388ea0c8,2026-01,North Yorkshire Police,North Yorkshire Police,-2.006594,53.965698,On or near Pasture Close,E01027574,Craven 005A,Criminal damage and arson,Under investigation,
ebb01e791804db948bf4beb801d58bbd5bfc02ad29814b16740d943b9f77a07e,2026-01,North Yorkshire Police,North Yorkshire Police,-2.009596,53.962382,On or near Windsor Avenue,E01027575,Craven 005B,Burglary,Investigation complete; no suspect identified,
22d23fb76cdcb8656a2e7aaacb4bf5b0d9ebd6cbace9b5884f9054ea78f25849,2026-01,North Yorkshire Police,North Yorkshire Police,-1.999080,53.958203,On or near Lytham Gardens,E01027575,Craven 005B,Other theft,Unable to prosecute suspect,
0b869b1e27d21dbdd3edae0ca93e895fa3bd922256a096b307f6eb3240eebfcc,2026-01,North Yorkshire Police,North Yorkshire Police,-2.006000,53.962885,On or near Princes Crescent,E01027575,Craven 005B,Violence and sexual offences,Unable to prosecute suspect,
,2026-01,North Yorkshire Police,North Yorkshire Police,-2.016592,53.961833,On or near High Street,E01027577,Craven 005C,Anti-social behaviour,,
,2026-01,North Yorkshire Police,North Yorkshire Police,-2.015190,53.960916,On or near Court Lane,E01027577,Craven 005C,Anti-social behaviour,,
,2026-01,North Yorkshire Police,North Yorkshire Police,-2.024275,53.963647,On or near Gainsborough Court,E01027577,Craven 005C,Anti-social behaviour,,
,2026-01,North Yorkshire Police,North Yorkshire Police,-2.019411,53.961095,On or near Coach Street,E01027577,Craven 005C,Anti-social behaviour,,
,2026-01,North Yorkshire Police,North Yorkshire Police,-2.016546,53.960071,On or near Brookside,E01027577,Craven 005C,Anti-social behaviour,,
50fcc30f6daba00f1f73a4d9b1beb2ac65c1955d1173da4a4b2a9bad5e729845,2026-01,North Yorkshire Police,North Yorkshire Police,-2.024060,53.961831,On or near Gladstone Street,E01027577,Craven 005C,Bicycle theft,Investigation complete; no suspect identified,
544c68f1258eb3d133541a46f6b8b277f4bc8617e35edd6c64d2a8ff96c9add8,2026-01,North Yorkshire Police,North Yorkshire Police,-2.016546,53.960071,On or near Brookside,E01027577,Craven 005C,Criminal damage and arson,Under investigation,
885781b0e66879fac6a746f4a18cafa1ea6b8209069dc4da6aa76c93820bca19,2026-01,North Yorkshire Police,North Yorkshire Police,-2.014155,53.961908,On or near Shopping Area,E01027577,Craven 005C,Other theft,Unable to prosecute suspect,
b793bca639c45c6b44b71bac8e7de18da22c9ecce03113304c3f36ac5cf54168,2026-01,North Yorkshire Police,North Yorkshire Police,-2.014155,53.961908,On or near Shopping Area,E01027577,Craven 005C,Shoplifting,Investigation complete; no suspect identified,
4195af113d4b52533cee2261d06372306222d8789eab4edab42bdccbe3514de9,2026-01,North Yorkshire Police,North Yorkshire Police,-2.016730,53.963217,On or near Mill Bridge,E01027577,Craven 005C,Violence and sexual offences,Investigation complete; no suspect identified,
f2e17801dc9b330e9295124b2c220f06f5d5fc9f9b5297c6b9d32ee1cfd17c71,2026-01,North Yorkshire Police,North Yorkshire Police,-2.012736,53.961033,On or near Parking Area,E01027577,Craven 005C,Violence and sexual offences,Under investigation,
83dae19ef94a698c48994b1a45583c73a9c35508a5d646f3be7ff3aa79509c4b,2026-01,North Yorkshire Police,North Yorkshire Police,-2.014155,53.961908,On or near Shopping Area,E01027577,Craven 005C,Violence and sexual offences,Under investigation,
9d3491bf1b56c8006ccc92107a0aee8d4cc0996499440f76e7273ef973828f6c,2026-01,North Yorkshire Police,North Yorkshire Police,-2.024349,53.960411,On or near Hall Croft,E01027577,Craven 005C,Violence and sexual offences,Unable to prosecute suspect,
53f755d3811c68c63dbbbad6702f08ed0e5184b701a76e5ca295a5ebe3ca89f3,2026-01,North Yorkshire Police,North Yorkshire Police,-2.016730,53.963217,On or near Mill Bridge,E01027577,Craven 005C,Violence and sexual offences,Investigation complete; no suspect identified,
79445b692b721f90cc053631ab24028a674bf72e416a4bb5caccac55db69eb2a,2026-01,North Yorkshire Police,North Yorkshire Police,-2.016546,53.960071,On or near Brookside,E01027577,Craven 005C,Violence and sexual offences,Under investigation,
709d2d811b10e414b55317eb8cd0c13cfa0e3c81797cec4baa02defe970f014a,2026-01,North Yorkshire Police,North Yorkshire Police,-2.012736,53.961033,On or near Parking Area,E01027577,Craven 005C,Violence and sexual offences,Under investigation,
,2026-01,North Yorkshire Police,North Yorkshire Police,-2.006395,53.956917,On or near Heather View,E01027579,Craven 005D,Anti-social behaviour,,
,2026-01,North Yorkshire Police,North Yorkshire Police,-2.008194,53.959919,On or near Little Brook,E01027579,Craven 005D,Anti-social behaviour,,
,2026-01,North Yorkshire Police,North Yorkshire Police,-2.008194,53.959919,On or near Little Brook,E01027579,Craven 005D,Anti-social behaviour,,
,2026-01,North Yorkshire Police,North Yorkshire Police,-2.008194,53.959919,On or near Little Brook,E01027579,Craven 005D,Anti-social behaviour,,
,2026-01,North Yorkshire Police,North Yorkshire Police,-2.008194,53.959919,On or near Little Brook,E01027579,Craven 005D,Anti-social behaviour,,
b536d1351f021fa4a60228b492667918d900c812c824a6c708bc7887e73c444f,2026-01,North Yorkshire Police,North Yorkshire Police,-2.008194,53.959919,On or near Little Brook,E01027579,Craven 005D,Public order,Under investigation,
914f7f472909c3020613c3cbf9c368253d730a47fa725769629694df0f21acd7,2026-01,North Yorkshire Police,North Yorkshire Police,-2.007324,53.956729,On or near Crag View Road,E01027579,Craven 005D,Violence and sexual offences,Under investigation,
902c8d7bf687d93626d6448be3f6eda0ededc2f2f369f17a985e4b21c5c0d788,2026-01,North Yorkshire Police,North Yorkshire Police,-2.004688,53.957160,On or near Whinny Gill Road,E01027579,Craven 005D,Violence and sexual offences,Awaiting court outcome,
,2026-01,North Yorkshire Police,North Yorkshire Police,-2.017460,53.959453,On or near Nightclub,E01027578,Craven 006A,Anti-social behaviour,,
,2026-01,North Yorkshire Police,North Yorkshire Police,-2.017460,53.959453,On or near Nightclub,E01027578,Craven 006A,Anti-social behaviour,,
45ae112a06864c2d10380dc631c0640dbabede411100d4abeb18450352379b33,2026-01,North Yorkshire Police,North Yorkshire Police,-2.014473,53.959208,On or near Lambert Street,E01027578,Craven 006A,Criminal damage and arson,Investigation complete; no suspect identified,
a82164acf7d06266e2643a4c9739f3c9b9a528684608f24b688500585e0c0fb1,2026-01,North Yorkshire Police,North Yorkshire Police,-2.017460,53.959453,On or near Nightclub,E01027578,Craven 006A,Shoplifting,Investigation complete; no suspect identified,
b971808ea2a08d5e6579fdca33deb21672169fe7611d26c375933d07d2a0b129,2026-01,North Yorkshire Police,North Yorkshire Police,-2.017460,53.959453,On or near Nightclub,E01027578,Craven 006A,Shoplifting,Unable to prosecute suspect,
381d59b2d969f9bdd379bcef336cc050130bcd1777072d4a912ff41e6d30d4cb,2026-01,North Yorkshire Police,North Yorkshire Police,-2.012582,53.957995,On or near East Castle Street,E01027578,Craven 006A,Violence and sexual offences,Under investigation,
772bb3b01d3fe6cdd9a084211c2f96b8d60ead75ddfbfafdd562103f6e203936,2026-01,North Yorkshire Police,North Yorkshire Police,-2.017460,53.959453,On or near Nightclub,E01027578,Craven 006A,Violence and sexual offences,Unable to prosecute suspect,
,2026-01,North Yorkshire Police,North Yorkshire Police,-2.012840,53.953142,On or near Rombalds Way,E01027580,Craven 006B,Anti-social behaviour,,
123f9e9af73ad2c990930475cb59ec6e7b7671f0f0dc3b80c3e9ead4ff57cf56,2026-01,North Yorkshire Police,North Yorkshire Police,-2.015765,53.952279,On or near Roughaw Road,E01027580,Craven 006B,Other theft,Unable to prosecute suspect,
ea1b4a369294bd0c0974904919fb28700fba7c5cc7e423988ae4c99604df01c1,2026-01,North Yorkshire Police,North Yorkshire Police,-2.017914,53.952899,On or near Waterside,E01027580,Craven 006B,Violence and sexual offences,Unable to prosecute suspect,
275e5771d51306bd19aeebc7aecbf093267c2e6698b213022bec65e9e90516ae,2026-01,North Yorkshire Police,North Yorkshire Police,-2.012840,53.953142,On or near Rombalds Way,E01027580,Craven 006B,Violence and sexual offences,Under investigation,
3afe50e80aa8d58f462499be346b84937938dbadb9a58f9befc4aef1786b30b5,2026-01,North Yorkshire Police,North Yorkshire Police,-2.014364,53.952665,On or near Beamsley Court,E01027580,Craven 006B,Violence and sexual offences,Unable to prosecute suspect,
d19a5e3ff417be845e8c14852c9dab35da3cfda7239d21db175387b501e9d9a9,2026-01,North Yorkshire Police,North Yorkshire Police,-2.012840,53.953142,On or near Rombalds Way,E01027580,Craven 006B,Violence and sexual offences,Unable to prosecute suspect,
,2026-01,North Yorkshire Police,North Yorkshire Police,-2.023112,53.955396,On or near Brooklands Terrace,E01027582,Craven 006D,Anti-social behaviour,,
,2026-01,North Yorkshire Police,North Yorkshire Police,-2.024694,53.951720,On or near Willow Way,E01027582,Craven 006D,Anti-social behaviour,,
,2026-01,North Yorkshire Police,North Yorkshire Police,-2.024694,53.951720,On or near Willow Way,E01027582,Craven 006D,Anti-social behaviour,,
34f05254239d3c57a1e4b64795f2788a2143d63e92dce3209eea0d3c223f5ea8,2026-01,North Yorkshire Police,North Yorkshire Police,-2.013127,53.944469,On or near Parking Area,E01027582,Craven 006D,Criminal damage and arson,Under investigation,
314aec2c6b863fa16d8aea6c4f0210ee043eb2131603b042299297c85280a023,2026-01,North Yorkshire Police,North Yorkshire Police,-2.024665,53.953113,On or near Carleton Road,E01027582,Craven 006D,Other theft,Under investigation,
4cad95310368117608f30aee3593a9f420bb282189be301d496f730b31a8b882,2026-01,North Yorkshire Police,North Yorkshire Police,-2.021680,53.957553,On or near Supermarket,E01027582,Craven 006D,Shoplifting,Investigation complete; no suspect identified,
fd41ae27a1fa030e85dafd0e0bc7ff592527db8973fe7a0580c71b3fe8f50f9f,2026-01,North Yorkshire Police,North Yorkshire Police,-2.019802,53.949614,On or near ,E01027582,Craven 006D,Violence and sexual offences,Awaiting court outcome,
fafec87db0d6f41fe58dcfeb6dbbdc441b478d62b775e79b4af83caa1b613405,2026-01,North Yorkshire Police,North Yorkshire Police,-2.022349,53.953203,On or near Burnside Avenue,E01027582,Craven 006D,Violence and sexual offences,Further investigation is not in the public interest,
6a74ebdcd80c856ced8408ab4cdbee6827f6604a53d3f25bde9e53dfd5078d85,2026-01,North Yorkshire Police,North Yorkshire Police,-2.021680,53.957553,On or near Supermarket,E01027582,Craven 006D,Violence and sexual offences,Unable to prosecute suspect,
6f3425381cc0f853f88fa873e382b04f127f8971e1cf69ed0c56cc81247ba8ad,2026-01,North Yorkshire Police,North Yorkshire Police,-2.019912,53.956332,On or near Petrol Station,E01027582,Craven 006D,Violence and sexual offences,Investigation complete; no suspect identified,
3fccc60e10759dd31234b9333209cec546ff6f720d6fcba0493389ad9599ebc2,2026-01,North Yorkshire Police,North Yorkshire Police,-2.016663,53.949367,On or near A6131,E01027582,Craven 006D,Violence and sexual offences,Under investigation,
75fde08632f1ac01a6f953d6b1db125b0e33fdeb5956f63d332031a489c53854,2026-01,North Yorkshire Police,North Yorkshire Police,-2.022549,53.956888,On or near The Close,E01027582,Craven 006D,Violence and sexual offences,Unable to prosecute suspect,
,2026-01,North Yorkshire Police,North Yorkshire Police,-2.031252,53.958720,On or near Back Midland Street,E01034956,Craven 006E,Anti-social behaviour,,
3ddadab8bdcbb976c57e74feddf5a61249b82113906a9bb18822877f40c1458d,2026-01,North Yorkshire Police,North Yorkshire Police,-2.036276,53.952912,On or near Parking Area,E01034956,Craven 006E,Burglary,Under investigation,
e49fe509b3fab4308745193f4730fd589a55e36c7fd14d36d6083b0889452f58,2026-01,North Yorkshire Police,North Yorkshire Police,-2.038399,53.958583,On or near Broughton Avenue,E01034956,Craven 006E,Drugs,Investigation complete; no suspect identified,
6434fd03748c8897aca81033ed6e816a2ea979f591483eb0c594727432e491d6,2026-01,North Yorkshire Police,North Yorkshire Police,-2.035489,53.958656,On or near Sawley Street,E01034956,Craven 006E,Drugs,Under investigation,
038eff0cbec28df1db153ba8a357149eb705bffd8976056dfce4ef4191d2d040,2026-01,North Yorkshire Police,North Yorkshire Police,-2.038399,53.958583,On or near Broughton Avenue,E01034956,Craven 006E,Drugs,Investigation complete; no suspect identified,
db3737282f2ca6722346f7fb0c77fa92163b1a6b067c14f673344d56762f6838,2026-01,North Yorkshire Police,North Yorkshire Police,-2.031572,53.958738,On or near Midland Street,E01034956,Craven 006E,Other theft,Under investigation,
16311cfa61f10dd365ff56fbb89ce46c657921248367020d0c15ac4971e0842e,2026-01,North Yorkshire Police,North Yorkshire Police,-2.034879,53.958692,On or near Clitheroe Street,E01034956,Craven 006E,Other theft,Unable to prosecute suspect,
761c84b880e9e81dadc01ce6a72b6b2d3c3a6a36a9d9f1ee4911bdfcd02337ca,2026-01,North Yorkshire Police,North Yorkshire Police,-2.037439,53.958925,On or near Jubilee Close,E01034956,Craven 006E,Public order,Investigation complete; no suspect identified,
5fd0a5b31e1b8056b45b8a27e436fbd3e84d25acc4a16943c8b1121390a22871,2026-01,North Yorkshire Police,North Yorkshire Police,-2.039969,53.958196,On or near Broughton Crescent,E01034956,Craven 006E,Vehicle crime,Under investigation,
e98158c9d83e92026987c2fcce6a42a1ba5bd90cd65f53c9673f5793c29bb1cf,2026-01,North Yorkshire Police,North Yorkshire Police,-2.036691,53.957101,On or near Station View,E01034956,Craven 006E,Violence and sexual offences,Under investigation,
09138702d8b941c6cbfc2ceb24a9def0090a5ceb9c19ba99591a4994a44544e0,2026-01,North Yorkshire Police,North Yorkshire Police,-2.037439,53.958925,On or near Jubilee Close,E01034956,Craven 006E,Violence and sexual offences,Under investigation,
ee10aa528d4a89f8fa9ebbb7e79a8bd32bbb75dbda2f894c5e4c21cf0fa7feca,2026-01,North Yorkshire Police,North Yorkshire Police,-2.037439,53.958925,On or near Jubilee Close,E01034956,Craven 006E,Violence and sexual offences,Under investigation,
2c333b3ffec2b52d0b325c017db80383ae8711d31eb632cc162c5cef9f14d5d1,2026-01,North Yorkshire Police,North Yorkshire Police,-2.038399,53.958583,On or near Broughton Avenue,E01034956,Craven 006E,Violence and sexual offences,Unable to prosecute suspect,
b365c1dc72bdbd2516bea0647f7e15459872d831ff3439dec5e100d51ca1f32c,2026-01,North Yorkshire Police,North Yorkshire Police,-2.031572,53.958738,On or near Midland Street,E01034956,Craven 006E,Violence and sexual offences,Unable to prosecute suspect,
f0562f7d8d008537d69f7ee901b9c1f125426ff7e5197642bd7756276b797435,2026-01,North Yorkshire Police,North Yorkshire Police,-2.034239,53.958728,On or near Thornton Street,E01034956,Craven 006E,Violence and sexual offences,Unable to prosecute suspect,
7b5840776a6c1462591d592ccfd215453e89d86f976b3c05ccfffaad530cf38f,2026-01,North Yorkshire Police,North Yorkshire Police,-2.034239,53.958728,On or near Thornton Street,E01034956,Craven 006E,Violence and sexual offences,Under investigation,
bc7b75bec7ba399da732541c1be31a923a6e68544785a2d4bf1e28d9434c88c9,2026-01,North Yorkshire Police,North Yorkshire Police,-2.038399,53.958583,On or near Broughton Avenue,E01034956,Craven 006E,Violence and sexual offences,Action to be taken by another organisation,
,2026-01,North Yorkshire Police,North Yorkshire Police,-2.018161,53.960188,On or near Swadford Street,E01034957,Craven 006F,Anti-social behaviour,,
,2026-01,North Yorkshire Police,North Yorkshire Police,-2.018718,53.958964,On or near Bus/Coach Station,E01034957,Craven 006F,Anti-social behaviour,,
,2026-01,North Yorkshire Police,North Yorkshire Police,-2.018161,53.960188,On or near Swadford Street,E01034957,Craven 006F,Anti-social behaviour,,
,2026-01,North Yorkshire Police,North Yorkshire Police,-2.018718,53.958964,On or near Bus/Coach Station,E01034957,Craven 006F,Anti-social behaviour,,
,2026-01,North Yorkshire Police,North Yorkshire Police,-2.018718,53.958964,On or near Bus/Coach Station,E01034957,Craven 006F,Anti-social behaviour,,
,2026-01,North Yorkshire Police,North Yorkshire Police,-2.018718,53.958964,On or near Bus/Coach Station,E01034957,Craven 006F,Anti-social behaviour,,
4277ad329986062f4854cb531e63547a1bfd1e1d193352e2de5fcbf71f2e8d4c,2026-01,North Yorkshire Police,North Yorkshire Police,-2.019838,53.960142,On or near Belmont Bridge,E01034957,Craven 006F,Drugs,Under investigation,
0f31aab9f0ebbe74093e2e8f3b8f305a7a0e84d86993673a7f6c9ccb5a6bb224,2026-01,North Yorkshire Police,North Yorkshire Police,-2.023998,53.958713,On or near Supermarket,E01034957,Craven 006F,Public order,Unable to prosecute suspect,
2447a9e05c3707f1249a76d77c3df339a2744c3dcb0e07ef716062747e8c37df,2026-01,North Yorkshire Police,North Yorkshire Police,-2.021377,53.960160,On or near Back Bridge Street,E01034957,Craven 006F,Shoplifting,Investigation complete; no suspect identified,
f78595c6b249ef40ef16e677fc62f7d919f9b29e75c530326f354144459fc008,2026-01,North Yorkshire Police,North Yorkshire Police,-2.019838,53.960142,On or near Belmont Bridge,E01034957,Craven 006F,Shoplifting,Investigation complete; no suspect identified,
6e7695193f43531aa3ad7ba24e6b4190ebaefbe7303797ea9a76a41292da845a,2026-01,North Yorkshire Police,North Yorkshire Police,-2.019228,53.960071,On or near Coach Street Yard,E01034957,Craven 006F,Violence and sexual offences,Offender given a caution,
bb9119773fffabcb32e6d8f120e997c4e8b163036ccc2770fc95cefa4171da27,2026-01,North Yorkshire Police,North Yorkshire Police,-2.018161,53.960188,On or near Swadford Street,E01034957,Craven 006F,Violence and sexual offences,Unable to prosecute suspect,
48c3d420a05639c0d6178b03ce09326f752dc92a377aaa25887fbccaa9aa21b7,2026-01,North Yorkshire Police,North Yorkshire Police,-2.018161,53.960188,On or near Swadford Street,E01034957,Craven 006F,Violence and sexual offences,Further investigation is not in the public interest,
f0034a1b4e84a3b9a42908e11c275fe7366eedd1d1a23ea9405491d22f3fef3f,2026-01,North Yorkshire Police,North Yorkshire Police,-2.018161,53.960188,On or near Swadford Street,E01034957,Craven 006F,Violence and sexual offences,Unable to prosecute suspect,
119dde837a9c8e0751678de0295096235c4ab48a6c321273d64ca5038c6b63bb,2026-01,North Yorkshire Police,North Yorkshire Police,-2.018161,53.960188,On or near Swadford Street,E01034957,Craven 006F,Violence and sexual offences,Unable to prosecute suspect,
8a72d67131e5588a0f4e0f9f605897e2bd9d5139701a089f26536b0ef4f4f410,2026-01,North Yorkshire Police,North Yorkshire Police,-2.022627,53.960394,On or near Brewery Lane,E01034957,Craven 006F,Violence and sexual offences,Under investigation,
3677b84759f473e01468d59b70e4db30be4e9cec2f8e8121607eb89bc653c066,2026-01,North Yorkshire Police,North Yorkshire Police,-2.019912,53.957257,On or near Church Street,E01034957,Craven 006F,Violence and sexual offences,Under investigation,
1c51eaeb6129ab59b64a53f0c92f03a73de3274aeff1ca83030f798058d7283c,2026-01,North Yorkshire Police,North Yorkshire Police,-2.018161,53.960188,On or near Swadford Street,E01034957,Craven 006F,Violence and sexual offences,Further investigation is not in the public interest,
194a091a6d2758aeaa09b3b53a313314ca23ede06ce627119954d08dd99cf35b,2026-01,North Yorkshire Police,North Yorkshire Police,-2.022627,53.960394,On or near Brewery Lane,E01034957,Craven 006F,Violence and sexual offences,Under investigation,
6b362b60c471fd954aad105b970b2d3b7ef92595865e62813d5109cfdeb70cc3,2026-01,North Yorkshire Police,North Yorkshire Police,-2.006145,53.917434,On or near Airedale Ings,E01027556,Craven 007A,Drugs,Under investigation,
acdfc90d6da7876c6e32ec64adfc6d8e27c22b3eeed7268497052981d70aaa71,2026-01,North Yorkshire Police,North Yorkshire Police,-2.067366,53.908868,On or near Sidegate Lane,E01027556,Craven 007A,Violence and sexual offences,Under investigation,
,2026-01,North Yorkshire Police,North Yorkshire Police,-2.041116,53.885107,On or near Royd Court,E01027560,Craven 007B,Anti-social behaviour,,
,2026-01,North Yorkshire Police,North Yorkshire Police,-2.040172,53.884766,On or near Walton Street,E01027560,Craven 007B,Anti-social behaviour,,
02fd7e2f69af4407511fcf39973e552ead07ff40f1e4521d8a39b711d6c2f5fc,2026-01,North Yorkshire Police,North Yorkshire Police,-2.042743,53.884621,On or near Park Road,E01027560,Craven 007B,Burglary,Investigation complete; no suspect identified,
3c0b25884dbc70c715c05d92408e8974f91df78f03d34d565e6bb87446d5f601,2026-01,North Yorkshire Police,North Yorkshire Police,-2.061216,53.887678,On or near Lane House Road,E01027560,Craven 007B,Burglary,Investigation complete; no suspect identified,
a628bbcd375e890fc74307f19c3207bd3df6993c6d2b184368da87e6a3921f81,2026-01,North Yorkshire Police,North Yorkshire Police,-2.042772,53.883821,On or near Acre Mews,E01027560,Craven 007B,Violence and sexual offences,Under investigation,
722f6b73bd67980838e03abcc3bd5fceb7462f47141cc5d3afb43f78857281dc,2026-01,North Yorkshire Police,North Yorkshire Police,-2.048752,53.884331,On or near Cinder Hill Lane,E01027560,Craven 007B,Violence and sexual offences,Unable to prosecute suspect,
67041fce6b16f255195ea5ff882e3d08436a07fbf4edae5f8b54d6d77f0e9219,2026-01,North Yorkshire Police,North Yorkshire Police,-2.042743,53.884621,On or near Park Road,E01027560,Craven 007B,Violence and sexual offences,Under investigation,
a628bbcd375e890fc74307f19c3207bd3df6993c6d2b184368da87e6a3921f81,2026-01,North Yorkshire Police,North Yorkshire Police,-2.042772,53.883821,On or near Acre Mews,E01027560,Craven 007B,Violence and sexual offences,Unable to prosecute suspect,
a97c8f888c64e3f22d2bc4096b37eba31ebcd6a78064ecfd4f18559fec99695c,2026-01,North Yorkshire Police,North Yorkshire Police,-2.037770,53.886402,On or near Lingcrag Gardens,E01027560,Craven 007B,Violence and sexual offences,Under investigation,
e153e73bba41eb81131ed5e49672d1bb1c4c349c9b210d380d35f66963124bca,2026-01,North Yorkshire Police,North Yorkshire Police,-2.041116,53.885107,On or near Royd Court,E01027560,Craven 007B,Other crime,Unable to prosecute suspect,
,2026-01,North Yorkshire Police,North Yorkshire Police,-2.106422,53.984741,On or near Higherlands Close,E01027563,Craven 007C,Anti-social behaviour,,
d6719fbdd01d28fc107af13fc0ef2268e2b437d41a5fd02f2fcca8d0687b4c2d,2026-01,North Yorkshire Police,North Yorkshire Police,-2.110563,53.987883,On or near Gargrave House Gardens,E01027563,Craven 007C,Criminal damage and arson,Investigation complete; no suspect identified,
ffb227ff1cbfc13b87c4a755c3e42179641df90af3c456a1a40250b08c8588ba,2026-01,North Yorkshire Police,North Yorkshire Police,-2.104970,53.977435,On or near Parking Area,E01027563,Craven 007C,Other theft,Investigation complete; no suspect identified,
bcf7d634a9115a47337daff43ad242a56c086a70b3546e95dae3bc2d99d56a53,2026-01,North Yorkshire Police,North Yorkshire Police,-2.104222,53.983476,On or near Supermarket,E01027563,Craven 007C,Shoplifting,Investigation complete; no suspect identified,
e3f3ffc6f553feb59d375adb5bb541717be6de88fca6fc82f284773ea9db5bd4,2026-01,North Yorkshire Police,North Yorkshire Police,-2.100568,53.985600,On or near Sharphaw View,E01027563,Craven 007C,Violence and sexual offences,Under investigation,
,2026-01,North Yorkshire Police,North Yorkshire Police,-2.053863,53.954928,On or near Heslaker Lane,E01027586,Craven 007D,Anti-social behaviour,,
,2026-01,North Yorkshire Police,North Yorkshire Police,-2.042208,53.942107,On or near Park Lane,E01027586,Craven 007D,Anti-social behaviour,,
,2026-01,North Yorkshire Police,North Yorkshire Police,-1.985882,53.912580,On or near Hall Gardens,E01027555,Craven 008A,Anti-social behaviour,,
,2026-01,North Yorkshire Police,North Yorkshire Police,-1.985274,53.909282,On or near Kirkgate,E01027555,Craven 008A,Anti-social behaviour,,
,2026-01,North Yorkshire Police,North Yorkshire Police,-1.992534,53.915394,On or near Main Street,E01027555,Craven 008A,Anti-social behaviour,,
,2026-01,North Yorkshire Police,North Yorkshire Police,-1.992534,53.915394,On or near Main Street,E01027555,Craven 008A,Anti-social behaviour,,
,2026-01,North Yorkshire Police,North Yorkshire Police,-1.992534,53.915394,On or near Main Street,E01027555,Craven 008A,Anti-social behaviour,,
ae1bd21418d48e07e921bbd4fbdcb68b9d6e17edf928db2188e5559d9dc4314d,2026-01,North Yorkshire Police,North Yorkshire Police,-2.013868,53.940564,On or near ,E01027555,Craven 008A,Burglary,Under investigation,
9a9545563342307bf69587163cd6ad75ce2cb24e47e38a293283cc4fa2ab596e,2026-01,North Yorkshire Police,North Yorkshire Police,-2.013226,53.938913,On or near ,E01027555,Craven 008A,Vehicle crime,Under investigation,
dc196b15451e2b04315c6dba4c62ae2608c7a4a83d5fc90866b322365b409e3a,2026-01,North Yorkshire Police,North Yorkshire Police,-1.993846,53.899656,On or near Town End Close,E01027564,Craven 008B,Criminal damage and arson,Investigation complete; no suspect identified,
f1480422814e962dc9d98c7893cc09699d6e45e01f6acb8baf49d200d6edcb86,2026-01,North Yorkshire Police,North Yorkshire Police,-1.990102,53.900995,On or near Rhodesia Street,E01027564,Craven 008B,Possession of weapons,Under investigation,
f1480422814e962dc9d98c7893cc09699d6e45e01f6acb8baf49d200d6edcb86,2026-01,North Yorkshire Police,North Yorkshire Police,-1.990102,53.900995,On or near Rhodesia Street,E01027564,Craven 008B,Possession of weapons,Further investigation is not in the public interest,
817420693e2ba10d2c53c2b2a178f4df12fc86dfc675330ed5b8e2ee2a826d25,2026-01,North Yorkshire Police,North Yorkshire Police,-1.991897,53.901094,On or near Main Street,E01027564,Craven 008B,Possession of weapons,Awaiting court outcome,
c8cc7bdab7a4447bc0ae18cdab963de11c9f873341e72fd38f8b419f571a84d4,2026-01,North Yorkshire Police,North Yorkshire Police,-1.991897,53.901094,On or near Main Street,E01027564,Craven 008B,Violence and sexual offences,Awaiting court outcome,
7ac85eb2cd45bc8e93229180aa475729d6039335acb5fd95cb2a95ef0239a2dd,2026-01,North Yorkshire Police,North Yorkshire Police,-1.991897,53.901094,On or near Main Street,E01027564,Craven 008B,Violence and sexual offences,Awaiting court outcome,
7b484fdc23a626e202c0e16f91d4a4ce4066b60989b739f3944ef38d0f6a19e2,2026-01,North Yorkshire Police,North Yorkshire Police,-1.991897,53.901094,On or near Main Street,E01027564,Craven 008B,Violence and sexual offences,Awaiting court outcome,
c045f590ba871d44da82547e0f6c4195462362c4f04ff97e771d1564eb2e673a,2026-01,North Yorkshire Police,North Yorkshire Police,-1.991897,53.901094,On or near Main Street,E01027564,Craven 008B,Violence and sexual offences,Awaiting court outcome,
,2026-01,North Yorkshire Police,North Yorkshire Police,-1.996356,53.904034,On or near Baxter Wood,E01027565,Craven 008C,Anti-social behaviour,,
,2026-01,North Yorkshire Police,North Yorkshire Police,-1.984105,53.901049,On or near Aire Street,E01027565,Craven 008C,Anti-social behaviour,,
9c5c298594bad796a4f7a9c0bbcc4eb594da6ada9f5ed8bc19418c1ee2d8c828,2026-01,North Yorkshire Police,North Yorkshire Police,-1.988259,53.903530,On or near Station Grove,E01027565,Craven 008C,Criminal damage and arson,Investigation complete; no suspect identified,
d2318537caa1bc94c7e8facc5c4e69b6ff1713208aecd5502ddc86db483d032c,2026-01,North Yorkshire Police,North Yorkshire Police,-1.989447,53.902784,On or near Newby Street,E01027565,Craven 008C,Other theft,Investigation complete; no suspect identified,
a1bb334824fd8b0ab1b101b002044263638b54b6a92ba8790d7687cba56afe53,2026-01,North Yorkshire Police,North Yorkshire Police,-1.988259,53.903530,On or near Station Grove,E01027565,Craven 008C,Public order,Unable to prosecute suspect,
c138825384c28fb31e0e18a9d37d2710fde953ae8fcd443c9bd07ba57dc478e0,2026-01,North Yorkshire Police,North Yorkshire Police,-1.988259,53.903530,On or near Station Grove,E01027565,Craven 008C,Public order,Unable to prosecute suspect,
3c09afcd1834d4430f201a607974ba4ba068d374e8f089b4d2da4aa949ddc653,2026-01,North Yorkshire Police,North Yorkshire Police,-1.988259,53.903530,On or near Station Grove,E01027565,Craven 008C,Public order,Unable to prosecute suspect,
2926201e3da549e918e9ea04e9d914de7c9121f7ea754b183a658662bc07ecf6,2026-01,North Yorkshire Police,North Yorkshire Police,-1.989645,53.901382,On or near Prospect Street,E01027565,Craven 008C,Public order,Under investigation,
46ebf6c86a47271526483c0998192ed45aec346ebd41053a299e8d682ad29772,2026-01,North Yorkshire Police,North Yorkshire Police,-1.984105,53.901049,On or near Aire Street,E01027565,Craven 008C,Violence and sexual offences,Under investigation,
,2026-01,North Yorkshire Police,North Yorkshire Police,-1.997437,53.899899,On or near Beanlands Drive,E01027566,Craven 008D,Anti-social behaviour,,
a12159318957c131548bab30b4643f7d2105e397bd92da98781efcef81a899c3,2026-01,North Yorkshire Police,North Yorkshire Police,-2.001242,53.899899,On or near Bungalow Road,E01027566,Craven 008D,Violence and sexual offences,Unable to prosecute suspect,
233b926c34871ebaf680ffb8691e545091005073e97fac398bb2af8c828e5d81,2026-01,North Yorkshire Police,North Yorkshire Police,-1.998670,53.901265,On or near Washburn Drive,E01027566,Craven 008D,Violence and sexual offences,Unable to prosecute suspect,
f23fcb730a878735273419a132092fcd8437810016c6be4d51eb8f1a6e911e1b,2026-01,North Yorkshire Police,North Yorkshire Police,-1.998670,53.901265,On or near Washburn Drive,E01027566,Craven 008D,Violence and sexual offences,Unable to prosecute suspect,
fd1e337fb4f57869ea6f36b3a69299e6480cab4a0659d2e3e0f0a352efd674de,2026-01,North Yorkshire Police,North Yorkshire Police,-2.001105,53.899450,On or near Croft Street,E01027566,Craven 008D,Other crime,Further investigation is not in the public interest,
,2026-01,North Yorkshire Police,North Yorkshire Police,-1.994075,53.893239,On or near Elm Road,E01027583,Craven 008E,Anti-social behaviour,,
980948f2d955dfd859cb246e209222234c4a3a2d4d3e12faf6c3a05566b962e3,2026-01,North Yorkshire Police,North Yorkshire Police,-1.986908,53.894515,On or near Victoria Street,E01027583,Craven 008E,Public order,Unable to prosecute suspect,
7b8ff51c3ef5b9011969f085380a22a91079153213d41dcceb684820b58ad22f,2026-01,North Yorkshire Police,North Yorkshire Police,-1.991487,53.897688,On or near Holme Close,E01027583,Craven 008E,Vehicle crime,Unable to prosecute suspect,
b1434168cf968ee9fe21b9d3d62ba8c6d33c614bf3353da9172d6e1b6a9706e9,2026-01,North Yorkshire Police,North Yorkshire Police,-1.991487,53.897688,On or near Holme Close,E01027583,Craven 008E,Violence and sexual offences,Unable to prosecute suspect,
a6f235320b69419a6e22cc6949224f3f68f145f6741f2d05a44209f11f3a07b6,2026-01,North Yorkshire Police,North Yorkshire Police,-1.989586,53.894875,On or near Gordon Street,E01027583,Craven 008E,Violence and sexual offences,Unable to prosecute suspect,
cf23649392c90bfbd5eb0a94bd7e80e006b6e6962ddc3476768714437453eb4f,2026-01,North Yorkshire Police,North Yorkshire Police,-1.990438,53.895522,On or near King Edward Street,E01027583,Craven 008E,Other crime,Under investigation,
03cf10a00da51acd7aa480fee599fd12e78982a5bc70c024e3b5a8411f95c624,2026-01,North Yorkshire Police,North Yorkshire Police,-1.990438,53.895522,On or near King Edward Street,E01027583,Craven 008E,Other crime,Further investigation is not in the public interest,
6287a4fa7015c4d69ca254fea5fac8037df760c31daee66778fb1cda3c65760d,2026-01,North Yorkshire Police,North Yorkshire Police,-1.995079,53.891451,On or near Earls View,E01027584,Craven 008F,Other theft,Under investigation,
94efc836fb29cbfc43c83761d708e4f2e544272c722785faccff6b43e75c8f86,2026-01,North Yorkshire Police,North Yorkshire Police,-2.011590,53.897112,On or near Montagu Close,E01027584,Craven 008F,Other theft,Unable to prosecute suspect,
348265c896412decd50b3568dbb236c4304dd184e296b5c00928f6e50cdbfaa5,2026-01,North Yorkshire Police,North Yorkshire Police,-1.991625,53.892888,On or near Greenroyd Court,E01027584,Craven 008F,Violence and sexual offences,Unable to prosecute suspect,
641d6be8fb3747fd22f040cebab0fab22f6374c175b44ae92a69b3bdffe26efd,2026-01,North Yorkshire Police,North Yorkshire Police,-1.988688,53.894380,On or near Main Street,E01027584,Craven 008F,Violence and sexual offences,Unable to prosecute suspect,
71aa8f3f86859aa4632cb4aa0506c98833d0b0b084a4d9971cb1a629fe8be917,2026-01,North Yorkshire Police,North Yorkshire Police,-1.988491,53.891621,On or near Harper Grove,E01027584,Craven 008F,Violence and sexual offences,Unable to prosecute suspect,
71235879f8a678bc0d83b55e3e61af20b1139ddcc76da0baf47fb7b052b29da5,2026-01,North Yorkshire Police,North Yorkshire Police,-1.988491,53.891621,On or near Harper Grove,E01027584,Craven 008F,Violence and sexual offences,Unable to prosecute suspect,
bd850a0fedc4bf07aa1b410d2210d24505b43ed1ddb790d2c2023ce79a163701,2026-01,North Yorkshire Police,North Yorkshire Police,-1.988688,53.894380,On or near Main Street,E01027584,Craven 008F,Violence and sexual offences,Unable to prosecute suspect,
0a188c6739e851f4cd8f44d1ce3a6738923282808a397a6f7854f3d8f0656a7d,2026-01,North Yorkshire Police,North Yorkshire Police,-1.988688,53.894380,On or near Main Street,E01027584,Craven 008F,Violence and sexual offences,Unable to prosecute suspect,
691c07307d944a5f70d49734557d35431d7ff979b249058de7b89c210f95461c,2026-01,North Yorkshire Police,North Yorkshire Police,-1.993116,53.892062,On or near High Street,E01027584,Craven 008F,Violence and sexual offences,Investigation complete; no suspect identified,
da37b3bc37d67d02da073dc95f2c7b588faec3d55cb0756e89434ff67c1385d2,2026-01,North Yorkshire Police,North Yorkshire Police,-1.995079,53.890705,On or near The Acres,E01027584,Craven 008F,Violence and sexual offences,Unable to prosecute suspect,
,2026-01,North Yorkshire Police,North Yorkshire Police,-2.017002,54.068075,On or near Main Street,E01027585,Craven 009A,Anti-social behaviour,,
,2026-01,North Yorkshire Police,North Yorkshire Police,-1.999307,54.076147,On or near Highcroft,E01027567,Craven 009B,Anti-social behaviour,,
ef7319551573b5977feb036aa748ef80ff18aa9a6199eb550697f90f07294788,2026-01,North Yorkshire Police,North Yorkshire Police,-1.961935,54.065078,On or near Brook Street,E01027567,Craven 009B,Criminal damage and arson,Unable to prosecute suspect,
,2026-01,North Yorkshire Police,North Yorkshire Police,-2.041107,53.963468,On or near ,E01027562,Craven 009C,Anti-social behaviour,,
aede6907420c89ba53b55456bb06caa6ba4eae9a8ba90fd8c38c56b95492ff5f,2026-01,North Yorkshire Police,North Yorkshire Police,-2.101318,53.999269,On or near Gardens Road,E01027562,Craven 009C,Burglary,Investigation complete; no suspect identified,
2a7daafd9d11f8005584b62c925c7b3b397b4c07eb9a19186d4caf9f61d64947,2026-01,North Yorkshire Police,North Yorkshire Police,-2.114479,53.981183,On or near Marton Road,E01027562,Craven 009C,Criminal damage and arson,Unable to prosecute suspect,
81319da87956cdd11a4458c61332151906018d850f8acde59a6b5ce5e47523af,2026-01,North Yorkshire Police,North Yorkshire Police,-2.153073,54.060115,On or near Chapel Gate,E01027562,Craven 009C,Drugs,Under investigation,
7c50d898c084a5065077ccef935ae62b2bd23101e49555ea432bff7a2212516a,2026-01,North Yorkshire Police,North Yorkshire Police,-2.108793,53.981827,On or near Marton Close,E01027562,Craven 009C,Other theft,Unable to prosecute suspect,
e3332285e44677a6e7c1877be71b7369849cc823ce35076872af1df99481f28e,2026-01,North Yorkshire Police,North Yorkshire Police,-2.149051,54.029149,On or near Riverside Walk,E01027562,Craven 009C,Violence and sexual offences,Under investigation,
815c724291f62ab3545820233868e8e62d9f88d4bee07cb81b533e04980445e2,2026-01,North Yorkshire Police,North Yorkshire Police,-2.167804,53.992695,On or near ,E01027562,Craven 009C,Violence and sexual offences,Under investigation,
,2026-01,North Yorkshire Police,North Yorkshire Police,-1.853309,53.984582,On or near Parking Area,E01027557,Craven 009D,Anti-social behaviour,,
012bf81dea5ff7f406087e39db36e1e51f88527bd1fd362d63afbd522fe8657f,2026-01,North Yorkshire Police,North Yorkshire Police,-1.893029,53.980526,On or near Parking Area,E01027557,Craven 009D,Other theft,Investigation complete; no suspect identified,
08c3020840ac8e24ef8bce41555328284f7e7989604833c81f02e70e33531413,2026-01,North Yorkshire Police,North Yorkshire Police,-1.938465,53.983074,On or near Moor Lane,E01027557,Craven 009D,Vehicle crime,Investigation complete; no suspect identified,
0b0870997f0c0976c7ce50c3ccc598652a95d3ef4b9d29ed92eaab239bb7494b,2026-01,North Yorkshire Police,North Yorkshire Police,-1.987949,53.980033,On or near Elm Tree Square,E01027561,Craven 009E,Violence and sexual offences,Under investigation,
,2026-01,North Yorkshire Police,North Yorkshire Police,-2.002281,53.968008,On or near The Drive,E01027576,Craven 009F,Anti-social behaviour,,
f0d97c38034907395f66fb94af00ee642b9dd1c8fe1572583a277c0ec218b0a2,2026-01,North Yorkshire Police,North Yorkshire Police,-0.502178,53.983277,On or near Dead Lane,E01012981,East Riding of Yorkshire 008B,Drugs,Under investigation,
879363c4d22f71a576e2c0bd405b28cbe394a81d306e9dc684d7822b2fc94e68,2026-01,North Yorkshire Police,North Yorkshire Police,-1.172065,50.820033,On or near Ramsay Place,E01022804,Gosport 002A,Public order,Under investigation,
5f4c8551c9ccc3cb467e6d2cd90ad8a6411d3c9971c7621b4c27106c1b816614,2026-01,North Yorkshire Police,North Yorkshire Police,-1.172065,50.820033,On or near Ramsay Place,E01022804,Gosport 002A,Public order,Under investigation,
,2026-01,North Yorkshire Police,North Yorkshire Police,-1.172749,54.463940,On or near Mount Pleasant Way,E01027591,Hambleton 001A,Anti-social behaviour,,
,2026-01,North Yorkshire Police,North Yorkshire Police,-1.132134,54.488433,On or near Parking Area,E01027597,Hambleton 001B,Anti-social behaviour,,
,2026-01,North Yorkshire Police,North Yorkshire Police,-1.132134,54.488433,On or near Parking Area,E01027597,Hambleton 001B,Anti-social behaviour,,
d9d36ea6c71abe2cba80742c2a63df14a2cf83203117a3bb9ec9967a251ea8cd,2026-01,North Yorkshire Police,North Yorkshire Police,-1.068162,54.477639,On or near Parking Area,E01027597,Hambleton 001B,Burglary,Investigation complete; no suspect identified,
05c0db853fe0a4d069eb5e52a723d8b45376d94d9947519790c19bea1e939053,2026-01,North Yorkshire Police,North Yorkshire Police,-1.133246,54.488423,On or near Supermarket,E01027597,Hambleton 001B,Criminal damage and arson,Unable to prosecute suspect,
a6326f4df9f764e57da80cee20d44b14ff99bd2caacf7ffb89cad041ebd66e12,2026-01,North Yorkshire Police,North Yorkshire Police,-1.133246,54.488423,On or near Supermarket,E01027597,Hambleton 001B,Shoplifting,Investigation complete; no suspect identified,
36805a4d6ef13b1de8157992c3203d901a2f38001e249492f55265bcbc8e53af,2026-01,North Yorkshire Police,North Yorkshire Police,-1.133246,54.488423,On or near Supermarket,E01027597,Hambleton 001B,Shoplifting,Investigation complete; no suspect identified,
14ea5f8809740efd76eb0657832095d001b0b89a7dc920501febdbfcf2566adf,2026-01,North Yorkshire Police,North Yorkshire Police,-1.133246,54.488423,On or near Supermarket,E01027597,Hambleton 001B,Violence and sexual offences,Under investigation,
ad588b13f71857c5924373ec37c8546ef0dd72ef6c322ed28cc81402200cbfc9,2026-01,North Yorkshire Police,North Yorkshire Police,-1.132134,54.488433,On or near Parking Area,E01027597,Hambleton 001B,Violence and sexual offences,Under investigation,
8d1574de4dbe14cd1fb3f1e51da898d51e0a9ddb3bc516f84c95a8f1c3b99575,2026-01,North Yorkshire Police,North Yorkshire Police,-1.132764,54.491493,On or near Frankfield Mews,E01027599,Hambleton 001C,Criminal damage and arson,Unable to prosecute suspect,
49138710cf2d2b6007607eb24ace98334801c354507e1746a7f451ebf6de453d,2026-01,North Yorkshire Police,North Yorkshire Police,-1.132385,54.493369,On or near Newton Road,E01027599,Hambleton 001C,Criminal damage and arson,Investigation complete; no suspect identified,
0e96858e3bacb2d8eef9ddb379331ba42875417ad665c1ff68fa46b09608061f,2026-01,North Yorkshire Police,North Yorkshire Police,-1.135242,54.490387,On or near Addison Road,E01027599,Hambleton 001C,Criminal damage and arson,Under investigation,
ed83adcc6c569992feb23b2cc3ce8117e797091b534a6e28d140ce9dccdeba27,2026-01,North Yorkshire Police,North Yorkshire Police,-1.132419,54.492506,On or near Woodbine Close,E01027599,Hambleton 001C,Other theft,Investigation complete; no suspect identified,
6eedd67799cf1325e6023b903352dd06b340ec6e3242595e6f2d00bb1a6fda02,2026-01,North Yorkshire Police,North Yorkshire Police,-1.138851,54.490566,On or near Linden Avenue,E01027599,Hambleton 001C,Other theft,Investigation complete; no suspect identified,
23b527b1912f7a10cd6278417b139c917414473d4527a6ac366017bd88fbd507,2026-01,North Yorkshire Police,North Yorkshire Police,-1.132419,54.492506,On or near Woodbine Close,E01027599,Hambleton 001C,Public order,Formal action is not in the public interest,
d6dc30067297dd49525f15934e24b72951e64dd2a9248ca75168875eb3188c2a,2026-01,North Yorkshire Police,North Yorkshire Police,-1.132419,54.492506,On or near Woodbine Close,E01027599,Hambleton 001C,Public order,Unable to prosecute suspect,
e67caebe2504464b962ef27d1e202c25d500758bc794eb548aa57109dbf640f2,2026-01,North Yorkshire Police,North Yorkshire Police,-1.132419,54.492506,On or near Woodbine Close,E01027599,Hambleton 001C,Public order,Unable to prosecute suspect,
ead966ba3811983341841fd9a3053f89db89ca876e34f7433523685e6f98a2ea,2026-01,North Yorkshire Police,North Yorkshire Police,-1.135616,54.490956,On or near Captain Cook'S Way,E01027599,Hambleton 001C,Vehicle crime,Investigation complete; no suspect identified,
9f18a83935b804857292e553db39afece0a3973df14d84294c4d702dffbe41f1,2026-01,North Yorkshire Police,North Yorkshire Police,-1.132419,54.492506,On or near Woodbine Close,E01027599,Hambleton 001C,Violence and sexual offences,Unable to prosecute suspect,
60c29c5fc94497658b87102178f6268d6b56169b46d4623dc4c7be4496bf9853,2026-01,North Yorkshire Police,North Yorkshire Police,-1.135616,54.490956,On or near Captain Cook'S Way,E01027599,Hambleton 001C,Violence and sexual offences,Unable to prosecute suspect,
89b465094e6ea52382445b4a6bf45f16ecf4cc30aa2d5a4aaf319db7667ccab5,2026-01,North Yorkshire Police,North Yorkshire Police,-1.135773,54.493015,On or near Central Way,E01027599,Hambleton 001C,Violence and sexual offences,Unable to prosecute suspect,
ca898f8d5c6e3bd0b06efee2474b627d38eba06327d70f0009a3d46d270dbeb5,2026-01,North Yorkshire Police,North Yorkshire Police,-1.135616,54.490956,On or near Captain Cook'S Way,E01027599,Hambleton 001C,Violence and sexual offences,Unable to prosecute suspect,
50cfd09d19011fa826179b657932e473d5652ba6f7967372c92d241ccc03c31f,2026-01,North Yorkshire Police,North Yorkshire Police,-1.188713,54.470384,On or near Petrol Station,E01027623,Hambleton 001D,Other theft,Under investigation,
6ef06e3d9085a723eea48623d033a63c645a63ff02db1b5fd5cc1e905763bfb3,2026-01,North Yorkshire Police,North Yorkshire Police,-1.183625,54.475625,On or near Meadowfield,E01027623,Hambleton 001D,Violence and sexual offences,Under investigation,
4d17fbc41a6f56c405f517a6197d3c4854100cf68cb3e6b6279f635d4c3c1c4f,2026-01,North Yorkshire Police,North Yorkshire Police,-1.184244,54.468538,On or near Glebe Road,E01027623,Hambleton 001D,Violence and sexual offences,Unable to prosecute suspect,
c1d0f5be0a6a0e1b60f788680454ead8a8c4df0b0b82264a5f65f5ae91b7a486,2026-01,North Yorkshire Police,North Yorkshire Police,-1.184244,54.468538,On or near Glebe Road,E01027623,Hambleton 001D,Violence and sexual offences,Unable to prosecute suspect,
,2026-01,North Yorkshire Police,North Yorkshire Police,-1.193341,54.469660,On or near Police Station,E01027625,Hambleton 001E,Anti-social behaviour,,
,2026-01,North Yorkshire Police,North Yorkshire Police,-1.190770,54.470928,On or near College Square,E01027625,Hambleton 001E,Anti-social behaviour,,
,2026-01,North Yorkshire Police,North Yorkshire Police,-1.191513,54.470025,On or near Parking Area,E01027625,Hambleton 001E,Anti-social behaviour,,
,2026-01,North Yorkshire Police,North Yorkshire Police,-1.191513,54.470025,On or near Parking Area,E01027625,Hambleton 001E,Anti-social behaviour,,
,2026-01,North Yorkshire Police,North Yorkshire Police,-1.193341,54.469660,On or near Police Station,E01027625,Hambleton 001E,Anti-social behaviour,,
,2026-01,North Yorkshire Police,North Yorkshire Police,-1.194735,54.470190,On or near Stone Hall Close,E01027625,Hambleton 001E,Anti-social behaviour,,
,2026-01,North Yorkshire Police,North Yorkshire Police,-1.193341,54.469660,On or near Police Station,E01027625,Hambleton 001E,Anti-social behaviour,,
,2026-01,North Yorkshire Police,North Yorkshire Police,-1.192254,54.470021,On or near High Street,E01027625,Hambleton 001E,Anti-social behaviour,,
f67fa5c8402894bc9a87e0e1e00fe8feb781cb9d8bb11b59611b0c61cb435fb1,2026-01,North Yorkshire Police,North Yorkshire Police,-1.191513,54.470025,On or near Parking Area,E01027625,Hambleton 001E,Criminal damage and arson,Investigation complete; no suspect identified,
a49a6fcce716f53ed73386a55e629e2e7e9a6b5fee53cd33a8a9e7f0802ea9cf,2026-01,North Yorkshire Police,North Yorkshire Police,-1.193341,54.469660,On or near Police Station,E01027625,Hambleton 001E,Shoplifting,Investigation complete; no suspect identified,
8e476268d9ddad59218fbff79807cd8d11af978d66df3e067dc7d50b8b462487,2026-01,North Yorkshire Police,North Yorkshire Police,-1.190770,54.470928,On or near College Square,E01027625,Hambleton 001E,Violence and sexual offences,Unable to prosecute suspect,
6da35b8fcbbe4807dc13aab3fad523377ff6c4d2a690f3f9972351b11da41292,2026-01,North Yorkshire Police,North Yorkshire Police,-1.191513,54.470025,On or near Parking Area,E01027625,Hambleton 001E,Violence and sexual offences,Under investigation,
c83590e16750569b2479e511c4d9bd0fa7fe2e64412f04e443b0f7eccf6b12bd,2026-01,North Yorkshire Police,North Yorkshire Police,-1.191513,54.470025,On or near Parking Area,E01027625,Hambleton 001E,Violence and sexual offences,Under investigation,
6e3d0883ea2ed130e0b3e47143a5d70fda7eb3cacb4eb572c537714c60cc3511,2026-01,North Yorkshire Police,North Yorkshire Police,-1.137570,54.484670,On or near Wainstones Drive,E01027598,Hambleton 002A,Criminal damage and arson,Investigation complete; no suspect identified,
056aa501e2c3242e3a439143249afac923b8bb55a64d909e2f2c4e955a178bd8,2026-01,North Yorkshire Police,North Yorkshire Police,-1.132238,54.495183,On or near Petrol Station,E01027598,Hambleton 002A,Criminal damage and arson,Investigation complete; no suspect identified,
c3c0ad6779f744b43a9ad6ca728064ac507ce6b57d0745585141606b92b62666,2026-01,North Yorkshire Police,North Yorkshire Police,-1.133097,54.494740,On or near Bradleys Terrace,E01027598,Hambleton 002A,Violence and sexual offences,Unable to prosecute suspect,
5dbc7a1ff3c2e57a1f97ce722cbb34e8355669cbddc6c701a4338ec53dbf8483,2026-01,North Yorkshire Police,North Yorkshire Police,-1.135197,54.493991,On or near Langbaurgh Close,E01027598,Hambleton 002A,Violence and sexual offences,Under investigation,
,2026-01,North Yorkshire Police,North Yorkshire Police,-1.254742,54.456627,On or near The Avenue,E01027618,Hambleton 002B,Anti-social behaviour,,
fbc181dad0354334fd080da0cffa4791f135c0b9723f1df394c88a7c8b02a689,2026-01,North Yorkshire Police,North Yorkshire Police,-1.283202,54.423852,On or near Parson Back Lane,E01027618,Hambleton 002B,Criminal damage and arson,Under investigation,
63b7c6becce43b54187a64ea7a5fb2ea20609c6cbd219c447d541eab1a3a2968,2026-01,North Yorkshire Police,North Yorkshire Police,-1.299009,54.443177,On or near Campion Lane,E01027618,Hambleton 002B,Other theft,Investigation complete; no suspect identified,
,2026-01,North Yorkshire Police,North Yorkshire Police,-1.184695,54.477699,On or near Cherrywood Avenue,E01027624,Hambleton 002C,Anti-social behaviour,,
385a31a6a8b9ec53aafddbb5eb13f95c9bf8c798945e40043e0695301933cc2f,2026-01,North Yorkshire Police,North Yorkshire Police,-1.192054,54.476257,On or near Jackson Drive,E01027624,Hambleton 002C,Vehicle crime,Under investigation,
466657c66db57e310b622dbaebdcf87ad8d6b75df78593d0df1787c6de10e415,2026-01,North Yorkshire Police,North Yorkshire Police,-1.193155,54.475977,On or near Peacocks Close,E01027624,Hambleton 002C,Violence and sexual offences,Awaiting court outcome,
791738833b528bec1c6dd11e09d9607735b946f3b1f992d51f56d58868bd2d2c,2026-01,North Yorkshire Police,North Yorkshire Police,-1.193155,54.475977,On or near Peacocks Close,E01027624,Hambleton 002C,Violence and sexual offences,Under investigation,
,2026-01,North Yorkshire Police,North Yorkshire Police,-1.194725,54.469094,On or near Leven Wynd,E01027626,Hambleton 002D,Anti-social behaviour,,
,2026-01,North Yorkshire Police,North Yorkshire Police,-1.229334,54.484679,On or near Tanton Close,E01027626,Hambleton 002D,Anti-social behaviour,,
f4fcb513618e7e33ae6450cfe434563e6f9058af0fdb9b5393b3f83d342c3c2f,2026-01,North Yorkshire Police,North Yorkshire Police,-1.193110,54.466486,On or near Rosehill Way,E01027626,Hambleton 002D,Other theft,Under investigation,
db9fd954a2daba0d02b920a4f2abc6d18770b41e86bc4dc995feb78b336d625a,2026-01,North Yorkshire Police,North Yorkshire Police,-1.201885,54.468279,On or near Leven Road,E01027626,Hambleton 002D,Violence and sexual offences,Unable to prosecute suspect,
bcc16da6e3dea5566c0a2e397950a2c6d7e147a4e3b14fdb71203e80ac34215f,2026-01,North Yorkshire Police,North Yorkshire Police,-1.203582,54.468304,On or near ,E01027626,Hambleton 002D,Violence and sexual offences,Under investigation,
9405ce2bcf4c4617563d6cb657b893bad497b497f58be7e7ee3c352a97d5a251,2026-01,North Yorkshire Police,North Yorkshire Police,-1.229334,54.484679,On or near Tanton Close,E01027626,Hambleton 002D,Violence and sexual offences,Under investigation,
b33d15b3ed8107a973d031db9a5a7703ff417422e9dca85473e73d7a2c58487b,2026-01,North Yorkshire Police,North Yorkshire Police,-1.201885,54.468279,On or near Leven Road,E01027626,Hambleton 002D,Violence and sexual offences,Unable to prosecute suspect,
9cce8360997879af29198357c1ffbd1125c8561bb881a2e508d449ad92584088,2026-01,North Yorkshire Police,North Yorkshire Police,-1.194725,54.469094,On or near Leven Wynd,E01027626,Hambleton 002D,Violence and sexual offences,Under investigation,
,2026-01,North Yorkshire Police,North Yorkshire Police,-1.269315,54.412616,On or near Heather Close,E01027627,Hambleton 002E,Anti-social behaviour,,
eb05eef8f8772295f4ed03e22301c4be0c47fedfed16019667dbd82f8f521b19,2026-01,North Yorkshire Police,North Yorkshire Police,-1.173013,54.405686,On or near Raisdale Road,E01027627,Hambleton 002E,Burglary,Investigation complete; no suspect identified,
6fb74608c9ec43cf636a24799f1e7cc21bb962db2b7d8ac0c2fdb2b65c2dbeb9,2026-01,North Yorkshire Police,North Yorkshire Police,-1.242451,54.399625,On or near Green Lane,E01027627,Hambleton 002E,Burglary,Under investigation,
61a7d5438db648856c6ab7f7495b10b3648ca48ad14644958399425d3990e9fb,2026-01,North Yorkshire Police,North Yorkshire Police,-1.253930,54.403696,On or near Holgate,E01027627,Hambleton 002E,Burglary,Unable to prosecute suspect,
b626f088eb4b2a3a8e8943b240564a20aaf6025422e0ae85a4f7fbcf213e6e5c,2026-01,North Yorkshire Police,North Yorkshire Police,-1.313695,54.401252,On or near ,E01027627,Hambleton 002E,Other theft,Under investigation,
6cc9f93c6868d7a8e55fd33081b6d70ad03659359f08799ae1722b2abfb718d0,2026-01,North Yorkshire Police,North Yorkshire Police,-1.320478,54.424247,On or near Parking Area,E01027627,Hambleton 002E,Other theft,Investigation complete; no suspect identified,
fd0af25bdf391f38775a0083924048d27c54c6a0bf82b38fa5983e0ef8470e13,2026-01,North Yorkshire Police,North Yorkshire Police,-1.242451,54.399625,On or near Green Lane,E01027627,Hambleton 002E,Vehicle crime,Investigation complete; no suspect identified,
43d4327c0f84950fb45ab732fe4f57c2bd7393b65c5aefd5cdc5a5258d0fb0eb,2026-01,North Yorkshire Police,North Yorkshire Police,-1.313695,54.401252,On or near ,E01027627,Hambleton 002E,Violence and sexual offences,Under investigation,
4651a103cdeb6e49bf3a2a935427c8c2232c6f04451900a07038f69eb97e70f9,2026-01,North Yorkshire Police,North Yorkshire Police,-1.313695,54.401252,On or near ,E01027627,Hambleton 002E,Violence and sexual offences,Under investigation,
36f82339d31039059ffacc0451a88b90039759f323feffb80dfba456f196af87,2026-01,North Yorkshire Police,North Yorkshire Police,-1.313695,54.401252,On or near ,E01027627,Hambleton 002E,Other crime,Under investigation,
,2026-01,North Yorkshire Police,North Yorkshire Police,-1.422089,54.362108,On or near Cockpit Hill,E01027590,Hambleton 003A,Anti-social behaviour,,
,2026-01,North Yorkshire Police,North Yorkshire Police,-1.428657,54.360108,On or near Lodge Lane,E01027590,Hambleton 003A,Anti-social behaviour,,
,2026-01,North Yorkshire Police,North Yorkshire Police,-1.424585,54.360790,On or near The Green,E01027590,Hambleton 003A,Anti-social behaviour,,
,2026-01,North Yorkshire Police,North Yorkshire Police,-1.442500,54.352668,On or near Alvertune Way,E01027590,Hambleton 003A,Anti-social behaviour,,
9d823336117b2649502ca15893e5576aa44c05b250b64b7e128e1642dc116542,2026-01,North Yorkshire Police,North Yorkshire Police,-1.426784,54.362031,On or near Linen Way,E01027590,Hambleton 003A,Criminal damage and arson,Unable to prosecute suspect,
3cc5aa650b6a274f5834af420fdff07fb1f1ce232e50b161b120a88e8d4eb529,2026-01,North Yorkshire Police,North Yorkshire Police,-1.428657,54.360108,On or near Lodge Lane,E01027590,Hambleton 003A,Other theft,Under investigation,
bc7732bdae5daa7387249a70ca12ddfac12930b55646e31dccae459f15ca848f,2026-01,North Yorkshire Police,North Yorkshire Police,-1.425797,54.360071,On or near Sports/Recreation Area,E01027590,Hambleton 003A,Public order,Unable to prosecute suspect,
6aaa177c422e71a99075d3eb23b494248d35dc7ae9f0bb86fb2f314610229ae5,2026-01,North Yorkshire Police,North Yorkshire Police,-1.425797,54.360071,On or near Sports/Recreation Area,E01027590,Hambleton 003A,Public order,Unable to prosecute suspect,
f58df475dcbedccb170d537783ee6262d2ead8741983edd5ec6d634ca542a7a0,2026-01,North Yorkshire Police,North Yorkshire Police,-1.422089,54.362108,On or near Cockpit Hill,E01027590,Hambleton 003A,Public order,Unable to prosecute suspect,
ce69989cefe978fc775ba70259af344e8fcac16af9ba93c8d91f775c9d48f6bf,2026-01,North Yorkshire Police,North Yorkshire Police,-1.422089,54.362108,On or near Cockpit Hill,E01027590,Hambleton 003A,Violence and sexual offences,Under investigation,
cc7b6ca8f5368b5b063212e8420af50ec316269b492855337a1356fb353a608a,2026-01,North Yorkshire Police,North Yorkshire Police,-1.422089,54.362108,On or near Cockpit Hill,E01027590,Hambleton 003A,Violence and sexual offences,Under investigation,
0f8f67d2137f09befc9ad69dd67ab536801bf013ebd2b01eda72ada9c521ce4f,2026-01,North Yorkshire Police,North Yorkshire Police,-1.431617,54.356401,On or near Hilton Green,E01027590,Hambleton 003A,Violence and sexual offences,Unable to prosecute suspect,
c1e7efe3261aa5972daaa764e5283c319d2013ce544ec916de29ab9319ccd08f,2026-01,North Yorkshire Police,North Yorkshire Police,-1.420448,54.361669,On or near Danelaw Road,E01027590,Hambleton 003A,Violence and sexual offences,Under investigation,
036af8f8a5d56c1ecc0f32620ebad426ac440259c8e084ba107b5433e10359b3,2026-01,North Yorkshire Police,North Yorkshire Police,-1.543811,54.419652,On or near Park/Open Space,E01027592,Hambleton 003B,Bicycle theft,Under investigation,
b27da9cbc585c7d7d8d27b2cd2ae56c6a05a114e0807e0d466d5a637b009e472,2026-01,North Yorkshire Police,North Yorkshire Police,-1.476984,54.409217,On or near Birkby Lane,E01027592,Hambleton 003B,Burglary,Investigation complete; no suspect identified,
0ef796cc41f2cef27b09c17d41dc5a042e5360ea232071d20a8b053c23a3bd88,2026-01,North Yorkshire Police,North Yorkshire Police,-1.365259,54.341943,On or near Chester Lane,E01027613,Hambleton 003C,Burglary,Under investigation,
4d01b696ba95dac06a00d9df48422cb346646a2107ea577f93b61aa108ce1977,2026-01,North Yorkshire Police,North Yorkshire Police,-1.307779,54.332639,On or near Cart Riggin,E01027613,Hambleton 003C,Violence and sexual offences,Under investigation,
b48787d112987ad733280e0abc2ffc0aada2e88bccc75fc2ec7a993912525a8f,2026-01,North Yorkshire Police,North Yorkshire Police,-1.307807,54.352987,On or near Washbeck Lane,E01027613,Hambleton 003C,Violence and sexual offences,Unable to prosecute suspect,
31bac7e71902b313775846bff6788dd02d9738015a9218742d32fa3c9832c690,2026-01,North Yorkshire Police,North Yorkshire Police,-1.299845,54.367896,On or near School Lane,E01027613,Hambleton 003C,Violence and sexual offences,Unable to prosecute suspect,
3f1aa8ce41d0a9cc2a3b34abe12c69776ab917a4dec675892dfebda8061f7443,2026-01,North Yorkshire Police,North Yorkshire Police,-1.364844,54.425756,On or near White House Wynd,E01027617,Hambleton 003D,Public order,Unable to prosecute suspect,
,2026-01,North Yorkshire Police,North Yorkshire Police,-1.555942,54.306657,On or near Northallerton Road,E01027603,Hambleton 005A,Anti-social behaviour,,
,2026-01,North Yorkshire Police,North Yorkshire Police,-1.550721,54.354198,On or near Lowfield Lane,E01027603,Hambleton 005A,Anti-social behaviour,,
dd55b2474ba7afcd4d1b2d13328cf4cf843c5ea4cab120c57ab3e0bac868db2f,2026-01,North Yorkshire Police,North Yorkshire Police,-1.584007,54.335408,On or near Tickergate Lane,E01027603,Hambleton 005A,Burglary,Investigation complete; no suspect identified,
b87314d4fe7eb539dd9e04d14a9222542056a1e30b1e4241baaf924f563321bd,2026-01,North Yorkshire Police,North Yorkshire Police,-1.554701,54.301997,On or near Leeming Lane,E01027603,Hambleton 005A,Criminal damage and arson,Unable to prosecute suspect,
fae696e2766ca191a1f0c48e9f55c0736efd80cfd3231276d2f39aca08c6fcb1,2026-01,North Yorkshire Police,North Yorkshire Police,-1.569038,54.313831,On or near Back Lane,E01027603,Hambleton 005A,Other theft,Investigation complete; no suspect identified,
39ed3b3b02adfddf114b4776c007fc6c3bb68dc5f0cb1484be1a9eabbabb79a1,2026-01,North Yorkshire Police,North Yorkshire Police,-1.565463,54.305847,On or near Plews Way,E01027603,Hambleton 005A,Violence and sexual offences,Under investigation,
f81a833612b79b7774f43ea77264c72964ab8482fe1b8243f108acd20b07af20,2026-01,North Yorkshire Police,North Yorkshire Police,-1.559208,54.305914,On or near Mattison Close,E01027603,Hambleton 005A,Violence and sexual offences,Under investigation,
6034bc75e2a73d02a6cec42d367321126dd5ae1c2d725f4d5c6490877df2f53e,2026-01,North Yorkshire Police,North Yorkshire Police,-1.559208,54.305914,On or near Mattison Close,E01027603,Hambleton 005A,Other crime,Awaiting court outcome,
e38c157db047b75e26818a0fdd9e2bd30e09421cdcd9cbeb383fb9906f668d78,2026-01,North Yorkshire Police,North Yorkshire Police,-1.497508,54.323279,On or near Station Lane,E01027604,Hambleton 005B,Other theft,Unable to prosecute suspect,
d8e7a9a587a0aa6e64a674af87653b6a8f9da39b88e6e288d901b4fb28e58784,2026-01,North Yorkshire Police,North Yorkshire Police,-1.499105,54.322153,On or near Cromwell Drive,E01027604,Hambleton 005B,Other theft,Unable to prosecute suspect,
265cc381319b5fa5e244cf43e3b9f0b17b8288ed019101221ca632a66f1bbf5e,2026-01,North Yorkshire Police,North Yorkshire Police,-1.501652,54.322595,On or near Meadowfields,E01027604,Hambleton 005B,Violence and sexual offences,Under investigation,
db698441b0fe25126d17a5e381cddfeaad8b86a6dba7db9c39c1d9894c970215,2026-01,North Yorkshire Police,North Yorkshire Police,-1.501652,54.322595,On or near Meadowfields,E01027604,Hambleton 005B,Violence and sexual offences,Unable to prosecute suspect,
2381854dcb6cd7584fcc35bad4ea04e967e813e330ff1072238d891b51b971cc,2026-01,North Yorkshire Police,North Yorkshire Police,-1.464500,54.317716,On or near ,E01027604,Hambleton 005B,Other crime,Under investigation,
361d97fea40a4c81d084f1a6e2c8ead641ac84771d3ae7dea880e4c8bd0e267b,2026-01,North Yorkshire Police,North Yorkshire Police,-1.428192,54.328201,On or near St Johns Close,E01027607,Hambleton 005C,Drugs,Local resolution,
,2026-01,North Yorkshire Police,North Yorkshire Police,-1.451795,54.327025,On or near Wensley Road,E01027614,Hambleton 005D,Anti-social behaviour,,
634f719ab5e49a2c7864f50f94d44df410d388cb2e8ec5706b1bf92cdceee7cd,2026-01,North Yorkshire Police,North Yorkshire Police,-1.450082,54.332113,On or near St Paulinus Drive,E01027614,Hambleton 005D,Criminal damage and arson,Unable to prosecute suspect,
16dbf2d47e1d35fb428660a7e2ce95c8bff4b6e348e67c37db67b45f063bb3f4,2026-01,North Yorkshire Police,North Yorkshire Police,-1.450531,54.334227,On or near Chantry Road,E01027614,Hambleton 005D,Other theft,Investigation complete; no suspect identified,
,2026-01,North Yorkshire Police,North Yorkshire Police,-1.442441,54.329724,On or near Farndale Avenue,E01027615,Hambleton 005E,Anti-social behaviour,,
0ce87e90656be0b8d4467c09bca67cfe23129670f27c9836d2496c3d020e54a9,2026-01,North Yorkshire Police,North Yorkshire Police,-1.446551,54.328269,On or near Supermarket,E01027615,Hambleton 005E,Shoplifting,Investigation complete; no suspect identified,
a9f3935c6ad0d2d49144b14390d2d908d004e4eed6934fdd79637b4c36e96f35,2026-01,North Yorkshire Police,North Yorkshire Police,-1.446551,54.328269,On or near Supermarket,E01027615,Hambleton 005E,Other crime,Action to be taken by another organisation,
,2026-01,North Yorkshire Police,North Yorkshire Police,-1.594233,54.285474,On or near Grange Close,E01027587,Hambleton 006A,Anti-social behaviour,,
111328478b38aa20a3588fe939790246c0f3d3208d762ef0a29a1683ea9c1bf8,2026-01,North Yorkshire Police,North Yorkshire Police,-1.588406,54.284501,On or near Mowbray Crescent,E01027587,Hambleton 006A,Violence and sexual offences,Under investigation,
574d789985fbfc3b5338830816b53304e0f7d0c5f3f7119228f0446620ef9d9f,2026-01,North Yorkshire Police,North Yorkshire Police,-1.588406,54.284501,On or near Mowbray Crescent,E01027587,Hambleton 006A,Violence and sexual offences,Under investigation,
90ec333286a9f8ccbbe20df136d4eef71a780f4a81f797d5ffcc3f9d443ea2ea,2026-01,North Yorkshire Police,North Yorkshire Police,-1.588406,54.284501,On or near Mowbray Crescent,E01027587,Hambleton 006A,Violence and sexual offences,Under investigation,
0483e929076b0a613702910f8547daab013c4532770e56957152bc3e1f5c485b,2026-01,North Yorkshire Police,North Yorkshire Police,-1.588406,54.284501,On or near Mowbray Crescent,E01027587,Hambleton 006A,Violence and sexual offences,Under investigation,
5a0d166b4225c5e80779ef2230955bfc00f46eb8660f538589344ec96a5c23be,2026-01,North Yorkshire Police,North Yorkshire Police,-1.590200,54.284804,On or near College Court,E01027587,Hambleton 006A,Other crime,Further investigation is not in the public interest,
,2026-01,North Yorkshire Police,North Yorkshire Police,-1.585328,54.281992,On or near Peirse Close,E01027588,Hambleton 006B,Anti-social behaviour,,
d387918c3c395895233d34071028368780c8ab07e2d61a37cac0d901e5c75ecf,2026-01,North Yorkshire Police,North Yorkshire Police,-1.591068,54.288689,On or near Parking Area,E01027588,Hambleton 006B,Criminal damage and arson,Under investigation,
056de5fb7862ff5116babacb88ea9761791cffb0f4f3dfd7fa8e4716d467828e,2026-01,North Yorkshire Police,North Yorkshire Police,-1.593470,54.289695,On or near Parking Area,E01027588,Hambleton 006B,Criminal damage and arson,Investigation complete; no suspect identified,
5c8a36f0329b4a266a35abad7f3369a0b97099cd65fea541b48bd39cf3a93a44,2026-01,North Yorkshire Police,North Yorkshire Police,-1.583781,54.286184,On or near Brookside Avenue,E01027588,Hambleton 006B,Violence and sexual offences,Unable to prosecute suspect,
ac941842fa13013a3f0aa475b192c11c1f72a83cff40034dc17ce824628f724b,2026-01,North Yorkshire Police,North Yorkshire Police,-1.583315,54.282129,On or near Bowe Crescent,E01027588,Hambleton 006B,Violence and sexual offences,Awaiting court outcome,
7796fba13f56b404ccd331d2c213f07faf1e387e3a7abfa0bc1cd64a16a31f41,2026-01,North Yorkshire Police,North Yorkshire Police,-1.588629,54.291422,On or near Back Lane,E01027589,Hambleton 006C,Burglary,Investigation complete; no suspect identified,
2dcb026d3de900f69372661620bd3a9b300db6554669f40573de4190c5d5b78f,2026-01,North Yorkshire Police,North Yorkshire Police,-1.587372,54.286466,On or near Hawthorn Lane,E01027589,Hambleton 006C,Criminal damage and arson,Unable to prosecute suspect,
70e9782c13ff92897914fcfacb82c54bebabcb674deb5a45e63911de35e1629d,2026-01,North Yorkshire Police,North Yorkshire Police,-1.581522,54.293824,On or near Bielby Close,E01027589,Hambleton 006C,Criminal damage and arson,Under investigation,
0eddfdb5504332864812ed2b28c45404d2fc84dfcf5e2577876a22ab29976ce5,2026-01,North Yorkshire Police,North Yorkshire Police,-1.576142,54.296537,On or near ,E01027589,Hambleton 006C,Violence and sexual offences,Under investigation,
703cc89a9753f224a66482b916058a2add8514f83f75ebe3dbe5fba12b198ebd,2026-01,North Yorkshire Police,North Yorkshire Police,-1.580486,54.291439,On or near Primrose Way,E01027589,Hambleton 006C,Violence and sexual offences,Unable to prosecute suspect,
718640e3884a0fc6225395fe32e4cc1080fc2fc6f5cb2b04d58254b09a1d333d,2026-01,North Yorkshire Police,North Yorkshire Police,-1.578757,54.295289,On or near Ings View,E01027589,Hambleton 006C,Violence and sexual offences,Unable to prosecute suspect,
605ed30e4706a7235bb584fc4d558312de05588c376e86d9efe976151f82b90c,2026-01,North Yorkshire Police,North Yorkshire Police,-1.614978,54.317599,On or near Cobshaw Lane,E01027593,Hambleton 006D,Criminal damage and arson,Unable to prosecute suspect,
c8597e5512fea6c4fa14eb0fa346d0fba40b0192d82bd2c83f05a528774999c0,2026-01,North Yorkshire Police,North Yorkshire Police,-1.582138,54.205589,On or near Nosterfield Road,E01027628,Hambleton 007B,Criminal damage and arson,Unable to prosecute suspect,
5729297845cae206df4cfb6c4d8fe3d90edfa146dd25382df59dcb0ddd9af7ca,2026-01,North Yorkshire Police,North Yorkshire Police,-1.472653,54.215923,On or near ,E01027628,Hambleton 007B,Violence and sexual offences,Unable to prosecute suspect,
a417d76fcbe3b52d1739bc5af2cf64c02c3f6429e40bcf47be41413c5377b129,2026-01,North Yorkshire Police,North Yorkshire Police,-1.582138,54.205589,On or near Nosterfield Road,E01027628,Hambleton 007B,Violence and sexual offences,Awaiting court outcome,
d57a43fe144368fecb357d153e32718fac7360ec6b0822662b25b0cde48b442f,2026-01,North Yorkshire Police,North Yorkshire Police,-1.472653,54.215923,On or near ,E01027628,Hambleton 007B,Violence and sexual offences,Unable to prosecute suspect,
750e40ec195fe3d29ddf40ff27d2cbc6b029171f2ba12a3f6f175538325f6aa3,2026-01,North Yorkshire Police,North Yorkshire Police,-1.582138,54.205589,On or near Nosterfield Road,E01027628,Hambleton 007B,Violence and sexual offences,Unable to prosecute suspect,
3566d0b706be77f3e7f9ba8d3ba464243096649e672b16a332bee0dbd511f22e,2026-01,North Yorkshire Police,North Yorkshire Police,-1.512404,54.227193,On or near Stapley Lane,E01027628,Hambleton 007B,Violence and sexual offences,Under investigation,
8567742b1506f8cda6b89849216f01920d3134de06b6fa8d4d07d1b9e0b98b64,2026-01,North Yorkshire Police,North Yorkshire Police,-1.512404,54.227193,On or near Stapley Lane,E01027628,Hambleton 007B,Violence and sexual offences,Further investigation is not in the public interest,
97044d10ca46afd5b433a6ad8a4362b3cd549a95712e448b4338220a7a3e6bad,2026-01,North Yorkshire Police,North Yorkshire Police,-1.582138,54.205589,On or near Nosterfield Road,E01027628,Hambleton 007B,Violence and sexual offences,Awaiting court outcome,
101cfe5b3591972dfdf4f69cf66dca9a4b25bd1c5fb1a235b28008d2a7d3d203,2026-01,North Yorkshire Police,North Yorkshire Police,-1.407568,54.253533,On or near Newsham Road,E01027633,Hambleton 007C,Vehicle crime,Investigation complete; no suspect identified,
3983c7ff70ad80338898897e27c84cb62a59805aa2a5c8f4d36dbdefa773aa90,2026-01,North Yorkshire Police,North Yorkshire Police,-1.546845,54.278574,On or near Toft Lane,E01034958,Hambleton 007F,Burglary,Investigation complete; no suspect identified,
20c59d78b691530ff0bc4f414284820bb9eb396441c40eff70b66baf5ab3aef3,2026-01,North Yorkshire Police,North Yorkshire Police,-1.552014,54.276328,On or near Exelby Close,E01034958,Hambleton 007F,Other theft,Investigation complete; no suspect identified,
7aced480882d7cd217e2d90abc50ed198e0d8d4186fdf0df9313a3d4aae9be6d,2026-01,North Yorkshire Police,North Yorkshire Police,-1.552014,54.276328,On or near Exelby Close,E01034958,Hambleton 007F,Vehicle crime,Unable to prosecute suspect,
ce452f7e12cd80850c101c757ef228abeb036c5cad1727e10a75ba2541b68ef8,2026-01,North Yorkshire Police,North Yorkshire Police,-1.521222,54.292270,On or near Beech Close,E01034958,Hambleton 007F,Violence and sexual offences,Under investigation,
a536940513bcfcd6021921ff7d92651103f2330f7a548e051f984276b9aaec0b,2026-01,North Yorkshire Police,North Yorkshire Police,-1.550500,54.296858,On or near Prospect Way,E01034958,Hambleton 007F,Violence and sexual offences,Under investigation,
6ed45c6d4f272ebb5ca96152423384641b5b764a46a24470eaaab1d072c61e1c,2026-01,North Yorkshire Police,North Yorkshire Police,-1.517709,54.290504,On or near Maple Close,E01034958,Hambleton 007F,Violence and sexual offences,Under investigation,
,2026-01,North Yorkshire Police,North Yorkshire Police,-1.350879,54.230377,On or near Racecourse Mews,E01027620,Hambleton 008A,Anti-social behaviour,,
,2026-01,North Yorkshire Police,North Yorkshire Police,-1.341611,54.226705,On or near Silver Street,E01027620,Hambleton 008A,Anti-social behaviour,,
,2026-01,North Yorkshire Police,North Yorkshire Police,-1.340490,54.231588,On or near Parking Area,E01027620,Hambleton 008A,Anti-social behaviour,,
fb72efa182b3c8f0477613307bb1a0085515b326524f95f7b37888a512d97017,2026-01,North Yorkshire Police,North Yorkshire Police,-1.350985,54.229533,On or near The Sidings,E01027620,Hambleton 008A,Criminal damage and arson,Under investigation,
617e5a3cf8b8cede2d9dff84ab807675433a6702d8fa4c6e3dc09ceab539ec11,2026-01,North Yorkshire Police,North Yorkshire Police,-1.350879,54.230377,On or near Racecourse Mews,E01027620,Hambleton 008A,Drugs,Under investigation,
138b52a069ff10d05db756807f4c694a3c315f81a521c6dcdba678239e9b8d0c,2026-01,North Yorkshire Police,North Yorkshire Police,-1.336595,54.223856,On or near Blakey Close,E01027620,Hambleton 008A,Public order,Unable to prosecute suspect,
52a31ab6f89363b7d0b304c9dfe8fda1e8c066723aa2a714711b552d5a875270,2026-01,North Yorkshire Police,North Yorkshire Police,-1.350879,54.230377,On or near Racecourse Mews,E01027620,Hambleton 008A,Vehicle crime,Unable to prosecute suspect,
de83903a04281ac789cf3076017525aab52cc8f0d99b73c5d112bc058254a0ba,2026-01,North Yorkshire Police,North Yorkshire Police,-1.338494,54.224028,On or near Front Street,E01027620,Hambleton 008A,Violence and sexual offences,Under investigation,
4cd0cfd00c977e1db697c2dedd6366ca9bf57ba4408b7d6ac22d5822dbf36b90,2026-01,North Yorkshire Police,North Yorkshire Police,-1.350985,54.229533,On or near The Sidings,E01027620,Hambleton 008A,Violence and sexual offences,Under investigation,
eebb23135cfd9582d30169248d99f293b9945eb714a9e1bf72eb24b8cb26c4b5,2026-01,North Yorkshire Police,North Yorkshire Police,-1.344244,54.229910,On or near Sowerby Road,E01027620,Hambleton 008A,Violence and sexual offences,Under investigation,
eebb23135cfd9582d30169248d99f293b9945eb714a9e1bf72eb24b8cb26c4b5,2026-01,North Yorkshire Police,North Yorkshire Police,-1.344244,54.229910,On or near Sowerby Road,E01027620,Hambleton 008A,Violence and sexual offences,Unable to prosecute suspect,
152255a86801239569d1b2bd1eeeb2ea1f91f33ad7e9d829d7f6fcba60c54a33,2026-01,North Yorkshire Police,North Yorkshire Police,-1.348049,54.228888,On or near Melbourne Place,E01027620,Hambleton 008A,Violence and sexual offences,Under investigation,
,2026-01,North Yorkshire Police,North Yorkshire Police,-1.340237,54.233034,On or near Finkle Street,E01027630,Hambleton 008B,Anti-social behaviour,,
,2026-01,North Yorkshire Police,North Yorkshire Police,-1.340237,54.233034,On or near Finkle Street,E01027630,Hambleton 008B,Anti-social behaviour,,
,2026-01,North Yorkshire Police,North Yorkshire Police,-1.340237,54.233034,On or near Finkle Street,E01027630,Hambleton 008B,Anti-social behaviour,,
,2026-01,North Yorkshire Police,North Yorkshire Police,-1.349177,54.237181,On or near Norby,E01027630,Hambleton 008B,Anti-social behaviour,,
,2026-01,North Yorkshire Police,North Yorkshire Police,-1.343185,54.233850,On or near Gillings Court,E01027630,Hambleton 008B,Anti-social behaviour,,
,2026-01,North Yorkshire Police,North Yorkshire Police,-1.348193,54.237328,On or near Gallows Lane,E01027630,Hambleton 008B,Anti-social behaviour,,
0340aa4e916ee6b0b62c1931e18f0b9bd44407b199e34d2f992164de829daf35,2026-01,North Yorkshire Police,North Yorkshire Police,-1.343185,54.233850,On or near Gillings Court,E01027630,Hambleton 008B,Burglary,Under investigation,
5502d99a4916430a88bc02cf26cf0d6f9bde91f7352313ac2e7ff4e4a160ba41,2026-01,North Yorkshire Police,North Yorkshire Police,-1.344204,54.233424,On or near Brewers Court,E01027630,Hambleton 008B,Criminal damage and arson,Under investigation,
05d9c3f958928afc3bbcfc8bfa5e844a9575b05f270ce40c754c6a6481351d03,2026-01,North Yorkshire Police,North Yorkshire Police,-1.343880,54.232551,On or near Police Station,E01027630,Hambleton 008B,Criminal damage and arson,Investigation complete; no suspect identified,
9c33449f3f3602de8236f53f5971e01b4c8f65a36288e41ed9a656316f51d3d8,2026-01,North Yorkshire Police,North Yorkshire Police,-1.344198,54.231887,On or near Castlegate,E01027630,Hambleton 008B,Drugs,Under investigation,
8e335ba10404216e0156278bf30b2ee855fbb3ebf370b85d73d6913d12d39373,2026-01,North Yorkshire Police,North Yorkshire Police,-1.335273,54.232629,On or near Barbeck,E01027630,Hambleton 008B,Violence and sexual offences,Unable to prosecute suspect,
3d54d6d7a3bd3f52a7c877dd7c02c92bb7e957394deaea49f9729d5ee352f622,2026-01,North Yorkshire Police,North Yorkshire Police,-1.342602,54.233802,On or near Parking Area,E01027630,Hambleton 008B,Violence and sexual offences,Under investigation,
75dd9655063d0e8fcbd09af0bea1807c3db7a6090ec6e1dd1428311f7f6c2de6,2026-01,North Yorkshire Police,North Yorkshire Police,-1.341810,54.234427,On or near Bridge Street,E01027630,Hambleton 008B,Violence and sexual offences,Under investigation,
167306abf5f25ab9580bd1cd83771ac94df531edbb22422230d5caa0628ca7da,2026-01,North Yorkshire Police,North Yorkshire Police,-1.341981,54.233313,On or near Millgate,E01027630,Hambleton 008B,Violence and sexual offences,Under investigation,
d606a2223a54903fb1749410c6c9c250d9d5ab1dda349bb81b722fc767c4895b,2026-01,North Yorkshire Police,North Yorkshire Police,-1.340647,54.232290,On or near Parking Area,E01027630,Hambleton 008B,Violence and sexual offences,Unable to prosecute suspect,
4e79bd05826bdc2de794554316b52e1428915cc3b85435b8caefa2743c7c6afa,2026-01,North Yorkshire Police,North Yorkshire Police,-1.344198,54.231887,On or near Castlegate,E01027630,Hambleton 008B,Violence and sexual offences,Awaiting court outcome,
b124cd2d2f8d5d4d2aa6adb0154ce3e7c0370d40317120eb4bb08068b5ff9e59,2026-01,North Yorkshire Police,North Yorkshire Police,-1.341810,54.234427,On or near Bridge Street,E01027630,Hambleton 008B,Violence and sexual offences,Unable to prosecute suspect,
edcdf71158773110796c4586512866478ac77fe8c2197acc312755d513caafc0,2026-01,North Yorkshire Police,North Yorkshire Police,-1.341810,54.234427,On or near Bridge Street,E01027630,Hambleton 008B,Violence and sexual offences,Unable to prosecute suspect,
5c4c0fdc4e92323ac3341f44ae013db3482a18429fec1146b612af3f7dcf34f7,2026-01,North Yorkshire Police,North Yorkshire Police,-1.344198,54.231887,On or near Castlegate,E01027630,Hambleton 008B,Violence and sexual offences,Unable to prosecute suspect,
6faf90b91c58db1c3bc490e98f65825ea33846315d58871164fc9168d42b8ff8,2026-01,North Yorkshire Police,North Yorkshire Police,-1.341810,54.234427,On or near Bridge Street,E01027630,Hambleton 008B,Violence and sexual offences,Unable to prosecute suspect,
91cb75942bc25427e4eb6be7c7572ab95508f39fe79fc8def655a494c680e890,2026-01,North Yorkshire Police,North Yorkshire Police,-1.334141,54.232407,On or near Barbeck Close,E01027630,Hambleton 008B,Violence and sexual offences,Unable to prosecute suspect,
1bb0ac06961971db93ff0a6b6f2b9ec7e42807f8eeae680e87f15108153ea90a,2026-01,North Yorkshire Police,North Yorkshire Police,-1.341810,54.234427,On or near Bridge Street,E01027630,Hambleton 008B,Violence and sexual offences,Under investigation,
8eb825c9ad78f77c8326fd25038cee1f3d3cd35867248c3ba2ce2980877c96cf,2026-01,North Yorkshire Police,North Yorkshire Police,-1.341514,54.236636,On or near Wensleydale Mews,E01027631,Hambleton 008C,Burglary,Investigation complete; no suspect identified,
28cc6caa8a784fa797f7419d18c11704580ccf5d4e7ea4016ec72d09d0e0fcf9,2026-01,North Yorkshire Police,North Yorkshire Police,-1.338926,54.236316,On or near Johnson Close,E01027631,Hambleton 008C,Criminal damage and arson,Investigation complete; no suspect identified,
959a0b00fecb14fa70f848cdd3ccce10e26091fdfb3c3041b3f4c3a8e9a4fcfa,2026-01,North Yorkshire Police,North Yorkshire Police,-1.342067,54.239515,On or near Stockton Road,E01027631,Hambleton 008C,Public order,Unable to prosecute suspect,
,2026-01,North Yorkshire Police,North Yorkshire Police,-1.346431,54.236168,On or near Cygnet Close,E01027632,Hambleton 008D,Anti-social behaviour,,
,2026-01,North Yorkshire Police,North Yorkshire Police,-1.352280,54.233090,On or near Sports/Recreation Area,E01027632,Hambleton 008D,Anti-social behaviour,,
7ccc919527aa5a987160d743c85d12da7f84dfa8f323c7bbd410e68b3bfe65f5,2026-01,North Yorkshire Police,North Yorkshire Police,-1.346431,54.236168,On or near Cygnet Close,E01027632,Hambleton 008D,Violence and sexual offences,Under investigation,
077376233392069ea84cfe47cc71f7ca68d4408c273bae092523f032282ff8aa,2026-01,North Yorkshire Police,North Yorkshire Police,-1.402214,54.221458,On or near Coney Garth Lane,E01027632,Hambleton 008D,Violence and sexual offences,Unable to prosecute suspect,
d260240f413fd49916d3d4a6067ee5db1123708ee86bc81760bf792fd8f955f6,2026-01,North Yorkshire Police,North Yorkshire Police,-1.262092,54.236239,On or near Fountains Court,E01027637,Hambleton 008E,Violence and sexual offences,Under investigation,
a9a5c16c3d8d05e801c289ce09c40c5d45914b4dbb0dd04cc16c73704ac468cf,2026-01,North Yorkshire Police,North Yorkshire Police,-1.296336,54.305746,On or near Peasland Lane,E01027637,Hambleton 008E,Violence and sexual offences,Under investigation,
49979e71a593ea621d8935464d4e23fa0841d6423110dc8f545d4c4c1226d6bb,2026-01,North Yorkshire Police,North Yorkshire Police,-1.352842,54.260811,On or near Lucky Lane,E01027637,Hambleton 008E,Violence and sexual offences,Under investigation,
,2026-01,North Yorkshire Police,North Yorkshire Police,-1.330177,54.235603,On or near Hambleton Avenue,E01027629,Hambleton 009B,Anti-social behaviour,,
,2026-01,North Yorkshire Police,North Yorkshire Police,-1.333365,54.236771,On or near Hambleton Row,E01027629,Hambleton 009B,Anti-social behaviour,,
1c7ba567941206e7cf2d4ce287d9f08eb066eb4d943d714862e2f9731e7e6c74,2026-01,North Yorkshire Police,North Yorkshire Police,-1.331233,54.233865,On or near Sutton Road,E01027629,Hambleton 009B,Violence and sexual offences,Under investigation,
770cbf32ff028fb26015d4442f95c7b67806092a52e646c188e0386a13c5cf37,2026-01,North Yorkshire Police,North Yorkshire Police,-1.332697,54.235356,On or near Hambleton Court,E01027629,Hambleton 009B,Violence and sexual offences,Under investigation,
186089bc46ae4cb39717adb04da84cc28049617032bdb66191d2a8c37000fa5a,2026-01,North Yorkshire Police,North Yorkshire Police,-1.337762,54.179625,On or near The Rowans,E01027635,Hambleton 009C,Other theft,Investigation complete; no suspect identified,
f93d8ee9118bc37be945dfd2158e38b0d1e44f37743b27cfa380c41546ac7e0e,2026-01,North Yorkshire Police,North Yorkshire Police,-1.340867,54.192477,On or near Paradise Lane,E01027635,Hambleton 009C,Other theft,Under investigation,
cfcb0c7bd040b39d72a7b1dd127c655e4be6dfb1a59452259c330335c29babcf,2026-01,North Yorkshire Police,North Yorkshire Police,-1.276427,54.178886,On or near Low Lane,E01027635,Hambleton 009C,Other theft,Investigation complete; no suspect identified,
79d47999bfd13ca906f8c53efc7d1ed78b61c32c91413f38b0c37b30da253ebd,2026-01,North Yorkshire Police,North Yorkshire Police,-1.343458,54.179854,On or near Harriers Croft,E01027635,Hambleton 009C,Other theft,Unable to prosecute suspect,
1f09cc9f674d7910b0c6e3be7ac0a3ea44064b7b8dd9342f3d6de4161e57513d,2026-01,North Yorkshire Police,North Yorkshire Police,-1.343458,54.179854,On or near Harriers Croft,E01027635,Hambleton 009C,Other theft,Investigation complete; no suspect identified,
6d3e2ea58c92935d8772e4f4e4b343acbc361a33792a3fee64ec88f2d8146650,2026-01,North Yorkshire Police,North Yorkshire Police,-1.362891,54.181540,On or near Dalton Lane,E01027635,Hambleton 009C,Vehicle crime,Investigation complete; no suspect identified,
3438cadd0e8fae9fd33ee826789054a2ba99659ac35e5ddde10cad07053a6819,2026-01,North Yorkshire Police,North Yorkshire Police,-1.393261,54.181446,On or near Catton Lane,E01027635,Hambleton 009C,Violence and sexual offences,Unable to prosecute suspect,
cb42b1ff02801521425bbf29c7beb13f39ba31565622ec7b3b9f7e8b8c29a34c,2026-01,North Yorkshire Police,North Yorkshire Police,-1.387571,54.178685,On or near Front Street,E01027635,Hambleton 009C,Violence and sexual offences,Local resolution,
14ed67515ddd78451bb161b37a763863ba1469b76c3cc4250681d11654ac4cb1,2026-01,North Yorkshire Police,North Yorkshire Police,-1.387012,54.179185,On or near Dovecote Mews,E01027635,Hambleton 009C,Violence and sexual offences,Unable to prosecute suspect,
042eb81fe583a0f25f41d855b5ba41e6efdbc9106eb05e60ee5d984617f987c7,2026-01,North Yorkshire Police,North Yorkshire Police,-1.380942,54.206054,On or near Raf Topcliffe,E01027635,Hambleton 009C,Violence and sexual offences,Under investigation,
310f089d327365dd2f892511e1b2c2ceba1e1099e44d74a8c43dacb4a47363d3,2026-01,North Yorkshire Police,North Yorkshire Police,-1.197625,54.231351,On or near Hambleton Road,E01027636,Hambleton 009D,Criminal damage and arson,Investigation complete; no suspect identified,
b5563c0afc902af5f7b5d629a5bea5073032d015e8efe8a9d0c39aefa7ce0e6d,2026-01,North Yorkshire Police,North Yorkshire Police,-1.330580,54.231080,On or near ,E01027636,Hambleton 009D,Other theft,Unable to prosecute suspect,
aa917dc470d90e91c2d093acb5c594a12e16c168c0e5c68335b6259b18edc9a8,2026-01,North Yorkshire Police,North Yorkshire Police,-1.214623,54.168244,On or near Amplecarr,E01027636,Hambleton 009D,Vehicle crime,Further investigation is not in the public interest,
5e1d90c7ab6c03e3488410b3b1bc6bcf489762c6b8974dd60d846816bd6e58a5,2026-01,North Yorkshire Police,North Yorkshire Police,-1.349749,54.220322,On or near Acacia Drive,E01034959,Hambleton 009E,Criminal damage and arson,Investigation complete; no suspect identified,
1668fb4b3a2033d7e3056b2a9f05b2d624f5de9a16d1843946cabfca59b0235a,2026-01,North Yorkshire Police,North Yorkshire Police,-1.359393,54.221969,On or near Oak Drive,E01034959,Hambleton 009E,Criminal damage and arson,Unable to prosecute suspect,
1b8707b6446214f87e97693874550776585a3f8a8d2b909df83d320632294156,2026-01,North Yorkshire Police,North Yorkshire Police,-1.358680,54.208067,On or near Topcliffe Road,E01034959,Hambleton 009E,Other theft,Under investigation,
8e61d2ebf7a786c6afa50c85fd0276037035c7a6dda576489ddd5a23040658e8,2026-01,North Yorkshire Police,North Yorkshire Police,-1.359393,54.221969,On or near Oak Drive,E01034959,Hambleton 009E,Vehicle crime,Investigation complete; no suspect identified,
9c42cbc348db3dbaa9f176ee6cf517e65deca4d4e480a5d4de89ff422bfe7aac,2026-01,North Yorkshire Police,North Yorkshire Police,-1.356930,54.222070,On or near Primrose Drive,E01034959,Hambleton 009E,Violence and sexual offences,Unable to prosecute suspect,
7165d3fdf929bb4772fc6b203a7c105d4037761452f82842cddbed9ccf2ddbca,2026-01,North Yorkshire Police,North Yorkshire Police,-1.359393,54.221969,On or near Oak Drive,E01034959,Hambleton 009E,Violence and sexual offences,Further investigation is not in the public interest,
9e883fcb82b413e5373aaeb5866990f915f20a23aeaf466ba908c3721b7ad737,2026-01,North Yorkshire Police,North Yorkshire Police,-1.359393,54.221969,On or near Oak Drive,E01034959,Hambleton 009E,Violence and sexual offences,Under investigation,
75f9c3162c7c8b22c69dae882a452e97d174168de00e13fb28986f0288ec91fa,2026-01,North Yorkshire Police,North Yorkshire Police,-1.359393,54.221969,On or near Oak Drive,E01034959,Hambleton 009E,Violence and sexual offences,Unable to prosecute suspect,
1d4653f16022c32a61ad20da65dfded9c60c6dd2801e79c61598b441bbd79424,2026-01,North Yorkshire Police,North Yorkshire Police,-1.359393,54.221969,On or near Oak Drive,E01034959,Hambleton 009E,Violence and sexual offences,Awaiting court outcome,
1becdd84aec2f9aac568247eb4e60498c11f6f1e93706909246db212a8279862,2026-01,North Yorkshire Police,North Yorkshire Police,-1.359393,54.221969,On or near Oak Drive,E01034959,Hambleton 009E,Violence and sexual offences,Unable to prosecute suspect,
9e883fcb82b413e5373aaeb5866990f915f20a23aeaf466ba908c3721b7ad737,2026-01,North Yorkshire Police,North Yorkshire Police,-1.359393,54.221969,On or near Oak Drive,E01034959,Hambleton 009E,Violence and sexual offences,Under investigation,
7e710790c13999b35a32a106d7afc996d5e0e8f4386eb0ac56ab39b2ee21ab2b,2026-01,North Yorkshire Police,North Yorkshire Police,-1.355004,54.223623,On or near Evergreen Way,E01034959,Hambleton 009E,Other crime,Further investigation is not in the public interest,
,2026-01,North Yorkshire Police,North Yorkshire Police,-1.340162,54.223282,On or near Back Lane,E01034960,Hambleton 009F,Anti-social behaviour,,
19d6012a8005948313274d78f31653cc72db28977737f95bd8ded3f7d39257f1,2026-01,North Yorkshire Police,North Yorkshire Police,-1.340162,54.223282,On or near Back Lane,E01034960,Hambleton 009F,Criminal damage and arson,Investigation complete; no suspect identified,
c71454560bb4066a66188a1df2f3ff47ce7ad28c09460851d59eab8fd299544e,2026-01,North Yorkshire Police,North Yorkshire Police,-1.346310,54.222444,On or near School Garth,E01034960,Hambleton 009F,Criminal damage and arson,Under investigation,
61e430dfa17cd7936a059c07d613f7b32c9546c63d1909e7597431d085ca9b5a,2026-01,North Yorkshire Police,North Yorkshire Police,-1.346310,54.222444,On or near School Garth,E01034960,Hambleton 009F,Drugs,Further action is not in the public interest,
fcd224e0aad1a598ed6c8f24f9a34eb1d24d0cc40287626a0e6d2c331c26ebef,2026-01,North Yorkshire Police,North Yorkshire Police,-1.346310,54.222444,On or near School Garth,E01034960,Hambleton 009F,Possession of weapons,Under investigation,
fcd224e0aad1a598ed6c8f24f9a34eb1d24d0cc40287626a0e6d2c331c26ebef,2026-01,North Yorkshire Police,North Yorkshire Police,-1.346310,54.222444,On or near School Garth,E01034960,Hambleton 009F,Possession of weapons,Under investigation,
ce63f91793de6ed39d91a8dbf1b50702a94bf8817e5f59002445b42c92372d92,2026-01,North Yorkshire Police,North Yorkshire Police,-1.326089,54.225046,On or near ,E01034960,Hambleton 009F,Shoplifting,Investigation complete; no suspect identified,
201a5a027b2dd3c305a85daaafe2da3cdd348364704c3d76e3d1cd642cefb2d8,2026-01,North Yorkshire Police,North Yorkshire Police,-1.346310,54.222444,On or near School Garth,E01034960,Hambleton 009F,Violence and sexual offences,Unable to prosecute suspect,
daef85a1c3dd1ca46ad527b6c81468afd1677e7f865c19bb3331c68bb219edca,2026-01,North Yorkshire Police,North Yorkshire Police,-1.333982,54.220372,On or near South Moor Lane,E01034960,Hambleton 009F,Violence and sexual offences,Unable to prosecute suspect,
5d9e43efee735da3e74cd48ea63b24b53885da4b8b2c39771287cd34f887250c,2026-01,North Yorkshire Police,North Yorkshire Police,-1.333982,54.220372,On or near South Moor Lane,E01034960,Hambleton 009F,Violence and sexual offences,Unable to prosecute suspect,
3ec2952f8c7c39ee96feb7e0811311c8a37f8b8aea66a0ca50b66dfb7f2c0676,2026-01,North Yorkshire Police,North Yorkshire Police,-1.346310,54.222444,On or near School Garth,E01034960,Hambleton 009F,Violence and sexual offences,Under investigation,
398c57fa8bc2515e2b77f612f4e8827bef214500738fc3cc944c202e04d5c3e8,2026-01,North Yorkshire Police,North Yorkshire Police,-1.346310,54.222444,On or near School Garth,E01034960,Hambleton 009F,Violence and sexual offences,Under investigation,
,2026-01,North Yorkshire Police,North Yorkshire Police,-1.187706,54.119191,On or near Crabmill Lane,E01027594,Hambleton 010A,Anti-social behaviour,,
ae27e741ae734db549fed1e316de4857c3b803376a1fda79f90645cc44fc8a99,2026-01,North Yorkshire Police,North Yorkshire Police,-1.185808,54.119214,On or near Galtres Drive,E01027594,Hambleton 010A,Burglary,Unable to prosecute suspect,
b94312235ee846b8cf1e2be0c68e74d3b49b49e82130e8dc4d7cfb8a17b3a586,2026-01,North Yorkshire Police,North Yorkshire Police,-1.191445,54.118101,On or near Rosemary Court,E01027594,Hambleton 010A,Criminal damage and arson,Unable to prosecute suspect,
f95a0b6b4570e981e394ba53ddce94e05ba8fec41bf5e107662b1373da6da6e0,2026-01,North Yorkshire Police,North Yorkshire Police,-1.187675,54.120781,On or near Paradise Field Estate,E01027594,Hambleton 010A,Criminal damage and arson,Unable to prosecute suspect,
7bc86c40c64ec3424d1302b411d73d860aa4ea865d508121ee2896a55f06805c,2026-01,North Yorkshire Police,North Yorkshire Police,-1.188969,54.121123,On or near Park Close,E01027594,Hambleton 010A,Violence and sexual offences,Unable to prosecute suspect,
7c307ebda1e297fdf44527f5040e2ebca4dbff46e88cd0aa3c254e120ec71913,2026-01,North Yorkshire Police,North Yorkshire Police,-1.188969,54.121123,On or near Park Close,E01027594,Hambleton 010A,Violence and sexual offences,Under investigation,
b81a0fb78d59b04aacaae3449fafcc15b13d8c1c9f3b2e23db8b2dedf0563539,2026-01,North Yorkshire Police,North Yorkshire Police,-1.187484,54.118039,On or near George Long Mews,E01027594,Hambleton 010A,Violence and sexual offences,Unable to prosecute suspect,
e787f4fd3391339d5039c505e08cda9c06a2ebd00e41222bfc9046d2310a4b23,2026-01,North Yorkshire Police,North Yorkshire Police,-1.185410,54.116110,On or near Regent Drive,E01027594,Hambleton 010A,Violence and sexual offences,Unable to prosecute suspect,
8fde4eb28ee1011b5af409c14f5e9b049850686b8aceefbe29f5bd94cba9e041,2026-01,North Yorkshire Police,North Yorkshire Police,-1.187675,54.120781,On or near Paradise Field Estate,E01027594,Hambleton 010A,Violence and sexual offences,Unable to prosecute suspect,
8c66fb4afe72724eaf74aec19eaefdf1ba5e5a2e309d9ca30683e0d5fe174960,2026-01,North Yorkshire Police,North Yorkshire Police,-1.186804,54.115266,On or near Deira Court,E01027594,Hambleton 010A,Violence and sexual offences,Under investigation,
1387f4689adb47d49f470b527eb22581554f8cf1f013e957a0489fc36e8184ab,2026-01,North Yorkshire Police,North Yorkshire Police,-1.185410,54.116110,On or near Regent Drive,E01027594,Hambleton 010A,Violence and sexual offences,Awaiting court outcome,
7c307ebda1e297fdf44527f5040e2ebca4dbff46e88cd0aa3c254e120ec71913,2026-01,North Yorkshire Police,North Yorkshire Police,-1.188969,54.121123,On or near Park Close,E01027594,Hambleton 010A,Violence and sexual offences,Under investigation,
14290085da6fc26513c4c994125969988b6f59619e74f4ddbc8ea3326cec39e7,2026-01,North Yorkshire Police,North Yorkshire Police,-1.187675,54.120781,On or near Paradise Field Estate,E01027594,Hambleton 010A,Other crime,Under investigation,
,2026-01,North Yorkshire Police,North Yorkshire Police,-1.193583,54.114350,On or near Suskers Close,E01027595,Hambleton 010B,Anti-social behaviour,,
,2026-01,North Yorkshire Police,North Yorkshire Police,-1.182577,54.118599,On or near Wagtail Close,E01027595,Hambleton 010B,Anti-social behaviour,,
e8265a9fd9c71f7a22fdfe396acae02b2a9f49ad1223fccfd0e02720abeb59d4,2026-01,North Yorkshire Police,North Yorkshire Police,-1.198345,54.122697,On or near Police Station,E01027595,Hambleton 010B,Burglary,Investigation complete; no suspect identified,
3c67d25dc41d28d46989b7be86d4534c64a1cf147f8b332b4886b9061064325e,2026-01,North Yorkshire Police,North Yorkshire Police,-1.182577,54.118599,On or near Wagtail Close,E01027595,Hambleton 010B,Criminal damage and arson,Unable to prosecute suspect,
aa2f6013eb832fcb63a534e2ba9f87d834441d2f576c6dcb1c96d5910fe27f12,2026-01,North Yorkshire Police,North Yorkshire Police,-1.183013,54.117415,On or near Partridge Road,E01027595,Hambleton 010B,Drugs,Local resolution,
de61f08bb86aeabcb794656ba0ae386a8343c27edd3e3c34c4e777e095108b68,2026-01,North Yorkshire Police,North Yorkshire Police,-1.201380,54.120972,On or near Drovers Court,E01027595,Hambleton 010B,Violence and sexual offences,Unable to prosecute suspect,
153af349966f8d58af0b477a270f9c89edb31eae68bb7353e86cb24854761e66,2026-01,North Yorkshire Police,North Yorkshire Police,-1.201380,54.120972,On or near Drovers Court,E01027595,Hambleton 010B,Violence and sexual offences,Under investigation,
cdd66b610865e2de758c3cdb8bf7837ffc45cd85afaa5817c7dd746131a9026a,2026-01,North Yorkshire Police,North Yorkshire Police,-1.182577,54.118599,On or near Wagtail Close,E01027595,Hambleton 010B,Violence and sexual offences,Under investigation,
d12a2696a94d6adbac2de3b23eeda6730318cbf0c269c742edf3e2c84bef3029,2026-01,North Yorkshire Police,North Yorkshire Police,-1.192285,54.114251,On or near Driffield Avenue,E01027595,Hambleton 010B,Violence and sexual offences,Further action is not in the public interest,
bff6bb7732aeda7cc925648a30c6fb5c10373290d8ed16558afa83b74323a449,2026-01,North Yorkshire Police,North Yorkshire Police,-1.202999,54.126708,On or near Husthwaite Road,E01027595,Hambleton 010B,Violence and sexual offences,Under investigation,
658aedaa82b4c3cd12e789eb75a0d2805a2e6f358b705f8da9e45b2f32dd8332,2026-01,North Yorkshire Police,North Yorkshire Police,-1.193583,54.114350,On or near Suskers Close,E01027595,Hambleton 010B,Violence and sexual offences,Awaiting court outcome,
e0c3f6366eff0fff56097b4a7c43fb891be5f4bc886ca6faef2b9a289b57a0d1,2026-01,North Yorkshire Police,North Yorkshire Police,-1.193583,54.114350,On or near Suskers Close,E01027595,Hambleton 010B,Violence and sexual offences,Unable to prosecute suspect,
012ffae5f8bb7fe44909940eebd99748703a695edd7bb11a656d52600ebc2d5c,2026-01,North Yorkshire Police,North Yorkshire Police,-1.193583,54.114350,On or near Suskers Close,E01027595,Hambleton 010B,Violence and sexual offences,Awaiting court outcome,
0c0c571f96113dffcd1834968b6ed1d9a1a1fc7746720820f9e5b3096238473d,2026-01,North Yorkshire Police,North Yorkshire Police,-1.201380,54.120972,On or near Drovers Court,E01027595,Hambleton 010B,Violence and sexual offences,Under investigation,
,2026-01,North Yorkshire Police,North Yorkshire Police,-1.191103,54.123114,On or near Spring Street,E01027596,Hambleton 010C,Anti-social behaviour,,
4efb6b6ea56e12fd7774af8bb67107c456b1bb8eb4601466284436aee11db51f,2026-01,North Yorkshire Police,North Yorkshire Police,-1.191103,54.123114,On or near Spring Street,E01027596,Hambleton 010C,Burglary,Under investigation,
6141bf76a531a6ddcc0f669373764c0877287ca38119d8d377db62878068932f,2026-01,North Yorkshire Police,North Yorkshire Police,-1.184424,54.121164,On or near Lavender Way,E01027596,Hambleton 010C,Criminal damage and arson,Unable to prosecute suspect,
9165c38430dbec768e0cbe84975e8c6afe345f475af311d2464735cb8e5a9d9f,2026-01,North Yorkshire Police,North Yorkshire Police,-1.184424,54.121164,On or near Lavender Way,E01027596,Hambleton 010C,Criminal damage and arson,Unable to prosecute suspect,
c02721bcb3f136f7321b208ec5e8e9af0cc512c48ab050c308ba8c9add18a48d,2026-01,North Yorkshire Police,North Yorkshire Police,-1.184695,54.126055,On or near Cedar Place,E01027596,Hambleton 010C,Drugs,Further investigation is not in the public interest,
1b445780de1b9dc77cb395bf6fc4b7d1c9ad25f17bfe94767a8f1550ede846ee,2026-01,North Yorkshire Police,North Yorkshire Police,-1.184424,54.121164,On or near Lavender Way,E01027596,Hambleton 010C,Other theft,Unable to prosecute suspect,
d8f93afd8e7f25f8a0dac5315aff6cd1fcbd60e6060f37a5690f3e646c70ef4c,2026-01,North Yorkshire Police,North Yorkshire Police,-1.184424,54.121164,On or near Lavender Way,E01027596,Hambleton 010C,Other theft,Unable to prosecute suspect,
0099bdebf2dd822385b3dd772cfdf4aba355d2f8468f92b694d7267c2d7eaddc,2026-01,North Yorkshire Police,North Yorkshire Police,-1.192292,54.120956,On or near Supermarket,E01027596,Hambleton 010C,Shoplifting,Investigation complete; no suspect identified,
84c64936c7d94a533e4d7a40e6a3a50009025024a4c57c38655b83f48ddb9d86,2026-01,North Yorkshire Police,North Yorkshire Police,-1.192292,54.120956,On or near Supermarket,E01027596,Hambleton 010C,Shoplifting,Unable to prosecute suspect,
54c60dee4eb57b960ecf0cd953047e92d8d0655be85465011f23db72f272bd15,2026-01,North Yorkshire Police,North Yorkshire Police,-1.184206,54.122888,On or near Craykefields,E01027596,Hambleton 010C,Violence and sexual offences,Unable to prosecute suspect,
71ce110abee9fc38dcde4fc43b3270f4c58831eecf4f0f8db41e213c02e603d1,2026-01,North Yorkshire Police,North Yorkshire Police,-1.184424,54.121164,On or near Lavender Way,E01027596,Hambleton 010C,Violence and sexual offences,Unable to prosecute suspect,
f3dd4a7ac01a69375bddbdb496f1b39f7ce95bf7efe2cee9d92c91edf718c755,2026-01,North Yorkshire Police,North Yorkshire Police,-1.184213,54.119455,On or near Meadowfields Close,E01027596,Hambleton 010C,Violence and sexual offences,Unable to prosecute suspect,
5475bc5f442ff0263ecc44aee23a4789dc9ce7876d03bb3f7b401bb34aedc79a,2026-01,North Yorkshire Police,North Yorkshire Police,-1.184206,54.122888,On or near Craykefields,E01027596,Hambleton 010C,Violence and sexual offences,Unable to prosecute suspect,
,2026-01,North Yorkshire Police,North Yorkshire Police,-1.157694,54.086467,On or near Lea Lane,E01027601,Hambleton 010D,Anti-social behaviour,,
f97caea9c9223e13f8591191c316e57b90fa1c814f52ccc8ed356c68e9200d13,2026-01,North Yorkshire Police,North Yorkshire Police,-1.136597,54.087935,On or near White Rose Close,E01027601,Hambleton 010D,Violence and sexual offences,Unable to prosecute suspect,
,2026-01,North Yorkshire Police,North Yorkshire Police,-1.111885,54.103996,On or near Hill View,E01027622,Hambleton 010E,Anti-social behaviour,,
25a21a555d24ecce23fbbd8fb5cf0f8245a818f1999bd5ee288bbe6591d33656,2026-01,North Yorkshire Police,North Yorkshire Police,-1.113661,54.103227,On or near High Street,E01027622,Hambleton 010E,Violence and sexual offences,Unable to prosecute suspect,
cce020c6cec07952c85adb75365fb1a17da02b6f565781d092b0518d6f30c73c,2026-01,North Yorkshire Police,North Yorkshire Police,-1.249662,54.128014,On or near Hag Lane,E01027600,Hambleton 011A,Bicycle theft,Unable to prosecute suspect,
3587845e4d34f1b4af2a5b2aca6250f279dc8b643299362669f4267e08080676,2026-01,North Yorkshire Police,North Yorkshire Police,-1.330010,54.125504,On or near Fox Garth,E01027600,Hambleton 011A,Drugs,Under investigation,
19c60f26e8d8f323cedb75646f00718c14445b3a502e62abe8e6148568879a92,2026-01,North Yorkshire Police,North Yorkshire Police,-1.238918,54.147306,On or near Parking Area,E01027600,Hambleton 011A,Other theft,Investigation complete; no suspect identified,
718675f22c0f70431ebf8ba6a243621c26ee235907b5e811cb16691f44df4673,2026-01,North Yorkshire Police,North Yorkshire Police,-1.250513,54.133430,On or near West Moor Road,E01027600,Hambleton 011A,Violence and sexual offences,Under investigation,
f74c84e46d1e72586d19f71a171db7e92882feaaf4e5305737678268cb0995e6,2026-01,North Yorkshire Police,North Yorkshire Police,-1.155435,54.022987,On or near The Old Orchard,E01027619,Hambleton 011B,Other theft,Investigation complete; no suspect identified,
149e435986439116149536bccd95b74cb031809891786ed48496bdc5665bda7b,2026-01,North Yorkshire Police,North Yorkshire Police,-1.155435,54.022987,On or near The Old Orchard,E01027619,Hambleton 011B,Violence and sexual offences,Unable to prosecute suspect,
cbbb34cf3fe39beeb7e2f23dc83ebefe14071abadcccc94cb3ee08d922d1697f,2026-01,North Yorkshire Police,North Yorkshire Police,-1.155435,54.022987,On or near The Old Orchard,E01027619,Hambleton 011B,Violence and sexual offences,Further investigation is not in the public interest,
d2eb3052e1d86f63bd7fec4a087e7376fadbcfeee8420d5066dec79ecf159c97,2026-01,North Yorkshire Police,North Yorkshire Police,-1.155435,54.022987,On or near The Old Orchard,E01027619,Hambleton 011B,Violence and sexual offences,Unable to prosecute suspect,
95e02431ee5e0111f0a089052618d87517fac4a683f2f2e0daea5f0ff898d936,2026-01,North Yorkshire Police,North Yorkshire Police,-1.244926,54.042520,On or near Maple Grove,E01027619,Hambleton 011B,Violence and sexual offences,Under investigation,
cebe2d93a8e903f655eebb5d5ffa56050a9f086a181d88f217a6b610a29db48d,2026-01,North Yorkshire Police,North Yorkshire Police,-1.155435,54.022987,On or near The Old Orchard,E01027619,Hambleton 011B,Violence and sexual offences,Unable to prosecute suspect,
5640e871932f8ed02036aff2a725a5992bf682799df2a8463834a9d21b43702b,2026-01,North Yorkshire Police,North Yorkshire Police,-1.155435,54.022987,On or near The Old Orchard,E01027619,Hambleton 011B,Violence and sexual offences,Further investigation is not in the public interest,
b397b93eedf84aededda80462cf0bd40c1994180c0a65b38d9c709ceab98d22e,2026-01,North Yorkshire Police,North Yorkshire Police,-1.155435,54.022987,On or near The Old Orchard,E01027619,Hambleton 011B,Other crime,Awaiting court outcome,
,2026-01,North Yorkshire Police,North Yorkshire Police,-1.422598,54.347731,On or near Winton Road,E01034961,Hambleton 012A,Anti-social behaviour,,
,2026-01,North Yorkshire Police,North Yorkshire Police,-1.419500,54.347087,On or near Thorntree Road,E01034961,Hambleton 012A,Anti-social behaviour,,
,2026-01,North Yorkshire Police,North Yorkshire Police,-1.436036,54.344909,On or near Swain Court,E01034961,Hambleton 012A,Anti-social behaviour,,
,2026-01,North Yorkshire Police,North Yorkshire Police,-1.422598,54.347731,On or near Winton Road,E01034961,Hambleton 012A,Anti-social behaviour,,
,2026-01,North Yorkshire Police,North Yorkshire Police,-1.419610,54.344733,On or near Ash Grove,E01034961,Hambleton 012A,Anti-social behaviour,,
,2026-01,North Yorkshire Police,North Yorkshire Police,-1.427472,54.346810,On or near Galtres Road,E01034961,Hambleton 012A,Anti-social behaviour,,
999971cc7b47896faaac6d0e6bbee5f5648b3b0eaae9f77d0438eb9997f325f9,2026-01,North Yorkshire Police,North Yorkshire Police,-1.422598,54.347731,On or near Winton Road,E01034961,Hambleton 012A,Bicycle theft,Unable to prosecute suspect,
d1d2d714b5b7efdbfd47d8c3acc17ebf86ac79be87a0d217060865a8dce2dc33,2026-01,North Yorkshire Police,North Yorkshire Police,-1.426779,54.348002,On or near Mowbray Road,E01034961,Hambleton 012A,Burglary,Under investigation,
52e36178866e8f53eca270f91f9b11490d3be0325944dd7b1bf22882b4945e11,2026-01,North Yorkshire Police,North Yorkshire Police,-1.426779,54.348002,On or near Mowbray Road,E01034961,Hambleton 012A,Burglary,Under investigation,
bb85b9f08cd147061b3b2681d531264520cb34f4a90cbae526dc73b633075da4,2026-01,North Yorkshire Police,North Yorkshire Police,-1.448626,54.353622,On or near Darlington Road,E01034961,Hambleton 012A,Burglary,Under investigation,
66bd4011dbc965f19dd00fb567aa7fa01f9e5cb365c98becdcde244b594082f0,2026-01,North Yorkshire Police,North Yorkshire Police,-1.422598,54.347731,On or near Winton Road,E01034961,Hambleton 012A,Criminal damage and arson,Investigation complete; no suspect identified,
5a325b90d41ddbce710896d8d3c2f61370e043d77ca6f582f4788204af547e8b,2026-01,North Yorkshire Police,North Yorkshire Police,-1.454514,54.367894,On or near Northallerton Rigg,E01034961,Hambleton 012A,Criminal damage and arson,Unable to prosecute suspect,
ee382dbecf2b69ef18db1e9b5d044bb45ff5952127d8825021fa5b6fb48a80bd,2026-01,North Yorkshire Police,North Yorkshire Police,-1.440559,54.350565,On or near Thurston Road,E01034961,Hambleton 012A,Criminal damage and arson,Unable to prosecute suspect,
12dc3b3520c1dec9456f224b8c2915134c14b4b825291b0324dbe909ca7ab112,2026-01,North Yorkshire Police,North Yorkshire Police,-1.436036,54.344909,On or near Swain Court,E01034961,Hambleton 012A,Other theft,Unable to prosecute suspect,
746d030fe1163a18ff3920da4f3d99c18ac9fdb4d83c653e911cdc12f8ff3c06,2026-01,North Yorkshire Police,North Yorkshire Police,-1.421120,54.345657,On or near South View,E01034961,Hambleton 012A,Other theft,Investigation complete; no suspect identified,
1cb479b794604c7c212bff2f11db4179dd27ea3f54f7602576a6c07266db548c,2026-01,North Yorkshire Police,North Yorkshire Police,-1.419610,54.344733,On or near Ash Grove,E01034961,Hambleton 012A,Public order,Investigation complete; no suspect identified,
a0e1ab7f97427d7e2a1ab2daf213c82a761c1b5f55f3fc68df0cc6d2f1a13439,2026-01,North Yorkshire Police,North Yorkshire Police,-1.421790,54.345058,On or near Mount Road,E01034961,Hambleton 012A,Public order,Unable to prosecute suspect,
f3b850e1291059b028458686ee7f7703a3161fcc34e12e29344c45ea3f9127ae,2026-01,North Yorkshire Police,North Yorkshire Police,-1.437882,54.346059,On or near Shopping Area,E01034961,Hambleton 012A,Shoplifting,Investigation complete; no suspect identified,
620d964711c482d51e4eae49ac846731510db2754ee0229e34f29f8e6905fc5e,2026-01,North Yorkshire Police,North Yorkshire Police,-1.446504,54.353532,On or near Friars Close,E01034961,Hambleton 012A,Shoplifting,Unable to prosecute suspect,
9877a8725ae0f5eb26f8697a72e585e181d57233b00dbfb44fb74ca55848a9e5,2026-01,North Yorkshire Police,North Yorkshire Police,-1.440559,54.350565,On or near Thurston Road,E01034961,Hambleton 012A,Vehicle crime,Unable to prosecute suspect,
aeec6453b7a04775f28eadc0abd08692a8c463b3046a7355729648f949d10dee,2026-01,North Yorkshire Police,North Yorkshire Police,-1.445458,54.346643,On or near Mount View,E01034961,Hambleton 012A,Violence and sexual offences,Unable to prosecute suspect,
ce44f435bdf77a0ab2c8ef4dc40bc94ad2981cbd910b56ea56c1f70e192d7d20,2026-01,North Yorkshire Police,North Yorkshire Police,-1.440559,54.350565,On or near Thurston Road,E01034961,Hambleton 012A,Violence and sexual offences,Under investigation,
f4b347623ed5e52aa0a1aa185d83778ce1295d25f9a610ae1c47b6819da7d74d,2026-01,North Yorkshire Police,North Yorkshire Police,-1.436036,54.344909,On or near Swain Court,E01034961,Hambleton 012A,Violence and sexual offences,Action to be taken by another organisation,
99b7eba0d0bd2efcd7dfa3d8b4d6574cf29560810067a466282487c98703fb44,2026-01,North Yorkshire Police,North Yorkshire Police,-1.440559,54.350565,On or near Thurston Road,E01034961,Hambleton 012A,Violence and sexual offences,Unable to prosecute suspect,
f9f2af9b748a7cc06d6493cf626cf29c2ac793fccd568d7c66e6218758217d36,2026-01,North Yorkshire Police,North Yorkshire Police,-1.418483,54.342840,On or near Lewis Road,E01034961,Hambleton 012A,Violence and sexual offences,Unable to prosecute suspect,
04fba32860016f8696160a25ed9ce0f9519f6abd7f668845332640ef48c2e1b3,2026-01,North Yorkshire Police,North Yorkshire Police,-1.457057,54.345446,On or near Yafforth Road,E01034961,Hambleton 012A,Violence and sexual offences,Unable to prosecute suspect,
08d1c8c485e0037b9005f40017b144bfdc94c3532f7e930b256d6a1a3df875e8,2026-01,North Yorkshire Police,North Yorkshire Police,-1.432533,54.344632,On or near Brompton Road,E01034961,Hambleton 012A,Other crime,Under investigation,
,2026-01,North Yorkshire Police,North Yorkshire Police,-1.435411,54.341925,On or near Police Station,E01034962,Hambleton 012B,Anti-social behaviour,,
985c797f440df2adee502fa0ab7f96026176b5d413c21de7a96a650494dddc5d,2026-01,North Yorkshire Police,North Yorkshire Police,-1.435411,54.341925,On or near Police Station,E01034962,Hambleton 012B,Burglary,Under investigation,
0b25a5f2d77dd5c7f2b420e0d020d486bb5db846bcd86dd75c0d3b8efd8288a8,2026-01,North Yorkshire Police,North Yorkshire Police,-1.444832,54.343970,On or near De Lacy Road,E01034962,Hambleton 012B,Criminal damage and arson,Investigation complete; no suspect identified,
e94ed3535223a09d342789ede548e8daa86abeb5ea53d9471e219270757fcbf6,2026-01,North Yorkshire Police,North Yorkshire Police,-1.438680,54.342783,On or near Tannery Lane,E01034962,Hambleton 012B,Criminal damage and arson,Under investigation,
49a1ef06257bdda0b335fc5c21c4685533a8766d4affa535b1013daac4b4bc92,2026-01,North Yorkshire Police,North Yorkshire Police,-1.432775,54.342200,On or near Supermarket,E01034962,Hambleton 012B,Robbery,Under investigation,
2827a2baae388820999bf033889c3dcb05d390756e8e177084e557eacef83fb2,2026-01,North Yorkshire Police,North Yorkshire Police,-1.432775,54.342200,On or near Supermarket,E01034962,Hambleton 012B,Shoplifting,Investigation complete; no suspect identified,
3829225baa164781895aeee9ca8cc099bcd203f7ee2063afff4d9d15be89c88b,2026-01,North Yorkshire Police,North Yorkshire Police,-1.441882,54.344892,On or near Finkills Way,E01034962,Hambleton 012B,Shoplifting,Investigation complete; no suspect identified,
7cd89aaa418b2e06165f84faea48912a0c34928fd2348c4ba9e57c6f9d28764b,2026-01,North Yorkshire Police,North Yorkshire Police,-1.425489,54.335666,On or near Prospect View,E01027610,Hambleton 012C,Criminal damage and arson,Unable to prosecute suspect,
d6495141b5f028a73c1228206be4eb14332dc8e97068ac04c1b4a47c1cc8d821,2026-01,North Yorkshire Police,North Yorkshire Police,-1.420907,54.338924,On or near Ashlands Close,E01027610,Hambleton 012C,Vehicle crime,Unable to prosecute suspect,
6dcd3b9ebc9ea189caa83cdc889986a3a69afd4d480366463a7e3538a84d8648,2026-01,North Yorkshire Police,North Yorkshire Police,-1.424817,54.336417,On or near Paterson Crescent,E01027610,Hambleton 012C,Violence and sexual offences,Under investigation,
32567f06a31658dfb6c0a727072ef30e090f6040285a7e2513f650e606dd1c27,2026-01,North Yorkshire Police,North Yorkshire Police,-1.418829,54.339031,On or near Bankhead Close,E01027609,Hambleton 012D,Criminal damage and arson,Under investigation,
40b670a5bc98b4cc75b5eeec26655836c44e935a5863851eb720888854613a28,2026-01,North Yorkshire Police,North Yorkshire Police,-1.418328,54.340754,On or near Hailstone Drive,E01027609,Hambleton 012D,Other theft,Unable to prosecute suspect,
d1ea9f7a624670ebbe606349e1c349203f190b18c74297c4326cd2a0aa78ae4c,2026-01,North Yorkshire Police,North Yorkshire Police,-1.419485,54.341027,On or near Sports/Recreation Area,E01027609,Hambleton 012D,Violence and sexual offences,Under investigation,
81550edd3c8e41df459880bffe4b4fb41249af542b3b1f573729a771d055d208,2026-01,North Yorkshire Police,North Yorkshire Police,-1.419485,54.341027,On or near Sports/Recreation Area,E01027609,Hambleton 012D,Violence and sexual offences,Unable to prosecute suspect,
4d940f9f0a76b0eacd2b0133f5607cd3ffc8a6479dee658a52c04b8ff2204ffb,2026-01,North Yorkshire Police,North Yorkshire Police,-1.419285,54.333955,On or near Knotto Bottom Close,E01027609,Hambleton 012D,Violence and sexual offences,Unable to prosecute suspect,
ba96d19d88b10b458cd66ada0cb107323fdfe036bcc11bd60e92ebe0e1234516,2026-01,North Yorkshire Police,North Yorkshire Police,-1.421706,54.341148,On or near Bullamoor Close,E01027609,Hambleton 012D,Violence and sexual offences,Unable to prosecute suspect,
907482cf271ff320b77157c4a9c68a634860f0843cc35de25a07d2867a53b8e1,2026-01,North Yorkshire Police,North Yorkshire Police,-1.419785,54.334497,On or near Knotto Bottom Way,E01027609,Hambleton 012D,Violence and sexual offences,Unable to prosecute suspect,
56d72954f34c125c157b9c69aaf4061fadd3778ab0458bc0ca0dbf2c2682b53d,2026-01,North Yorkshire Police,North Yorkshire Police,-1.418829,54.339031,On or near Bankhead Close,E01027609,Hambleton 012D,Violence and sexual offences,Unable to prosecute suspect,
,2026-01,North Yorkshire Police,North Yorkshire Police,-1.440982,54.332961,On or near Parking Area,E01027606,Hambleton 012E,Anti-social behaviour,,
11752c94aaf6c26c0d7938a0e5b2b42994f06f71a013dbf1920a3dc018063bf8,2026-01,North Yorkshire Police,North Yorkshire Police,-1.431607,54.335883,On or near Boston Avenue,E01027606,Hambleton 012E,Criminal damage and arson,Investigation complete; no suspect identified,
875d60a1e05a940189051e17047bf215ef0e504d2af917515684e2cd20fea4ec,2026-01,North Yorkshire Police,North Yorkshire Police,-1.431589,54.328262,On or near St Pauls Close,E01027606,Hambleton 012E,Violence and sexual offences,Under investigation,
,2026-01,North Yorkshire Police,North Yorkshire Police,-1.426561,54.344847,On or near Oak Grove,E01027612,Hambleton 013A,Anti-social behaviour,,
,2026-01,North Yorkshire Police,North Yorkshire Police,-1.432469,54.342529,On or near Friarage Mount,E01027612,Hambleton 013A,Anti-social behaviour,,
,2026-01,North Yorkshire Police,North Yorkshire Police,-1.426622,54.342717,On or near Forest Road,E01027612,Hambleton 013A,Anti-social behaviour,,
,2026-01,North Yorkshire Police,North Yorkshire Police,-1.422875,54.343319,On or near Moorview Road,E01027612,Hambleton 013A,Anti-social behaviour,,
,2026-01,North Yorkshire Police,North Yorkshire Police,-1.426445,54.345430,On or near Turker Lane,E01027612,Hambleton 013A,Anti-social behaviour,,
4fb056522d270d3df6ee2f0323d09594a0aff65461f58709ac57ca642140d566,2026-01,North Yorkshire Police,North Yorkshire Police,-1.426329,54.343830,On or near Turker Close,E01027612,Hambleton 013A,Other theft,Unable to prosecute suspect,
c66fbdee47a73640e585743ae5b0304a6cf26c9d21cba6505c4f6faaed7c1e75,2026-01,North Yorkshire Police,North Yorkshire Police,-1.428846,54.340894,On or near Dene Road,E01027612,Hambleton 013A,Public order,Unable to prosecute suspect,
17427cae4b13910a3a5c1c5e8d0314f9a29e335be8bead08365e510020c917dc,2026-01,North Yorkshire Police,North Yorkshire Police,-1.424717,54.342501,On or near The Meadows,E01027612,Hambleton 013A,Violence and sexual offences,Unable to prosecute suspect,
bc4459e5f2e94819c3627526e1e102a397eae77db66e6647bcb998cf8f4b9bb5,2026-01,North Yorkshire Police,North Yorkshire Police,-1.426622,54.342717,On or near Forest Road,E01027612,Hambleton 013A,Violence and sexual offences,Awaiting court outcome,
63debc198dfb037ab4c2b0529ad41716ceae90182e8c6c4cb3e211a8bc79ee91,2026-01,North Yorkshire Police,North Yorkshire Police,-1.426622,54.342717,On or near Forest Road,E01027612,Hambleton 013A,Violence and sexual offences,Under investigation,
bc68a025a67669046f0bf7067d9d6f7503776307909c88279b82efe1c8e71afe,2026-01,North Yorkshire Police,North Yorkshire Police,-1.424717,54.342501,On or near The Meadows,E01027612,Hambleton 013A,Violence and sexual offences,Unable to prosecute suspect,
743e30b63511b9663d0a91020c52007c6ff832814b6cfafb9bfa7980eb4f19fe,2026-01,North Yorkshire Police,North Yorkshire Police,-1.426622,54.342717,On or near Forest Road,E01027612,Hambleton 013A,Violence and sexual offences,Awaiting court outcome,
5dacbc969dc9bc7379fecf914a0fe794e4322f5e78214d202efcd28a8d2e0cd6,2026-01,North Yorkshire Police,North Yorkshire Police,-1.426622,54.342717,On or near Forest Road,E01027612,Hambleton 013A,Other crime,Unable to prosecute suspect,
,2026-01,North Yorkshire Police,North Yorkshire Police,-1.433721,54.339324,On or near Shopping Area,E01027608,Hambleton 013B,Anti-social behaviour,,
9aee234498a121920e5a1e9218c21ab6e6dbd654bcba37cc9d3a5ea21e4b002d,2026-01,North Yorkshire Police,North Yorkshire Police,-1.435137,54.339782,On or near Shopping Area,E01027608,Hambleton 013B,Criminal damage and arson,Under investigation,
f000cb07bc1fe5da8d3406a0e3d1a0454d50431943f7c1a0c81eef61fecf8511,2026-01,North Yorkshire Police,North Yorkshire Police,-1.427471,54.340268,On or near Pinfold Drive,E01027608,Hambleton 013B,Criminal damage and arson,Investigation complete; no suspect identified,
0cf74ba5dd87b08912289c32b3b430d98bf6ed2522c24c8d3e20666ee9dbe1f6,2026-01,North Yorkshire Police,North Yorkshire Police,-1.434285,54.337981,On or near Shopping Area,E01027608,Hambleton 013B,Criminal damage and arson,Unable to prosecute suspect,
4a47d04a0a4dcaa70bee865ba9c264166b64276ec7da3725b308428418badf66,2026-01,North Yorkshire Police,North Yorkshire Police,-1.433780,54.341178,On or near Friarage Street,E01027608,Hambleton 013B,Public order,Investigation complete; no suspect identified,
4ddd29b773556c8b74d945c1e4cf2e53122c9d9dde7f6e3c14d52308a0d0ddcf,2026-01,North Yorkshire Police,North Yorkshire Police,-1.433780,54.341178,On or near Friarage Street,E01027608,Hambleton 013B,Public order,Under investigation,
ce6c6464c3fe8aa392bc1e39ef4deba217d22819a59777ee6212c53a9641c71a,2026-01,North Yorkshire Police,North Yorkshire Police,-1.427471,54.340268,On or near Pinfold Drive,E01027608,Hambleton 013B,Public order,Under investigation,
03e840a324ad846a4c7fe3950df5378a3de3178e71e8d2ff2d808ada2f3ef61a,2026-01,North Yorkshire Police,North Yorkshire Police,-1.433780,54.341178,On or near Friarage Street,E01027608,Hambleton 013B,Public order,Investigation complete; no suspect identified,
de21b337116c874b5fc5d93b8a4486eb64f23d7b09706184cd1f4450df745e0b,2026-01,North Yorkshire Police,North Yorkshire Police,-1.431782,54.337709,On or near Supermarket,E01027608,Hambleton 013B,Shoplifting,Unable to prosecute suspect,
f69501585f9030743a79a188165871f0ad7accdf40728338153f4ebfceca830b,2026-01,North Yorkshire Police,North Yorkshire Police,-1.431782,54.337709,On or near Supermarket,E01027608,Hambleton 013B,Shoplifting,Under investigation,
473d7b89e6bdc010e4a2666e8b89fe8d3d9223746e839ddc24041a4a9fe37527,2026-01,North Yorkshire Police,North Yorkshire Police,-1.434285,54.337981,On or near Shopping Area,E01027608,Hambleton 013B,Shoplifting,Under investigation,
6e5fbe5ba217498b8707a72c081f800b5b53bdefa00383d1d19ed42ed7b5df8b,2026-01,North Yorkshire Police,North Yorkshire Police,-1.433780,54.341178,On or near Friarage Street,E01027608,Hambleton 013B,Shoplifting,Unable to prosecute suspect,
8c3ad063febc0dec6713c2748bb5379371117bca86da76e98306a725db0b275d,2026-01,North Yorkshire Police,North Yorkshire Police,-1.431782,54.337709,On or near Supermarket,E01027608,Hambleton 013B,Shoplifting,Local resolution,
afffeaffd83a5e316008710b9f3af52f0953d4ad755f9d4cdffd9484054e0ac6,2026-01,North Yorkshire Police,North Yorkshire Police,-1.431782,54.337709,On or near Supermarket,E01027608,Hambleton 013B,Shoplifting,Local resolution,
ded76f860b9f6703a5ee0ec9b2ebfdd329f1193a4f71d7045425f86502d3071b,2026-01,North Yorkshire Police,North Yorkshire Police,-1.431782,54.337709,On or near Supermarket,E01027608,Hambleton 013B,Shoplifting,Local resolution,
8fcf84866013ba56b45d31a57400c1a53ada97e1ebf62452a2106a22f987628f,2026-01,North Yorkshire Police,North Yorkshire Police,-1.431782,54.337709,On or near Supermarket,E01027608,Hambleton 013B,Shoplifting,Under investigation,
a06c29612b854ea46c96cbaf3855b146432a7a18d66c7fa9794e29248339ca61,2026-01,North Yorkshire Police,North Yorkshire Police,-1.433780,54.341178,On or near Friarage Street,E01027608,Hambleton 013B,Shoplifting,Investigation complete; no suspect identified,
00fdb0aa3fd35515470619339609422a98119b6915e30ff3cf67a2459d4e904b,2026-01,North Yorkshire Police,North Yorkshire Police,-1.431782,54.337709,On or near Supermarket,E01027608,Hambleton 013B,Shoplifting,Investigation complete; no suspect identified,
4a6108febd6533ca84d3b070332e85561679574e03385897cd763b9501a2f686,2026-01,North Yorkshire Police,North Yorkshire Police,-1.431782,54.337709,On or near Supermarket,E01027608,Hambleton 013B,Shoplifting,Investigation complete; no suspect identified,
c999aa1291316129a3e5fadce6f11547838c0defc261c90a68763bae6ef3ca65,2026-01,North Yorkshire Police,North Yorkshire Police,-1.431782,54.337709,On or near Supermarket,E01027608,Hambleton 013B,Shoplifting,Under investigation,
21c57c017829d8510ac94ef4a0304ee931db89e70329032ae95fd1dae72a579c,2026-01,North Yorkshire Police,North Yorkshire Police,-1.434285,54.337981,On or near Shopping Area,E01027608,Hambleton 013B,Theft from the person,Investigation complete; no suspect identified,
6d083fe22c2b6de969a31c66c100d6458ae64df83beb8d738982afa65c0637d5,2026-01,North Yorkshire Police,North Yorkshire Police,-1.428050,54.337340,On or near Crosby Gardens,E01027608,Hambleton 013B,Vehicle crime,Under investigation,
13165d6f9449a78669458ca7c8fa4e503af6dbcc479617de8d6622065296c4a2,2026-01,North Yorkshire Police,North Yorkshire Police,-1.428050,54.337340,On or near Crosby Gardens,E01027608,Hambleton 013B,Violence and sexual offences,Unable to prosecute suspect,
d4569e0382e95158e9e5d2ae14a40212c937b7e341cc50f347f7617d207ed2fd,2026-01,North Yorkshire Police,North Yorkshire Police,-1.435137,54.339782,On or near Shopping Area,E01027608,Hambleton 013B,Violence and sexual offences,Unable to prosecute suspect,
d3cf106fd9535a7e001ab08e2dfd2dd93f3ba1135bc36d3ec27dea2c19becca9,2026-01,North Yorkshire Police,North Yorkshire Police,-1.432554,54.339725,On or near Nightclub,E01027608,Hambleton 013B,Violence and sexual offences,Under investigation,
4066d2daad979e64f4c2ff7e820f19289b91731d2c707a0e2ce742a064f37d3f,2026-01,North Yorkshire Police,North Yorkshire Police,-1.433780,54.341178,On or near Friarage Street,E01027608,Hambleton 013B,Violence and sexual offences,Unable to prosecute suspect,
13fd33225360beb2f81784dd1af64a20a5c96cc533d59d87c645b451ee01b890,2026-01,North Yorkshire Police,North Yorkshire Police,-1.429324,54.339746,On or near Lascelles Lane,E01027608,Hambleton 013B,Violence and sexual offences,Under investigation,
4086a95bb65cfdc27ba0d17004344b22fb855664677fbd545aa084ff13e2a03d,2026-01,North Yorkshire Police,North Yorkshire Police,-1.432554,54.339725,On or near Nightclub,E01027608,Hambleton 013B,Violence and sexual offences,Unable to prosecute suspect,
bebedb1459d65648a28bdd992e5c990ccf8b648b06824fa584ec24aa50a5bfc1,2026-01,North Yorkshire Police,North Yorkshire Police,-1.433721,54.339324,On or near Shopping Area,E01027608,Hambleton 013B,Violence and sexual offences,Under investigation,
1c2c6130f2568d1fb718b6a07d4503694b11e7a00cec3dcfdcc39a2f6db16f44,2026-01,North Yorkshire Police,North Yorkshire Police,-1.427471,54.340268,On or near Pinfold Drive,E01027608,Hambleton 013B,Violence and sexual offences,Under investigation,
b5df75305f48cdbf2283f7ce767aea6b1161817cd8191f9d9c1c8049785a7a88,2026-01,North Yorkshire Police,North Yorkshire Police,-1.428050,54.337340,On or near Crosby Gardens,E01027608,Hambleton 013B,Violence and sexual offences,Investigation complete; no suspect identified,
1627be79fbfb5a333a34a54384d45fab85c0531588d0103e36be902e67265f6a,2026-01,North Yorkshire Police,North Yorkshire Police,-1.424785,54.337666,On or near Valley Road,E01027608,Hambleton 013B,Violence and sexual offences,Under investigation,
7e1bc381601507ff6f467ddc3f19ca6f60a1a71dbbe69581c8922fd2521f0b5e,2026-01,North Yorkshire Police,North Yorkshire Police,-1.423938,54.337743,On or near Ashlands Court,E01027608,Hambleton 013B,Violence and sexual offences,Unable to prosecute suspect,
142c0d376b7c998394b5179cde26f469501fd927ff81e1504f77153d94335ccd,2026-01,North Yorkshire Police,North Yorkshire Police,-1.432554,54.339725,On or near Nightclub,E01027608,Hambleton 013B,Violence and sexual offences,Investigation complete; no suspect identified,
a68f46e9e1e63894e5ae5b7be8947cb2135eeb5b7cdc215e498f827812d4ee81,2026-01,North Yorkshire Police,North Yorkshire Police,-1.433721,54.339324,On or near Shopping Area,E01027608,Hambleton 013B,Violence and sexual offences,Unable to prosecute suspect,
8af3ffebb5383239cd6ad95d24da880db2eba4402087e813677b9b7bc96ab40b,2026-01,North Yorkshire Police,North Yorkshire Police,-1.430650,54.340606,On or near Parking Area,E01027608,Hambleton 013B,Violence and sexual offences,Under investigation,
8af3ffebb5383239cd6ad95d24da880db2eba4402087e813677b9b7bc96ab40b,2026-01,North Yorkshire Police,North Yorkshire Police,-1.430650,54.340606,On or near Parking Area,E01027608,Hambleton 013B,Violence and sexual offences,Investigation complete; no suspect identified,
9bf09e1e54a097187454360c92123d816ac45baa3f3cd8f3b3b24d83b4be8a73,2026-01,North Yorkshire Police,North Yorkshire Police,-1.428050,54.337340,On or near Crosby Gardens,E01027608,Hambleton 013B,Other crime,Under investigation,
deda20dc61f20861a0e9a07019fecf4d958f5ceaee212cee5a059e912556e494,2026-01,North Yorkshire Police,North Yorkshire Police,-1.446363,54.333103,On or near St James Mews,E01027616,Hambleton 013C,Criminal damage and arson,Unable to prosecute suspect,
7c3673fdcf2016ff4ecc3d7d9ce8365b31e10e5c82d005f42ce8eeb8c74a2c4c,2026-01,North Yorkshire Police,North Yorkshire Police,-1.442989,54.331281,On or near Petrol Station,E01027616,Hambleton 013C,Other theft,Investigation complete; no suspect identified,
9bc00cf92494771c3a40f48b0a9c7f5f26fb621393e231c6caa46172db35a88b,2026-01,North Yorkshire Police,North Yorkshire Police,-1.450161,54.336571,On or near Beckside,E01027616,Hambleton 013C,Other theft,Investigation complete; no suspect identified,
2f31767b562c8ffadada15c6b7640241a2ee5e30d8a08948acb9e29f0d5fb3b8,2026-01,North Yorkshire Police,North Yorkshire Police,-1.450161,54.336571,On or near Beckside,E01027616,Hambleton 013C,Violence and sexual offences,Unable to prosecute suspect,
c86c25e0c6bdff4d897862929612581f8234f5d9acd8c918a57560d20c104c91,2026-01,North Yorkshire Police,North Yorkshire Police,-1.444815,54.332673,On or near Manor Green,E01027616,Hambleton 013C,Violence and sexual offences,Unable to prosecute suspect,
ee16fee2310329bbbe783f2c421dd56ad519fd3b1031fb016f99f0afe0671f9f,2026-01,North Yorkshire Police,North Yorkshire Police,-1.444815,54.332673,On or near Manor Green,E01027616,Hambleton 013C,Violence and sexual offences,Unable to prosecute suspect,
f2daf0865fbdea542fff09c5607cd38ae188449912b571c4d76c397c48196bee,2026-01,North Yorkshire Police,North Yorkshire Police,-1.446363,54.333103,On or near St James Mews,E01027616,Hambleton 013C,Violence and sexual offences,Unable to prosecute suspect,
1faa9ff7ba03ce78a0e7bf9813cb7eb89d2f072f9e648b0535388df664a3393c,2026-01,North Yorkshire Police,North Yorkshire Police,-1.441738,54.330502,On or near Bilsdale Close,E01027616,Hambleton 013C,Violence and sexual offences,Unable to prosecute suspect,
,2026-01,North Yorkshire Police,North Yorkshire Police,-1.435622,54.336972,On or near Alverton Lane,E01027605,Hambleton 013D,Anti-social behaviour,,
aeba0999c0526d0e9f34a3139c2da7b79b4f638ab8f69f93396b71c600275426,2026-01,North Yorkshire Police,North Yorkshire Police,-1.442135,54.336454,On or near Allerton Close,E01027605,Hambleton 013D,Other theft,Investigation complete; no suspect identified,
a11e2e8ca0eb1381264121da72e3e57a01b6bd35598d080a9078141007826555,2026-01,North Yorkshire Police,North Yorkshire Police,-1.435622,54.336972,On or near Alverton Lane,E01027605,Hambleton 013D,Violence and sexual offences,Unable to prosecute suspect,
3c7694c76e7278c29341a404fe9aaf809d54556993b7fc34c07ba5cb313756c1,2026-01,North Yorkshire Police,North Yorkshire Police,-1.439630,54.335112,On or near Railway View,E01027605,Hambleton 013D,Violence and sexual offences,Unable to prosecute suspect,
2ea173e1cd76b6f1ca3bd34f1226dbc03da1b6425025607a8d52902e510ca437,2026-01,North Yorkshire Police,North Yorkshire Police,-1.439630,54.335112,On or near Railway View,E01027605,Hambleton 013D,Violence and sexual offences,Unable to prosecute suspect,
92720087bc0ce19c949cc6d4c4a75aa933481acada973581639b64b820649fbe,2026-01,North Yorkshire Police,North Yorkshire Police,-1.439630,54.335112,On or near Railway View,E01027605,Hambleton 013D,Violence and sexual offences,Under investigation,
,2026-01,North Yorkshire Police,North Yorkshire Police,-1.652894,54.162970,On or near Richmond Garth,E01027666,Harrogate 001A,Anti-social behaviour,,
,2026-01,North Yorkshire Police,North Yorkshire Police,-1.651892,54.163785,On or near Conference/Exhibition Centre,E01027666,Harrogate 001A,Anti-social behaviour,,
a0486cf0ea05d00694f7ffdf5b5fc14b77a25bb620c2011b3b00bbec5970d25b,2026-01,North Yorkshire Police,North Yorkshire Police,-1.620489,54.104103,On or near St Michael'S Mead,E01027666,Harrogate 001A,Criminal damage and arson,Unable to prosecute suspect,
90544f4d2e44b2433816ac4edba59dc3d6e45b8728cfd81b8dfaa2c63f0aa236,2026-01,North Yorkshire Police,North Yorkshire Police,-1.664417,54.122433,On or near Broadfield Lane,E01027666,Harrogate 001A,Other theft,Under investigation,
5b99442707b375849fd66e7bfb0090f9cbb4ab127905c7b8e2a1d648f763873b,2026-01,North Yorkshire Police,North Yorkshire Police,-1.641202,54.165560,On or near Church Street,E01027666,Harrogate 001A,Violence and sexual offences,Unable to prosecute suspect,
726f180a9eb90409c34410273a9a0f92998e5358480e52f57a35dc07232d3b6f,2026-01,North Yorkshire Police,North Yorkshire Police,-1.641202,54.165560,On or near Church Street,E01027666,Harrogate 001A,Violence and sexual offences,Unable to prosecute suspect,
46af722f84a7977385a1765d541b7da71d6c668b737202d1e5ce9f8c96d098a7,2026-01,North Yorkshire Police,North Yorkshire Police,-1.680327,54.146599,On or near Belford Lane,E01027666,Harrogate 001A,Violence and sexual offences,Unable to prosecute suspect,
edef7edd353c4d0cb8f526d3c39863fd96c4457f857433e0635d19ea4d632470,2026-01,North Yorkshire Police,North Yorkshire Police,-1.620489,54.104103,On or near St Michael'S Mead,E01027666,Harrogate 001A,Violence and sexual offences,Unable to prosecute suspect,
8a7e80cad7a00003becea3f3a9d98d5a22bb2f8003d5d4d3485263ac01ab9ec2,2026-01,North Yorkshire Police,North Yorkshire Police,-1.620489,54.104103,On or near St Michael'S Mead,E01027666,Harrogate 001A,Violence and sexual offences,Unable to prosecute suspect,
0991ecd600fc51b2f143db161d7b95ccbaa281ee9068255ec56a5985050d8d0a,2026-01,North Yorkshire Police,North Yorkshire Police,-1.641202,54.165560,On or near Church Street,E01027666,Harrogate 001A,Violence and sexual offences,Unable to prosecute suspect,
2289313640641d5563fcf8571438cf3693ab6151660bfceb500e7527e72b5d1f,2026-01,North Yorkshire Police,North Yorkshire Police,-1.563611,54.187315,On or near Roseberry Green,E01027667,Harrogate 001B,Other theft,Under investigation,
5d62d5fe2b969b369afcaaacfc242790c0441ed03fc2d1484089b2c302dbfcef,2026-01,North Yorkshire Police,North Yorkshire Police,-1.661977,54.221207,On or near The Beeches,E01027685,Harrogate 001C,Other theft,Investigation complete; no suspect identified,
b3acacd0fed7874f639aaa98e72f16dc11ffaab02157eac7a63a02dcb23a8478,2026-01,North Yorkshire Police,North Yorkshire Police,-1.653857,54.221975,On or near Millgate,E01027685,Harrogate 001C,Other theft,Investigation complete; no suspect identified,
1cf18c88b971335130d0c2dc94e10e49a25162979a1f4fe54c9e191648513250,2026-01,North Yorkshire Police,North Yorkshire Police,-1.710093,54.222663,On or near Keld Bank,E01027686,Harrogate 001D,Bicycle theft,Investigation complete; no suspect identified,
,2026-01,North Yorkshire Police,North Yorkshire Police,-1.550617,54.139112,On or near Doublegates Court,E01027712,Harrogate 002A,Anti-social behaviour,,
5668722bf18193c4e9e5e35fad1a223df6db2ce02c2590282639427467c33027,2026-01,North Yorkshire Police,North Yorkshire Police,-1.550574,54.140298,On or near Doublegates Green,E01027712,Harrogate 002A,Public order,Investigation complete; no suspect identified,
aa75eb8300dc621d00fd43494b0d7b0c1880e8c2021f71a87d087420801f42d9,2026-01,North Yorkshire Police,North Yorkshire Police,-1.549383,54.138622,On or near Doublegates Close,E01027712,Harrogate 002A,Violence and sexual offences,Under investigation,
fdea22dba60b93ebaade96e0a73885f0659d8b4b56eb2f501de43d8e9b9c2bc7,2026-01,North Yorkshire Police,North Yorkshire Police,-1.549383,54.138622,On or near Doublegates Close,E01027712,Harrogate 002A,Violence and sexual offences,Under investigation,
83a8b0b6c6d54681c9671961bfa1263fd240b570ab2acf724102d648e520ee79,2026-01,North Yorkshire Police,North Yorkshire Police,-1.549383,54.138622,On or near Doublegates Close,E01027712,Harrogate 002A,Other crime,Further investigation is not in the public interest,
,2026-01,North Yorkshire Police,North Yorkshire Police,-1.530257,54.140688,On or near College Road,E01027713,Harrogate 002B,Anti-social behaviour,,
,2026-01,North Yorkshire Police,North Yorkshire Police,-1.530257,54.140688,On or near College Road,E01027713,Harrogate 002B,Anti-social behaviour,,
40dca0359a0a376a8c952b319c7de05c5e90bbb336d21b323fde9d778c36475d,2026-01,North Yorkshire Police,North Yorkshire Police,-1.524875,54.136191,On or near Westgate,E01027713,Harrogate 002B,Other theft,Under investigation,
1e31f7d50fce26b176988737806bdfb500ca4a15a67df063503451da6fbd0ea4,2026-01,North Yorkshire Police,North Yorkshire Police,-1.526762,54.135821,On or near Firby Lane,E01027713,Harrogate 002B,Other theft,Under investigation,
4bcb83dfd09f846df993c53bd288a5a38e2174c95a01c1d2c360f56b3bacf146,2026-01,North Yorkshire Police,North Yorkshire Police,-1.524875,54.136191,On or near Westgate,E01027713,Harrogate 002B,Shoplifting,Under investigation,
16ed4d755e31842c9a53dc102dd0adcfecffcd4768f8bc696fbdefc17a45a9a2,2026-01,North Yorkshire Police,North Yorkshire Police,-1.535711,54.133492,On or near Mallorie Close,E01027713,Harrogate 002B,Violence and sexual offences,Under investigation,
7aa29ad55eeefeee1761257c2e2ed1fa066c0d779f40bf326f7b9268a80248e3,2026-01,North Yorkshire Police,North Yorkshire Police,-1.525915,54.138936,On or near Coltsgate Hill,E01027713,Harrogate 002B,Violence and sexual offences,Unable to prosecute suspect,
0b73ca8a2ebe5a3f5087bf59a8ebd462dc4ce43c90c6f71a6cbe33bf6ab2cf0a,2026-01,North Yorkshire Police,North Yorkshire Police,-1.525915,54.138936,On or near Coltsgate Hill,E01027713,Harrogate 002B,Violence and sexual offences,Unable to prosecute suspect,
35770a651baa02974e4a9ac83b76d734cc0d260a30a16affcb1b969f43e46f59,2026-01,North Yorkshire Police,North Yorkshire Police,-1.525761,54.137163,On or near Supermarket,E01027713,Harrogate 002B,Other crime,Under investigation,
9541812dd0e2c917ae4190f4a1af11b3a14198f940b799effeff1089fd76f934,2026-01,North Yorkshire Police,North Yorkshire Police,-1.535711,54.133492,On or near Mallorie Close,E01027713,Harrogate 002B,Other crime,Under investigation,
,2026-01,North Yorkshire Police,North Yorkshire Police,-1.528056,54.141812,On or near Steven Way,E01027714,Harrogate 002C,Anti-social behaviour,,
d4a3d291201b36665695939570bd2b0052e4ec1f15a301eb0e65ac3cc17e8937,2026-01,North Yorkshire Police,North Yorkshire Police,-1.529398,54.142239,On or near Fairgrey Close,E01027714,Harrogate 002C,Violence and sexual offences,Unable to prosecute suspect,
ded28f184289c738dd0562d488708e03e361c3bdcf6995cd2334589da9858ccb,2026-01,North Yorkshire Police,North Yorkshire Police,-1.542465,54.139944,On or near Bajan Place,E01027715,Harrogate 002D,Other theft,Unable to prosecute suspect,
,2026-01,North Yorkshire Police,North Yorkshire Police,-1.563635,54.080129,On or near Little Croft,E01027643,Harrogate 003A,Anti-social behaviour,,
baf51985e2ca6c26f9d96bd9979b6a4d870097222acd9dc0d84fbad845021707,2026-01,North Yorkshire Police,North Yorkshire Police,-1.498032,54.089095,On or near St John'S Crescent,E01027643,Harrogate 003A,Public order,Unable to prosecute suspect,
d172b47076040262268e50af8ac289a1a739004e06931d45e50683e3825e7a0d,2026-01,North Yorkshire Police,North Yorkshire Police,-1.493217,54.095339,On or near Renton Close,E01027643,Harrogate 003A,Public order,Under investigation,
e587a3c3cfc63cfc3f30e8e2af3f4bf0053447b8d287d1d8a3addaf6d4c3c47e,2026-01,North Yorkshire Police,North Yorkshire Police,-1.560605,54.080505,On or near High Street,E01027643,Harrogate 003A,Violence and sexual offences,Unable to prosecute suspect,
,2026-01,North Yorkshire Police,North Yorkshire Police,-1.433856,54.131573,On or near Cana Lane,E01027688,Harrogate 003B,Anti-social behaviour,,
,2026-01,North Yorkshire Police,North Yorkshire Police,-1.472498,54.143585,On or near Dishforth Road,E01027688,Harrogate 003B,Anti-social behaviour,,
098f4810ad8c5a57fb7155301bb9ccd7636abfee647211debad7249d716916ee,2026-01,North Yorkshire Police,North Yorkshire Police,-1.472498,54.143585,On or near Dishforth Road,E01027688,Harrogate 003B,Criminal damage and arson,Unable to prosecute suspect,
07573febc4b7276a20c5e6fd14c1138bbfbb689a3f22a1d9d5a979ada32e27f9,2026-01,North Yorkshire Police,North Yorkshire Police,-1.482042,54.136877,On or near Vale View,E01027688,Harrogate 003B,Violence and sexual offences,Under investigation,
cab3ff083e964dcef378ce4b70a7a6ddb03c2f2f5748b3eef36c02356d1fc3f5,2026-01,North Yorkshire Police,North Yorkshire Police,-1.450350,54.109792,On or near Crowgarth,E01027688,Harrogate 003B,Violence and sexual offences,Under investigation,
,2026-01,North Yorkshire Police,North Yorkshire Police,-1.423467,54.153427,On or near Hamilcar Close,E01027737,Harrogate 003D,Anti-social behaviour,,
,2026-01,North Yorkshire Police,North Yorkshire Police,-1.418813,54.154483,On or near Clarke'S Croft,E01027737,Harrogate 003D,Anti-social behaviour,,
,2026-01,North Yorkshire Police,North Yorkshire Police,-1.423467,54.153427,On or near Hamilcar Close,E01027737,Harrogate 003D,Anti-social behaviour,,
6753aa547560728b13924300b851fc2e485e78beec46fb40f1ed47a178627f9b,2026-01,North Yorkshire Police,North Yorkshire Police,-1.407484,54.135042,On or near The Crescent,E01027737,Harrogate 003D,Burglary,Unable to prosecute suspect,
1cf13001db2662ebc833034cd645a268d2eb891a7ee28efa1bbb3ff31d17cd64,2026-01,North Yorkshire Police,North Yorkshire Police,-1.398962,54.134802,On or near Short Road,E01027737,Harrogate 003D,Public order,Unable to prosecute suspect,
52feb34f948b2baf7196112944de3be9bd5d2c1df74244511e9274cc9135484b,2026-01,North Yorkshire Police,North Yorkshire Police,-1.419641,54.153256,On or near Grange Close,E01027737,Harrogate 003D,Violence and sexual offences,Unable to prosecute suspect,
facfff3d8f9c9259b679ef5a335bbc0f5ec0c85e614d7f16d37225a5625c1a96,2026-01,North Yorkshire Police,North Yorkshire Police,-1.516669,54.141668,On or near Magdalen'S Close,E01027705,Harrogate 004A,Criminal damage and arson,Unable to prosecute suspect,
7f3cdcb31ae9af7363591ff9d6cc458744976d0661f3d58821f475b1af2cf56a,2026-01,North Yorkshire Police,North Yorkshire Police,-1.515263,54.138786,On or near Shopping Area,E01027705,Harrogate 004A,Shoplifting,Under investigation,
1dafb427a80969303ea55fee2f49bf5f2e8988ca324d791a89cd7afae4f65c30,2026-01,North Yorkshire Police,North Yorkshire Police,-1.515263,54.138786,On or near Shopping Area,E01027705,Harrogate 004A,Shoplifting,Unable to prosecute suspect,
9fdca12bfc081f1bd7c5d1d398f55ee0d421f9815b1d3598a733af9517dfe3eb,2026-01,North Yorkshire Police,North Yorkshire Police,-1.516669,54.141668,On or near Magdalen'S Close,E01027705,Harrogate 004A,Other crime,Further investigation is not in the public interest,
,2026-01,North Yorkshire Police,North Yorkshire Police,-1.522760,54.132444,On or near Brewery Lane,E01027706,Harrogate 004B,Anti-social behaviour,,
,2026-01,North Yorkshire Police,North Yorkshire Police,-1.521506,54.136348,On or near Parking Area,E01027706,Harrogate 004B,Anti-social behaviour,,
,2026-01,North Yorkshire Police,North Yorkshire Police,-1.523116,54.137406,On or near Old Market Place,E01027706,Harrogate 004B,Anti-social behaviour,,
,2026-01,North Yorkshire Police,North Yorkshire Police,-1.520874,54.136723,On or near Parking Area,E01027706,Harrogate 004B,Anti-social behaviour,,
,2026-01,North Yorkshire Police,North Yorkshire Police,-1.522603,54.135400,On or near Kirkgate,E01027706,Harrogate 004B,Anti-social behaviour,,
,2026-01,North Yorkshire Police,North Yorkshire Police,-1.522760,54.132444,On or near Brewery Lane,E01027706,Harrogate 004B,Anti-social behaviour,,
,2026-01,North Yorkshire Police,North Yorkshire Police,-1.522760,54.132444,On or near Brewery Lane,E01027706,Harrogate 004B,Anti-social behaviour,,
,2026-01,North Yorkshire Police,North Yorkshire Police,-1.521509,54.134749,On or near Bedern Bank,E01027706,Harrogate 004B,Anti-social behaviour,,
,2026-01,North Yorkshire Police,North Yorkshire Police,-1.522301,54.137772,On or near Finkle Close,E01027706,Harrogate 004B,Anti-social behaviour,,
,2026-01,North Yorkshire Police,North Yorkshire Police,-1.522301,54.137772,On or near Finkle Close,E01027706,Harrogate 004B,Anti-social behaviour,,
,2026-01,North Yorkshire Police,North Yorkshire Police,-1.523357,54.137776,On or near Nightclub,E01027706,Harrogate 004B,Anti-social behaviour,,
,2026-01,North Yorkshire Police,North Yorkshire Police,-1.523357,54.137776,On or near Nightclub,E01027706,Harrogate 004B,Anti-social behaviour,,
adae2e8461c603117a0aa56a36567da74bbff4b5b4a84cafc579116de6997407,2026-01,North Yorkshire Police,North Yorkshire Police,-1.523357,54.137776,On or near Nightclub,E01027706,Harrogate 004B,Criminal damage and arson,Under investigation,
c34c03315fae4409654e19852422536eed63e40867e8a8f2d86b0df5fb393bd4,2026-01,North Yorkshire Police,North Yorkshire Police,-1.524225,54.139469,On or near North Street,E01027706,Harrogate 004B,Other theft,Under investigation,
28b66360a6a49cf75b76fbdd67664a4c3bd613c442cba8fc6ea3be88aff1678d,2026-01,North Yorkshire Police,North Yorkshire Police,-1.521506,54.136348,On or near Parking Area,E01027706,Harrogate 004B,Other theft,Unable to prosecute suspect,
c6521aae3113aaa52778cf3107d801c8ba53c9462175d7a0006498e6ae288e83,2026-01,North Yorkshire Police,North Yorkshire Police,-1.523620,54.140150,On or near Petrol Station,E01027706,Harrogate 004B,Shoplifting,Investigation complete; no suspect identified,
31155e09292330267a94a446b6dc6f7fbcef60b916371ae45e7d8c5f7d29943e,2026-01,North Yorkshire Police,North Yorkshire Police,-1.523357,54.137776,On or near Nightclub,E01027706,Harrogate 004B,Shoplifting,Under investigation,
bd7a1ded5aee7f3e913d132a8d9059c34f0a7e8f29e98d2d543523dbc6e3249d,2026-01,North Yorkshire Police,North Yorkshire Police,-1.523620,54.140150,On or near Petrol Station,E01027706,Harrogate 004B,Shoplifting,Investigation complete; no suspect identified,
3c649de2e55295f94321b928aa88d6dd3e2994a22fdb93dc4fa20e3c1cff4d94,2026-01,North Yorkshire Police,North Yorkshire Police,-1.523231,54.136724,On or near Queen Street,E01027706,Harrogate 004B,Shoplifting,Investigation complete; no suspect identified,
955ed4d0e6ff35bb6e3b591ae9373e133ad93f1770d602c1bcf49008e6a13733,2026-01,North Yorkshire Police,North Yorkshire Police,-1.523231,54.136724,On or near Queen Street,E01027706,Harrogate 004B,Shoplifting,Investigation complete; no suspect identified,
b872ffe0c560255c97642baf6db32388c9fc22f9ffd36a4cc7990f3fc5eb38d3,2026-01,North Yorkshire Police,North Yorkshire Police,-1.522603,54.135400,On or near Kirkgate,E01027706,Harrogate 004B,Violence and sexual offences,Under investigation,
76ec9a040c48db5c3bf5f9326002e5bbdf0567c898f5fa65ccd7a5d836c28bb6,2026-01,North Yorkshire Police,North Yorkshire Police,-1.522774,54.133882,On or near Wellington Street,E01027706,Harrogate 004B,Violence and sexual offences,Under investigation,
,2026-01,North Yorkshire Police,North Yorkshire Police,-1.515746,54.128920,On or near Dallamires Way South,E01027707,Harrogate 004C,Anti-social behaviour,,
,2026-01,North Yorkshire Police,North Yorkshire Police,-1.515106,54.135190,On or near Priest Lane,E01027707,Harrogate 004C,Anti-social behaviour,,
819e2284ef2e08387d124e16a11d07be273a787b1cedf34ed50e59ab3f7f3aa8,2026-01,North Yorkshire Police,North Yorkshire Police,-1.520194,54.133332,On or near B6265,E01027707,Harrogate 004C,Bicycle theft,Unable to prosecute suspect,
3df6bad7876164c6f21d433d61a38df2e474076c0873b939ab6a7a37988242c7,2026-01,North Yorkshire Police,North Yorkshire Police,-1.500517,54.129154,On or near Fisher Green Lane,E01027707,Harrogate 004C,Burglary,Investigation complete; no suspect identified,
f1ef8b6f8fd9c01fa0cdda9b6246417c5afd9d0f69acd48f2b7745e00bb00337,2026-01,North Yorkshire Police,North Yorkshire Police,-1.519914,54.124407,On or near Gallows Hill Drive,E01027707,Harrogate 004C,Criminal damage and arson,Investigation complete; no suspect identified,
f75af2f12dfa5b342c6b116aaa31a6f6ed0d71cf5f2dfe6e0693de57ebb39c38,2026-01,North Yorkshire Police,North Yorkshire Police,-1.510474,54.130867,On or near Grosvenor Park,E01027707,Harrogate 004C,Violence and sexual offences,Unable to prosecute suspect,
,2026-01,North Yorkshire Police,North Yorkshire Police,-1.524050,54.121376,On or near Supermarket,E01027708,Harrogate 004D,Anti-social behaviour,,
,2026-01,North Yorkshire Police,North Yorkshire Police,-1.524050,54.121376,On or near Supermarket,E01027708,Harrogate 004D,Anti-social behaviour,,
a7e9fe91aac42dd680b4de9cc334b47c84ecbfaaafae6f57e834e27abef8b4b3,2026-01,North Yorkshire Police,North Yorkshire Police,-1.525490,54.121157,On or near Wheatsheaf Close,E01027708,Harrogate 004D,Burglary,Unable to prosecute suspect,
576abb4851c7a21ccb04b2484bedafe06799e8384dc3a920c09ef7d126586c3a,2026-01,North Yorkshire Police,North Yorkshire Police,-1.526649,54.121548,On or near Peckfield,E01027708,Harrogate 004D,Drugs,Further investigation is not in the public interest,
b61423381df9b32b94a7d07d2b7e048bcab16f6d633badf83c53e18134218fa6,2026-01,North Yorkshire Police,North Yorkshire Police,-1.532848,54.121330,On or near Southfield Road,E01027708,Harrogate 004D,Other theft,Investigation complete; no suspect identified,
8c60cbaf2698013159a9b5d3b5dccefe140be2fcdc8292fde0a6a51b1b3695b4,2026-01,North Yorkshire Police,North Yorkshire Police,-1.524143,54.122626,On or near Petrol Station,E01027708,Harrogate 004D,Shoplifting,Investigation complete; no suspect identified,
7a60c0bdaeeba31deabeac1c0a707e99cfd3a772bd4d1443b13b2ddffaa8fcf7,2026-01,North Yorkshire Police,North Yorkshire Police,-1.524050,54.121376,On or near Supermarket,E01027708,Harrogate 004D,Shoplifting,Investigation complete; no suspect identified,
11b7ebb9f2d8f4120de804c671a6e415b423ce74c2d2078305cf7339dd0d7207,2026-01,North Yorkshire Police,North Yorkshire Police,-1.526649,54.121548,On or near Peckfield,E01027708,Harrogate 004D,Violence and sexual offences,Investigation complete; no suspect identified,
e8b9d98c5c1b49936466045f1bbf48c7566033221cbd7d2d9239e4432f0ff9d1,2026-01,North Yorkshire Police,North Yorkshire Police,-1.538763,54.124570,On or near Hell Wath Grove,E01027709,Harrogate 004E,Violence and sexual offences,Investigation complete; no suspect identified,
a811fc050d809d2943369905d1e7775bdd297f6c0ed5b97c7addc960e540ba77,2026-01,North Yorkshire Police,North Yorkshire Police,-1.530348,54.124583,On or near Elm Road,E01027710,Harrogate 004F,Public order,Under investigation,
37cabea99057ee32bfa07a0468d12dd77cfe4773cd12411d9139d0b28ed05441,2026-01,North Yorkshire Police,North Yorkshire Police,-1.534907,54.123252,On or near Rowan Close,E01027710,Harrogate 004F,Violence and sexual offences,Under investigation,
1e10494f7dbc96d802efdfc4c1924ad02f9d38d423d3461c95e83b4ee506c69f,2026-01,North Yorkshire Police,North Yorkshire Police,-1.534907,54.123252,On or near Rowan Close,E01027710,Harrogate 004F,Violence and sexual offences,Under investigation,
228f46ff01e6a3f7629a463c2ae031698b6b7400a359db993de824610241e298,2026-01,North Yorkshire Police,North Yorkshire Police,-1.532771,54.124107,On or near Oak Road,E01027710,Harrogate 004F,Violence and sexual offences,Unable to prosecute suspect,
f904b62b8f20f0018e33160ce50de8d3418eebb0a514e1db3f3e01f1ae4c7a20,2026-01,North Yorkshire Police,North Yorkshire Police,-1.527125,54.128120,On or near Harewood Road,E01027710,Harrogate 004F,Violence and sexual offences,Under investigation,
5505bbc6b8e351f76c4a5c2fa28cb522ffbe1ec2669ff97f18c64dcaaef2c308,2026-01,North Yorkshire Police,North Yorkshire Police,-1.521240,54.127531,On or near Aismunderby Close,E01027711,Harrogate 004G,Shoplifting,Investigation complete; no suspect identified,
5b05289cd72ae0315036e7cd079e737f27fe0e3063ddca34858a7fbc42ffe0ba,2026-01,North Yorkshire Police,North Yorkshire Police,-1.523442,54.129040,On or near Aismunderby Road,E01027711,Harrogate 004G,Violence and sexual offences,Awaiting court outcome,
cc1dde70b1f11606ba9d2ca2e3e3ac7de6ad9f97910997ca0f065f789132a337,2026-01,North Yorkshire Police,North Yorkshire Police,-1.521453,54.128942,On or near Wakeman Road,E01027711,Harrogate 004G,Violence and sexual offences,Unable to prosecute suspect,
,2026-01,North Yorkshire Police,North Yorkshire Police,-1.392004,54.091536,On or near Springfield Close,E01027644,Harrogate 005A,Anti-social behaviour,,
,2026-01,North Yorkshire Police,North Yorkshire Police,-1.397349,54.085859,On or near Supermarket,E01027644,Harrogate 005A,Anti-social behaviour,,
,2026-01,North Yorkshire Police,North Yorkshire Police,-1.399280,54.085272,On or near A168,E01027644,Harrogate 005A,Anti-social behaviour,,
,2026-01,North Yorkshire Police,North Yorkshire Police,-1.395524,54.087087,On or near Hunters Row,E01027644,Harrogate 005A,Anti-social behaviour,,
7a7b96a931db04199c93dcdd2ca685a91d1dc6178d2e30e0fabe2c16d9807e2f,2026-01,North Yorkshire Police,North Yorkshire Police,-1.381890,54.090056,On or near Front Street,E01027644,Harrogate 005A,Public order,Under investigation,
cbb1376082617ee9cb72eaab566a5eaf6247d8f98e25ebf91702a1a7226ac720,2026-01,North Yorkshire Police,North Yorkshire Police,-1.397349,54.085859,On or near Supermarket,E01027644,Harrogate 005A,Shoplifting,Investigation complete; no suspect identified,
122bc8d88d686aea2e33809331ea35834efc360c27b165e27a42dcfbe73b3aab,2026-01,North Yorkshire Police,North Yorkshire Police,-1.397349,54.085859,On or near Supermarket,E01027644,Harrogate 005A,Shoplifting,Investigation complete; no suspect identified,
b594f5d6ca06b04f15963042eaa5e7314faf92b595691eeee78ea742f1b3a8ca,2026-01,North Yorkshire Police,North Yorkshire Police,-1.397461,54.087384,On or near Smithson Grove,E01027644,Harrogate 005A,Violence and sexual offences,Under investigation,
d1ac2eb7f106328a2dd7664da872f55c435d9bbd97e42e364cb4fad18dd4b378,2026-01,North Yorkshire Police,North Yorkshire Police,-1.377357,54.075185,On or near Grafton Lane,E01027644,Harrogate 005A,Violence and sexual offences,Under investigation,
ea1adc0bfc1ea34137c67ccc3e31ff7b186e8c09f76060e5aae7b7e11f8c8b42,2026-01,North Yorkshire Police,North Yorkshire Police,-1.395142,54.086052,On or near The Ridings,E01027644,Harrogate 005A,Violence and sexual offences,Unable to prosecute suspect,
3b8499ca854fbe724f941e283d1abf701679aefbe13450d8c17a080f45c8f532,2026-01,North Yorkshire Police,North Yorkshire Police,-1.395524,54.087087,On or near Hunters Row,E01027644,Harrogate 005A,Violence and sexual offences,Under investigation,
29aec1a8fc3ae9df54669b4436425a779b557f08eea8333708d84755d3bfb5ec,2026-01,North Yorkshire Police,North Yorkshire Police,-1.395439,54.083456,On or near Wetherby Road,E01027644,Harrogate 005A,Violence and sexual offences,Under investigation,
f7deca4eb200ade5090e29048d5a0b5f8da3589e722fd56d3de04e11b2017777,2026-01,North Yorkshire Police,North Yorkshire Police,-1.397349,54.085859,On or near Supermarket,E01027644,Harrogate 005A,Violence and sexual offences,Under investigation,
a5a2a2006dd1a3cfd234dcd04d8d0994b2d11c2ab3d749a34b9c3f46174f5f23,2026-01,North Yorkshire Police,North Yorkshire Police,-1.396320,54.093329,On or near Florence Court,E01027645,Harrogate 005B,Criminal damage and arson,Investigation complete; no suspect identified,
27d4f130b12821571d97d3415d25a087dcdf82fa6b27ed8b541c15ffcd752f9e,2026-01,North Yorkshire Police,North Yorkshire Police,-1.396320,54.093329,On or near Florence Court,E01027645,Harrogate 005B,Criminal damage and arson,Under investigation,
69fe0f5a8f08a19cf32e0d01123b8b09129deb071f5a1ff8af0f5e0eb7204cf2,2026-01,North Yorkshire Police,North Yorkshire Police,-1.397046,54.097071,On or near Lancaster Court,E01027645,Harrogate 005B,Public order,Investigation complete; no suspect identified,
29db4058a0bebd6a6515dee022da2719aa32dc868292c1d5ffaeb068374fd226,2026-01,North Yorkshire Police,North Yorkshire Police,-1.397212,54.094007,On or near Pysbury Walk,E01027645,Harrogate 005B,Violence and sexual offences,Under investigation,
00691d955489949cc064ef8ce3bd88200b9030a403aa24db991e47a6bf779978,2026-01,North Yorkshire Police,North Yorkshire Police,-1.397832,54.089256,On or near Harclay Garth,E01027645,Harrogate 005B,Violence and sexual offences,Under investigation,
e01977c90596a533762906fa52156002946b8c6ba9ce7ce0513e46c10c37d175,2026-01,North Yorkshire Police,North Yorkshire Police,-1.400246,54.093564,On or near Arrows Crescent,E01027645,Harrogate 005B,Violence and sexual offences,Action to be taken by another organisation,
29db4058a0bebd6a6515dee022da2719aa32dc868292c1d5ffaeb068374fd226,2026-01,North Yorkshire Police,North Yorkshire Police,-1.397212,54.094007,On or near Pysbury Walk,E01027645,Harrogate 005B,Violence and sexual offences,Under investigation,
4e6f70ed15b3f4741b851429fe437400d4b1868c2c8f0f235675d82dded65504,2026-01,North Yorkshire Police,North Yorkshire Police,-1.397103,54.094168,On or near St Helena,E01027645,Harrogate 005B,Violence and sexual offences,Unable to prosecute suspect,
776ce9f5fa24a2e357df5f0e039225eeb314a0e125c65916a017cf9253371871,2026-01,North Yorkshire Police,North Yorkshire Police,-1.397832,54.089256,On or near Harclay Garth,E01027645,Harrogate 005B,Violence and sexual offences,Under investigation,
1f030dc1bea10b9105416887beea6bc2a199c8e68003b42fe7c1fb075c89a2b8,2026-01,North Yorkshire Police,North Yorkshire Police,-1.400865,54.088830,On or near Hereford Way,E01027645,Harrogate 005B,Other crime,Under investigation,
,2026-01,North Yorkshire Police,North Yorkshire Police,-1.362156,54.059889,On or near Wood Hill Close,E01027647,Harrogate 005C,Anti-social behaviour,,
8b3571c06b9a71e2a035bd4af20db2dcce566a764412f9565cc7d2c139b06233,2026-01,North Yorkshire Police,North Yorkshire Police,-1.408402,54.100642,On or near Back Lane,E01027687,Harrogate 005D,Violence and sexual offences,Unable to prosecute suspect,
e63c0c562f54f0a86dff78303d967e0e981fa0a8c0d680cc37ece39b03e963d3,2026-01,North Yorkshire Police,North Yorkshire Police,-1.396994,54.099596,On or near Market Hill,E01027687,Harrogate 005D,Violence and sexual offences,Unable to prosecute suspect,
39d7b05ba5bbeec0dd44ee2c79f05662360ce7ba2e108718656f836b483e522f,2026-01,North Yorkshire Police,North Yorkshire Police,-1.393703,54.101899,On or near Owl Place,E01027687,Harrogate 005D,Violence and sexual offences,Unable to prosecute suspect,
2584c5727fab2eee66b464f3a1645e9ba75ad20a9a01023b4c21181189ef8fd1,2026-01,North Yorkshire Police,North Yorkshire Police,-1.393703,54.101899,On or near Owl Place,E01027687,Harrogate 005D,Violence and sexual offences,Under investigation,
4634759c3528a3992be19d4c9e808ea5504f5e74257a718b52ad59ed7bfd32fd,2026-01,North Yorkshire Police,North Yorkshire Police,-1.396994,54.099596,On or near Market Hill,E01027687,Harrogate 005D,Violence and sexual offences,Unable to prosecute suspect,
0e4a07da42c643d932c183ccb753a720dcc56d5ff051b95c02b3917f7b56dfe8,2026-01,North Yorkshire Police,North Yorkshire Police,-1.393666,54.101305,On or near Wren Drive,E01027687,Harrogate 005D,Violence and sexual offences,Investigation complete; no suspect identified,
0d9957522ba276b707d4165f802f0d1a628da2290ca856f4cc8b436c67af088a,2026-01,North Yorkshire Police,North Yorkshire Police,-1.399232,54.100237,On or near Brewery Mews,E01027687,Harrogate 005D,Other crime,Unable to prosecute suspect,
fb586efcf5591893d501b96cc003d8ef7ebd1f73bedb14468a4fb188bb79db0a,2026-01,North Yorkshire Police,North Yorkshire Police,-1.691023,54.056671,On or near The Whinfields,E01027681,Harrogate 006A,Violence and sexual offences,Under investigation,
cb31821e7ad8fd603a55ccfb8082cc33592909037fb3d34bf39a907412202ee5,2026-01,North Yorkshire Police,North Yorkshire Police,-1.707538,54.043392,On or near Dacre Hall Park,E01027693,Harrogate 006B,Violence and sexual offences,Under investigation,
e72db49da07a448948fe9735ce9415f6080ba00a037cb8dd81ab9c652b5ed308,2026-01,North Yorkshire Police,North Yorkshire Police,-1.717846,54.081740,On or near B6265,E01027701,Harrogate 006C,Violence and sexual offences,Unable to prosecute suspect,
e0c83a068017bdb7d0f09418c329b941dc94158b3dccd55966cca3a690416804,2026-01,North Yorkshire Police,North Yorkshire Police,-1.759243,54.086306,On or near High Street,E01027702,Harrogate 006D,Criminal damage and arson,Under investigation,
487603feca7c3d746d321932bf38dec2e1efb65552be5f438c369e40ba74548c,2026-01,North Yorkshire Police,North Yorkshire Police,-1.759243,54.086306,On or near High Street,E01027702,Harrogate 006D,Violence and sexual offences,Under investigation,
9a7c10b3435dceb7fa01c0cae165cf970594d60b9fafdb1d1213f824aa126956,2026-01,North Yorkshire Police,North Yorkshire Police,-1.756543,54.085330,On or near Forest Court,E01027702,Harrogate 006D,Violence and sexual offences,Unable to prosecute suspect,
,2026-01,North Yorkshire Police,North Yorkshire Police,-1.474071,54.064061,On or near St Mongahs Lane,E01027646,Harrogate 007B,Anti-social behaviour,,
1b1015dc675ccde4a94c58e5bb57c69a6d86f07cf720ae53252d56375918835c,2026-01,North Yorkshire Police,North Yorkshire Police,-1.439489,54.059950,On or near Spellow Crescent,E01027646,Harrogate 007B,Other theft,Investigation complete; no suspect identified,
,2026-01,North Yorkshire Police,North Yorkshire Police,-1.470286,54.013300,On or near Tentergate Avenue,E01027674,Harrogate 007C,Anti-social behaviour,,
46ba1ae443c7504e2c180eeef943eac45d9520c5cda3bf2a02207a130be59d87,2026-01,North Yorkshire Police,North Yorkshire Police,-1.487003,54.017686,On or near Netheredge Drive,E01027674,Harrogate 007C,Criminal damage and arson,Under investigation,
7a99bfc5cf1a367ad02347f0b3c60c45e22e6477685ad2c33e2759560a9ce53c,2026-01,North Yorkshire Police,North Yorkshire Police,-1.494536,54.020684,On or near Red Hill Lane,E01027674,Harrogate 007C,Drugs,Offender given a caution,
abbb5359d1e3dadcd9147fc900d1d8c0eafe56ac46bf50886ecc4b530e7c498a,2026-01,North Yorkshire Police,North Yorkshire Police,-1.487003,54.017686,On or near Netheredge Drive,E01027674,Harrogate 007C,Other theft,Unable to prosecute suspect,
caad77eeab7514e9e63d47e3e277fa673bab83deef97f6814adcd230f451c01b,2026-01,North Yorkshire Police,North Yorkshire Police,-1.487639,54.016817,On or near Fortune Hill,E01027674,Harrogate 007C,Violence and sexual offences,Under investigation,
,2026-01,North Yorkshire Police,North Yorkshire Police,-1.461342,54.019291,On or near Beech Grove,E01027675,Harrogate 007D,Anti-social behaviour,,
256e4deb005175db03d5e13eda1a6977e39043f86b399bb36f48b0e5ddb59258,2026-01,North Yorkshire Police,North Yorkshire Police,-1.458805,54.018354,On or near Hazelheads Lane,E01027675,Harrogate 007D,Violence and sexual offences,Unable to prosecute suspect,
6ae794dc7d9d738462c878b2e4193cc48c9332d00c24212cfcfadc0d48c99329,2026-01,North Yorkshire Police,North Yorkshire Police,-1.458805,54.018354,On or near Hazelheads Lane,E01027675,Harrogate 007D,Violence and sexual offences,Unable to prosecute suspect,
582bf87efbcb496391a55c1c88ca8d2ee5fcf48f191de6a6812a1c60947791d3,2026-01,North Yorkshire Police,North Yorkshire Police,-1.541217,54.013088,On or near Spencer'S Way,E01027641,Harrogate 008A,Violence and sexual offences,Unable to prosecute suspect,
d70d34c7c33f084c8f3dd179633f2fbffa8566979fc64816a87e85c6b332b86c,2026-01,North Yorkshire Police,North Yorkshire Police,-1.563632,54.022070,On or near ,E01027665,Harrogate 008C,Other theft,Unable to prosecute suspect,
f59274e13e8b8fc56bb4797788c7966117048981399ca238708f81cfe2ae249f,2026-01,North Yorkshire Police,North Yorkshire Police,-1.566526,54.021226,On or near Church Close,E01027665,Harrogate 008C,Other theft,Under investigation,
b6751e9d38361e0375b85082a7d9566cc4948f94e66fed6de38113f66fdfbf0e,2026-01,North Yorkshire Police,North Yorkshire Police,-1.567211,54.040471,On or near Main Street,E01027665,Harrogate 008C,Public order,Under investigation,
fff272360611c2135f25a80652dffbe1609a8ca322deaae86a6fd0bf2e13746c,2026-01,North Yorkshire Police,North Yorkshire Police,-1.564893,54.019045,On or near ,E01027665,Harrogate 008C,Violence and sexual offences,Under investigation,
65b880bef980accbff2eeafb00f601acd10da3afd41d568a3c2942a2698a4bd0,2026-01,North Yorkshire Police,North Yorkshire Police,-1.563559,54.022995,On or near ,E01027665,Harrogate 008C,Violence and sexual offences,Unable to prosecute suspect,
40b6caedf7596e8effbd9a1b22cf9d56eb4bc1e26a2f5f36584d058e737fae9c,2026-01,North Yorkshire Police,North Yorkshire Police,-1.565750,54.045858,On or near Birthwaite Lane,E01027665,Harrogate 008C,Violence and sexual offences,Unable to prosecute suspect,
39105aebce3ec1fbaf59a3658590bc73e89b254983a54e96e88e2a839d7f07a8,2026-01,North Yorkshire Police,North Yorkshire Police,-1.566526,54.021226,On or near Church Close,E01027665,Harrogate 008C,Other crime,Further investigation is not in the public interest,
,2026-01,North Yorkshire Police,North Yorkshire Police,-1.574811,54.006507,On or near Bluebell Walk,E01027722,Harrogate 008D,Anti-social behaviour,,
7dbe53048c2035adf5adeb36d82b7d623452b2418c757fddc0c9adb668f2b0ab,2026-01,North Yorkshire Police,North Yorkshire Police,-1.576235,54.005963,On or near Harebell Close,E01027722,Harrogate 008D,Other theft,Under investigation,
a95217df4574842c21994d565bf77ffaf77ac9eee6f6b7625f324302386ede19,2026-01,North Yorkshire Police,North Yorkshire Police,-1.570103,54.005870,On or near Campion Grove,E01027722,Harrogate 008D,Violence and sexual offences,Unable to prosecute suspect,
acb9e611affc6b8e25e0d24f54b57334a7e1a702b8e3fb88897b21cb71803124,2026-01,North Yorkshire Police,North Yorkshire Police,-1.574811,54.006507,On or near Bluebell Walk,E01027722,Harrogate 008D,Violence and sexual offences,Unable to prosecute suspect,
399b9ef942e990de24522090a27115cdf315b47a91ec68ddad56485dc9946d43,2026-01,North Yorkshire Police,North Yorkshire Police,-1.572186,54.006596,On or near Tansy Close,E01027722,Harrogate 008D,Violence and sexual offences,Further investigation is not in the public interest,
,2026-01,North Yorkshire Police,North Yorkshire Police,-1.604181,54.019468,On or near Brookfield Garth,E01034963,Harrogate 008E,Anti-social behaviour,,
0f7a0f80e6255bb697a372a5b3f8ab8df6a61f02475df58412013eacd682e392,2026-01,North Yorkshire Police,North Yorkshire Police,-1.602785,54.021800,On or near Dawson Court,E01034963,Harrogate 008E,Burglary,Investigation complete; no suspect identified,
73cda7f54d113b46a6de4fdda7923eae66823698f2777d2f75a440c2f0b48774,2026-01,North Yorkshire Police,North Yorkshire Police,-1.586324,53.994881,On or near Penny Pot Lane,E01034964,Harrogate 008F,Other theft,Under investigation,
86a80cd971d9933de8b805519540662bdea411ac366861c487e1ac914f0379d5,2026-01,North Yorkshire Police,North Yorkshire Police,-1.569281,54.024099,On or near ,E01034964,Harrogate 008F,Other theft,Under investigation,
344b14e6f69e5f1415df7dc13dfd918a923cd804cc12ca33624b02f06b815e23,2026-01,North Yorkshire Police,North Yorkshire Police,-1.598317,53.994340,On or near ,E01034964,Harrogate 008F,Violence and sexual offences,Under investigation,
c3c60d95ccda3fdd4866c6ffb55e481d6922a855379db3d03ed8947a63104c50,2026-01,North Yorkshire Police,North Yorkshire Police,-1.586324,53.994881,On or near Penny Pot Lane,E01034964,Harrogate 008F,Violence and sexual offences,Unable to prosecute suspect,
e6cc8f10f4ab54a90f9f36264a3f8d08dc99a4a76e97e9e74aae74bf330ce870,2026-01,North Yorkshire Police,North Yorkshire Police,-1.598317,53.994340,On or near ,E01034964,Harrogate 008F,Other crime,Under investigation,
,2026-01,North Yorkshire Police,North Yorkshire Police,-1.453294,54.008029,On or near Cotterdale Close,E01027668,Harrogate 009A,Anti-social behaviour,,
b163570159d17870699c21831169ccc83af020c90f6e6ec0b2bf39d7d1016d50,2026-01,North Yorkshire Police,North Yorkshire Police,-1.455179,54.008541,On or near Chain Lane,E01027668,Harrogate 009A,Vehicle crime,Under investigation,
0bd2cc91bb313fa6a18eeaad9d940b3e0d84ba1a8d42cd289070263becad826e,2026-01,North Yorkshire Police,North Yorkshire Police,-1.458388,54.011719,On or near Hambleton Court,E01027668,Harrogate 009A,Violence and sexual offences,Under investigation,
9dcd05d974d9022922a95861ceac9f687f91764b9fc7900c5e6deb086ea33f93,2026-01,North Yorkshire Police,North Yorkshire Police,-1.456842,54.010867,On or near Ethel Crescent,E01027668,Harrogate 009A,Violence and sexual offences,Under investigation,
3d916e41018586878d0a5f7a0cdfd7b1e90e6dd7d27036dde735c32cf35ad7c3,2026-01,North Yorkshire Police,North Yorkshire Police,-1.458017,54.012077,On or near Hambleton Close,E01027668,Harrogate 009A,Other crime,Under investigation,
,2026-01,North Yorkshire Police,North Yorkshire Police,-1.468199,54.009363,On or near Whiteley Yard,E01027669,Harrogate 009B,Anti-social behaviour,,
,2026-01,North Yorkshire Police,North Yorkshire Police,-1.468184,54.012949,On or near Supermarket,E01027669,Harrogate 009B,Anti-social behaviour,,
,2026-01,North Yorkshire Police,North Yorkshire Police,-1.462626,54.007289,On or near Pinfold Close,E01027669,Harrogate 009B,Anti-social behaviour,,
,2026-01,North Yorkshire Police,North Yorkshire Police,-1.469712,54.010412,On or near Stead'S Yard,E01027669,Harrogate 009B,Anti-social behaviour,,
,2026-01,North Yorkshire Police,North Yorkshire Police,-1.458059,54.010019,On or near Nora Avenue,E01027669,Harrogate 009B,Anti-social behaviour,,
9575dc682705b7d2d4f1a8b3953810a7adb13e5b8225ae85e978380b952554a7,2026-01,North Yorkshire Police,North Yorkshire Police,-1.469712,54.010412,On or near Stead'S Yard,E01027669,Harrogate 009B,Drugs,Further investigation is not in the public interest,
aea2606409b256540bb12ce11767d3569497e16f153d9bb924c29ab8d17d3c06,2026-01,North Yorkshire Police,North Yorkshire Police,-1.465468,54.008155,On or near Park Place,E01027669,Harrogate 009B,Public order,Unable to prosecute suspect,
28b0482ac2908fd42445273d27a62d7046246d4f92a93922daa5fd2230925c73,2026-01,North Yorkshire Police,North Yorkshire Police,-1.465468,54.008155,On or near Park Place,E01027669,Harrogate 009B,Shoplifting,Investigation complete; no suspect identified,
5e9e9a79ffc5d17b815644e8838dafc13938fb764f5a751e0c150598b0c1ddd8,2026-01,North Yorkshire Police,North Yorkshire Police,-1.458059,54.010019,On or near Nora Avenue,E01027669,Harrogate 009B,Violence and sexual offences,Unable to prosecute suspect,
1c7c95d872d0576358d9fa6c1e36ae305a10da461695a4b39aed8533d901988a,2026-01,North Yorkshire Police,North Yorkshire Police,-1.458059,54.010019,On or near Nora Avenue,E01027669,Harrogate 009B,Violence and sexual offences,Unable to prosecute suspect,
cbc3608561decb9bf4a44c7c011b87ded4df6b5e8d6161a08976459e656994f8,2026-01,North Yorkshire Police,North Yorkshire Police,-1.459847,54.006306,On or near York Garth,E01027669,Harrogate 009B,Violence and sexual offences,Under investigation,
e906badd013f9069d83e47f233fb5bd730c52d37845b59820c7a1733b9f17ec4,2026-01,North Yorkshire Police,North Yorkshire Police,-1.458059,54.010019,On or near Nora Avenue,E01027669,Harrogate 009B,Violence and sexual offences,Unable to prosecute suspect,
bff08d2cca171b178e1e0f95028e0f365d62de08f2964bcb7793f865473356f6,2026-01,North Yorkshire Police,North Yorkshire Police,-1.458059,54.010019,On or near Nora Avenue,E01027669,Harrogate 009B,Violence and sexual offences,Unable to prosecute suspect,
adafa3bf268a4505e0491e4f937f2a159a2c7beda688a9707802d8dac7044afc,2026-01,North Yorkshire Police,North Yorkshire Police,-1.458059,54.010019,On or near Nora Avenue,E01027669,Harrogate 009B,Violence and sexual offences,Unable to prosecute suspect,
063a55168bf9d2ddcaf5fef0b22002cee11b71a72767390bd8d786088a1e0496,2026-01,North Yorkshire Police,North Yorkshire Police,-1.458059,54.010019,On or near Nora Avenue,E01027669,Harrogate 009B,Violence and sexual offences,Unable to prosecute suspect,
c0273c99cc13872c209dbfb09652f95d82f5f2772d8ce09444cad4160a818714,2026-01,North Yorkshire Police,North Yorkshire Police,-1.458059,54.010019,On or near Nora Avenue,E01027669,Harrogate 009B,Violence and sexual offences,Unable to prosecute suspect,
fd2c85f7b3df87ea7a7705eb13b6b36edb690caa1a0bf0a8e596dc352b72b4dc,2026-01,North Yorkshire Police,North Yorkshire Police,-1.469712,54.010412,On or near Stead'S Yard,E01027669,Harrogate 009B,Violence and sexual offences,Unable to prosecute suspect,
5d22c7f06595a59df922695ef6a272c586355a586d8e167009896e0cb693e521,2026-01,North Yorkshire Police,North Yorkshire Police,-1.458059,54.010019,On or near Nora Avenue,E01027669,Harrogate 009B,Violence and sexual offences,Unable to prosecute suspect,
f7f78a8a8d09b8a5d5dfb28924a68b45f3ecd5170ae94af6c632996b72415f06,2026-01,North Yorkshire Police,North Yorkshire Police,-1.458059,54.010019,On or near Nora Avenue,E01027669,Harrogate 009B,Violence and sexual offences,Unable to prosecute suspect,
6edaf267a5fa05d21450669cd70a4759bfed5ee27302d56dee79be449d4562ab,2026-01,North Yorkshire Police,North Yorkshire Police,-1.458059,54.010019,On or near Nora Avenue,E01027669,Harrogate 009B,Violence and sexual offences,Unable to prosecute suspect,
,2026-01,North Yorkshire Police,North Yorkshire Police,-1.469325,54.008424,On or near Kirkgate,E01027673,Harrogate 009C,Anti-social behaviour,,
,2026-01,North Yorkshire Police,North Yorkshire Police,-1.468254,54.007449,On or near Parking Area,E01027673,Harrogate 009C,Anti-social behaviour,,
428c98c3f81922b8bcd9cee3e388d57e34e992dee9ab08a8ef590f8692ad5de2,2026-01,North Yorkshire Police,North Yorkshire Police,-1.465358,54.007688,On or near Bus/Coach Station,E01027673,Harrogate 009C,Bicycle theft,Under investigation,
d10b4b0042929d44afb68b58f547507e5fd6775fdcdb095bb964feb7f83ebdd5,2026-01,North Yorkshire Police,North Yorkshire Police,-1.468816,54.008871,On or near Finkle Street,E01027673,Harrogate 009C,Criminal damage and arson,Unable to prosecute suspect,
e9aa72de3f0cd0f16da48aa136655a1532ff8722f1e058a89cfad8058520f713,2026-01,North Yorkshire Police,North Yorkshire Police,-1.468739,54.004098,On or near Claro Mews,E01027673,Harrogate 009C,Other theft,Under investigation,
9771b52dbf929bba791de92e9b3a69c820f51998f73c72952725af580f7c3fd6,2026-01,North Yorkshire Police,North Yorkshire Police,-1.467277,54.007534,On or near Castlegate,E01027673,Harrogate 009C,Other theft,Under investigation,
4a4efc092395150e16d384a85ec866d8cc76645c0cab96774dd1ab61b0eac859,2026-01,North Yorkshire Police,North Yorkshire Police,-1.465358,54.007688,On or near Bus/Coach Station,E01027673,Harrogate 009C,Other theft,Investigation complete; no suspect identified,
16c627626feebd7f473324be4ec229a5e041f6150f0ebb4a7926a4568111e7b5,2026-01,North Yorkshire Police,North Yorkshire Police,-1.465358,54.007688,On or near Bus/Coach Station,E01027673,Harrogate 009C,Other theft,Under investigation,
2b2b6d96eda8a11b9b30d3f1fa992922aefb45ae0f3a5d59d7ae0935eb929518,2026-01,North Yorkshire Police,North Yorkshire Police,-1.467675,54.006206,On or near Brewerton Street,E01027673,Harrogate 009C,Public order,Unable to prosecute suspect,
4bef51a2442cf79273d9720c1308ffa37d247079db5c050cef6da86466372481,2026-01,North Yorkshire Police,North Yorkshire Police,-1.468816,54.008871,On or near Finkle Street,E01027673,Harrogate 009C,Robbery,Unable to prosecute suspect,
ea5dad1d26c329b1d33d01e0812f127783b5dcf97764af3d14408fccbdf344d8,2026-01,North Yorkshire Police,North Yorkshire Police,-1.468739,54.004098,On or near Claro Mews,E01027673,Harrogate 009C,Vehicle crime,Unable to prosecute suspect,
26d6427579ac9de0fdcb2df3d48564711ddceebf8672cfe764ca2d24d4ac9c9d,2026-01,North Yorkshire Police,North Yorkshire Police,-1.468739,54.004098,On or near Claro Mews,E01027673,Harrogate 009C,Violence and sexual offences,Unable to prosecute suspect,
6c93a90d6f788930c31953e2a61569be300e5e8cbaef59fb50597a4c53a32a26,2026-01,North Yorkshire Police,North Yorkshire Police,-1.465358,54.007688,On or near Bus/Coach Station,E01027673,Harrogate 009C,Violence and sexual offences,Under investigation,
6c93a90d6f788930c31953e2a61569be300e5e8cbaef59fb50597a4c53a32a26,2026-01,North Yorkshire Police,North Yorkshire Police,-1.465358,54.007688,On or near Bus/Coach Station,E01027673,Harrogate 009C,Violence and sexual offences,Unable to prosecute suspect,
b8d7124d1321667868a68e8d186caf8cf37b04e5eea401003ebf7938d45ff7a6,2026-01,North Yorkshire Police,North Yorkshire Police,-1.464016,54.006010,On or near Orchard Court,E01027673,Harrogate 009C,Violence and sexual offences,Under investigation,
4c784f2359be9079223624ac8b00a2b89a57cfce4510098721e467cc760eef92,2026-01,North Yorkshire Police,North Yorkshire Police,-1.462119,54.005228,On or near King James Road,E01027673,Harrogate 009C,Violence and sexual offences,Local resolution,
a60d1c0c9271fe6cb1ff489534974ccebee38287466cf25f96f553e293d199e5,2026-01,North Yorkshire Police,North Yorkshire Police,-1.468739,54.004098,On or near Claro Mews,E01027673,Harrogate 009C,Other crime,Further investigation is not in the public interest,
,2026-01,North Yorkshire Police,North Yorkshire Police,-1.462900,54.013276,On or near Frogmire Close,E01027676,Harrogate 009D,Anti-social behaviour,,
,2026-01,North Yorkshire Police,North Yorkshire Police,-1.459708,54.016974,On or near Carmires Avenue,E01027676,Harrogate 009D,Anti-social behaviour,,
,2026-01,North Yorkshire Police,North Yorkshire Police,-1.461193,54.015434,On or near Meadow Road,E01027676,Harrogate 009D,Anti-social behaviour,,
,2026-01,North Yorkshire Police,North Yorkshire Police,-1.459748,54.013945,On or near Halfpenny Close,E01027676,Harrogate 009D,Anti-social behaviour,,
,2026-01,North Yorkshire Police,North Yorkshire Police,-1.459958,54.017712,On or near Orchard Close,E01027676,Harrogate 009D,Anti-social behaviour,,
,2026-01,North Yorkshire Police,North Yorkshire Police,-1.459958,54.017712,On or near Orchard Close,E01027676,Harrogate 009D,Anti-social behaviour,,
ebbf429ba111d359fed2308355ba9f4b039ee4454e642d9aace38dc238e56ee7,2026-01,North Yorkshire Police,North Yorkshire Police,-1.464208,54.014801,On or near Stockwell Place,E01027676,Harrogate 009D,Criminal damage and arson,Investigation complete; no suspect identified,
108e063e60907a250df6c85ab6f237f636babe45abfb831090dbc807b7093265,2026-01,North Yorkshire Police,North Yorkshire Police,-1.461947,54.017352,On or near Inman Walk,E01027676,Harrogate 009D,Violence and sexual offences,Unable to prosecute suspect,
e9755f7c09f71fbade0725a30d45971bbd52bdf698a4711f1ea533f4a5625032,2026-01,North Yorkshire Police,North Yorkshire Police,-1.461947,54.017352,On or near Inman Walk,E01027676,Harrogate 009D,Violence and sexual offences,Under investigation,
c3fdb07aa36ede211e32f943067c549bb0e1a807ddb7b1b95bf025eb287008d1,2026-01,North Yorkshire Police,North Yorkshire Police,-1.539478,54.013081,On or near Bachelor Road,E01027638,Harrogate 010A,Criminal damage and arson,Under investigation,
9d64492ff61a10bdb394720bcc03f1e13c8895b08f65632b4a6f2ca4f380bc5d,2026-01,North Yorkshire Police,North Yorkshire Police,-1.537596,54.006612,On or near Warren Place,E01027638,Harrogate 010A,Shoplifting,Awaiting court outcome,
83c4f03e5f3962a6ff47fb6820a85b185d83eda0c61e60aa3cf672cee349226b,2026-01,North Yorkshire Police,North Yorkshire Police,-1.537596,54.006612,On or near Warren Place,E01027638,Harrogate 010A,Shoplifting,Investigation complete; no suspect identified,
44742a80bc99b23a2f718bcd51b4bafc7eacd00e436ac0e61b2b02438359b833,2026-01,North Yorkshire Police,North Yorkshire Police,-1.537596,54.006612,On or near Warren Place,E01027638,Harrogate 010A,Shoplifting,Investigation complete; no suspect identified,
c29704797ac006da6f0c14e946e01951067c42e871f12f727f35975c0bf97d72,2026-01,North Yorkshire Police,North Yorkshire Police,-1.537596,54.006612,On or near Warren Place,E01027638,Harrogate 010A,Shoplifting,Awaiting court outcome,
4dd6d4adffee15b77409d7169501815aae2e2025cd83a3146bdc71e4502a3074,2026-01,North Yorkshire Police,North Yorkshire Police,-1.537596,54.006612,On or near Warren Place,E01027638,Harrogate 010A,Shoplifting,Unable to prosecute suspect,
4b448c66a17bb911af6acb310acf8a777b303dc3ad3ccd9b3b874c1fdf0fa1d8,2026-01,North Yorkshire Police,North Yorkshire Police,-1.537596,54.006612,On or near Warren Place,E01027638,Harrogate 010A,Shoplifting,Awaiting court outcome,
40343f561bbb0b7a1188c92549d2482a3c765679c7e979f869011527113e95f0,2026-01,North Yorkshire Police,North Yorkshire Police,-1.537596,54.006612,On or near Warren Place,E01027638,Harrogate 010A,Shoplifting,Investigation complete; no suspect identified,
e1a7491e0c4104cb2140c5be9f66cbfb1b6118c6435a2500587d5e7d399f5e0f,2026-01,North Yorkshire Police,North Yorkshire Police,-1.537596,54.006612,On or near Warren Place,E01027638,Harrogate 010A,Shoplifting,Awaiting court outcome,
62e6bd75b5b82616ff4a17893c737639aafb4fec2713128cdb9acab989379152,2026-01,North Yorkshire Police,North Yorkshire Police,-1.539478,54.013081,On or near Bachelor Road,E01027638,Harrogate 010A,Vehicle crime,Investigation complete; no suspect identified,
9ae3b6a2a126b632a724dad7f163f4e139c83aca242de185f1153bb2bc5d999d,2026-01,North Yorkshire Police,North Yorkshire Police,-1.537596,54.006612,On or near Warren Place,E01027638,Harrogate 010A,Violence and sexual offences,Unable to prosecute suspect,
,2026-01,North Yorkshire Police,North Yorkshire Police,-1.537777,54.009552,On or near Hill Top Crescent,E01027640,Harrogate 010C,Anti-social behaviour,,
a7fbcef46c076217f06eb39a0ee0302ba3d5e0fb426c3f2e31b37eca537e9c5b,2026-01,North Yorkshire Police,North Yorkshire Police,-1.537777,54.009552,On or near Hill Top Crescent,E01027640,Harrogate 010C,Violence and sexual offences,Unable to prosecute suspect,
,2026-01,North Yorkshire Police,North Yorkshire Police,-1.543381,54.009204,On or near Redhill Road,E01027690,Harrogate 010D,Anti-social behaviour,,
9ecfbfd3def24d7cad27a7147a4f9452dd614db10d8d0121ce382ff74f45af9f,2026-01,North Yorkshire Police,North Yorkshire Police,-1.549834,54.006479,On or near Omega Street,E01027690,Harrogate 010D,Criminal damage and arson,Unable to prosecute suspect,
88fbd8375e3122cd085907d66756320c313884048e58a8bfb8f72d60434b151e,2026-01,North Yorkshire Police,North Yorkshire Police,-1.530281,54.008606,On or near Birch Grove,E01027738,Harrogate 010E,Bicycle theft,Unable to prosecute suspect,
631500e662977956c5e9265bbe2bd5a590c955e9633aec8fd2b6259685d1e9fa,2026-01,North Yorkshire Police,North Yorkshire Police,-1.530726,54.008058,On or near Supermarket,E01027738,Harrogate 010E,Shoplifting,Awaiting court outcome,
af52f49247531ad09fe98ed834c50823e57cd6f9c7fbc4ee6a26e36eb6bdba36,2026-01,North Yorkshire Police,North Yorkshire Police,-1.530726,54.008058,On or near Supermarket,E01027738,Harrogate 010E,Shoplifting,Awaiting court outcome,
6de4e8c2cce06b895cb8c5a725cedd9fedb6cdc52691499c574a9d5b240a76ba,2026-01,North Yorkshire Police,North Yorkshire Police,-1.530726,54.008058,On or near Supermarket,E01027738,Harrogate 010E,Shoplifting,Awaiting court outcome,
2c18e77b002fb910f704776a0da468e668774a9e00a2ba9672c15e15562a4ae2,2026-01,North Yorkshire Police,North Yorkshire Police,-1.528359,54.008481,On or near Walnut Grove,E01027738,Harrogate 010E,Vehicle crime,Investigation complete; no suspect identified,
bd20c0bf3bd0966a97975c274c004fe595b56648f7b4e0039702ab90812547cb,2026-01,North Yorkshire Police,North Yorkshire Police,-1.529779,54.007049,On or near Butler Road,E01027738,Harrogate 010E,Vehicle crime,Investigation complete; no suspect identified,
3a417b89aa59eb589dfc885718e0686f751c5826c754176ffedbe180946cdd10,2026-01,North Yorkshire Police,North Yorkshire Police,-1.531162,54.008951,On or near Chestnut Grove,E01027738,Harrogate 010E,Vehicle crime,Investigation complete; no suspect identified,
,2026-01,North Yorkshire Police,North Yorkshire Police,-1.533745,54.004449,On or near Cecil Street,E01027739,Harrogate 010F,Anti-social behaviour,,
fba4c87057c6755db533f71107011d2d6a92edbafd6481746564efaebaeff3a0,2026-01,North Yorkshire Police,North Yorkshire Police,-1.536892,54.005414,On or near Petrol Station,E01027739,Harrogate 010F,Criminal damage and arson,Investigation complete; no suspect identified,
5889d3cd973e73c4623fd0f9eda13cba589a70833bc71076a286b917cf13af27,2026-01,North Yorkshire Police,North Yorkshire Police,-1.531578,54.005861,On or near Cavendish Street,E01027739,Harrogate 010F,Drugs,Unable to prosecute suspect,
44cfeea4f7d538e454f0aeab1f697564f02e55cdbb507f8bbbc8d2cf22395d42,2026-01,North Yorkshire Police,North Yorkshire Police,-1.536892,54.005414,On or near Petrol Station,E01027739,Harrogate 010F,Other theft,Unable to prosecute suspect,
d3267d8c4da615af82224533635c27b75baf6d08d52b497c71ceb66fd498aa6d,2026-01,North Yorkshire Police,North Yorkshire Police,-1.533745,54.004449,On or near Cecil Street,E01027739,Harrogate 010F,Other theft,Unable to prosecute suspect,
f25233d80fdc137dc9081e7d27007bb7963894a61462b9cfd77c198c6688ab0e,2026-01,North Yorkshire Police,North Yorkshire Police,-1.532931,54.006243,On or near King Edward'S Drive,E01027739,Harrogate 010F,Shoplifting,Investigation complete; no suspect identified,
1192454b0675be959e60c3d2cc98086ae4de7bd8e734ebcf0b14596b975093ea,2026-01,North Yorkshire Police,North Yorkshire Police,-1.532931,54.006243,On or near King Edward'S Drive,E01027739,Harrogate 010F,Shoplifting,Under investigation,
53a5f1cb5cc225b2e78bb2ef0505c4a94e4ce2764a5b4736411d1e0e8de5bf94,2026-01,North Yorkshire Police,North Yorkshire Police,-1.532931,54.006243,On or near King Edward'S Drive,E01027739,Harrogate 010F,Shoplifting,Under investigation,
f9165ca39bcd4ef41faf047f50554ea2cacb2a19a3c3f100de4f26b20ec60b9b,2026-01,North Yorkshire Police,North Yorkshire Police,-1.532931,54.006243,On or near King Edward'S Drive,E01027739,Harrogate 010F,Shoplifting,Awaiting court outcome,
3595e00afd962594ca9ab12287d71f884a52d7736ec6300c03e77dafdc3a7b8d,2026-01,North Yorkshire Police,North Yorkshire Police,-1.532931,54.006243,On or near King Edward'S Drive,E01027739,Harrogate 010F,Shoplifting,Further investigation is not in the public interest,
6c3bfaadb5c2b5860be98bb757fd763c37e60b753ee218917de0f46fcfbae30a,2026-01,North Yorkshire Police,North Yorkshire Police,-1.532931,54.006243,On or near King Edward'S Drive,E01027739,Harrogate 010F,Shoplifting,Investigation complete; no suspect identified,
8d734a30e4256f3faf9a1c0a2a18225268d9f263b8b88170971b9bc7a9290a49,2026-01,North Yorkshire Police,North Yorkshire Police,-1.537500,54.005686,On or near Supermarket,E01027739,Harrogate 010F,Shoplifting,Awaiting court outcome,
f69182105127a9675b802e6353d5fd52136170c0efb5b2e2a535cac435c84f38,2026-01,North Yorkshire Police,North Yorkshire Police,-1.537500,54.005686,On or near Supermarket,E01027739,Harrogate 010F,Shoplifting,Awaiting court outcome,
468d63832be66cae73bb6fdb084c342ab1f3385c65bccc4b406dff43ab87fd35,2026-01,North Yorkshire Police,North Yorkshire Police,-1.537500,54.005686,On or near Supermarket,E01027739,Harrogate 010F,Shoplifting,Awaiting court outcome,
02120fbc9bc0fdb8af0fc97c5ba66237e2ce30feec7364a0e9b1d667789ad843,2026-01,North Yorkshire Police,North Yorkshire Police,-1.537500,54.005686,On or near Supermarket,E01027739,Harrogate 010F,Shoplifting,Awaiting court outcome,
61d7ac2a0ca2520dcd0d585ef919f3aa4b3797d8d8455a02c9269db72e4cca92,2026-01,North Yorkshire Police,North Yorkshire Police,-1.532931,54.006243,On or near King Edward'S Drive,E01027739,Harrogate 010F,Shoplifting,Awaiting court outcome,
71be2cf4b312ff5fd8b4bbd9b33f4f9161a581eba44e9cab0df00c42b4386c7f,2026-01,North Yorkshire Police,North Yorkshire Police,-1.532931,54.006243,On or near King Edward'S Drive,E01027739,Harrogate 010F,Shoplifting,Investigation complete; no suspect identified,
c3ad7fba8ce9ef35113016ca5324be50acf468c2aa99034fbc2613767a1160bd,2026-01,North Yorkshire Police,North Yorkshire Police,-1.532931,54.006243,On or near King Edward'S Drive,E01027739,Harrogate 010F,Shoplifting,Investigation complete; no suspect identified,
1c37003750bfc57188d76866485b126fc0dafe9ceeb5021adb59fe4d7a20ad5d,2026-01,North Yorkshire Police,North Yorkshire Police,-1.536892,54.005414,On or near Petrol Station,E01027739,Harrogate 010F,Vehicle crime,Investigation complete; no suspect identified,
a2dc84357a8feb5e6cd234388cad9f630b95c28558ddaf1fad36f08882e133a6,2026-01,North Yorkshire Police,North Yorkshire Police,-1.533745,54.004449,On or near Cecil Street,E01027739,Harrogate 010F,Violence and sexual offences,Unable to prosecute suspect,
24529c26e986638d715a0bb1e078f374ea28f81f85f7d3b62c6d6872bc391a39,2026-01,North Yorkshire Police,North Yorkshire Police,-1.537500,54.005686,On or near Supermarket,E01027739,Harrogate 010F,Violence and sexual offences,Awaiting court outcome,
24529c26e986638d715a0bb1e078f374ea28f81f85f7d3b62c6d6872bc391a39,2026-01,North Yorkshire Police,North Yorkshire Police,-1.537500,54.005686,On or near Supermarket,E01027739,Harrogate 010F,Violence and sexual offences,Under investigation,
077010102132d261ccd80f9978d9ab40d86e6947f67b9aa1da1fa8b76a2d9bf1,2026-01,North Yorkshire Police,North Yorkshire Police,-1.523749,54.011321,On or near Sandhill Drive,E01027741,Harrogate 010G,Burglary,Under investigation,
7a571c8580d2021f5c75dd60c013f61054736bb91a0b069950e725eb2698812a,2026-01,North Yorkshire Police,North Yorkshire Police,-1.525579,54.008794,On or near Poplar Grove,E01027741,Harrogate 010G,Violence and sexual offences,Unable to prosecute suspect,
2383174d5d329b044e935a3266ddaff191ad987604ae6cfbc4e45802b4647a54,2026-01,North Yorkshire Police,North Yorkshire Police,-1.546835,54.003052,On or near Coppice View,E01027689,Harrogate 011A,Drugs,Awaiting court outcome,
fa870f958de58c3bd991e6177e7f6dd3e1a273a4ed7d194cc460c197ae3806ac,2026-01,North Yorkshire Police,North Yorkshire Police,-1.548126,54.003599,On or near Supermarket,E01027689,Harrogate 011A,Other theft,Under investigation,
bc2169e888d90113b7da472997a33c0275ed144c1cdd1b334521008872cebf32,2026-01,North Yorkshire Police,North Yorkshire Police,-1.548126,54.003599,On or near Supermarket,E01027689,Harrogate 011A,Shoplifting,Awaiting court outcome,
,2026-01,North Yorkshire Police,North Yorkshire Police,-1.554838,54.008007,On or near Oak Beck Road,E01027691,Harrogate 011B,Anti-social behaviour,,
,2026-01,North Yorkshire Police,North Yorkshire Police,-1.555267,54.004980,On or near Burnside Close,E01027691,Harrogate 011B,Anti-social behaviour,,
45751fcca2ef5fedce4a992e5cebbfba8fa5bee71425dddaabc6575bb00060af,2026-01,North Yorkshire Police,North Yorkshire Police,-1.555307,54.005510,On or near Burnside Road,E01027691,Harrogate 011B,Burglary,Investigation complete; no suspect identified,
ceb32c1df31c128f671b8cd98a20ff4ff752913084ad5be6f0c045572ead8aae,2026-01,North Yorkshire Police,North Yorkshire Police,-1.554295,54.005947,On or near Euclid Avenue,E01027691,Harrogate 011B,Burglary,Under investigation,
ddadfe45db907bc0c57492d21fb56c50275c45008a158dc8b9223ec1ca69ec9b,2026-01,North Yorkshire Police,North Yorkshire Police,-1.553304,54.005943,On or near Electric Avenue,E01027691,Harrogate 011B,Public order,Unable to prosecute suspect,
3610687579a2ebf4d056770a1db1a9f2199bebfd1643c11ef3fda00d25ad201b,2026-01,North Yorkshire Police,North Yorkshire Police,-1.554173,54.008805,On or near Supermarket,E01027691,Harrogate 011B,Shoplifting,Investigation complete; no suspect identified,
e0d95097b67e3087f85fac62a8edea384e8cac9e972b11b6d6241164e9b61e1d,2026-01,North Yorkshire Police,North Yorkshire Police,-1.554696,54.005526,On or near Burnside Walk,E01027691,Harrogate 011B,Vehicle crime,Investigation complete; no suspect identified,
618ae9e6fb164e4c80ae7f8aace6050fc45ebe1a21e230243d9c44b9b294d60a,2026-01,North Yorkshire Police,North Yorkshire Police,-1.554329,54.009974,On or near Grey Hill Road,E01027691,Harrogate 011B,Violence and sexual offences,Further investigation is not in the public interest,
087643060df89ee052f2b90468bd18c640f7edbce34d1c71aa8fce6134cb739a,2026-01,North Yorkshire Police,North Yorkshire Police,-1.550282,54.004629,On or near Ripon Way,E01027691,Harrogate 011B,Violence and sexual offences,Unable to prosecute suspect,
0031f87d59f851a46e042d59f9fa9a96b013ae73fcdfcc6d42012bf155043bd1,2026-01,North Yorkshire Police,North Yorkshire Police,-1.550098,54.007513,On or near Park House Green,E01027691,Harrogate 011B,Violence and sexual offences,Under investigation,
cb3834eead078e9055d294b3fc5681d52aced8c3c0c1f02679b3942ddb6ad214,2026-01,North Yorkshire Police,North Yorkshire Police,-1.550282,54.004629,On or near Ripon Way,E01027691,Harrogate 011B,Violence and sexual offences,Unable to prosecute suspect,
75499fc3c8457a3f929b20e505ef6ca93b6c1fee6f45e9a1615a4f7b954849aa,2026-01,North Yorkshire Police,North Yorkshire Police,-1.554295,54.005947,On or near Euclid Avenue,E01027691,Harrogate 011B,Violence and sexual offences,Further investigation is not in the public interest,
65948224da98db03d28a18c50a12c08e97aaf0bcc0f36ffeaa9c276f341706a5,2026-01,North Yorkshire Police,North Yorkshire Police,-1.555267,54.004980,On or near Burnside Close,E01027691,Harrogate 011B,Violence and sexual offences,Under investigation,
59720f3f0dba7fe209de8943bd4ff751752af24122ae9536dbd775f6b708845e,2026-01,North Yorkshire Police,North Yorkshire Police,-1.549249,54.014062,On or near Knox Lane,E01027691,Harrogate 011B,Violence and sexual offences,Unable to prosecute suspect,
bc0252931380c097c85f9bb52dbd26ffdd062553597b927b710ed6b87cff9479,2026-01,North Yorkshire Police,North Yorkshire Police,-1.555030,54.002858,On or near Fewston Crescent,E01027691,Harrogate 011B,Violence and sexual offences,Under investigation,
0b7b953426a85936ef37e1c5bf5529446d89e2e34afc8801943a0f51882cc1c5,2026-01,North Yorkshire Police,North Yorkshire Police,-1.554173,54.008805,On or near Supermarket,E01027691,Harrogate 011B,Violence and sexual offences,Under investigation,
c362099408e7a7e516fdf69028b1d5bfcaf0115762526eeee8b338e64ff7ef86,2026-01,North Yorkshire Police,North Yorkshire Police,-1.555030,54.002858,On or near Fewston Crescent,E01027691,Harrogate 011B,Violence and sexual offences,Unable to prosecute suspect,
cf341bb6a1a2d96c711460ba95fbe3dd51852a6452a40ca855e8a4e37d655cff,2026-01,North Yorkshire Police,North Yorkshire Police,-1.555030,54.002858,On or near Fewston Crescent,E01027691,Harrogate 011B,Violence and sexual offences,Under investigation,
,2026-01,North Yorkshire Police,North Yorkshire Police,-1.564535,54.004259,On or near Lichfield Grove,E01027720,Harrogate 011C,Anti-social behaviour,,
,2026-01,North Yorkshire Police,North Yorkshire Police,-1.564535,54.004259,On or near Lichfield Grove,E01027720,Harrogate 011C,Anti-social behaviour,,
,2026-01,North Yorkshire Police,North Yorkshire Police,-1.564535,54.004259,On or near Lichfield Grove,E01027720,Harrogate 011C,Anti-social behaviour,,
4118e6a348ab1537571a0c16c46f9b86a27f526d5186a56c77da0572dec85def,2026-01,North Yorkshire Police,North Yorkshire Police,-1.556253,54.005541,On or near Burnby Close,E01027720,Harrogate 011C,Burglary,Investigation complete; no suspect identified,
5be797e1a169ec88400b05e558ded450c3fe75df5a3e3c68c8b742bcbb64bdc3,2026-01,North Yorkshire Police,North Yorkshire Police,-1.566724,54.005022,On or near Norwich Drive,E01027720,Harrogate 011C,Criminal damage and arson,Unable to prosecute suspect,
1edee34fbf179d6e5ee62ba0cebbbad5185c7eb82acfbb4885088e87eb2c709e,2026-01,North Yorkshire Police,North Yorkshire Police,-1.557911,54.005969,On or near Nunnington Crescent,E01027720,Harrogate 011C,Violence and sexual offences,Action to be taken by another organisation,
,2026-01,North Yorkshire Police,North Yorkshire Police,-1.570160,54.000279,On or near Barberry Close,E01027721,Harrogate 011D,Anti-social behaviour,,
1d53cd9be707159c792c3aa9b91fa69bf21c09de9efa146772b3fbb5577fc5ef,2026-01,North Yorkshire Police,North Yorkshire Police,-1.573238,54.003616,On or near Columbine Grove,E01027721,Harrogate 011D,Other theft,Investigation complete; no suspect identified,
141236406c66d87f5a8166015a78f55b002495a101aa2d2f22b67e0d03c91e2b,2026-01,North Yorkshire Police,North Yorkshire Police,-1.577075,54.001356,On or near Primrose Close,E01027721,Harrogate 011D,Public order,Unable to prosecute suspect,
c219c1d9a2e08079f90301e318cdff609937db51fec0ca18d48c4ea0836a2384,2026-01,North Yorkshire Police,North Yorkshire Police,-1.575148,54.001852,On or near Larkspur Grove,E01027721,Harrogate 011D,Violence and sexual offences,Unable to prosecute suspect,
b95d44af72a557f0751b02c5561d8f99f437d58c3502c3a2e3e3b87a2085be60,2026-01,North Yorkshire Police,North Yorkshire Police,-1.575148,54.001852,On or near Larkspur Grove,E01027721,Harrogate 011D,Violence and sexual offences,Unable to prosecute suspect,
,2026-01,North Yorkshire Police,North Yorkshire Police,-1.561435,54.004580,On or near Newby Crescent,E01027723,Harrogate 011E,Anti-social behaviour,,
84db8999dd93c582aebc0ece7590879826b59ab9ae626b5c757600c80af56bd6,2026-01,North Yorkshire Police,North Yorkshire Police,-1.559112,54.004913,On or near Harewood Road,E01027723,Harrogate 011E,Bicycle theft,Investigation complete; no suspect identified,
baeba502dd13e2f9d8dfc702d4256b2560e1a65c51a030aa4d0b995251cbdd0b,2026-01,North Yorkshire Police,North Yorkshire Police,-1.556678,54.000006,On or near Norwood Grove,E01027723,Harrogate 011E,Burglary,Under investigation,
15aaeff831b586359faf46e8fe8c53e9ed7a2e6cfb293426963a97926a3fde1e,2026-01,North Yorkshire Police,North Yorkshire Police,-1.559112,54.004913,On or near Harewood Road,E01027723,Harrogate 011E,Other theft,Unable to prosecute suspect,
c7b14fbe1cf92b1cbf23a0bae93d583185e61a041d33114d323a137dfdc79f99,2026-01,North Yorkshire Police,North Yorkshire Police,-1.561435,54.004580,On or near Newby Crescent,E01027723,Harrogate 011E,Possession of weapons,Under investigation,
a51aca6c09989206ae196e47b806e69141370638182a1feb57d989b8e7c5e00f,2026-01,North Yorkshire Police,North Yorkshire Police,-1.561435,54.004580,On or near Newby Crescent,E01027723,Harrogate 011E,Public order,Unable to prosecute suspect,
cf43359897559a09f923398d9031b3c9e2e7a5b187d1b3d884b91c501fc69d1d,2026-01,North Yorkshire Police,North Yorkshire Police,-1.561435,54.004580,On or near Newby Crescent,E01027723,Harrogate 011E,Violence and sexual offences,Under investigation,
,2026-01,North Yorkshire Police,North Yorkshire Police,-1.453508,54.010295,On or near The Spinney,E01027670,Harrogate 012A,Anti-social behaviour,,
,2026-01,North Yorkshire Police,North Yorkshire Police,-1.450457,54.006767,On or near Birkdale Avenue,E01027670,Harrogate 012A,Anti-social behaviour,,
,2026-01,North Yorkshire Police,North Yorkshire Police,-1.447315,54.008907,On or near ,E01027670,Harrogate 012A,Anti-social behaviour,,
815e8388f3b7f4c6801b4912764894c06a886f10971517a0c6bfe92d4d98658c,2026-01,North Yorkshire Police,North Yorkshire Police,-1.443117,54.009151,On or near Holly Blue Close,E01027670,Harrogate 012A,Drugs,Further investigation is not in the public interest,
40df32ee739fac7f369241368bed599561efe3f6481b17dd603434dc6456540c,2026-01,North Yorkshire Police,North Yorkshire Police,-1.443117,54.009151,On or near Holly Blue Close,E01027670,Harrogate 012A,Violence and sexual offences,Unable to prosecute suspect,
256a462274075d15b7497bbcf0645878ff9757c3866ddb66149f0fedeb761307,2026-01,North Yorkshire Police,North Yorkshire Police,-1.454782,54.012098,On or near Park Lane,E01027670,Harrogate 012A,Violence and sexual offences,Unable to prosecute suspect,
1b3334f0fae8d8ed8140944f114afd51d500d8c9b23a0723fb482dbd82afbc08,2026-01,North Yorkshire Police,North Yorkshire Police,-1.448959,54.005825,On or near Uldale Close,E01027670,Harrogate 012A,Other crime,Further investigation is not in the public interest,
d82dc993ec5f2f6e690214bdc010f386d837794f285b8d2bd402d25c7a772583,2026-01,North Yorkshire Police,North Yorkshire Police,-1.443255,54.002204,On or near Grimbald Crag Close,E01027671,Harrogate 012B,Burglary,Investigation complete; no suspect identified,
fdc397d6033569a42027cec62a9d4af9d5e3d298e19bfc781089c9ff3156c8a7,2026-01,North Yorkshire Police,North Yorkshire Police,-1.450796,54.005384,On or near Crestholme Close,E01027671,Harrogate 012B,Drugs,Unable to prosecute suspect,
c161644ac9bb833a0168396d4b02e007b796dc4a56a002d427a9a117ce1a27d7,2026-01,North Yorkshire Police,North Yorkshire Police,-1.450796,54.005384,On or near Crestholme Close,E01027671,Harrogate 012B,Violence and sexual offences,Unable to prosecute suspect,
,2026-01,North Yorkshire Police,North Yorkshire Police,-1.419234,54.001677,On or near Station Road,E01027704,Harrogate 012D,Anti-social behaviour,,
946f804bdb85e1671192e392257934a5a13911d10406447f4ecd6d36c65f1637,2026-01,North Yorkshire Police,North Yorkshire Police,-1.419234,54.001677,On or near Station Road,E01027704,Harrogate 012D,Criminal damage and arson,Local resolution,
005585ca69f9929e4a8d4accb17c71bfd70b092099f11335333d101114f99b70,2026-01,North Yorkshire Police,North Yorkshire Police,-1.479719,53.965328,On or near Hillside,E01027704,Harrogate 012D,Violence and sexual offences,Awaiting court outcome,
d53a82d40b4857621cb50a244bc7c1c59d144382986e56fbb03e38e1f70053da,2026-01,North Yorkshire Police,North Yorkshire Police,-1.419234,54.001677,On or near Station Road,E01027704,Harrogate 012D,Violence and sexual offences,Unable to prosecute suspect,
7add5772e922767a9793756c0d1964c2510297dc8e2da6a3af39a65070916e1e,2026-01,North Yorkshire Police,North Yorkshire Police,-1.479719,53.965328,On or near Hillside,E01027704,Harrogate 012D,Violence and sexual offences,Awaiting court outcome,
1da02e2300808776025a2803f73db4a3e25867bcbd32ab609cb6e3d8e4f48023,2026-01,North Yorkshire Police,North Yorkshire Police,-1.419234,54.001677,On or near Station Road,E01027704,Harrogate 012D,Violence and sexual offences,Under investigation,
,2026-01,North Yorkshire Police,North Yorkshire Police,-1.517573,53.993807,On or near Hospital,E01027649,Harrogate 013A,Anti-social behaviour,,
,2026-01,North Yorkshire Police,North Yorkshire Police,-1.521938,53.996269,On or near Highgate Park,E01027649,Harrogate 013A,Anti-social behaviour,,
,2026-01,North Yorkshire Police,North Yorkshire Police,-1.517131,53.995144,On or near Newnham Street,E01027649,Harrogate 013A,Anti-social behaviour,,
,2026-01,North Yorkshire Police,North Yorkshire Police,-1.525073,53.999616,On or near Gascoigne Crescent,E01027649,Harrogate 013A,Anti-social behaviour,,
6534d14b33dcad6a155853aed9a1a6f58ee5ed0e3554e66c2504e994c93675d5,2026-01,North Yorkshire Police,North Yorkshire Police,-1.517573,53.993807,On or near Hospital,E01027649,Harrogate 013A,Drugs,Under investigation,
59aced7a28c219b419deb589d2121cecf765d431081e3906957c2061d8e5353f,2026-01,North Yorkshire Police,North Yorkshire Police,-1.524534,54.001402,On or near Hambleton Road,E01027649,Harrogate 013A,Drugs,Under investigation,
67a882b7c3a6338b78378bb5afe75fcbd93ee553aa4270ea03952eb3f3787771,2026-01,North Yorkshire Police,North Yorkshire Police,-1.517573,53.993807,On or near Hospital,E01027649,Harrogate 013A,Other theft,Under investigation,
ffbab9a6d3b39ec1c8f8b33790f9fb13d38670a3a952c18e91a05eddcda4e391,2026-01,North Yorkshire Police,North Yorkshire Police,-1.521724,54.002973,On or near Claro Park,E01027649,Harrogate 013A,Public order,Investigation complete; no suspect identified,
6690e7e333558ff2a23552db0a9a601244283f56723043bc265dbe94b56fba77,2026-01,North Yorkshire Police,North Yorkshire Police,-1.521724,54.002973,On or near Claro Park,E01027649,Harrogate 013A,Theft from the person,Investigation complete; no suspect identified,
a6692afc87059f4b5e9682c800e7a55787213a3db10c39b9752caed07c67e72b,2026-01,North Yorkshire Police,North Yorkshire Police,-1.512842,54.001800,On or near ,E01027649,Harrogate 013A,Vehicle crime,Unable to prosecute suspect,
36dbe0e22baa01932116b3cd802c8e8a552e9ec696a70df35d0ccdd28d529f0f,2026-01,North Yorkshire Police,North Yorkshire Police,-1.512842,54.001800,On or near ,E01027649,Harrogate 013A,Vehicle crime,Investigation complete; no suspect identified,
f584006bcac59d84b8847d4f89dbb8cf352ec62583305206741baf0e982b15c6,2026-01,North Yorkshire Police,North Yorkshire Police,-1.522847,53.999481,On or near Avondale Road,E01027649,Harrogate 013A,Violence and sexual offences,Under investigation,
cf17ab5044bb99434832db3513f0ea666eb2aa41c9dcf414f1bbbf7e4fdfa6e8,2026-01,North Yorkshire Police,North Yorkshire Police,-1.517131,53.995144,On or near Newnham Street,E01027649,Harrogate 013A,Violence and sexual offences,Unable to prosecute suspect,
020be33b95f5b9e8dcd68724586f34802e05b56e55dc1e1d1f980b2048225f22,2026-01,North Yorkshire Police,North Yorkshire Police,-1.512842,54.001800,On or near ,E01027649,Harrogate 013A,Violence and sexual offences,Unable to prosecute suspect,
10390f1fa03a148124a6fa95ff1e853885c8e514c2b28132c8f66ef0c2cf8c0d,2026-01,North Yorkshire Police,North Yorkshire Police,-1.522847,53.999481,On or near Avondale Road,E01027649,Harrogate 013A,Violence and sexual offences,Unable to prosecute suspect,
fefd66148e6196475c5e553386a8aeb504c2ffe29fab2d928c7af63538972c7a,2026-01,North Yorkshire Police,North Yorkshire Police,-1.521724,54.002973,On or near Claro Park,E01027649,Harrogate 013A,Violence and sexual offences,Under investigation,
5cee4e67b8560a724cbf8bf643a5964cefca58ac90cf968414b6cae541754848,2026-01,North Yorkshire Police,North Yorkshire Police,-1.519803,53.996206,On or near Silverfields Road,E01027649,Harrogate 013A,Violence and sexual offences,Under investigation,
85d4eb8611933ca5e690ff5d3b831ee555dbd27bd11ed0c9a8681fc21524de6a,2026-01,North Yorkshire Police,North Yorkshire Police,-1.512842,54.001800,On or near ,E01027649,Harrogate 013A,Violence and sexual offences,Under investigation,
6e7fc04147e50dcc9ec90c087d40c5fd04dada2afa60bb553280ffa9b41943d1,2026-01,North Yorkshire Police,North Yorkshire Police,-1.519049,54.000787,On or near Sports/Recreation Area,E01027649,Harrogate 013A,Violence and sexual offences,Further investigation is not in the public interest,
10390f1fa03a148124a6fa95ff1e853885c8e514c2b28132c8f66ef0c2cf8c0d,2026-01,North Yorkshire Police,North Yorkshire Police,-1.522847,53.999481,On or near Avondale Road,E01027649,Harrogate 013A,Violence and sexual offences,Under investigation,
2fee26739a4a36d885b54755c94a32f9da384d53d4a1e883678945385b47963b,2026-01,North Yorkshire Police,North Yorkshire Police,-1.522847,53.999481,On or near Avondale Road,E01027649,Harrogate 013A,Other crime,Awaiting court outcome,
ff0e59e0f9076def318bb11507a3dccbf890169d3b265f6097e1e4eccc7e505c,2026-01,North Yorkshire Police,North Yorkshire Police,-1.521724,54.002973,On or near Claro Park,E01027649,Harrogate 013A,Other crime,Further investigation is not in the public interest,
,2026-01,North Yorkshire Police,North Yorkshire Police,-1.508844,53.995461,On or near Kennion Road,E01027651,Harrogate 013B,Anti-social behaviour,,
,2026-01,North Yorkshire Police,North Yorkshire Police,-1.510021,53.995286,On or near Stanhope Drive,E01027651,Harrogate 013B,Anti-social behaviour,,
,2026-01,North Yorkshire Police,North Yorkshire Police,-1.511063,53.993574,On or near Fairfax Avenue,E01027651,Harrogate 013B,Anti-social behaviour,,
b82b1585ba01482c268e0dd533d5d0a49796bb4b974d2f26a60e1b11fa91acda,2026-01,North Yorkshire Police,North Yorkshire Police,-1.511063,53.993574,On or near Fairfax Avenue,E01027651,Harrogate 013B,Criminal damage and arson,Investigation complete; no suspect identified,
f9691e614cc696f55a0eae7869468eb3a188a45ee71fc0cb149c34dacbcc88c2,2026-01,North Yorkshire Police,North Yorkshire Police,-1.511063,53.993574,On or near Fairfax Avenue,E01027651,Harrogate 013B,Drugs,Under investigation,
09c566a97852bf3b16f325948904015b9416867d00a5b06043b907333e04d8b0,2026-01,North Yorkshire Police,North Yorkshire Police,-1.512296,53.995133,On or near Fairfax Walk,E01027651,Harrogate 013B,Drugs,Further investigation is not in the public interest,
99deca4f16031d6dc5827fdfb313655a5b0456b802c21675ce888c6810623967,2026-01,North Yorkshire Police,North Yorkshire Police,-1.511063,53.993574,On or near Fairfax Avenue,E01027651,Harrogate 013B,Other theft,Unable to prosecute suspect,
026231ed7ff3e7b49bc8b8c6cce0b78b68028e8ce1d156a3b9d0a6b9031beb74,2026-01,North Yorkshire Police,North Yorkshire Police,-1.512296,53.995133,On or near Fairfax Walk,E01027651,Harrogate 013B,Public order,Under investigation,
92dfb72f352bc3693b8ea367f1c44794b5e7475a056e9462e8df4d17397088f3,2026-01,North Yorkshire Police,North Yorkshire Police,-1.514403,53.991685,On or near Sports/Recreation Area,E01027651,Harrogate 013B,Violence and sexual offences,Investigation complete; no suspect identified,
e659167c001a676cd7238547fcb6a95d425a537591ba597e1bea2479285c4424,2026-01,North Yorkshire Police,North Yorkshire Police,-1.511641,53.995050,On or near Tunstall Road,E01027651,Harrogate 013B,Violence and sexual offences,Under investigation,
5846fb73925afeb21b2b8112e4832c24d45c5fefa89269ec7396b40e7f74254d,2026-01,North Yorkshire Police,North Yorkshire Police,-1.510021,53.995286,On or near Stanhope Drive,E01027651,Harrogate 013B,Violence and sexual offences,Under investigation,
5846fb73925afeb21b2b8112e4832c24d45c5fefa89269ec7396b40e7f74254d,2026-01,North Yorkshire Police,North Yorkshire Police,-1.510021,53.995286,On or near Stanhope Drive,E01027651,Harrogate 013B,Violence and sexual offences,Under investigation,
fe8f7382d9ebcbcb2142397d79ba327d4bb90dbe4630d432e2fc56ebb0cb2a13,2026-01,North Yorkshire Police,North Yorkshire Police,-1.511063,53.993574,On or near Fairfax Avenue,E01027651,Harrogate 013B,Violence and sexual offences,Unable to prosecute suspect,
d14a5c47ba0299b6a04a324cb4b03d8f726ddd74d154da5873144cb3bdeb8751,2026-01,North Yorkshire Police,North Yorkshire Police,-1.507756,53.993308,On or near Cawthorn Avenue,E01027651,Harrogate 013B,Violence and sexual offences,Unable to prosecute suspect,
581626305a1385ec64447a19498d39268f1d1cfdcf093f6fd8b2130f0b368033,2026-01,North Yorkshire Police,North Yorkshire Police,-1.511063,53.993574,On or near Fairfax Avenue,E01027651,Harrogate 013B,Violence and sexual offences,Under investigation,
c2234bd8f612aa7af247cb1fe9e5cbe4399b1bd1aa44175fc530ffdf289a4f59,2026-01,North Yorkshire Police,North Yorkshire Police,-1.511063,53.993574,On or near Fairfax Avenue,E01027651,Harrogate 013B,Violence and sexual offences,Unable to prosecute suspect,
581626305a1385ec64447a19498d39268f1d1cfdcf093f6fd8b2130f0b368033,2026-01,North Yorkshire Police,North Yorkshire Police,-1.511063,53.993574,On or near Fairfax Avenue,E01027651,Harrogate 013B,Violence and sexual offences,Under investigation,
0d0800620ade868513c954fd1715a711f0b23ffab31ab42e280f3295a85557fe,2026-01,North Yorkshire Police,North Yorkshire Police,-1.510021,53.995286,On or near Stanhope Drive,E01027651,Harrogate 013B,Violence and sexual offences,Under investigation,
8ea51764ec57fdec0d2f7790af555bf2388a9ea2c7eb625f4f0fbd0c8cc78d40,2026-01,North Yorkshire Police,North Yorkshire Police,-1.511063,53.993574,On or near Fairfax Avenue,E01027651,Harrogate 013B,Other crime,Further action is not in the public interest,
,2026-01,North Yorkshire Police,North Yorkshire Police,-1.538340,54.000018,On or near Franklin Square,E01027657,Harrogate 013C,Anti-social behaviour,,
03e6b266594e60d0a4daff520966fb5eec766004eac51fc7595eadf209a6fb66,2026-01,North Yorkshire Police,North Yorkshire Police,-1.533703,53.999964,On or near Ashfield Road,E01027657,Harrogate 013C,Criminal damage and arson,Investigation complete; no suspect identified,
1d666913f2ae9c9c70312a07e5cf387547b3637fc5f6fd66881ecb206e413b1f,2026-01,North Yorkshire Police,North Yorkshire Police,-1.536174,54.002823,On or near Skipton Street,E01027657,Harrogate 013C,Other theft,Investigation complete; no suspect identified,
f52f9fabf02b3e57c5fa7b4b1268aeaab78685efa3c11f12c15cb8c95c3867e3,2026-01,North Yorkshire Police,North Yorkshire Police,-1.536174,54.002823,On or near Skipton Street,E01027657,Harrogate 013C,Possession of weapons,Unable to prosecute suspect,
21c52ed03a4e5f97cb3a18b8d31c79e811039e72ce79f52fdbcbb9d87c1e6f63,2026-01,North Yorkshire Police,North Yorkshire Police,-1.533703,53.999964,On or near Ashfield Road,E01027657,Harrogate 013C,Violence and sexual offences,Under investigation,
ab2b81b821074d1597074ae53df6518078fc92455c7e31a280aa2b23f1681405,2026-01,North Yorkshire Police,North Yorkshire Police,-1.536698,54.000973,On or near Chatsworth Place,E01027657,Harrogate 013C,Violence and sexual offences,Under investigation,
13afc29f9c726f356841917d4ee7ec673e0114fe3111994d0beada4d5cf36c3e,2026-01,North Yorkshire Police,North Yorkshire Police,-1.535098,54.002099,On or near Waterloo Street,E01027657,Harrogate 013C,Violence and sexual offences,Unable to prosecute suspect,
,2026-01,North Yorkshire Police,North Yorkshire Police,-1.529914,53.999113,On or near Regent Terrace,E01027658,Harrogate 013D,Anti-social behaviour,,
03efef4cafc6d26884d0508e2859309ae11058d725ca8827b09c29e2023420cc,2026-01,North Yorkshire Police,North Yorkshire Police,-1.527206,53.999885,On or near Devonshire Way,E01027658,Harrogate 013D,Burglary,Investigation complete; no suspect identified,
4f906918a02b215377d7d9290d25ae0c48069d7b0cb97e42517a95506ec31b35,2026-01,North Yorkshire Police,North Yorkshire Police,-1.526289,53.998659,On or near County Square,E01027658,Harrogate 013D,Drugs,Unable to prosecute suspect,
ac7a3133e5bfe936a3f8c81f07cefbe0542823a5dd2c830066a13da7152cb8a5,2026-01,North Yorkshire Police,North Yorkshire Police,-1.529914,53.999113,On or near Regent Terrace,E01027658,Harrogate 013D,Vehicle crime,Under investigation,
34a5778ff3ef049f4e80502104e5e7c69837db7972d2b84d5ff55ad4e7accc4c,2026-01,North Yorkshire Police,North Yorkshire Police,-1.526289,53.998659,On or near County Square,E01027658,Harrogate 013D,Vehicle crime,Unable to prosecute suspect,
69b097166b9e818b7424fecf90e2e4d7b3a77d0abc32dd89b272059d9d2f7d6a,2026-01,North Yorkshire Police,North Yorkshire Police,-1.530566,53.999466,On or near Regent Grove,E01027658,Harrogate 013D,Vehicle crime,Under investigation,
7d5a95d2bdf82c5b130d32fe2b7e1f644e027923d477afbac73bd4cf582aa939,2026-01,North Yorkshire Police,North Yorkshire Police,-1.530160,54.000337,On or near Grove Park Terrace,E01027658,Harrogate 013D,Violence and sexual offences,Unable to prosecute suspect,
,2026-01,North Yorkshire Police,North Yorkshire Police,-1.536912,54.003634,On or near Grange Avenue,E01027692,Harrogate 013E,Anti-social behaviour,,
71950bdf979f2e951827e0b12e92cb18738c7f25cdcd25264b9142a59dc1e7bc,2026-01,North Yorkshire Police,North Yorkshire Police,-1.537845,54.003413,On or near Dawson Terrace,E01027692,Harrogate 013E,Shoplifting,Investigation complete; no suspect identified,
cb6dc55dc0274862d0d67b5c87472a1dd4ab91e920c8235850bb64b80ad761be,2026-01,North Yorkshire Police,North Yorkshire Police,-1.540706,54.001285,On or near St Luke'S Close,E01027692,Harrogate 013E,Violence and sexual offences,Under investigation,
,2026-01,North Yorkshire Police,North Yorkshire Police,-1.529602,54.005143,On or near Elm Road,E01027740,Harrogate 013F,Anti-social behaviour,,
498ae0ca00e674970352293ca5aab57b76634de96ad1b0d6ec0ce76186687f09,2026-01,North Yorkshire Police,North Yorkshire Police,-1.533029,54.002945,On or near Woodfield Grove,E01027740,Harrogate 013F,Burglary,Investigation complete; no suspect identified,
4e47f5007d65f9730c08819b0fa8e896a3acf904391482e499e966dfa001cb85,2026-01,North Yorkshire Police,North Yorkshire Police,-1.520948,54.008138,On or near Dene Park Close,E01027740,Harrogate 013F,Drugs,Under investigation,
269847c9354582323e4dd920552c1a6616065c61542dde4819dc2007c0203517,2026-01,North Yorkshire Police,North Yorkshire Police,-1.533029,54.002945,On or near Woodfield Grove,E01027740,Harrogate 013F,Drugs,Local resolution,
971e680d1c95f5f980ea8e2d1c430d697fca28dd87c9c86c2fc6c9b865a8d87b,2026-01,North Yorkshire Police,North Yorkshire Police,-1.533029,54.002945,On or near Woodfield Grove,E01027740,Harrogate 013F,Other theft,Unable to prosecute suspect,
7a0d42360f2d2c74d8d06225f1d5efcb043f65b2da0ed1559df18b290de2e480,2026-01,North Yorkshire Police,North Yorkshire Police,-1.524376,54.007216,On or near Woodfield Road,E01027740,Harrogate 013F,Vehicle crime,Unable to prosecute suspect,
a995a1f2f30539240587f54d85c336e03dc7689210f099eaaa48227661aa7664,2026-01,North Yorkshire Police,North Yorkshire Police,-1.528500,54.006864,On or near Charles Avenue,E01027740,Harrogate 013F,Vehicle crime,Investigation complete; no suspect identified,
79c255d0d0692f02a631cefc24b67817ea7e795d86acf720f40efacbf692d322,2026-01,North Yorkshire Police,North Yorkshire Police,-1.531286,54.003307,On or near Woodfield Avenue,E01027740,Harrogate 013F,Vehicle crime,Investigation complete; no suspect identified,
1f11ea0e65df3752c605b57946ce70c718a61db93a1c427e5669cf7f191220a2,2026-01,North Yorkshire Police,North Yorkshire Police,-1.520948,54.008138,On or near Dene Park Close,E01027740,Harrogate 013F,Violence and sexual offences,Under investigation,
a98894f882872e81395856654656e1ed0f62461c4fbaddb96defb4ab525a8c51,2026-01,North Yorkshire Police,North Yorkshire Police,-1.528129,54.003241,On or near Woodfield Close,E01027740,Harrogate 013F,Violence and sexual offences,Awaiting court outcome,
11fa4fd425d4672052869510504c3e92d0bad4143ef25a2fc7d165ee9a812dc1,2026-01,North Yorkshire Police,North Yorkshire Police,-1.530200,54.002233,On or near Woodfield Square,E01027740,Harrogate 013F,Violence and sexual offences,Under investigation,
97fd48943dc6df893291ed7d22a23a91228849080b0592134b1e4640618cf950,2026-01,North Yorkshire Police,North Yorkshire Police,-1.529602,54.005143,On or near Elm Road,E01027740,Harrogate 013F,Violence and sexual offences,Under investigation,
1f11ea0e65df3752c605b57946ce70c718a61db93a1c427e5669cf7f191220a2,2026-01,North Yorkshire Police,North Yorkshire Police,-1.520948,54.008138,On or near Dene Park Close,E01027740,Harrogate 013F,Violence and sexual offences,Under investigation,
3728497022e62591c0250ed6d5aabb5cf191ea895853011e700cd50e72256e4d,2026-01,North Yorkshire Police,North Yorkshire Police,-1.531286,54.003307,On or near Woodfield Avenue,E01027740,Harrogate 013F,Violence and sexual offences,Unable to prosecute suspect,
75bbe8ecf5e8ea75c3c80a9f728a4ec67409b438b52b2f454f686292d1fccf39,2026-01,North Yorkshire Police,North Yorkshire Police,-1.507828,53.997614,On or near Nightingale Drive,E01027648,Harrogate 014A,Violence and sexual offences,Unable to prosecute suspect,
cbdfac8035f1c7993b8b1c21d644237cfda95f81ba3674ddd7012da1df91f86a,2026-01,North Yorkshire Police,North Yorkshire Police,-1.514034,53.995212,On or near St Andrew'S Crescent,E01027650,Harrogate 014B,Criminal damage and arson,Awaiting court outcome,
28167ca1c356ce2b64710802d5276070ce30eeb9989c8a56065ff08968766fda,2026-01,North Yorkshire Police,North Yorkshire Police,-1.514429,53.996589,On or near Leyland Road,E01027650,Harrogate 014B,Public order,Unable to prosecute suspect,
f8f8f382aea0bcf431b9476be1e6d0fb2d6117ab62e582fdeaa2b9d3c167ee2c,2026-01,North Yorkshire Police,North Yorkshire Police,-1.514607,53.999691,On or near Kingsley Drive,E01027650,Harrogate 014B,Public order,Unable to prosecute suspect,
c9d69e2c5cdd5eb163316b9004be85ef463bef2e2957be2608ed0210f7d9f2a3,2026-01,North Yorkshire Police,North Yorkshire Police,-1.514429,53.996589,On or near Leyland Road,E01027650,Harrogate 014B,Public order,Unable to prosecute suspect,
2d8e5c66ebcc29d991df3ba78484df71910190aa9607f235394fdd7d4fd8fed6,2026-01,North Yorkshire Police,North Yorkshire Police,-1.514429,53.996589,On or near Leyland Road,E01027650,Harrogate 014B,Shoplifting,Under investigation,
17afd220c913c2cda383752a688f442bd86b408293795b5d5e003c140db56839,2026-01,North Yorkshire Police,North Yorkshire Police,-1.514429,53.996589,On or near Leyland Road,E01027650,Harrogate 014B,Shoplifting,Awaiting court outcome,
81d4e73da4fe9d0ed2412c65c2e87311a9afe8af93e8542c391935e1ec601ce9,2026-01,North Yorkshire Police,North Yorkshire Police,-1.510804,53.996143,On or near Supermarket,E01027650,Harrogate 014B,Shoplifting,Investigation complete; no suspect identified,
74beb7273cc84f052f3c89265745d15f22b15a2b349e298dd68fa63f515d8a0b,2026-01,North Yorkshire Police,North Yorkshire Police,-1.510804,53.996143,On or near Supermarket,E01027650,Harrogate 014B,Shoplifting,Under investigation,
5caf443b759b60ed3f807b30cdace59b8cba76ada503401d286e075451b6326c,2026-01,North Yorkshire Police,North Yorkshire Police,-1.514429,53.996589,On or near Leyland Road,E01027650,Harrogate 014B,Shoplifting,Investigation complete; no suspect identified,
b5897821c38373c984e3983a7661076381b9f57896bf4a4352f67d9d72e9d1c2,2026-01,North Yorkshire Police,North Yorkshire Police,-1.514429,53.996589,On or near Leyland Road,E01027650,Harrogate 014B,Shoplifting,Investigation complete; no suspect identified,
816cbbcdc5f71fa4a032899588dad0f0a7aacc87b154deb9d6216b9191cb6ac3,2026-01,North Yorkshire Police,North Yorkshire Police,-1.514429,53.996589,On or near Leyland Road,E01027650,Harrogate 014B,Shoplifting,Awaiting court outcome,
4d664740396db8b78bd403b53d12724a0065ab71167b154bcbbc520b31d25bcb,2026-01,North Yorkshire Police,North Yorkshire Police,-1.514429,53.996589,On or near Leyland Road,E01027650,Harrogate 014B,Shoplifting,Investigation complete; no suspect identified,
abfef70932ecb91664c5628107b10556ac916aa35010262e642fe015f74a2180,2026-01,North Yorkshire Police,North Yorkshire Police,-1.514034,53.995212,On or near St Andrew'S Crescent,E01027650,Harrogate 014B,Violence and sexual offences,Unable to prosecute suspect,
,2026-01,North Yorkshire Police,North Yorkshire Police,-1.493321,54.002578,On or near Millfield Glade,E01027726,Harrogate 014C,Anti-social behaviour,,
2533b6e0d1624a2eb54dfd1128f17624e2a6a06b3524c5907ef90723b9873b08,2026-01,North Yorkshire Police,North Yorkshire Police,-1.491269,54.004475,On or near Forest Lane Head,E01027726,Harrogate 014C,Criminal damage and arson,Investigation complete; no suspect identified,
42da5ed417b5a5770676c32f52c532e70299b156c6c4b9b197b26ca3bf379221,2026-01,North Yorkshire Police,North Yorkshire Police,-1.493321,54.002578,On or near Millfield Glade,E01027726,Harrogate 014C,Criminal damage and arson,Awaiting court outcome,
db8f1a8191ef455e501536ef1f40a84210cb459d1cb0d7d158b9281de0097750,2026-01,North Yorkshire Police,North Yorkshire Police,-1.493321,54.002578,On or near Millfield Glade,E01027726,Harrogate 014C,Criminal damage and arson,Under investigation,
a43430627b210c3fc1fae81ec3a190dc883f66c0364a4361d52dd4a3b9af9104,2026-01,North Yorkshire Police,North Yorkshire Police,-1.504856,54.003803,On or near Rowan Close,E01027726,Harrogate 014C,Other theft,Unable to prosecute suspect,
a0b26b88797962a755d310f9fe2336e745d2b3ecac6348588bc4c54bcdb9cf71,2026-01,North Yorkshire Police,North Yorkshire Police,-1.502453,54.003146,On or near Diamond Grove,E01027726,Harrogate 014C,Other theft,Investigation complete; no suspect identified,
84b8aa8c5c30d86b9829b83454f87f23dda4b793d4bdf00c4075ef38984ebf98,2026-01,North Yorkshire Police,North Yorkshire Police,-1.493321,54.002578,On or near Millfield Glade,E01027726,Harrogate 014C,Violence and sexual offences,Under investigation,
d5068d0f1ceb88f9fb3bb6eb03002154bb8da8bfc4bf33cd621571d19dfe9dfc,2026-01,North Yorkshire Police,North Yorkshire Police,-1.493321,54.002578,On or near Millfield Glade,E01027726,Harrogate 014C,Violence and sexual offences,Unable to prosecute suspect,
0cec0a24a215999b814466cee8d97d8eca117d779acef6f9beac9b622c142c9f,2026-01,North Yorkshire Police,North Yorkshire Police,-1.497254,54.001597,On or near Avenue Close,E01027726,Harrogate 014C,Violence and sexual offences,Unable to prosecute suspect,
4a986910c5db0f1ee022de390b77ee3cf879c000c80fdb69acc219915030117f,2026-01,North Yorkshire Police,North Yorkshire Police,-1.493321,54.002578,On or near Millfield Glade,E01027726,Harrogate 014C,Violence and sexual offences,Unable to prosecute suspect,
9c1ed616d4ed35b96185c7cb0f154cbefae78cfd6802e4dfcec0180d893c26f0,2026-01,North Yorkshire Police,North Yorkshire Police,-1.493321,54.002578,On or near Millfield Glade,E01027726,Harrogate 014C,Violence and sexual offences,Under investigation,
3f92c6af8e826eb5b9171fc5b71a878222e29c36413e44bb07bf9f5954ade5b1,2026-01,North Yorkshire Police,North Yorkshire Police,-1.493321,54.002578,On or near Millfield Glade,E01027726,Harrogate 014C,Violence and sexual offences,Awaiting court outcome,
1af10dc9de65bc3b0742b88a4c96ed77cfbc4dc9c69685d5585fd83ee1413b0c,2026-01,North Yorkshire Police,North Yorkshire Police,-1.493321,54.002578,On or near Millfield Glade,E01027726,Harrogate 014C,Violence and sexual offences,Under investigation,
80292a56bc57e96d4d8e4b60977f56b1589808b39140b58747d70753756a237a,2026-01,North Yorkshire Police,North Yorkshire Police,-1.493321,54.002578,On or near Millfield Glade,E01027726,Harrogate 014C,Violence and sexual offences,Unable to prosecute suspect,
b7a9a4516c3eca337521df305b89d9fd4a5449bd242b8515b42401cd186a522a,2026-01,North Yorkshire Police,North Yorkshire Police,-1.504856,54.003803,On or near Rowan Close,E01027726,Harrogate 014C,Violence and sexual offences,Unable to prosecute suspect,
d9b4c144f2ef32e6499e7ff870b9cab840af6cd9529585d1b2c071d482362997,2026-01,North Yorkshire Police,North Yorkshire Police,-1.493321,54.002578,On or near Millfield Glade,E01027726,Harrogate 014C,Violence and sexual offences,Awaiting court outcome,
,2026-01,North Yorkshire Police,North Yorkshire Police,-1.509156,54.002679,On or near Meadow Place,E01027727,Harrogate 014D,Anti-social behaviour,,
,2026-01,North Yorkshire Police,North Yorkshire Police,-1.500657,53.998950,On or near Starbeck,E01027727,Harrogate 014D,Anti-social behaviour,,
c934657f18943dfa3380848f1cda149bd9c1d53ab42751c36186c81975238af5,2026-01,North Yorkshire Police,North Yorkshire Police,-1.504570,53.997043,On or near Petrol Station,E01027727,Harrogate 014D,Bicycle theft,Investigation complete; no suspect identified,
af6d0a371f4649a6c4a141571395be18a2c51133a1d2d3cb67905089faf7c7ed,2026-01,North Yorkshire Police,North Yorkshire Police,-1.504570,53.997043,On or near Petrol Station,E01027727,Harrogate 014D,Other theft,Under investigation,
7eaf8c27f4b0c01c700f9ef5d43dd44cb516af38f914d1178a77623e12e2a10e,2026-01,North Yorkshire Police,North Yorkshire Police,-1.504570,53.997043,On or near Petrol Station,E01027727,Harrogate 014D,Other theft,Awaiting court outcome,
e1b82314e99fe72c0f3bfc8a80d1e2982e5d136e94979ee7c6d8847af0374bae,2026-01,North Yorkshire Police,North Yorkshire Police,-1.506997,54.002104,On or near Olive Way,E01027727,Harrogate 014D,Violence and sexual offences,Unable to prosecute suspect,
e1b82314e99fe72c0f3bfc8a80d1e2982e5d136e94979ee7c6d8847af0374bae,2026-01,North Yorkshire Police,North Yorkshire Police,-1.506997,54.002104,On or near Olive Way,E01027727,Harrogate 014D,Violence and sexual offences,Under investigation,
1166bb7d4d7dbd76137a176e06b14d2bedda70300ee60662c96949229aae2792,2026-01,North Yorkshire Police,North Yorkshire Police,-1.494548,53.999581,On or near Wentworth Close,E01027728,Harrogate 014E,Violence and sexual offences,Further investigation is not in the public interest,
,2026-01,North Yorkshire Police,North Yorkshire Police,-1.498091,53.997942,On or near Spa Lane,E01027729,Harrogate 014F,Anti-social behaviour,,
,2026-01,North Yorkshire Police,North Yorkshire Police,-1.498091,53.997942,On or near Spa Lane,E01027729,Harrogate 014F,Anti-social behaviour,,
,2026-01,North Yorkshire Police,North Yorkshire Police,-1.498091,53.997942,On or near Spa Lane,E01027729,Harrogate 014F,Anti-social behaviour,,
,2026-01,North Yorkshire Police,North Yorkshire Police,-1.497931,53.998598,On or near Belmont Grove,E01027729,Harrogate 014F,Anti-social behaviour,,
,2026-01,North Yorkshire Police,North Yorkshire Police,-1.497524,53.998200,On or near Belmont Terrace,E01027729,Harrogate 014F,Anti-social behaviour,,
,2026-01,North Yorkshire Police,North Yorkshire Police,-1.498091,53.997942,On or near Spa Lane,E01027729,Harrogate 014F,Anti-social behaviour,,
,2026-01,North Yorkshire Police,North Yorkshire Police,-1.498091,53.997942,On or near Spa Lane,E01027729,Harrogate 014F,Anti-social behaviour,,
,2026-01,North Yorkshire Police,North Yorkshire Police,-1.498907,53.998575,On or near Spa Street,E01027729,Harrogate 014F,Anti-social behaviour,,
f68a2bc6a1a7b3daf7bd914ccd5d6c5e69a6488121e77fe03b87c11a2106e750,2026-01,North Yorkshire Police,North Yorkshire Police,-1.498337,53.997772,On or near Spa Road,E01027729,Harrogate 014F,Burglary,Under investigation,
004e53f77efc70673c26b34b5a4295be7adff9bf4ff55b790967250bca5a4cf4,2026-01,North Yorkshire Police,North Yorkshire Police,-1.498091,53.997942,On or near Spa Lane,E01027729,Harrogate 014F,Other theft,Unable to prosecute suspect,
86889368500ae440dd7b38064d252f1b7d1810d060e5c0ef67bde67143323901,2026-01,North Yorkshire Police,North Yorkshire Police,-1.498091,53.997942,On or near Spa Lane,E01027729,Harrogate 014F,Public order,Under investigation,
0f8c3fc9cfcbc1a401926eacd49d02c192195c41decb927cc232145f2ed7f7d5,2026-01,North Yorkshire Police,North Yorkshire Police,-1.498707,53.998745,On or near Spa Terrace,E01027729,Harrogate 014F,Shoplifting,Investigation complete; no suspect identified,
15d8f9cb22c678b1f80e71023e526d9e8e2fad18455c2474dab37636e40d0738,2026-01,North Yorkshire Police,North Yorkshire Police,-1.498907,53.998575,On or near Spa Street,E01027729,Harrogate 014F,Vehicle crime,Under investigation,
527c93ac64e614247cdcfbc999d72dc71c4b66742567e3f3e883953a0b5ae32a,2026-01,North Yorkshire Police,North Yorkshire Police,-1.498091,53.997942,On or near Spa Lane,E01027729,Harrogate 014F,Violence and sexual offences,Under investigation,
720c62f91eba6451d464901803c3c534102e81c0164e7989c295aef983b4c7b6,2026-01,North Yorkshire Police,North Yorkshire Police,-1.501166,53.995915,On or near South Beech Avenue,E01027729,Harrogate 014F,Violence and sexual offences,Unable to prosecute suspect,
5d7dbeef19b1d4f8c60f22f524f71f446ee76cc8c916dab5ee6ed9f01a42c2a8,2026-01,North Yorkshire Police,North Yorkshire Police,-1.550622,53.987149,On or near West Cliffe Mews,E01027652,Harrogate 015A,Burglary,Under investigation,
7b7fea9aadc2ba71702133069f2362ca775e46b293e4a4d70c1c0862191e6e7b,2026-01,North Yorkshire Police,North Yorkshire Police,-1.552149,53.988422,On or near Cliffe Road,E01027652,Harrogate 015A,Vehicle crime,Investigation complete; no suspect identified,
5ebec5cda822eda55727341a53bc6d4910c0956721754f730cf710ed989e2667,2026-01,North Yorkshire Police,North Yorkshire Police,-1.549819,53.998012,On or near Wood View,E01027655,Harrogate 015B,Burglary,Investigation complete; no suspect identified,
b32b4502c42617798acb0f4b9056b3423fae089abb65886b9436c76f5f39c2a7,2026-01,North Yorkshire Police,North Yorkshire Police,-1.555624,53.992884,On or near Rutland Road,E01027655,Harrogate 015B,Other theft,Investigation complete; no suspect identified,
cd4835c2b5746948e82d8fe49719f04dc15f9c84c701aa3ba5af3d00a64ae854,2026-01,North Yorkshire Police,North Yorkshire Police,-1.551119,53.999068,On or near Kent Drive,E01027655,Harrogate 015B,Violence and sexual offences,Under investigation,
4b58fbe84a632355f8dc74afddcee53acdd2183bc8b11175cd3e870083b4390a,2026-01,North Yorkshire Police,North Yorkshire Police,-1.533309,53.998407,On or near Back Dragon Road,E01027659,Harrogate 015C,Criminal damage and arson,Under investigation,
6464d9441211637e3e5ebea273b40e96fb9258c883eeb21ebb6d1fe823638ef3,2026-01,North Yorkshire Police,North Yorkshire Police,-1.529704,53.997441,On or near Westmoreland Street,E01027659,Harrogate 015C,Criminal damage and arson,Awaiting court outcome,
e350e048c72799f179b76e37c4330e7135fe1b85ce5d1a5c6d2a83806a4dc55e,2026-01,North Yorkshire Police,North Yorkshire Police,-1.536187,53.996136,On or near Supermarket,E01027659,Harrogate 015C,Drugs,Further investigation is not in the public interest,
fdba7ca8087d1ef5b45d4348d2fcbdc836e417c16dea16c84cc99b6429e31565,2026-01,North Yorkshire Police,North Yorkshire Police,-1.534637,53.996948,On or near Petrol Station,E01027659,Harrogate 015C,Other theft,Investigation complete; no suspect identified,
7a0a18f1634825e34b9cfc8fc7f4861066f9916ff63b7fa019d5ac727a7be1b4,2026-01,North Yorkshire Police,North Yorkshire Police,-1.531123,53.998776,On or near Mornington Crescent,E01027659,Harrogate 015C,Public order,Under investigation,
fb695b23eaa8fe299d682dc4d82445ceb8881f05a6fa7bf17bbce96b32326972,2026-01,North Yorkshire Police,North Yorkshire Police,-1.529704,53.997441,On or near Westmoreland Street,E01027659,Harrogate 015C,Violence and sexual offences,Unable to prosecute suspect,
b512c7ab246bef6fdddde4bcfd7e3f0addd7c0b1f0c6fb1e98bc207d11257f18,2026-01,North Yorkshire Police,North Yorkshire Police,-1.529704,53.997441,On or near Westmoreland Street,E01027659,Harrogate 015C,Violence and sexual offences,Under investigation,
9f7823669e11f86eb73aee22e81929ba1961e60c272e1bcc0ce27a7241f9a1ee,2026-01,North Yorkshire Police,North Yorkshire Police,-1.531123,53.998776,On or near Mornington Crescent,E01027659,Harrogate 015C,Violence and sexual offences,Under investigation,
6929daeb36c24e86de5707c3e82372a958c25815ca2a59168bb59508f48d15ea,2026-01,North Yorkshire Police,North Yorkshire Police,-1.533422,53.995145,On or near Hyde Park Road,E01027659,Harrogate 015C,Violence and sexual offences,Further investigation is not in the public interest,
1403b5def0eab71d7a5eee93abef26a4df02ed8c449af858e1104e7ce07bb91e,2026-01,North Yorkshire Police,North Yorkshire Police,-1.534535,53.996489,On or near Petrol Station,E01027659,Harrogate 015C,Violence and sexual offences,Unable to prosecute suspect,
9521b8089c130599a325e456d0a4007db3c2d6d0e847f2134f607da8dbbd3ce5,2026-01,North Yorkshire Police,North Yorkshire Police,-1.536187,53.996136,On or near Supermarket,E01027659,Harrogate 015C,Violence and sexual offences,Unable to prosecute suspect,
8c5d6759d6c87a4c6eb0666766ea7a70969f2d8547cf808432f31cc3e7305efa,2026-01,North Yorkshire Police,North Yorkshire Police,-1.532872,53.997885,On or near Dragon Avenue,E01027659,Harrogate 015C,Violence and sexual offences,Unable to prosecute suspect,
10c7d9ab91ee9365a554292d8b374f8371f98f2df1f4f7fe50c95ea536bd3084,2026-01,North Yorkshire Police,North Yorkshire Police,-1.529704,53.997441,On or near Westmoreland Street,E01027659,Harrogate 015C,Violence and sexual offences,Action to be taken by another organisation,
ceca98a67a0b5eb98598500da4573ac2a22489d5e869fcaa03d0b72d39734907,2026-01,North Yorkshire Police,North Yorkshire Police,-1.533422,53.995145,On or near Hyde Park Road,E01027659,Harrogate 015C,Violence and sexual offences,Unable to prosecute suspect,
ec288a1174af03be6f483dbd8eee028586eccaeac54e784227705a42e54a67ed,2026-01,North Yorkshire Police,North Yorkshire Police,-1.529704,53.997441,On or near Westmoreland Street,E01027659,Harrogate 015C,Violence and sexual offences,Awaiting court outcome,
,2026-01,North Yorkshire Police,North Yorkshire Police,-1.541525,53.997549,On or near Parking Area,E01027677,Harrogate 015D,Anti-social behaviour,,
,2026-01,North Yorkshire Police,North Yorkshire Police,-1.540277,54.000061,On or near St Luke'S Mount,E01027677,Harrogate 015D,Anti-social behaviour,,
0cc2f9d111b78037c353568ee361b0bc885415d97e15055f84798d51af97a325,2026-01,North Yorkshire Police,North Yorkshire Police,-1.545810,53.999174,On or near Hollins Mews,E01027677,Harrogate 015D,Criminal damage and arson,Unable to prosecute suspect,
e591a5a172fb70fc683a1fd1b9bb01d492f2e13d5f683ea9deb817200b5bff02,2026-01,North Yorkshire Police,North Yorkshire Police,-1.540195,53.999261,On or near King'S Road,E01027677,Harrogate 015D,Criminal damage and arson,Investigation complete; no suspect identified,
b075163e19a2fc9afb34c9955d7e7063421b4fc25ddb4475e31d8d9e8f106526,2026-01,North Yorkshire Police,North Yorkshire Police,-1.545810,53.999174,On or near Hollins Mews,E01027677,Harrogate 015D,Criminal damage and arson,Unable to prosecute suspect,
bd5e85219152a2d745526d5a4ae57fb9b65cfc7b71889851428c8188efac2fad,2026-01,North Yorkshire Police,North Yorkshire Police,-1.543592,53.998330,On or near Spring Grove,E01027677,Harrogate 015D,Other theft,Under investigation,
b03ea682654ad7083b8ed19b4784c2a12443616c5517636f93b77d49d8ee5300,2026-01,North Yorkshire Police,North Yorkshire Police,-1.545810,53.999174,On or near Hollins Mews,E01027677,Harrogate 015D,Public order,Unable to prosecute suspect,
cb9bd0d02ca5c4cecf0c0b80c9a3015dd0d919d58a7d07e3cb50ae3d9cca8233,2026-01,North Yorkshire Police,North Yorkshire Police,-1.545810,53.999174,On or near Hollins Mews,E01027677,Harrogate 015D,Violence and sexual offences,Unable to prosecute suspect,
9beecbff1b7d576eace4666d6e3efbfff60100badc36385e43aedca091f199af,2026-01,North Yorkshire Police,North Yorkshire Police,-1.545810,53.999174,On or near Hollins Mews,E01027677,Harrogate 015D,Violence and sexual offences,Unable to prosecute suspect,
15d0b61254fdd8c7ecc1e598f1386c547afdbf434d08553b15625207a8226438,2026-01,North Yorkshire Police,North Yorkshire Police,-1.545810,53.999174,On or near Hollins Mews,E01027677,Harrogate 015D,Violence and sexual offences,Unable to prosecute suspect,
da0f1d29d1a2720c8fe7b135ecb8be304bbb43eb90d6b632a6cc2338250ac335,2026-01,North Yorkshire Police,North Yorkshire Police,-1.545810,53.999174,On or near Hollins Mews,E01027677,Harrogate 015D,Violence and sexual offences,Unable to prosecute suspect,
fc56f175017b646f3dc47c75ee7d8e08da5339683979bc5108a8d5da089de19a,2026-01,North Yorkshire Police,North Yorkshire Police,-1.545810,53.999174,On or near Hollins Mews,E01027677,Harrogate 015D,Violence and sexual offences,Unable to prosecute suspect,
744980ca173e1975efb4daeaa61a085481da066e9969c786c6950e21f1e669a3,2026-01,North Yorkshire Police,North Yorkshire Police,-1.543370,53.997619,On or near Springfield Avenue,E01027677,Harrogate 015D,Violence and sexual offences,Under investigation,
0198b1bde7723d48ac37f3c213fd4d91df7b78e448bf50b328dde25b9b921f6b,2026-01,North Yorkshire Police,North Yorkshire Police,-1.545810,53.999174,On or near Hollins Mews,E01027677,Harrogate 015D,Violence and sexual offences,Unable to prosecute suspect,
af3446c9197a0d40e66fc1c6df52ce97848237316b973e2267ef4d9fc16c3523,2026-01,North Yorkshire Police,North Yorkshire Police,-1.545810,53.999174,On or near Hollins Mews,E01027677,Harrogate 015D,Violence and sexual offences,Unable to prosecute suspect,
4c958b6dba383c67834b816d208f346d163d893e216a00644acd536aead3f5a0,2026-01,North Yorkshire Police,North Yorkshire Police,-1.545810,53.999174,On or near Hollins Mews,E01027677,Harrogate 015D,Violence and sexual offences,Unable to prosecute suspect,
,2026-01,North Yorkshire Police,North Yorkshire Police,-1.544016,53.992984,On or near Montpellier Street,E01027678,Harrogate 015E,Anti-social behaviour,,
,2026-01,North Yorkshire Police,North Yorkshire Police,-1.538135,53.996503,On or near Strawberry Dale,E01027678,Harrogate 015E,Anti-social behaviour,,
,2026-01,North Yorkshire Police,North Yorkshire Police,-1.537743,53.991953,On or near Station Parade,E01027678,Harrogate 015E,Anti-social behaviour,,
,2026-01,North Yorkshire Police,North Yorkshire Police,-1.543093,53.993735,On or near Parliament Street,E01027678,Harrogate 015E,Anti-social behaviour,,
,2026-01,North Yorkshire Police,North Yorkshire Police,-1.543093,53.993735,On or near Parliament Street,E01027678,Harrogate 015E,Anti-social behaviour,,
,2026-01,North Yorkshire Police,North Yorkshire Police,-1.541344,53.993226,On or near Cambridge Road,E01027678,Harrogate 015E,Anti-social behaviour,,
,2026-01,North Yorkshire Police,North Yorkshire Police,-1.537373,53.992303,On or near Parking Area,E01027678,Harrogate 015E,Anti-social behaviour,,
,2026-01,North Yorkshire Police,North Yorkshire Police,-1.540242,53.993626,On or near Oxford Place,E01027678,Harrogate 015E,Anti-social behaviour,,
,2026-01,North Yorkshire Police,North Yorkshire Police,-1.544016,53.992984,On or near Montpellier Street,E01027678,Harrogate 015E,Anti-social behaviour,,
,2026-01,North Yorkshire Police,North Yorkshire Police,-1.540242,53.993626,On or near Oxford Place,E01027678,Harrogate 015E,Anti-social behaviour,,
,2026-01,North Yorkshire Police,North Yorkshire Police,-1.538135,53.996503,On or near Strawberry Dale,E01027678,Harrogate 015E,Anti-social behaviour,,
,2026-01,North Yorkshire Police,North Yorkshire Police,-1.546209,53.993316,On or near Royal Parade,E01027678,Harrogate 015E,Anti-social behaviour,,
,2026-01,North Yorkshire Police,North Yorkshire Police,-1.538135,53.996503,On or near Strawberry Dale,E01027678,Harrogate 015E,Anti-social behaviour,,
,2026-01,North Yorkshire Police,North Yorkshire Police,-1.536223,53.998365,On or near Mayfield Terrace,E01027678,Harrogate 015E,Anti-social behaviour,,
,2026-01,North Yorkshire Police,North Yorkshire Police,-1.538032,53.993438,On or near Parking Area,E01027678,Harrogate 015E,Anti-social behaviour,,
,2026-01,North Yorkshire Police,North Yorkshire Police,-1.544016,53.992984,On or near Montpellier Street,E01027678,Harrogate 015E,Anti-social behaviour,,
,2026-01,North Yorkshire Police,North Yorkshire Police,-1.538032,53.993438,On or near Parking Area,E01027678,Harrogate 015E,Anti-social behaviour,,
,2026-01,North Yorkshire Police,North Yorkshire Police,-1.541344,53.993226,On or near Cambridge Road,E01027678,Harrogate 015E,Anti-social behaviour,,
,2026-01,North Yorkshire Police,North Yorkshire Police,-1.543903,53.993577,On or near The Ginnel,E01027678,Harrogate 015E,Anti-social behaviour,,
,2026-01,North Yorkshire Police,North Yorkshire Police,-1.544774,53.993427,On or near Montpellier Gardens,E01027678,Harrogate 015E,Anti-social behaviour,,
,2026-01,North Yorkshire Police,North Yorkshire Police,-1.540242,53.993626,On or near Oxford Place,E01027678,Harrogate 015E,Anti-social behaviour,,
fcedc0f779d7ce62a842d1af9a26911b0aec14b945131a827730191188d91307,2026-01,North Yorkshire Police,North Yorkshire Police,-1.538891,53.993009,On or near Shopping Area,E01027678,Harrogate 015E,Burglary,Investigation complete; no suspect identified,
79d3e901f56349e798a13ffc596c3bfb484ef2002db46e983377b1ee42e94183,2026-01,North Yorkshire Police,North Yorkshire Police,-1.538135,53.996503,On or near Strawberry Dale,E01027678,Harrogate 015E,Burglary,Investigation complete; no suspect identified,
00a21081348713f3c29ab41e4ef39a5bad511b4be2902fa76d45075d7c25d2de,2026-01,North Yorkshire Police,North Yorkshire Police,-1.538135,53.996503,On or near Strawberry Dale,E01027678,Harrogate 015E,Burglary,Investigation complete; no suspect identified,
d7f347e85320c4a25451b742be388d38d01fb627ac16a067a9a74c62ca8a673d,2026-01,North Yorkshire Police,North Yorkshire Police,-1.543093,53.993735,On or near Parliament Street,E01027678,Harrogate 015E,Criminal damage and arson,Under investigation,
29f2d642799e3940c52372f68b94a77b10ae9800ee42f3e8ea263009516ac1b2,2026-01,North Yorkshire Police,North Yorkshire Police,-1.543903,53.993577,On or near The Ginnel,E01027678,Harrogate 015E,Criminal damage and arson,Investigation complete; no suspect identified,
2bf9756af0fbe90b5fb42f41729c49e20dc8aaaa88cf2770754e29285897a849,2026-01,North Yorkshire Police,North Yorkshire Police,-1.537736,53.989850,On or near Belford Place,E01027678,Harrogate 015E,Criminal damage and arson,Awaiting court outcome,
69ce44427a3444e376989178ee5dc732b8cd6233420ac2620feca65591fefb97,2026-01,North Yorkshire Police,North Yorkshire Police,-1.539592,53.991673,On or near Albert Street,E01027678,Harrogate 015E,Criminal damage and arson,Investigation complete; no suspect identified,
df7d5bf69420061db3269abb0ab013363c99a7dae620f216901204c8e888130a,2026-01,North Yorkshire Police,North Yorkshire Police,-1.539592,53.991673,On or near Albert Street,E01027678,Harrogate 015E,Criminal damage and arson,Investigation complete; no suspect identified,
184f209f555a71a21879bfed1b71dd419c4cb89db20894678b504df75d914494,2026-01,North Yorkshire Police,North Yorkshire Police,-1.543798,53.994745,On or near Nightclub,E01027678,Harrogate 015E,Criminal damage and arson,Investigation complete; no suspect identified,
1d600e4f53d17901c864d8753f9336a2a015ebfc253b869b5a6640d9bf04d4c2,2026-01,North Yorkshire Police,North Yorkshire Police,-1.536835,53.998241,On or near Mayfield Place,E01027678,Harrogate 015E,Drugs,Investigation complete; no suspect identified,
115c84d89673bfbd3fe35f6801123aba967732691fa378b56d3c216e75bf5c79,2026-01,North Yorkshire Police,North Yorkshire Police,-1.543903,53.993577,On or near The Ginnel,E01027678,Harrogate 015E,Other theft,Unable to prosecute suspect,
1cf0a989bf8d2357f69bd5fb71d6a7b416a5bb1c69548acaba5ddded292f0248,2026-01,North Yorkshire Police,North Yorkshire Police,-1.543093,53.993735,On or near Parliament Street,E01027678,Harrogate 015E,Other theft,Investigation complete; no suspect identified,
32d4d197184513f67672ddda4f68492b0a589964c442485d4bf56b47829daa63,2026-01,North Yorkshire Police,North Yorkshire Police,-1.546695,53.994927,On or near Swan Lane,E01027678,Harrogate 015E,Other theft,Under investigation,
f42ead5c9a6d5fe67dbd32c6a970a271d866e410691cf395f4b600c930c80422,2026-01,North Yorkshire Police,North Yorkshire Police,-1.543903,53.993577,On or near The Ginnel,E01027678,Harrogate 015E,Other theft,Investigation complete; no suspect identified,
4a1ab3c5efb293b5bb031bef90932f1f3c3b3e9317a447c265a09ccaf9128fdf,2026-01,North Yorkshire Police,North Yorkshire Police,-1.543903,53.993577,On or near The Ginnel,E01027678,Harrogate 015E,Other theft,Investigation complete; no suspect identified,
010d878a1f02e904856cd1c6e79a8233439be0455336ece98e6c1308a8d022ed,2026-01,North Yorkshire Police,North Yorkshire Police,-1.543798,53.994745,On or near Nightclub,E01027678,Harrogate 015E,Other theft,Under investigation,
c55b39ed56e2d115019949042e8d7ab2bcd7f198a891a91cc1adffaa5b47ca33,2026-01,North Yorkshire Police,North Yorkshire Police,-1.542459,53.994461,On or near Parking Area,E01027678,Harrogate 015E,Public order,Unable to prosecute suspect,
f2ee5e29bdd8910e92d51489e53b9f0e52a303e48332cdc0cb85ab8e138323e8,2026-01,North Yorkshire Police,North Yorkshire Police,-1.543093,53.993735,On or near Parliament Street,E01027678,Harrogate 015E,Public order,Investigation complete; no suspect identified,
f93561b57719624f2d20bee1b37a8a8317019832282d2cda2bcbe7596b70961a,2026-01,North Yorkshire Police,North Yorkshire Police,-1.542459,53.994461,On or near Parking Area,E01027678,Harrogate 015E,Public order,Unable to prosecute suspect,
73de9dbe421c49497dfb8a73ac5cccc4cb80b26e0d7613ec8c2a5d9304d1a2c7,2026-01,North Yorkshire Police,North Yorkshire Police,-1.539772,53.993282,On or near Cambridge Place,E01027678,Harrogate 015E,Shoplifting,Awaiting court outcome,
10c1b67d405adb767fcaf63ad69d6705b0e2f37297ece9e0b0ab782880012fbc,2026-01,North Yorkshire Police,North Yorkshire Police,-1.539275,53.995474,On or near Commercial Street,E01027678,Harrogate 015E,Shoplifting,Investigation complete; no suspect identified,
0836189d2b0a5a1cee3f9ad3dc61d425b76279cc020dfb178992a90f432aecdd,2026-01,North Yorkshire Police,North Yorkshire Police,-1.541344,53.993226,On or near Cambridge Road,E01027678,Harrogate 015E,Shoplifting,Investigation complete; no suspect identified,
dc5ea85803cd012fade0a9f64a101d8b1ae999367025a6ec39accd2c8bf13444,2026-01,North Yorkshire Police,North Yorkshire Police,-1.538891,53.993009,On or near Shopping Area,E01027678,Harrogate 015E,Shoplifting,Awaiting court outcome,
60a5c98e0fd74941124c9f4d1e94f6190e8e51a875f66698f4c073914d2f11ec,2026-01,North Yorkshire Police,North Yorkshire Police,-1.539772,53.993282,On or near Cambridge Place,E01027678,Harrogate 015E,Shoplifting,Investigation complete; no suspect identified,
f1b1020065ae25ff5bc66ffd62dfaf9351ed9add3925e9003a6424b6d6021ee9,2026-01,North Yorkshire Police,North Yorkshire Police,-1.538891,53.993009,On or near Shopping Area,E01027678,Harrogate 015E,Shoplifting,Under investigation,
d76547bc13217fb9db2cf41d826017aa5b1be523149e77e8a706356f32724884,2026-01,North Yorkshire Police,North Yorkshire Police,-1.539772,53.993282,On or near Cambridge Place,E01027678,Harrogate 015E,Shoplifting,Awaiting court outcome,
3db07c87771aa4c2dfb4fef2176437110cc6c3ff79ff8d58d91ab5120c6a4175,2026-01,North Yorkshire Police,North Yorkshire Police,-1.538891,53.993009,On or near Shopping Area,E01027678,Harrogate 015E,Shoplifting,Unable to prosecute suspect,
9b5f398a75260b7b71db7876463ee04fb7330f27c20e422dc17758b75aa81fb2,2026-01,North Yorkshire Police,North Yorkshire Police,-1.539772,53.993282,On or near Cambridge Place,E01027678,Harrogate 015E,Shoplifting,Awaiting court outcome,
153177a0b425294e3599e23c3cc102fe48b56da60f8d1c48cac0701816b316f0,2026-01,North Yorkshire Police,North Yorkshire Police,-1.544283,53.993722,On or near Parking Area,E01027678,Harrogate 015E,Violence and sexual offences,Under investigation,
a45f01d18c6762d51a99c7d2de8072a288719ad42662f1a825883c5bdfa7fff7,2026-01,North Yorkshire Police,North Yorkshire Police,-1.538135,53.996503,On or near Strawberry Dale,E01027678,Harrogate 015E,Violence and sexual offences,Unable to prosecute suspect,
f341fb59d4441771f1966313c4e3bd48c26a3145730a923f9599bbe3168d5608,2026-01,North Yorkshire Police,North Yorkshire Police,-1.539869,53.994253,On or near Northumberland Court,E01027678,Harrogate 015E,Violence and sexual offences,Unable to prosecute suspect,
43935db80dd9e11de6be042dccdf8bae27d6d01f48cf96c426f63d3fac85d88e,2026-01,North Yorkshire Police,North Yorkshire Police,-1.541258,53.991365,On or near Prospect Place,E01027678,Harrogate 015E,Violence and sexual offences,Under investigation,
f103de37395d3dd464fd00029265c0b11e13080ec3111e1e1134387d6b8c2b95,2026-01,North Yorkshire Police,North Yorkshire Police,-1.539869,53.994253,On or near Northumberland Court,E01027678,Harrogate 015E,Violence and sexual offences,Investigation complete; no suspect identified,
9201bfab9044a05db683daf743a9d35831a02ecda28c7f19ae9fb47e5ad50b83,2026-01,North Yorkshire Police,North Yorkshire Police,-1.543093,53.993735,On or near Parliament Street,E01027678,Harrogate 015E,Violence and sexual offences,Unable to prosecute suspect,
fad9843b23039a0a28119ef61530ae2231091555028c32106197849d940ca3f4,2026-01,North Yorkshire Police,North Yorkshire Police,-1.544016,53.992984,On or near Montpellier Street,E01027678,Harrogate 015E,Violence and sexual offences,Unable to prosecute suspect,
e4aaa517b05e364d71bbbdac734530664ab83cd50d6fdde19b8d531d9d8203c6,2026-01,North Yorkshire Police,North Yorkshire Police,-1.540590,53.995227,On or near Granville Road,E01027678,Harrogate 015E,Violence and sexual offences,Unable to prosecute suspect,
ff988bd442d7c3a917f7f2861e7d340ae3e3c27af40628b06347756d04a990b6,2026-01,North Yorkshire Police,North Yorkshire Police,-1.543903,53.993577,On or near The Ginnel,E01027678,Harrogate 015E,Violence and sexual offences,Unable to prosecute suspect,
fc259b403d3bc0dda46f0b209369f7f2e4bd67b66cda7cab003ef58f91f1e897,2026-01,North Yorkshire Police,North Yorkshire Police,-1.539364,53.994368,On or near Ebenezer Terrace,E01027678,Harrogate 015E,Violence and sexual offences,Under investigation,
904690bb8b507add852105b7f685f0deb8d6edda568c3c3786592cafceabbb9f,2026-01,North Yorkshire Police,North Yorkshire Police,-1.538891,53.993009,On or near Shopping Area,E01027678,Harrogate 015E,Violence and sexual offences,Unable to prosecute suspect,
c7f911cc2acbfb4056a2b9fbe5454680ce1d149821188b7199b3beade7459053,2026-01,North Yorkshire Police,North Yorkshire Police,-1.543093,53.993735,On or near Parliament Street,E01027678,Harrogate 015E,Violence and sexual offences,Unable to prosecute suspect,
9e096475d2a09b0dfce9686a178aedeaf0be4a8a4eff0c22163fcd0690e1015f,2026-01,North Yorkshire Police,North Yorkshire Police,-1.539697,53.993228,On or near Cambridge Street,E01027678,Harrogate 015E,Violence and sexual offences,Investigation complete; no suspect identified,
2cc698c8fe75b119e1850a2e904c2aaeaa7ac689a0482c7ee0db680fc54029dd,2026-01,North Yorkshire Police,North Yorkshire Police,-1.540590,53.995227,On or near Granville Road,E01027678,Harrogate 015E,Violence and sexual offences,Unable to prosecute suspect,
5f5ef021c00215043747a2889d73c70960513d4a438baba401bfffa73fd4c376,2026-01,North Yorkshire Police,North Yorkshire Police,-1.543903,53.993577,On or near The Ginnel,E01027678,Harrogate 015E,Violence and sexual offences,Under investigation,
6acc076592e1949a5889f4a67e3c7181020f23ea04a65733a890a9cb0fbf9041,2026-01,North Yorkshire Police,North Yorkshire Police,-1.538135,53.996503,On or near Strawberry Dale,E01027678,Harrogate 015E,Violence and sexual offences,Unable to prosecute suspect,
96a681f57871c2691f9fb87875b8fbaea56d1ad3f9f0f5724815e2b55ba14c89,2026-01,North Yorkshire Police,North Yorkshire Police,-1.544016,53.992984,On or near Montpellier Street,E01027678,Harrogate 015E,Violence and sexual offences,Under investigation,
4b27cfe1e85dcb93b88e5b8826658568d8ef725c2ab4c4ad6d7a8e970e0bfc8c,2026-01,North Yorkshire Police,North Yorkshire Police,-1.540242,53.993626,On or near Oxford Place,E01027678,Harrogate 015E,Violence and sexual offences,Unable to prosecute suspect,
5cff0d0ac98607bb19a4059e6ad47f4716eb28282a91baa2f1a003ede8637678,2026-01,North Yorkshire Police,North Yorkshire Police,-1.540242,53.993626,On or near Oxford Place,E01027678,Harrogate 015E,Violence and sexual offences,Unable to prosecute suspect,
54fe5de0ffe7b1253b3d5261d3de55cb872244e027f4aba41f3657484f2ed6d2,2026-01,North Yorkshire Police,North Yorkshire Police,-1.543903,53.993577,On or near The Ginnel,E01027678,Harrogate 015E,Violence and sexual offences,Under investigation,
779e18912bd67e2f876b19e9d30f937e7df6f4f324bc5b1c0a9ad228835fd688,2026-01,North Yorkshire Police,North Yorkshire Police,-1.543093,53.993735,On or near Parliament Street,E01027678,Harrogate 015E,Violence and sexual offences,Under investigation,
288d5bf347ff8953bbd08877a84d29e172d424329f1c26a389da779b900efa9f,2026-01,North Yorkshire Police,North Yorkshire Police,-1.544283,53.993722,On or near Parking Area,E01027678,Harrogate 015E,Violence and sexual offences,Under investigation,
c385a8fbb0cba4917d17e9e1f22744611b83a89181b64ff5d15f1fab2f1a2b32,2026-01,North Yorkshire Police,North Yorkshire Police,-1.544283,53.993722,On or near Parking Area,E01027678,Harrogate 015E,Violence and sexual offences,Under investigation,
6591114eb748f40ab82e0711940cbee10d9474b1b887379faf02b9228b6fab8d,2026-01,North Yorkshire Police,North Yorkshire Police,-1.544283,53.993722,On or near Parking Area,E01027678,Harrogate 015E,Violence and sexual offences,Under investigation,
5729a756f493eadd92a8dc892dbef0f95ea4a5c4dc2cf3865ae27ffdf4b39cf9,2026-01,North Yorkshire Police,North Yorkshire Police,-1.543903,53.993577,On or near The Ginnel,E01027678,Harrogate 015E,Violence and sexual offences,Under investigation,
6435989dd10f89c9c3c63cb75016940b31a8964bd82d0241cd735ebae549c23f,2026-01,North Yorkshire Police,North Yorkshire Police,-1.547349,53.990813,On or near Belmont Road,E01027680,Harrogate 015F,Criminal damage and arson,Further investigation is not in the public interest,
99867bc68bcb874b4004bfaae317aa329c349401597ea9b164926a4100380ed0,2026-01,North Yorkshire Police,North Yorkshire Police,-1.548457,53.991392,On or near Valley Mount,E01027680,Harrogate 015F,Public order,Unable to prosecute suspect,
9495026efd97a92bfa11ece3e95b3db32efda41df24d025f15fe0c6c7b844c73,2026-01,North Yorkshire Police,North Yorkshire Police,-1.279260,53.965372,On or near Kendal Gardens,E01027683,Harrogate 016A,Criminal damage and arson,Unable to prosecute suspect,
44b40433b63af7082131d4e0f0495c2ab2d91730f1cfa9358a4665872f3dd98e,2026-01,North Yorkshire Police,North Yorkshire Police,-1.293164,53.963477,On or near Lucas Grove South,E01027683,Harrogate 016A,Criminal damage and arson,Local resolution,
632a6f61f138f2cf95b195774ce46c8696c75119b442750fc1b89ea0d6451b57,2026-01,North Yorkshire Police,North Yorkshire Police,-1.292024,53.964190,On or near Cowtail Lane,E01027683,Harrogate 016A,Violence and sexual offences,Under investigation,
f0c6a0abc552f5b46da48fe2369e965f00ac16c2b295bb471e68c05fabd091c1,2026-01,North Yorkshire Police,North Yorkshire Police,-1.290839,53.963032,On or near Bramblegate Road,E01027683,Harrogate 016A,Violence and sexual offences,Unable to prosecute suspect,
632a6f61f138f2cf95b195774ce46c8696c75119b442750fc1b89ea0d6451b57,2026-01,North Yorkshire Police,North Yorkshire Police,-1.292024,53.964190,On or near Cowtail Lane,E01027683,Harrogate 016A,Violence and sexual offences,Under investigation,
58c97b97632b7719c3d9b943e30c808fde1c2186abb90ddd0405e183fa5f560d,2026-01,North Yorkshire Police,North Yorkshire Police,-1.235979,53.954076,On or near York Road,E01027684,Harrogate 016B,Other theft,Unable to prosecute suspect,
a878b505304252f809a200162ba1cb63f54f5cba0a557def2af4a8185593b7bd,2026-01,North Yorkshire Police,North Yorkshire Police,-1.312936,53.948429,On or near Pinfold Close,E01027684,Harrogate 016B,Violence and sexual offences,Unable to prosecute suspect,
7dbffdf0db5a3bd0e0546a6e0671022e8bfad57d64269943f4f10512e2a6d5dd,2026-01,North Yorkshire Police,North Yorkshire Police,-1.350094,53.965380,On or near Pinfold Rise,E01027684,Harrogate 016B,Violence and sexual offences,Unable to prosecute suspect,
11f051eeaa8080db0e8b0b7a3276b1fcd1d4269543059b3ef4632143272cacd5,2026-01,North Yorkshire Police,North Yorkshire Police,-1.237565,53.954833,On or near Hall Farm Court,E01027684,Harrogate 016B,Violence and sexual offences,Unable to prosecute suspect,
56df38e34d4f713d156e9300ebdf1bd1a3db624c029998428ec54b0bda54f7ec,2026-01,North Yorkshire Police,North Yorkshire Police,-1.328833,54.016422,On or near Clockhill Field Lane,E01027695,Harrogate 016C,Criminal damage and arson,Under investigation,
9ddaab4734f239f915c4f65967bb42350eeaa18d2674511c39c3531d67ab57e5,2026-01,North Yorkshire Police,North Yorkshire Police,-1.323223,54.052729,On or near Branton Court,E01027695,Harrogate 016C,Public order,Unable to prosecute suspect,
615d1bdac4237644d56d79c684c491c0519b1345bf4edec62dfae13c6823d288,2026-01,North Yorkshire Police,North Yorkshire Police,-1.321617,54.012499,On or near Ainsty View,E01027695,Harrogate 016C,Violence and sexual offences,Unable to prosecute suspect,
31263ef762b7e96255b99e1d227afa7c3af1dd588dd8a245b08fc0c2e00110e4,2026-01,North Yorkshire Police,North Yorkshire Police,-1.322226,54.005097,On or near Gilsforth Lane,E01027695,Harrogate 016C,Violence and sexual offences,Unable to prosecute suspect,
610b5ca2aef65d8f9bf97ede203d468a7e9c500335916f30b443046320cd8a79,2026-01,North Yorkshire Police,North Yorkshire Police,-1.300120,54.006777,On or near Back Lane,E01027696,Harrogate 016D,Burglary,Investigation complete; no suspect identified,
6c864b8e875e205aaa84dd00c97521f573810dbb13ea72eb513260890f9f1326,2026-01,North Yorkshire Police,North Yorkshire Police,-1.285757,53.999978,On or near York Road,E01027696,Harrogate 016D,Violence and sexual offences,Under investigation,
0a6d36f8d639f0966f223d2ae58aa1381ec02ecd4e150d193189748b31c9e131,2026-01,North Yorkshire Police,North Yorkshire Police,-1.262437,54.008338,On or near Race Track,E01027696,Harrogate 016D,Violence and sexual offences,Unable to prosecute suspect,
3164a30d057b4d83d3eb968c33b5e3d59245b323f9629a4edcadb368891638b3,2026-01,North Yorkshire Police,North Yorkshire Police,-1.296821,54.004077,On or near ,E01027696,Harrogate 016D,Violence and sexual offences,Under investigation,
c96a1331364700ebaf6339c2395c17fb7c26ecfacb4900b12c8f46640c83e407,2026-01,North Yorkshire Police,North Yorkshire Police,-1.296821,54.004077,On or near ,E01027696,Harrogate 016D,Violence and sexual offences,Unable to prosecute suspect,
,2026-01,North Yorkshire Police,North Yorkshire Police,-1.390209,53.945799,On or near Scriftain Lane,E01027703,Harrogate 016E,Anti-social behaviour,,
8c0ba4f9105f8a31a9d1af0e06ad8c42b83435aa3eb923d308e3bae7129d80fc,2026-01,North Yorkshire Police,North Yorkshire Police,-1.372847,53.973806,On or near The Avenue,E01027703,Harrogate 016E,Criminal damage and arson,Under investigation,
d5c6684f278fad42797e2011a55b17380c15affde3680ce4f97686bcdfac0561,2026-01,North Yorkshire Police,North Yorkshire Police,-1.376354,54.008526,On or near Parking Area,E01027703,Harrogate 016E,Drugs,Under investigation,
1edb005771b0a619dbdfe239d80440a6585a16d774fc6141e022fc3be8e82b9a,2026-01,North Yorkshire Police,North Yorkshire Police,-1.284176,53.996967,On or near Station Close,E01027703,Harrogate 016E,Other theft,Under investigation,
b0e1bb926f9d2e8e9a014327883dfd3388307477630dc24e2970ce26992cb7b1,2026-01,North Yorkshire Police,North Yorkshire Police,-1.356200,53.945990,On or near Montagu Way,E01027703,Harrogate 016E,Other theft,Investigation complete; no suspect identified,
299c21f9d8f1ebea6aa05d02eb31ef8b6f82e41d08aa0a23dd405e6e5bc5a388,2026-01,North Yorkshire Police,North Yorkshire Police,-1.356200,53.945990,On or near Montagu Way,E01027703,Harrogate 016E,Shoplifting,Investigation complete; no suspect identified,
84dfe196761efdbb017edd417ab4f3a0d0be72a74c2455c11726bbc19455319a,2026-01,North Yorkshire Police,North Yorkshire Police,-1.397911,53.951608,On or near Schoolhouse Terrace,E01027703,Harrogate 016E,Violence and sexual offences,Under investigation,
25ad2b2275d86ccd10a55b41882bb499c049bcb69671f2d458fd8ec69860e1e0,2026-01,North Yorkshire Police,North Yorkshire Police,-1.356200,53.945990,On or near Montagu Way,E01027703,Harrogate 016E,Violence and sexual offences,Under investigation,
10f4655e48d42bf47637a8dc973d07f6748b22422d98c91a338708132b17396d,2026-01,North Yorkshire Police,North Yorkshire Police,-1.397911,53.951608,On or near Schoolhouse Terrace,E01027703,Harrogate 016E,Violence and sexual offences,Unable to prosecute suspect,
,2026-01,North Yorkshire Police,North Yorkshire Police,-1.499506,53.984887,On or near ,E01027660,Harrogate 017A,Anti-social behaviour,,
4928d8587a8b3959e87e58ec9e28d3fa0f9e6caf5c18d6e3f1f91a0e54d5467a,2026-01,North Yorkshire Police,North Yorkshire Police,-1.510806,53.985555,On or near Hookstone Wood Road,E01027660,Harrogate 017A,Bicycle theft,Investigation complete; no suspect identified,
f8749990140826999c84882d40a746f1663367e93b150b3decfa37f28593a1c8,2026-01,North Yorkshire Police,North Yorkshire Police,-1.506844,53.987921,On or near Coachman'S Court,E01027660,Harrogate 017A,Criminal damage and arson,Investigation complete; no suspect identified,
e8b0d68ff838bbb57e459aa08601339fe4559a50506246c7047f60539c4c2039,2026-01,North Yorkshire Police,North Yorkshire Police,-1.505114,53.988444,On or near Petrol Station,E01027660,Harrogate 017A,Other theft,Under investigation,
bdb5ef19d5ae551335f1de0fa9c512d0bbf6a90464e71d26fc44996300a53655,2026-01,North Yorkshire Police,North Yorkshire Police,-1.505114,53.988444,On or near Petrol Station,E01027660,Harrogate 017A,Other theft,Investigation complete; no suspect identified,
3a2af199033a0108285832de9660312faa06289bf0bc372ed29369cfe17b4cf0,2026-01,North Yorkshire Police,North Yorkshire Police,-1.499506,53.984887,On or near ,E01027660,Harrogate 017A,Shoplifting,Under investigation,
5d0730720bbfb84acd4ae2b7374339e03c9724cee93ce54db0fa1a403858bb97,2026-01,North Yorkshire Police,North Yorkshire Police,-1.499506,53.984887,On or near ,E01027660,Harrogate 017A,Shoplifting,Under investigation,
a3bbcad1bd10b4960fa8cb1eda7500743f2c07906745fe83ea7631608f4742bb,2026-01,North Yorkshire Police,North Yorkshire Police,-1.499506,53.984887,On or near ,E01027660,Harrogate 017A,Shoplifting,Local resolution,
d78d72caf6a06d7a575a47871da7703e4d640981247c8ebf24e1bd12f92db4cd,2026-01,North Yorkshire Police,North Yorkshire Police,-1.501035,53.987798,On or near Rudbeck Close,E01027660,Harrogate 017A,Violence and sexual offences,Unable to prosecute suspect,
d7fa67bd1530837be61e02d78c8958dc718604505514cb1b8d6e73cde83a6a7a,2026-01,North Yorkshire Police,North Yorkshire Police,-1.498033,53.990140,On or near Plompton Way,E01027661,Harrogate 017B,Burglary,Under investigation,
cb3b7bda8cdf86393693a55c402488273e8183472b12089289d03e6072bb7e32,2026-01,North Yorkshire Police,North Yorkshire Police,-1.497508,53.985608,On or near Petrol Station,E01027661,Harrogate 017B,Other theft,Under investigation,
5d96fe79619403726d3d574f82a0acc80cad0503378bd9784a100a28e5677b5b,2026-01,North Yorkshire Police,North Yorkshire Police,-1.497508,53.985608,On or near Petrol Station,E01027661,Harrogate 017B,Other theft,Awaiting court outcome,
ab9a89814371d8725e6a915a7a1b679173dba2fb55c5fab08c0a85956d7ccaed,2026-01,North Yorkshire Police,North Yorkshire Police,-1.491671,53.989017,On or near Dalby Avenue,E01027661,Harrogate 017B,Violence and sexual offences,Under investigation,
68ecac412d9896503e331fd4d89fe98a28fe1889dfd9ac2b53ef890fd4cec3dd,2026-01,North Yorkshire Police,North Yorkshire Police,-1.499461,53.991863,On or near Greenfields Road,E01027661,Harrogate 017B,Violence and sexual offences,Under investigation,
,2026-01,North Yorkshire Police,North Yorkshire Police,-1.522341,53.978412,On or near Hornbeam Park Avenue,E01027662,Harrogate 017C,Anti-social behaviour,,
1495699ab828136c54ee144d7f39385dfd0e937d2408c72b8c47402352190ca4,2026-01,North Yorkshire Police,North Yorkshire Police,-1.515299,53.986059,On or near Windsor Road,E01027662,Harrogate 017C,Burglary,Investigation complete; no suspect identified,
f3962aab305e14e512fd506382348e566502ef12b371ac715f9e283a03b84906,2026-01,North Yorkshire Police,North Yorkshire Police,-1.520165,53.976561,On or near ,E01027662,Harrogate 017C,Other theft,Investigation complete; no suspect identified,
8c019f044bf50bd025fe94d6755314fd9b449c2103dddc7d73429be3e2d98263,2026-01,North Yorkshire Police,North Yorkshire Police,-1.526877,53.980443,On or near Parking Area,E01027662,Harrogate 017C,Violence and sexual offences,Under investigation,
8c019f044bf50bd025fe94d6755314fd9b449c2103dddc7d73429be3e2d98263,2026-01,North Yorkshire Police,North Yorkshire Police,-1.526877,53.980443,On or near Parking Area,E01027662,Harrogate 017C,Violence and sexual offences,Unable to prosecute suspect,
b177da7807bea50f0d57949295339e1f86c8f9f1b8b7659aa4af55cae2906d56,2026-01,North Yorkshire Police,North Yorkshire Police,-1.518629,53.985587,On or near Apley Close,E01027662,Harrogate 017C,Other crime,Under investigation,
,2026-01,North Yorkshire Police,North Yorkshire Police,-1.495675,53.993393,On or near Plumpton Park,E01027663,Harrogate 017D,Anti-social behaviour,,
,2026-01,North Yorkshire Police,North Yorkshire Police,-1.495675,53.993393,On or near Plumpton Park,E01027663,Harrogate 017D,Anti-social behaviour,,
,2026-01,North Yorkshire Police,North Yorkshire Police,-1.498053,53.990958,On or near Hookstone Chase,E01027663,Harrogate 017D,Anti-social behaviour,,
,2026-01,North Yorkshire Police,North Yorkshire Police,-1.495675,53.993393,On or near Plumpton Park,E01027663,Harrogate 017D,Anti-social behaviour,,
,2026-01,North Yorkshire Police,North Yorkshire Police,-1.498717,53.992813,On or near Hookstone Grange Court,E01027663,Harrogate 017D,Anti-social behaviour,,
333d11e8e7071dec25b64eedca1dc87a1f89aee69706d5fe56143b17c5594365,2026-01,North Yorkshire Police,North Yorkshire Police,-1.500574,53.994420,On or near Greenfields Avenue,E01027663,Harrogate 017D,Burglary,Investigation complete; no suspect identified,
2403dcb7d8671c470b961cef31ed47e7c3b8306847c75d06be928babbf797e9e,2026-01,North Yorkshire Police,North Yorkshire Police,-1.490137,53.993478,On or near Forest Lane,E01027663,Harrogate 017D,Burglary,Investigation complete; no suspect identified,
1ce23df1f6893e0096f58ffcdb5576f3c591f2e1135212cbccb91924d1b65d34,2026-01,North Yorkshire Police,North Yorkshire Police,-1.498717,53.992813,On or near Hookstone Grange Court,E01027663,Harrogate 017D,Robbery,Awaiting court outcome,
4b11fae5b5609c6b59ba435854a59f427b1c4780940a5e338b9bd0fcc533046c,2026-01,North Yorkshire Police,North Yorkshire Police,-1.498717,53.992813,On or near Hookstone Grange Court,E01027663,Harrogate 017D,Violence and sexual offences,Unable to prosecute suspect,
f59338576ebc83c691ca55e04eefc6c8e7a2e55f02a83510c283bf4709c13760,2026-01,North Yorkshire Police,North Yorkshire Police,-1.500574,53.994420,On or near Greenfields Avenue,E01027663,Harrogate 017D,Violence and sexual offences,Awaiting court outcome,
b4e51d6206d8d54e80dcd123884d7de59012e66424837d828ca8c440c7e5474b,2026-01,North Yorkshire Police,North Yorkshire Police,-1.493135,53.991558,On or near Rothbury Close,E01027663,Harrogate 017D,Violence and sexual offences,Further investigation is not in the public interest,
6d7f32f365987ac4541883634d0a75d4c06f3da6001a528af74abf06ca8e9f8b,2026-01,North Yorkshire Police,North Yorkshire Police,-1.527213,53.979060,On or near Beechwood Grove,E01027697,Harrogate 017E,Criminal damage and arson,Investigation complete; no suspect identified,
f82c1989c72a79682ea087f0662affd8149204318e8219c15dfa40edfeee1ab3,2026-01,North Yorkshire Police,North Yorkshire Police,-1.520627,53.990871,On or near Supermarket,E01027733,Harrogate 017F,Shoplifting,Investigation complete; no suspect identified,
d23c56f652eca783080c4255ca8340b259065393abcd949bf479cd686ac5ed75,2026-01,North Yorkshire Police,North Yorkshire Police,-1.519677,53.991280,On or near St Winifred'S Avenue,E01027733,Harrogate 017F,Vehicle crime,Investigation complete; no suspect identified,
980ba7b20eaab55872c80550b4b5c7698b1581a8c6919bb2cd5e0fd6c51ba5cb,2026-01,North Yorkshire Police,North Yorkshire Police,-1.627274,54.033032,On or near Broom Field,E01027682,Harrogate 018A,Other theft,Under investigation,
10b5076e54258663a2104d8f403815642cab5ab5cc5f57f14f843e871a136389,2026-01,North Yorkshire Police,North Yorkshire Police,-1.665741,54.000747,On or near ,E01027682,Harrogate 018A,Vehicle crime,Unable to prosecute suspect,
30eb6a34ded54eb3248512f99c4e6974304a9470aec005c99d45d740fde161a6,2026-01,North Yorkshire Police,North Yorkshire Police,-1.616318,54.045617,On or near The Wynd,E01027682,Harrogate 018A,Violence and sexual offences,Under investigation,
2fd7d6796f64db661a24f2d0f1f42a53acf4fe0ca6c48e433b2c8ab89cc03ce6,2026-01,North Yorkshire Police,North Yorkshire Police,-1.725629,54.011798,On or near Trafalgar Square,E01027694,Harrogate 018B,Possession of weapons,Under investigation,
2fd7d6796f64db661a24f2d0f1f42a53acf4fe0ca6c48e433b2c8ab89cc03ce6,2026-01,North Yorkshire Police,North Yorkshire Police,-1.725629,54.011798,On or near Trafalgar Square,E01027694,Harrogate 018B,Possession of weapons,Under investigation,
45eacbcf58424d11b35925927286a5fac87b66640f49361eee1263d6dc58c260,2026-01,North Yorkshire Police,North Yorkshire Police,-1.725629,54.011798,On or near Trafalgar Square,E01027694,Harrogate 018B,Violence and sexual offences,Under investigation,
bcbbc25a39152d3d8577ccabda473ebb6a94ab11754e96de0aa8a4f88c744311,2026-01,North Yorkshire Police,North Yorkshire Police,-1.695084,54.032046,On or near Main Street,E01027694,Harrogate 018B,Violence and sexual offences,Under investigation,
dc66c79ed34b6294b816cdd5cedfcbde5fcb685fc2016427e016efc30712a744,2026-01,North Yorkshire Police,North Yorkshire Police,-1.725629,54.011798,On or near Trafalgar Square,E01027694,Harrogate 018B,Violence and sexual offences,Unable to prosecute suspect,
a06f44c9d4355e175e5416c38ba2b5ea61b44a009c999878b7e3cd32b65d7384,2026-01,North Yorkshire Police,North Yorkshire Police,-1.725629,54.011798,On or near Trafalgar Square,E01027694,Harrogate 018B,Violence and sexual offences,Under investigation,
613cfec78bb6a3550861f22acecef7cde82e6ee7ea6b8d6e290e9822e4760458,2026-01,North Yorkshire Police,North Yorkshire Police,-1.620590,53.968884,On or near Norwood Lane,E01027734,Harrogate 018C,Criminal damage and arson,Unable to prosecute suspect,
fde8866601fe0876701c55ef46f32b2e60382b23256500b3b543b41104115533,2026-01,North Yorkshire Police,North Yorkshire Police,-1.696513,53.963500,On or near Brat Lane,E01027734,Harrogate 018C,Vehicle crime,Under investigation,
4af0233e6d70a7783d5d29405f64385314c38aab482fcb9d05fc232def36cc1e,2026-01,North Yorkshire Police,North Yorkshire Police,-1.576860,53.977411,On or near Parcevall Close,E01027734,Harrogate 018C,Violence and sexual offences,Action to be taken by another organisation,
658d7024a69102bcf54e301779ca17d262fc6b8b90dc4ea960f49c9d236fa62f,2026-01,North Yorkshire Police,North Yorkshire Police,-1.576860,53.977411,On or near Parcevall Close,E01027734,Harrogate 018C,Violence and sexual offences,Action to be taken by another organisation,
5436a1544f42323f6d673d48883f9fab9da562d479034d339a269388761f839f,2026-01,North Yorkshire Police,North Yorkshire Police,-1.576757,53.977132,On or near Skampston Drive,E01027734,Harrogate 018C,Violence and sexual offences,Under investigation,
cd851cbaba5a087d28ee4736cde7cb0cb2c16268e38f7d2e5636090a383ac50a,2026-01,North Yorkshire Police,North Yorkshire Police,-1.576860,53.977411,On or near Parcevall Close,E01027734,Harrogate 018C,Violence and sexual offences,Action to be taken by another organisation,
df065e0a0b876c4f9a41c9fe1249d3eaf2269c78b2d4e47a8e221708ae01665d,2026-01,North Yorkshire Police,North Yorkshire Police,-1.576757,53.977132,On or near Skampston Drive,E01027734,Harrogate 018C,Violence and sexual offences,Under investigation,
72e795a42e33ee4533efe7755b5dcb7182bff6bea98948aff1bd4578dab8c429,2026-01,North Yorkshire Police,North Yorkshire Police,-1.591798,53.979476,On or near Pot Bank,E01027734,Harrogate 018C,Violence and sexual offences,Unable to prosecute suspect,
f45e1047c1ec2b6b03ea6375475e993c638ea1320075172ddfb0685763d9af56,2026-01,North Yorkshire Police,North Yorkshire Police,-1.704552,53.943280,On or near Dob Park Road,E01027735,Harrogate 018D,Burglary,Under investigation,
a6ac34a587514ed004289fe637d4822e589d5860a1e56c0b1606371085ec1238,2026-01,North Yorkshire Police,North Yorkshire Police,-1.780846,53.937430,On or near Smithy Lane,E01027735,Harrogate 018D,Criminal damage and arson,Under investigation,
39824da68f01cd395dc82c4f4e750eb4052caf5ec4b0339de0ab0392dd868393,2026-01,North Yorkshire Police,North Yorkshire Police,-1.780846,53.937430,On or near Smithy Lane,E01027735,Harrogate 018D,Violence and sexual offences,Under investigation,
3bb347521e47ebd0ab203cb2203f897686e763fc50734768c6b29441cc7a5f7b,2026-01,North Yorkshire Police,North Yorkshire Police,-1.780846,53.937430,On or near Smithy Lane,E01027735,Harrogate 018D,Violence and sexual offences,Under investigation,
,2026-01,North Yorkshire Police,North Yorkshire Police,-1.537158,53.993848,On or near Parking Area,E01027656,Harrogate 019A,Anti-social behaviour,,
,2026-01,North Yorkshire Police,North Yorkshire Police,-1.537158,53.993848,On or near Parking Area,E01027656,Harrogate 019A,Anti-social behaviour,,
,2026-01,North Yorkshire Police,North Yorkshire Police,-1.533307,53.991721,On or near Police Station,E01027656,Harrogate 019A,Anti-social behaviour,,
,2026-01,North Yorkshire Police,North Yorkshire Police,-1.537158,53.993848,On or near Parking Area,E01027656,Harrogate 019A,Anti-social behaviour,,
,2026-01,North Yorkshire Police,North Yorkshire Police,-1.535262,53.994245,On or near Parking Area,E01027656,Harrogate 019A,Anti-social behaviour,,
,2026-01,North Yorkshire Police,North Yorkshire Police,-1.536381,53.995121,On or near Haywra Street,E01027656,Harrogate 019A,Anti-social behaviour,,
,2026-01,North Yorkshire Police,North Yorkshire Police,-1.537158,53.993848,On or near Parking Area,E01027656,Harrogate 019A,Anti-social behaviour,,
,2026-01,North Yorkshire Police,North Yorkshire Police,-1.537158,53.993848,On or near Parking Area,E01027656,Harrogate 019A,Anti-social behaviour,,
,2026-01,North Yorkshire Police,North Yorkshire Police,-1.537158,53.993848,On or near Parking Area,E01027656,Harrogate 019A,Anti-social behaviour,,
,2026-01,North Yorkshire Police,North Yorkshire Police,-1.537158,53.993848,On or near Parking Area,E01027656,Harrogate 019A,Anti-social behaviour,,
,2026-01,North Yorkshire Police,North Yorkshire Police,-1.535262,53.994245,On or near Parking Area,E01027656,Harrogate 019A,Anti-social behaviour,,
,2026-01,North Yorkshire Police,North Yorkshire Police,-1.535581,53.992988,On or near Queensway,E01027656,Harrogate 019A,Anti-social behaviour,,
a1b018d4fc75f40484ceeff2f61b4856d73bdfbed2066d5f83fc540e1b14c137,2026-01,North Yorkshire Police,North Yorkshire Police,-1.536381,53.995121,On or near Haywra Street,E01027656,Harrogate 019A,Criminal damage and arson,Investigation complete; no suspect identified,
c63643ce6fc933024fd13943e4614dc84878d80ebcc41b2fb1ecab0b03724cd8,2026-01,North Yorkshire Police,North Yorkshire Police,-1.532502,53.990136,On or near Princes Villa Road,E01027656,Harrogate 019A,Other theft,Unable to prosecute suspect,
5d17aeca71080ecd5d992721d567364f18ca16294db24b35c0ed2f93535e31cd,2026-01,North Yorkshire Police,North Yorkshire Police,-1.537158,53.993848,On or near Parking Area,E01027656,Harrogate 019A,Public order,Under investigation,
59403656ff78ea3eef2199787f05cd8abc85d194ea194892990396747d5fc4a3,2026-01,North Yorkshire Police,North Yorkshire Police,-1.535108,53.991674,On or near Marlborough Road,E01027656,Harrogate 019A,Public order,Unable to prosecute suspect,
16c576a83cce70bdb46508202b826b1a1589d0a6d74a24c8d641211d6997cb33,2026-01,North Yorkshire Police,North Yorkshire Police,-1.535581,53.992988,On or near Queensway,E01027656,Harrogate 019A,Violence and sexual offences,Unable to prosecute suspect,
b0a9692a64d1ce63e17b89f497c507605952596b1b785d54415a44eefd2fe7f9,2026-01,North Yorkshire Police,North Yorkshire Police,-1.537158,53.993848,On or near Parking Area,E01027656,Harrogate 019A,Violence and sexual offences,Unable to prosecute suspect,
83456367893907968e30ba162b55950576c6e12c9956cce8a7e7baed04c44765,2026-01,North Yorkshire Police,North Yorkshire Police,-1.535262,53.994245,On or near Parking Area,E01027656,Harrogate 019A,Violence and sexual offences,Under investigation,
48105546a8bbf72c27a5030b81c4b4ba16271550d2c27100236ea2cc1132207b,2026-01,North Yorkshire Police,North Yorkshire Police,-1.533748,53.994607,On or near Park View,E01027656,Harrogate 019A,Violence and sexual offences,Unable to prosecute suspect,
e686fb141839cd811c5a5d32e0b3d4ad09ead9e8941a56980f896d790be464a5,2026-01,North Yorkshire Police,North Yorkshire Police,-1.530494,53.996437,On or near Mowbray Square,E01027656,Harrogate 019A,Other crime,Under investigation,
,2026-01,North Yorkshire Police,North Yorkshire Police,-1.541973,53.992904,On or near Cambridge Crescent,E01027679,Harrogate 019B,Anti-social behaviour,,
,2026-01,North Yorkshire Police,North Yorkshire Police,-1.541973,53.992904,On or near Cambridge Crescent,E01027679,Harrogate 019B,Anti-social behaviour,,
,2026-01,North Yorkshire Police,North Yorkshire Police,-1.540785,53.992756,On or near Petergate,E01027679,Harrogate 019B,Anti-social behaviour,,
,2026-01,North Yorkshire Police,North Yorkshire Police,-1.539680,53.989229,On or near Parking Area,E01027679,Harrogate 019B,Anti-social behaviour,,
eb97225ee8e7e0a6e9443411a9a66d44dbfaa992da79276e133c61edb01b7bcf,2026-01,North Yorkshire Police,North Yorkshire Police,-1.541973,53.992904,On or near Cambridge Crescent,E01027679,Harrogate 019B,Drugs,Under investigation,
1f5db583184d38d7eace8bbf9938f9414922efa9ad78bc04e35b2896d3b5623c,2026-01,North Yorkshire Police,North Yorkshire Police,-1.541973,53.992904,On or near Cambridge Crescent,E01027679,Harrogate 019B,Public order,Unable to prosecute suspect,
30006707ac8f5b29f22aecdaff1c3f16adcd682106f9756b459803706f96dcfc,2026-01,North Yorkshire Police,North Yorkshire Police,-1.540812,53.991696,On or near John Street,E01027679,Harrogate 019B,Public order,Unable to prosecute suspect,
84c8c9480f4a9d8894b86527aef12df9d4bcbade938c484822c59cc19f9a365a,2026-01,North Yorkshire Police,North Yorkshire Police,-1.540785,53.992756,On or near Petergate,E01027679,Harrogate 019B,Shoplifting,Investigation complete; no suspect identified,
3f4c94311c4ac3da6d847e05daeeb8aee31568e0133a2edb6862ce286fcff625,2026-01,North Yorkshire Police,North Yorkshire Police,-1.536419,53.990061,On or near Supermarket,E01027679,Harrogate 019B,Shoplifting,Awaiting court outcome,
04eb329f9488918fa81a10e7bbc2a547a9bc2988f2d22d17dc5d97703b3a7554,2026-01,North Yorkshire Police,North Yorkshire Police,-1.539505,53.992670,On or near Market Place,E01027679,Harrogate 019B,Shoplifting,Investigation complete; no suspect identified,
8a1ad5a1bce037ede8fde25e62e96c2efce88b99b20c000ef978b7fe98eff783,2026-01,North Yorkshire Police,North Yorkshire Police,-1.536419,53.990061,On or near Supermarket,E01027679,Harrogate 019B,Shoplifting,Awaiting court outcome,
8c664bca2262edfbcd95bb1e0a9160ae497e94a43413c44a0ef9889a178e1897,2026-01,North Yorkshire Police,North Yorkshire Police,-1.548584,53.989442,On or near Somerset Road,E01027679,Harrogate 019B,Shoplifting,Unable to prosecute suspect,
91e4e040af9fdcb19629c45bfcb9d64e320881ddb6ea3b8690b3ca50c56ecf7d,2026-01,North Yorkshire Police,North Yorkshire Police,-1.540785,53.992756,On or near Petergate,E01027679,Harrogate 019B,Shoplifting,Under investigation,
e50ac46d92bdc1f85221d6be024a2fe8e9d3ad2774159aa27596f721fb4b7488,2026-01,North Yorkshire Police,North Yorkshire Police,-1.536419,53.990061,On or near Supermarket,E01027679,Harrogate 019B,Shoplifting,Awaiting court outcome,
459344b17f9c75fc26e751f23c2a71cadf3ab7bf092cd458c10651126c2c2f27,2026-01,North Yorkshire Police,North Yorkshire Police,-1.536419,53.990061,On or near Supermarket,E01027679,Harrogate 019B,Shoplifting,Investigation complete; no suspect identified,
71a9a02d7573b08afe69b02582b5a43e6bb23ec48b34a6ec12f37a9ea2150100,2026-01,North Yorkshire Police,North Yorkshire Police,-1.541973,53.992904,On or near Cambridge Crescent,E01027679,Harrogate 019B,Theft from the person,Under investigation,
953054db73423f36a80847c8d37d4952684ab13d37e143e795704325dccc57d9,2026-01,North Yorkshire Police,North Yorkshire Police,-1.541973,53.992904,On or near Cambridge Crescent,E01027679,Harrogate 019B,Violence and sexual offences,Under investigation,
0d8a64a366bb61261e939102ef878be22afbc7c6c35d0dbcf178bbf8af632148,2026-01,North Yorkshire Police,North Yorkshire Police,-1.541973,53.992904,On or near Cambridge Crescent,E01027679,Harrogate 019B,Violence and sexual offences,Under investigation,
a619b84d356ae6d72a18f3c797940d632f32f3161cd2bbade89608a6bc6638ad,2026-01,North Yorkshire Police,North Yorkshire Police,-1.543916,53.988130,On or near Beech Grove,E01027679,Harrogate 019B,Violence and sexual offences,Unable to prosecute suspect,
4b5ab728fccbfb261400fccb84fd133350170481eaa57d40b10fa9e94296053b,2026-01,North Yorkshire Police,North Yorkshire Police,-1.537967,53.988278,On or near Trafalgar Court,E01027679,Harrogate 019B,Violence and sexual offences,Unable to prosecute suspect,
b1c30165704aeba125dda74bc2f1bb2058549c5b88c4f28c940d343749c1abc0,2026-01,North Yorkshire Police,North Yorkshire Police,-1.541973,53.992904,On or near Cambridge Crescent,E01027679,Harrogate 019B,Violence and sexual offences,Under investigation,
,2026-01,North Yorkshire Police,North Yorkshire Police,-1.543452,53.984587,On or near Park Avenue,E01027730,Harrogate 019C,Anti-social behaviour,,
0b2aa000985b0c420b1c625f0dafa12f5300eafe3f2510a396bf4247545d5810,2026-01,North Yorkshire Police,North Yorkshire Police,-1.543452,53.984587,On or near Park Avenue,E01027730,Harrogate 019C,Burglary,Investigation complete; no suspect identified,
,2026-01,North Yorkshire Police,North Yorkshire Police,-1.533168,53.978265,On or near Gladstone Street,E01027731,Harrogate 019D,Anti-social behaviour,,
,2026-01,North Yorkshire Police,North Yorkshire Police,-1.532229,53.979080,On or near Russell Street,E01027731,Harrogate 019D,Anti-social behaviour,,
7fe99f6cf9d31e059054447f9d20a83304d6b5e17842c6dcf66ccea70a389f04,2026-01,North Yorkshire Police,North Yorkshire Police,-1.532229,53.979080,On or near Russell Street,E01027731,Harrogate 019D,Criminal damage and arson,Investigation complete; no suspect identified,
e5f43dadcf66351f0ec1357f1b7a6db91cbbccb720bd94d2b4b6d47034efc7c5,2026-01,North Yorkshire Police,North Yorkshire Police,-1.533889,53.977891,On or near Supermarket,E01027731,Harrogate 019D,Robbery,Awaiting court outcome,
d03bf2a924ac75e26c8ec5938b3b795db9291e0be0a8346cb4c45e50c544dd51,2026-01,North Yorkshire Police,North Yorkshire Police,-1.533889,53.977891,On or near Supermarket,E01027731,Harrogate 019D,Shoplifting,Awaiting court outcome,
0d64240a7e690db4a5b1ed13f0cf0b58c29cfc177afac73c7f1111473c0aeae9,2026-01,North Yorkshire Police,North Yorkshire Police,-1.533889,53.977891,On or near Supermarket,E01027731,Harrogate 019D,Shoplifting,Investigation complete; no suspect identified,
d54ab4c6765f20236c015b6b6f3775da2ce57c0c8c9e5c3da972bfefefe44cec,2026-01,North Yorkshire Police,North Yorkshire Police,-1.533889,53.977891,On or near Supermarket,E01027731,Harrogate 019D,Shoplifting,Investigation complete; no suspect identified,
6f17e09297a46f71becd2cca6695e2555f4c9980523556d0ba326ebaf2903e3f,2026-01,North Yorkshire Police,North Yorkshire Police,-1.533889,53.977891,On or near Supermarket,E01027731,Harrogate 019D,Shoplifting,Awaiting court outcome,
c701f5d979723a713aa4e72fd7710bd4962aabe6c583a1774125b28f08e4f330,2026-01,North Yorkshire Police,North Yorkshire Police,-1.533889,53.977891,On or near Supermarket,E01027731,Harrogate 019D,Shoplifting,Investigation complete; no suspect identified,
a70e1edc9a862c97bbc7801cb762bb46a1b0c1b9e85374a985cad905b290e10f,2026-01,North Yorkshire Police,North Yorkshire Police,-1.533889,53.977891,On or near Supermarket,E01027731,Harrogate 019D,Shoplifting,Investigation complete; no suspect identified,
485a80104af3fc86c76894e68a52fb65639585babe777588fd62b5aa102fb919,2026-01,North Yorkshire Police,North Yorkshire Police,-1.530310,53.982919,On or near Hamilton Avenue,E01027732,Harrogate 019E,Burglary,Investigation complete; no suspect identified,
ba739fd5a22522b4cd0dd5f58d0bc3788c9048ee68dad36cb2667e5f31a5e887,2026-01,North Yorkshire Police,North Yorkshire Police,-1.535927,53.982491,On or near Langcliffe Avenue,E01027732,Harrogate 019E,Other theft,Investigation complete; no suspect identified,
55a32e1d2130fad846b11379805461c99fd8780452df43d120e513b13d8f2b5e,2026-01,North Yorkshire Police,North Yorkshire Police,-1.533098,53.984521,On or near Back Tewit Well Road,E01027732,Harrogate 019E,Vehicle crime,Investigation complete; no suspect identified,
d8c2c888be94d71a96170a55658bb79d524169344e39119632dc3b5d3802bac8,2026-01,North Yorkshire Police,North Yorkshire Police,-1.531774,53.985639,On or near Stray Walk,E01027732,Harrogate 019E,Violence and sexual offences,Investigation complete; no suspect identified,
,2026-01,North Yorkshire Police,North Yorkshire Police,-1.563330,53.980967,On or near Pinewood Gate,E01027653,Harrogate 020A,Anti-social behaviour,,
5877d81894e62a2ebb2bd536d114d9e77869e960a460bfa649915d3c84b89fed,2026-01,North Yorkshire Police,North Yorkshire Police,-1.558971,53.985077,On or near Morel Grove,E01027653,Harrogate 020A,Violence and sexual offences,Under investigation,
1eb9fe74cae3ae96ff55f22f942d70c44ad93899f3dc5a5c450d97800fbf1ba2,2026-01,North Yorkshire Police,North Yorkshire Police,-1.550823,53.984103,On or near Supermarket,E01027653,Harrogate 020A,Violence and sexual offences,Under investigation,
77970df2e98da54b85643ccdd4202ca99b20c472ac9926f5b300ca26520bc84f,2026-01,North Yorkshire Police,North Yorkshire Police,-1.550823,53.984103,On or near Supermarket,E01027653,Harrogate 020A,Violence and sexual offences,Under investigation,
923f348b8475bbc5fae14334339277390f782b41cc54842d95106c0f9ebf0a64,2026-01,North Yorkshire Police,North Yorkshire Police,-1.554850,53.983938,On or near Garden Mews,E01027653,Harrogate 020A,Violence and sexual offences,Unable to prosecute suspect,
3b1ba88f045bc23238060939fdf253444e338fdeeb1b68afd4089be3cdf6d311,2026-01,North Yorkshire Police,North Yorkshire Police,-1.557620,53.996028,On or near Kent Road North,E01027654,Harrogate 020B,Public order,Investigation complete; no suspect identified,
,2026-01,North Yorkshire Police,North Yorkshire Police,-1.532880,53.971299,On or near Firs Crescent,E01027698,Harrogate 020C,Anti-social behaviour,,
c70b7798c40a80fc7179eb5be1b09c5548e848044a9b7acdd83918f9c2480aa1,2026-01,North Yorkshire Police,North Yorkshire Police,-1.532357,53.977148,On or near Coronation Road,E01027698,Harrogate 020C,Public order,Under investigation,
,2026-01,North Yorkshire Police,North Yorkshire Police,-1.546322,53.975835,On or near Rossett Garth,E01027716,Harrogate 020D,Anti-social behaviour,,
5e8e5b9136f7853ef462e9a3b913fc5d78c0aa7d3447464c358e0fabba9b4753,2026-01,North Yorkshire Police,North Yorkshire Police,-1.558920,53.971145,On or near Whinney Lane,E01027716,Harrogate 020D,Public order,Under investigation,
34108a20d08d371fefb46449042ffa67d01150375ee0ce5045881c7647f4c98f,2026-01,North Yorkshire Police,North Yorkshire Police,-1.558920,53.971145,On or near Whinney Lane,E01027716,Harrogate 020D,Violence and sexual offences,Action to be taken by another organisation,
6a097e16e849277031600389b9c95462ac31856ef82d3cba46ec81bab27e77f8,2026-01,North Yorkshire Police,North Yorkshire Police,-1.558920,53.971145,On or near Whinney Lane,E01027716,Harrogate 020D,Violence and sexual offences,Under investigation,
b780c754739c789cbd455e47ea9513ad2ced52cb40f11ba4bff759de54209ffc,2026-01,North Yorkshire Police,North Yorkshire Police,-1.547523,53.973422,On or near Green Way,E01027716,Harrogate 020D,Violence and sexual offences,Under investigation,
,2026-01,North Yorkshire Police,North Yorkshire Police,-1.554437,53.978391,On or near Harlow Avenue,E01027717,Harrogate 020E,Anti-social behaviour,,
c12a08e8db4ba8dab9a09e309be87ecd50feb607f6bddce9c5c659324dda3d35,2026-01,North Yorkshire Police,North Yorkshire Police,-1.555479,53.979312,On or near Harlow Park Road,E01027717,Harrogate 020E,Burglary,Under investigation,
e4f3cc80f38200feaff70a155c2b84ef973a120708f59946c147db78b36920b2,2026-01,North Yorkshire Police,North Yorkshire Police,-1.543846,53.976455,On or near Redfearn Mews,E01027718,Harrogate 020F,Criminal damage and arson,Unable to prosecute suspect,
f60ef4df376ac972b0a7d6e0e1caf7fc7393c4103e954ea884fa7b768371a57c,2026-01,North Yorkshire Police,North Yorkshire Police,-1.538598,53.975311,On or near Leadhall Grove,E01027718,Harrogate 020F,Violence and sexual offences,Unable to prosecute suspect,
,2026-01,North Yorkshire Police,North Yorkshire Police,-1.552602,53.974582,On or near Willow Gardens,E01027719,Harrogate 020G,Anti-social behaviour,,
,2026-01,North Yorkshire Police,North Yorkshire Police,-1.555258,53.975752,On or near Wellfield Court,E01027719,Harrogate 020G,Anti-social behaviour,,
b3b7350ad052f54d8308ae072442a182822c6fc0b5adc294ba9d47a8e5b9d9d9,2026-01,North Yorkshire Police,North Yorkshire Police,-1.569462,53.978438,On or near ,E01027719,Harrogate 020G,Drugs,Offender given a caution,
15ed1a6aa58ad8aaf4d554b0b067988810e7e2c0ed6e267e29df84beb0cb35be,2026-01,North Yorkshire Police,North Yorkshire Police,-1.556938,53.976908,On or near Beckwith Crescent,E01027719,Harrogate 020G,Violence and sexual offences,Further investigation is not in the public interest,
d4db4650e65041d81e6efc1485999838e13ebb8f6ad4e299c76b2c5d6dc2f3bd,2026-01,North Yorkshire Police,North Yorkshire Police,-1.569462,53.978438,On or near ,E01027719,Harrogate 020G,Violence and sexual offences,Under investigation,
15ed1a6aa58ad8aaf4d554b0b067988810e7e2c0ed6e267e29df84beb0cb35be,2026-01,North Yorkshire Police,North Yorkshire Police,-1.556938,53.976908,On or near Beckwith Crescent,E01027719,Harrogate 020G,Violence and sexual offences,Under investigation,
d79e44ae0e66da7ac27cc03bfd550603e1681871be54f4b0bc407838057ca51f,2026-01,North Yorkshire Police,North Yorkshire Police,-1.569462,53.978438,On or near ,E01027719,Harrogate 020G,Other crime,Under investigation,
bc0bd8663a7c7541048655ca51f8575c9fc7d635d4058aaee5254eb782fae1c0,2026-01,North Yorkshire Police,North Yorkshire Police,-1.532855,53.958563,On or near Supermarket,E01027700,Harrogate 021B,Burglary,Investigation complete; no suspect identified,
0ea11f036a19be819c4c128c34eccc1dac331d98e5bba5defeac46b3bb184ab1,2026-01,North Yorkshire Police,North Yorkshire Police,-1.523824,53.969969,On or near Fulwith Drive,E01027700,Harrogate 021B,Burglary,Under investigation,
1b58196c374153f0b2937e923bc22e675e99aa2c3a251109953c8fb9ec026318,2026-01,North Yorkshire Police,North Yorkshire Police,-1.528598,53.961692,On or near Leeds Road,E01027700,Harrogate 021B,Shoplifting,Investigation complete; no suspect identified,
7d8938bf95fbfecb542e195228cfea8e6129828f7d545c336495c1d2b1fb8ae7,2026-01,North Yorkshire Police,North Yorkshire Police,-1.523824,53.969969,On or near Fulwith Drive,E01027700,Harrogate 021B,Violence and sexual offences,Unable to prosecute suspect,
9f8015a5712e9d0d81acb72f29703c693c79d4adf0b1a8ad139794f16fa5aacf,2026-01,North Yorkshire Police,North Yorkshire Police,-1.533284,53.958340,On or near Parking Area,E01027700,Harrogate 021B,Violence and sexual offences,Unable to prosecute suspect,
,2026-01,North Yorkshire Police,North Yorkshire Police,-1.528245,53.915970,On or near Harrogate Road,E01027724,Harrogate 021C,Anti-social behaviour,,
a87ce1b8741330dabf1e9880fecc5fb56715888e2dff45aead6dd4c81653c956,2026-01,North Yorkshire Police,North Yorkshire Police,-1.590328,53.925590,On or near Crag View,E01027724,Harrogate 021C,Burglary,Under investigation,
5f1e5bcb63de4549db6b48dc3188a4aeb305d2c77c265d4ce5afae2033c8d376,2026-01,North Yorkshire Police,North Yorkshire Police,-1.594131,53.926079,On or near Merrybank Lane,E01027724,Harrogate 021C,Violence and sexual offences,Unable to prosecute suspect,
,2026-01,North Yorkshire Police,North Yorkshire Police,-1.449844,53.954841,On or near Castle Street,E01027725,Harrogate 021D,Anti-social behaviour,,
b42a53d7034aedd9bebd3289cdd832f98f3c19863b6724f0f9cc3f2b37075124,2026-01,North Yorkshire Police,North Yorkshire Police,-1.381316,53.902243,On or near Moor Lane,E01011696,Leeds 006B,Drugs,Under investigation,
f647e004b09e684cdd1a0d66997f394b89e1ffee27c6df655a1f2d297f2708df,2026-01,North Yorkshire Police,North Yorkshire Police,-1.381316,53.902243,On or near Moor Lane,E01011696,Leeds 006B,Possession of weapons,Unable to prosecute suspect,
d0ab02a0c7118a175670142ee7fc1fd4a436450f5c899bc1a8ffedae13910be7,2026-01,North Yorkshire Police,North Yorkshire Police,-1.418479,53.767501,On or near St Mary'S Avenue,E01011390,Leeds 087A,Violence and sexual offences,Under investigation,
ca059325dc3e118b84e66b924136368d07f5f0eaa34dfa93307a7d26711f4338,2026-01,North Yorkshire Police,North Yorkshire Police,-1.292550,53.766954,On or near Parking Area,E01011299,Leeds 088B,Violence and sexual offences,Unable to prosecute suspect,
ca059325dc3e118b84e66b924136368d07f5f0eaa34dfa93307a7d26711f4338,2026-01,North Yorkshire Police,North Yorkshire Police,-1.292550,53.766954,On or near Parking Area,E01011299,Leeds 088B,Violence and sexual offences,Under investigation,
d0431d2c362f67cb92bc4b2f74608bac9b5a0c1ed907df087d9c3f71c6373d2f,2026-01,North Yorkshire Police,North Yorkshire Police,-0.476512,51.911659,On or near Lidgate Close,E01015752,Luton 005C,Violence and sexual offences,Under investigation,
,2026-01,North Yorkshire Police,North Yorkshire Police,-1.648038,54.473195,On or near Cedar Grove,E01027743,Richmondshire 001A,Anti-social behaviour,,
,2026-01,North Yorkshire Police,North Yorkshire Police,-1.644592,54.473733,On or near The Porch,E01027743,Richmondshire 001A,Anti-social behaviour,,
,2026-01,North Yorkshire Police,North Yorkshire Police,-1.645084,54.473959,On or near Piper Hill Close,E01027743,Richmondshire 001A,Anti-social behaviour,,
,2026-01,North Yorkshire Police,North Yorkshire Police,-1.645233,54.472810,On or near Marygate,E01027743,Richmondshire 001A,Anti-social behaviour,,
,2026-01,North Yorkshire Police,North Yorkshire Police,-1.613191,54.512874,On or near Chapel Lane,E01027743,Richmondshire 001A,Anti-social behaviour,,
,2026-01,North Yorkshire Police,North Yorkshire Police,-1.640142,54.476156,On or near St Cuthbert'S Green,E01027743,Richmondshire 001A,Anti-social behaviour,,
d051bb8468cde992da7d73f629b6e5af8e025ef3675d8cd60257022732fd4ab5,2026-01,North Yorkshire Police,North Yorkshire Police,-1.643731,54.475115,On or near Silver Meadows,E01027743,Richmondshire 001A,Burglary,Under investigation,
8f9169db7356e61cfe7771eff09bbb7335faffe03e89dab1fad30bb88c1decf2,2026-01,North Yorkshire Police,North Yorkshire Police,-1.647660,54.472268,On or near Glebe Close,E01027743,Richmondshire 001A,Criminal damage and arson,Investigation complete; no suspect identified,
e9881968de84aefb592352f1a87845107b361f0d6892376e6210b4f2187fd4e6,2026-01,North Yorkshire Police,North Yorkshire Police,-1.641780,54.475909,On or near Blind Lane,E01027743,Richmondshire 001A,Criminal damage and arson,Investigation complete; no suspect identified,
ea99ee8d3574502565e2782c8e15b5fc24a27c50515149a70b9629182bcb4d1e,2026-01,North Yorkshire Police,North Yorkshire Police,-1.643731,54.475115,On or near Silver Meadows,E01027743,Richmondshire 001A,Criminal damage and arson,Investigation complete; no suspect identified,
7c2ceea8fd06b667ff1cb6fef4720a98a1df6f080b86ad50627f9db957566396,2026-01,North Yorkshire Police,North Yorkshire Police,-1.640142,54.476156,On or near St Cuthbert'S Green,E01027743,Richmondshire 001A,Vehicle crime,Investigation complete; no suspect identified,
d9a26f36c45e61312e55d25871134329d6eefd9cc0d97ae2322d0d54cceef1e7,2026-01,North Yorkshire Police,North Yorkshire Police,-1.594231,54.504337,On or near Cleasby Lane,E01027743,Richmondshire 001A,Violence and sexual offences,Under investigation,
0538eb923ee9b6c3aeb6717ecedf22e5b1ad54616fa96bc27431ede96500d929,2026-01,North Yorkshire Police,North Yorkshire Police,-1.594231,54.504337,On or near Cleasby Lane,E01027743,Richmondshire 001A,Violence and sexual offences,Under investigation,
0538eb923ee9b6c3aeb6717ecedf22e5b1ad54616fa96bc27431ede96500d929,2026-01,North Yorkshire Police,North Yorkshire Police,-1.594231,54.504337,On or near Cleasby Lane,E01027743,Richmondshire 001A,Violence and sexual offences,Under investigation,
f2785972aaae7b1b938d83464b18e6b93ba4c051c1e106c0a153e1505f8ef9a0,2026-01,North Yorkshire Police,North Yorkshire Police,-1.556437,54.483472,On or near The Mill Race,E01027751,Richmondshire 001B,Violence and sexual offences,Under investigation,
d6ff57d4362d3e36aa738630c7522528d544d9bd87e3fc478b4007333e48a9f3,2026-01,North Yorkshire Police,North Yorkshire Police,-1.556437,54.483472,On or near The Mill Race,E01027751,Richmondshire 001B,Violence and sexual offences,Unable to prosecute suspect,
9d7a5471cee191fab66bab9fa04e521f80c0f19100a693045f63e2c4d79bbbcd,2026-01,North Yorkshire Police,North Yorkshire Police,-1.783250,54.468822,On or near Waitlands Lane,E01027752,Richmondshire 001C,Other theft,Investigation complete; no suspect identified,
820595bbb9593e9ced5a44d9c1c2c90cb044aca6a24c15336459ee0c98de01d1,2026-01,North Yorkshire Police,North Yorkshire Police,-1.689652,54.495920,On or near Harthorn Court,E01027759,Richmondshire 001D,Violence and sexual offences,Unable to prosecute suspect,
5a54d106b0afbd8df89c4c3098af62b6ebb3976cbcf631b134bda5790f35d22b,2026-01,North Yorkshire Police,North Yorkshire Police,-1.662274,54.444010,On or near Middleton Tyas Lane,E01027761,Richmondshire 001E,Burglary,Unable to prosecute suspect,
efebee1b19977e357ef9624f5998e2f7be4d3533f81a0df5ed36c645c0977b61,2026-01,North Yorkshire Police,North Yorkshire Police,-1.654526,54.446442,On or near ,E01027761,Richmondshire 001E,Burglary,Investigation complete; no suspect identified,
b111d8d8ca8d73c176a7370cb9cb18854e2f7446d98f15f8b8fdc56eeb601e6f,2026-01,North Yorkshire Police,North Yorkshire Police,-1.654526,54.446442,On or near ,E01027761,Richmondshire 001E,Burglary,Investigation complete; no suspect identified,
d0e0ffd64216208a4e854c6871bae9ef71b0ee7fb36702c891571856ccc3dd02,2026-01,North Yorkshire Police,North Yorkshire Police,-1.668028,54.424983,On or near ,E01027761,Richmondshire 001E,Drugs,Local resolution,
f8140c1f03abc0754e509664f77ac5f3aea5599719a36eeff25020ae3eb4cbb2,2026-01,North Yorkshire Police,North Yorkshire Police,-1.640591,54.430134,On or near Scurragh House Lane,E01027761,Richmondshire 001E,Vehicle crime,Investigation complete; no suspect identified,
ba0418857e4e9310f91dc8effa676e64a92879abdbb8dd8645828dfedd77b2c7,2026-01,North Yorkshire Police,North Yorkshire Police,-1.654017,54.450186,On or near Sports/Recreation Area,E01027761,Richmondshire 001E,Violence and sexual offences,Under investigation,
21bbd9ee2b4bc5a1a6e4b8dc57fa9b2abc54fa6ee21c0ee20733c0484285ef28,2026-01,North Yorkshire Police,North Yorkshire Police,-1.654017,54.450186,On or near Sports/Recreation Area,E01027761,Richmondshire 001E,Violence and sexual offences,Under investigation,
383c7ec4743712739f40c5390a0ac27bf2978190c31dff782289889a8fc60c60,2026-01,North Yorkshire Police,North Yorkshire Police,-1.728205,54.409549,On or near Sunnycrest Avenue,E01027765,Richmondshire 002A,Public order,Under investigation,
baef712714741c279a3e46eb9a84ac5d3dc0703b0d0dac69f9406b8daceb6c50,2026-01,North Yorkshire Police,North Yorkshire Police,-1.728205,54.409549,On or near Sunnycrest Avenue,E01027765,Richmondshire 002A,Public order,Under investigation,
7649b89b184c576094a15fd52d0874aa1b81125c580c15df5b626393a2d5bdac,2026-01,North Yorkshire Police,North Yorkshire Police,-1.728205,54.409549,On or near Sunnycrest Avenue,E01027765,Richmondshire 002A,Violence and sexual offences,Under investigation,
1a8ce84177f6b04700f2c790182190d5f7767bbb76dca6f59425be6ff637658a,2026-01,North Yorkshire Police,North Yorkshire Police,-1.732646,54.411356,On or near Seagrim Crescent,E01027765,Richmondshire 002A,Violence and sexual offences,Unable to prosecute suspect,
6ecf41c58e414004fc79024935b0087d25e1030aabb10763bc9c16a904d7dccc,2026-01,North Yorkshire Police,North Yorkshire Police,-1.728205,54.409549,On or near Sunnycrest Avenue,E01027765,Richmondshire 002A,Violence and sexual offences,Under investigation,
79dba98bc15f6ef424d00e08ee770cc62f1f402467ffb1664202f1f139f5c060,2026-01,North Yorkshire Police,North Yorkshire Police,-1.732748,54.407618,On or near Police Station,E01027766,Richmondshire 002B,Public order,Awaiting court outcome,
19fcf211a4169ad5da306b418d0a489a97ef8ff3f51c4adb91a5fad12d318200,2026-01,North Yorkshire Police,North Yorkshire Police,-1.732748,54.407618,On or near Police Station,E01027766,Richmondshire 002B,Violence and sexual offences,Unable to prosecute suspect,
c40ff4296c06b22c319e2cd6cd0b4487d2519452a7348df3c6787421bd966343,2026-01,North Yorkshire Police,North Yorkshire Police,-1.725144,54.407803,On or near ,E01027767,Richmondshire 002C,Burglary,Under investigation,
33ef332bb55884fe99912a5c1a16712c5a02431139c7a1233d8a78dee96a9ac2,2026-01,North Yorkshire Police,North Yorkshire Police,-1.723736,54.409710,On or near Roald Court,E01027767,Richmondshire 002C,Violence and sexual offences,Unable to prosecute suspect,
863814c4989dddbf473bece105b30c0f64cee188a538d740b26baa4a7219d908,2026-01,North Yorkshire Police,North Yorkshire Police,-1.724591,54.408642,On or near Lennox Avenue,E01027767,Richmondshire 002C,Violence and sexual offences,Under investigation,
b4d9b199c8941e147f739d2ea3d7e5b1d12f2c7ed208243342bfb7879ec99616,2026-01,North Yorkshire Police,North Yorkshire Police,-1.724591,54.408642,On or near Lennox Avenue,E01027767,Richmondshire 002C,Violence and sexual offences,Under investigation,
6663ad70a8fa175070d774b08381ef5da72ce08b29d36868a40f21e55afcf018,2026-01,North Yorkshire Police,North Yorkshire Police,-1.752291,54.406168,On or near Willance Grove,E01027769,Richmondshire 002E,Violence and sexual offences,Under investigation,
d637f05e8c851f3822b2fa988bb04a8101e7c0513e095f36e32996daf3295208,2026-01,North Yorkshire Police,North Yorkshire Police,-1.755235,54.405877,On or near Coronation Place,E01027769,Richmondshire 002E,Violence and sexual offences,Under investigation,
97272afb9a36c534ea2c9ef7582dc11670ef02313ebd8277fd40c3e1cbdf69e6,2026-01,North Yorkshire Police,North Yorkshire Police,-1.755235,54.405877,On or near Coronation Place,E01027769,Richmondshire 002E,Violence and sexual offences,Under investigation,
bcdfbf1a73810df6e33792e0390eb838c757fb88d56fa7cb5b07481c3e12df82,2026-01,North Yorkshire Police,North Yorkshire Police,-1.755235,54.405877,On or near Coronation Place,E01027769,Richmondshire 002E,Violence and sexual offences,Unable to prosecute suspect,
,2026-01,North Yorkshire Police,North Yorkshire Police,-1.738489,54.405932,On or near Supermarket,E01027770,Richmondshire 002F,Anti-social behaviour,,
,2026-01,North Yorkshire Police,North Yorkshire Police,-1.734316,54.410479,On or near Barrack View,E01027770,Richmondshire 002F,Anti-social behaviour,,
7c2338f7d8fbea147da711f4644c9c552d27f3a4f074da1fe8097509ff359cf1,2026-01,North Yorkshire Police,North Yorkshire Police,-1.745545,54.405965,On or near Westfields Court,E01027770,Richmondshire 002F,Criminal damage and arson,Investigation complete; no suspect identified,
b9fe27968b165bdcdd9fa5c50eb521db305c345927cd4e610216bdbc98c80b98,2026-01,North Yorkshire Police,North Yorkshire Police,-1.734316,54.410479,On or near Barrack View,E01027770,Richmondshire 002F,Drugs,Under investigation,
200622d8c66e011e72a1929b3250fc624998f5936541e7241c326638f86b3bf2,2026-01,North Yorkshire Police,North Yorkshire Police,-1.739313,54.402420,On or near Waterloo Street,E01027770,Richmondshire 002F,Possession of weapons,Unable to prosecute suspect,
0ce7267234024abf2d105bc82c69db38c9960ade68208afd03db00e8763a4ff5,2026-01,North Yorkshire Police,North Yorkshire Police,-1.736610,54.403528,On or near Supermarket,E01027770,Richmondshire 002F,Shoplifting,Investigation complete; no suspect identified,
7afb33b6f22974cbab0253d9810223a2f9967d3e4c21c48a756c292222486fa9,2026-01,North Yorkshire Police,North Yorkshire Police,-1.737947,54.404035,On or near Theatre/Concert Hall,E01027770,Richmondshire 002F,Violence and sexual offences,Under investigation,
a09aa03c25ab8d5ee949b2d3abd3330b0ce4538a5337306f0f6397c3cf476fc4,2026-01,North Yorkshire Police,North Yorkshire Police,-1.739313,54.402420,On or near Waterloo Street,E01027770,Richmondshire 002F,Violence and sexual offences,Unable to prosecute suspect,
827256313dfe29b76f84ca78b15438384e81c603157b6c89b59d4a397196ecf5,2026-01,North Yorkshire Police,North Yorkshire Police,-1.739313,54.402420,On or near Waterloo Street,E01027770,Richmondshire 002F,Violence and sexual offences,Under investigation,
aecaf24bf5e1bab5fe9394af5dec27f1c0fc3075fb165b8803540226b81a29cb,2026-01,North Yorkshire Police,North Yorkshire Police,-1.744551,54.404804,On or near Richemont Close,E01027770,Richmondshire 002F,Violence and sexual offences,Under investigation,
6e6a1da67917441d666210d00955c15a4dfb6fc3804dec99651eec832b5ded2d,2026-01,North Yorkshire Police,North Yorkshire Police,-1.738637,54.402086,On or near The Bar Castle Hill,E01027770,Richmondshire 002F,Violence and sexual offences,Awaiting court outcome,
2d6fc1c78f38317cfd2103f7ce627442db05abfea8011b858a093bdff452d03e,2026-01,North Yorkshire Police,North Yorkshire Police,-1.744551,54.404804,On or near Richemont Close,E01027770,Richmondshire 002F,Violence and sexual offences,Under investigation,
cda00bc8ae73b4af1da7e7433faddbfc87d841165d8868aa1bbfc60c9a62e1c8,2026-01,North Yorkshire Police,North Yorkshire Police,-1.744551,54.404804,On or near Richemont Close,E01027770,Richmondshire 002F,Violence and sexual offences,Under investigation,
1c5a8c8a5e21b470b9c7812158133fd43125aeb69680010a367db991478668fc,2026-01,North Yorkshire Police,North Yorkshire Police,-1.738637,54.402086,On or near The Bar Castle Hill,E01027770,Richmondshire 002F,Violence and sexual offences,Unable to prosecute suspect,
6673e4875ff636a22cf4a04d147992f74a803668b740af5d1074079b288b3745,2026-01,North Yorkshire Police,North Yorkshire Police,-1.738843,54.403650,On or near Finkle Street,E01027770,Richmondshire 002F,Violence and sexual offences,Unable to prosecute suspect,
76af5a61fc29319262f71bbf1fadd2dae33e5a567f69af40469a859656ba7f92,2026-01,North Yorkshire Police,North Yorkshire Police,-1.734316,54.410479,On or near Barrack View,E01027770,Richmondshire 002F,Violence and sexual offences,Under investigation,
88aef0d1d6e49ca7d77e67687cb5ab26318338e17624ba16fcf5200e031b9c24,2026-01,North Yorkshire Police,North Yorkshire Police,-1.737294,54.402550,On or near Tower Street Castle Wynd,E01027770,Richmondshire 002F,Other crime,Under investigation,
dd206b2c8eb591b781585a4de2715a5c15b47d45c63040781a3e03a628d6c06b,2026-01,North Yorkshire Police,North Yorkshire Police,-1.614245,54.394338,On or near Spitfire Court,E01027745,Richmondshire 003A,Violence and sexual offences,Under investigation,
daa39aaab66cb2d3f88d4662029d9a84447dbdb4d60ab476c221cae942bf6303,2026-01,North Yorkshire Police,North Yorkshire Police,-1.614281,54.397071,On or near Flywheel Street,E01027745,Richmondshire 003A,Violence and sexual offences,Under investigation,
daa39aaab66cb2d3f88d4662029d9a84447dbdb4d60ab476c221cae942bf6303,2026-01,North Yorkshire Police,North Yorkshire Police,-1.614281,54.397071,On or near Flywheel Street,E01027745,Richmondshire 003A,Violence and sexual offences,Under investigation,
73b9aad1a25022f3c51c5eb854e3809f9076c875c82fc255be05249e7ca939a2,2026-01,North Yorkshire Police,North Yorkshire Police,-1.615270,54.396660,On or near Grammar School Court,E01027745,Richmondshire 003A,Violence and sexual offences,Under investigation,
,2026-01,North Yorkshire Police,North Yorkshire Police,-1.661034,54.394309,On or near ,E01027746,Richmondshire 003B,Anti-social behaviour,,
,2026-01,North Yorkshire Police,North Yorkshire Police,-1.653328,54.391222,On or near Bridge Road,E01027746,Richmondshire 003B,Anti-social behaviour,,
fe54d15450b08606f70d845df3b899c138184f2035b5f67590b6f32d8c92955b,2026-01,North Yorkshire Police,North Yorkshire Police,-1.659393,54.393468,On or near Station Road,E01027746,Richmondshire 003B,Burglary,Under investigation,
e67b80c93c2b0f7a6f855e47c6ec78c10ec9505d379ecad1376c0afae9580cce,2026-01,North Yorkshire Police,North Yorkshire Police,-1.632137,54.377498,On or near High Street,E01027747,Richmondshire 003C,Public order,Under investigation,
11870f19d045a01b9ebbbba028cd3cc1a60c534bc02e04d3385a789496605011,2026-01,North Yorkshire Police,North Yorkshire Police,-1.620712,54.371010,On or near Leech Lane,E01027747,Richmondshire 003C,Violence and sexual offences,Under investigation,
8de5317b7a3e62f1094960638adb3849f3d2198764f14f3a4257b426dc2c9362,2026-01,North Yorkshire Police,North Yorkshire Police,-1.633826,54.379786,On or near King'S Close,E01027748,Richmondshire 003D,Public order,Awaiting court outcome,
a0893b74049592eeaec673323be8c9084afd37f417f7e1095ca0928ee07ee52d,2026-01,North Yorkshire Police,North Yorkshire Police,-1.631042,54.381216,On or near Brough Meadows,E01027748,Richmondshire 003D,Violence and sexual offences,Unable to prosecute suspect,
,2026-01,North Yorkshire Police,North Yorkshire Police,-1.691020,54.381995,On or near Sutton Avenue,E01027749,Richmondshire 004A,Anti-social behaviour,,
,2026-01,North Yorkshire Police,North Yorkshire Police,-1.685603,54.381685,On or near Blackwell Court,E01027749,Richmondshire 004A,Anti-social behaviour,,
c6d1a148d073a6581768cc144163e07892e6b5f7b225fefdf1550c1669e95865,2026-01,North Yorkshire Police,North Yorkshire Police,-1.694305,54.381213,On or near Manor Grove,E01027749,Richmondshire 004A,Criminal damage and arson,Unable to prosecute suspect,
a3a2978f18dbb294fbdf48dc9388e8f72befbebe03d1d37f8e51b17d02ae6dab,2026-01,North Yorkshire Police,North Yorkshire Police,-1.688785,54.380300,On or near Hamilton-Thompson Close,E01027749,Richmondshire 004A,Drugs,Formal action is not in the public interest,
dfa90d498b35db0b6e3f1f1e167a3d7c1f3b701300475d9b232693d9c37cb58a,2026-01,North Yorkshire Police,North Yorkshire Police,-1.694305,54.381213,On or near Manor Grove,E01027749,Richmondshire 004A,Drugs,Local resolution,
e970d7bdcca450bbb8f4af7b0de2d85bf2eb2ab848de51925b07c8b7f54fb5f6,2026-01,North Yorkshire Police,North Yorkshire Police,-1.687203,54.383819,On or near Daisy Close,E01027749,Richmondshire 004A,Other theft,Investigation complete; no suspect identified,
2946cabf6c173e38c9e0fe9d991825cd27a4d97210d0cf4b53bc29134f2c7105,2026-01,North Yorkshire Police,North Yorkshire Police,-1.683697,54.381230,On or near Magpie Walk,E01027749,Richmondshire 004A,Violence and sexual offences,Under investigation,
6326350f84ee57c6a655ddd97777171113f30e8a99e08dac9984532ae65e7351,2026-01,North Yorkshire Police,North Yorkshire Police,-1.685298,54.381207,On or near Blue Nile Way,E01027749,Richmondshire 004A,Violence and sexual offences,Unable to prosecute suspect,
2946cabf6c173e38c9e0fe9d991825cd27a4d97210d0cf4b53bc29134f2c7105,2026-01,North Yorkshire Police,North Yorkshire Police,-1.683697,54.381230,On or near Magpie Walk,E01027749,Richmondshire 004A,Violence and sexual offences,Unable to prosecute suspect,
,2026-01,North Yorkshire Police,North Yorkshire Police,-1.716646,54.372055,On or near Quentin Road,E01027771,Richmondshire 004E,Anti-social behaviour,,
da5d6fc5ffaa06bb4cd58d6e5b7fc4e79366e01565ccbb494269f86ef1852f27,2026-01,North Yorkshire Police,North Yorkshire Police,-1.716072,54.375029,On or near Wesson Close,E01027771,Richmondshire 004E,Violence and sexual offences,Under investigation,
d480ffb12efef4af9cf011db58701fffa4852becd16688764a4180ade215ec56,2026-01,North Yorkshire Police,North Yorkshire Police,-1.717558,54.376030,On or near Browning Close,E01027771,Richmondshire 004E,Violence and sexual offences,Unable to prosecute suspect,
bee6bbb77bf84e053a4aa34b882ee5ea69a48c36def859aade1dc578222a55a1,2026-01,North Yorkshire Police,North Yorkshire Police,-1.716646,54.372055,On or near Quentin Road,E01027771,Richmondshire 004E,Violence and sexual offences,Unable to prosecute suspect,
1576cfc7c0d0dcf5ac4b328ad50b43de3af56ea13aab44ea4a9afddf5449626a,2026-01,North Yorkshire Police,North Yorkshire Police,-1.716072,54.375029,On or near Wesson Close,E01027771,Richmondshire 004E,Violence and sexual offences,Local resolution,
128f7c802e2302ca7e81edb9fedb548c85581e32dfd30ae0f187fd2751013a72,2026-01,North Yorkshire Police,North Yorkshire Police,-1.710921,54.369741,On or near Weardale Road,E01027771,Richmondshire 004E,Violence and sexual offences,Unable to prosecute suspect,
dfa7cfefe0ff8e9c5cc8cf7155106cbf2dc866c79a35e01e9106e958c33e6d05,2026-01,North Yorkshire Police,North Yorkshire Police,-1.716072,54.375029,On or near Wesson Close,E01027771,Richmondshire 004E,Violence and sexual offences,Under investigation,
6043f7ff630cceb88e258f1c16586fd5b00570c7a5caca66e31e3337ef747ce8,2026-01,North Yorkshire Police,North Yorkshire Police,-1.724246,54.370401,On or near Hilltop Crescent,E01027771,Richmondshire 004E,Violence and sexual offences,Unable to prosecute suspect,
,2026-01,North Yorkshire Police,North Yorkshire Police,-1.740633,54.376207,On or near Rutland Close,E01033184,Richmondshire 004H,Anti-social behaviour,,
,2026-01,North Yorkshire Police,North Yorkshire Police,-1.730948,54.376495,On or near ,E01034965,Richmondshire 004I,Anti-social behaviour,,
,2026-01,North Yorkshire Police,North Yorkshire Police,-1.729246,54.377863,On or near La Bassee Road,E01034965,Richmondshire 004I,Anti-social behaviour,,
,2026-01,North Yorkshire Police,North Yorkshire Police,-1.713807,54.379715,On or near Hallgarth,E01034965,Richmondshire 004I,Anti-social behaviour,,
,2026-01,North Yorkshire Police,North Yorkshire Police,-1.723757,54.376790,On or near Shopping Area,E01034965,Richmondshire 004I,Anti-social behaviour,,
,2026-01,North Yorkshire Police,North Yorkshire Police,-1.730948,54.376495,On or near ,E01034965,Richmondshire 004I,Anti-social behaviour,,
,2026-01,North Yorkshire Police,North Yorkshire Police,-1.730948,54.376495,On or near ,E01034965,Richmondshire 004I,Anti-social behaviour,,
,2026-01,North Yorkshire Police,North Yorkshire Police,-1.730948,54.376495,On or near ,E01034965,Richmondshire 004I,Anti-social behaviour,,
,2026-01,North Yorkshire Police,North Yorkshire Police,-1.730948,54.376495,On or near ,E01034965,Richmondshire 004I,Anti-social behaviour,,
,2026-01,North Yorkshire Police,North Yorkshire Police,-1.730948,54.376495,On or near ,E01034965,Richmondshire 004I,Anti-social behaviour,,
,2026-01,North Yorkshire Police,North Yorkshire Police,-1.728942,54.403035,On or near Parking Area,E01034965,Richmondshire 004I,Anti-social behaviour,,
aa5d8e5c5e47497714bbf73ebbb53ed571f0e736cae2ab2a5604015084ac5942,2026-01,North Yorkshire Police,North Yorkshire Police,-1.729246,54.377863,On or near La Bassee Road,E01034965,Richmondshire 004I,Criminal damage and arson,Investigation complete; no suspect identified,
5b776b03b25dce499991087bc7464e218105197c164bf3ce7ff71f1399a07244,2026-01,North Yorkshire Police,North Yorkshire Police,-1.722827,54.377714,On or near Police Station,E01034965,Richmondshire 004I,Drugs,Under investigation,
064d7fb04a193089b5534736caaf80a394b31c643044f1dde9f23e121b3228a7,2026-01,North Yorkshire Police,North Yorkshire Police,-1.731046,54.380437,On or near Wavell Road,E01034965,Richmondshire 004I,Public order,Under investigation,
a2637f7b74fb15d4be1ea283f40c604e9bdbe3094faf622ccb09d78173e91330,2026-01,North Yorkshire Police,North Yorkshire Police,-1.723757,54.376790,On or near Shopping Area,E01034965,Richmondshire 004I,Shoplifting,Investigation complete; no suspect identified,
5abf143def8a9706033368dd21bafd466358f3a6368e9816c7ce9867a59e4d0a,2026-01,North Yorkshire Police,North Yorkshire Police,-1.724000,54.374667,On or near ,E01034965,Richmondshire 004I,Vehicle crime,Investigation complete; no suspect identified,
d548401457b55c190478f426827a4bc50bec6e2c7f79fab054f8ae397fd6b02b,2026-01,North Yorkshire Police,North Yorkshire Police,-1.738062,54.383553,On or near Hobbs Close,E01034965,Richmondshire 004I,Violence and sexual offences,Under investigation,
d548401457b55c190478f426827a4bc50bec6e2c7f79fab054f8ae397fd6b02b,2026-01,North Yorkshire Police,North Yorkshire Police,-1.738062,54.383553,On or near Hobbs Close,E01034965,Richmondshire 004I,Violence and sexual offences,Under investigation,
55461dfdbfef29ebb7f77a77991cc8cdaf3e216dd2103b38facb0d3ecc217ab7,2026-01,North Yorkshire Police,North Yorkshire Police,-1.727173,54.376628,On or near ,E01034965,Richmondshire 004I,Violence and sexual offences,Under investigation,
c34fc02252dbec9412feffea697a7bc33a075785a9ef7fa1671ce15552a26bfe,2026-01,North Yorkshire Police,North Yorkshire Police,-1.722827,54.377714,On or near Police Station,E01034965,Richmondshire 004I,Violence and sexual offences,Further action is not in the public interest,
b87cbf66ba05c029cc77b729ef176a8ea6b10b92041e61338ad1e47687e35d73,2026-01,North Yorkshire Police,North Yorkshire Police,-1.730948,54.376495,On or near ,E01034965,Richmondshire 004I,Violence and sexual offences,Further action is not in the public interest,
fc5d50988b2592e9fe6b5df425bdd08698fa2d271fd8c2c994abe6f2ca31b1bd,2026-01,North Yorkshire Police,North Yorkshire Police,-1.734424,54.383153,On or near Sports/Recreation Area,E01034965,Richmondshire 004I,Violence and sexual offences,Under investigation,
4b47d87bdaddd2da057e7ff6d0316d4f8cfa1d3a29d7a5f3fac22c76f5cdda0d,2026-01,North Yorkshire Police,North Yorkshire Police,-1.724000,54.374667,On or near ,E01034965,Richmondshire 004I,Violence and sexual offences,Under investigation,
1dead7028cad4851d0d66e838f055bb0167309ee3377a3f7b7edb6aee4951c17,2026-01,North Yorkshire Police,North Yorkshire Police,-1.708564,54.376619,On or near Byng Road,E01034966,Richmondshire 004J,Public order,Unable to prosecute suspect,
3f8edadb19842bcc0681c19fb907a67a589cc7cf8cadb73f7df492d0b64155ee,2026-01,North Yorkshire Police,North Yorkshire Police,-1.705502,54.378535,On or near Chestnut Crescent,E01034966,Richmondshire 004J,Violence and sexual offences,Under investigation,
375f004c07c2401bacd855961262cda03d00ca0abf2e318a3b4c30895855a77b,2026-01,North Yorkshire Police,North Yorkshire Police,-1.692087,54.378544,On or near ,E01034966,Richmondshire 004J,Violence and sexual offences,Under investigation,
0f3e36e15ffc219b61ebbcd51ca614bc1c601f1a99446e1c3f4f117e774c06c7,2026-01,North Yorkshire Police,North Yorkshire Police,-1.705502,54.378535,On or near Chestnut Crescent,E01034966,Richmondshire 004J,Violence and sexual offences,Unable to prosecute suspect,
375f004c07c2401bacd855961262cda03d00ca0abf2e318a3b4c30895855a77b,2026-01,North Yorkshire Police,North Yorkshire Police,-1.692087,54.378544,On or near ,E01034966,Richmondshire 004J,Violence and sexual offences,Unable to prosecute suspect,
d12f03dff4dd8e7cc602e0289b50420eef044bdde8b4d820e3c4f29becd0375f,2026-01,North Yorkshire Police,North Yorkshire Police,-1.706031,54.377755,On or near Albermarle Drive,E01034966,Richmondshire 004J,Other crime,Unable to prosecute suspect,
,2026-01,North Yorkshire Police,North Yorkshire Police,-1.685718,54.376706,On or near Tulip Avenue,E01034967,Richmondshire 004K,Anti-social behaviour,,
,2026-01,North Yorkshire Police,North Yorkshire Police,-1.685718,54.376706,On or near Tulip Avenue,E01034967,Richmondshire 004K,Anti-social behaviour,,
6fecc06e032cdaadd4c653c18908777ee10f44ae6bb78840d752779a6926ebfb,2026-01,North Yorkshire Police,North Yorkshire Police,-1.701369,54.368909,On or near Horne Road,E01034967,Richmondshire 004K,Drugs,Local resolution,
4763dabeddf09a02c1704820b60da3dd06c2bd6600d0179ef529130beea0bccc,2026-01,North Yorkshire Police,North Yorkshire Police,-1.686434,54.377607,On or near Woodland Avenue,E01034967,Richmondshire 004K,Violence and sexual offences,Under investigation,
ef181ba8b981b6c4f492679172d58cfed1966deb05f1a0edc3743ab54fcde3f9,2026-01,North Yorkshire Police,North Yorkshire Police,-1.687116,54.377096,On or near Rosebud Way,E01034967,Richmondshire 004K,Violence and sexual offences,Under investigation,
2bd9bfe5ed6313ee70da5eda1589f403280455cfd30966e298c1edce7e8a36bc,2026-01,North Yorkshire Police,North Yorkshire Police,-1.708756,54.375622,On or near Hildyard Row,E01034967,Richmondshire 004K,Violence and sexual offences,Under investigation,
a0101fdddf1758bc2d92641505641b4aa7ba014ea6dd2ee788e996370adfdef6,2026-01,North Yorkshire Police,North Yorkshire Police,-1.685536,54.376265,On or near Beechwood Grove,E01034967,Richmondshire 004K,Violence and sexual offences,Under investigation,
4b3ca024787262541005b511ef7d618776406305b4561605e645e73ce8244c99,2026-01,North Yorkshire Police,North Yorkshire Police,-1.685718,54.376706,On or near Tulip Avenue,E01034967,Richmondshire 004K,Violence and sexual offences,Unable to prosecute suspect,
,2026-01,North Yorkshire Police,North Yorkshire Police,-2.196727,54.303520,On or near The Hill,E01027753,Richmondshire 005B,Anti-social behaviour,,
0a3eaae8ba1d085725cbe819fa6e47954cf5c3e39880ab3ec5686d5cfe6356df,2026-01,North Yorkshire Police,North Yorkshire Police,-2.210296,54.302575,On or near ,E01027753,Richmondshire 005B,Other theft,Investigation complete; no suspect identified,
2b1868924517143670c543af22616fe388971c52f07e9d81781671415669b778,2026-01,North Yorkshire Police,North Yorkshire Police,-2.210296,54.302575,On or near ,E01027753,Richmondshire 005B,Other theft,Investigation complete; no suspect identified,
924d5f427729eeb54aa1c2efb7272213e8dd2ca0c3f592475c46ce1325c6d5b8,2026-01,North Yorkshire Police,North Yorkshire Police,-2.187995,54.302671,On or near Burtersett Road,E01027753,Richmondshire 005B,Violence and sexual offences,Local resolution,
,2026-01,North Yorkshire Police,North Yorkshire Police,-1.999119,54.433535,On or near Stang Lane,E01027764,Richmondshire 005D,Anti-social behaviour,,
ce49d6e27534aa43d05af7e6ada258a3d67d9a5db4834fddeb00a0c3f1c9b67b,2026-01,North Yorkshire Police,North Yorkshire Police,-1.783502,54.397528,On or near Dales View,E01027773,Richmondshire 005E,Burglary,Investigation complete; no suspect identified,
3261ac917610e9e00906452a33bcfea9b2ba31d87ce048c37129cb692d03d008,2026-01,North Yorkshire Police,North Yorkshire Police,-2.174193,54.392895,On or near Angram Lane,E01027773,Richmondshire 005E,Burglary,Investigation complete; no suspect identified,
239b45e7846cf8c396ae5e4365784b76a46cd4924edf215dfd59697d639a0252,2026-01,North Yorkshire Police,North Yorkshire Police,-2.167928,54.378606,On or near Cloggerby Rigg,E01027773,Richmondshire 005E,Burglary,Investigation complete; no suspect identified,
d5374182d8eee2969dab4f6cd2f586d56415edeaa7ca7c47f9c035a17dbc4f0e,2026-01,North Yorkshire Police,North Yorkshire Police,-2.167928,54.378606,On or near Cloggerby Rigg,E01027773,Richmondshire 005E,Other theft,Investigation complete; no suspect identified,
34d832bd35ab7aa362bbfaedc02e1ddba909a064ba726263f83730ac5e733385,2026-01,North Yorkshire Police,North Yorkshire Police,-1.783502,54.397528,On or near Dales View,E01027773,Richmondshire 005E,Other theft,Investigation complete; no suspect identified,
a5fb179c6a7c9edc4ca226621dc67aef9f8a945e6f42979284317fd8f3ab64fc,2026-01,North Yorkshire Police,North Yorkshire Police,-2.150136,54.459908,On or near Long Causeway,E01027773,Richmondshire 005E,Public order,Under investigation,
9f4abbb908a2ff2679743bf127365dd183d8b2c88f8ebe68afd6177117563102,2026-01,North Yorkshire Police,North Yorkshire Police,-2.150136,54.459908,On or near Long Causeway,E01027773,Richmondshire 005E,Public order,Under investigation,
13eca8bb5eed995b7e219dddc8763c0761b7e38ae12f51b702373315cc85a84e,2026-01,North Yorkshire Police,North Yorkshire Police,-2.150136,54.459908,On or near Long Causeway,E01027773,Richmondshire 005E,Vehicle crime,Unable to prosecute suspect,
bdf11eb84aff4f2182a42ec263f5b18a61aa967f435e707f2b0f0a0757c21e07,2026-01,North Yorkshire Police,North Yorkshire Police,-2.024185,54.379891,On or near ,E01027773,Richmondshire 005E,Violence and sexual offences,Under investigation,
09a3746b184cabfa1e48e0655ed5dd445edf97eb65f9188e833c6fffafc72087,2026-01,North Yorkshire Police,North Yorkshire Police,-1.821722,54.331922,On or near Runs Bank,E01027744,Richmondshire 006A,Public order,Unable to prosecute suspect,
9669e5de8c2c72d6829d1efdaf0020b3f0313cfcaac51b2a1ce83513e8cbb544,2026-01,North Yorkshire Police,North Yorkshire Police,-1.881252,54.315153,On or near Keldheads Lane,E01027744,Richmondshire 006A,Violence and sexual offences,Under investigation,
03f62b7c646599fa4b27de50a84197d414ed9f4b9aff07e772a7bb415c238107,2026-01,North Yorkshire Police,North Yorkshire Police,-1.718775,54.326262,On or near Sherwood Close,E01027756,Richmondshire 006B,Public order,Unable to prosecute suspect,
a9ce4b238ce3ac31e810b15144a3c3259286475d239a502cad3e5cfefa880888,2026-01,North Yorkshire Police,North Yorkshire Police,-1.809410,54.287488,On or near St Alkelda'S Road,E01027760,Richmondshire 006E,Criminal damage and arson,Investigation complete; no suspect identified,
314d76e719604234a72e6cc21f94f6351f1080e3fa6e633aa1dc5c94c6540f99,2026-01,North Yorkshire Police,North Yorkshire Police,-1.804458,54.285296,On or near Black Bull Yard,E01027760,Richmondshire 006E,Other theft,Unable to prosecute suspect,
5090bb20352afef4abbed2c2b374ef9a5c298fa7ccbba2a3708e601e0b955494,2026-01,North Yorkshire Police,North Yorkshire Police,-1.804458,54.285296,On or near Black Bull Yard,E01027760,Richmondshire 006E,Other theft,Under investigation,
59a9d9969a675f19ff545b982d6b108930a4809ad837e92467da98f455b8afb9,2026-01,North Yorkshire Police,North Yorkshire Police,-1.805537,54.284642,On or near Back Street,E01027760,Richmondshire 006E,Violence and sexual offences,Unable to prosecute suspect,
21500f77c00f1138dc42b941ea286cfc2d1be893ecd2437c0ff0c9a4467f3ae2,2026-01,North Yorkshire Police,North Yorkshire Police,-1.889558,54.249743,On or near Back Lane,E01027760,Richmondshire 006E,Violence and sexual offences,Unable to prosecute suspect,
413ffe1e5d865a5289812a9e869d8aa94871892c1c32664431a663ad2b623822,2026-01,North Yorkshire Police,North Yorkshire Police,-1.804458,54.285296,On or near Black Bull Yard,E01027760,Richmondshire 006E,Violence and sexual offences,Unable to prosecute suspect,
d7205f323f05b8f794ffe033142ff16e305127a819c278b95370d006fec0bb52,2026-01,North Yorkshire Police,North Yorkshire Police,-1.807887,54.287791,On or near Leyburn Road,E01027760,Richmondshire 006E,Violence and sexual offences,Under investigation,
ebd0407476bcac4b5aac9801a9167e99fd34348a2ccedf9060ab245074022c70,2026-01,North Yorkshire Police,North Yorkshire Police,-1.820894,54.310055,On or near Hawthorn Close,E01033185,Richmondshire 006F,Other theft,Investigation complete; no suspect identified,
105b696f2ae56dc3db3657cd2ffddcb7546f6adf5e02cf438c4e1c5feb58d5f9,2026-01,North Yorkshire Police,North Yorkshire Police,-1.830497,54.310922,On or near Grove Square,E01033185,Richmondshire 006F,Shoplifting,Investigation complete; no suspect identified,
54e9749888652808172a2ddc2a25babc820c7fbcccba48c9e957f83ebb2fbb21,2026-01,North Yorkshire Police,North Yorkshire Police,-1.825196,54.310854,On or near ,E01033185,Richmondshire 006F,Violence and sexual offences,Under investigation,
,2026-01,North Yorkshire Police,North Yorkshire Police,-0.753680,54.304255,On or near Rawcliff Road,E01027776,Ryedale 001A,Anti-social behaviour,,
ae3c77297dde7506520debb78ec0343eb5c09dd809c09a7c753332c45c490f5a,2026-01,North Yorkshire Police,North Yorkshire Police,-0.835296,54.296307,On or near High Lane,E01027776,Ryedale 001A,Criminal damage and arson,Investigation complete; no suspect identified,
e6df7fb14c1328a25692e838f5e92068831ae4793a39c1922d467d88656fc71b,2026-01,North Yorkshire Police,North Yorkshire Police,-0.824632,54.314638,On or near Sutherland Road,E01027776,Ryedale 001A,Violence and sexual offences,Under investigation,
fb71710b7412b43962f34c39ac0d3014d47837ca16b1475f83226bd3b7bbd68d,2026-01,North Yorkshire Police,North Yorkshire Police,-0.800222,54.257505,On or near Main Street,E01027776,Ryedale 001A,Violence and sexual offences,Unable to prosecute suspect,
,2026-01,North Yorkshire Police,North Yorkshire Police,-0.952296,54.300229,On or near Woodhead Field Lane,E01027777,Ryedale 001B,Anti-social behaviour,,
9afadc6c872334df60621acfc6342f483f24e0e127e395a80d4265143d9f6cb7,2026-01,North Yorkshire Police,North Yorkshire Police,-0.891081,54.299970,On or near Spaunton Bank,E01027777,Ryedale 001B,Burglary,Investigation complete; no suspect identified,
02cc042ddfe2f8258b5b3422f21cf41e89d8a4a0dde7dc962a4a3c5e08fba5da,2026-01,North Yorkshire Police,North Yorkshire Police,-0.954747,54.300511,On or near Fadmoor Lane,E01027777,Ryedale 001B,Violence and sexual offences,Unable to prosecute suspect,
,2026-01,North Yorkshire Police,North Yorkshire Police,-0.931557,54.269723,On or near Market Place,E01027783,Ryedale 001C,Anti-social behaviour,,
,2026-01,North Yorkshire Police,North Yorkshire Police,-0.941112,54.267174,On or near Parking Area,E01027783,Ryedale 001C,Anti-social behaviour,,
,2026-01,North Yorkshire Police,North Yorkshire Police,-0.942280,54.268412,On or near ,E01027783,Ryedale 001C,Anti-social behaviour,,
83f0d8d1a69e281f45acf16c81d32c4e788e920d9d8127fd97adba9df41afc97,2026-01,North Yorkshire Police,North Yorkshire Police,-0.929726,54.269257,On or near Howe End,E01027783,Ryedale 001C,Burglary,Investigation complete; no suspect identified,
bb565dca9924ab7109f6add02576709c7f390bcd507abef684e10a2282b5a456,2026-01,North Yorkshire Police,North Yorkshire Police,-0.936963,54.267874,On or near Westfield Mews,E01027783,Ryedale 001C,Criminal damage and arson,Under investigation,
72c3b9189c26c432f354547dc0d3a23e24f7a05b434274dad76e48824d504673,2026-01,North Yorkshire Police,North Yorkshire Police,-0.942280,54.268412,On or near ,E01027783,Ryedale 001C,Criminal damage and arson,Investigation complete; no suspect identified,
2ed94cbde7baa3ffe0a528a8f874744c71f18ee19e89aca27f997c1e1e731814,2026-01,North Yorkshire Police,North Yorkshire Police,-0.956310,54.251470,On or near Back Lane,E01027783,Ryedale 001C,Public order,Under investigation,
fdc994f3c9f2be61f5101ffbaa3d5b429abdf5450925e190a0f31b0b908ea7b5,2026-01,North Yorkshire Police,North Yorkshire Police,-0.934131,54.266366,On or near Sherbrooke Close,E01027783,Ryedale 001C,Violence and sexual offences,Investigation complete; no suspect identified,
,2026-01,North Yorkshire Police,North Yorkshire Police,-0.934326,54.269496,On or near Tinley Garth,E01027784,Ryedale 001D,Anti-social behaviour,,
,2026-01,North Yorkshire Police,North Yorkshire Police,-0.933677,54.270281,On or near Town Farm Close,E01027784,Ryedale 001D,Anti-social behaviour,,
,2026-01,North Yorkshire Police,North Yorkshire Police,-0.928685,54.269149,On or near Marsh Lane,E01027784,Ryedale 001D,Anti-social behaviour,,
,2026-01,North Yorkshire Police,North Yorkshire Police,-0.925971,54.267795,On or near Old Road,E01027784,Ryedale 001D,Anti-social behaviour,,
4f5edcaf80f63f8e7a98a4f43ccb68691a0dd7d345f02e96d7ae05950758f068,2026-01,North Yorkshire Police,North Yorkshire Police,-0.938235,54.273341,On or near Ryedale View,E01027784,Ryedale 001D,Burglary,Investigation complete; no suspect identified,
64c029f70391418b6a4b4fbf3df898f83da169b57f7584a09e6ea161a1a6df3f,2026-01,North Yorkshire Police,North Yorkshire Police,-0.933677,54.270281,On or near Town Farm Close,E01027784,Ryedale 001D,Criminal damage and arson,Unable to prosecute suspect,
843517d138f975ad9956248d10b79a489ed967c212edaa9c22556a25bab5d70b,2026-01,North Yorkshire Police,North Yorkshire Police,-0.933677,54.270281,On or near Town Farm Close,E01027784,Ryedale 001D,Criminal damage and arson,Unable to prosecute suspect,
6f0738d9305f68fec5765bff1b64e3fa7a6ce0638951fb58652727258fb55b7d,2026-01,North Yorkshire Police,North Yorkshire Police,-0.929465,54.267475,On or near Petch Garth,E01027784,Ryedale 001D,Criminal damage and arson,Under investigation,
f894277b0ec0633e2f77aa337fe20956ebeaa423b81098b8ce014f5d71e22499,2026-01,North Yorkshire Police,North Yorkshire Police,-0.929465,54.267475,On or near Petch Garth,E01027784,Ryedale 001D,Public order,Unable to prosecute suspect,
e10c1c6b5cb65bda4f2f204b566e491307393e9bcea7b2a59f85412440059eb7,2026-01,North Yorkshire Police,North Yorkshire Police,-0.938235,54.273341,On or near Ryedale View,E01027784,Ryedale 001D,Violence and sexual offences,Investigation complete; no suspect identified,
d213c6f443c35237f12b28cea8065000897fef890df4ce814d21d38e1264db01,2026-01,North Yorkshire Police,North Yorkshire Police,-0.929465,54.267475,On or near Petch Garth,E01027784,Ryedale 001D,Violence and sexual offences,Unable to prosecute suspect,
c28b9ff3e607e3a8c4493eab54d4d48b50ffe822c00598afe297080f76feaeb7,2026-01,North Yorkshire Police,North Yorkshire Police,-0.929465,54.267475,On or near Petch Garth,E01027784,Ryedale 001D,Violence and sexual offences,Under investigation,
757109f32327511c700a0d9c073f014457b5b9e1fc1407776a86ebbdbb698f02,2026-01,North Yorkshire Police,North Yorkshire Police,-0.775343,54.242811,On or near The Newlands,E01027792,Ryedale 002A,Criminal damage and arson,Investigation complete; no suspect identified,
9aa5a4ce8919b9746f8bbbcbe332556136c2458c1874dada4ce0c6f157e08320,2026-01,North Yorkshire Police,North Yorkshire Police,-0.767239,54.251105,On or near Parking Area,E01027792,Ryedale 002A,Criminal damage and arson,Investigation complete; no suspect identified,
dafbc316f8431253e11276324c9cffea5dd61010c1a87cc3ae0e128167a72bad,2026-01,North Yorkshire Police,North Yorkshire Police,-0.765458,54.243923,On or near Whistler Drive,E01027792,Ryedale 002A,Criminal damage and arson,Investigation complete; no suspect identified,
3851f92c743e535d0017afc21fc62b2973341ec55818d6154913876697481f80,2026-01,North Yorkshire Police,North Yorkshire Police,-0.775931,54.246295,On or near Willowgate,E01027792,Ryedale 002A,Criminal damage and arson,Investigation complete; no suspect identified,
359b2be1e3373fd632f29ec304eabda4ab96d51e57866870e7a293de792b0d6c,2026-01,North Yorkshire Police,North Yorkshire Police,-0.777497,54.249897,On or near Castle Bank,E01027792,Ryedale 002A,Other theft,Unable to prosecute suspect,
300243f4007dac045e16ea31e4815e16629126a78c519452786caeb497380c05,2026-01,North Yorkshire Police,North Yorkshire Police,-0.777663,54.245854,On or near Market Place,E01027792,Ryedale 002A,Shoplifting,Action to be taken by another organisation,
564a21dbe463985ef6f54646bf897e24365ce4f39566887e7eaf94413104a9cf,2026-01,North Yorkshire Police,North Yorkshire Police,-0.771267,54.242004,On or near Supermarket,E01027792,Ryedale 002A,Shoplifting,Investigation complete; no suspect identified,
8a9e818a053b63b86d45f593e875a5b17e8a0837d6b6d2406b35c92b08995c6b,2026-01,North Yorkshire Police,North Yorkshire Police,-0.774151,54.244219,On or near Parking Area,E01027792,Ryedale 002A,Violence and sexual offences,Under investigation,
dfe2a7bbb49d302ecb9da577d79da1ce73169b032289407ee1613e4526d5a14f,2026-01,North Yorkshire Police,North Yorkshire Police,-0.776142,54.245381,On or near Birdgate,E01027792,Ryedale 002A,Violence and sexual offences,Unable to prosecute suspect,
8fd0e13a6188a1c7065ecf812c845126d41ab4b7aafdb8bc58e5b3fed8844b2f,2026-01,North Yorkshire Police,North Yorkshire Police,-0.776142,54.245381,On or near Birdgate,E01027792,Ryedale 002A,Violence and sexual offences,Unable to prosecute suspect,
b3754c5f1d40a7446d7de11dbbb671aed69a8deb64c276df60a1d59649384626,2026-01,North Yorkshire Police,North Yorkshire Police,-0.766461,54.241678,On or near Birch View,E01027793,Ryedale 002B,Violence and sexual offences,Unable to prosecute suspect,
5d2da936f1ac40ad57d1f03691c81b00f3ba066aac208022ef5f32308a699cfe,2026-01,North Yorkshire Police,North Yorkshire Police,-0.766728,54.242507,On or near Forest Road,E01027793,Ryedale 002B,Violence and sexual offences,Under investigation,
0f60455035dc72104bc383354c5796077c3cadb06316c3274c5f96e4f7041670,2026-01,North Yorkshire Police,North Yorkshire Police,-0.766728,54.242507,On or near Forest Road,E01027793,Ryedale 002B,Violence and sexual offences,Under investigation,
3b20b6052982fa1f3ddbf67d94d12c41872932a0a63fa461ed8ca2b87c8a7aaf,2026-01,North Yorkshire Police,North Yorkshire Police,-0.766461,54.241678,On or near Birch View,E01027793,Ryedale 002B,Violence and sexual offences,Unable to prosecute suspect,
,2026-01,North Yorkshire Police,North Yorkshire Police,-0.780065,54.247146,On or near Wells Walk,E01027794,Ryedale 002C,Anti-social behaviour,,
,2026-01,North Yorkshire Police,North Yorkshire Police,-0.797182,54.246877,On or near ,E01027794,Ryedale 002C,Anti-social behaviour,,
,2026-01,North Yorkshire Police,North Yorkshire Police,-0.781865,54.241771,On or near Kingfisher Drive,E01027794,Ryedale 002C,Anti-social behaviour,,
,2026-01,North Yorkshire Police,North Yorkshire Police,-0.782712,54.241681,On or near Otter Drive,E01027794,Ryedale 002C,Anti-social behaviour,,
eddb73ae4bc2d4dc02e5446203bfd0b51498d1f726b26da69b18eed493a49ea1,2026-01,North Yorkshire Police,North Yorkshire Police,-0.780508,54.239924,On or near Mill Lane,E01027794,Ryedale 002C,Criminal damage and arson,Investigation complete; no suspect identified,
ad8bbba78147cf1f5e7b8a9a04d214793442ca717fdd79afa44fadfe5de030fd,2026-01,North Yorkshire Police,North Yorkshire Police,-0.787503,54.250466,On or near Swainsea Drive,E01027794,Ryedale 002C,Other theft,Unable to prosecute suspect,
57022a8b731ed29e712e1408271fb254e3ac74f973c46376150d98c92fbe0e70,2026-01,North Yorkshire Police,North Yorkshire Police,-0.780508,54.239924,On or near Mill Lane,E01027794,Ryedale 002C,Violence and sexual offences,Under investigation,
3e786cf3c85da0d6e9bcdc7a5506be0d73297c991da43a4f83333adcbec22b87,2026-01,North Yorkshire Police,North Yorkshire Police,-0.782865,54.240119,On or near Grebe Way,E01027794,Ryedale 002C,Violence and sexual offences,Under investigation,
e6a421a7e2d7024d0013df02e2a48a3c3fb80247fa02640a3038249d56fbc2ed,2026-01,North Yorkshire Police,North Yorkshire Police,-0.769273,54.259098,On or near Yatts Road,E01027794,Ryedale 002C,Violence and sexual offences,Under investigation,
,2026-01,North Yorkshire Police,North Yorkshire Police,-0.788375,54.246897,On or near Anchorite Lane,E01027795,Ryedale 002D,Anti-social behaviour,,
,2026-01,North Yorkshire Police,North Yorkshire Police,-0.785190,54.241940,On or near West Pasture,E01027795,Ryedale 002D,Anti-social behaviour,,
8a9f04741ebe7bd7d25ab7c3b42200c08b8566cd6f94f4ab3c0bf91e20e35ffd,2026-01,North Yorkshire Police,North Yorkshire Police,-0.780794,54.246353,On or near Parking Area,E01027795,Ryedale 002D,Criminal damage and arson,Unable to prosecute suspect,
2d4c33fa2f27bd763dc78fc81e04c330f8f0eadc548f520373b6a642e0521fbe,2026-01,North Yorkshire Police,North Yorkshire Police,-0.781093,54.245062,On or near Southgate,E01027795,Ryedale 002D,Criminal damage and arson,Investigation complete; no suspect identified,
80c1832f5760852fe3ad717ce0eda702fd9b7c9b6ec55a04e7452bb670f585bc,2026-01,North Yorkshire Police,North Yorkshire Police,-0.783973,54.244283,On or near ,E01027795,Ryedale 002D,Violence and sexual offences,Unable to prosecute suspect,
62674ca4e011c18c4c30363c38ac34bba76c790833513593541b3c705dcbab12,2026-01,North Yorkshire Police,North Yorkshire Police,-0.781616,54.243459,On or near Fishers Garth,E01027795,Ryedale 002D,Violence and sexual offences,Under investigation,
50b3656f2faa4e8242683cea97191159bbd81b6fcf366ef0e38af05cd0740c13,2026-01,North Yorkshire Police,North Yorkshire Police,-0.791596,54.247469,On or near Manor Drive,E01027795,Ryedale 002D,Violence and sexual offences,Unable to prosecute suspect,
50e90b13f7c84107e3dd49b01cb5d04166db35b26f5d78796729a3f06307177f,2026-01,North Yorkshire Police,North Yorkshire Police,-0.783973,54.244283,On or near ,E01027795,Ryedale 002D,Violence and sexual offences,Under investigation,
3fecc155c7d1440990ab61cd814211d97042a4f693095ae15dd193712ed566d6,2026-01,North Yorkshire Police,North Yorkshire Police,-0.781616,54.243459,On or near Fishers Garth,E01027795,Ryedale 002D,Violence and sexual offences,Under investigation,
256cec6fb18fcd8c542fa95550e35aa64b7d7d2a199e000feb5e53b2487658ff,2026-01,North Yorkshire Police,North Yorkshire Police,-0.783973,54.244283,On or near ,E01027795,Ryedale 002D,Other crime,Unable to prosecute suspect,
f7df4311abdf474a56634d66dd9b40c9aff803af3f69d5bcd822d1e1f5643011,2026-01,North Yorkshire Police,North Yorkshire Police,-0.781616,54.243459,On or near Fishers Garth,E01027795,Ryedale 002D,Other crime,Unable to prosecute suspect,
,2026-01,North Yorkshire Police,North Yorkshire Police,-0.717386,54.236761,On or near Church Hill,E01027801,Ryedale 002E,Anti-social behaviour,,
,2026-01,North Yorkshire Police,North Yorkshire Police,-0.708454,54.238778,On or near Outgang Lane,E01027801,Ryedale 002E,Anti-social behaviour,,
a3757ce76226c5c464b447365edeaa9f6c28d11d601647d17b42453ab476f085,2026-01,North Yorkshire Police,North Yorkshire Police,-0.724680,54.231590,On or near The Mount,E01027801,Ryedale 002E,Violence and sexual offences,Unable to prosecute suspect,
ef9c75e3c3cf795c8e1e315e276978305effd546ccb516ab9f774a882fd3cce1,2026-01,North Yorkshire Police,North Yorkshire Police,-0.729470,54.230975,On or near Aunums Field,E01027801,Ryedale 002E,Other crime,Further investigation is not in the public interest,
,2026-01,North Yorkshire Police,North Yorkshire Police,-0.677941,54.233279,On or near Cliff Lane,E01027802,Ryedale 002F,Anti-social behaviour,,
b9b6f6faf4a096abe475efd49dc166b5c2d6d37437c8cbc0164483467efebda5,2026-01,North Yorkshire Police,North Yorkshire Police,-0.687738,54.278452,On or near Parking Area,E01027802,Ryedale 002F,Criminal damage and arson,Investigation complete; no suspect identified,
ff77a59aef4648d66b3b2b0ebbc309d79540be5f709fd673bfa92660b0ba920f,2026-01,North Yorkshire Police,North Yorkshire Police,-0.720568,54.237056,On or near Brook Lane,E01027802,Ryedale 002F,Criminal damage and arson,Investigation complete; no suspect identified,
5dc0d4e10e9002a706291b43198da2c72807ff285758f10c66a223c4b0b1ee82,2026-01,North Yorkshire Police,North Yorkshire Police,-0.720862,54.302766,On or near ,E01027802,Ryedale 002F,Other theft,Investigation complete; no suspect identified,
69a1552570e41698e0345a54680a11e2d4c02ec39be30a5578079c476dfb5f01,2026-01,North Yorkshire Police,North Yorkshire Police,-0.654625,54.233624,On or near Main Street,E01027802,Ryedale 002F,Violence and sexual offences,Unable to prosecute suspect,
02e22ed57f7d45c539545ed69a23cef5d774b5de0ebab75b4be14ea49214f1a9,2026-01,North Yorkshire Police,North Yorkshire Police,-1.060724,54.225878,On or near Low Street,E01027780,Ryedale 003B,Burglary,Investigation complete; no suspect identified,
fa52d9d3064e20f06064ea86d529dd5ecf130e09128e24caa861b37077cbddea,2026-01,North Yorkshire Police,North Yorkshire Police,-1.174317,54.232290,On or near Parking Area,E01027780,Ryedale 003B,Criminal damage and arson,Investigation complete; no suspect identified,
79b29de3f7c38f021f2b3714e06dd7028e844e14feab25c905066c72cddc3c23,2026-01,North Yorkshire Police,North Yorkshire Police,-1.116486,54.258700,On or near Rievaulx Bank,E01027780,Ryedale 003B,Drugs,Local resolution,
e7ec935b391c407bbaef3808b1bfc2c27bd86202691c036307a2a7369bd73d32,2026-01,North Yorkshire Police,North Yorkshire Police,-1.064193,54.296314,On or near Cowhouse Bank,E01027780,Ryedale 003B,Other theft,Under investigation,
910edf16a620cbb6e6307b93fe78933176e50fb005f6798676d84f4d30422a13,2026-01,North Yorkshire Police,North Yorkshire Police,-1.116486,54.258700,On or near Rievaulx Bank,E01027780,Ryedale 003B,Violence and sexual offences,Unable to prosecute suspect,
60f6c331ea73fe9593e732597bc9e4a92afbce02ad750403c3bb87a697cf0ca0,2026-01,North Yorkshire Police,North Yorkshire Police,-1.064854,54.248109,On or near High Street,E01027780,Ryedale 003B,Other crime,Under investigation,
,2026-01,North Yorkshire Police,North Yorkshire Police,-1.058115,54.248183,On or near Elm Court,E01027781,Ryedale 003C,Anti-social behaviour,,
,2026-01,North Yorkshire Police,North Yorkshire Police,-1.058115,54.248183,On or near Elm Court,E01027781,Ryedale 003C,Anti-social behaviour,,
,2026-01,North Yorkshire Police,North Yorkshire Police,-1.058115,54.248183,On or near Elm Court,E01027781,Ryedale 003C,Anti-social behaviour,,
1ee2935be2667faeffe8956be51c806f6a41bbbb5cab8492bec54c16ad2b64f1,2026-01,North Yorkshire Police,North Yorkshire Police,-1.056199,54.246952,On or near Petrol Station,E01027781,Ryedale 003C,Other theft,Unable to prosecute suspect,
b8932d4925e74579a6149df5b0d793abe4b8af891bd628a1fc1ae8b480b3e4ae,2026-01,North Yorkshire Police,North Yorkshire Police,-1.057295,54.250486,On or near Withington Road,E01027781,Ryedale 003C,Violence and sexual offences,Under investigation,
28f23ce8cc07024e674465af1801d4c08352e94eb849b5297932991cd57bc1ee,2026-01,North Yorkshire Police,North Yorkshire Police,-1.057295,54.250486,On or near Withington Road,E01027781,Ryedale 003C,Violence and sexual offences,Unable to prosecute suspect,
40da1f0def664f42e64500f052680178aacef125eaf2bcffde4d5c2866d72d7b,2026-01,North Yorkshire Police,North Yorkshire Police,-1.057976,54.250258,On or near Feversham Road,E01027781,Ryedale 003C,Violence and sexual offences,Under investigation,
b5f3599e23848a4e585ff1c2e84bde32a7b3f68b0ffc1dba0446346d675830af,2026-01,North Yorkshire Police,North Yorkshire Police,-1.049923,54.244020,On or near Ryemount Crescent,E01027781,Ryedale 003C,Violence and sexual offences,Unable to prosecute suspect,
,2026-01,North Yorkshire Police,North Yorkshire Police,-1.047793,54.201878,On or near St Oswald'S Close,E01027800,Ryedale 003D,Anti-social behaviour,,
daa3e663b46f9642eab1f344c1b6516dccb95394862ed4e1723f546107fd858f,2026-01,North Yorkshire Police,North Yorkshire Police,-0.917042,54.247618,On or near Wapping Lane,E01027800,Ryedale 003D,Violence and sexual offences,Unable to prosecute suspect,
557bdc5256e56d3c768b1869ada80c4048bad698f13aa8c16764febc96baf33d,2026-01,North Yorkshire Police,North Yorkshire Police,-0.723379,54.127027,On or near Cock Garth,E01027779,Ryedale 004A,Other crime,Under investigation,
,2026-01,North Yorkshire Police,North Yorkshire Police,-0.695876,54.158784,On or near Low Moorgate,E01027796,Ryedale 004B,Anti-social behaviour,,
5792bf0af58fa528d204cf7fd44ede10741c83486e3a325eac50f6f562663131,2026-01,North Yorkshire Police,North Yorkshire Police,-0.603507,54.177594,On or near Sand Lane,E01027796,Ryedale 004B,Criminal damage and arson,Investigation complete; no suspect identified,
44c76e53fdaf61015bcbcc6407c862671687165764c20d72c739eded0a05d1f6,2026-01,North Yorkshire Police,North Yorkshire Police,-0.695876,54.158784,On or near Low Moorgate,E01027796,Ryedale 004B,Other theft,Under investigation,
7afbc01c63a0c2f33ac31f19269895db0452db7a33cd3d188fc28c4bb469bf8b,2026-01,North Yorkshire Police,North Yorkshire Police,-0.695876,54.158784,On or near Low Moorgate,E01027796,Ryedale 004B,Violence and sexual offences,Under investigation,
7afbc01c63a0c2f33ac31f19269895db0452db7a33cd3d188fc28c4bb469bf8b,2026-01,North Yorkshire Police,North Yorkshire Police,-0.695876,54.158784,On or near Low Moorgate,E01027796,Ryedale 004B,Violence and sexual offences,Unable to prosecute suspect,
6f024ccbe15a26f94e5a88e02e628d139ed2aa25c3fb60bfe191e98935c46d83,2026-01,North Yorkshire Police,North Yorkshire Police,-0.695876,54.158784,On or near Low Moorgate,E01027796,Ryedale 004B,Violence and sexual offences,Unable to prosecute suspect,
3933ea76062a684f6c69c5957bfc2279239afc5803641a45086639c334c36608,2026-01,North Yorkshire Police,North Yorkshire Police,-0.579647,54.180398,On or near Carr Lane,E01027798,Ryedale 004C,Criminal damage and arson,Investigation complete; no suspect identified,
7e8e59dd88035137bbecdf3026f1394532a09d60d5d7d537290e5b2610afb8c6,2026-01,North Yorkshire Police,North Yorkshire Police,-0.533303,54.182332,On or near Vicarage Farm Close,E01027798,Ryedale 004C,Criminal damage and arson,Investigation complete; no suspect identified,
9852f98c849313d84d5bb086af80ee068cce50ea929986cbbee7eaed83c73662,2026-01,North Yorkshire Police,North Yorkshire Police,-0.430855,54.199532,On or near ,E01027798,Ryedale 004C,Possession of weapons,Formal action is not in the public interest,
78a4cc84e59a0a1278eae75c8365cb3974f63011f139f09a73c2154e9d96371b,2026-01,North Yorkshire Police,North Yorkshire Police,-0.480068,54.176459,On or near Ganton Hill,E01027798,Ryedale 004C,Other crime,Further investigation is not in the public interest,
,2026-01,North Yorkshire Police,North Yorkshire Police,-0.519319,54.123782,On or near Rarey Drive,E01027803,Ryedale 004D,Anti-social behaviour,,
,2026-01,North Yorkshire Police,North Yorkshire Police,-0.588819,54.135547,On or near Newlands Lane,E01027803,Ryedale 004D,Anti-social behaviour,,
451b7d6f24d61c32d51c59eff7fdada67f5b0ed762c0c344f5ffad3b781933d9,2026-01,North Yorkshire Police,North Yorkshire Police,-0.524925,54.124075,On or near Middlefield Close,E01027803,Ryedale 004D,Burglary,Investigation complete; no suspect identified,
75da92305cea6706677f4727ce4477b5db08a05fcf64b9fff72114b9f187ad60,2026-01,North Yorkshire Police,North Yorkshire Police,-0.662330,54.093422,On or near High Street,E01027803,Ryedale 004D,Violence and sexual offences,Under investigation,
8a3318118f83ef60737cf47e1bf4fc71dabbd6e064b99643e1da227952a742cb,2026-01,North Yorkshire Police,North Yorkshire Police,-0.484789,54.127361,On or near Butterwick Road,E01027803,Ryedale 004D,Violence and sexual offences,Unable to prosecute suspect,
75da92305cea6706677f4727ce4477b5db08a05fcf64b9fff72114b9f187ad60,2026-01,North Yorkshire Police,North Yorkshire Police,-0.662330,54.093422,On or near High Street,E01027803,Ryedale 004D,Violence and sexual offences,Unable to prosecute suspect,
f4a6e9e897129c5f7953a5930cf5fb92359f335be8fe3a6461fd1adba7426cda,2026-01,North Yorkshire Police,North Yorkshire Police,-0.678641,54.082025,On or near Salents Lane,E01027803,Ryedale 004D,Violence and sexual offences,Under investigation,
f4a6e9e897129c5f7953a5930cf5fb92359f335be8fe3a6461fd1adba7426cda,2026-01,North Yorkshire Police,North Yorkshire Police,-0.678641,54.082025,On or near Salents Lane,E01027803,Ryedale 004D,Violence and sexual offences,Under investigation,
eeda467d36ca3ebb47b203eba4d7d08385b203ac07d82805abe0226e7a13abb2,2026-01,North Yorkshire Police,North Yorkshire Police,-0.662330,54.093422,On or near High Street,E01027803,Ryedale 004D,Violence and sexual offences,Unable to prosecute suspect,
4a370c6f75b744002c2b11458449c2df97b4324b1dac7fa62dab0fa57096acaa,2026-01,North Yorkshire Police,North Yorkshire Police,-0.649132,54.148534,On or near Back Side,E01027803,Ryedale 004D,Violence and sexual offences,Unable to prosecute suspect,
5d553322f03412c102fb86eb34f9f2167064871b2aaf27aebba2f4ac1cde89c1,2026-01,North Yorkshire Police,North Yorkshire Police,-0.823281,54.128467,On or near Parking Area,E01027774,Ryedale 007A,Drugs,Under investigation,
cf2af738465a5dbeb75d3b10c4dc0d51487bf538110b72d1bc35484f6f165e2b,2026-01,North Yorkshire Police,North Yorkshire Police,-0.840120,54.150184,On or near West Street,E01027774,Ryedale 007A,Vehicle crime,Unable to prosecute suspect,
11bdcead284a04352116ebbdbd82f0573cd7d45e31e5acae06ad00e1bdfde607,2026-01,North Yorkshire Police,North Yorkshire Police,-0.808003,54.205885,On or near Theme/Adventure Park,E01027774,Ryedale 007A,Violence and sexual offences,Under investigation,
11bdcead284a04352116ebbdbd82f0573cd7d45e31e5acae06ad00e1bdfde607,2026-01,North Yorkshire Police,North Yorkshire Police,-0.808003,54.205885,On or near Theme/Adventure Park,E01027774,Ryedale 007A,Violence and sexual offences,Under investigation,
4c774c77d7c6e90b4e1c1a217d2c33af260299e74951e46bd7ad06675b878f23,2026-01,North Yorkshire Police,North Yorkshire Police,-0.820861,54.126394,On or near Cherry Farm Close,E01027778,Ryedale 007B,Violence and sexual offences,Unable to prosecute suspect,
6f9d4c0dc41e379c9cbba52422b82d3d7eded69ef5bc8f1b6caf0b7e2f5a7313,2026-01,North Yorkshire Police,North Yorkshire Police,-0.888221,54.099568,On or near Chestnut Avenue,E01027778,Ryedale 007B,Violence and sexual offences,Unable to prosecute suspect,
bbe8101d5394595c8bc53c89a0f7cda5c1221b66587506162fb0cd118fd57da8,2026-01,North Yorkshire Police,North Yorkshire Police,-0.881642,54.050782,On or near Wood Lane,E01027778,Ryedale 007B,Violence and sexual offences,Unable to prosecute suspect,
105a0cdcb8d2e9cd72fa4555821225f7d38c5f786b665fc11e69a25570c6d973,2026-01,North Yorkshire Police,North Yorkshire Police,-0.868177,54.023971,On or near ,E01027778,Ryedale 007B,Violence and sexual offences,Investigation complete; no suspect identified,
,2026-01,North Yorkshire Police,North Yorkshire Police,-0.932989,54.165414,On or near The Green Crescent,E01027782,Ryedale 007C,Anti-social behaviour,,
2562c7b4ed4c8d4af122270a83fac07f6a09356992016b63100c67a0a0911b7d,2026-01,North Yorkshire Police,North Yorkshire Police,-0.878390,54.188457,On or near Boynton Lane,E01027782,Ryedale 007C,Other theft,Unable to prosecute suspect,
0061b19e094f706bdedee638823429dff406110e5038b2fb7230e876e6fffabb,2026-01,North Yorkshire Police,North Yorkshire Police,-1.000504,54.126716,On or near Terrington South Bank,E01027782,Ryedale 007C,Vehicle crime,Investigation complete; no suspect identified,
65511554313016c1879d63dfdb69004a975c5c105d971bc905062ca17caed56e,2026-01,North Yorkshire Police,North Yorkshire Police,-0.932989,54.165414,On or near The Green Crescent,E01027782,Ryedale 007C,Violence and sexual offences,Awaiting court outcome,
81d83ce255f45bc54b814e0c38fcacaec4df05f93ad5c028b4dfaf0752ab04b4,2026-01,North Yorkshire Police,North Yorkshire Police,-0.934591,54.162705,On or near Cavendish Court,E01027782,Ryedale 007C,Violence and sexual offences,Unable to prosecute suspect,
da81b92ae77784bb82d71de1e102840da293a812da43cec7236cf90f8bece7f2,2026-01,North Yorkshire Police,North Yorkshire Police,-0.932989,54.165414,On or near The Green Crescent,E01027782,Ryedale 007C,Violence and sexual offences,Awaiting court outcome,
,2026-01,North Yorkshire Police,North Yorkshire Police,-0.881675,54.014649,On or near ,E01027797,Ryedale 007D,Anti-social behaviour,,
4ce520553f3d1282df78e669b6e3d0f839a323c6e7354c4f5a9db0041e497ab0,2026-01,North Yorkshire Police,North Yorkshire Police,-0.916109,54.072266,On or near Parking Area,E01027797,Ryedale 007D,Violence and sexual offences,Unable to prosecute suspect,
61e62af19d82b0524f8402d2acadfd352c4b80fb047fe982349abc32151372a9,2026-01,North Yorkshire Police,North Yorkshire Police,-0.959267,54.048351,On or near Bull Moor Lane,E01027799,Ryedale 007E,Other theft,Unable to prosecute suspect,
d87eb02e800144190ffa0656f513419a0d8cdb33ec5c4ee186ab74367787fc78,2026-01,North Yorkshire Police,North Yorkshire Police,-1.016399,54.106202,On or near Whenby Lane,E01027799,Ryedale 007E,Public order,Unable to prosecute suspect,
,2026-01,North Yorkshire Police,North Yorkshire Police,-0.789402,54.141496,On or near Highfield Road,E01027787,Ryedale 009A,Anti-social behaviour,,
,2026-01,North Yorkshire Police,North Yorkshire Police,-0.799333,54.144832,On or near Parking Area,E01027787,Ryedale 009A,Anti-social behaviour,,
,2026-01,North Yorkshire Police,North Yorkshire Police,-0.777947,54.145282,On or near Town Street,E01027787,Ryedale 009A,Anti-social behaviour,,
bb716366f05b0da493dca40f61046fad4455af2a1bac2ee5b8700f0be2941d92,2026-01,North Yorkshire Police,North Yorkshire Police,-0.793727,54.144380,On or near Dickens Road,E01027787,Ryedale 009A,Drugs,Local resolution,
0a46da7d0209c826ded6a6710f6a3dadf0368be7e97d51595f0880e9cbef6b8b,2026-01,North Yorkshire Police,North Yorkshire Police,-0.780563,54.142644,On or near ,E01027787,Ryedale 009A,Public order,Unable to prosecute suspect,
e9d0278c3d837314064d26748aae0bac5498126d15337b2c0312de789abf65bc,2026-01,North Yorkshire Police,North Yorkshire Police,-0.789402,54.141496,On or near Highfield Road,E01027787,Ryedale 009A,Violence and sexual offences,Unable to prosecute suspect,
,2026-01,North Yorkshire Police,North Yorkshire Police,-0.798582,54.141139,On or near Showground Road,E01034968,Ryedale 009B,Anti-social behaviour,,
,2026-01,North Yorkshire Police,North Yorkshire Police,-0.802453,54.142786,On or near Plough Court,E01034968,Ryedale 009B,Anti-social behaviour,,
e132202c02556a277463144cf9ed19027c5ee67f090bf701a50359276dade298,2026-01,North Yorkshire Police,North Yorkshire Police,-0.807469,54.140868,On or near Crabtree Drive,E01034968,Ryedale 009B,Vehicle crime,Unable to prosecute suspect,
,2026-01,North Yorkshire Police,North Yorkshire Police,-0.780993,54.134356,On or near Bowling Lane,E01034969,Ryedale 009C,Anti-social behaviour,,
a0fde6ee5823445fd047e0df3be8d03b3716a2ebcc58c2efad77c973820ee25d,2026-01,North Yorkshire Police,North Yorkshire Police,-0.774323,54.134270,On or near Wealdon Court,E01034969,Ryedale 009C,Violence and sexual offences,Unable to prosecute suspect,
5483f15a26013d2ddde87803070c46ccc30cf6c5b7bb82425e9fdd8095be8053,2026-01,North Yorkshire Police,North Yorkshire Police,-0.772846,54.134525,On or near Stock Close,E01034969,Ryedale 009C,Violence and sexual offences,Under investigation,
5483f15a26013d2ddde87803070c46ccc30cf6c5b7bb82425e9fdd8095be8053,2026-01,North Yorkshire Police,North Yorkshire Police,-0.772846,54.134525,On or near Stock Close,E01034969,Ryedale 009C,Violence and sexual offences,Awaiting court outcome,
31e578d477bc0c3f0df430318bb921c3c6bf1c59fd57e657479e8bfdd78f561d,2026-01,North Yorkshire Police,North Yorkshire Police,-0.772846,54.134525,On or near Stock Close,E01034969,Ryedale 009C,Violence and sexual offences,Unable to prosecute suspect,
,2026-01,North Yorkshire Police,North Yorkshire Police,-0.796937,54.135577,On or near Wheelgate,E01034970,Ryedale 009D,Anti-social behaviour,,
,2026-01,North Yorkshire Police,North Yorkshire Police,-0.797205,54.134762,On or near Chapel Lane,E01034970,Ryedale 009D,Anti-social behaviour,,
,2026-01,North Yorkshire Police,North Yorkshire Police,-0.792252,54.139844,On or near Burke Road,E01034970,Ryedale 009D,Anti-social behaviour,,
,2026-01,North Yorkshire Police,North Yorkshire Police,-0.796170,54.137205,On or near Princess Road,E01034970,Ryedale 009D,Anti-social behaviour,,
,2026-01,North Yorkshire Police,North Yorkshire Police,-0.796126,54.133987,On or near Carpenters Yard,E01034970,Ryedale 009D,Anti-social behaviour,,
,2026-01,North Yorkshire Police,North Yorkshire Police,-0.797433,54.136957,On or near Paul'S Row,E01034970,Ryedale 009D,Anti-social behaviour,,
,2026-01,North Yorkshire Police,North Yorkshire Police,-0.796126,54.133987,On or near Carpenters Yard,E01034970,Ryedale 009D,Anti-social behaviour,,
,2026-01,North Yorkshire Police,North Yorkshire Police,-0.797433,54.136957,On or near Paul'S Row,E01034970,Ryedale 009D,Anti-social behaviour,,
36992e61c64c9d4591660d23a12efa06a28f5877b47ef5f4ba2f85eb9aad3d56,2026-01,North Yorkshire Police,North Yorkshire Police,-0.796937,54.135577,On or near Wheelgate,E01034970,Ryedale 009D,Criminal damage and arson,Investigation complete; no suspect identified,
f4cf7c58269e5c039e9a631b228b2d91c16d2b2315bc5bea32977627613b3bd9,2026-01,North Yorkshire Police,North Yorkshire Police,-0.797319,54.135581,On or near St Michael Street,E01034970,Ryedale 009D,Drugs,Local resolution,
d22e29a688f40e4f39aa6867b0bf65f6aff13a821ada0fc9413bc4cb0d73284e,2026-01,North Yorkshire Police,North Yorkshire Police,-0.793384,54.138283,On or near Bridge Road,E01034970,Ryedale 009D,Drugs,Under investigation,
1c37e6047ef0990d55f83c0fc5ac9dd41bd08b8f43b1c43e9955d1186d4e2c2b,2026-01,North Yorkshire Police,North Yorkshire Police,-0.792895,54.133496,On or near Chandlers Wharf,E01034970,Ryedale 009D,Other theft,Unable to prosecute suspect,
863b300fb405425c3df7ee223d20bff080937fbff48d4c256d511848e95397dd,2026-01,North Yorkshire Police,North Yorkshire Police,-0.797205,54.134762,On or near Chapel Lane,E01034970,Ryedale 009D,Public order,Unable to prosecute suspect,
3257ec360749159faeed98ab98c76870d95779f203e684255373802d34b7c780,2026-01,North Yorkshire Police,North Yorkshire Police,-0.799091,54.136255,On or near Newgate,E01034970,Ryedale 009D,Shoplifting,Investigation complete; no suspect identified,
141e1febc410d744d4a33f92e865f3109c73f21af9801eab887ac8042de880a7,2026-01,North Yorkshire Police,North Yorkshire Police,-0.796937,54.135577,On or near Wheelgate,E01034970,Ryedale 009D,Shoplifting,Awaiting court outcome,
411c4f9bd1717642caeef26c1df5c5c9f30499b0e073fe9adfbc794dc48d567b,2026-01,North Yorkshire Police,North Yorkshire Police,-0.796126,54.133987,On or near Carpenters Yard,E01034970,Ryedale 009D,Shoplifting,Investigation complete; no suspect identified,
d129cc8fc68d68cff90ec5146e6570b1d57367c640803218eea2bf62a886f40e,2026-01,North Yorkshire Police,North Yorkshire Police,-0.792895,54.133496,On or near Chandlers Wharf,E01034970,Ryedale 009D,Violence and sexual offences,Under investigation,
f0057119bbdbd73788444bcd065678393420112790d0e014cff77cf36c56446d,2026-01,North Yorkshire Police,North Yorkshire Police,-0.794486,54.134573,On or near Church Hill,E01034970,Ryedale 009D,Violence and sexual offences,Unable to prosecute suspect,
11b01488c82fc230ad86ae7fc9326a88012196ceec3a834b17e92ae95bc9827d,2026-01,North Yorkshire Police,North Yorkshire Police,-0.794486,54.134573,On or near Church Hill,E01034970,Ryedale 009D,Violence and sexual offences,Under investigation,
e07248058eea2035c3b080af967fc88bbe0d876367ef4dca8a29cb62c1427732,2026-01,North Yorkshire Police,North Yorkshire Police,-0.792895,54.133496,On or near Chandlers Wharf,E01034970,Ryedale 009D,Violence and sexual offences,Unable to prosecute suspect,
b77049c72b1649f4d4d7234ac4438747aed415c29c53649e43a019308432f179,2026-01,North Yorkshire Police,North Yorkshire Police,-0.799823,54.134761,On or near Market Street,E01034970,Ryedale 009D,Violence and sexual offences,Unable to prosecute suspect,
,2026-01,North Yorkshire Police,North Yorkshire Police,-0.780716,54.132331,On or near South Parade,E01034971,Ryedale 009E,Anti-social behaviour,,
78970d5eb1a2e056ca3189d5f42ab36781cd5085ccae5dd83c3f7c171b99edab,2026-01,North Yorkshire Police,North Yorkshire Police,-0.778500,54.129118,On or near Beverley Road,E01034971,Ryedale 009E,Violence and sexual offences,Unable to prosecute suspect,
,2026-01,North Yorkshire Police,North Yorkshire Police,-0.811138,54.139189,On or near ,E01027786,Ryedale 010A,Anti-social behaviour,,
d73e2c10f3b4b0b4f4fe2c86b7b27ef318ec9faf1a6563e1103ca2a4ffb895dc,2026-01,North Yorkshire Police,North Yorkshire Police,-0.802034,54.138234,On or near Mount Crescent,E01027786,Ryedale 010A,Other theft,Investigation complete; no suspect identified,
62f5a9149e5c2c826c3bf65d1b62b3b949f556dd7a2dbff0186988c63000eb51,2026-01,North Yorkshire Police,North Yorkshire Police,-0.782442,54.129841,On or near Winston Court,E01027788,Ryedale 010B,Criminal damage and arson,Awaiting court outcome,
613f784598c84cbac261341449489d1fe5a051873e1f3af1fc9739b16a76d4b6,2026-01,North Yorkshire Police,North Yorkshire Police,-0.780885,54.128674,On or near Howe Road,E01027788,Ryedale 010B,Criminal damage and arson,Unable to prosecute suspect,
8009331d4abf50ad8fdc6ea968d156852788762b12fbe284e96c603c2db5d148,2026-01,North Yorkshire Police,North Yorkshire Police,-0.774039,54.125729,On or near Farm View,E01027788,Ryedale 010B,Violence and sexual offences,Unable to prosecute suspect,
ab7cb14e9ae2eac038def1a772522f63b8a45e0ba30e1e13d0a39e77d0f4259a,2026-01,North Yorkshire Police,North Yorkshire Police,-0.782171,54.128130,On or near The Grove,E01027788,Ryedale 010B,Violence and sexual offences,Under investigation,
1c3920603544e91259b517cb38f46e6c7e3d39b8ef1da51585ceb933045971fb,2026-01,North Yorkshire Police,North Yorkshire Police,-0.774832,54.128424,On or near Rosedale Avenue,E01027788,Ryedale 010B,Violence and sexual offences,Under investigation,
2c7ee92513594b3de63a1c4fd2cbfa501ce565ce5d8406873a693a4664ed8709,2026-01,North Yorkshire Police,North Yorkshire Police,-0.780885,54.128674,On or near Howe Road,E01027788,Ryedale 010B,Violence and sexual offences,Unable to prosecute suspect,
,2026-01,North Yorkshire Police,North Yorkshire Police,-0.782688,54.124594,On or near Field View,E01027791,Ryedale 010C,Anti-social behaviour,,
9dee7a6f948f91218d42847fbcde146c0cbd766869642805f5fb32aee7c3f331,2026-01,North Yorkshire Police,North Yorkshire Police,-0.786770,54.126262,On or near The Ridings,E01027791,Ryedale 010C,Violence and sexual offences,Unable to prosecute suspect,
53f4f41360f6de262c3ec9fbbae0b6c826c6fd1297e522afbd2ef0918525471c,2026-01,North Yorkshire Police,North Yorkshire Police,-0.782688,54.124594,On or near Field View,E01027791,Ryedale 010C,Violence and sexual offences,Under investigation,
b1cb8218abae01f21d01a92959b8993b9b20f5d24c570f4261aa1f082c327139,2026-01,North Yorkshire Police,North Yorkshire Police,-0.782688,54.124594,On or near Field View,E01027791,Ryedale 010C,Violence and sexual offences,Under investigation,
,2026-01,North Yorkshire Police,North Yorkshire Police,-0.785378,54.131497,On or near Grove Street,E01027790,Ryedale 010D,Anti-social behaviour,,
,2026-01,North Yorkshire Police,North Yorkshire Police,-0.783005,54.132561,On or near Old Court Close,E01027790,Ryedale 010D,Anti-social behaviour,,
c88d2d0be30e7fa198a787d280d58879cd778bafab78bb84ae6054e9eed44142,2026-01,North Yorkshire Police,North Yorkshire Police,-0.787439,54.131680,On or near Wold Street,E01027790,Ryedale 010D,Criminal damage and arson,Unable to prosecute suspect,
d62e5a4bd855e4becd920b60c639a8d77c7ef82bfcba386a2b2fd97124d9de90,2026-01,North Yorkshire Police,North Yorkshire Police,-0.796883,54.132691,On or near Malton Bus Station,E01027790,Ryedale 010D,Shoplifting,Unable to prosecute suspect,
17d1ec5f0028ce81192fdcb3815d22c2f2318acaef38c53d6f9fa634ad31da2d,2026-01,North Yorkshire Police,North Yorkshire Police,-0.797358,54.132121,On or near Malton,E01027790,Ryedale 010D,Shoplifting,Investigation complete; no suspect identified,
f68796f0421f3e5e7443a0914d46158b8bfe81ee11aa00ded318743e000994b6,2026-01,North Yorkshire Police,North Yorkshire Police,-0.787439,54.131680,On or near Wold Street,E01027790,Ryedale 010D,Violence and sexual offences,Under investigation,
50cd1666dc19bb5eb4b9d675a673f3a69cf6ee99115f92de6ad12d27fecb8dd9,2026-01,North Yorkshire Police,North Yorkshire Police,-0.788604,54.129516,On or near St Peter Street,E01027790,Ryedale 010D,Violence and sexual offences,Unable to prosecute suspect,
714cfbeb397693a03ad687cb62d42b1a415167b21490b256f2109d9c645a3fb6,2026-01,North Yorkshire Police,North Yorkshire Police,-0.785603,54.129567,On or near Sutton Street,E01027790,Ryedale 010D,Violence and sexual offences,Awaiting court outcome,
,2026-01,North Yorkshire Police,North Yorkshire Police,-0.630092,54.482484,On or near Dundas Gardens,E01027837,Scarborough 001A,Anti-social behaviour,,
94ccbdbcde35060066e3cca3f3b49c7e1bdf5b9cfd543531e5bdbbd1e8c5b899,2026-01,North Yorkshire Police,North Yorkshire Police,-0.627221,54.482964,On or near Auckland Way,E01027837,Scarborough 001A,Criminal damage and arson,Investigation complete; no suspect identified,
8cdf17ef05c923805229a4ad95cf9cd1a61275146365444a56b8a9921a8878a5,2026-01,North Yorkshire Police,North Yorkshire Police,-0.628636,54.484948,On or near Byland Road,E01027837,Scarborough 001A,Vehicle crime,Investigation complete; no suspect identified,
742818ca4db08f2c404593c1dda7ecddf344cd509cfb71deb0dce6b9f4e9382a,2026-01,North Yorkshire Police,North Yorkshire Police,-0.630092,54.482484,On or near Dundas Gardens,E01027837,Scarborough 001A,Violence and sexual offences,Under investigation,
906a61a6d2a73feb3f51187c0e36d9884795774f1a643439f2a97196cc9cc85c,2026-01,North Yorkshire Police,North Yorkshire Police,-0.630092,54.482484,On or near Dundas Gardens,E01027837,Scarborough 001A,Violence and sexual offences,Under investigation,
906a61a6d2a73feb3f51187c0e36d9884795774f1a643439f2a97196cc9cc85c,2026-01,North Yorkshire Police,North Yorkshire Police,-0.630092,54.482484,On or near Dundas Gardens,E01027837,Scarborough 001A,Violence and sexual offences,Under investigation,
6fecb92d8e1b5d2a9fe8d2bc6ef3639d86fd15a6fda7f0623929d139bf83ca0a,2026-01,North Yorkshire Police,North Yorkshire Police,-0.638005,54.486375,On or near Lockton Road,E01027839,Scarborough 001B,Violence and sexual offences,Unable to prosecute suspect,
60ca31b5541310ad4926c6635be60410355daaa6ca8fe474b642c7d9c84ca93d,2026-01,North Yorkshire Police,North Yorkshire Police,-0.637602,54.485013,On or near The Avenue,E01027839,Scarborough 001B,Violence and sexual offences,Unable to prosecute suspect,
adbe255092f9c0cad83f0af2a597087242852000230e5d849f415ba4a8b38347,2026-01,North Yorkshire Police,North Yorkshire Police,-0.633624,54.489058,On or near Northway,E01027871,Scarborough 001E,Other theft,Investigation complete; no suspect identified,
f73338578aedb8441bf315c91cb2394fd14bcf4788d61ce27e80c3d13924fe41,2026-01,North Yorkshire Police,North Yorkshire Police,-0.631194,54.488302,On or near Landsdowne Road,E01027871,Scarborough 001E,Violence and sexual offences,Unable to prosecute suspect,
1ba4e2bcadefeb6f5dfc63000ee2858d6249c0a856d6199a7f856bcadb2e31ed,2026-01,North Yorkshire Police,North Yorkshire Police,-0.630861,54.490896,On or near White Point Road,E01027871,Scarborough 001E,Violence and sexual offences,Unable to prosecute suspect,
15020ea54a6f3deec1355c496a28a8506fda49e6d9b993ecf786dfb592419423,2026-01,North Yorkshire Police,North Yorkshire Police,-0.631194,54.488302,On or near Landsdowne Road,E01027871,Scarborough 001E,Other crime,Further investigation is not in the public interest,
,2026-01,North Yorkshire Police,North Yorkshire Police,-0.616343,54.485251,On or near Shopping Area,E01034972,Scarborough 001F,Anti-social behaviour,,
,2026-01,North Yorkshire Police,North Yorkshire Police,-0.615965,54.484866,On or near Whitby Bus Station,E01034972,Scarborough 001F,Anti-social behaviour,,
,2026-01,North Yorkshire Police,North Yorkshire Police,-0.613886,54.487018,On or near St Ann'S Staith,E01034972,Scarborough 001F,Anti-social behaviour,,
,2026-01,North Yorkshire Police,North Yorkshire Police,-0.620674,54.488965,On or near Church Square,E01034972,Scarborough 001F,Anti-social behaviour,,
,2026-01,North Yorkshire Police,North Yorkshire Police,-0.615965,54.484866,On or near Whitby Bus Station,E01034972,Scarborough 001F,Anti-social behaviour,,
b565d3e99807fa19dc4bd5468feca50dc89fa2a25f91ea894ae73f8e54ce06ab,2026-01,North Yorkshire Police,North Yorkshire Police,-0.615186,54.487374,On or near Parking Area,E01034972,Scarborough 001F,Criminal damage and arson,Under investigation,
5bb0682f367914ead01100a857cb535c7b92fdeff6adad19affc6e071204bdff,2026-01,North Yorkshire Police,North Yorkshire Police,-0.616083,54.483672,On or near Parking Area,E01034972,Scarborough 001F,Drugs,Under investigation,
ccb5db3870e8d3d48b5632e753bf982bcf67afc62daace0868e479d32c4fc591,2026-01,North Yorkshire Police,North Yorkshire Police,-0.614770,54.487810,On or near Haggersgate,E01034972,Scarborough 001F,Drugs,Formal action is not in the public interest,
ce44081090a9b85c0d7be8c885d049be6f1b53a72bc5b3e8f7d0e202c77f1e39,2026-01,North Yorkshire Police,North Yorkshire Police,-0.616823,54.485065,On or near Victoria Square,E01034972,Scarborough 001F,Other theft,Investigation complete; no suspect identified,
dfdd0f3268a3893aa9f401c83ce4f13d9e8dad33379d78746440157d81acb433,2026-01,North Yorkshire Police,North Yorkshire Police,-0.615931,54.485432,On or near Nightclub,E01034972,Scarborough 001F,Public order,Unable to prosecute suspect,
e24e9f8965b0c3194dce90f1131d8ec9bf4c79a3d2f86c30f76c80e2d2794057,2026-01,North Yorkshire Police,North Yorkshire Police,-0.613886,54.487018,On or near St Ann'S Staith,E01034972,Scarborough 001F,Public order,Unable to prosecute suspect,
3421c4f8dd21dc50098449fd4b3ab33cf0702e348570c49d1df109a9ee360491,2026-01,North Yorkshire Police,North Yorkshire Police,-0.616343,54.485251,On or near Shopping Area,E01034972,Scarborough 001F,Shoplifting,Awaiting court outcome,
9497dcb13f86df85912b64fe93f61126ae52b6409a6db3b609932c39b470be6d,2026-01,North Yorkshire Police,North Yorkshire Police,-0.616343,54.485251,On or near Shopping Area,E01034972,Scarborough 001F,Shoplifting,Investigation complete; no suspect identified,
e7c89dacdf996e756ebfedd6f310d1ea3724b894b10a725120ff3cc24dd767d5,2026-01,North Yorkshire Police,North Yorkshire Police,-0.615190,54.485873,On or near Baxtergate,E01034972,Scarborough 001F,Shoplifting,Unable to prosecute suspect,
7d9ce2c4143890ff9a460b017391aaaebaa007a103dcdda7775b49fd5e716827,2026-01,North Yorkshire Police,North Yorkshire Police,-0.616343,54.485251,On or near Shopping Area,E01034972,Scarborough 001F,Shoplifting,Investigation complete; no suspect identified,
7e12681d5c926fd2398dca28796c747867571fcea0bad079ed026653eda6061f,2026-01,North Yorkshire Police,North Yorkshire Police,-0.616343,54.485251,On or near Shopping Area,E01034972,Scarborough 001F,Shoplifting,Awaiting court outcome,
3b59f0df53868b4dde9cd2c2e0a5ea8d774be4caa0d4c535fdbbbc9061b2cf98,2026-01,North Yorkshire Police,North Yorkshire Police,-0.616343,54.485251,On or near Shopping Area,E01034972,Scarborough 001F,Shoplifting,Awaiting court outcome,
b0da7663ac51e46452f15305fa9efd58cac81aed1669bd76620a2d32cc5ff06a,2026-01,North Yorkshire Police,North Yorkshire Police,-0.614035,54.486255,On or near Angel Yard,E01034972,Scarborough 001F,Shoplifting,Awaiting court outcome,
ce04c8303afb82d3af41f648ba4fe76a6508631737c082fceaa4699e281f26cc,2026-01,North Yorkshire Police,North Yorkshire Police,-0.616343,54.485251,On or near Shopping Area,E01034972,Scarborough 001F,Shoplifting,Awaiting court outcome,
8eccd0976a4e85b11f234202f4a1b28c730cc5b3837ead352ae3ba283d793c92,2026-01,North Yorkshire Police,North Yorkshire Police,-0.616343,54.485251,On or near Shopping Area,E01034972,Scarborough 001F,Shoplifting,Investigation complete; no suspect identified,
b6b14430d851af7f6c05f937800daf72663cf439d2390df70227f1c7d17e1f2d,2026-01,North Yorkshire Police,North Yorkshire Police,-0.621201,54.487065,On or near St Hilda'S Gardens,E01034972,Scarborough 001F,Vehicle crime,Unable to prosecute suspect,
d0138df3c3a6e9a6dd3256b92e6e043820ac027d72ef5533a447e918a2ffaa82,2026-01,North Yorkshire Police,North Yorkshire Police,-0.619976,54.489541,On or near Royal Crescent,E01034972,Scarborough 001F,Violence and sexual offences,Unable to prosecute suspect,
c7b8c6084779e6107efcb9dee33a5097d13eeb3b58743e562e9f2af4d6b7721b,2026-01,North Yorkshire Police,North Yorkshire Police,-0.615847,54.486537,On or near Flowergate,E01034972,Scarborough 001F,Violence and sexual offences,Under investigation,
6a44e33d36acb72b3627c037cd55a9ae5f50ede920b82b78afd6dd565a08b79e,2026-01,North Yorkshire Police,North Yorkshire Police,-0.618632,54.485427,On or near Union Road,E01034972,Scarborough 001F,Violence and sexual offences,Local resolution,
105ff7b663e023077b91c6181f273980dc8109c1bb9baf2fbaa7c74b2f5ab09a,2026-01,North Yorkshire Police,North Yorkshire Police,-0.621260,54.481664,On or near Prospect Hill,E01034972,Scarborough 001F,Violence and sexual offences,Unable to prosecute suspect,
6e0e7df446ee062de49e8453cce2b994a68ff68460c15d958027d9a91c2f0a9a,2026-01,North Yorkshire Police,North Yorkshire Police,-0.617703,54.489632,On or near Esplanade,E01034972,Scarborough 001F,Violence and sexual offences,Unable to prosecute suspect,
4d2c112879536e33a3a1f6a2403f459fa4ac54f4eb2f3c6ba278fa5887b16ae5,2026-01,North Yorkshire Police,North Yorkshire Police,-0.615847,54.486537,On or near Flowergate,E01034972,Scarborough 001F,Violence and sexual offences,Offender given a caution,
124c653c81eb026aa92592c49db8eda575041cb1e0919b373cd79ea7252a7c42,2026-01,North Yorkshire Police,North Yorkshire Police,-0.621201,54.487065,On or near St Hilda'S Gardens,E01034972,Scarborough 001F,Violence and sexual offences,Under investigation,
8f5bfee1ea31e4a53ae9fce3e2fe32e01c5b8ca7258ed96828a3f4b817376a98,2026-01,North Yorkshire Police,North Yorkshire Police,-0.614035,54.486255,On or near Angel Yard,E01034972,Scarborough 001F,Violence and sexual offences,Unable to prosecute suspect,
1075fc0100653b4ae81427bf4a8773312582051d90eff31a1692b396db0591b1,2026-01,North Yorkshire Police,North Yorkshire Police,-0.622731,54.486650,On or near Petrol Station,E01034972,Scarborough 001F,Violence and sexual offences,Unable to prosecute suspect,
c7b8c6084779e6107efcb9dee33a5097d13eeb3b58743e562e9f2af4d6b7721b,2026-01,North Yorkshire Police,North Yorkshire Police,-0.615847,54.486537,On or near Flowergate,E01034972,Scarborough 001F,Violence and sexual offences,Offender given a caution,
1a79ac9d6bb0957b92cdf62d5d9e0763ca41ac320c97ce046f6bbd9761e346cf,2026-01,North Yorkshire Police,North Yorkshire Police,-0.621260,54.481664,On or near Prospect Hill,E01034972,Scarborough 001F,Violence and sexual offences,Unable to prosecute suspect,
220b9f608644ee11cc7760093623bbc967f733bcb56351da9fa2128957ea5744,2026-01,North Yorkshire Police,North Yorkshire Police,-0.617703,54.489632,On or near Esplanade,E01034972,Scarborough 001F,Violence and sexual offences,Under investigation,
89fc3afc1aabebe51c4385b48e093e3774ecbaac2da4e878b11d6023783a331b,2026-01,North Yorkshire Police,North Yorkshire Police,-0.616083,54.483672,On or near Parking Area,E01034972,Scarborough 001F,Violence and sexual offences,Unable to prosecute suspect,
da2de056ff5837e8cd5f443a77bd03ee8d083b7acfbfc20bc9ee6b9fb24d6b37,2026-01,North Yorkshire Police,North Yorkshire Police,-0.615186,54.487374,On or near Parking Area,E01034972,Scarborough 001F,Violence and sexual offences,Under investigation,
056260fedd884a0d3947c12b75c9d0974043ab5fd6e23e9d7281b783919090e6,2026-01,North Yorkshire Police,North Yorkshire Police,-0.616343,54.485251,On or near Shopping Area,E01034972,Scarborough 001F,Violence and sexual offences,Awaiting court outcome,
3685f5a3d16e22187709443b01edd8acf4960ebe5ae2b7faf2bb2e478f854071,2026-01,North Yorkshire Police,North Yorkshire Police,-0.617703,54.489632,On or near Esplanade,E01034972,Scarborough 001F,Violence and sexual offences,Under investigation,
61770ff816550cb76081b57d5cd5066d828581640a635ebb7e2e97d30430f29a,2026-01,North Yorkshire Police,North Yorkshire Police,-0.616042,54.484824,On or near Bus/Coach Station,E01034972,Scarborough 001F,Violence and sexual offences,Unable to prosecute suspect,
cdafaf7d69a0af6fc63b89c122d28b8ab7fa982e46411b3917cd077fb390d120,2026-01,North Yorkshire Police,North Yorkshire Police,-0.616371,54.487478,On or near The Paddock,E01034972,Scarborough 001F,Violence and sexual offences,Unable to prosecute suspect,
bcf24b36591141edbd31062305bf67a3189190d39338cbab5b9d050550bd4ce5,2026-01,North Yorkshire Police,North Yorkshire Police,-0.620674,54.488965,On or near Church Square,E01034972,Scarborough 001F,Violence and sexual offences,Under investigation,
e59de7b1bc9cae40438c145c01590c6a9d7ce2c762f34ec95b425ebecae8b980,2026-01,North Yorkshire Police,North Yorkshire Police,-0.616823,54.485065,On or near Victoria Square,E01034972,Scarborough 001F,Violence and sexual offences,Unable to prosecute suspect,
7bb50ab470c334047fc20b025d811fa99e83cde6a901c8f5a453d9717cff859f,2026-01,North Yorkshire Police,North Yorkshire Police,-0.619295,54.487286,On or near Well Close Terrace,E01034972,Scarborough 001F,Violence and sexual offences,Unable to prosecute suspect,
,2026-01,North Yorkshire Police,North Yorkshire Police,-0.864650,54.473500,On or near Parking Area,E01027813,Scarborough 002A,Anti-social behaviour,,
9d1d2b3f09c24a79b20d1c90bd03074105aaf30199fd6e68e0384816009b766f,2026-01,North Yorkshire Police,North Yorkshire Police,-0.827742,54.459297,On or near Sports/Recreation Area,E01027813,Scarborough 002A,Burglary,Investigation complete; no suspect identified,
c46c59a8d98ccff57207be0f1ca54ef990a033cf980d778b34ba37ea0a034499,2026-01,North Yorkshire Police,North Yorkshire Police,-0.941046,54.463606,On or near Supermarket,E01027813,Scarborough 002A,Violence and sexual offences,Under investigation,
af5e71f559dc8cbe370813ab0eb29a2a0e63798aa1437deb1d245d48e0308d80,2026-01,North Yorkshire Police,North Yorkshire Police,-0.941046,54.463606,On or near Supermarket,E01027813,Scarborough 002A,Violence and sexual offences,Under investigation,
c46c59a8d98ccff57207be0f1ca54ef990a033cf980d778b34ba37ea0a034499,2026-01,North Yorkshire Police,North Yorkshire Police,-0.941046,54.463606,On or near Supermarket,E01027813,Scarborough 002A,Violence and sexual offences,Unable to prosecute suspect,
,2026-01,North Yorkshire Police,North Yorkshire Police,-0.730148,54.440022,On or near Priory Park,E01027822,Scarborough 002B,Anti-social behaviour,,
73d29d96164290454899e181bc446254f8fe35a67918669d68aa4f0eaacd941a,2026-01,North Yorkshire Police,North Yorkshire Police,-0.730148,54.440022,On or near Priory Park,E01027822,Scarborough 002B,Burglary,Under investigation,
edffafec620a23facfaf7b858620f24631844d127b8c11cc8f1875089776cbcb,2026-01,North Yorkshire Police,North Yorkshire Police,-0.730148,54.440022,On or near Priory Park,E01027822,Scarborough 002B,Burglary,Under investigation,
2f396ecc64b518a1c7137e68a5528c4f568f215786556dd85484b16f9890d14d,2026-01,North Yorkshire Police,North Yorkshire Police,-0.724188,54.435843,On or near Front Street,E01027822,Scarborough 002B,Violence and sexual offences,Unable to prosecute suspect,
,2026-01,North Yorkshire Police,North Yorkshire Police,-0.790441,54.552383,On or near Seaton Close,E01027840,Scarborough 002C,Anti-social behaviour,,
,2026-01,North Yorkshire Police,North Yorkshire Police,-0.757424,54.533741,On or near Nettledale Close,E01027840,Scarborough 002C,Anti-social behaviour,,
a4a43f5b25c0e077b590f74cab51d218e5ca0beee08ad0b0cbe2fe0bfbe84df4,2026-01,North Yorkshire Police,North Yorkshire Police,-0.793214,54.553194,On or near Sports/Recreation Area,E01027840,Scarborough 002C,Criminal damage and arson,Unable to prosecute suspect,
dc67c33685a1e762340fc22f3bcb73a949bc7b3c4ea6ba84557066e94ed57e80,2026-01,North Yorkshire Police,North Yorkshire Police,-0.797182,54.552387,On or near Dalehouse Bank,E01027840,Scarborough 002C,Violence and sexual offences,Unable to prosecute suspect,
924a5c073465df12206538d26011dbf2cf250902531d6b177a8ad7166abc0ce4,2026-01,North Yorkshire Police,North Yorkshire Police,-0.766957,54.507172,On or near Mickleby Lane,E01027841,Scarborough 002D,Burglary,Investigation complete; no suspect identified,
0775513368470bbc7adf96764e65453dda36c8561e00a92008bccd48d982261d,2026-01,North Yorkshire Police,North Yorkshire Police,-0.663615,54.476433,On or near Guisborough Road,E01027841,Scarborough 002D,Other theft,Under investigation,
7bff3dd6626aac31f5f98e8ee1198b8da77ae80e0c710bbb9242bd8a8e2dfd9e,2026-01,North Yorkshire Police,North Yorkshire Police,-0.684257,54.465137,On or near Egton Road,E01027841,Scarborough 002D,Possession of weapons,Unable to prosecute suspect,
e504e8db05f36e71138ae7b80a19c2ddd2b08f26fe160c4611944e7e1beb4767,2026-01,North Yorkshire Police,North Yorkshire Police,-0.763039,54.505982,On or near The Lane,E01027841,Scarborough 002D,Violence and sexual offences,Unable to prosecute suspect,
dcbfe4b222d6d4d66fe248893c4df34098c04f71cc68958ef02724b172505134,2026-01,North Yorkshire Police,North Yorkshire Police,-0.623804,54.482206,On or near Further/Higher Educational Building,E01027838,Scarborough 003A,Violence and sexual offences,Under investigation,
dcbfe4b222d6d4d66fe248893c4df34098c04f71cc68958ef02724b172505134,2026-01,North Yorkshire Police,North Yorkshire Police,-0.623804,54.482206,On or near Further/Higher Educational Building,E01027838,Scarborough 003A,Violence and sexual offences,Unable to prosecute suspect,
,2026-01,North Yorkshire Police,North Yorkshire Police,-0.605611,54.482024,On or near Captain Cook Crescent,E01027864,Scarborough 003B,Anti-social behaviour,,
0315136cae976b73cb238a70eb9af98d240a8152e0101354e8077af3d1373267,2026-01,North Yorkshire Police,North Yorkshire Police,-0.608923,54.479510,On or near Abbot'S Walk,E01027864,Scarborough 003B,Criminal damage and arson,Unable to prosecute suspect,
42e1710a833085a67631da26257d08581360c69e12c169395a417cfaf59b9f18,2026-01,North Yorkshire Police,North Yorkshire Police,-0.605611,54.482024,On or near Captain Cook Crescent,E01027864,Scarborough 003B,Public order,Unable to prosecute suspect,
c7e3f9da8b20fccc4a5b703cde1a64d59a5217c9494ea35558c095d59df7cf4a,2026-01,North Yorkshire Police,North Yorkshire Police,-0.603664,54.474728,On or near ,E01027864,Scarborough 003B,Violence and sexual offences,Under investigation,
b96c94728c03a21bda03d9746564ac764acf01c1bee1a7e6c10669994e0273a5,2026-01,North Yorkshire Police,North Yorkshire Police,-0.605611,54.482024,On or near Captain Cook Crescent,E01027864,Scarborough 003B,Violence and sexual offences,Unable to prosecute suspect,
199e1fcc7183a0c7208a95e2a957135571e1a82d69c60a4b7fbccffdec4dc3d5,2026-01,North Yorkshire Police,North Yorkshire Police,-0.604263,54.476301,On or near St Peter'S Road,E01027864,Scarborough 003B,Violence and sexual offences,Awaiting court outcome,
41314c756d159ed258941fe28a321f84084cafe31413878f0c637e57ca1d37f8,2026-01,North Yorkshire Police,North Yorkshire Police,-0.605611,54.482024,On or near Captain Cook Crescent,E01027864,Scarborough 003B,Violence and sexual offences,Under investigation,
573d66c46eaf2320e4649c014772323b85a1f3a54a786066636518fc6e71e6a6,2026-01,North Yorkshire Police,North Yorkshire Police,-0.604263,54.476301,On or near St Peter'S Road,E01027864,Scarborough 003B,Violence and sexual offences,Under investigation,
a6af2dde230ad34274a6235fdb44bad4a59af0d52146e07829afb37f8e33fbdf,2026-01,North Yorkshire Police,North Yorkshire Police,-0.605611,54.482024,On or near Captain Cook Crescent,E01027864,Scarborough 003B,Violence and sexual offences,Unable to prosecute suspect,
b11b4a93aeb72bde1e064aed2f696234b2695e4c6eff146192b9f2edec4302f6,2026-01,North Yorkshire Police,North Yorkshire Police,-0.608923,54.479510,On or near Abbot'S Walk,E01027864,Scarborough 003B,Violence and sexual offences,Unable to prosecute suspect,
c7e3f9da8b20fccc4a5b703cde1a64d59a5217c9494ea35558c095d59df7cf4a,2026-01,North Yorkshire Police,North Yorkshire Police,-0.603664,54.474728,On or near ,E01027864,Scarborough 003B,Violence and sexual offences,Unable to prosecute suspect,
,2026-01,North Yorkshire Police,North Yorkshire Police,-0.614683,54.483980,On or near Windsor Crescent,E01027865,Scarborough 003C,Anti-social behaviour,,
,2026-01,North Yorkshire Police,North Yorkshire Police,-0.615220,54.479960,On or near Gledhill Drive,E01027865,Scarborough 003C,Anti-social behaviour,,
,2026-01,North Yorkshire Police,North Yorkshire Police,-0.613327,54.482086,On or near Parking Area,E01027865,Scarborough 003C,Anti-social behaviour,,
,2026-01,North Yorkshire Police,North Yorkshire Police,-0.610753,54.480151,On or near Spital Bridge,E01027865,Scarborough 003C,Anti-social behaviour,,
,2026-01,North Yorkshire Police,North Yorkshire Police,-0.614570,54.485270,On or near ,E01027865,Scarborough 003C,Anti-social behaviour,,
,2026-01,North Yorkshire Police,North Yorkshire Police,-0.614683,54.483980,On or near Windsor Crescent,E01027865,Scarborough 003C,Anti-social behaviour,,
,2026-01,North Yorkshire Police,North Yorkshire Police,-0.614683,54.483980,On or near Windsor Crescent,E01027865,Scarborough 003C,Anti-social behaviour,,
86def2492016ab083cdb54967c1d698c3e069fb53309e4e3f1d33635baf4243e,2026-01,North Yorkshire Police,North Yorkshire Police,-0.617376,54.483328,On or near Lyndhurst Close,E01027865,Scarborough 003C,Criminal damage and arson,Under investigation,
67773d5c21e814e4c397e2ea1af8e3874dc049372c8c0c223e427d10c9109415,2026-01,North Yorkshire Police,North Yorkshire Police,-0.605732,54.486042,On or near ,E01027865,Scarborough 003C,Criminal damage and arson,Unable to prosecute suspect,
25dcfad050c77b0a204940e45eb3cac53c431d143569f32a005590b5a9305dfb,2026-01,North Yorkshire Police,North Yorkshire Police,-0.617278,54.481196,On or near Fishburn Road,E01027865,Scarborough 003C,Other theft,Investigation complete; no suspect identified,
8fec6117cbb82763b8e01545aff443c7fce8c86658c347201bf02c4a45a21c02,2026-01,North Yorkshire Police,North Yorkshire Police,-0.618980,54.481054,On or near Waterstead Lane,E01027865,Scarborough 003C,Public order,Under investigation,
b01caafdefd7300176217debc6ff45080f96aae1a06708c52e312cc1577fcf8e,2026-01,North Yorkshire Police,North Yorkshire Police,-0.614683,54.483980,On or near Windsor Crescent,E01027865,Scarborough 003C,Shoplifting,Under investigation,
ae7529686d9ec4b00a4c40c9871f1845f4a273ee0594c79d5aeb08e29a3f7046,2026-01,North Yorkshire Police,North Yorkshire Police,-0.614683,54.483980,On or near Windsor Crescent,E01027865,Scarborough 003C,Shoplifting,Under investigation,
e23a8db90e0c652668e025526f3121545aa671bca95ae2a11baf41f82be86309,2026-01,North Yorkshire Police,North Yorkshire Police,-0.614683,54.483980,On or near Windsor Crescent,E01027865,Scarborough 003C,Shoplifting,Under investigation,
d44d9895c7cf9474d711a84c0b2dfa3e8f90f7d9c7a3514babdab078e507ccb3,2026-01,North Yorkshire Police,North Yorkshire Police,-0.614683,54.483980,On or near Windsor Crescent,E01027865,Scarborough 003C,Shoplifting,Investigation complete; no suspect identified,
bd9d69d20e046bf3f73d354cc9b473f6816239ac67e54332efe5de06c91d786d,2026-01,North Yorkshire Police,North Yorkshire Police,-0.607257,54.489018,On or near Abbey Lane,E01027865,Scarborough 003C,Vehicle crime,Unable to prosecute suspect,
e036660fdad2054d841cc288721e578f46193d044aecad35b1c0b6e371e683b6,2026-01,North Yorkshire Police,North Yorkshire Police,-0.611908,54.479787,On or near Whitehall Landing,E01027865,Scarborough 003C,Violence and sexual offences,Under investigation,
68a8c099ea2cc7ab2ff79325e0f50b6255d4e42884446cb515bd174947d77706,2026-01,North Yorkshire Police,North Yorkshire Police,-0.614570,54.485270,On or near ,E01027865,Scarborough 003C,Violence and sexual offences,Unable to prosecute suspect,
4f1800d0f19d8f46054c46263cede3b82d63d28af136ceb030c60e5cbb64d92b,2026-01,North Yorkshire Police,North Yorkshire Police,-0.614570,54.485270,On or near ,E01027865,Scarborough 003C,Violence and sexual offences,Unable to prosecute suspect,
829ef526801e7781b06a25ea3133c423425081718a199f7c0fd5bdd5184fb5ae,2026-01,North Yorkshire Police,North Yorkshire Police,-0.605732,54.486042,On or near ,E01027865,Scarborough 003C,Violence and sexual offences,Unable to prosecute suspect,
11b13a15530f006a32f99f91bf5b600169de72523c53f78a7687a5c60a5be2b1,2026-01,North Yorkshire Police,North Yorkshire Police,-0.614570,54.485270,On or near ,E01027865,Scarborough 003C,Violence and sexual offences,Unable to prosecute suspect,
6d139e8665e44d05b62d1b16d89ab60e55af09fd72be244d56e6364c9c7fd682,2026-01,North Yorkshire Police,North Yorkshire Police,-0.614570,54.485270,On or near ,E01027865,Scarborough 003C,Violence and sexual offences,Unable to prosecute suspect,
7dfb72e0996bb6122aeea2368ea0d3062f4f14b02af72b667754fb6984507416,2026-01,North Yorkshire Police,North Yorkshire Police,-0.611690,54.487272,On or near ,E01027865,Scarborough 003C,Violence and sexual offences,Unable to prosecute suspect,
1f8031f065919020a3a6290e56185b1f3b07fbb9efc15d86c49c94931eaf2650,2026-01,North Yorkshire Police,North Yorkshire Police,-0.614663,54.482523,On or near ,E01027865,Scarborough 003C,Violence and sexual offences,Under investigation,
,2026-01,North Yorkshire Police,North Yorkshire Police,-0.607547,54.476843,On or near Rohilla Close,E01027866,Scarborough 003D,Anti-social behaviour,,
,2026-01,North Yorkshire Police,North Yorkshire Police,-0.606318,54.476235,On or near Helredale Road,E01027866,Scarborough 003D,Anti-social behaviour,,
,2026-01,North Yorkshire Police,North Yorkshire Police,-0.606318,54.476235,On or near Helredale Road,E01027866,Scarborough 003D,Anti-social behaviour,,
,2026-01,North Yorkshire Police,North Yorkshire Police,-0.610624,54.477597,On or near Talbot Court,E01027866,Scarborough 003D,Anti-social behaviour,,
,2026-01,North Yorkshire Police,North Yorkshire Police,-0.600439,54.471215,On or near Supermarket,E01027866,Scarborough 003D,Anti-social behaviour,,
89ae4dc0679dcab30a798ba4a06669b5af8fe03460f3d9bbaaf78ab1e2fc4028,2026-01,North Yorkshire Police,North Yorkshire Police,-0.606318,54.476235,On or near Helredale Road,E01027866,Scarborough 003D,Criminal damage and arson,Under investigation,
60980735e52a48047d608e980d5eec5f4d8dbcadac8f5757e4b40651d52da1a0,2026-01,North Yorkshire Police,North Yorkshire Police,-0.610624,54.477597,On or near Talbot Court,E01027866,Scarborough 003D,Criminal damage and arson,Unable to prosecute suspect,
e8d3a8e6c114d68818e311e6246c1218bb3345301742dbd0ac820395b088ef52,2026-01,North Yorkshire Police,North Yorkshire Police,-0.613847,54.472655,On or near Larpool Drive,E01027866,Scarborough 003D,Drugs,Formal action is not in the public interest,
41f1d4e97f4b37cae0f1f9a3d564e66af4c0dcd5fe148d31c2f859210b4e2768,2026-01,North Yorkshire Police,North Yorkshire Police,-0.619557,54.474473,On or near Riverside Walk,E01027866,Scarborough 003D,Other theft,Under investigation,
8716bd9dd6bc5995be11f913c26ce54e5e53a0997b86b967026f261a4f4af7a2,2026-01,North Yorkshire Police,North Yorkshire Police,-0.610624,54.477597,On or near Talbot Court,E01027866,Scarborough 003D,Public order,Under investigation,
21f52bd9701961854f6eadcf3c0e9c218de9009272beb3b768ef1658aafa410f,2026-01,North Yorkshire Police,North Yorkshire Police,-0.608898,54.474342,On or near Fairmead Way,E01027866,Scarborough 003D,Violence and sexual offences,Further investigation is not in the public interest,
91827a2a0253ad3d7ef7a2bef8469b152ad8a4849d3f5ba9cc14dde249cce608,2026-01,North Yorkshire Police,North Yorkshire Police,-0.610624,54.477597,On or near Talbot Court,E01027866,Scarborough 003D,Violence and sexual offences,Unable to prosecute suspect,
4cab14f945adbcd9cac12aa0ac511c399c99b82def4785bb7c618f47b018e110,2026-01,North Yorkshire Police,North Yorkshire Police,-0.606318,54.476235,On or near Helredale Road,E01027866,Scarborough 003D,Violence and sexual offences,Unable to prosecute suspect,
bcea47546e4ccb2d90dfbbfabdc3ddc2c5f63cd92ce18300709bf775b9a00771,2026-01,North Yorkshire Police,North Yorkshire Police,-0.603719,54.471882,On or near Mount Pleasant,E01027866,Scarborough 003D,Violence and sexual offences,Under investigation,
34abf7a47fb70c7b8f9c04fe4d90df77f499d68148214b14415ea05b105d0deb,2026-01,North Yorkshire Police,North Yorkshire Police,-0.602314,54.472585,On or near ,E01027866,Scarborough 003D,Violence and sexual offences,Under investigation,
4857fdf25ea29ba174eb4ff1d0b4173af00790658738ec817f869e3dd6329ca8,2026-01,North Yorkshire Police,North Yorkshire Police,-0.600439,54.471215,On or near Supermarket,E01027866,Scarborough 003D,Violence and sexual offences,Unable to prosecute suspect,
df6f6e6d3291b4fbdb9826530916a4b6ec43ef3a17343f6d91ae0c13d15040ab,2026-01,North Yorkshire Police,North Yorkshire Police,-0.600439,54.471215,On or near Supermarket,E01027866,Scarborough 003D,Violence and sexual offences,Under investigation,
4cab14f945adbcd9cac12aa0ac511c399c99b82def4785bb7c618f47b018e110,2026-01,North Yorkshire Police,North Yorkshire Police,-0.606318,54.476235,On or near Helredale Road,E01027866,Scarborough 003D,Violence and sexual offences,Under investigation,
,2026-01,North Yorkshire Police,North Yorkshire Police,-0.659536,54.458628,On or near Beck Holme,E01027823,Scarborough 004B,Anti-social behaviour,,
2bbb3f918142cb86f7b601f8307f87d1afe5a9dc9e756a2fe648005956222bfc,2026-01,North Yorkshire Police,North Yorkshire Police,-0.660441,54.455025,On or near Birch Avenue,E01027823,Scarborough 004B,Vehicle crime,Investigation complete; no suspect identified,
56a3c3f5c5a365294ade5662d01f1c87d68968c63595fcc4c84b159529ba49a6,2026-01,North Yorkshire Police,North Yorkshire Police,-0.663948,54.452951,On or near Ingham Close,E01027823,Scarborough 004B,Violence and sexual offences,Unable to prosecute suspect,
adfdbcd16b538298bf1095e9893104bcdf28beec3cf5127de85e7407e8ceedae,2026-01,North Yorkshire Police,North Yorkshire Police,-0.443050,54.319117,On or near Scalby Road,E01027836,Scarborough 004E,Other theft,Under investigation,
aa7bcbe8c705b6a1535fb02b9f31ddc89d68c2a85309853c28b82fcadf3ae0c4,2026-01,North Yorkshire Police,North Yorkshire Police,-0.444951,54.323348,On or near Wandales Drive,E01027836,Scarborough 004E,Violence and sexual offences,Unable to prosecute suspect,
de8c1611c302c4486a62f7625d0bf16a560d8c734796457910686355d5633e41,2026-01,North Yorkshire Police,North Yorkshire Police,-0.455824,54.325770,On or near The Limes,E01027836,Scarborough 004E,Other crime,Under investigation,
,2026-01,North Yorkshire Police,North Yorkshire Police,-0.517890,54.285859,On or near Cockrah Road,E01027857,Scarborough 004F,Anti-social behaviour,,
,2026-01,North Yorkshire Police,North Yorkshire Police,-0.509539,54.369611,On or near Parking Area,E01027857,Scarborough 004F,Anti-social behaviour,,
6541c161e3146699f147193d5089dd2f14b5316e2f6faf18317ecb7b7b87da9d,2026-01,North Yorkshire Police,North Yorkshire Police,-0.448224,54.300119,On or near High Street,E01027857,Scarborough 004F,Violence and sexual offences,Unable to prosecute suspect,
88af34aed70b79346283d0b48912b38efe977b75bc9637a4155eebcbd8f868f3,2026-01,North Yorkshire Police,North Yorkshire Police,-0.564430,54.393380,On or near Blacksmith Hill,E01034973,Scarborough 004G,Vehicle crime,Investigation complete; no suspect identified,
309eeda8439de09d04f50cad3f039314772731b7d2782435b3c75397c89d0336,2026-01,North Yorkshire Police,North Yorkshire Police,-0.588909,54.462767,On or near Summerfield Lane,E01034973,Scarborough 004G,Violence and sexual offences,Unable to prosecute suspect,
431223ae03da1255d47717dab6570412078a74af0b3a808aae894ce58efe5108,2026-01,North Yorkshire Police,North Yorkshire Police,-0.534669,54.435392,On or near Mount Pleasant South,E01034973,Scarborough 004G,Violence and sexual offences,Unable to prosecute suspect,
,2026-01,North Yorkshire Police,North Yorkshire Police,-0.425834,54.292246,On or near ,E01027842,Scarborough 005A,Anti-social behaviour,,
44470ba01ecc1c89cd38de5a053617f1d625b72262e8642b3698dd58e52bd133,2026-01,North Yorkshire Police,North Yorkshire Police,-0.434281,54.295373,On or near Scalby Avenue,E01027842,Scarborough 005A,Criminal damage and arson,Under investigation,
daf88d68dc45b9542524b2436447cce058de360291c7ad6e975d352198d97208,2026-01,North Yorkshire Police,North Yorkshire Police,-0.430263,54.291528,On or near Greylands Park Avenue,E01027842,Scarborough 005A,Criminal damage and arson,Under investigation,
c9f560cf381aaa5f700c8f551987ec2d6098ad9eb398fa1b0707cf7862e3d198,2026-01,North Yorkshire Police,North Yorkshire Police,-0.430263,54.291528,On or near Greylands Park Avenue,E01027842,Scarborough 005A,Criminal damage and arson,Investigation complete; no suspect identified,
24f462f0af616487d2797e488588a529cc6b48e9d471eca1204c182f7711fa7f,2026-01,North Yorkshire Police,North Yorkshire Police,-0.425834,54.292246,On or near ,E01027842,Scarborough 005A,Other theft,Investigation complete; no suspect identified,
00943e5dd1d66271efabffeea69c909b324fad3fd75f9040802838a2ecf649d0,2026-01,North Yorkshire Police,North Yorkshire Police,-0.425834,54.292246,On or near ,E01027842,Scarborough 005A,Vehicle crime,Investigation complete; no suspect identified,
f6d40a0c54b26d7817472544480fc0854af600720757ac93243cefc0eb5de77b,2026-01,North Yorkshire Police,North Yorkshire Police,-0.427275,54.292540,On or near Heathcliff Gardens,E01027842,Scarborough 005A,Violence and sexual offences,Awaiting court outcome,
439b817b88d551a8179e22b9b7fcffcecc4329b13d8c3f304b2b77a823b663c0,2026-01,North Yorkshire Police,North Yorkshire Police,-0.426044,54.293378,On or near Endcliff Crescent,E01027842,Scarborough 005A,Other crime,Under investigation,
cf6b1f48093822e93625e025175ce0a1cecf14891dd15484023fdf7729867be5,2026-01,North Yorkshire Police,North Yorkshire Police,-0.439899,54.291868,On or near The Green,E01027843,Scarborough 005B,Violence and sexual offences,Under investigation,
cf6b1f48093822e93625e025175ce0a1cecf14891dd15484023fdf7729867be5,2026-01,North Yorkshire Police,North Yorkshire Police,-0.439899,54.291868,On or near The Green,E01027843,Scarborough 005B,Violence and sexual offences,Under investigation,
2ee05af6fe406f37fed7e994aa48df4b1929d3246471af888e1d236351c6b823,2026-01,North Yorkshire Police,North Yorkshire Police,-0.439328,54.289902,On or near The Meadows,E01027843,Scarborough 005B,Violence and sexual offences,Under investigation,
105a82783d825336326b25e3e51b5a247919b05a41c7d37a5fa80b425d24d601,2026-01,North Yorkshire Police,North Yorkshire Police,-0.437888,54.294683,On or near Fairfield Crescent,E01027843,Scarborough 005B,Violence and sexual offences,Unable to prosecute suspect,
3b6188f87f39bcd8526b69435ff54e46987f4981c9315bd1bd7b414090d18a58,2026-01,North Yorkshire Police,North Yorkshire Police,-0.439328,54.289902,On or near The Meadows,E01027843,Scarborough 005B,Other crime,Under investigation,
0a67eefb63c5854f0e3863da07d0c803f59d28aba9f16e87545a6ca18edbee75,2026-01,North Yorkshire Police,North Yorkshire Police,-0.450713,54.290318,On or near Red Scar Lane,E01027844,Scarborough 005C,Violence and sexual offences,Under investigation,
c6cd384b86a20bed0fbd75a0bc4f4e8f868382f03623eba545b52dc6f5ff5ef9,2026-01,North Yorkshire Police,North Yorkshire Police,-0.450713,54.290318,On or near Red Scar Lane,E01027844,Scarborough 005C,Violence and sexual offences,Unable to prosecute suspect,
eacf932bec04378b368499b2b350ba026b4c7e58bb7d77b3bbc6b75c0e0bd09f,2026-01,North Yorkshire Police,North Yorkshire Police,-0.450713,54.290318,On or near Red Scar Lane,E01027844,Scarborough 005C,Violence and sexual offences,Unable to prosecute suspect,
a6efd6027bd9c0f1e39bd054f4512843110eb1633decf8620ee336127e971d67,2026-01,North Yorkshire Police,North Yorkshire Police,-0.440984,54.285911,On or near ,E01027844,Scarborough 005C,Other crime,Under investigation,
,2026-01,North Yorkshire Police,North Yorkshire Police,-0.423990,54.294070,On or near Woodville Avenue,E01027845,Scarborough 005D,Anti-social behaviour,,
02083cd29ed4dadba946e6181415437ee22150c8fe6b19d10e95bb400a34b853,2026-01,North Yorkshire Police,North Yorkshire Police,-0.422671,54.293595,On or near Supermarket,E01027845,Scarborough 005D,Public order,Awaiting court outcome,
b67e67c56c03ccc67b1bff5e0260302d3d642fc7c1f855d19442ba3439f62b62,2026-01,North Yorkshire Police,North Yorkshire Police,-0.422671,54.293595,On or near Supermarket,E01027845,Scarborough 005D,Public order,Awaiting court outcome,
0703211dd6fd1419ce2bd002f9f740d5179cae5df2919579b72a18c28420a1a1,2026-01,North Yorkshire Police,North Yorkshire Police,-0.422671,54.293595,On or near Supermarket,E01027845,Scarborough 005D,Public order,Awaiting court outcome,
dc94c651b2a42ebe4c2ea4352210549b94392e529410b54f6a5f0fb48d05e15f,2026-01,North Yorkshire Police,North Yorkshire Police,-0.422671,54.293595,On or near Supermarket,E01027845,Scarborough 005D,Public order,Awaiting court outcome,
6f9de7cf5f7c2a4860da63be09c7fc78006193b08ebcc2095051f48379d03fa3,2026-01,North Yorkshire Police,North Yorkshire Police,-0.422671,54.293595,On or near Supermarket,E01027845,Scarborough 005D,Shoplifting,Awaiting court outcome,
d6b82ab246bdc99672ebbcf76fc2d81ca63ed211e8ee2870d1009ee6baf23043,2026-01,North Yorkshire Police,North Yorkshire Police,-0.422671,54.293595,On or near Supermarket,E01027845,Scarborough 005D,Shoplifting,Awaiting court outcome,
73042e03e6d2b7157305579928b3d4fa8bbdd8283d8fcbff8392465140d32ad6,2026-01,North Yorkshire Police,North Yorkshire Police,-0.422671,54.293595,On or near Supermarket,E01027845,Scarborough 005D,Shoplifting,Under investigation,
04071f2f75c273545d437eb516aa3a5ad9b6465ed1c0d9404e78fe40e1fcdf98,2026-01,North Yorkshire Police,North Yorkshire Police,-0.422671,54.293595,On or near Supermarket,E01027845,Scarborough 005D,Shoplifting,Awaiting court outcome,
530d0e8f3bfa03b9343aa880573b47abe02afd5fffca28da2de62ed2a3764d53,2026-01,North Yorkshire Police,North Yorkshire Police,-0.425077,54.296404,On or near Hospital,E01027845,Scarborough 005D,Violence and sexual offences,Unable to prosecute suspect,
6dbe2cea0d15a33bbec21e5b00535208ba987c5348ce40b932cd3d552111a724,2026-01,North Yorkshire Police,North Yorkshire Police,-0.425077,54.296404,On or near Hospital,E01027845,Scarborough 005D,Violence and sexual offences,Under investigation,
f3f7003e1574e870bf902c8a26fd035fab15bea782949c713872b64cd95fef89,2026-01,North Yorkshire Police,North Yorkshire Police,-0.425077,54.296404,On or near Hospital,E01027845,Scarborough 005D,Violence and sexual offences,Unable to prosecute suspect,
2f64d372db47af2a868ea33bf7c1e80d854208b72ecb5876b23a4ca5f03f52a9,2026-01,North Yorkshire Police,North Yorkshire Police,-0.429499,54.302313,On or near Snapdragon Lane,E01027855,Scarborough 005E,Criminal damage and arson,Investigation complete; no suspect identified,
1ce1b770982766df7715878fa1f907ba5d94f636a469badf6fe6a1abe3ef8e34,2026-01,North Yorkshire Police,North Yorkshire Police,-0.440116,54.295089,On or near Petrol Station,E01027855,Scarborough 005E,Other theft,Unable to prosecute suspect,
bc6f8cc3b8fc8d3e44a8b156633e2bae9d0432b2a33d5a7cd8266064d6a2e247,2026-01,North Yorkshire Police,North Yorkshire Police,-0.440116,54.295089,On or near Petrol Station,E01027855,Scarborough 005E,Violence and sexual offences,Awaiting court outcome,
22a5b691f904a7f66f783a6425f541c8796ffe989bda26959a83d78b44c8184b,2026-01,North Yorkshire Police,North Yorkshire Police,-0.440116,54.295089,On or near Petrol Station,E01027855,Scarborough 005E,Violence and sexual offences,Local resolution,
34a3ae3eb6558933475c2bb9ef93ce0374bc96974bd33fdd8ba7c0e498c0829e,2026-01,North Yorkshire Police,North Yorkshire Police,-0.439959,54.295581,On or near Keld Close,E01027856,Scarborough 005F,Violence and sexual offences,Under investigation,
eabca15c06a5ebdbe230a7e392959c889b99602162b2286f8e4b05442fc392a5,2026-01,North Yorkshire Police,North Yorkshire Police,-0.440925,54.297652,On or near Danes Dyke,E01027856,Scarborough 005F,Violence and sexual offences,Awaiting court outcome,
34a3ae3eb6558933475c2bb9ef93ce0374bc96974bd33fdd8ba7c0e498c0829e,2026-01,North Yorkshire Police,North Yorkshire Police,-0.439959,54.295581,On or near Keld Close,E01027856,Scarborough 005F,Violence and sexual offences,Under investigation,
,2026-01,North Yorkshire Police,North Yorkshire Police,-0.393911,54.284811,On or near Cook'S Row,E01027805,Scarborough 006A,Anti-social behaviour,,
,2026-01,North Yorkshire Police,North Yorkshire Police,-0.397518,54.286477,On or near Blenheim Street,E01027805,Scarborough 006A,Anti-social behaviour,,
,2026-01,North Yorkshire Police,North Yorkshire Police,-0.397518,54.286477,On or near Blenheim Street,E01027805,Scarborough 006A,Anti-social behaviour,,
,2026-01,North Yorkshire Police,North Yorkshire Police,-0.395826,54.285717,On or near Garibaldi Street,E01027805,Scarborough 006A,Anti-social behaviour,,
,2026-01,North Yorkshire Police,North Yorkshire Police,-0.392101,54.286315,On or near Paradise Mews,E01027805,Scarborough 006A,Anti-social behaviour,,
,2026-01,North Yorkshire Police,North Yorkshire Police,-0.395787,54.285951,On or near St Mary'S Walk,E01027805,Scarborough 006A,Anti-social behaviour,,
,2026-01,North Yorkshire Police,North Yorkshire Police,-0.397518,54.286477,On or near Blenheim Street,E01027805,Scarborough 006A,Anti-social behaviour,,
,2026-01,North Yorkshire Police,North Yorkshire Police,-0.391299,54.285990,On or near Graham Close,E01027805,Scarborough 006A,Anti-social behaviour,,
f3858ef8bed5775e8a90578bfefcf0a35d5070c9c7269c985438d87e6328c8b8,2026-01,North Yorkshire Police,North Yorkshire Police,-0.395787,54.285951,On or near St Mary'S Walk,E01027805,Scarborough 006A,Public order,Unable to prosecute suspect,
a67d83c8733506e2d5f10183fb3986d822a05b10500509fbb44d6e08fb1299a9,2026-01,North Yorkshire Police,North Yorkshire Police,-0.398608,54.286087,On or near Castle Road,E01027805,Scarborough 006A,Public order,Investigation complete; no suspect identified,
659e141d263bdccf7331df6bc9da450899fc0ce7e0b581b81bb5e1ad77303811,2026-01,North Yorkshire Police,North Yorkshire Police,-0.397288,54.283688,On or near Market Street,E01027805,Scarborough 006A,Public order,Under investigation,
489fb57490ded8c0e9519925555b14debb9fa426f861f96a5fa66c53c5228c3b,2026-01,North Yorkshire Police,North Yorkshire Police,-0.391299,54.285990,On or near Graham Close,E01027805,Scarborough 006A,Robbery,Unable to prosecute suspect,
ed5dea5cd5f79477c18234d40aac3c7293d91adb227a1b8571d4df2dfbb88186,2026-01,North Yorkshire Police,North Yorkshire Police,-0.393911,54.284811,On or near Cook'S Row,E01027805,Scarborough 006A,Violence and sexual offences,Unable to prosecute suspect,
97b86c47edbb89e6ae3ac47c80f9c74a1508a4bd6d481fd418f516d0da806e8a,2026-01,North Yorkshire Police,North Yorkshire Police,-0.395462,54.284041,On or near Globe Street,E01027805,Scarborough 006A,Violence and sexual offences,Unable to prosecute suspect,
45238b82374ee86f468acdf803db5308571ddfd05221c40017014d8235a3c776,2026-01,North Yorkshire Police,North Yorkshire Police,-0.390360,54.284854,On or near Burr Bank,E01027805,Scarborough 006A,Violence and sexual offences,Unable to prosecute suspect,
c0370f635fa10745d86d4be34579df871fac9b40ce667361fba6e3ef4fc0e62a,2026-01,North Yorkshire Police,North Yorkshire Police,-0.395787,54.285951,On or near St Mary'S Walk,E01027805,Scarborough 006A,Violence and sexual offences,Under investigation,
a346ce123067d63673acdc972deecccb4473b4e5b51e32a6b5a3bb401c36fb00,2026-01,North Yorkshire Police,North Yorkshire Police,-0.398339,54.285490,On or near Auborough Street,E01027805,Scarborough 006A,Violence and sexual offences,Under investigation,
a4ae65e83c9d1f5c1b2855f6847a73246fef3272d06aacc61377d66467ae9435,2026-01,North Yorkshire Police,North Yorkshire Police,-0.394377,54.285851,On or near Church Street,E01027805,Scarborough 006A,Violence and sexual offences,Under investigation,
7cf7fad2490bf8b467fcbec0211a10a60875977f2edda3ca57510f31e79c00d7,2026-01,North Yorkshire Police,North Yorkshire Police,-0.395787,54.285951,On or near St Mary'S Walk,E01027805,Scarborough 006A,Violence and sexual offences,Unable to prosecute suspect,
b98256e136c03098444767c9dd0cf3ee5274bdb204d392a02632310360e81105,2026-01,North Yorkshire Police,North Yorkshire Police,-0.395462,54.284041,On or near Globe Street,E01027805,Scarborough 006A,Violence and sexual offences,Unable to prosecute suspect,
8660dacef73db0c23d72fda8756d0d37dfca2a189996e3cbca04b2bbc640ce5d,2026-01,North Yorkshire Police,North Yorkshire Police,-0.392967,54.286947,On or near Mulgrave Place,E01027805,Scarborough 006A,Other crime,Under investigation,
,2026-01,North Yorkshire Police,North Yorkshire Police,-0.397827,54.283650,On or near Shopping Area,E01027806,Scarborough 006B,Anti-social behaviour,,
,2026-01,North Yorkshire Police,North Yorkshire Police,-0.402884,54.281982,On or near Aberdeen Place,E01027806,Scarborough 006B,Anti-social behaviour,,
,2026-01,North Yorkshire Police,North Yorkshire Police,-0.401385,54.282609,On or near Parking Area,E01027806,Scarborough 006B,Anti-social behaviour,,
,2026-01,North Yorkshire Police,North Yorkshire Police,-0.400290,54.284303,On or near Elder'S Street,E01027806,Scarborough 006B,Anti-social behaviour,,
,2026-01,North Yorkshire Police,North Yorkshire Police,-0.403382,54.284200,On or near B1364,E01027806,Scarborough 006B,Anti-social behaviour,,
,2026-01,North Yorkshire Police,North Yorkshire Police,-0.401385,54.282609,On or near Parking Area,E01027806,Scarborough 006B,Anti-social behaviour,,
,2026-01,North Yorkshire Police,North Yorkshire Police,-0.402884,54.281982,On or near Aberdeen Place,E01027806,Scarborough 006B,Anti-social behaviour,,
,2026-01,North Yorkshire Police,North Yorkshire Police,-0.403118,54.282695,On or near Aberdeen Walk,E01027806,Scarborough 006B,Anti-social behaviour,,
,2026-01,North Yorkshire Police,North Yorkshire Police,-0.401385,54.282609,On or near Parking Area,E01027806,Scarborough 006B,Anti-social behaviour,,
,2026-01,North Yorkshire Police,North Yorkshire Police,-0.401385,54.282609,On or near Parking Area,E01027806,Scarborough 006B,Anti-social behaviour,,
,2026-01,North Yorkshire Police,North Yorkshire Police,-0.398718,54.284830,On or near Friar'S Way,E01027806,Scarborough 006B,Anti-social behaviour,,
,2026-01,North Yorkshire Police,North Yorkshire Police,-0.398951,54.282793,On or near Newborough,E01027806,Scarborough 006B,Anti-social behaviour,,
,2026-01,North Yorkshire Police,North Yorkshire Police,-0.397566,54.283161,On or near ,E01027806,Scarborough 006B,Anti-social behaviour,,
,2026-01,North Yorkshire Police,North Yorkshire Police,-0.398951,54.282793,On or near Newborough,E01027806,Scarborough 006B,Anti-social behaviour,,
,2026-01,North Yorkshire Police,North Yorkshire Police,-0.400408,54.284044,On or near St Thomas Street,E01027806,Scarborough 006B,Anti-social behaviour,,
,2026-01,North Yorkshire Police,North Yorkshire Police,-0.396292,54.281822,On or near ,E01027806,Scarborough 006B,Anti-social behaviour,,
,2026-01,North Yorkshire Police,North Yorkshire Police,-0.396292,54.281822,On or near ,E01027806,Scarborough 006B,Anti-social behaviour,,
,2026-01,North Yorkshire Police,North Yorkshire Police,-0.403382,54.284200,On or near B1364,E01027806,Scarborough 006B,Anti-social behaviour,,
,2026-01,North Yorkshire Police,North Yorkshire Police,-0.400290,54.284303,On or near Elder'S Street,E01027806,Scarborough 006B,Anti-social behaviour,,
,2026-01,North Yorkshire Police,North Yorkshire Police,-0.403941,54.283254,On or near Union Street,E01027806,Scarborough 006B,Anti-social behaviour,,
,2026-01,North Yorkshire Police,North Yorkshire Police,-0.400275,54.285093,On or near Maria'S Court,E01027806,Scarborough 006B,Anti-social behaviour,,
,2026-01,North Yorkshire Police,North Yorkshire Police,-0.398718,54.284830,On or near Friar'S Way,E01027806,Scarborough 006B,Anti-social behaviour,,
,2026-01,North Yorkshire Police,North Yorkshire Police,-0.398718,54.284830,On or near Friar'S Way,E01027806,Scarborough 006B,Anti-social behaviour,,
,2026-01,North Yorkshire Police,North Yorkshire Police,-0.398718,54.284830,On or near Friar'S Way,E01027806,Scarborough 006B,Anti-social behaviour,,
,2026-01,North Yorkshire Police,North Yorkshire Police,-0.403382,54.284200,On or near B1364,E01027806,Scarborough 006B,Anti-social behaviour,,
,2026-01,North Yorkshire Police,North Yorkshire Police,-0.398762,54.282107,On or near St Nicholas Street,E01027806,Scarborough 006B,Anti-social behaviour,,
,2026-01,North Yorkshire Police,North Yorkshire Police,-0.400408,54.284044,On or near St Thomas Street,E01027806,Scarborough 006B,Anti-social behaviour,,
5484b1ba34fcd1361a355d2640f42f397d430b811f94ab877ee7828b795515f5,2026-01,North Yorkshire Police,North Yorkshire Police,-0.400156,54.281416,On or near Huntriss Row,E01027806,Scarborough 006B,Burglary,Under investigation,
70479259e34d7f347309a387f026611f527e615cb40a11d50171db3383bc3936,2026-01,North Yorkshire Police,North Yorkshire Police,-0.398718,54.284830,On or near Friar'S Way,E01027806,Scarborough 006B,Burglary,Under investigation,
5da60264bce71340b4805cdbab64d63cb096f79c1113f1b052df290e845704f5,2026-01,North Yorkshire Police,North Yorkshire Police,-0.399006,54.285742,On or near Parking Area,E01027806,Scarborough 006B,Criminal damage and arson,Unable to prosecute suspect,
600696760b4a14adba3226149bd30518c61bd63668563c60e8a6fd387461f4dc,2026-01,North Yorkshire Police,North Yorkshire Police,-0.393201,54.283667,On or near ,E01027806,Scarborough 006B,Criminal damage and arson,Unable to prosecute suspect,
5601af3c9c8dfbd2944f8ac247736d77580dd582a405f7b6800cf18ac83bdd39,2026-01,North Yorkshire Police,North Yorkshire Police,-0.393201,54.283667,On or near ,E01027806,Scarborough 006B,Criminal damage and arson,Under investigation,
f238bfeec4e04bb8eaef81e8e9e1a3bc32b62b5cacb5aa6f1ff91a3ef42cc8a3,2026-01,North Yorkshire Police,North Yorkshire Police,-0.396548,54.282968,On or near Prospect Place,E01027806,Scarborough 006B,Criminal damage and arson,Under investigation,
3b75d0414a881caea0dc5a14f1eb9a2b2a5946eaee5bbccf599052dc4644ca50,2026-01,North Yorkshire Police,North Yorkshire Police,-0.398718,54.284830,On or near Friar'S Way,E01027806,Scarborough 006B,Criminal damage and arson,Awaiting court outcome,
b582d23da727dd04db177c913d1d4820b9dc3da2946ba0c38c5e901f3fa23972,2026-01,North Yorkshire Police,North Yorkshire Police,-0.397827,54.283650,On or near Shopping Area,E01027806,Scarborough 006B,Drugs,Under investigation,
a04ffbacd53ae832142b79cf228674d9e3e2c4ad3afec11127cfc76cbe723302,2026-01,North Yorkshire Police,North Yorkshire Police,-0.399265,54.281440,On or near London Inn Yard,E01027806,Scarborough 006B,Drugs,Local resolution,
cad18c761f3fb7f47f6b21964821447fbe80c94f542e7eeff293b13d227639fd,2026-01,North Yorkshire Police,North Yorkshire Police,-0.398718,54.284830,On or near Friar'S Way,E01027806,Scarborough 006B,Drugs,Awaiting court outcome,
db575a72eb623952380bc2ecf4d3444aaaad4a5eccf35de6e1fddefdfd5b4dd4,2026-01,North Yorkshire Police,North Yorkshire Police,-0.394524,54.283660,On or near Eastborough,E01027806,Scarborough 006B,Drugs,Awaiting court outcome,
fb655b0bf6857c3a23162af9e04dfd9cf88b47de03442e0127aa315374e245f4,2026-01,North Yorkshire Police,North Yorkshire Police,-0.398718,54.284830,On or near Friar'S Way,E01027806,Scarborough 006B,Drugs,Awaiting court outcome,
aae135b56b0357f1469c09834428d75e45494bf04154667f902355598b34d1e5,2026-01,North Yorkshire Police,North Yorkshire Police,-0.397556,54.284302,On or near Cross Street,E01027806,Scarborough 006B,Other theft,Under investigation,
efb5fb8335ffddc249df5a085610cf73bf77c838b1487d79ddfd61eaa1e1f56c,2026-01,North Yorkshire Police,North Yorkshire Police,-0.399065,54.283424,On or near Parking Area,E01027806,Scarborough 006B,Other theft,Under investigation,
38690fbb57cb5854c488cef4c2352d6c17af30b90ba0efe8f4d3a4ca862ed611,2026-01,North Yorkshire Police,North Yorkshire Police,-0.399065,54.283424,On or near Parking Area,E01027806,Scarborough 006B,Other theft,Investigation complete; no suspect identified,
a1f4b7072c17c3c805f233e39f675715c81643c2f475d504c32199e08acf2a7f,2026-01,North Yorkshire Police,North Yorkshire Police,-0.402884,54.281982,On or near Aberdeen Place,E01027806,Scarborough 006B,Other theft,Unable to prosecute suspect,
de3cc5aaacb2649ea32c32ccdaa22efec60afa3aa27221fb7121a0e4cc038dbf,2026-01,North Yorkshire Police,North Yorkshire Police,-0.398538,54.282356,On or near Nightclub,E01027806,Scarborough 006B,Possession of weapons,Formal action is not in the public interest,
2756bb89e85a2ec2008815e17c56b28862f3a8253e07cdd7bdafa43a8eb9ba7d,2026-01,North Yorkshire Police,North Yorkshire Police,-0.399073,54.285194,On or near Friar'S Gardens,E01027806,Scarborough 006B,Possession of weapons,Awaiting court outcome,
a9c427ec99bb268b42a99e855f2a9e0de142cab5dddbbbc9814ce1b5fbc2a2ed,2026-01,North Yorkshire Police,North Yorkshire Police,-0.399006,54.285742,On or near Parking Area,E01027806,Scarborough 006B,Public order,Unable to prosecute suspect,
e499daf788c0899d5fecbb7f120b7de1fb7168c383e4a43ff777158d75050596,2026-01,North Yorkshire Police,North Yorkshire Police,-0.403118,54.282695,On or near Aberdeen Walk,E01027806,Scarborough 006B,Public order,Unable to prosecute suspect,
7db4dd0b33aacbf8b20e8d78e75517524ff7f490575264b406999449adebfd92,2026-01,North Yorkshire Police,North Yorkshire Police,-0.400408,54.284044,On or near St Thomas Street,E01027806,Scarborough 006B,Public order,Unable to prosecute suspect,
778dfa0bd9145386399a5bb500ac36dabfedf8e359e797e23757f57c69317725,2026-01,North Yorkshire Police,North Yorkshire Police,-0.399073,54.285194,On or near Friar'S Gardens,E01027806,Scarborough 006B,Public order,Awaiting court outcome,
923ac116a83ee2f69ff7054cb53d6778084c26b4998a4c5d80aaa01f59409e9e,2026-01,North Yorkshire Police,North Yorkshire Police,-0.398538,54.282356,On or near Nightclub,E01027806,Scarborough 006B,Public order,Under investigation,
1510e51214aef88d2275990594f7bb21f6a70537e4147ab120ff495d34cf405b,2026-01,North Yorkshire Police,North Yorkshire Police,-0.403382,54.284200,On or near B1364,E01027806,Scarborough 006B,Robbery,Unable to prosecute suspect,
641644c8a33e10e9101e665b83c1a0504b7cef2b3ccff04a04187e4925d958a1,2026-01,North Yorkshire Police,North Yorkshire Police,-0.400156,54.281416,On or near Huntriss Row,E01027806,Scarborough 006B,Shoplifting,Investigation complete; no suspect identified,
cdc83c1c2d99885677425c8aa36b2b7775bf53e68e11eb403939fce9bb69f8fd,2026-01,North Yorkshire Police,North Yorkshire Police,-0.401385,54.282609,On or near Parking Area,E01027806,Scarborough 006B,Shoplifting,Investigation complete; no suspect identified,
0cbee68e7b6688e8e2f00c78dcfc8617eb7d0f73f6e7bfed8048c2a1ec9f3d09,2026-01,North Yorkshire Police,North Yorkshire Police,-0.402884,54.281982,On or near Aberdeen Place,E01027806,Scarborough 006B,Shoplifting,Investigation complete; no suspect identified,
4a390f8c4ea6f36d9c87ac8446c6cfcece76ffb15a586c273476fdad0e7507fb,2026-01,North Yorkshire Police,North Yorkshire Police,-0.401385,54.282609,On or near Parking Area,E01027806,Scarborough 006B,Shoplifting,Investigation complete; no suspect identified,
46b6578a5a5e9ec8a731b426fc48d4be5023734d30821902d97ba0f1649bbb5c,2026-01,North Yorkshire Police,North Yorkshire Police,-0.397827,54.283650,On or near Shopping Area,E01027806,Scarborough 006B,Shoplifting,Unable to prosecute suspect,
d5972551ce31467015495fac12425e2f4b08d0fe70ef4e8a6ca17991de7f3e42,2026-01,North Yorkshire Police,North Yorkshire Police,-0.402884,54.281982,On or near Aberdeen Place,E01027806,Scarborough 006B,Shoplifting,Under investigation,
4b6c43b2f362d9f433efba49e6705e3b9854b9e5a161ab40a84bed366e889bbb,2026-01,North Yorkshire Police,North Yorkshire Police,-0.399707,54.282317,On or near Shopping Area,E01027806,Scarborough 006B,Shoplifting,Under investigation,
8e1c524d13288dcaa37ff437fb41e090b79d40889220c137ef0a065284ca1488,2026-01,North Yorkshire Police,North Yorkshire Police,-0.401385,54.282609,On or near Parking Area,E01027806,Scarborough 006B,Shoplifting,Local resolution,
ecba8e796619ac3d51189983b40b1da4c5cd11a11aca1233443f774b6bbe1e36,2026-01,North Yorkshire Police,North Yorkshire Police,-0.400156,54.281416,On or near Huntriss Row,E01027806,Scarborough 006B,Shoplifting,Awaiting court outcome,
76bba7035cae0be83b554b4ea85ad399cb291c1dcaa42fae20751010ebdabb04,2026-01,North Yorkshire Police,North Yorkshire Police,-0.399707,54.282317,On or near Shopping Area,E01027806,Scarborough 006B,Shoplifting,Under investigation,
150d59a4ca49ffe3f9b4b12665597e83900c9f15103499537a76d10c0223633a,2026-01,North Yorkshire Police,North Yorkshire Police,-0.403026,54.283863,On or near Bedford Street,E01027806,Scarborough 006B,Shoplifting,Awaiting court outcome,
b82023cd08aad2257d80008fac8f62d753391dd227e68da1440540da6dd24518,2026-01,North Yorkshire Police,North Yorkshire Police,-0.398951,54.282793,On or near Newborough,E01027806,Scarborough 006B,Shoplifting,Investigation complete; no suspect identified,
4aa41cb0e9b349d21b823d948ae432ae6af516597fd26ad321bd6ac8cc317c46,2026-01,North Yorkshire Police,North Yorkshire Police,-0.401385,54.282609,On or near Parking Area,E01027806,Scarborough 006B,Shoplifting,Investigation complete; no suspect identified,
0e822baa658cd1f498cba4e541999d00a545037b24b90deba0dfa4b3d9788f8c,2026-01,North Yorkshire Police,North Yorkshire Police,-0.401385,54.282609,On or near Parking Area,E01027806,Scarborough 006B,Shoplifting,Awaiting court outcome,
97229a0f35c39a4bb8bd64330f39a4a0b35be0700a293d2f8dfaa66613c63c64,2026-01,North Yorkshire Police,North Yorkshire Police,-0.401385,54.282609,On or near Parking Area,E01027806,Scarborough 006B,Shoplifting,Under investigation,
3ef36fe326513a927ecc726321572bec36bff595e4083283399a6488962603b1,2026-01,North Yorkshire Police,North Yorkshire Police,-0.401385,54.282609,On or near Parking Area,E01027806,Scarborough 006B,Shoplifting,Unable to prosecute suspect,
172f803138107033f35fc9c64c49b09d69585d050c196c18536846cebd6b1f88,2026-01,North Yorkshire Police,North Yorkshire Police,-0.399707,54.282317,On or near Shopping Area,E01027806,Scarborough 006B,Shoplifting,Awaiting court outcome,
95e8199b1b246930a5c9c7e261b84290077aa28c5ac75a5f9402b6ba4de78bf6,2026-01,North Yorkshire Police,North Yorkshire Police,-0.401385,54.282609,On or near Parking Area,E01027806,Scarborough 006B,Shoplifting,Investigation complete; no suspect identified,
b077070733a7db152432d3b2f1e1bfb4f9d7d5077f8fe9725492a957885f0451,2026-01,North Yorkshire Police,North Yorkshire Police,-0.401873,54.281782,On or near ,E01027806,Scarborough 006B,Shoplifting,Investigation complete; no suspect identified,
ec1b299bd7a0055fff3d4f88782dff69e04361ea09303518f827c540ae70d748,2026-01,North Yorkshire Police,North Yorkshire Police,-0.400156,54.281416,On or near Huntriss Row,E01027806,Scarborough 006B,Shoplifting,Further investigation is not in the public interest,
f389c613928e06aa839eaace32f95c1bd1ef22fadc0f0d669883091ad50b5292,2026-01,North Yorkshire Police,North Yorkshire Police,-0.399707,54.282317,On or near Shopping Area,E01027806,Scarborough 006B,Shoplifting,Local resolution,
6e73c1c2e1da554896c7510c74c85a43fdc4c16ff4fc1f9b42a1eac29ed5fc2c,2026-01,North Yorkshire Police,North Yorkshire Police,-0.397827,54.283650,On or near Shopping Area,E01027806,Scarborough 006B,Shoplifting,Investigation complete; no suspect identified,
e404c73a3686848d9906629b3c0d2a623251b2bc73a15ed1784b75cea55555c1,2026-01,North Yorkshire Police,North Yorkshire Police,-0.397827,54.283650,On or near Shopping Area,E01027806,Scarborough 006B,Shoplifting,Investigation complete; no suspect identified,
e905a3e02beb603b0744ae571a172f3e4d25d7453138a93e4460d1867e427c4d,2026-01,North Yorkshire Police,North Yorkshire Police,-0.401385,54.282609,On or near Parking Area,E01027806,Scarborough 006B,Shoplifting,Investigation complete; no suspect identified,
726ca9b4df9520efb16914529dc60415e593dd0b494067bb91c730cb99a5757e,2026-01,North Yorkshire Police,North Yorkshire Police,-0.399707,54.282317,On or near Shopping Area,E01027806,Scarborough 006B,Shoplifting,Local resolution,
e1e1ac250413cab795f7366fe88750f51a447f50015259933c776dac389a1328,2026-01,North Yorkshire Police,North Yorkshire Police,-0.400156,54.281416,On or near Huntriss Row,E01027806,Scarborough 006B,Shoplifting,Investigation complete; no suspect identified,
6d9873f809ffa24eb0182a19e8bbd8abfdffc2335ddc4876f48489b3ff0efe97,2026-01,North Yorkshire Police,North Yorkshire Police,-0.402884,54.281982,On or near Aberdeen Place,E01027806,Scarborough 006B,Shoplifting,Suspect charged as part of another case,
a8b6aaa46b6dffb328c0cc94426bfce057bd9f377ac27e8cb5184bb5731a6205,2026-01,North Yorkshire Police,North Yorkshire Police,-0.401385,54.282609,On or near Parking Area,E01027806,Scarborough 006B,Shoplifting,Investigation complete; no suspect identified,
fc07cb3a1b6708e15276242e952de45048e7220a562fb2680a8ae25ea02f45cf,2026-01,North Yorkshire Police,North Yorkshire Police,-0.402884,54.281982,On or near Aberdeen Place,E01027806,Scarborough 006B,Shoplifting,Local resolution,
7f90454ed9d28986537102303756b6633a441ee3c0820026717eb1c41be7f277,2026-01,North Yorkshire Police,North Yorkshire Police,-0.400615,54.282662,On or near Waterhouse Lane,E01027806,Scarborough 006B,Shoplifting,Investigation complete; no suspect identified,
4444136c635eee9e6519601ff2061aa3ca7328a6040b5c2f2bfcb58ae3f0da78,2026-01,North Yorkshire Police,North Yorkshire Police,-0.401385,54.282609,On or near Parking Area,E01027806,Scarborough 006B,Shoplifting,Awaiting court outcome,
6573ac0128d9edf4f3c259db4957bfd8c42e72ffd102e4fa638d6936f81c453a,2026-01,North Yorkshire Police,North Yorkshire Police,-0.400615,54.282662,On or near Waterhouse Lane,E01027806,Scarborough 006B,Shoplifting,Awaiting court outcome,
c4ca925b4fa8fa9280dda23de3d02a37a14e012d37a9f21d84f0e67edfc9fd09,2026-01,North Yorkshire Police,North Yorkshire Police,-0.401385,54.282609,On or near Parking Area,E01027806,Scarborough 006B,Shoplifting,Investigation complete; no suspect identified,
94e2ccb2bd18b49662abfceeb5ebf846fc9c277e44a3f666d300248b6e05ff8e,2026-01,North Yorkshire Police,North Yorkshire Police,-0.400615,54.282662,On or near Waterhouse Lane,E01027806,Scarborough 006B,Shoplifting,Local resolution,
a9edd1eb9cb78220a67b48307552d6610de6e4d05fad0c78975686597ccc9293,2026-01,North Yorkshire Police,North Yorkshire Police,-0.400615,54.282662,On or near Waterhouse Lane,E01027806,Scarborough 006B,Shoplifting,Investigation complete; no suspect identified,
816f11b49da91b80d991043e259be3b02a789074ab0f18e91eb96f6965459885,2026-01,North Yorkshire Police,North Yorkshire Police,-0.401385,54.282609,On or near Parking Area,E01027806,Scarborough 006B,Shoplifting,Investigation complete; no suspect identified,
297161c1fbaaf4acc9aed2137a25a6338327c942bef83fbfa46d17c525fc92c7,2026-01,North Yorkshire Police,North Yorkshire Police,-0.400156,54.281416,On or near Huntriss Row,E01027806,Scarborough 006B,Shoplifting,Investigation complete; no suspect identified,
10cad7626923c4742770523de01b49a90917dde77f8fedeeb658bff5757ad4aa,2026-01,North Yorkshire Police,North Yorkshire Police,-0.399707,54.282317,On or near Shopping Area,E01027806,Scarborough 006B,Shoplifting,Under investigation,
c914fb2fb107bc9bb7063c5be34c71570aa901605e2c0edfcc952dd36c1506aa,2026-01,North Yorkshire Police,North Yorkshire Police,-0.402884,54.281982,On or near Aberdeen Place,E01027806,Scarborough 006B,Shoplifting,Awaiting court outcome,
3ae01662211d352742637f568d5c6bab268959ad2874d597e36f36df796080ec,2026-01,North Yorkshire Police,North Yorkshire Police,-0.401385,54.282609,On or near Parking Area,E01027806,Scarborough 006B,Shoplifting,Local resolution,
9b1b58d78c7f7a65d090ebada057ac46e8b0f7e0c3c574836aa8dfe589abab25,2026-01,North Yorkshire Police,North Yorkshire Police,-0.397827,54.283650,On or near Shopping Area,E01027806,Scarborough 006B,Shoplifting,Investigation complete; no suspect identified,
0239a556cd29bb8c2f5e54aaad45cbf936258f4d723f35a3b12ffa26f793e32a,2026-01,North Yorkshire Police,North Yorkshire Police,-0.401425,54.283572,On or near North Street,E01027806,Scarborough 006B,Shoplifting,Awaiting court outcome,
e99280c5763d84d59c7005bd5701c7be9dfafb9bde515f333096f9b089baa5ff,2026-01,North Yorkshire Police,North Yorkshire Police,-0.402884,54.281982,On or near Aberdeen Place,E01027806,Scarborough 006B,Shoplifting,Awaiting court outcome,
777a626a427166098678c2db683b8bf34899653792c1effd97e86975e7b6723a,2026-01,North Yorkshire Police,North Yorkshire Police,-0.403118,54.282695,On or near Aberdeen Walk,E01027806,Scarborough 006B,Violence and sexual offences,Under investigation,
accac23c17b83fcc6e0b98022d50a27467bf232acc5692f47112f790bd673c09,2026-01,North Yorkshire Police,North Yorkshire Police,-0.393201,54.283667,On or near ,E01027806,Scarborough 006B,Violence and sexual offences,Unable to prosecute suspect,
4bf142fe8161c0102b412d8b54e4762c17575482de693cce92eb02dcad692ae7,2026-01,North Yorkshire Police,North Yorkshire Police,-0.398762,54.282107,On or near St Nicholas Street,E01027806,Scarborough 006B,Violence and sexual offences,Under investigation,
c4aa419c585b4b32b1993ce02632deda178f55ac4cb4c78c0fa3cab33fd147a9,2026-01,North Yorkshire Police,North Yorkshire Police,-0.399065,54.283424,On or near Parking Area,E01027806,Scarborough 006B,Violence and sexual offences,Under investigation,
c03e5ad1dc7ebfa709a5f98ab23fad8d5289fd70718e2436b396cce8f337e739,2026-01,North Yorkshire Police,North Yorkshire Police,-0.403118,54.282695,On or near Aberdeen Walk,E01027806,Scarborough 006B,Violence and sexual offences,Under investigation,
888741da9a60b1dcbb384cdbb63174a2cc6d3173fced65dd166b2b9e5361a4e7,2026-01,North Yorkshire Police,North Yorkshire Police,-0.397556,54.284302,On or near Cross Street,E01027806,Scarborough 006B,Violence and sexual offences,Unable to prosecute suspect,
92cde659876854fd1579c59e7721893b6fc50fe6a0645397a62f882770a91874,2026-01,North Yorkshire Police,North Yorkshire Police,-0.403118,54.282695,On or near Aberdeen Walk,E01027806,Scarborough 006B,Violence and sexual offences,Under investigation,
1a38a898aa1a7e42b755ca80f5d4199ecc76fef1d27b711200920141f19d8e3e,2026-01,North Yorkshire Police,North Yorkshire Police,-0.400290,54.284303,On or near Elder'S Street,E01027806,Scarborough 006B,Violence and sexual offences,Under investigation,
38455aa6fc7311ce084307e8c0bc66df62856ffc34b9fbf75034e72add983270,2026-01,North Yorkshire Police,North Yorkshire Police,-0.396292,54.281822,On or near ,E01027806,Scarborough 006B,Violence and sexual offences,Under investigation,
da0673ec66c6fb0fbeda178df165370d103e1c5ccfb3a74be13ebe3d30d02d34,2026-01,North Yorkshire Police,North Yorkshire Police,-0.399065,54.283424,On or near Parking Area,E01027806,Scarborough 006B,Violence and sexual offences,Under investigation,
2358bce9761eddfbfb2ff4d83ed978e5e7f8bae8a492a2a7434a72d3a81f6f88,2026-01,North Yorkshire Police,North Yorkshire Police,-0.399265,54.281440,On or near London Inn Yard,E01027806,Scarborough 006B,Violence and sexual offences,Unable to prosecute suspect,
68889151a9e85678557b5134cc9cd92557225b04281be1dd5d41cdf3be3b4f91,2026-01,North Yorkshire Police,North Yorkshire Police,-0.403118,54.282695,On or near Aberdeen Walk,E01027806,Scarborough 006B,Violence and sexual offences,Under investigation,
bf049ecdaebe3f50c13fef1d271964ee5cc04e31e99c1262135b79abcee3c62b,2026-01,North Yorkshire Police,North Yorkshire Police,-0.402137,54.285415,On or near James Place,E01027806,Scarborough 006B,Violence and sexual offences,Under investigation,
4bf142fe8161c0102b412d8b54e4762c17575482de693cce92eb02dcad692ae7,2026-01,North Yorkshire Police,North Yorkshire Police,-0.398762,54.282107,On or near St Nicholas Street,E01027806,Scarborough 006B,Violence and sexual offences,Unable to prosecute suspect,
93c82d3cabbd309f4d3105b1c604966ebc1320c63029f8e6cd16d119d7c7d597,2026-01,North Yorkshire Police,North Yorkshire Police,-0.397566,54.283161,On or near ,E01027806,Scarborough 006B,Violence and sexual offences,Awaiting court outcome,
adaaa47c0d9edf40d3401a6f88802d14cf82358b5bfe45201aaec30c31d1b769,2026-01,North Yorkshire Police,North Yorkshire Police,-0.402884,54.281982,On or near Aberdeen Place,E01027806,Scarborough 006B,Violence and sexual offences,Under investigation,
b4c78508869164dc296db194bf81b2976becc00d6d4c65c5facae7649e98c05b,2026-01,North Yorkshire Police,North Yorkshire Police,-0.399006,54.285742,On or near Parking Area,E01027806,Scarborough 006B,Violence and sexual offences,Under investigation,
330a5387ec88215dc64ec10ad49bbd3ff5cf9c605bd552c3743443d6a9b682e8,2026-01,North Yorkshire Police,North Yorkshire Police,-0.398951,54.282793,On or near Newborough,E01027806,Scarborough 006B,Violence and sexual offences,Unable to prosecute suspect,
5fb2c2161aa32698629174466e1450529ca88d3d59df165aeb4f8a1f2de23d1e,2026-01,North Yorkshire Police,North Yorkshire Police,-0.402884,54.281982,On or near Aberdeen Place,E01027806,Scarborough 006B,Violence and sexual offences,Unable to prosecute suspect,
bfa4869c8f72387b42bac6af476f2d25b0d86277da0b9da6f99a36474d7c5629,2026-01,North Yorkshire Police,North Yorkshire Police,-0.398538,54.282356,On or near Nightclub,E01027806,Scarborough 006B,Violence and sexual offences,Under investigation,
bdd454b448f844e8c0e1c9e4c0eb99de880a524d663e9584d953614e7c3cc884,2026-01,North Yorkshire Police,North Yorkshire Police,-0.398951,54.282793,On or near Newborough,E01027806,Scarborough 006B,Violence and sexual offences,Under investigation,
f0f8feacf5cbd8b384e78ccf2659bd320f6276b889726cc1310061ec738eb304,2026-01,North Yorkshire Police,North Yorkshire Police,-0.399265,54.281440,On or near London Inn Yard,E01027806,Scarborough 006B,Violence and sexual offences,Under investigation,
39eda1c37f63b6925e5a3b2d01e4e5c9778b768330165609ec96d988c4fed244,2026-01,North Yorkshire Police,North Yorkshire Police,-0.398538,54.282356,On or near Nightclub,E01027806,Scarborough 006B,Violence and sexual offences,Unable to prosecute suspect,
ba1f7c2ad4bd681d6212edbbfaa382d5bf01c83d17298d8293a9a07092bc0d4a,2026-01,North Yorkshire Police,North Yorkshire Police,-0.402884,54.281982,On or near Aberdeen Place,E01027806,Scarborough 006B,Violence and sexual offences,Under investigation,
9a449ae2550bb5234cabfdb5a67292a85ab1f12de28cb7ba866f6d5469027488,2026-01,North Yorkshire Police,North Yorkshire Police,-0.403118,54.282695,On or near Aberdeen Walk,E01027806,Scarborough 006B,Violence and sexual offences,Under investigation,
942990c4286f8563caa6351eb1a5eb00942c56113f967301bdd17e92f2bb6d52,2026-01,North Yorkshire Police,North Yorkshire Police,-0.403118,54.282695,On or near Aberdeen Walk,E01027806,Scarborough 006B,Violence and sexual offences,Under investigation,
9f5b9adae8f13b3f27ffd3a96751de70520c6b62efe5fe1e68080630228acb81,2026-01,North Yorkshire Police,North Yorkshire Police,-0.397556,54.284302,On or near Cross Street,E01027806,Scarborough 006B,Violence and sexual offences,Under investigation,
0a6578891cbeefc5766443142c805bb187f29461a409f3f4868a64f276d87776,2026-01,North Yorkshire Police,North Yorkshire Police,-0.402082,54.284848,On or near Clarence Place,E01027806,Scarborough 006B,Violence and sexual offences,Under investigation,
fd68f35078702c643fbf18edc86ae46f98873f5da8c84426004af58408babfcc,2026-01,North Yorkshire Police,North Yorkshire Police,-0.394720,54.284157,On or near St Sepulchre Street,E01027806,Scarborough 006B,Violence and sexual offences,Under investigation,
2d5959afac3e1a8e39c507eb5241c9b71feb1fda3041b7d4da930fa759f0b9c1,2026-01,North Yorkshire Police,North Yorkshire Police,-0.403382,54.284200,On or near B1364,E01027806,Scarborough 006B,Violence and sexual offences,Unable to prosecute suspect,
b3e9dddb79afe9cfb701355fde8bab9c3873753141c4501bb34d6981e85bc1e0,2026-01,North Yorkshire Police,North Yorkshire Police,-0.399065,54.283424,On or near Parking Area,E01027806,Scarborough 006B,Violence and sexual offences,Under investigation,
fb0b7ef9e99975e88b6b37b828edb7adadaa374c78390dbdda66990ada73c028,2026-01,North Yorkshire Police,North Yorkshire Police,-0.397556,54.284302,On or near Cross Street,E01027806,Scarborough 006B,Violence and sexual offences,Under investigation,
1a539c0d1701ba016a87cc6454fd4966af5ce893bc32702137c488351ef9a7c1,2026-01,North Yorkshire Police,North Yorkshire Police,-0.403118,54.282695,On or near Aberdeen Walk,E01027806,Scarborough 006B,Violence and sexual offences,Under investigation,
c4555c591d697aed0e82cc927a28bb688c1b2d4bda54226656458533387131ce,2026-01,North Yorkshire Police,North Yorkshire Police,-0.402884,54.281982,On or near Aberdeen Place,E01027806,Scarborough 006B,Violence and sexual offences,Under investigation,
b5c119b2ab8d8c43e73f20b0b966b23ba40e3c6a2aa9a0dd51e2890cffdcb458,2026-01,North Yorkshire Police,North Yorkshire Police,-0.398538,54.282356,On or near Nightclub,E01027806,Scarborough 006B,Violence and sexual offences,Under investigation,
e3611d1d016c92dcb310b62cccd7d8b6f90b28ce02bfbf3aadfc22fcd7b83d81,2026-01,North Yorkshire Police,North Yorkshire Police,-0.400615,54.282662,On or near Waterhouse Lane,E01027806,Scarborough 006B,Violence and sexual offences,Under investigation,
bf049ecdaebe3f50c13fef1d271964ee5cc04e31e99c1262135b79abcee3c62b,2026-01,North Yorkshire Police,North Yorkshire Police,-0.402137,54.285415,On or near James Place,E01027806,Scarborough 006B,Violence and sexual offences,Under investigation,
c8100b8b13f556a45114053f834b7adc90a990013f822c06bc829de05378f5f6,2026-01,North Yorkshire Police,North Yorkshire Police,-0.398951,54.282793,On or near Newborough,E01027806,Scarborough 006B,Violence and sexual offences,Unable to prosecute suspect,
24b0186af8f7f9ad350faec5b2ef3785d93bcc4b0a77bc3a1e1e2c996e4208ea,2026-01,North Yorkshire Police,North Yorkshire Police,-0.403118,54.282695,On or near Aberdeen Walk,E01027806,Scarborough 006B,Violence and sexual offences,Under investigation,
9d615294c9733e4fd2afc8575f968a5df403b13d0e22b46726d9a7945a13a6bf,2026-01,North Yorkshire Police,North Yorkshire Police,-0.398538,54.282356,On or near Nightclub,E01027806,Scarborough 006B,Violence and sexual offences,Under investigation,
160f98ef1a0f8ca8bc3cbaa3d545ad232feea101a2e9b731464f30e414dc37bd,2026-01,North Yorkshire Police,North Yorkshire Police,-0.399065,54.283424,On or near Parking Area,E01027806,Scarborough 006B,Violence and sexual offences,Unable to prosecute suspect,
bc7f3876ff95431b3d46ffb6d9b435f11bc2ffd7e6315b7dc2d3f6feaf135446,2026-01,North Yorkshire Police,North Yorkshire Police,-0.399006,54.285742,On or near Parking Area,E01027806,Scarborough 006B,Violence and sexual offences,Unable to prosecute suspect,
244e6f644a41e2cdbe19fd410cd0c8943590e67f36657768f2b30f52ee6f6e14,2026-01,North Yorkshire Police,North Yorkshire Police,-0.400615,54.282662,On or near Waterhouse Lane,E01027806,Scarborough 006B,Other crime,Under investigation,
0e1757b0739644fba45387b7a8d765a441cff1873ffe53306181f9ddd5d5b962,2026-01,North Yorkshire Police,North Yorkshire Police,-0.400431,54.285428,On or near Parking Area,E01027806,Scarborough 006B,Other crime,Unable to prosecute suspect,
,2026-01,North Yorkshire Police,North Yorkshire Police,-0.402681,54.288029,On or near North Marine Road,E01027847,Scarborough 006D,Anti-social behaviour,,
,2026-01,North Yorkshire Police,North Yorkshire Police,-0.402272,54.287070,On or near Durham Place,E01027847,Scarborough 006D,Anti-social behaviour,,
,2026-01,North Yorkshire Police,North Yorkshire Police,-0.402681,54.288029,On or near North Marine Road,E01027847,Scarborough 006D,Anti-social behaviour,,
,2026-01,North Yorkshire Police,North Yorkshire Police,-0.402681,54.288029,On or near North Marine Road,E01027847,Scarborough 006D,Anti-social behaviour,,
,2026-01,North Yorkshire Police,North Yorkshire Police,-0.402205,54.286036,On or near Hope Street,E01027847,Scarborough 006D,Anti-social behaviour,,
,2026-01,North Yorkshire Police,North Yorkshire Police,-0.402681,54.288029,On or near North Marine Road,E01027847,Scarborough 006D,Anti-social behaviour,,
,2026-01,North Yorkshire Police,North Yorkshire Police,-0.401638,54.285606,On or near Regent Street,E01027847,Scarborough 006D,Anti-social behaviour,,
,2026-01,North Yorkshire Police,North Yorkshire Police,-0.400550,54.287119,On or near Queen'S Terrace,E01027847,Scarborough 006D,Anti-social behaviour,,
,2026-01,North Yorkshire Police,North Yorkshire Police,-0.400473,54.286336,On or near Vincent Street,E01027847,Scarborough 006D,Anti-social behaviour,,
,2026-01,North Yorkshire Police,North Yorkshire Police,-0.400756,54.285765,On or near Fire Station Yard,E01027847,Scarborough 006D,Anti-social behaviour,,
,2026-01,North Yorkshire Police,North Yorkshire Police,-0.402681,54.288029,On or near North Marine Road,E01027847,Scarborough 006D,Anti-social behaviour,,
,2026-01,North Yorkshire Police,North Yorkshire Police,-0.402272,54.287070,On or near Durham Place,E01027847,Scarborough 006D,Anti-social behaviour,,
,2026-01,North Yorkshire Police,North Yorkshire Police,-0.399926,54.286581,On or near New Queen Street,E01027847,Scarborough 006D,Anti-social behaviour,,
ce549565e490ec51e145763dc07af0bf9cdb6a7d5f98d98064937df050dc7382,2026-01,North Yorkshire Police,North Yorkshire Police,-0.403639,54.285507,On or near Parking Area,E01027847,Scarborough 006D,Criminal damage and arson,Unable to prosecute suspect,
67ace97c3a0b7e13cbd86cf8a934d4a323d18728b19da356817c7f0538430a60,2026-01,North Yorkshire Police,North Yorkshire Police,-0.402681,54.288029,On or near North Marine Road,E01027847,Scarborough 006D,Criminal damage and arson,Under investigation,
6ff3283327724d3c3ab9e6c1d3af096d9f5f0c9ec89b4b415eeb045100595def,2026-01,North Yorkshire Police,North Yorkshire Police,-0.400473,54.286336,On or near Vincent Street,E01027847,Scarborough 006D,Criminal damage and arson,Investigation complete; no suspect identified,
1cf9a43d7d3037f008ba92ca941aa50bcf3f4440d5b4731b4aeb049c3379b992,2026-01,North Yorkshire Police,North Yorkshire Police,-0.404577,54.287460,On or near Trafalgar Square,E01027847,Scarborough 006D,Criminal damage and arson,Investigation complete; no suspect identified,
1db79077391a37315eee016e9057c9be58ce7bd1f1188c6b0421e94b01dbbae5,2026-01,North Yorkshire Police,North Yorkshire Police,-0.402681,54.288029,On or near North Marine Road,E01027847,Scarborough 006D,Criminal damage and arson,Unable to prosecute suspect,
4b548a273ed1aa0470ecf1f36eb4365fe6b72674a7c14cf2b4b26c0d6efc3e6d,2026-01,North Yorkshire Police,North Yorkshire Police,-0.402681,54.288029,On or near North Marine Road,E01027847,Scarborough 006D,Drugs,Unable to prosecute suspect,
75522693a358ceb9a3dc2de233ae21e0c55491b9eb031bfb5d208265c99237b2,2026-01,North Yorkshire Police,North Yorkshire Police,-0.402681,54.288029,On or near North Marine Road,E01027847,Scarborough 006D,Drugs,Awaiting court outcome,
af4a981320efc00ca4ff561d15b082c789e0cb4104bf2ae25c01793abcb9412c,2026-01,North Yorkshire Police,North Yorkshire Police,-0.404577,54.287460,On or near Trafalgar Square,E01027847,Scarborough 006D,Other theft,Unable to prosecute suspect,
72b10aaacf6b12e7954ed8da977780821897991bde0ab6a5bee7c63856d000be,2026-01,North Yorkshire Police,North Yorkshire Police,-0.406413,54.286856,On or near Trafalgar Road,E01027847,Scarborough 006D,Possession of weapons,Awaiting court outcome,
9a348f585bf8c5f3c5a71e938711c1512b79a76bdb244e635526fbd3ba1fed0c,2026-01,North Yorkshire Police,North Yorkshire Police,-0.403639,54.285507,On or near Parking Area,E01027847,Scarborough 006D,Public order,Unable to prosecute suspect,
27066ffa045ea4026db0b76d2b79c0a16ee7fd03e9692b07937d551fcef4eb6a,2026-01,North Yorkshire Police,North Yorkshire Police,-0.406413,54.286856,On or near Trafalgar Road,E01027847,Scarborough 006D,Public order,Under investigation,
54f347c7cdf26ce77b3c1b0700c2a051cc88090222873fb474936cc06c383dd8,2026-01,North Yorkshire Police,North Yorkshire Police,-0.403639,54.285507,On or near Parking Area,E01027847,Scarborough 006D,Public order,Unable to prosecute suspect,
420e315c8ea72b9f039a21fa9bdebe1f4db7e22999695b2575624be29d4ffa18,2026-01,North Yorkshire Police,North Yorkshire Police,-0.400473,54.286336,On or near Vincent Street,E01027847,Scarborough 006D,Public order,Investigation complete; no suspect identified,
4da96e7d79382c1345987b47baef138b169c9b3372ffe74cba5a2f2487660550,2026-01,North Yorkshire Police,North Yorkshire Police,-0.402272,54.287070,On or near Durham Place,E01027847,Scarborough 006D,Shoplifting,Awaiting court outcome,
caa615353b38006993e73e8c3959a83df446ee270e61dadad2b7502d15bffe5d,2026-01,North Yorkshire Police,North Yorkshire Police,-0.400756,54.285765,On or near Fire Station Yard,E01027847,Scarborough 006D,Violence and sexual offences,Unable to prosecute suspect,
16fe7a645e6201bd9e21b84266f31b7e06c7fedae2c01a78f9267e97a24db0ec,2026-01,North Yorkshire Police,North Yorkshire Police,-0.401638,54.285606,On or near Regent Street,E01027847,Scarborough 006D,Violence and sexual offences,Under investigation,
0f1e2e612f438ffb6206ab569574e458924803ddce58b199b1266de453d7109f,2026-01,North Yorkshire Police,North Yorkshire Police,-0.402272,54.287070,On or near Durham Place,E01027847,Scarborough 006D,Violence and sexual offences,Under investigation,
c7663b2ed6f83640a914bd3c65b44ef6d0906443b392e27c3e5664eb1debe250,2026-01,North Yorkshire Police,North Yorkshire Police,-0.398989,54.286577,On or near Marlborough Street,E01027847,Scarborough 006D,Violence and sexual offences,Unable to prosecute suspect,
3ae5b199a9657efadac795e156a67f4bb362317b08baa66e4e542e0324dcc2a7,2026-01,North Yorkshire Police,North Yorkshire Police,-0.405234,54.285168,On or near Lower William Street,E01027847,Scarborough 006D,Violence and sexual offences,Under investigation,
16fe7a645e6201bd9e21b84266f31b7e06c7fedae2c01a78f9267e97a24db0ec,2026-01,North Yorkshire Police,North Yorkshire Police,-0.401638,54.285606,On or near Regent Street,E01027847,Scarborough 006D,Violence and sexual offences,Unable to prosecute suspect,
2388e124605663c8c31b9995d084657fbd7803b26390fb9acf5e3f74d9bcc01b,2026-01,North Yorkshire Police,North Yorkshire Police,-0.398989,54.286577,On or near Marlborough Street,E01027847,Scarborough 006D,Violence and sexual offences,Unable to prosecute suspect,
b67e0b1f4999c1fa87cf562fb20222b002451016d4f6a82d3d55658369e0f09a,2026-01,North Yorkshire Police,North Yorkshire Police,-0.402681,54.288029,On or near North Marine Road,E01027847,Scarborough 006D,Violence and sexual offences,Unable to prosecute suspect,
fc70f0d0178d7ea6a20a47e172ca93db3edf3fa07f030c68eaf25afe55fb616f,2026-01,North Yorkshire Police,North Yorkshire Police,-0.400473,54.286336,On or near Vincent Street,E01027847,Scarborough 006D,Violence and sexual offences,Under investigation,
baeb99469b0adabef40cbb59fa03c718e9291e1d5ce86cc5db3a78124ba35f66,2026-01,North Yorkshire Police,North Yorkshire Police,-0.400756,54.285765,On or near Fire Station Yard,E01027847,Scarborough 006D,Violence and sexual offences,Awaiting court outcome,
514aa359e139acfb5eedac424321d7e9309473e8e2d860891d6e85371a0d16de,2026-01,North Yorkshire Police,North Yorkshire Police,-0.400756,54.285765,On or near Fire Station Yard,E01027847,Scarborough 006D,Violence and sexual offences,Awaiting court outcome,
ab0933765963de5a0817cabbcd57e044e2221bfa3c011a7458001ddced655384,2026-01,North Yorkshire Police,North Yorkshire Police,-0.406413,54.286856,On or near Trafalgar Road,E01027847,Scarborough 006D,Violence and sexual offences,Unable to prosecute suspect,
,2026-01,North Yorkshire Police,North Yorkshire Police,-0.418086,54.297768,On or near Burniston Road,E01034974,Scarborough 006F,Anti-social behaviour,,
d2144c197a54183c44cb3d54265377927570ce7bf56f86cd7e6e7d89c15350ea,2026-01,North Yorkshire Police,North Yorkshire Police,-0.406021,54.289852,On or near Victoria Park Avenue,E01034974,Scarborough 006F,Bicycle theft,Awaiting court outcome,
cadda01d5ee0832c6161ac5d2e44af3ea5beaeca7a409d2a018551ea391da6e5,2026-01,North Yorkshire Police,North Yorkshire Police,-0.402984,54.286549,On or near Durham Street,E01034974,Scarborough 006F,Burglary,Investigation complete; no suspect identified,
29b0098514143ec302baa1286063128fcb34a515fcc392835db447019815ad79,2026-01,North Yorkshire Police,North Yorkshire Police,-0.412116,54.302563,On or near ,E01034974,Scarborough 006F,Drugs,Investigation complete; no suspect identified,
49a6e528639cb55f75411bae993ec6ca38bf472f71b551dde9e6a646d953c573,2026-01,North Yorkshire Police,North Yorkshire Police,-0.405874,54.286489,On or near Trafalgar Terrace,E01034974,Scarborough 006F,Drugs,Unable to prosecute suspect,
e0390ae8398a4fdd5a19f3bd6c8a203c86447a14716914e8b094cd8f6d15d942,2026-01,North Yorkshire Police,North Yorkshire Police,-0.403251,54.287182,On or near Howard Street,E01034974,Scarborough 006F,Other theft,Unable to prosecute suspect,
ccd343a368619da5b8ebc2a789f1fc51bf384ffe89081d9e9d57d847f9ac486e,2026-01,North Yorkshire Police,North Yorkshire Police,-0.408252,54.288919,On or near ,E01034974,Scarborough 006F,Other theft,Unable to prosecute suspect,
8a547af652f1f05282196544b791909006da391e8fcc76c4e9f9be772dabdbda,2026-01,North Yorkshire Police,North Yorkshire Police,-0.405874,54.286489,On or near Trafalgar Terrace,E01034974,Scarborough 006F,Public order,Under investigation,
f644a4099cdd4e0457c3861c7d4026183a45f0f304ddc1f9eed4ab11bc7ee85f,2026-01,North Yorkshire Police,North Yorkshire Police,-0.418086,54.297768,On or near Burniston Road,E01034974,Scarborough 006F,Shoplifting,Investigation complete; no suspect identified,
49b40df5bf2ea480e89c2d7254622c9e2867492fa5504e6ee6d375b5606c7a5c,2026-01,North Yorkshire Police,North Yorkshire Police,-0.418086,54.297768,On or near Burniston Road,E01034974,Scarborough 006F,Shoplifting,Under investigation,
ee92bfec95f0359d8f2ae64eb251b2e95717facc4d09ceddf46c6899ada71b70,2026-01,North Yorkshire Police,North Yorkshire Police,-0.407186,54.286374,On or near ,E01034974,Scarborough 006F,Vehicle crime,Investigation complete; no suspect identified,
c79800a66f79afb887dade89fa83eda7c0d08ba81e30215ad4c22827252528d3,2026-01,North Yorkshire Police,North Yorkshire Police,-0.407604,54.288741,On or near ,E01034974,Scarborough 006F,Violence and sexual offences,Investigation complete; no suspect identified,
11607204a139f83494b06bb66d4c995e4f1bd4fbfb2903c421707d0f17f9a686,2026-01,North Yorkshire Police,North Yorkshire Police,-0.403812,54.286992,On or near Stanley Street,E01034974,Scarborough 006F,Violence and sexual offences,Under investigation,
4559b23585b267caae21d23da1fb165991d798e0796bfbec7ad9d459c3e89032,2026-01,North Yorkshire Police,North Yorkshire Police,-0.408175,54.292577,On or near Peasholm Gap,E01034974,Scarborough 006F,Violence and sexual offences,Unable to prosecute suspect,
c79800a66f79afb887dade89fa83eda7c0d08ba81e30215ad4c22827252528d3,2026-01,North Yorkshire Police,North Yorkshire Police,-0.407604,54.288741,On or near ,E01034974,Scarborough 006F,Violence and sexual offences,Under investigation,
ee00cca1a7e44ea1154d3c5ce649108fa3ffdd6bf21b730bfa00c95b920f7f0e,2026-01,North Yorkshire Police,North Yorkshire Police,-0.407829,54.287207,On or near Moorland Road,E01034974,Scarborough 006F,Violence and sexual offences,Unable to prosecute suspect,
,2026-01,North Yorkshire Police,North Yorkshire Police,-0.417951,54.286846,On or near Glenside,E01027849,Scarborough 007A,Anti-social behaviour,,
,2026-01,North Yorkshire Police,North Yorkshire Police,-0.416542,54.286728,On or near Peasholme Bridge,E01027849,Scarborough 007A,Anti-social behaviour,,
5b85ae75ae0099a0aba6014c0fa184788c145d81d8d31fe5bd698ed7e7b22944,2026-01,North Yorkshire Police,North Yorkshire Police,-0.417991,54.291835,On or near Ryndle Walk,E01027849,Scarborough 007A,Violence and sexual offences,Unable to prosecute suspect,
967f71d61aeea6909d39e92b0f9b8cd375c4941e2cedafbac3bca53e1f0d6779,2026-01,North Yorkshire Police,North Yorkshire Police,-0.409728,54.288544,On or near Peasholm Crescent,E01027849,Scarborough 007A,Violence and sexual offences,Unable to prosecute suspect,
529bad018dd9dabe7570bbe01a0a6fae1bef25b5db302203aba3329632e454ba,2026-01,North Yorkshire Police,North Yorkshire Police,-0.409728,54.288544,On or near Peasholm Crescent,E01027849,Scarborough 007A,Violence and sexual offences,Unable to prosecute suspect,
a445bb7d12602568a0713b5bb1804a64c616b171f8f9c4f32cd76e9f47d61055,2026-01,North Yorkshire Police,North Yorkshire Police,-0.415467,54.291541,On or near ,E01027849,Scarborough 007A,Violence and sexual offences,Unable to prosecute suspect,
8d59bbf0872957639bd553a0bb5afbea39551140089defbcdcfd88da633c071f,2026-01,North Yorkshire Police,North Yorkshire Police,-0.415467,54.291541,On or near ,E01027849,Scarborough 007A,Violence and sexual offences,Unable to prosecute suspect,
a0f7e56fd67793ec0ea0d0a6c9f068e4ea3ec2e99b6063d0b86c34c662d0a735,2026-01,North Yorkshire Police,North Yorkshire Police,-0.409728,54.288544,On or near Peasholm Crescent,E01027849,Scarborough 007A,Violence and sexual offences,Unable to prosecute suspect,
,2026-01,North Yorkshire Police,North Yorkshire Police,-0.419230,54.287546,On or near Broadway,E01027850,Scarborough 007B,Anti-social behaviour,,
,2026-01,North Yorkshire Police,North Yorkshire Police,-0.418552,54.287195,On or near Northstead,E01027850,Scarborough 007B,Anti-social behaviour,,
,2026-01,North Yorkshire Police,North Yorkshire Police,-0.419682,54.287794,On or near Long Walk,E01027850,Scarborough 007B,Anti-social behaviour,,
,2026-01,North Yorkshire Police,North Yorkshire Police,-0.420192,54.290524,On or near Maple Drive,E01027850,Scarborough 007B,Anti-social behaviour,,
,2026-01,North Yorkshire Police,North Yorkshire Police,-0.419230,54.287546,On or near Broadway,E01027850,Scarborough 007B,Anti-social behaviour,,
29ff3c0e88039e8e644eacabf2d785ba1306ac914db85f4d5ea08e865d83e8b2,2026-01,North Yorkshire Police,North Yorkshire Police,-0.419498,54.289374,On or near Lilac Walk,E01027850,Scarborough 007B,Criminal damage and arson,Unable to prosecute suspect,
99b365ca08f98f58922aa303f9357dc9e4ce47c069864852ea43da4f1766c0f8,2026-01,North Yorkshire Police,North Yorkshire Police,-0.420192,54.290524,On or near Maple Drive,E01027850,Scarborough 007B,Criminal damage and arson,Unable to prosecute suspect,
bcf997cf07a40192199eea1d5edfebe4070e2cfa8aa0e83b17f8962838e4a518,2026-01,North Yorkshire Police,North Yorkshire Police,-0.420309,54.289070,On or near Holly Walk,E01027850,Scarborough 007B,Other theft,Local resolution,
b4ff2887d54849337659baf7c65b8b7bdbdf9f7076b57537cf022565217a5f01,2026-01,North Yorkshire Police,North Yorkshire Police,-0.420309,54.289070,On or near Holly Walk,E01027850,Scarborough 007B,Other theft,Local resolution,
f92c637c0616b0ec64de908975e6da180e4653f4f624554a60a4afbc39deafb1,2026-01,North Yorkshire Police,North Yorkshire Police,-0.418752,54.289993,On or near Broom Walk,E01027850,Scarborough 007B,Public order,Awaiting court outcome,
d329ab464f1cdaa40907998f8eedebc79ac2ac10d26993b8438ae538e7e7ed47,2026-01,North Yorkshire Police,North Yorkshire Police,-0.418552,54.287195,On or near Northstead,E01027850,Scarborough 007B,Violence and sexual offences,Unable to prosecute suspect,
7dae2f081535eb1d8034c139e975ab85ef4a4bc21604ee37b2a66923d29f8817,2026-01,North Yorkshire Police,North Yorkshire Police,-0.420309,54.289070,On or near Holly Walk,E01027850,Scarborough 007B,Violence and sexual offences,Unable to prosecute suspect,
bb66ca81db5a25a548eb20e8b5cca57e70a214f24d057ed31e246203a2db7a26,2026-01,North Yorkshire Police,North Yorkshire Police,-0.418552,54.287195,On or near Northstead,E01027850,Scarborough 007B,Violence and sexual offences,Unable to prosecute suspect,
4407f7305320f7e0db0deeb2616b4005dd7265b940b78a99ea15ab0f83799f70,2026-01,North Yorkshire Police,North Yorkshire Police,-0.419498,54.289374,On or near Lilac Walk,E01027850,Scarborough 007B,Other crime,Awaiting court outcome,
,2026-01,North Yorkshire Police,North Yorkshire Police,-0.421077,54.284649,On or near Woodland Avenue,E01027872,Scarborough 007C,Anti-social behaviour,,
,2026-01,North Yorkshire Police,North Yorkshire Police,-0.425151,54.286580,On or near Redcliffe Court,E01027872,Scarborough 007C,Anti-social behaviour,,
,2026-01,North Yorkshire Police,North Yorkshire Police,-0.421077,54.284649,On or near Woodland Avenue,E01027872,Scarborough 007C,Anti-social behaviour,,
,2026-01,North Yorkshire Police,North Yorkshire Police,-0.425151,54.286580,On or near Redcliffe Court,E01027872,Scarborough 007C,Anti-social behaviour,,
,2026-01,North Yorkshire Police,North Yorkshire Police,-0.428644,54.284742,On or near ,E01027872,Scarborough 007C,Anti-social behaviour,,
,2026-01,North Yorkshire Police,North Yorkshire Police,-0.424435,54.286841,On or near Corn Mill Gardens,E01027872,Scarborough 007C,Anti-social behaviour,,
,2026-01,North Yorkshire Police,North Yorkshire Police,-0.425151,54.286580,On or near Redcliffe Court,E01027872,Scarborough 007C,Anti-social behaviour,,
,2026-01,North Yorkshire Police,North Yorkshire Police,-0.425151,54.286580,On or near Redcliffe Court,E01027872,Scarborough 007C,Anti-social behaviour,,
bb871b53994c4c82f64cf47a3f201ab44a416c8f31ce5a32335bbdb977215ca2,2026-01,North Yorkshire Police,North Yorkshire Police,-0.421077,54.284649,On or near Woodland Avenue,E01027872,Scarborough 007C,Drugs,Awaiting court outcome,
cb7d0576d46fbb1abf3d3396ecdb9636404ac3930cb7e7cae17e64d79043268a,2026-01,North Yorkshire Police,North Yorkshire Police,-0.428644,54.284742,On or near ,E01027872,Scarborough 007C,Violence and sexual offences,Under investigation,
e7e04f91c548df048f57625d655544db3c23bf12d86f54b9f470d5b3d5f884a9,2026-01,North Yorkshire Police,North Yorkshire Police,-0.428464,54.287136,On or near Gildercliffe,E01027872,Scarborough 007C,Violence and sexual offences,Unable to prosecute suspect,
1c4ba0179aee61179c70ef69fb85c5074b7390af36326ac17de9fbe69b498e52,2026-01,North Yorkshire Police,North Yorkshire Police,-0.428644,54.284742,On or near ,E01027872,Scarborough 007C,Violence and sexual offences,Under investigation,
,2026-01,North Yorkshire Police,North Yorkshire Police,-0.433078,54.287798,On or near Scalby Road,E01027874,Scarborough 007D,Anti-social behaviour,,
,2026-01,North Yorkshire Police,North Yorkshire Police,-0.429479,54.289489,On or near ,E01027874,Scarborough 007D,Anti-social behaviour,,
,2026-01,North Yorkshire Police,North Yorkshire Police,-0.431172,54.289041,On or near Billow Drive,E01027874,Scarborough 007D,Anti-social behaviour,,
,2026-01,North Yorkshire Police,North Yorkshire Police,-0.429479,54.289489,On or near ,E01027874,Scarborough 007D,Anti-social behaviour,,
80b5ad6dfd5ede9eb15b54ee5ae676a6f025398f93847a0eba40d1b4c4fead9c,2026-01,North Yorkshire Police,North Yorkshire Police,-0.426951,54.291763,On or near Colescliffe Road,E01027874,Scarborough 007D,Criminal damage and arson,Unable to prosecute suspect,
f4ca170bd14dd7b67e84fadcc52bb13a853d534d3319d8c684fcf530ebaf716f,2026-01,North Yorkshire Police,North Yorkshire Police,-0.426951,54.291763,On or near Colescliffe Road,E01027874,Scarborough 007D,Criminal damage and arson,Investigation complete; no suspect identified,
483a7ee672667539b8da0f37f713ec88a96acddc3c1dce90b4e77ad67581eae8,2026-01,North Yorkshire Police,North Yorkshire Police,-0.425465,54.291240,On or near Colescliffe Crescent,E01027874,Scarborough 007D,Drugs,Under investigation,
15a2147a4bda4edcaa0826f90fefbd2285ceb102fd57438aad58a306f5adb664,2026-01,North Yorkshire Police,North Yorkshire Police,-0.431105,54.289921,On or near ,E01027874,Scarborough 007D,Drugs,Awaiting court outcome,
1995c891fe67ff9c4a4d98bddcaf70159a7758a3941249eae66591fabc0ff937,2026-01,North Yorkshire Police,North Yorkshire Police,-0.430326,54.290675,On or near Wreyfield Drive,E01027874,Scarborough 007D,Violence and sexual offences,Unable to prosecute suspect,
305236662a4745190b35b83f1a5d988a8825eaf754b6b6b22b65baf2167afa60,2026-01,North Yorkshire Police,North Yorkshire Police,-0.426951,54.291763,On or near Colescliffe Road,E01027874,Scarborough 007D,Violence and sexual offences,Unable to prosecute suspect,
928927fa96ee3f4480b8a9ea4df325738d7d3a11b31994d3e8bf107167e3fe10,2026-01,North Yorkshire Police,North Yorkshire Police,-0.426951,54.291763,On or near Colescliffe Road,E01027874,Scarborough 007D,Violence and sexual offences,Unable to prosecute suspect,
7a3c666a2ee9ee0b2376e2cf4bc2803b895e19bddb5b2efb64929dc668fcf64b,2026-01,North Yorkshire Police,North Yorkshire Police,-0.428199,54.290872,On or near Bracken Hill,E01027874,Scarborough 007D,Violence and sexual offences,Unable to prosecute suspect,
6d19d799f954846ac12d37f3537d00077b04bfef622b6a6cfa0fc2aea0662c62,2026-01,North Yorkshire Police,North Yorkshire Police,-0.429617,54.287097,On or near Briercliffe,E01027874,Scarborough 007D,Violence and sexual offences,Unable to prosecute suspect,
f30fb80210a4d086481c4147a83e2d53e2393662ed9da33510bb0cb14ee16b04,2026-01,North Yorkshire Police,North Yorkshire Police,-0.423855,54.289316,On or near ,E01027874,Scarborough 007D,Violence and sexual offences,Unable to prosecute suspect,
5e7c5e8839ab35149af98e0a36bc39d98463b0d4e1597ec9b6a8b3926116ec3a,2026-01,North Yorkshire Police,North Yorkshire Police,-0.431402,54.288235,On or near Ash Grove,E01027874,Scarborough 007D,Violence and sexual offences,Unable to prosecute suspect,
09adb61b14175231ccc7d1ecd1cff0177e010498555cf0571b2aa7792d9101c4,2026-01,North Yorkshire Police,North Yorkshire Police,-0.426951,54.291763,On or near Colescliffe Road,E01027874,Scarborough 007D,Violence and sexual offences,Unable to prosecute suspect,
cb877be8701e8e3e8586048cefd42f7f07c92309f80a691581d3b70140b0368c,2026-01,North Yorkshire Police,North Yorkshire Police,-0.430326,54.290675,On or near Wreyfield Drive,E01027874,Scarborough 007D,Violence and sexual offences,Under investigation,
e6fa0e94715014c8acc1a28ebff34ac2863c2b2877f0e0c681d4dacdd1526ce6,2026-01,North Yorkshire Police,North Yorkshire Police,-0.428199,54.290872,On or near Bracken Hill,E01027874,Scarborough 007D,Violence and sexual offences,Unable to prosecute suspect,
787075fbf28d5ee1fefcf70408e1301e17a84594b8b7a37cc60f07d014577e7d,2026-01,North Yorkshire Police,North Yorkshire Police,-0.428199,54.290872,On or near Bracken Hill,E01027874,Scarborough 007D,Violence and sexual offences,Unable to prosecute suspect,
c7a2b85c3b57424b391e33db1023c992997c941c3a1453ac2a428c773a76e85d,2026-01,North Yorkshire Police,North Yorkshire Police,-0.429617,54.287097,On or near Briercliffe,E01027874,Scarborough 007D,Violence and sexual offences,Under investigation,
0e8b9757062bd9d546993da9775aefffd552eccf5a0c43dc7a8a3f913d656238,2026-01,North Yorkshire Police,North Yorkshire Police,-0.433078,54.287798,On or near Scalby Road,E01027874,Scarborough 007D,Violence and sexual offences,Unable to prosecute suspect,
8b550004b0c670cfe6b573bafefb4047fe4865b2b830aa0cb779a65dc34bc6a7,2026-01,North Yorkshire Police,North Yorkshire Police,-0.426951,54.291763,On or near Colescliffe Road,E01027874,Scarborough 007D,Violence and sexual offences,Unable to prosecute suspect,
,2026-01,North Yorkshire Police,North Yorkshire Police,-0.409979,54.281644,On or near Barwick Terrace,E01027810,Scarborough 008A,Anti-social behaviour,,
,2026-01,North Yorkshire Police,North Yorkshire Police,-0.413769,54.282530,On or near Prospect Road,E01027810,Scarborough 008A,Anti-social behaviour,,
,2026-01,North Yorkshire Police,North Yorkshire Police,-0.413769,54.282530,On or near Prospect Road,E01027810,Scarborough 008A,Anti-social behaviour,,
57570d13afb0e6e9339af953486eb598c1cde7cf9995d698da5c60f7cea47a66,2026-01,North Yorkshire Police,North Yorkshire Police,-0.411363,54.283182,On or near Murchison Place,E01027810,Scarborough 008A,Drugs,Under investigation,
6e79e2ea841bb81f2a922b44d7d3545bcc63507a2d61493307dc4f263dfe9da5,2026-01,North Yorkshire Police,North Yorkshire Police,-0.411363,54.283182,On or near Murchison Place,E01027810,Scarborough 008A,Drugs,Under investigation,
100c4dd70939b68dda4d2117dafc5814865477f2c76eb18f6cca429eeee44ca6,2026-01,North Yorkshire Police,North Yorkshire Police,-0.411363,54.283182,On or near Murchison Place,E01027810,Scarborough 008A,Drugs,Under investigation,
58ca81b286c51d8048dd37c1bef6ff7978ff7a5d115f2a473bf34b287c223ca7,2026-01,North Yorkshire Police,North Yorkshire Police,-0.412563,54.281535,On or near Gladstone Lane,E01027810,Scarborough 008A,Violence and sexual offences,Under investigation,
fe4290cef9d4a1d618f431c123b030c99c69f29f909745b48b72bfce409eae6c,2026-01,North Yorkshire Police,North Yorkshire Police,-0.411744,54.282459,On or near Cleveland Road,E01027810,Scarborough 008A,Violence and sexual offences,Unable to prosecute suspect,
207d929befb67e6bdea083648a1ec60b88573abeecd791160194ac2418aa409a,2026-01,North Yorkshire Police,North Yorkshire Police,-0.413873,54.283844,On or near Livingstone Road,E01027810,Scarborough 008A,Violence and sexual offences,Under investigation,
ae87c1e14a4ecb8b6852058ea399b38935174d1e973ca20c7ff9bb973d61bfc8,2026-01,North Yorkshire Police,North Yorkshire Police,-0.413769,54.282530,On or near Prospect Road,E01027810,Scarborough 008A,Violence and sexual offences,Unable to prosecute suspect,
62d97e2b63b7a68f1b8ea5f38c3fed302dcec6d1dc0caebda14fd992b4cdd029,2026-01,North Yorkshire Police,North Yorkshire Police,-0.413873,54.283844,On or near Livingstone Road,E01027810,Scarborough 008A,Violence and sexual offences,Under investigation,
43adcddd96a0f3b8cd56fa02b53e14f92c5684f90f6fea64a0b812d10f2dd4cc,2026-01,North Yorkshire Police,North Yorkshire Police,-0.408386,54.284302,On or near Melrose Street,E01027810,Scarborough 008A,Violence and sexual offences,Under investigation,
f10ddbe5de76d9b4bace51379faed47104b9e5016291c204162fe845cf27d1b9,2026-01,North Yorkshire Police,North Yorkshire Police,-0.411744,54.282459,On or near Cleveland Road,E01027810,Scarborough 008A,Violence and sexual offences,Under investigation,
30a3ff662fa6ebbd2fa87f8aa77cc2306ba82430d863154fa653170a2cde23b4,2026-01,North Yorkshire Police,North Yorkshire Police,-0.412194,54.283552,On or near Franklin Street,E01027810,Scarborough 008A,Violence and sexual offences,Under investigation,
09376262410fce6c49338ad4e71883e71b45d32399b765d8f1a2fc6fd05d0759,2026-01,North Yorkshire Police,North Yorkshire Police,-0.411903,54.281930,On or near Gladstone Street,E01027810,Scarborough 008A,Violence and sexual offences,Under investigation,
f10ddbe5de76d9b4bace51379faed47104b9e5016291c204162fe845cf27d1b9,2026-01,North Yorkshire Police,North Yorkshire Police,-0.411744,54.282459,On or near Cleveland Road,E01027810,Scarborough 008A,Violence and sexual offences,Unable to prosecute suspect,
69d5f4a11be21744fb76d47539faf3c45d0bf38c64dd5c41ab8b3965580e6c1a,2026-01,North Yorkshire Police,North Yorkshire Police,-0.411363,54.283182,On or near Murchison Place,E01027810,Scarborough 008A,Violence and sexual offences,Unable to prosecute suspect,
,2026-01,North Yorkshire Police,North Yorkshire Police,-0.413295,54.280097,On or near Wooler Street,E01027811,Scarborough 008B,Anti-social behaviour,,
4bf0deed02fb7675c880e3f5c84c56f85f09ba16fe93d28693af26a6321b2f2e,2026-01,North Yorkshire Police,North Yorkshire Police,-0.413295,54.280097,On or near Wooler Street,E01027811,Scarborough 008B,Robbery,Under investigation,
af17b59344c7c9bc31ca6c814867c1712c14c39e823ed388ef54aa8a3f151fe9,2026-01,North Yorkshire Police,North Yorkshire Police,-0.413295,54.280097,On or near Wooler Street,E01027811,Scarborough 008B,Robbery,Unable to prosecute suspect,
0856ab94ae9f7e146cfb56c9d61e7b21a179ccdc0114c71011016595b7d28eaa,2026-01,North Yorkshire Police,North Yorkshire Police,-0.413295,54.280097,On or near Wooler Street,E01027811,Scarborough 008B,Shoplifting,Awaiting court outcome,
d7bbe7b21bafbb50988c7e8b8e737bcc7e056f10260577bc7fc7bd81b6d95e25,2026-01,North Yorkshire Police,North Yorkshire Police,-0.413295,54.280097,On or near Wooler Street,E01027811,Scarborough 008B,Shoplifting,Local resolution,
fb1b7c58bc4b7e70407ed6c29e5c4531b993a3d2626e00d736ca009b72881551,2026-01,North Yorkshire Police,North Yorkshire Police,-0.413295,54.280097,On or near Wooler Street,E01027811,Scarborough 008B,Shoplifting,Awaiting court outcome,
c5b5b56c0b1efd676b8875824a7f5a9d43a4bc6db99a57a57f88116a12b83a66,2026-01,North Yorkshire Police,North Yorkshire Police,-0.413295,54.280097,On or near Wooler Street,E01027811,Scarborough 008B,Shoplifting,Local resolution,
6d5dd9ce5565fa2f89fc358d556f912da952b9b38345ef58f7a099f00effc429,2026-01,North Yorkshire Police,North Yorkshire Police,-0.413295,54.280097,On or near Wooler Street,E01027811,Scarborough 008B,Shoplifting,Unable to prosecute suspect,
02599aab6e12765912d376546f62170db864b13de7ac2d886191cc8730b480bb,2026-01,North Yorkshire Police,North Yorkshire Police,-0.413295,54.280097,On or near Wooler Street,E01027811,Scarborough 008B,Shoplifting,Awaiting court outcome,
cefecfbf1b2582c0a4378724abfe0c230dac69130c875c4f113d10b767d72b81,2026-01,North Yorkshire Police,North Yorkshire Police,-0.413295,54.280097,On or near Wooler Street,E01027811,Scarborough 008B,Shoplifting,Investigation complete; no suspect identified,
889c00235b3434df07f17ef84b42e68c1dde64f8489189faf3ebda887caa45cb,2026-01,North Yorkshire Police,North Yorkshire Police,-0.413295,54.280097,On or near Wooler Street,E01027811,Scarborough 008B,Shoplifting,Investigation complete; no suspect identified,
795988f78a95dab675bfa45b8a381bf267741195db50857f796ae521db665346,2026-01,North Yorkshire Police,North Yorkshire Police,-0.413295,54.280097,On or near Wooler Street,E01027811,Scarborough 008B,Shoplifting,Awaiting court outcome,
5312a1414ebf29a305fff91b2f1356549399893872000cff90664d6b7c6ab99a,2026-01,North Yorkshire Police,North Yorkshire Police,-0.413295,54.280097,On or near Wooler Street,E01027811,Scarborough 008B,Shoplifting,Local resolution,
9cac588ff5d29f0156f49a482d44838a61f0b7c03144b1253bde00c7aa768bed,2026-01,North Yorkshire Police,North Yorkshire Police,-0.413295,54.280097,On or near Wooler Street,E01027811,Scarborough 008B,Shoplifting,Local resolution,
35d92dabc2456bc79f4eb59e038414f78867a52e83def5c080c64a151d38037e,2026-01,North Yorkshire Police,North Yorkshire Police,-0.413295,54.280097,On or near Wooler Street,E01027811,Scarborough 008B,Shoplifting,Local resolution,
ba22b660f482f75151783f088376f3631fe24ff64c7c485960e9cbfc28039d2b,2026-01,North Yorkshire Police,North Yorkshire Police,-0.413295,54.280097,On or near Wooler Street,E01027811,Scarborough 008B,Shoplifting,Investigation complete; no suspect identified,
45fecbe5cfebb025716fd6325dc6cb4f2e31a9780af546881f5fdcc24f635365,2026-01,North Yorkshire Police,North Yorkshire Police,-0.413295,54.280097,On or near Wooler Street,E01027811,Scarborough 008B,Shoplifting,Awaiting court outcome,
c9fe4a51584aee0f7c29d446b7c74a904e8561eaa907e52036ea1098e17c262c,2026-01,North Yorkshire Police,North Yorkshire Police,-0.413295,54.280097,On or near Wooler Street,E01027811,Scarborough 008B,Violence and sexual offences,Under investigation,
bde85f304f3da6a4a291d9327a24bfe323ce5d1ffcf1a894327cb3f8d1028cf3,2026-01,North Yorkshire Police,North Yorkshire Police,-0.413295,54.280097,On or near Wooler Street,E01027811,Scarborough 008B,Violence and sexual offences,Unable to prosecute suspect,
32e0330b8a2922eb0ea49e195dcfa23b12d64238e80e3bbb27d6597b8467206a,2026-01,North Yorkshire Police,North Yorkshire Police,-0.414713,54.281167,On or near Ireton Street,E01027811,Scarborough 008B,Violence and sexual offences,Unable to prosecute suspect,
9816fa0dd0e3034468f83e12e9a9881efa34e138ee00e1fb34511e64ccf9c0f0,2026-01,North Yorkshire Police,North Yorkshire Police,-0.416316,54.281422,On or near Caledonia Street,E01027811,Scarborough 008B,Violence and sexual offences,Unable to prosecute suspect,
1c79fe60223b2048ecfcb5dfd5f1fe73f7767d12600438c35076c79ea7ae0eb3,2026-01,North Yorkshire Police,North Yorkshire Police,-0.413295,54.280097,On or near Wooler Street,E01027811,Scarborough 008B,Violence and sexual offences,Unable to prosecute suspect,
,2026-01,North Yorkshire Police,North Yorkshire Police,-0.404759,54.283948,On or near Clifton Street,E01027812,Scarborough 008C,Anti-social behaviour,,
,2026-01,North Yorkshire Police,North Yorkshire Police,-0.408410,54.282891,On or near Cambridge Street,E01027812,Scarborough 008C,Anti-social behaviour,,
52985198beba15e13d2b820cd7f9ddba29d301a5d47f65bed5dd713411e265b5,2026-01,North Yorkshire Police,North Yorkshire Police,-0.410257,54.279599,On or near Norwood Street,E01027812,Scarborough 008C,Criminal damage and arson,Unable to prosecute suspect,
bb515dd94b68f509f8b06a4d459b1a5a8415f82dc1689220d67ed696c2eb8a3d,2026-01,North Yorkshire Police,North Yorkshire Police,-0.410257,54.279599,On or near Norwood Street,E01027812,Scarborough 008C,Criminal damage and arson,Under investigation,
f8cf6728867d71776e5d65a1ff623723065e94a13b9b0c4f903412818f360802,2026-01,North Yorkshire Police,North Yorkshire Police,-0.407259,54.281276,On or near Police Station,E01027812,Scarborough 008C,Criminal damage and arson,Awaiting court outcome,
c3ec8c2142f8a23be96d7c83e0795465ad59a0bfb59a1401c9d8b6fe65feb23d,2026-01,North Yorkshire Police,North Yorkshire Police,-0.407259,54.281276,On or near Police Station,E01027812,Scarborough 008C,Drugs,Under investigation,
4f56cecfd32d8b52222ad7880715d36144ad5d3ca911e0f405379964c3c31616,2026-01,North Yorkshire Police,North Yorkshire Police,-0.407259,54.281276,On or near Police Station,E01027812,Scarborough 008C,Drugs,Local resolution,
0e180292637bdf6bf5eafa84d6a40a0f9fff5fad81f654e4c81eea2aba5a2b36,2026-01,North Yorkshire Police,North Yorkshire Police,-0.404962,54.283475,On or near Victoria Street,E01027812,Scarborough 008C,Drugs,Under investigation,
04260d82da8a0ea527d43e65192fdd24760b22decaeee87234d001eaf6b7b83d,2026-01,North Yorkshire Police,North Yorkshire Police,-0.404962,54.283475,On or near Victoria Street,E01027812,Scarborough 008C,Other theft,Under investigation,
d218a47129ca5428bb199cd7a7283666b228efe9e3ec1a5b850f7a07ca381897,2026-01,North Yorkshire Police,North Yorkshire Police,-0.407348,54.282131,On or near Supermarket,E01027812,Scarborough 008C,Other theft,Unable to prosecute suspect,
c33ad4f4e9e53f2521f5e30fc1f08e91d5f74f7d8fae935a880ed924bda2ce73,2026-01,North Yorkshire Police,North Yorkshire Police,-0.407259,54.281276,On or near Police Station,E01027812,Scarborough 008C,Public order,Awaiting court outcome,
5c4c85f9d4678f1b8393c1f6a59eb797c372c2cfd29df878863b7759965ccc62,2026-01,North Yorkshire Police,North Yorkshire Police,-0.407259,54.281276,On or near Police Station,E01027812,Scarborough 008C,Public order,Awaiting court outcome,
17b52789ca49914d89df0656e7b659d8465c46d95dd453406f1c7717828a99cf,2026-01,North Yorkshire Police,North Yorkshire Police,-0.411697,54.278108,On or near Petrol Station,E01027812,Scarborough 008C,Shoplifting,Awaiting court outcome,
98701f4802637557a1b12e9c3967e4842b7cc383843f87d55c5f46bd61808c42,2026-01,North Yorkshire Police,North Yorkshire Police,-0.407348,54.282131,On or near Supermarket,E01027812,Scarborough 008C,Shoplifting,Local resolution,
c2ee1a35e881078da9d1037043c8e5664f35df215aa198413081a7be46b48cfc,2026-01,North Yorkshire Police,North Yorkshire Police,-0.407348,54.282131,On or near Supermarket,E01027812,Scarborough 008C,Shoplifting,Investigation complete; no suspect identified,
2aa0dbf1845457259d6540414b8e560f8f1e25992652749cffd52b8403f1ac88,2026-01,North Yorkshire Police,North Yorkshire Police,-0.407348,54.282131,On or near Supermarket,E01027812,Scarborough 008C,Shoplifting,Investigation complete; no suspect identified,
53c516820de886bfd95b031ac366cca1b3c6bd1064694d94ccf29b19ac1c1100,2026-01,North Yorkshire Police,North Yorkshire Police,-0.404962,54.283475,On or near Victoria Street,E01027812,Scarborough 008C,Violence and sexual offences,Unable to prosecute suspect,
74e99f028102855a144ff86cb07b79dfcfee1ecd7a0eb3571ed8ea721ad158fc,2026-01,North Yorkshire Police,North Yorkshire Police,-0.404962,54.283475,On or near Victoria Street,E01027812,Scarborough 008C,Violence and sexual offences,Unable to prosecute suspect,
6af6c8eca8b0ecf2289faedd9a3fb1be751d816354e7f85b8bffa13071962abf,2026-01,North Yorkshire Police,North Yorkshire Police,-0.410464,54.281004,On or near Morgan Street,E01027812,Scarborough 008C,Violence and sexual offences,Unable to prosecute suspect,
2db7487dc9e2201c28621999fd440625f574674cf8f7852aa27610cb9b82c59c,2026-01,North Yorkshire Police,North Yorkshire Police,-0.411428,54.279497,On or near Roscoe Street,E01027812,Scarborough 008C,Violence and sexual offences,Unable to prosecute suspect,
e5f7e4893aaa4c866be381c566eacec2aea04e74e39f53b8e08f0e97bb8cf46c,2026-01,North Yorkshire Police,North Yorkshire Police,-0.410257,54.279599,On or near Norwood Street,E01027812,Scarborough 008C,Violence and sexual offences,Under investigation,
a04065f80c984207e03a24b3ae2abfbe043b08d4a861ea3a40e7a8feeedeae4a,2026-01,North Yorkshire Police,North Yorkshire Police,-0.407348,54.282131,On or near Supermarket,E01027812,Scarborough 008C,Violence and sexual offences,Action to be taken by another organisation,
9dec84d18f0d2cef5d03a045a6445e7771aa2cdf3c58e93fc47e97beb1b4fb7c,2026-01,North Yorkshire Police,North Yorkshire Police,-0.408410,54.282891,On or near Cambridge Street,E01027812,Scarborough 008C,Violence and sexual offences,Under investigation,
e8ae1b5bb8ffa1c893bb7b2f7acb0e7168bc58bcfa9d169421b49cdab7d67a88,2026-01,North Yorkshire Police,North Yorkshire Police,-0.408410,54.282891,On or near Cambridge Street,E01027812,Scarborough 008C,Violence and sexual offences,Under investigation,
4eb205743e5f5286bc90b8178d5206634ff802e02827061693bedc5572c47f41,2026-01,North Yorkshire Police,North Yorkshire Police,-0.408410,54.282891,On or near Cambridge Street,E01027812,Scarborough 008C,Violence and sexual offences,Under investigation,
5856540a8a3d6365c28d4592797335db5ad4e9284895ce04276ed9262845d615,2026-01,North Yorkshire Police,North Yorkshire Police,-0.404962,54.283475,On or near Victoria Street,E01027812,Scarborough 008C,Violence and sexual offences,Unable to prosecute suspect,
f2225fa67d3058f173a408cbe0315580bfdad0f89c32c32b41ca934196d0f1ce,2026-01,North Yorkshire Police,North Yorkshire Police,-0.407259,54.281276,On or near Police Station,E01027812,Scarborough 008C,Other crime,Under investigation,
abcbe83c18e34f9f6eb80c56dad9a4fc49147b252b187af38064a2f77509eda3,2026-01,North Yorkshire Police,North Yorkshire Police,-0.416409,54.283392,On or near Nares Street,E01027851,Scarborough 008D,Violence and sexual offences,Under investigation,
810b3a2d7aa4bf314918d9ce1854086d916d3ec68c4a49fa7e721d33c9d14aea,2026-01,North Yorkshire Police,North Yorkshire Police,-0.410898,54.287679,On or near The Dene,E01027851,Scarborough 008D,Violence and sexual offences,Under investigation,
,2026-01,North Yorkshire Police,North Yorkshire Police,-0.415705,54.276129,On or near Seamer Road Corner,E01027862,Scarborough 008E,Anti-social behaviour,,
,2026-01,North Yorkshire Police,North Yorkshire Police,-0.409609,54.277667,On or near Belgrave Crescent,E01027862,Scarborough 008E,Anti-social behaviour,,
,2026-01,North Yorkshire Police,North Yorkshire Police,-0.411770,54.277003,On or near Glayton Court,E01027862,Scarborough 008E,Anti-social behaviour,,
cec80560538418de75aecf281d542e2cc49040b35849dab27f4f768f317c788a,2026-01,North Yorkshire Police,North Yorkshire Police,-0.415705,54.276129,On or near Seamer Road Corner,E01027862,Scarborough 008E,Criminal damage and arson,Under investigation,
291de00decb0c113faaab8718bdfc8c9a14d30b232b48383e334df98c3ef904e,2026-01,North Yorkshire Police,North Yorkshire Police,-0.409609,54.277667,On or near Belgrave Crescent,E01027862,Scarborough 008E,Criminal damage and arson,Unable to prosecute suspect,
604f843dad89856312d22176a940d5b8634cdb91e9f1a428565e2cf48ff80ddf,2026-01,North Yorkshire Police,North Yorkshire Police,-0.409609,54.277667,On or near Belgrave Crescent,E01027862,Scarborough 008E,Drugs,Local resolution,
fe2605258bd3361b2fa552649187a905804e69ff16fb85c858c649e98e51f4be,2026-01,North Yorkshire Police,North Yorkshire Police,-0.415705,54.276129,On or near Seamer Road Corner,E01027862,Scarborough 008E,Drugs,Under investigation,
b66191bd4e825ca62543fce1613d698dae65f8d7c45fe47cdd43112f23faa8bb,2026-01,North Yorkshire Police,North Yorkshire Police,-0.411770,54.277003,On or near Glayton Court,E01027862,Scarborough 008E,Public order,Awaiting court outcome,
7d22fbf9b01eb9fc11f9b896b33d1d79ef8bbcb41d403b406dd47315b3eae835,2026-01,North Yorkshire Police,North Yorkshire Police,-0.411770,54.277003,On or near Glayton Court,E01027862,Scarborough 008E,Public order,Awaiting court outcome,
1d841708cecb729ab9284c9fbfd8be97e516e88c0cef769cdd30232a51956626,2026-01,North Yorkshire Police,North Yorkshire Police,-0.411770,54.277003,On or near Glayton Court,E01027862,Scarborough 008E,Robbery,Local resolution,
7b0da38189d29dd44244b94d1c29b00428c29a73792f8f142cc76af856a82241,2026-01,North Yorkshire Police,North Yorkshire Police,-0.411770,54.277003,On or near Glayton Court,E01027862,Scarborough 008E,Shoplifting,Investigation complete; no suspect identified,
ba344aee821cc24fba6da2ebba7c4ccdacec0b1cccff6081a91f717164886b2f,2026-01,North Yorkshire Police,North Yorkshire Police,-0.413400,54.276953,On or near Falsgrave Road,E01027862,Scarborough 008E,Shoplifting,Investigation complete; no suspect identified,
160ccd402b27a0ad6a90558f1b5354764e81278735a631d1d6be1dd58e3fc528,2026-01,North Yorkshire Police,North Yorkshire Police,-0.413400,54.276953,On or near Falsgrave Road,E01027862,Scarborough 008E,Shoplifting,Awaiting court outcome,
867d34f76f23db43195c40fda8efbb9afeb22897babf220d4276eb244aa8fe9d,2026-01,North Yorkshire Police,North Yorkshire Police,-0.413400,54.276953,On or near Falsgrave Road,E01027862,Scarborough 008E,Vehicle crime,Unable to prosecute suspect,
1a1de792be48b8f00d4f8836ecb363158f1ec00bf48b5f9dde1ecb83e47a7b2b,2026-01,North Yorkshire Police,North Yorkshire Police,-0.419304,54.281596,On or near Manor Avenue,E01027862,Scarborough 008E,Vehicle crime,Investigation complete; no suspect identified,
ab45da965d05bad209237b5dfdfa6881fb4b8cddd3eb39983bd9078919499473,2026-01,North Yorkshire Police,North Yorkshire Police,-0.411770,54.277003,On or near Glayton Court,E01027862,Scarborough 008E,Vehicle crime,Investigation complete; no suspect identified,
80c47e1c63bbd747c33893bdc82b6be92e596e1a85812eed5971b812722e3e12,2026-01,North Yorkshire Police,North Yorkshire Police,-0.413400,54.276953,On or near Falsgrave Road,E01027862,Scarborough 008E,Vehicle crime,Investigation complete; no suspect identified,
a3ed7953f393a7f97462e5f20904c1b44e4cc74c97d7e29557d8ffc379b0795b,2026-01,North Yorkshire Police,North Yorkshire Police,-0.411487,54.277170,On or near All Saints Road,E01027862,Scarborough 008E,Violence and sexual offences,Investigation complete; no suspect identified,
041f565fed7b57ac314214c9f353d3dc689d6732e0d1107756d661454a2f9aea,2026-01,North Yorkshire Police,North Yorkshire Police,-0.415913,54.279502,On or near Wykeham Street,E01027862,Scarborough 008E,Violence and sexual offences,Unable to prosecute suspect,
7ee9b0cd9d5bcf7e9a200bda438b772327e1f1568318b429435e32d2d28219e7,2026-01,North Yorkshire Police,North Yorkshire Police,-0.415913,54.279502,On or near Wykeham Street,E01027862,Scarborough 008E,Violence and sexual offences,Unable to prosecute suspect,
8352cd02ce96bbcf56629d4e43917f9ba950075e43ef31251454a4212871bd95,2026-01,North Yorkshire Police,North Yorkshire Police,-0.415913,54.279502,On or near Wykeham Street,E01027862,Scarborough 008E,Violence and sexual offences,Unable to prosecute suspect,
dcfd4494d99dfaac7f871d4c332d38beb8f4df77408c5bfdc1879b0f0423f889,2026-01,North Yorkshire Police,North Yorkshire Police,-0.415913,54.279502,On or near Wykeham Street,E01027862,Scarborough 008E,Violence and sexual offences,Unable to prosecute suspect,
18d341c9c9c3fc1cd3ad7d5268d4c5c3b788ab8757e8b6cd87e41b5e5cd3b49f,2026-01,North Yorkshire Police,North Yorkshire Police,-0.409609,54.277667,On or near Belgrave Crescent,E01027862,Scarborough 008E,Violence and sexual offences,Under investigation,
bbc6b973f105fcd34783bd2e5f67c4fd839be0b864ba4ac98c92b72d74267319,2026-01,North Yorkshire Police,North Yorkshire Police,-0.419570,54.280683,On or near Alexandra Park,E01027862,Scarborough 008E,Violence and sexual offences,Under investigation,
ac00b672debed3232e1a7e762e3a455b3116030fa06d0f7728581d429c71a3aa,2026-01,North Yorkshire Police,North Yorkshire Police,-0.411487,54.277170,On or near All Saints Road,E01027862,Scarborough 008E,Other crime,Investigation complete; no suspect identified,
64421ca9359dc99bd46a09df9e6ae90da897fcd3dae55da4b74857dd3e414027,2026-01,North Yorkshire Police,North Yorkshire Police,-0.431285,54.273933,On or near Pollard Gardens,E01027824,Scarborough 009A,Criminal damage and arson,Investigation complete; no suspect identified,
873e22e5a186499643c34d6084c3fb7160086e345c807de92a144f699a5f7ebd,2026-01,North Yorkshire Police,North Yorkshire Police,-0.425714,54.271811,On or near Row Brow Court,E01027824,Scarborough 009A,Violence and sexual offences,Under investigation,
,2026-01,North Yorkshire Police,North Yorkshire Police,-0.416996,54.264084,On or near Tricourt,E01027825,Scarborough 009B,Anti-social behaviour,,
,2026-01,North Yorkshire Police,North Yorkshire Police,-0.416565,54.266100,On or near Seamer Road,E01027825,Scarborough 009B,Anti-social behaviour,,
,2026-01,North Yorkshire Police,North Yorkshire Police,-0.418082,54.268188,On or near Attlee Close,E01027825,Scarborough 009B,Anti-social behaviour,,
,2026-01,North Yorkshire Police,North Yorkshire Police,-0.417437,54.262175,On or near Lismore Road,E01027825,Scarborough 009B,Anti-social behaviour,,
4e95476e6ef71bc115a6b91e5744cd2afa714fee47dd1d2ca249700e584b651e,2026-01,North Yorkshire Police,North Yorkshire Police,-0.418082,54.268188,On or near Attlee Close,E01027825,Scarborough 009B,Criminal damage and arson,Unable to prosecute suspect,
09d0478244e7e436565ec5af94b0e5e9e444dd6b1d8630a99718723c516fc266,2026-01,North Yorkshire Police,North Yorkshire Police,-0.417251,54.269040,On or near Asquith Avenue,E01027825,Scarborough 009B,Drugs,Under investigation,
ee57895325705b1a4a6c2e365b14af2ffa35870d8bd5fe947405f9d498d098df,2026-01,North Yorkshire Police,North Yorkshire Police,-0.418516,54.269694,On or near Quarry Mount,E01027825,Scarborough 009B,Drugs,Unable to prosecute suspect,
662f4600f388e4273dfa964039c3478a4f8618fd08efaf5e31aaae10ca260f22,2026-01,North Yorkshire Police,North Yorkshire Police,-0.415462,54.262832,On or near Shopping Area,E01027825,Scarborough 009B,Drugs,Local resolution,
24a51220f14dda5691dee205651c35a9f487f8ce60bf21d2199e6b1a314684bb,2026-01,North Yorkshire Police,North Yorkshire Police,-0.415465,54.272773,On or near Depot Lane,E01027825,Scarborough 009B,Other theft,Unable to prosecute suspect,
ca103ee3cd8b397cb46bbeeb81709db9aa2370d9216a03a853c7a35e29c7a8e6,2026-01,North Yorkshire Police,North Yorkshire Police,-0.416565,54.266100,On or near Seamer Road,E01027825,Scarborough 009B,Shoplifting,Investigation complete; no suspect identified,
022e2c7ea4af30440c97eb66e727523621f759c560a77c6a907235d76c6499da,2026-01,North Yorkshire Police,North Yorkshire Police,-0.415462,54.262832,On or near Shopping Area,E01027825,Scarborough 009B,Shoplifting,Under investigation,
354db6fc40adcb4adb9116564939ea8d2a76a7fa396a4eed3a8dbd3703bee960,2026-01,North Yorkshire Police,North Yorkshire Police,-0.415462,54.262832,On or near Shopping Area,E01027825,Scarborough 009B,Shoplifting,Under investigation,
21badd6989ac8b29e6331855c893a87ea68da5d6b52740f3edbc619580daf2f7,2026-01,North Yorkshire Police,North Yorkshire Police,-0.415462,54.262832,On or near Shopping Area,E01027825,Scarborough 009B,Shoplifting,Investigation complete; no suspect identified,
7beb3f46e639d82a492865566dadd524601453a2cc5ee313da104b2821dee5de,2026-01,North Yorkshire Police,North Yorkshire Police,-0.416821,54.269052,On or near Harcourt Avenue,E01027825,Scarborough 009B,Violence and sexual offences,Under investigation,
7aff9c69ab246225b715cf9cd630cb4ad341ff693e3e991dafc0e7d339a68c91,2026-01,North Yorkshire Police,North Yorkshire Police,-0.415465,54.272773,On or near Depot Lane,E01027825,Scarborough 009B,Violence and sexual offences,Under investigation,
69c341fa88dcbd096959add654b9660a441d25ce36ca249d9d3bf58784d20b3c,2026-01,North Yorkshire Police,North Yorkshire Police,-0.418187,54.263039,On or near Wyecourt,E01027825,Scarborough 009B,Violence and sexual offences,Under investigation,
87f0048d794de556eaea79aa7758d468b4094f8fbda35b59bab883f87669b200,2026-01,North Yorkshire Police,North Yorkshire Police,-0.416821,54.269052,On or near Harcourt Avenue,E01027825,Scarborough 009B,Violence and sexual offences,Under investigation,
c80252efa6acf14819897bde096ea4b2fbfc9b9d24c54017e997402bfd6cf98b,2026-01,North Yorkshire Police,North Yorkshire Police,-0.416996,54.264084,On or near Tricourt,E01027825,Scarborough 009B,Violence and sexual offences,Awaiting court outcome,
0d040a98a2a7de72a8b585b364397720c4a4fad7b6cf293266044c372fd467ab,2026-01,North Yorkshire Police,North Yorkshire Police,-0.417437,54.262175,On or near Lismore Road,E01027825,Scarborough 009B,Violence and sexual offences,Unable to prosecute suspect,
09aed721b849343f98650be61374c5a82ec328dc55527d148956c9e1d4ada87b,2026-01,North Yorkshire Police,North Yorkshire Police,-0.418082,54.268188,On or near Attlee Close,E01027825,Scarborough 009B,Violence and sexual offences,Unable to prosecute suspect,
06cd6ffd3f635edd1ffc18504b5949fb31a33ffa3ca82571be1baa0d0fbb8e6f,2026-01,North Yorkshire Police,North Yorkshire Police,-0.417065,54.261864,On or near Ingle Close,E01027825,Scarborough 009B,Violence and sexual offences,Under investigation,
c44971c4e6cf4505f80a2eead6b785f21e9ff86c29a98071c6b04a2291ee3589,2026-01,North Yorkshire Police,North Yorkshire Police,-0.416423,54.275833,On or near Petrol Station,E01027826,Scarborough 009C,Shoplifting,Awaiting court outcome,
9ff165a1ddf14d616a2ece918c9c7ea698e019bb73e18cef7b61162c9c74f01d,2026-01,North Yorkshire Police,North Yorkshire Police,-0.417464,54.273905,On or near Springhill Road,E01027826,Scarborough 009C,Violence and sexual offences,Unable to prosecute suspect,
820e9b0bff97195bbe6daca0c831f70cb19a987c51c32e43577315676e52a409,2026-01,North Yorkshire Police,North Yorkshire Police,-0.417464,54.273905,On or near Springhill Road,E01027826,Scarborough 009C,Violence and sexual offences,Unable to prosecute suspect,
,2026-01,North Yorkshire Police,North Yorkshire Police,-0.419570,54.278679,On or near Harley Close,E01027861,Scarborough 009D,Anti-social behaviour,,
,2026-01,North Yorkshire Police,North Yorkshire Police,-0.424108,54.277686,On or near Stepney Rise,E01027861,Scarborough 009D,Anti-social behaviour,,
,2026-01,North Yorkshire Police,North Yorkshire Police,-0.419570,54.278679,On or near Harley Close,E01027861,Scarborough 009D,Anti-social behaviour,,
1e88836198ab03bf7312c3ef4de3bb29c2e68e0d2998f6ff223e60a312f722f9,2026-01,North Yorkshire Police,North Yorkshire Police,-0.424108,54.277686,On or near Stepney Rise,E01027861,Scarborough 009D,Criminal damage and arson,Unable to prosecute suspect,
febd4a23d98ac33dc8ecea67c824ca28f24169eeb4319f4ffb00882f8c11fd0e,2026-01,North Yorkshire Police,North Yorkshire Police,-0.418043,54.278847,On or near Hampton Road,E01027861,Scarborough 009D,Criminal damage and arson,Unable to prosecute suspect,
bcc3b80b4955614ba79a9ab8c9f4703320db51e37be3e03000fc8790ff450b26,2026-01,North Yorkshire Police,North Yorkshire Police,-0.424108,54.277686,On or near Stepney Rise,E01027861,Scarborough 009D,Criminal damage and arson,Unable to prosecute suspect,
1a40a3454388880eaca6f540a9e253bd0d555ee84fcd33454b3969eba6d5bdf1,2026-01,North Yorkshire Police,North Yorkshire Police,-0.416073,54.276934,On or near Acworth Street,E01027861,Scarborough 009D,Other theft,Unable to prosecute suspect,
f1e3f111d5c1394a5d2629d917d67bd2f0780c0944404a7d1a2328b633d9c7c3,2026-01,North Yorkshire Police,North Yorkshire Police,-0.417682,54.277045,On or near Cambridge Place,E01027861,Scarborough 009D,Other theft,Unable to prosecute suspect,
c2d16071ba06662bdf71b7bc2e1ac11ba85a143ea8fb77cfc3cf290a147f07d4,2026-01,North Yorkshire Police,North Yorkshire Police,-0.421101,54.277198,On or near Stepney Avenue,E01027861,Scarborough 009D,Vehicle crime,Investigation complete; no suspect identified,
c300cab4d4257075bda0ebee705a846974b2c71ba330a046837810a7ac09e5ee,2026-01,North Yorkshire Police,North Yorkshire Police,-0.424108,54.277686,On or near Stepney Rise,E01027861,Scarborough 009D,Violence and sexual offences,Unable to prosecute suspect,
30317ce7f989a6a2380eb6bc9321d0e869136b8719532a7f861cdac9d28c791f,2026-01,North Yorkshire Police,North Yorkshire Police,-0.417682,54.277045,On or near Cambridge Place,E01027861,Scarborough 009D,Violence and sexual offences,Under investigation,
2819d30a3eeea635aaa5e7d3ee8e907deafd06e286c31f54fc67e9e939bf5a0f,2026-01,North Yorkshire Police,North Yorkshire Police,-0.424108,54.277686,On or near Stepney Rise,E01027861,Scarborough 009D,Violence and sexual offences,Unable to prosecute suspect,
1a5e11836af395157aacad4c05711da19af33213b9c7abe985848b17e9c0ac06,2026-01,North Yorkshire Police,North Yorkshire Police,-0.424108,54.277686,On or near Stepney Rise,E01027861,Scarborough 009D,Violence and sexual offences,Under investigation,
5d5952dc950723dba403108c016657a94e98630d3c092f540c3885e358d5c30a,2026-01,North Yorkshire Police,North Yorkshire Police,-0.424108,54.277686,On or near Stepney Rise,E01027861,Scarborough 009D,Violence and sexual offences,Under investigation,
73e9f91d402b5f76ed6527ed93af261e362838e2b2c254c0a09a303f3a28a3ab,2026-01,North Yorkshire Police,North Yorkshire Police,-0.424108,54.277686,On or near Stepney Rise,E01027861,Scarborough 009D,Violence and sexual offences,Unable to prosecute suspect,
205e336aed4cc4de1afb84ed346abd15b8fd9576d7b6c996eafe20949f949087,2026-01,North Yorkshire Police,North Yorkshire Police,-0.424108,54.277686,On or near Stepney Rise,E01027861,Scarborough 009D,Violence and sexual offences,Unable to prosecute suspect,
f68f4c7e34a739b894717840d00534b335b2d29906bf980d9d9bead51776242d,2026-01,North Yorkshire Police,North Yorkshire Police,-0.419570,54.278679,On or near Harley Close,E01027861,Scarborough 009D,Violence and sexual offences,Unable to prosecute suspect,
587091fbe0eb28ba24a104bf5552181ff87457799823b5f1fe561f20a8758976,2026-01,North Yorkshire Police,North Yorkshire Police,-0.424108,54.277686,On or near Stepney Rise,E01027861,Scarborough 009D,Violence and sexual offences,Under investigation,
1e3e2702dfd49cc9f2b439d09657b59f5ef42294b051222dcac9e3fbfd42ac42,2026-01,North Yorkshire Police,North Yorkshire Police,-0.429767,54.277499,On or near Stepney Close,E01027863,Scarborough 009E,Other crime,Under investigation,
,2026-01,North Yorkshire Police,North Yorkshire Police,-0.438770,54.278659,On or near Dalby Close,E01027873,Scarborough 009F,Anti-social behaviour,,
3fffae19fdc2cbb7ca1f53779a72085f7420607913ea30f711f30c175d545f94,2026-01,North Yorkshire Police,North Yorkshire Police,-0.430827,54.283571,On or near Woodland Grove,E01027873,Scarborough 009F,Burglary,Investigation complete; no suspect identified,
7218d5b4d48a41f96bf507c44677f5103bb35fc029606f46f512fb51d144705e,2026-01,North Yorkshire Police,North Yorkshire Police,-0.442892,54.275656,On or near Parking Area,E01027873,Scarborough 009F,Criminal damage and arson,Awaiting court outcome,
0707d69963abd7ecd9bbab8d0f3bc64cfc6392436dcb7dd7dd6ac53911eda6c3,2026-01,North Yorkshire Police,North Yorkshire Police,-0.434707,54.281707,On or near Hospital,E01027873,Scarborough 009F,Criminal damage and arson,Under investigation,
8617403c14f394a03a8e07656bfce53b56f879c57266638bc2a726038471a580,2026-01,North Yorkshire Police,North Yorkshire Police,-0.434707,54.281707,On or near Hospital,E01027873,Scarborough 009F,Violence and sexual offences,Under investigation,
7bef8cc1fda0503174b7d74d5d1bf5d6f9ffbcdc705204990fcde4b4ea360ac8,2026-01,North Yorkshire Police,North Yorkshire Police,-0.440072,54.279216,On or near ,E01027873,Scarborough 009F,Violence and sexual offences,Unable to prosecute suspect,
17748a3707579b93fe95323843f444576d9deda69318c51f2725f1f43b533486,2026-01,North Yorkshire Police,North Yorkshire Police,-0.434707,54.281707,On or near Hospital,E01027873,Scarborough 009F,Violence and sexual offences,Awaiting court outcome,
c16d5b4503d44315ad0fe4444e771586a162dfbf841feccc77f07c3f1a7e491c,2026-01,North Yorkshire Police,North Yorkshire Police,-0.434707,54.281707,On or near Hospital,E01027873,Scarborough 009F,Violence and sexual offences,Awaiting court outcome,
acb409c99dbf62e0305142f87e12c8933a2f2a8aa444fda455b7e74341dad25c,2026-01,North Yorkshire Police,North Yorkshire Police,-0.441306,54.284732,On or near Lady Edith'S Drive,E01027873,Scarborough 009F,Violence and sexual offences,Under investigation,
,2026-01,North Yorkshire Police,North Yorkshire Police,-0.398815,54.280742,On or near St Nicholas Cliff,E01027804,Scarborough 010A,Anti-social behaviour,,
,2026-01,North Yorkshire Police,North Yorkshire Police,-0.400915,54.282121,On or near ,E01027804,Scarborough 010A,Anti-social behaviour,,
,2026-01,North Yorkshire Police,North Yorkshire Police,-0.404802,54.280857,On or near Alma Square,E01027804,Scarborough 010A,Anti-social behaviour,,
,2026-01,North Yorkshire Police,North Yorkshire Police,-0.400915,54.282121,On or near ,E01027804,Scarborough 010A,Anti-social behaviour,,
,2026-01,North Yorkshire Police,North Yorkshire Police,-0.403194,54.278741,On or near Plantation Hill,E01027804,Scarborough 010A,Anti-social behaviour,,
,2026-01,North Yorkshire Police,North Yorkshire Police,-0.399993,54.280874,On or near Falconers Road,E01027804,Scarborough 010A,Anti-social behaviour,,
,2026-01,North Yorkshire Police,North Yorkshire Police,-0.403990,54.280010,On or near Parking Area,E01027804,Scarborough 010A,Anti-social behaviour,,
,2026-01,North Yorkshire Police,North Yorkshire Police,-0.405857,54.281770,On or near Parking Area,E01027804,Scarborough 010A,Anti-social behaviour,,
,2026-01,North Yorkshire Police,North Yorkshire Police,-0.402986,54.279745,On or near Somerset Terrace,E01027804,Scarborough 010A,Anti-social behaviour,,
,2026-01,North Yorkshire Police,North Yorkshire Police,-0.405966,54.280540,On or near Theatre/Concert Hall,E01027804,Scarborough 010A,Anti-social behaviour,,
,2026-01,North Yorkshire Police,North Yorkshire Police,-0.400915,54.282121,On or near ,E01027804,Scarborough 010A,Anti-social behaviour,,
,2026-01,North Yorkshire Police,North Yorkshire Police,-0.400915,54.282121,On or near ,E01027804,Scarborough 010A,Anti-social behaviour,,
,2026-01,North Yorkshire Police,North Yorkshire Police,-0.404802,54.280857,On or near Alma Square,E01027804,Scarborough 010A,Anti-social behaviour,,
,2026-01,North Yorkshire Police,North Yorkshire Police,-0.408715,54.277763,On or near Belgrave Terrace,E01027804,Scarborough 010A,Anti-social behaviour,,
,2026-01,North Yorkshire Police,North Yorkshire Police,-0.399751,54.280781,On or near Parking Area,E01027804,Scarborough 010A,Anti-social behaviour,,
,2026-01,North Yorkshire Police,North Yorkshire Police,-0.400915,54.282121,On or near ,E01027804,Scarborough 010A,Anti-social behaviour,,
,2026-01,North Yorkshire Police,North Yorkshire Police,-0.404056,54.282654,On or near Albemarle Back Road,E01027804,Scarborough 010A,Anti-social behaviour,,
,2026-01,North Yorkshire Police,North Yorkshire Police,-0.408715,54.277763,On or near Belgrave Terrace,E01027804,Scarborough 010A,Anti-social behaviour,,
,2026-01,North Yorkshire Police,North Yorkshire Police,-0.405503,54.280983,On or near Alma Parade,E01027804,Scarborough 010A,Anti-social behaviour,,
,2026-01,North Yorkshire Police,North Yorkshire Police,-0.403194,54.278741,On or near Plantation Hill,E01027804,Scarborough 010A,Anti-social behaviour,,
,2026-01,North Yorkshire Police,North Yorkshire Police,-0.403647,54.281051,On or near ,E01027804,Scarborough 010A,Anti-social behaviour,,
,2026-01,North Yorkshire Police,North Yorkshire Police,-0.407373,54.279498,On or near Belle Vue Parade,E01027804,Scarborough 010A,Anti-social behaviour,,
,2026-01,North Yorkshire Police,North Yorkshire Police,-0.398815,54.280742,On or near St Nicholas Cliff,E01027804,Scarborough 010A,Anti-social behaviour,,
,2026-01,North Yorkshire Police,North Yorkshire Police,-0.405857,54.281770,On or near Parking Area,E01027804,Scarborough 010A,Anti-social behaviour,,
3a866455cd792c386823f15065ed4094682f17e610cbe56ad172cc9a0f779ae8,2026-01,North Yorkshire Police,North Yorkshire Police,-0.405857,54.281770,On or near Parking Area,E01027804,Scarborough 010A,Burglary,Under investigation,
dd98b1cf6eca8b64b4334ede483a05e4c255dc6e03e46923f77dc749704c8605,2026-01,North Yorkshire Police,North Yorkshire Police,-0.404802,54.280857,On or near Alma Square,E01027804,Scarborough 010A,Criminal damage and arson,Unable to prosecute suspect,
375d611d59aafc295e22eaa1fdcd07e7049b661490f1902ccee5f44ee7dc9daa,2026-01,North Yorkshire Police,North Yorkshire Police,-0.404446,54.280520,On or near Nightclub,E01027804,Scarborough 010A,Criminal damage and arson,Awaiting court outcome,
a89ce263a3bc3970253c939c33512c965efe2288fb5dc77b0e7c15dfab0907dc,2026-01,North Yorkshire Police,North Yorkshire Police,-0.404446,54.280520,On or near Nightclub,E01027804,Scarborough 010A,Criminal damage and arson,Awaiting court outcome,
982e9a9c672a66cd29cc51906ceee56aced27f8579d929f29bb751d6eff549a7,2026-01,North Yorkshire Police,North Yorkshire Police,-0.405857,54.281770,On or near Parking Area,E01027804,Scarborough 010A,Criminal damage and arson,Under investigation,
fe2b3c559dc93733e4bc9e831e52149fdbd9c75a2cfaeda20d8bd9033242a716,2026-01,North Yorkshire Police,North Yorkshire Police,-0.405857,54.281770,On or near Parking Area,E01027804,Scarborough 010A,Criminal damage and arson,Investigation complete; no suspect identified,
34b51839d096c70ba25a01109581dab272d84f15a4448558f845a52b1c2240e5,2026-01,North Yorkshire Police,North Yorkshire Police,-0.404802,54.280857,On or near Alma Square,E01027804,Scarborough 010A,Criminal damage and arson,Under investigation,
759477e026f596aea24d70724d7862effc909c7a6894354e38e4c9c004f5dcd2,2026-01,North Yorkshire Police,North Yorkshire Police,-0.398815,54.280742,On or near St Nicholas Cliff,E01027804,Scarborough 010A,Criminal damage and arson,Unable to prosecute suspect,
900ff9a40f6954b06cad5be7ea6133ebc923327dfb40af29d5f34babefc78b73,2026-01,North Yorkshire Police,North Yorkshire Police,-0.404665,54.278042,On or near Further/Higher Educational Building,E01027804,Scarborough 010A,Criminal damage and arson,Under investigation,
7d8e61573fe24aaf75d1a3503d9bdfca5e4e04feb86090949df0af5ffd8feb81,2026-01,North Yorkshire Police,North Yorkshire Police,-0.398815,54.280742,On or near St Nicholas Cliff,E01027804,Scarborough 010A,Drugs,Awaiting court outcome,
50c3688306e9b2242ce65cf209fd95b5bcd1a9e41ad33c04509db9e7e66412cf,2026-01,North Yorkshire Police,North Yorkshire Police,-0.404802,54.280857,On or near Alma Square,E01027804,Scarborough 010A,Drugs,Local resolution,
13ebc0cd031ceab6eb199aa4ad53b589d4aa816f8c6875593be50dde4cf872f0,2026-01,North Yorkshire Police,North Yorkshire Police,-0.403647,54.281051,On or near ,E01027804,Scarborough 010A,Other theft,Under investigation,
bde1855f2db68deca7f0743eb16c775dd1a215d3f5969befa2d398dfedbcd968,2026-01,North Yorkshire Police,North Yorkshire Police,-0.408715,54.277763,On or near Belgrave Terrace,E01027804,Scarborough 010A,Other theft,Unable to prosecute suspect,
c5cf5341385675c9c80a911e232ac56dd666bcdf286421d6595de076c721740b,2026-01,North Yorkshire Police,North Yorkshire Police,-0.408715,54.277763,On or near Belgrave Terrace,E01027804,Scarborough 010A,Other theft,Unable to prosecute suspect,
471968daaba88d06ff3b93f3cf0bf2d60c20b482edfe8a0dff2824f5a9fcec84,2026-01,North Yorkshire Police,North Yorkshire Police,-0.404802,54.280857,On or near Alma Square,E01027804,Scarborough 010A,Other theft,Unable to prosecute suspect,
be60e88fb433430453445715d18ff72021a8a9113c1a5640ccf825161acb2fe8,2026-01,North Yorkshire Police,North Yorkshire Police,-0.398815,54.280742,On or near St Nicholas Cliff,E01027804,Scarborough 010A,Public order,Unable to prosecute suspect,
e26bf9f41942902a4e1ded9be618f9d809d3a3875c89da9c9f6e26135d4fd8d5,2026-01,North Yorkshire Police,North Yorkshire Police,-0.407373,54.279498,On or near Belle Vue Parade,E01027804,Scarborough 010A,Public order,Under investigation,
0bcd1d471c3b663b61d121e7e8045f43afecd655d9088ad43c41f435a93b7d4e,2026-01,North Yorkshire Police,North Yorkshire Police,-0.403990,54.280010,On or near Parking Area,E01027804,Scarborough 010A,Public order,Under investigation,
c7f4111aa60d2f5abf4e30593fb6c67c403e8a5446e349fcfe7af6e834df15a9,2026-01,North Yorkshire Police,North Yorkshire Police,-0.408997,54.278405,On or near Victoria Parade,E01027804,Scarborough 010A,Public order,Under investigation,
1ac218c76cb078e8ccf71fe7c03644c0a79c605b211c122cde87739a8d35e520,2026-01,North Yorkshire Police,North Yorkshire Police,-0.404446,54.280520,On or near Nightclub,E01027804,Scarborough 010A,Public order,Awaiting court outcome,
758ebef967eb071ae12fa9f53216e5dbaf7bb08b361f2b1a02aed525f636e4ee,2026-01,North Yorkshire Police,North Yorkshire Police,-0.404802,54.280857,On or near Alma Square,E01027804,Scarborough 010A,Public order,Awaiting court outcome,
7a8628f8df7f127115ea7447ea2bb42d37aede93a8b3405b47618dfa8f7ce9c1,2026-01,North Yorkshire Police,North Yorkshire Police,-0.403990,54.280010,On or near Parking Area,E01027804,Scarborough 010A,Public order,Under investigation,
7722590e6a7ab8672e5512d8af588fb7076ccb3b44c8629d4bca6391ea2bd82f,2026-01,North Yorkshire Police,North Yorkshire Police,-0.408997,54.278405,On or near Victoria Parade,E01027804,Scarborough 010A,Public order,Local resolution,
4fdb3e08858e8366a4fbf7d2b7c994312bad5c862f04425b87fff8c3fe5556b9,2026-01,North Yorkshire Police,North Yorkshire Police,-0.405503,54.280983,On or near Alma Parade,E01027804,Scarborough 010A,Public order,Investigation complete; no suspect identified,
241f3c8d1ebcf713eb9141add6ba2066186b40e8aa03520ef9f11ea5267986a8,2026-01,North Yorkshire Police,North Yorkshire Police,-0.404446,54.280520,On or near Nightclub,E01027804,Scarborough 010A,Public order,Awaiting court outcome,
66c2914112fbf0086b6c35520139f463e51e3c293cb6e53502c622a31a365d0f,2026-01,North Yorkshire Police,North Yorkshire Police,-0.400915,54.282121,On or near ,E01027804,Scarborough 010A,Public order,Investigation complete; no suspect identified,
21ba99ff4a6f84bb92cf672a56edc471839962bd98dff116ca007bfcd678af26,2026-01,North Yorkshire Police,North Yorkshire Police,-0.403647,54.281051,On or near ,E01027804,Scarborough 010A,Public order,Under investigation,
6db236cd0c76c3b564c8e7ee5dfa251c755195dc557438f0056628feb79039ef,2026-01,North Yorkshire Police,North Yorkshire Police,-0.402404,54.280888,On or near Shopping Area,E01027804,Scarborough 010A,Shoplifting,Investigation complete; no suspect identified,
5aa295a8d76de24dc41d9f40885d1aa053a3920a4c9ab1c2c531d3398b9622d6,2026-01,North Yorkshire Police,North Yorkshire Police,-0.403647,54.281051,On or near ,E01027804,Scarborough 010A,Shoplifting,Under investigation,
f13964964d744e2d90fb2bdab2f0a2b48311703651179520c2c9cdea77c815b2,2026-01,North Yorkshire Police,North Yorkshire Police,-0.402404,54.280888,On or near Shopping Area,E01027804,Scarborough 010A,Shoplifting,Investigation complete; no suspect identified,
9421129ecbb14bc0f325502f50bd6c8a41a3475687e0ce5bd2339d405891041c,2026-01,North Yorkshire Police,North Yorkshire Police,-0.402404,54.280888,On or near Shopping Area,E01027804,Scarborough 010A,Shoplifting,Investigation complete; no suspect identified,
a8616b1d20b58261ab2e884881f8cbf703f149d98209a8a3b511cd0dc4b7beb1,2026-01,North Yorkshire Police,North Yorkshire Police,-0.403990,54.280010,On or near Parking Area,E01027804,Scarborough 010A,Shoplifting,Awaiting court outcome,
0333766e07921b422647cbe55cdbc49d8ec63789cf57ff42c4762b8273f5b915,2026-01,North Yorkshire Police,North Yorkshire Police,-0.404665,54.278042,On or near Further/Higher Educational Building,E01027804,Scarborough 010A,Shoplifting,Investigation complete; no suspect identified,
5a000f88a602fe84234741cb86508e64b33e5531cff154f972885bf50f762aec,2026-01,North Yorkshire Police,North Yorkshire Police,-0.404665,54.278042,On or near Further/Higher Educational Building,E01027804,Scarborough 010A,Shoplifting,Awaiting court outcome,
c9a5a4c9af2a7da7d273fcadc450893ddd8bf43a7855992b4ac4358223fb5ca8,2026-01,North Yorkshire Police,North Yorkshire Police,-0.402404,54.280888,On or near Shopping Area,E01027804,Scarborough 010A,Shoplifting,Suspect charged as part of another case,
4d4ea380c5101056fd9e0e382b8977c516fb663fac8e132c28de2cd68dcb12bc,2026-01,North Yorkshire Police,North Yorkshire Police,-0.404665,54.278042,On or near Further/Higher Educational Building,E01027804,Scarborough 010A,Shoplifting,Awaiting court outcome,
a457afdc1a4e7b905886f4c58829f8abe7aa433e8623e0321a68f070ff45df84,2026-01,North Yorkshire Police,North Yorkshire Police,-0.404665,54.278042,On or near Further/Higher Educational Building,E01027804,Scarborough 010A,Shoplifting,Awaiting court outcome,
b6b5f8f1d6be39afb16ad346c4addee1d54b0379e28ffbddc93e089c15f63359,2026-01,North Yorkshire Police,North Yorkshire Police,-0.403990,54.280010,On or near Parking Area,E01027804,Scarborough 010A,Shoplifting,Investigation complete; no suspect identified,
9fc293d8d33caa677035cb4c75b7f04fc5dc5fadcba1274dc1214d3eac89d846,2026-01,North Yorkshire Police,North Yorkshire Police,-0.403647,54.281051,On or near ,E01027804,Scarborough 010A,Shoplifting,Under investigation,
ce120b2e93688c5a34a6a2384c0b14936a7a0e0a4aff210119f8a17e6f9435b9,2026-01,North Yorkshire Police,North Yorkshire Police,-0.403090,54.280619,On or near York Place,E01027804,Scarborough 010A,Shoplifting,Awaiting court outcome,
3f0f6cb14b5d6416ca3c06a16bea4351604aa9cc63f2d33b9f8d52a913425872,2026-01,North Yorkshire Police,North Yorkshire Police,-0.404802,54.280857,On or near Alma Square,E01027804,Scarborough 010A,Violence and sexual offences,Under investigation,
b66aa546747615df204728146a99eda91995a0283355b57868b876bc2154cb6e,2026-01,North Yorkshire Police,North Yorkshire Police,-0.408715,54.277763,On or near Belgrave Terrace,E01027804,Scarborough 010A,Violence and sexual offences,Unable to prosecute suspect,
376ddd55505590b29a90668919a0b0ae929982152afc8678b2c6bfee33edf186,2026-01,North Yorkshire Police,North Yorkshire Police,-0.405857,54.281770,On or near Parking Area,E01027804,Scarborough 010A,Violence and sexual offences,Under investigation,
7728156832cfc37a5ff212404c66a7f387aacbbcb29a3416bb3fcd2194a68a2a,2026-01,North Yorkshire Police,North Yorkshire Police,-0.408715,54.277763,On or near Belgrave Terrace,E01027804,Scarborough 010A,Violence and sexual offences,Unable to prosecute suspect,
096c4ae9c92d0d3bcb73f31de21cffc32f3f1c9a4910f1b094871b76c2f547ff,2026-01,North Yorkshire Police,North Yorkshire Police,-0.398815,54.280742,On or near St Nicholas Cliff,E01027804,Scarborough 010A,Violence and sexual offences,Unable to prosecute suspect,
98745c8ddaf2bffd36cc1c82ffb6d6c906cc16ced284d57ebf1adc12d28ac6f4,2026-01,North Yorkshire Police,North Yorkshire Police,-0.408715,54.277763,On or near Belgrave Terrace,E01027804,Scarborough 010A,Violence and sexual offences,Unable to prosecute suspect,
4bde5c48a194dc9efb24c538c7be3993a09fcd8e4481e09887f1c29a1c7875c1,2026-01,North Yorkshire Police,North Yorkshire Police,-0.398815,54.280742,On or near St Nicholas Cliff,E01027804,Scarborough 010A,Violence and sexual offences,Under investigation,
f856f73b15e881951017a0358733bdc945f12d6aaa79e58b426d370cfd435c62,2026-01,North Yorkshire Police,North Yorkshire Police,-0.409549,54.275248,On or near Westwood Gardens,E01027804,Scarborough 010A,Violence and sexual offences,Awaiting court outcome,
fa7e764b09793c4eb2ef298f5bde2d2c0e7e65c5dc00b200afad59391791e4a2,2026-01,North Yorkshire Police,North Yorkshire Police,-0.408997,54.278405,On or near Victoria Parade,E01027804,Scarborough 010A,Violence and sexual offences,Under investigation,
d30d8a3722ae240d0caf014113cb135b6c682ee88c439a8a6daddc87a4bda6dc,2026-01,North Yorkshire Police,North Yorkshire Police,-0.399751,54.280781,On or near Parking Area,E01027804,Scarborough 010A,Violence and sexual offences,Unable to prosecute suspect,
dbe6d169f94d348bd0aaf02c42e885bb056c80f874eb7d622197791635052b9a,2026-01,North Yorkshire Police,North Yorkshire Police,-0.404802,54.280857,On or near Alma Square,E01027804,Scarborough 010A,Violence and sexual offences,Under investigation,
837563cbdc0f567cc6a46c7c0612a455439b1a820ae27decbaa5117115e443d6,2026-01,North Yorkshire Police,North Yorkshire Police,-0.403990,54.280010,On or near Parking Area,E01027804,Scarborough 010A,Violence and sexual offences,Under investigation,
c40161016a75403f59bbc54df99b6fb0fe59bc4f71cde40df7eacbd104b4b0ed,2026-01,North Yorkshire Police,North Yorkshire Police,-0.404802,54.280857,On or near Alma Square,E01027804,Scarborough 010A,Violence and sexual offences,Awaiting court outcome,
f33409c5463b86edab670ecc0eb83b933f6f3364ad03f98817c6afa6a0f1b575,2026-01,North Yorkshire Police,North Yorkshire Police,-0.404041,54.277494,On or near Park/Open Space,E01027804,Scarborough 010A,Violence and sexual offences,Under investigation,
983a823adcea0236e8a170c94a67894fb5762acc3f4ba4956773eb354033b412,2026-01,North Yorkshire Police,North Yorkshire Police,-0.398805,54.279816,On or near Cliff Bridge Terrace,E01027804,Scarborough 010A,Violence and sexual offences,Unable to prosecute suspect,
2a417bf46f5f60c801852f7a4cac8fc69edaf5dc5b64b438b75a6487dc58bc99,2026-01,North Yorkshire Police,North Yorkshire Police,-0.408838,54.278960,On or near Belle Vue Place,E01027804,Scarborough 010A,Violence and sexual offences,Unable to prosecute suspect,
aafaa9db6384fb8c04c149c7bbbae6a1831d46671ab7c1167726e82cd1661052,2026-01,North Yorkshire Police,North Yorkshire Police,-0.403647,54.281051,On or near ,E01027804,Scarborough 010A,Violence and sexual offences,Under investigation,
02afe81dabcf2005d4b28db604851045eb5ae5a4a9b600bdc50aeb11a27fa2ea,2026-01,North Yorkshire Police,North Yorkshire Police,-0.408469,54.278568,On or near Arundel Place,E01027804,Scarborough 010A,Violence and sexual offences,Unable to prosecute suspect,
21e7ce3f9b42d16e54edf28f11408b81e95c328a53a9033a7156897ff89b66c4,2026-01,North Yorkshire Police,North Yorkshire Police,-0.407106,54.280851,On or near Victoria Road,E01027804,Scarborough 010A,Violence and sexual offences,Unable to prosecute suspect,
ba8fdd19fa1080ff0ae8ed9d0a0c09b5738c7640f55dae8a7f629d262644d6fc,2026-01,North Yorkshire Police,North Yorkshire Police,-0.403194,54.278741,On or near Plantation Hill,E01027804,Scarborough 010A,Violence and sexual offences,Under investigation,
bddcae382e5e0de1a1c568b5f40f06fd8dbb9fb572f9c8b5bce70e5d9ec60835,2026-01,North Yorkshire Police,North Yorkshire Police,-0.404802,54.280857,On or near Alma Square,E01027804,Scarborough 010A,Violence and sexual offences,Unable to prosecute suspect,
22153d3b0691f633e43069d3c860bd14996c79d2ea2284aacd54d2ff130fe59a,2026-01,North Yorkshire Police,North Yorkshire Police,-0.405857,54.281770,On or near Parking Area,E01027804,Scarborough 010A,Violence and sexual offences,Under investigation,
fa044d5116bc9b79f1b6e926bf57233135cdae74584feccafb9c6122563f5873,2026-01,North Yorkshire Police,North Yorkshire Police,-0.403647,54.281051,On or near ,E01027804,Scarborough 010A,Violence and sexual offences,Under investigation,
ca0d621189a2fb717afdf8b246447105a9c17fc3bf2aeffbb86f066cc823d5cb,2026-01,North Yorkshire Police,North Yorkshire Police,-0.405857,54.281770,On or near Parking Area,E01027804,Scarborough 010A,Violence and sexual offences,Unable to prosecute suspect,
97db5d0cfca7c1f60fd454552306e8892fda9a15730653ad3e41adbcbb0a8ee6,2026-01,North Yorkshire Police,North Yorkshire Police,-0.400915,54.282121,On or near ,E01027804,Scarborough 010A,Violence and sexual offences,Unable to prosecute suspect,
53220cbcb17afe93ba7345e621c1d747340462e23688ba7f43ba6e0acc4416cf,2026-01,North Yorkshire Police,North Yorkshire Police,-0.403015,54.279386,On or near Crescent Back Road,E01027804,Scarborough 010A,Violence and sexual offences,Unable to prosecute suspect,
16d4e94214b66225941aca048d437f5602fa08154ef4e707bcc8ee707c8b37ab,2026-01,North Yorkshire Police,North Yorkshire Police,-0.404802,54.280857,On or near Alma Square,E01027804,Scarborough 010A,Violence and sexual offences,Unable to prosecute suspect,
57e30d7da4642db03442aa1310885d2442be08e4552da57d0ad5cc1e8258060d,2026-01,North Yorkshire Police,North Yorkshire Police,-0.408838,54.278960,On or near Belle Vue Place,E01027804,Scarborough 010A,Violence and sexual offences,Under investigation,
04efa7cea600145c5d32ba5bd61eed06d2e1f5a4655e0b1ba45e2b35044244fd,2026-01,North Yorkshire Police,North Yorkshire Police,-0.408838,54.278960,On or near Belle Vue Place,E01027804,Scarborough 010A,Violence and sexual offences,Unable to prosecute suspect,
d48559dd1b402e73f08b6d54b7a5d1fc608242d4a250987ed390aee4187f7729,2026-01,North Yorkshire Police,North Yorkshire Police,-0.400915,54.282121,On or near ,E01027804,Scarborough 010A,Violence and sexual offences,Under investigation,
561491cdedb5a936b7f21d64896cfc57fb9fabd7cb7dab4ff522977011f52cd6,2026-01,North Yorkshire Police,North Yorkshire Police,-0.404802,54.280857,On or near Alma Square,E01027804,Scarborough 010A,Violence and sexual offences,Unable to prosecute suspect,
4cf3936f97caa1f0c9ef10200abfb9e52d806c8e89edd6b2039dc311771781a1,2026-01,North Yorkshire Police,North Yorkshire Police,-0.403925,54.281672,On or near Aberdeen Lane,E01027804,Scarborough 010A,Violence and sexual offences,Under investigation,
21e7ce3f9b42d16e54edf28f11408b81e95c328a53a9033a7156897ff89b66c4,2026-01,North Yorkshire Police,North Yorkshire Police,-0.407106,54.280851,On or near Victoria Road,E01027804,Scarborough 010A,Violence and sexual offences,Under investigation,
4cfce1a5395a5a4cc71e4b9991be5096c49aeac736117c5da436bdc4cafb58da,2026-01,North Yorkshire Police,North Yorkshire Police,-0.408838,54.278960,On or near Belle Vue Place,E01027804,Scarborough 010A,Violence and sexual offences,Unable to prosecute suspect,
fdff5685ed2e7a4f5c79c371e0367f63552411e76a0280dd261e34256512ece6,2026-01,North Yorkshire Police,North Yorkshire Police,-0.403990,54.280010,On or near Parking Area,E01027804,Scarborough 010A,Violence and sexual offences,Unable to prosecute suspect,
4cf3936f97caa1f0c9ef10200abfb9e52d806c8e89edd6b2039dc311771781a1,2026-01,North Yorkshire Police,North Yorkshire Police,-0.403925,54.281672,On or near Aberdeen Lane,E01027804,Scarborough 010A,Violence and sexual offences,Under investigation,
ce8ba29bc024544e1a0c89dc5c7178ba61d0b410b8c248180a3a6a1d31d539b6,2026-01,North Yorkshire Police,North Yorkshire Police,-0.407579,54.276157,On or near Westwood Close,E01027804,Scarborough 010A,Violence and sexual offences,Unable to prosecute suspect,
,2026-01,North Yorkshire Police,North Yorkshire Police,-0.405257,54.275830,On or near Grosvenor Road,E01027852,Scarborough 010B,Anti-social behaviour,,
,2026-01,North Yorkshire Police,North Yorkshire Police,-0.402373,54.273356,On or near St Martin'S Place,E01027852,Scarborough 010B,Anti-social behaviour,,
,2026-01,North Yorkshire Police,North Yorkshire Police,-0.406592,54.275452,On or near Valley Road,E01027852,Scarborough 010B,Anti-social behaviour,,
,2026-01,North Yorkshire Police,North Yorkshire Police,-0.405836,54.273554,On or near Cromwell Terrace,E01027852,Scarborough 010B,Anti-social behaviour,,
,2026-01,North Yorkshire Police,North Yorkshire Police,-0.405257,54.275830,On or near Grosvenor Road,E01027852,Scarborough 010B,Anti-social behaviour,,
158bcac70b637030c1906757142f56b6d3e9bd62d95011be0b52324d58546368,2026-01,North Yorkshire Police,North Yorkshire Police,-0.403808,54.271981,On or near Princess Royal Terrace,E01027852,Scarborough 010B,Criminal damage and arson,Under investigation,
eecb19f756cc399f6bb75844e21014f988dfa98c3ce63f2fbb2a33406fa340e3,2026-01,North Yorkshire Police,North Yorkshire Police,-0.401040,54.273275,On or near Prince Of Wales Terrace,E01027852,Scarborough 010B,Criminal damage and arson,Under investigation,
0492174993a8ac68983eea5c3813b5ffb1d5feb368ed6b7185059647b69f7bc6,2026-01,North Yorkshire Police,North Yorkshire Police,-0.406592,54.275452,On or near Valley Road,E01027852,Scarborough 010B,Drugs,Local resolution,
2b6a2b4fa5752ddf6f90a4d322abea436502a046cc410173e512bd19f37efc5d,2026-01,North Yorkshire Police,North Yorkshire Police,-0.406271,54.273030,On or near Westbourne Grove,E01027852,Scarborough 010B,Other theft,Unable to prosecute suspect,
0db6fac06190d5ac8dd8ad06ebb234bf50bdb22b4896f6a43c90fdfd1f13efe8,2026-01,North Yorkshire Police,North Yorkshire Police,-0.401040,54.273275,On or near Prince Of Wales Terrace,E01027852,Scarborough 010B,Other theft,Investigation complete; no suspect identified,
8737ca3758952610d37c07be2b640a970d9b668e2fa4a7e33f06104dde71d02b,2026-01,North Yorkshire Police,North Yorkshire Police,-0.403774,54.275262,On or near Grosvenor Crescent,E01027852,Scarborough 010B,Possession of weapons,Under investigation,
d619f78e7b0c44783a44bf5928134c2c868e1b1874750de33a48d98d967446ac,2026-01,North Yorkshire Police,North Yorkshire Police,-0.408657,54.273690,On or near Cromwell Parade,E01027852,Scarborough 010B,Public order,Unable to prosecute suspect,
a0d816db3226c9fd82d2ea2ee5b8775320cc94411f929bbd3090bce03afda071,2026-01,North Yorkshire Police,North Yorkshire Police,-0.402373,54.273356,On or near St Martin'S Place,E01027852,Scarborough 010B,Shoplifting,Investigation complete; no suspect identified,
443e8f9558856cb5f072006d7702aaaa41fc681287ee950eafca6f91e174066a,2026-01,North Yorkshire Police,North Yorkshire Police,-0.402373,54.273356,On or near St Martin'S Place,E01027852,Scarborough 010B,Shoplifting,Awaiting court outcome,
c3fc91da7f11e2ea1d5a81cf9de1e72b8d7cfe777306fc2304474f4517be3dcc,2026-01,North Yorkshire Police,North Yorkshire Police,-0.402373,54.273356,On or near St Martin'S Place,E01027852,Scarborough 010B,Shoplifting,Awaiting court outcome,
5fef324d616765c9c69c2c441bcb199cfbc6ca60185c82116dc9a5df089940cc,2026-01,North Yorkshire Police,North Yorkshire Police,-0.403774,54.275262,On or near Grosvenor Crescent,E01027852,Scarborough 010B,Violence and sexual offences,Under investigation,
1272b68a78167738f11223e90e76a912717d2dac16644a071676ae8f56cb7feb,2026-01,North Yorkshire Police,North Yorkshire Police,-0.402373,54.273356,On or near St Martin'S Place,E01027852,Scarborough 010B,Violence and sexual offences,Investigation complete; no suspect identified,
cd53d419c555ebac776cab87f354e578299fa69d08199ea48a8a1fc92fa1fc58,2026-01,North Yorkshire Police,North Yorkshire Police,-0.404414,54.273392,On or near Royal Crescent Lane,E01027852,Scarborough 010B,Violence and sexual offences,Under investigation,
e524ee7fe60ed0b1ee6153e933484c34df05ec9e9df9a3b0201d2ad90e7d4251,2026-01,North Yorkshire Police,North Yorkshire Police,-0.406592,54.275452,On or near Valley Road,E01027852,Scarborough 010B,Violence and sexual offences,Unable to prosecute suspect,
6f3260213ad8815f9bd2c9279b2ac9aaa1992273e6222faeb62c61823f8b02e5,2026-01,North Yorkshire Police,North Yorkshire Police,-0.404414,54.273392,On or near Royal Crescent Lane,E01027852,Scarborough 010B,Violence and sexual offences,Unable to prosecute suspect,
077aa83d305503f871a605210783f054960ed1541ac056c96bd3c77cd7406e81,2026-01,North Yorkshire Police,North Yorkshire Police,-0.402373,54.273356,On or near St Martin'S Place,E01027852,Scarborough 010B,Violence and sexual offences,Investigation complete; no suspect identified,
fcc32ca9dbc38fc7f11749a9e7091f67f6365ade9bab35155e8236c14e83a3d1,2026-01,North Yorkshire Police,North Yorkshire Police,-0.406592,54.275452,On or near Valley Road,E01027852,Scarborough 010B,Violence and sexual offences,Under investigation,
9d17291e0b7f5e14353fa2eea3541f1eeede5259348bb498088f2bb4942055c9,2026-01,North Yorkshire Police,North Yorkshire Police,-0.408657,54.273690,On or near Cromwell Parade,E01027852,Scarborough 010B,Violence and sexual offences,Unable to prosecute suspect,
03208443ebc00db35599be8609c42f3931660d3b819ce3adb3d88bb38947fe54,2026-01,North Yorkshire Police,North Yorkshire Police,-0.405836,54.273554,On or near Cromwell Terrace,E01027852,Scarborough 010B,Violence and sexual offences,Unable to prosecute suspect,
d4c7de9d49a74b67fae0740254be55fa598fb35d60a8acba58b8a7682b3e83c7,2026-01,North Yorkshire Police,North Yorkshire Police,-0.406271,54.273030,On or near Westbourne Grove,E01027852,Scarborough 010B,Violence and sexual offences,Under investigation,
47673942da6e0d750c25758870fdc4425b2d573060068c178c2068257be799c0,2026-01,North Yorkshire Police,North Yorkshire Police,-0.403808,54.271981,On or near Princess Royal Terrace,E01027852,Scarborough 010B,Violence and sexual offences,Unable to prosecute suspect,
,2026-01,North Yorkshire Police,North Yorkshire Police,-0.411085,54.271655,On or near Trinity Gardens,E01027853,Scarborough 010C,Anti-social behaviour,,
,2026-01,North Yorkshire Police,North Yorkshire Police,-0.404899,54.272382,On or near Princess Royal Lane,E01027853,Scarborough 010C,Anti-social behaviour,,
83c8be8c0050bb4be987bd266e0d625d88493a9111ea9b4f0f2fec61f523aca9,2026-01,North Yorkshire Police,North Yorkshire Police,-0.409220,54.272233,On or near Oriel Crescent,E01027853,Scarborough 010C,Violence and sexual offences,Unable to prosecute suspect,
,2026-01,North Yorkshire Police,North Yorkshire Police,-0.401049,54.274237,On or near St Martin'S Square,E01027854,Scarborough 010D,Anti-social behaviour,,
,2026-01,North Yorkshire Police,North Yorkshire Police,-0.401049,54.274237,On or near St Martin'S Square,E01027854,Scarborough 010D,Anti-social behaviour,,
,2026-01,North Yorkshire Police,North Yorkshire Police,-0.401069,54.275316,On or near Albion Road,E01027854,Scarborough 010D,Anti-social behaviour,,
,2026-01,North Yorkshire Police,North Yorkshire Police,-0.401049,54.274237,On or near St Martin'S Square,E01027854,Scarborough 010D,Anti-social behaviour,,
,2026-01,North Yorkshire Police,North Yorkshire Police,-0.402157,54.275762,On or near Crown Close Back Road,E01027854,Scarborough 010D,Anti-social behaviour,,
,2026-01,North Yorkshire Police,North Yorkshire Police,-0.401049,54.274237,On or near St Martin'S Square,E01027854,Scarborough 010D,Anti-social behaviour,,
44db832520437567cbbb3c5cd44edb4bf960b203cbc6ec474f7aadce725fb104,2026-01,North Yorkshire Police,North Yorkshire Police,-0.401049,54.274237,On or near St Martin'S Square,E01027854,Scarborough 010D,Burglary,Investigation complete; no suspect identified,
a4f5fb97880b5c1f3ca01af49795e9544c0119425700d52b07f6378229f4bc3f,2026-01,North Yorkshire Police,North Yorkshire Police,-0.401049,54.274237,On or near St Martin'S Square,E01027854,Scarborough 010D,Criminal damage and arson,Investigation complete; no suspect identified,
5f88fa5cb5aafec6025e16190e91b3f4e0c3c577bb52f252f9e89f78f53d7f85,2026-01,North Yorkshire Police,North Yorkshire Police,-0.400545,54.274940,On or near St Martin'S Avenue,E01027854,Scarborough 010D,Drugs,Under investigation,
98c55e9aad3b1ed62171ec62d2d8c96f5fc1486fc74e234f0197810467852cc2,2026-01,North Yorkshire Police,North Yorkshire Police,-0.400690,54.276749,On or near Crown Terrace,E01027854,Scarborough 010D,Other theft,Investigation complete; no suspect identified,
be20afb2ca8a2c96c7c3121ca98d582ce237d5e02b8e0038a9c4b9d12a5e6ab3,2026-01,North Yorkshire Police,North Yorkshire Police,-0.401479,54.274638,On or near Craven Street,E01027854,Scarborough 010D,Other theft,Under investigation,
2014fe541b9fb09f1260d1de80b77fa5fb88c8d9f5ae0004620cb8728d17d130,2026-01,North Yorkshire Police,North Yorkshire Police,-0.400690,54.276749,On or near Crown Terrace,E01027854,Scarborough 010D,Vehicle crime,Investigation complete; no suspect identified,
16826ec2c87111eeb9a7c10c60fd990f73284a9f40030144a735de12b272e72e,2026-01,North Yorkshire Police,North Yorkshire Police,-0.400545,54.274940,On or near St Martin'S Avenue,E01027854,Scarborough 010D,Violence and sexual offences,Under investigation,
16826ec2c87111eeb9a7c10c60fd990f73284a9f40030144a735de12b272e72e,2026-01,North Yorkshire Police,North Yorkshire Police,-0.400545,54.274940,On or near St Martin'S Avenue,E01027854,Scarborough 010D,Violence and sexual offences,Under investigation,
1a33483a2bc57a5d1fa94903529de6097176a79a3fb0ba28b1878a8b3ed9d1bc,2026-01,North Yorkshire Police,North Yorkshire Police,-0.400690,54.276749,On or near Crown Terrace,E01027854,Scarborough 010D,Violence and sexual offences,Unable to prosecute suspect,
03651e8cd4c30a300f1f1ad0e7a554ecdb686bd142e0a9c4a9a4918ceaf511c3,2026-01,North Yorkshire Police,North Yorkshire Police,-0.400690,54.276749,On or near Crown Terrace,E01027854,Scarborough 010D,Violence and sexual offences,Under investigation,
25f0314632c681f78ea4d415f579df56d592dfa9c2743c2bbe0c94d8d55bb452,2026-01,North Yorkshire Police,North Yorkshire Police,-0.401479,54.274638,On or near Craven Street,E01027854,Scarborough 010D,Violence and sexual offences,Unable to prosecute suspect,
1a33483a2bc57a5d1fa94903529de6097176a79a3fb0ba28b1878a8b3ed9d1bc,2026-01,North Yorkshire Police,North Yorkshire Police,-0.400690,54.276749,On or near Crown Terrace,E01027854,Scarborough 010D,Violence and sexual offences,Under investigation,
869c544bb5fdd5f3f94decdf3e0446e665f3903c3896d656e11b924ada58d93e,2026-01,North Yorkshire Police,North Yorkshire Police,-0.400507,54.272773,On or near Esplanade Gardens,E01027854,Scarborough 010D,Violence and sexual offences,Under investigation,
dea30f6394e121f8c38eae0c5b764e00de39e20c1c3d6ef1e9be5161c18215b2,2026-01,North Yorkshire Police,North Yorkshire Police,-0.401479,54.274638,On or near Craven Street,E01027854,Scarborough 010D,Other crime,Awaiting court outcome,
,2026-01,North Yorkshire Police,North Yorkshire Police,-0.396623,54.271120,On or near ,E01027868,Scarborough 010E,Anti-social behaviour,,
,2026-01,North Yorkshire Police,North Yorkshire Police,-0.399383,54.270071,On or near Lonsdale Road,E01027868,Scarborough 010E,Anti-social behaviour,,
05d19897bdbf88e19f38c573abbcaae73778049f11c78bc17a186e1d52d80e30,2026-01,North Yorkshire Police,North Yorkshire Police,-0.396623,54.271120,On or near ,E01027868,Scarborough 010E,Burglary,Unable to prosecute suspect,
e503b1d9238410304bfac0cd4bf7cd423bc42806534f070aeb1bed0458f0d26b,2026-01,North Yorkshire Police,North Yorkshire Police,-0.396943,54.270012,On or near Belvedere Place,E01027868,Scarborough 010E,Criminal damage and arson,Awaiting court outcome,
39c2f69c54055a72c9b0eec932771573d341dcf42bfd50458f76e522f94ddf14,2026-01,North Yorkshire Police,North Yorkshire Police,-0.397968,54.273288,On or near Esplanade,E01027868,Scarborough 010E,Public order,Unable to prosecute suspect,
eb2fb63f9bfbb7d79ffa733216c7649d88ad1284434d53f9c8c4e376b9d95ac6,2026-01,North Yorkshire Police,North Yorkshire Police,-0.396943,54.270012,On or near Belvedere Place,E01027868,Scarborough 010E,Public order,Further investigation is not in the public interest,
c3cea6e621be530479c46986cc1c10dc415572f95d1f947c658c7d3c155dc5f0,2026-01,North Yorkshire Police,North Yorkshire Police,-0.399902,54.270536,On or near Granville Square,E01027868,Scarborough 010E,Violence and sexual offences,Action to be taken by another organisation,
65e7abbc9d7ba9d07e45df480b434106cd9893c57e3cf212b702ae4abe3f77ee,2026-01,North Yorkshire Police,North Yorkshire Police,-0.399383,54.270071,On or near Lonsdale Road,E01027868,Scarborough 010E,Violence and sexual offences,Under investigation,
59a26c770d74c52314fe61b1f1d1dcee7e4f0b2170c2dad916af3a1f37a30048,2026-01,North Yorkshire Police,North Yorkshire Police,-0.396943,54.270012,On or near Belvedere Place,E01027868,Scarborough 010E,Violence and sexual offences,Under investigation,
59a26c770d74c52314fe61b1f1d1dcee7e4f0b2170c2dad916af3a1f37a30048,2026-01,North Yorkshire Police,North Yorkshire Police,-0.396943,54.270012,On or near Belvedere Place,E01027868,Scarborough 010E,Violence and sexual offences,Under investigation,
,2026-01,North Yorkshire Police,North Yorkshire Police,-0.381112,54.237064,On or near Church Lane,E01027807,Scarborough 011A,Anti-social behaviour,,
9849a9c249c6f608cde7715798f05370ed254c3c16935d975c971dadee654436,2026-01,North Yorkshire Police,North Yorkshire Police,-0.335528,54.221316,On or near Main Street,E01027807,Scarborough 011A,Drugs,Local resolution,
429d28f87c18db89746808b025ef2703c3224f012d824bca276525c4cc181c80,2026-01,North Yorkshire Police,North Yorkshire Police,-0.323191,54.221046,On or near Carless Lane,E01027807,Scarborough 011A,Other theft,Unable to prosecute suspect,
79cfab876b84f0dbad893ce7fe5aea0d6ecf69614cbf20f1b0236776e3e3ca8f,2026-01,North Yorkshire Police,North Yorkshire Police,-0.403362,54.237493,On or near ,E01027807,Scarborough 011A,Violence and sexual offences,Unable to prosecute suspect,
2fce6defdf5b96ae62ef398dfe687e3522cd17a0c20cc678e3e485225cd94d02,2026-01,North Yorkshire Police,North Yorkshire Police,-0.335528,54.221316,On or near Main Street,E01027807,Scarborough 011A,Violence and sexual offences,Unable to prosecute suspect,
2ca58b8c7a7246d5775f60273b025cdca306156bcc3eefdae80cda505676ab10,2026-01,North Yorkshire Police,North Yorkshire Police,-0.334559,54.233036,On or near ,E01027807,Scarborough 011A,Violence and sexual offences,Unable to prosecute suspect,
7371b6be8ccc9e8928e4a708bafa754a2f6de1f0b5d86294444ddcac562a279a,2026-01,North Yorkshire Police,North Yorkshire Police,-0.384698,54.232852,On or near Green Croft Gardens,E01027808,Scarborough 011B,Violence and sexual offences,Unable to prosecute suspect,
,2026-01,North Yorkshire Police,North Yorkshire Police,-0.384768,54.244817,On or near Priory Place,E01027809,Scarborough 011C,Anti-social behaviour,,
,2026-01,North Yorkshire Police,North Yorkshire Police,-0.384768,54.244817,On or near Priory Place,E01027809,Scarborough 011C,Anti-social behaviour,,
,2026-01,North Yorkshire Police,North Yorkshire Police,-0.384768,54.244817,On or near Priory Place,E01027809,Scarborough 011C,Anti-social behaviour,,
,2026-01,North Yorkshire Police,North Yorkshire Police,-0.384768,54.244817,On or near Priory Place,E01027809,Scarborough 011C,Anti-social behaviour,,
be9fc254414584e7954603df35176beb7a3d7bae788981b0f461c6392ea96ee9,2026-01,North Yorkshire Police,North Yorkshire Police,-0.377863,54.245569,On or near Middlefield Close,E01027809,Scarborough 011C,Other theft,Investigation complete; no suspect identified,
5bc05924dfb4a965a3b79b21cecaab7728cf2d845d7d228b5773d34165082877,2026-01,North Yorkshire Police,North Yorkshire Police,-0.380526,54.246530,On or near Stuart Close,E01027809,Scarborough 011C,Public order,Awaiting court outcome,
93512870c4b392e187848a74a0c1a512822c31418b4981d248f5c7cb9db2b98e,2026-01,North Yorkshire Police,North Yorkshire Police,-0.379906,54.244338,On or near Redcliff Close,E01027809,Scarborough 011C,Violence and sexual offences,Under investigation,
317c40031c6dc0d5d460803d6eeeef141076c1810c410e1d333b0a44fc28cd5e,2026-01,North Yorkshire Police,North Yorkshire Police,-0.377977,54.251646,On or near Osgodby Close,E01027809,Scarborough 011C,Violence and sexual offences,Unable to prosecute suspect,
cb9d59dc540f252b0b56d6717e54bd0a8ce1217eafe4f3e940e25decb823dc3f,2026-01,North Yorkshire Police,North Yorkshire Police,-0.377977,54.251646,On or near Osgodby Close,E01027809,Scarborough 011C,Violence and sexual offences,Under investigation,
cb9d59dc540f252b0b56d6717e54bd0a8ce1217eafe4f3e940e25decb823dc3f,2026-01,North Yorkshire Police,North Yorkshire Police,-0.377977,54.251646,On or near Osgodby Close,E01027809,Scarborough 011C,Violence and sexual offences,Unable to prosecute suspect,
5f3643b3e061ce551b888838404cadd95f01dac81243e56545b6fa3214523db3,2026-01,North Yorkshire Police,North Yorkshire Police,-0.380376,54.248002,On or near Osgodby Hall Road,E01027809,Scarborough 011C,Violence and sexual offences,Unable to prosecute suspect,
743b26345136bda6092ab87fa46ff27695fafaf75c8caa55a2807b8b7e9cdeec,2026-01,North Yorkshire Police,North Yorkshire Police,-0.387583,54.245034,On or near Southwold Crescent,E01027818,Scarborough 011D,Violence and sexual offences,Unable to prosecute suspect,
f01167920ea013f98ca63c598ef1500291d6a2f2903091898f80235a06ebe122,2026-01,North Yorkshire Police,North Yorkshire Police,-0.386085,54.243702,On or near Ploughmans Court,E01027818,Scarborough 011D,Violence and sexual offences,Unable to prosecute suspect,
55d8fd0789d5f37f1ae5d109851ca32510f295a0ea5e980752a0c73010e3ac08,2026-01,North Yorkshire Police,North Yorkshire Police,-0.386419,54.243796,On or near Shepherds Drive,E01027818,Scarborough 011D,Violence and sexual offences,Under investigation,
74de293d4077d49f8f17f9b9c358750b4500c1584bc1ce69bcc50be66c67ad37,2026-01,North Yorkshire Police,North Yorkshire Police,-0.389209,54.244660,On or near Southwold Rise,E01027818,Scarborough 011D,Violence and sexual offences,Under investigation,
fbb04f097528b8bae35f4239a977379be6f92ae02116c214e44d54fec5290995,2026-01,North Yorkshire Police,North Yorkshire Police,-0.386085,54.243702,On or near Ploughmans Court,E01027818,Scarborough 011D,Violence and sexual offences,Unable to prosecute suspect,
55d8fd0789d5f37f1ae5d109851ca32510f295a0ea5e980752a0c73010e3ac08,2026-01,North Yorkshire Police,North Yorkshire Police,-0.386419,54.243796,On or near Shepherds Drive,E01027818,Scarborough 011D,Violence and sexual offences,Unable to prosecute suspect,
4883aad1ec4ebfe7d704fd00689000da97f238539502bb7fbc63b97d197ce839,2026-01,North Yorkshire Police,North Yorkshire Police,-0.387458,54.243531,On or near Harvest Way,E01027818,Scarborough 011D,Violence and sexual offences,Action to be taken by another organisation,
743b26345136bda6092ab87fa46ff27695fafaf75c8caa55a2807b8b7e9cdeec,2026-01,North Yorkshire Police,North Yorkshire Police,-0.387583,54.245034,On or near Southwold Crescent,E01027818,Scarborough 011D,Violence and sexual offences,Under investigation,
4883aad1ec4ebfe7d704fd00689000da97f238539502bb7fbc63b97d197ce839,2026-01,North Yorkshire Police,North Yorkshire Police,-0.387458,54.243531,On or near Harvest Way,E01027818,Scarborough 011D,Violence and sexual offences,Under investigation,
,2026-01,North Yorkshire Police,North Yorkshire Police,-0.383494,54.253851,On or near Sea View Crescent,E01027867,Scarborough 011E,Anti-social behaviour,,
e213ab9b771852d1125d31fe1df69f17706f9f89eaa3ee8a053264fdf3f6d5a0,2026-01,North Yorkshire Police,North Yorkshire Police,-0.394603,54.262655,On or near Further/Higher Educational Building,E01027867,Scarborough 011E,Other theft,Investigation complete; no suspect identified,
a084f77d5f584de172872c41d725efb9145897c77f9e6f74a4e9dd6e023e5f07,2026-01,North Yorkshire Police,North Yorkshire Police,-0.382182,54.251676,On or near Parking Area,E01027867,Scarborough 011E,Public order,Under investigation,
,2026-01,North Yorkshire Police,North Yorkshire Police,-0.395281,54.238476,On or near Moor Lane,E01027817,Scarborough 012A,Anti-social behaviour,,
,2026-01,North Yorkshire Police,North Yorkshire Police,-0.396971,54.239218,On or near Link Walk,E01027817,Scarborough 012A,Anti-social behaviour,,
,2026-01,North Yorkshire Police,North Yorkshire Police,-0.396971,54.239218,On or near Link Walk,E01027817,Scarborough 012A,Anti-social behaviour,,
,2026-01,North Yorkshire Police,North Yorkshire Police,-0.412944,54.241359,On or near ,E01027817,Scarborough 012A,Anti-social behaviour,,
2e0ef9c65efa788f407cda5430b685c518313a89740d06b7e6f3a99a438c8f3d,2026-01,North Yorkshire Police,North Yorkshire Police,-0.395634,54.238867,On or near High Moor Way,E01027817,Scarborough 012A,Criminal damage and arson,Investigation complete; no suspect identified,
f8f00b5c31906edf5d592729faeffafc56e0fc538b7b1955ce82874cc5b05c76,2026-01,North Yorkshire Police,North Yorkshire Police,-0.396971,54.239218,On or near Link Walk,E01027817,Scarborough 012A,Drugs,Further investigation is not in the public interest,
1f78b6a384d4bb19c12066834afdbcac434f6cead9e6415e222c56793ab90fc8,2026-01,North Yorkshire Police,North Yorkshire Police,-0.400161,54.238623,On or near ,E01027817,Scarborough 012A,Other theft,Investigation complete; no suspect identified,
c92fd9f434bfa3734f24a18e83808ea13775db163c1e77ff5bd4c688a8dc61f6,2026-01,North Yorkshire Police,North Yorkshire Police,-0.396971,54.239218,On or near Link Walk,E01027817,Scarborough 012A,Violence and sexual offences,Unable to prosecute suspect,
dacfe6d470bfab22a510bdc56e9fc833fe8845989d20c14f0eab76933a2bc919,2026-01,North Yorkshire Police,North Yorkshire Police,-0.396971,54.239218,On or near Link Walk,E01027817,Scarborough 012A,Violence and sexual offences,Unable to prosecute suspect,
f701fb8e537b9680e205b317406f7a3a495add3c2b7a1728783854dd6db12fcd,2026-01,North Yorkshire Police,North Yorkshire Police,-0.393179,54.239653,On or near Meadow Close,E01027817,Scarborough 012A,Violence and sexual offences,Unable to prosecute suspect,
fbb38fbb2a089c42a17b93af9b51611cecb8b842521d71cfc7c57f83e37457fc,2026-01,North Yorkshire Police,North Yorkshire Police,-0.410634,54.240271,On or near Police Station,E01027817,Scarborough 012A,Violence and sexual offences,Unable to prosecute suspect,
69e37c48c7cdbf5005140f32018b3aafeb39bca20dae4da99fb362d0bfd99b72,2026-01,North Yorkshire Police,North Yorkshire Police,-0.412922,54.242233,On or near Lingholm Crescent,E01027817,Scarborough 012A,Violence and sexual offences,Unable to prosecute suspect,
8d8ac16c010f9b15a2a3aeb9669f4aaa80c7fbc722f5d020b7d37ad6039d207b,2026-01,North Yorkshire Police,North Yorkshire Police,-0.403991,54.240794,On or near ,E01027817,Scarborough 012A,Violence and sexual offences,Unable to prosecute suspect,
346c40958a849cba8f3ee29babc5977e5738935524f72d97de93394e1555debf,2026-01,North Yorkshire Police,North Yorkshire Police,-0.410634,54.240271,On or near Police Station,E01027817,Scarborough 012A,Violence and sexual offences,Unable to prosecute suspect,
888438ef87ef63b06873aeb1b958ab7eff2fee0d528d5d457e5c9b7c911d97a2,2026-01,North Yorkshire Police,North Yorkshire Police,-0.412922,54.242233,On or near Lingholm Crescent,E01027817,Scarborough 012A,Violence and sexual offences,Unable to prosecute suspect,
,2026-01,North Yorkshire Police,North Yorkshire Police,-0.407615,54.242154,On or near Ridgeway,E01027819,Scarborough 012B,Anti-social behaviour,,
,2026-01,North Yorkshire Police,North Yorkshire Police,-0.412693,54.247794,On or near Musham Bank Road,E01027819,Scarborough 012B,Anti-social behaviour,,
,2026-01,North Yorkshire Police,North Yorkshire Police,-0.400362,54.243973,On or near Merry Dale,E01027819,Scarborough 012B,Anti-social behaviour,,
,2026-01,North Yorkshire Police,North Yorkshire Police,-0.403847,54.242356,On or near Bank Side,E01027819,Scarborough 012B,Anti-social behaviour,,
,2026-01,North Yorkshire Police,North Yorkshire Police,-0.405763,54.244017,On or near Combine Way,E01027819,Scarborough 012B,Anti-social behaviour,,
,2026-01,North Yorkshire Police,North Yorkshire Police,-0.400519,54.242081,On or near ,E01027819,Scarborough 012B,Anti-social behaviour,,
,2026-01,North Yorkshire Police,North Yorkshire Police,-0.402280,54.244403,On or near High Garth,E01027819,Scarborough 012B,Anti-social behaviour,,
,2026-01,North Yorkshire Police,North Yorkshire Police,-0.400362,54.243973,On or near Merry Dale,E01027819,Scarborough 012B,Anti-social behaviour,,
d7449a3670ad6769ecaf872f4db99803bb2e86972aa02640546bf7ced3392032,2026-01,North Yorkshire Police,North Yorkshire Police,-0.402280,54.244403,On or near High Garth,E01027819,Scarborough 012B,Burglary,Under investigation,
6d13a0fae098dda530ece2fb507ec5a86da1dad7f0dfe54d406725d69b90770a,2026-01,North Yorkshire Police,North Yorkshire Police,-0.407615,54.242154,On or near Ridgeway,E01027819,Scarborough 012B,Criminal damage and arson,Under investigation,
7fdc58ec623ae96bb325c364001d6b00fa14b648a7e5091c07dcf1b2e8031732,2026-01,North Yorkshire Police,North Yorkshire Police,-0.412612,54.243506,On or near Musham Bank Road,E01027819,Scarborough 012B,Drugs,Local resolution,
1fc1ee7d2a301acab6e8c5c2c6c9acff6ea45ed47308b15b9205d2610594cf15,2026-01,North Yorkshire Police,North Yorkshire Police,-0.407615,54.242154,On or near Ridgeway,E01027819,Scarborough 012B,Drugs,Local resolution,
1fa15bfb55c5708851fca7ee1046b2ce0afc43af38d6073163448c7b96409f4e,2026-01,North Yorkshire Police,North Yorkshire Police,-0.400843,54.244478,On or near ,E01027819,Scarborough 012B,Other theft,Unable to prosecute suspect,
8ca1af303e5ce03258192dc819239bce50d7368d0c806699b6621b33ada66702,2026-01,North Yorkshire Police,North Yorkshire Police,-0.409798,54.242459,On or near ,E01027819,Scarborough 012B,Vehicle crime,Unable to prosecute suspect,
7f5585476ec502173c2d795b295b65849185646e2a4e14a54023a51394199c20,2026-01,North Yorkshire Police,North Yorkshire Police,-0.402138,54.243576,On or near ,E01027819,Scarborough 012B,Violence and sexual offences,Under investigation,
9f6896a004e81047d077c34e0bd00ab57cdac192c7d93b9c7c0dc4559cf0b3f8,2026-01,North Yorkshire Police,North Yorkshire Police,-0.408584,54.244100,On or near Barrow Lane,E01027819,Scarborough 012B,Violence and sexual offences,Under investigation,
0a5b2f0e46d80c37b2eebefc1b1d34706fdf86174b038f462ef8ed93fea881b7,2026-01,North Yorkshire Police,North Yorkshire Police,-0.408584,54.244100,On or near Barrow Lane,E01027819,Scarborough 012B,Violence and sexual offences,Under investigation,
43e4fd525b797c0295f310471ee55d4f6c3bd9d1cc2c9df4699b8be2f82da2b4,2026-01,North Yorkshire Police,North Yorkshire Police,-0.408280,54.245576,On or near ,E01027819,Scarborough 012B,Violence and sexual offences,Under investigation,
cf1467e71b462f5cada12729c05a53d1b7e7a6699467ce82915a8e09243c85eb,2026-01,North Yorkshire Police,North Yorkshire Police,-0.389172,54.247967,On or near Pheasant Way,E01027819,Scarborough 012B,Violence and sexual offences,Under investigation,
8da30f247911642142e2aa8eec448e79831f5961258a9b88595fe3c9e5e74eed,2026-01,North Yorkshire Police,North Yorkshire Police,-0.408584,54.244100,On or near Barrow Lane,E01027819,Scarborough 012B,Violence and sexual offences,Unable to prosecute suspect,
ad2ab85dfd2a610cd27674d057ea9e47e5d12a4ddc06d11a176e635c9ffd16e0,2026-01,North Yorkshire Police,North Yorkshire Police,-0.398128,54.244617,On or near Gouldings Close,E01027819,Scarborough 012B,Violence and sexual offences,Further investigation is not in the public interest,
8ce22caca9a6f909870659c2eb4fa321fec138f05f2cf20aba45db092a23f2ed,2026-01,North Yorkshire Police,North Yorkshire Police,-0.400362,54.243973,On or near Merry Dale,E01027819,Scarborough 012B,Violence and sexual offences,Unable to prosecute suspect,
370b5cd9122ed744ea495d963264a77dbc772808987d25f57c324ea6ae4ffc21,2026-01,North Yorkshire Police,North Yorkshire Police,-0.410198,54.241631,On or near Wheatfields Court,E01027819,Scarborough 012B,Violence and sexual offences,Investigation complete; no suspect identified,
1a06a0d1d1818d35dad53ce8e6447bdd37fdcc5d0ee43f6ad98dc43695e794da,2026-01,North Yorkshire Police,North Yorkshire Police,-0.402280,54.244403,On or near High Garth,E01027819,Scarborough 012B,Violence and sexual offences,Unable to prosecute suspect,
89388aa402599e0ec4304e26eb5de083959b9603eadaa3b78df205954efc3a08,2026-01,North Yorkshire Police,North Yorkshire Police,-0.406601,54.243777,On or near Glacier Lane,E01027819,Scarborough 012B,Violence and sexual offences,Under investigation,
330bd540adc5ea1fcefa97f063b6f64a4df2d946ef88abde671006a89a3fbfee,2026-01,North Yorkshire Police,North Yorkshire Police,-0.400843,54.244478,On or near ,E01027819,Scarborough 012B,Violence and sexual offences,Unable to prosecute suspect,
8da30f247911642142e2aa8eec448e79831f5961258a9b88595fe3c9e5e74eed,2026-01,North Yorkshire Police,North Yorkshire Police,-0.408584,54.244100,On or near Barrow Lane,E01027819,Scarborough 012B,Violence and sexual offences,Under investigation,
4013c06132950452f21500db0ee17db43b7bab6c0a98f81e1384dcb0c9841ed3,2026-01,North Yorkshire Police,North Yorkshire Police,-0.406635,54.241296,On or near Ryefield Road,E01027819,Scarborough 012B,Violence and sexual offences,Action to be taken by another organisation,
,2026-01,North Yorkshire Police,North Yorkshire Police,-0.396284,54.241127,On or near ,E01027820,Scarborough 012C,Anti-social behaviour,,
,2026-01,North Yorkshire Police,North Yorkshire Police,-0.397065,54.243752,On or near ,E01027820,Scarborough 012C,Anti-social behaviour,,
,2026-01,North Yorkshire Police,North Yorkshire Police,-0.396968,54.242472,On or near Caymer Road,E01027820,Scarborough 012C,Anti-social behaviour,,
,2026-01,North Yorkshire Police,North Yorkshire Police,-0.393168,54.247949,On or near ,E01027820,Scarborough 012C,Anti-social behaviour,,
,2026-01,North Yorkshire Police,North Yorkshire Police,-0.396968,54.242472,On or near Caymer Road,E01027820,Scarborough 012C,Anti-social behaviour,,
,2026-01,North Yorkshire Police,North Yorkshire Police,-0.393174,54.245702,On or near Overdale Gardens,E01027820,Scarborough 012C,Anti-social behaviour,,
,2026-01,North Yorkshire Police,North Yorkshire Police,-0.396052,54.245506,On or near Northwold Road,E01027820,Scarborough 012C,Anti-social behaviour,,
,2026-01,North Yorkshire Police,North Yorkshire Police,-0.395742,54.242024,On or near Hertford Close,E01027820,Scarborough 012C,Anti-social behaviour,,
7a0e678959d6f809598734d92df998ba6c5991b68a73ec110d39bb7fae6a5d15,2026-01,North Yorkshire Police,North Yorkshire Police,-0.396284,54.241127,On or near ,E01027820,Scarborough 012C,Criminal damage and arson,Investigation complete; no suspect identified,
61c759acca26382c54b4d9a91608039f6d41f7d5c0c6cfc695b4968cfa0373e3,2026-01,North Yorkshire Police,North Yorkshire Police,-0.396284,54.241127,On or near ,E01027820,Scarborough 012C,Criminal damage and arson,Investigation complete; no suspect identified,
5ed274b01f2f0029d16fa7e281d819cd2f8491bd68a5faf7c44b330f170ce811,2026-01,North Yorkshire Police,North Yorkshire Police,-0.395742,54.242024,On or near Hertford Close,E01027820,Scarborough 012C,Drugs,Under investigation,
d01aa4012dde359e076e8dbd05ec0c777c1f4a7e4f86ff6aeaea6b7fbe5e6f01,2026-01,North Yorkshire Police,North Yorkshire Police,-0.395742,54.242024,On or near Hertford Close,E01027820,Scarborough 012C,Other theft,Under investigation,
77ee941a9e4c7415dd2f6bffe956fb4cdee0e839c94ee8bd4c6b349c33da2ee9,2026-01,North Yorkshire Police,North Yorkshire Police,-0.396284,54.241127,On or near ,E01027820,Scarborough 012C,Public order,Unable to prosecute suspect,
7b1c616a40b6db2de62ab8fcb4a703fdb0a9218736561e9996988a5f7ff89082,2026-01,North Yorkshire Police,North Yorkshire Police,-0.397065,54.243752,On or near ,E01027820,Scarborough 012C,Violence and sexual offences,Unable to prosecute suspect,
f586014e8a6d46436f07131ccc84e2c0933495fabbcfce99b723efdfb3b65cd9,2026-01,North Yorkshire Police,North Yorkshire Police,-0.395742,54.242024,On or near Hertford Close,E01027820,Scarborough 012C,Violence and sexual offences,Unable to prosecute suspect,
afe4c66b406aaabdc0f60f340773db218cde9deff513fa53ec9f1c95458335ef,2026-01,North Yorkshire Police,North Yorkshire Police,-0.396968,54.242472,On or near Caymer Road,E01027820,Scarborough 012C,Violence and sexual offences,Investigation complete; no suspect identified,
d65f0bcb631df74323db800444b23545edd64b6ae77c4e66bba19b647010a306,2026-01,North Yorkshire Police,North Yorkshire Police,-0.397065,54.243752,On or near ,E01027820,Scarborough 012C,Violence and sexual offences,Awaiting court outcome,
37551c1488f297c03ea0fd6e3343f18de397e8a6d72385e3e6c1975c8efe4dc1,2026-01,North Yorkshire Police,North Yorkshire Police,-0.396284,54.241127,On or near ,E01027820,Scarborough 012C,Violence and sexual offences,Under investigation,
ee480d26b178720d739d2d4a7d83479d8c6173720c198e559977cc5369c02009,2026-01,North Yorkshire Police,North Yorkshire Police,-0.397065,54.243752,On or near ,E01027820,Scarborough 012C,Violence and sexual offences,Awaiting court outcome,
d2327cb28c822f70a5f235bd191c6b46c898b7eb06007c168654d4936b6988bb,2026-01,North Yorkshire Police,North Yorkshire Police,-0.393147,54.243795,On or near ,E01027820,Scarborough 012C,Violence and sexual offences,Unable to prosecute suspect,
,2026-01,North Yorkshire Police,North Yorkshire Police,-0.426209,54.240277,On or near Woldview Park,E01027858,Scarborough 012D,Anti-social behaviour,,
,2026-01,North Yorkshire Police,North Yorkshire Police,-0.421679,54.243184,On or near Alderson Crescent,E01027858,Scarborough 012D,Anti-social behaviour,,
a631ea6d1ef5d6d1dc4c8fc0cd68ef5d33ad859ca28bdf940d6ebeb5f8553915,2026-01,North Yorkshire Police,North Yorkshire Police,-0.419645,54.241378,On or near Station Road,E01027858,Scarborough 012D,Violence and sexual offences,Unable to prosecute suspect,
,2026-01,North Yorkshire Police,North Yorkshire Police,-0.435585,54.239927,On or near Sports/Recreation Area,E01027860,Scarborough 012E,Anti-social behaviour,,
,2026-01,North Yorkshire Police,North Yorkshire Police,-0.435585,54.239927,On or near Sports/Recreation Area,E01027860,Scarborough 012E,Anti-social behaviour,,
c98ff0d7a7540f91918de46e582db9714010461a721b1388149c4bd53b1e9e1e,2026-01,North Yorkshire Police,North Yorkshire Police,-0.428800,54.237929,On or near Claudius Grove,E01027860,Scarborough 012E,Other theft,Investigation complete; no suspect identified,
bea43e08e04a1342492de2927cc4b1f03060fba5a1a34b5a5911517a10332415,2026-01,North Yorkshire Police,North Yorkshire Police,-0.445005,54.241168,On or near Ayton Road,E01027860,Scarborough 012E,Violence and sexual offences,Under investigation,
bea43e08e04a1342492de2927cc4b1f03060fba5a1a34b5a5911517a10332415,2026-01,North Yorkshire Police,North Yorkshire Police,-0.445005,54.241168,On or near Ayton Road,E01027860,Scarborough 012E,Violence and sexual offences,Under investigation,
037690031bebebe1e89618b264d63b06ed3a0dcaf8914956c72ccc932c0c57f8,2026-01,North Yorkshire Police,North Yorkshire Police,-0.487179,54.248168,On or near Wilkinsons Close,E01027814,Scarborough 013A,Criminal damage and arson,Investigation complete; no suspect identified,
3a3946c482b1244581c34eed6db4dfb030514ecca7cdbd1c3cc1fc53f103b0c8,2026-01,North Yorkshire Police,North Yorkshire Police,-0.521834,54.237066,On or near Wykeham Lane,E01027814,Scarborough 013A,Other theft,Unable to prosecute suspect,
554e7784c077e5691d51bf3560d5e2c2de54d8d83610a4de6315584e12423d54,2026-01,North Yorkshire Police,North Yorkshire Police,-0.486452,54.247925,On or near Hall Garth Lane,E01027814,Scarborough 013A,Violence and sexual offences,Under investigation,
a12ac89d4da9c5f5876f36673f0bac2e4b6ec947c14e48dccfbdb5e8e56f860a,2026-01,North Yorkshire Police,North Yorkshire Police,-0.489622,54.243075,On or near Fenton Drive,E01027814,Scarborough 013A,Violence and sexual offences,Unable to prosecute suspect,
,2026-01,North Yorkshire Police,North Yorkshire Police,-0.593875,54.228454,On or near Croft Lane,E01027815,Scarborough 013B,Anti-social behaviour,,
,2026-01,North Yorkshire Police,North Yorkshire Police,-0.558727,54.252298,On or near Chapel Lane,E01027815,Scarborough 013B,Anti-social behaviour,,
be01c132939335bb5928f5edc8f33fe77a82bf80d5e3ba07a087895541eee88e,2026-01,North Yorkshire Police,North Yorkshire Police,-0.594142,54.226920,On or near West Lane,E01027815,Scarborough 013B,Violence and sexual offences,Further investigation is not in the public interest,
c4a9a9d80e97825572ea682acf1c836794eaeedc8de881b54459edd844ef5463,2026-01,North Yorkshire Police,North Yorkshire Police,-0.557772,54.226868,On or near West Brow,E01027815,Scarborough 013B,Violence and sexual offences,Unable to prosecute suspect,
a5001d9188b471b1ebb7a1856a08c733da32403472bb61f2acc618b3e0a4c4b5,2026-01,North Yorkshire Police,North Yorkshire Police,-0.582635,54.227873,On or near Lairs Crescent,E01027815,Scarborough 013B,Violence and sexual offences,Unable to prosecute suspect,
,2026-01,North Yorkshire Police,North Yorkshire Police,-0.478308,54.250792,On or near Parking Area,E01027816,Scarborough 013C,Anti-social behaviour,,
1ca065e7b5f4b0cbab9540a26f1eb6781a51169a8dbfac6156db60b9bacc4700,2026-01,North Yorkshire Police,North Yorkshire Police,-0.478308,54.250792,On or near Parking Area,E01027816,Scarborough 013C,Drugs,Awaiting court outcome,
be79dd741b608cc84f6e0ce62a651b0f8ddc44563e15b6a86c49b144c7291e6c,2026-01,North Yorkshire Police,North Yorkshire Police,-0.475263,54.250831,On or near Seamer Road,E01027816,Scarborough 013C,Public order,Unable to prosecute suspect,
697d6b1863af5f7ab694293308455309f0bb84ffb5601f7da10c8a0deb971980,2026-01,North Yorkshire Police,North Yorkshire Police,-0.489134,54.246332,On or near Hewley Drive,E01027816,Scarborough 013C,Violence and sexual offences,Unable to prosecute suspect,
,2026-01,North Yorkshire Police,North Yorkshire Police,-0.416851,54.238428,On or near ,E01027859,Scarborough 013D,Anti-social behaviour,,
,2026-01,North Yorkshire Police,North Yorkshire Police,-0.416851,54.238428,On or near ,E01027859,Scarborough 013D,Anti-social behaviour,,
,2026-01,North Yorkshire Police,North Yorkshire Police,-0.420869,54.233631,On or near ,E01027859,Scarborough 013D,Anti-social behaviour,,
24863e39ec7114418e3e1743d733066b8104f36dbfa7197eeb80434bd9d92f26,2026-01,North Yorkshire Police,North Yorkshire Police,-0.433583,54.227107,On or near Parking Area,E01027859,Scarborough 013D,Burglary,Under investigation,
57f57b69b66f251df68b745afb06b8fa4cc304fa4e17bbbe2a45ecbb3a9bb8f7,2026-01,North Yorkshire Police,North Yorkshire Police,-0.424808,54.236385,On or near Magpie Garth,E01027859,Scarborough 013D,Violence and sexual offences,Under investigation,
51d9859b24c3e7fd9c833e56dfccf2434bcd6cd81d4b1dbbfbf0b2e23291fb2e,2026-01,North Yorkshire Police,North Yorkshire Police,-0.416676,54.233950,On or near Hopper Hill Road,E01027859,Scarborough 013D,Violence and sexual offences,Unable to prosecute suspect,
,2026-01,North Yorkshire Police,North Yorkshire Police,-0.287042,54.205392,On or near Melville Terrace,E01027827,Scarborough 014A,Anti-social behaviour,,
,2026-01,North Yorkshire Police,North Yorkshire Police,-0.287431,54.210808,On or near Reynolds Yard,E01027827,Scarborough 014A,Anti-social behaviour,,
,2026-01,North Yorkshire Police,North Yorkshire Police,-0.277543,54.218461,On or near Park/Open Space,E01027827,Scarborough 014A,Anti-social behaviour,,
,2026-01,North Yorkshire Police,North Yorkshire Police,-0.286495,54.206373,On or near The Crescent,E01027827,Scarborough 014A,Anti-social behaviour,,
bc3e5eb2f689568fcaf9852efee2d76e70b4c4780af3918785a39cb0dd7b2355,2026-01,North Yorkshire Police,North Yorkshire Police,-0.287426,54.208327,On or near Belle Vue Street,E01027827,Scarborough 014A,Burglary,Under investigation,
24ee09cc92dc92c6b980fa327e7aa2d013924e71f338f1bc28095c43a24139eb,2026-01,North Yorkshire Police,North Yorkshire Police,-0.287042,54.205392,On or near Melville Terrace,E01027827,Scarborough 014A,Criminal damage and arson,Investigation complete; no suspect identified,
c7474a3eb41d9dc9328915fe1f7a82ac0355372a9f008cd44695de99b756b9c0,2026-01,North Yorkshire Police,North Yorkshire Police,-0.287042,54.205392,On or near Melville Terrace,E01027827,Scarborough 014A,Violence and sexual offences,Awaiting court outcome,
0207fa32ce1cdc47c29ff2864ba37a38a949a786727a9b50c0d4d260e0d9f402,2026-01,North Yorkshire Police,North Yorkshire Police,-0.287028,54.210910,On or near Reynolds Street,E01027827,Scarborough 014A,Violence and sexual offences,Under investigation,
,2026-01,North Yorkshire Police,North Yorkshire Police,-0.293437,54.206471,On or near Padbury Drive,E01027828,Scarborough 014B,Anti-social behaviour,,
b5e35b9eda6031d153329a736d818ed9851c9501fc9f046154713bf5f95cc754,2026-01,North Yorkshire Police,North Yorkshire Police,-0.292165,54.209060,On or near Supermarket,E01027828,Scarborough 014B,Shoplifting,Under investigation,
ef102f7585ba51a8877ae1b96d0d2309dd6c8fd14027c3e4bbad0bd3d55be4b1,2026-01,North Yorkshire Police,North Yorkshire Police,-0.300734,54.206502,On or near Muston Road,E01027828,Scarborough 014B,Violence and sexual offences,Unable to prosecute suspect,
785b51d6108c2d60b161dcd57998566c18bf94ff7049cceee5a1102572348e0a,2026-01,North Yorkshire Police,North Yorkshire Police,-0.300734,54.206502,On or near Muston Road,E01027828,Scarborough 014B,Violence and sexual offences,Unable to prosecute suspect,
fd1ad89566e535ae19c6cd2f6b38664271add43a6dca6ba6b71eb5f2155f5e38,2026-01,North Yorkshire Police,North Yorkshire Police,-0.292165,54.209060,On or near Supermarket,E01027828,Scarborough 014B,Violence and sexual offences,Local resolution,
3f30c78bf98b08a690b35a2f61c69ee63d9d74ab158c8ede1a965b33f1ec1b16,2026-01,North Yorkshire Police,North Yorkshire Police,-0.296759,54.202509,On or near Green Meadows Drive,E01027828,Scarborough 014B,Violence and sexual offences,Unable to prosecute suspect,
,2026-01,North Yorkshire Police,North Yorkshire Police,-0.297152,54.216429,On or near Willow Close,E01027829,Scarborough 014C,Anti-social behaviour,,
fc83d8d183b2383a83ca3c9db505341d6f638d64af970ea0af9fd112e9f33383,2026-01,North Yorkshire Police,North Yorkshire Police,-0.298541,54.216584,On or near Larch Grove,E01027829,Scarborough 014C,Criminal damage and arson,Investigation complete; no suspect identified,
66fbdd3dc0a4ccf33fd85de636a7bd54f6d80833f0dcef159d0f4d20b47a6c1c,2026-01,North Yorkshire Police,North Yorkshire Police,-0.293445,54.213716,On or near The Gardens,E01027829,Scarborough 014C,Public order,Awaiting court outcome,
6738842b32ba300638e02d7eea250dcddde06dbc843e84ef06d3bdcbbcf3dd67,2026-01,North Yorkshire Police,North Yorkshire Police,-0.297152,54.216429,On or near Willow Close,E01027829,Scarborough 014C,Violence and sexual offences,Unable to prosecute suspect,
3b5052575f2e9a401ea9d0e5c13600fec19b52a2d06f5ab75e9e7109cd16fc21,2026-01,North Yorkshire Police,North Yorkshire Police,-0.296362,54.215124,On or near Grove Hill Road,E01027829,Scarborough 014C,Violence and sexual offences,Under investigation,
,2026-01,North Yorkshire Police,North Yorkshire Police,-0.294014,54.209949,On or near Filey,E01027830,Scarborough 014D,Anti-social behaviour,,
4d93aa2062ff7f15f927a2c805785f9fe3098df4d94e17e8e43e1131f824c643,2026-01,North Yorkshire Police,North Yorkshire Police,-0.296286,54.212875,On or near Ash Road,E01027830,Scarborough 014D,Violence and sexual offences,Under investigation,
0a14efb5ab0b01822704b0496af7f3b99e6970e1d5ed6ecb759d0d42d89e7574,2026-01,North Yorkshire Police,North Yorkshire Police,-0.296286,54.212875,On or near Ash Road,E01027830,Scarborough 014D,Violence and sexual offences,Under investigation,
315dc1c85fc417c18a263635b81bf7fbe25e08f5acf82333536aaaf953119160,2026-01,North Yorkshire Police,North Yorkshire Police,-0.318958,54.176467,On or near Lawsons Close,E01027833,Scarborough 014E,Burglary,Investigation complete; no suspect identified,
d4e0eb126f45f84f4368990a29b0ed43fa6d5282daa325a8319f426f5291f041,2026-01,North Yorkshire Police,North Yorkshire Police,-0.287938,54.188164,On or near Primrose Drive,E01027833,Scarborough 014E,Criminal damage and arson,Under investigation,
33037459472a29b0c5a6ba3bcfa876e7fdd09a21b4e1e60c7a725d16da588ef8,2026-01,North Yorkshire Police,North Yorkshire Police,-0.319073,54.180810,On or near Hungate Lane,E01027833,Scarborough 014E,Violence and sexual offences,Under investigation,
48f028101519f4194525ca1cdde652fac515da3bdc5ed71ebcc81191f4d361a2,2026-01,North Yorkshire Police,North Yorkshire Police,-0.314582,54.174059,On or near Hunmanby,E01027833,Scarborough 014E,Violence and sexual offences,Unable to prosecute suspect,
6763d9cd76e1e7d3699637ce86d3ae71a37cc93cc7343b883b0b9fa2c3596ce3,2026-01,North Yorkshire Police,North Yorkshire Police,-0.317952,54.179742,On or near Bardney Road,E01027833,Scarborough 014E,Violence and sexual offences,Investigation complete; no suspect identified,
e069ce33aa4e3975d62bb8f15faf0f267d5de5c2fdac91daca93802eb662b04c,2026-01,North Yorkshire Police,North Yorkshire Police,-0.280576,54.188662,On or near Flat Cliffs,E01027833,Scarborough 014E,Violence and sexual offences,Under investigation,
0c486d630f025fbcd119d515e6ae7d1000bd0f4cdcfdfb39a03c7d10a6db65e3,2026-01,North Yorkshire Police,North Yorkshire Police,-0.319576,54.180871,On or near Vicarage Close,E01027833,Scarborough 014E,Violence and sexual offences,Under investigation,
96b3866c073bbd73a81b57067c70c0ae331e6ff334f4b1169c7afa493299bad9,2026-01,North Yorkshire Police,North Yorkshire Police,-0.280576,54.188662,On or near Flat Cliffs,E01027833,Scarborough 014E,Violence and sexual offences,Under investigation,
c74be36e75ca4d0ac64b4635ce41e4a62ab1aea6a18281a7439c3b70ac53860e,2026-01,North Yorkshire Police,North Yorkshire Police,-0.280576,54.188662,On or near Flat Cliffs,E01027833,Scarborough 014E,Violence and sexual offences,Under investigation,
a4d77e1130baeb042b01c8a37e8036b99c6c2abcdf9ccdd2203cb32c329e2c81,2026-01,North Yorkshire Police,North Yorkshire Police,-0.314582,54.174059,On or near Hunmanby,E01027833,Scarborough 014E,Violence and sexual offences,Unable to prosecute suspect,
f8d5bbef751fad70598699494d94f5e586010919d06287c058f3745c25ddcb96,2026-01,North Yorkshire Police,North Yorkshire Police,-0.313120,54.177976,On or near Percy Road,E01027834,Scarborough 014F,Criminal damage and arson,Investigation complete; no suspect identified,
,2026-01,North Yorkshire Police,North Yorkshire Police,-0.319589,54.184718,On or near Owston Road,E01027835,Scarborough 014G,Anti-social behaviour,,
,2026-01,North Yorkshire Police,North Yorkshire Police,-0.407685,54.202058,On or near Welborn Court,E01027835,Scarborough 014G,Anti-social behaviour,,
f5a8db800ebe8f43abe64b3b20168257817ff546e25d2357c63d95727cb68877,2026-01,North Yorkshire Police,North Yorkshire Police,-0.386466,54.199708,On or near Parking Area,E01027835,Scarborough 014G,Other theft,Unable to prosecute suspect,
d257d8f574e6a0b6415f11f2e76d04996794ba554303f2f53b6ee122230b2872,2026-01,North Yorkshire Police,North Yorkshire Police,-0.324288,54.182204,On or near Castle Hill,E01027835,Scarborough 014G,Vehicle crime,Unable to prosecute suspect,
71b80b04a91d22dd9848f3169329a8c088bff5819f45f5cd190e0b1ab9bd1268,2026-01,North Yorkshire Police,North Yorkshire Police,-0.397246,54.200227,On or near Sports/Recreation Area,E01027835,Scarborough 014G,Violence and sexual offences,Unable to prosecute suspect,
bc7f30f8ca764819021e5a3402cd59af39463243c16a9844bb1f6485642a9728,2026-01,North Yorkshire Police,North Yorkshire Police,-0.318376,54.184404,On or near Priest Close,E01027835,Scarborough 014G,Violence and sexual offences,Unable to prosecute suspect,
72317965c6d78c8eb201b64ac87595dc2d2cac9acd3723365cafb590b5df46dd,2026-01,North Yorkshire Police,North Yorkshire Police,-0.322906,54.181519,On or near Church Hill,E01027835,Scarborough 014G,Violence and sexual offences,Unable to prosecute suspect,
59af460cf555feb107e207834366b9967714bb72315fca4b388e650d3d709d5b,2026-01,North Yorkshire Police,North Yorkshire Police,-0.397246,54.200227,On or near Sports/Recreation Area,E01027835,Scarborough 014G,Violence and sexual offences,Unable to prosecute suspect,
,2026-01,North Yorkshire Police,North Yorkshire Police,-1.250672,53.889294,On or near Auster Bank Crescent,E01027918,Selby 001A,Anti-social behaviour,,
57c1662a73531012f9fc495c22c8568d1fd581702a7da6adeb815cb963d1ad7f,2026-01,North Yorkshire Police,North Yorkshire Police,-1.259277,53.885374,On or near A659,E01027918,Selby 001A,Criminal damage and arson,Investigation complete; no suspect identified,
2c4ca935a2d9e62f30bdad3ba5c35e85b6b8e40a7eb9d3f43d20cc07ba086872,2026-01,North Yorkshire Police,North Yorkshire Police,-1.253888,53.887273,On or near Sandfield Terrace,E01027918,Selby 001A,Criminal damage and arson,Under investigation,
bad11b3cb323eb370190da3ba2360cfbe010c27dd1da61c3abd5714d0a9f2024,2026-01,North Yorkshire Police,North Yorkshire Police,-1.259437,53.886616,On or near Rosemary Court,E01027918,Selby 001A,Robbery,Unable to prosecute suspect,
ab1a07ca8e4b142d4f8fdd0997e7c19fa240d38b3a25900d3858e30e79f76ac5,2026-01,North Yorkshire Police,North Yorkshire Police,-1.259437,53.886616,On or near Rosemary Court,E01027918,Selby 001A,Shoplifting,Investigation complete; no suspect identified,
396ec8382f5b5328d50d6ff7ec2acbd8def5878831a401256ccbab07584bb7fe,2026-01,North Yorkshire Police,North Yorkshire Police,-1.258765,53.885910,On or near Commercial Street,E01027918,Selby 001A,Shoplifting,Investigation complete; no suspect identified,
32764957d31725e830b1ff2a8bab6897ce6be78e67fef3d63a942bd364de7471,2026-01,North Yorkshire Police,North Yorkshire Police,-1.257002,53.885837,On or near Grange Crescent,E01027918,Selby 001A,Violence and sexual offences,Under investigation,
27fbece05d8f9c6b54373e6834c894fecebf3dc06b8f0bf31ee54599f9e21a77,2026-01,North Yorkshire Police,North Yorkshire Police,-1.254853,53.886003,On or near Grange Road,E01027918,Selby 001A,Violence and sexual offences,Unable to prosecute suspect,
f9f5983bc44cc454d0e84ee31b6bfd469a7495e7d19cf69dfcefeb6ba79b8a4c,2026-01,North Yorkshire Police,North Yorkshire Police,-1.263937,53.884225,On or near Chapel Street,E01027919,Selby 001B,Criminal damage and arson,Investigation complete; no suspect identified,
d6787f2ef512b8f1bdee5236540e4b85a34e82ef195c788ebbedf35fb494b720,2026-01,North Yorkshire Police,North Yorkshire Police,-1.264182,53.884973,On or near Westgate,E01027919,Selby 001B,Drugs,Investigation complete; no suspect identified,
9c38938710c761859025243568361653c8f78b60aa5fc2c554b084e48f01a364,2026-01,North Yorkshire Police,North Yorkshire Police,-1.263937,53.884225,On or near Chapel Street,E01027919,Selby 001B,Violence and sexual offences,Investigation complete; no suspect identified,
031e0c29e031632ef8f60c96fdcc374b50004097f456b7ab6de55e5e6184edd0,2026-01,North Yorkshire Police,North Yorkshire Police,-1.262059,53.884582,On or near Robin Hood Yard,E01027919,Selby 001B,Violence and sexual offences,Unable to prosecute suspect,
,2026-01,North Yorkshire Police,North Yorkshire Police,-1.274079,53.874254,On or near ,E01027921,Selby 001D,Anti-social behaviour,,
,2026-01,North Yorkshire Police,North Yorkshire Police,-1.277259,53.876550,On or near Beechtree Road,E01027921,Selby 001D,Anti-social behaviour,,
,2026-01,North Yorkshire Police,North Yorkshire Police,-1.274913,53.874999,On or near Windmill Rise,E01027921,Selby 001D,Anti-social behaviour,,
,2026-01,North Yorkshire Police,North Yorkshire Police,-1.275954,53.875695,On or near ,E01027921,Selby 001D,Anti-social behaviour,,
2112f35f980267fbd7e9d93906b8c96d918055c26638aa169e6049610666bbff,2026-01,North Yorkshire Police,North Yorkshire Police,-1.262537,53.883399,On or near High Street,E01027921,Selby 001D,Vehicle crime,Investigation complete; no suspect identified,
,2026-01,North Yorkshire Police,North Yorkshire Police,-1.272307,53.868296,On or near Brown'S Paddock,E01027922,Selby 001E,Anti-social behaviour,,
01fc659dab05ef54c06501fb972d9754aa523de1ac86970702efc8effb38fb4d,2026-01,North Yorkshire Police,North Yorkshire Police,-1.278393,53.877824,On or near Sedge Rise,E01027922,Selby 001E,Burglary,Under investigation,
abf06a57dc2b06042c1a77ff065ffd97f313d757a3f18457d343f729db9f9cf4,2026-01,North Yorkshire Police,North Yorkshire Police,-1.298897,53.856023,On or near Chantry Lane,E01027922,Selby 001E,Criminal damage and arson,Investigation complete; no suspect identified,
71520d140ee52e68fcddbaf2b53242960cfc780942e866acbb7137a3c8fee2f0,2026-01,North Yorkshire Police,North Yorkshire Police,-1.326076,53.859686,On or near Parking Area,E01027922,Selby 001E,Criminal damage and arson,Unable to prosecute suspect,
6818eefd51d5fa3d770bcc83b43128cfa789114d1c81cb10853fca8902586d3f,2026-01,North Yorkshire Police,North Yorkshire Police,-1.283052,53.890066,On or near Parking Area,E01027922,Selby 001E,Public order,Unable to prosecute suspect,
a5dfb5748baa0fce8a0224464f86b8af157035dfca90d5b49fa072db489e5cce,2026-01,North Yorkshire Police,North Yorkshire Police,-1.284472,53.875469,On or near Garnet Lane,E01027922,Selby 001E,Other crime,Action to be taken by another organisation,
44b2e689064f896a576632f19d1c430db33bb314d01cb1f01c7fc92978509337,2026-01,North Yorkshire Police,North Yorkshire Police,-1.190689,53.861922,On or near Marsh Lane,E01027875,Selby 002A,Public order,Unable to prosecute suspect,
a69593d3a18c6580c1413875944c0d8e352cf01e862ab1c24a793bfef34bdc26,2026-01,North Yorkshire Police,North Yorkshire Police,-1.186416,53.905633,On or near ,E01027875,Selby 002A,Vehicle crime,Investigation complete; no suspect identified,
5da42a8f6e29a5500864bcf6165686d128ee9b2b198aa2a03100723fc037c855,2026-01,North Yorkshire Police,North Yorkshire Police,-1.144516,53.784798,On or near Carr Lane,E01027886,Selby 002B,Burglary,Investigation complete; no suspect identified,
ba710f351f68d57b4395396c9f0475009cbb961c22059ff49da5d4d8a83d8077,2026-01,North Yorkshire Police,North Yorkshire Police,-1.130892,53.829362,On or near Great Close,E01027886,Selby 002B,Public order,Under investigation,
dfe841bc553a6699b1dd5d1c5f6ed4a7fee51a397d8534a4d015f6136ed1c0e2,2026-01,North Yorkshire Police,North Yorkshire Police,-1.099669,53.813025,On or near Pasture Close,E01027887,Selby 002C,Violence and sexual offences,Unable to prosecute suspect,
c68c7dad4d8ebbe745804a1f8a1e7b307a55da4843a0726518bb98aa22e878f5,2026-01,North Yorkshire Police,North Yorkshire Police,-1.099669,53.813025,On or near Pasture Close,E01027887,Selby 002C,Violence and sexual offences,Unable to prosecute suspect,
b15ec7a03b33486c7a040b7b580b4563baaaf56faf726c23e962abc44534ffca,2026-01,North Yorkshire Police,North Yorkshire Police,-1.099669,53.813025,On or near Pasture Close,E01027887,Selby 002C,Violence and sexual offences,Unable to prosecute suspect,
,2026-01,North Yorkshire Police,North Yorkshire Police,-1.163255,53.846841,On or near Main Street,E01027888,Selby 002D,Anti-social behaviour,,
,2026-01,North Yorkshire Police,North Yorkshire Police,-1.219564,53.826754,On or near Laurels Farm Drive,E01027888,Selby 002D,Anti-social behaviour,,
d3ac827156b28969bfd50b26a984f0af5385d48d5d54152fe787ad95feb1a434,2026-01,North Yorkshire Police,North Yorkshire Police,-1.177832,53.808786,On or near Biggin Lane,E01027888,Selby 002D,Burglary,Investigation complete; no suspect identified,
9ac466cc79edb6ab9fe1794e7126ed6fa88e9d2aa32bfc56e0efd1adbe3d5720,2026-01,North Yorkshire Police,North Yorkshire Police,-1.177832,53.808786,On or near Biggin Lane,E01027888,Selby 002D,Public order,Unable to prosecute suspect,
0c5658af3d40c52caca792c046bb2565a317ad8ee1974c6dc2618a992e82fcfd,2026-01,North Yorkshire Police,North Yorkshire Police,-1.177832,53.808786,On or near Biggin Lane,E01027888,Selby 002D,Violence and sexual offences,Awaiting court outcome,
767c52ddf0daec313000b2b03df13b517b7d27ab191f8a138df73a808aa43c2a,2026-01,North Yorkshire Police,North Yorkshire Police,-1.219564,53.826754,On or near Laurels Farm Drive,E01027888,Selby 002D,Violence and sexual offences,Under investigation,
7079620a36d6bb9129842964ffbbf5739aa479de77d4f52df88b4523671241aa,2026-01,North Yorkshire Police,North Yorkshire Police,-1.178653,53.818086,On or near Oxmoor Lane,E01027888,Selby 002D,Violence and sexual offences,Unable to prosecute suspect,
8456d3e2b62fbefb4449a595368918ec6c6ab0bb9f984b93757d6fe9faa4cdf1,2026-01,North Yorkshire Police,North Yorkshire Police,-1.219564,53.826754,On or near Laurels Farm Drive,E01027888,Selby 002D,Violence and sexual offences,Under investigation,
c5c0b859f1d8479e201c93feccf89f0ace1e4780dafd99c9f7bbe8f90c03825f,2026-01,North Yorkshire Police,North Yorkshire Police,-1.219564,53.826754,On or near Laurels Farm Drive,E01027888,Selby 002D,Violence and sexual offences,Under investigation,
ee38fabe64e6ed921e007d207333cfca82105f78d415c443fd3c48c8c3272338,2026-01,North Yorkshire Police,North Yorkshire Police,-1.206047,53.853854,On or near Ings Road,E01027904,Selby 002E,Other crime,Under investigation,
ea05e86bc04a686d84f235fc63477ce0538f339e955d432bde13b291da0aea61,2026-01,North Yorkshire Police,North Yorkshire Police,-1.037604,53.800112,On or near Siding Lane,E01027876,Selby 003A,Other theft,Investigation complete; no suspect identified,
e2a0c7e96a03be4c00aa222bfb31919525f6b2d136d7a2b2c4f4051151fb2b44,2026-01,North Yorkshire Police,North Yorkshire Police,-1.041375,53.797842,On or near Church View,E01027876,Selby 003A,Violence and sexual offences,Under investigation,
c9b4fe2b06404d517cf1796af58fe9cca1dc58d84091b2d3099c0f938794d7e1,2026-01,North Yorkshire Police,North Yorkshire Police,-1.042289,53.796411,On or near Barlby By-Pass,E01027876,Selby 003A,Violence and sexual offences,Unable to prosecute suspect,
,2026-01,North Yorkshire Police,North Yorkshire Police,-1.042229,53.808374,On or near Orchard Drive,E01027877,Selby 003B,Anti-social behaviour,,
,2026-01,North Yorkshire Police,North Yorkshire Police,-1.042341,53.800762,On or near The Laurels,E01027877,Selby 003B,Anti-social behaviour,,
a3ede63db16ebffa512f89e8ffcb92840ffef85c9ad38fd387d8853d944288a3,2026-01,North Yorkshire Police,North Yorkshire Police,-1.039866,53.808741,On or near Privet Drive,E01027877,Selby 003B,Violence and sexual offences,Unable to prosecute suspect,
2faabc085653736334db438e3881f768e9dd6b6c1e84f7856e8d682f9c71c945,2026-01,North Yorkshire Police,North Yorkshire Police,-1.042341,53.800762,On or near The Laurels,E01027877,Selby 003B,Violence and sexual offences,Unable to prosecute suspect,
76b2820531473ca8de0d0dee99424e73430bb23d052b1fb27e825ed6d9b6f34c,2026-01,North Yorkshire Police,North Yorkshire Police,-1.042229,53.808374,On or near Orchard Drive,E01027877,Selby 003B,Violence and sexual offences,Unable to prosecute suspect,
214c372d6e8e29166cd382f8da798cdae225e3dee426f054ef31ee1a4d184ecb,2026-01,North Yorkshire Police,North Yorkshire Police,-1.043005,53.807616,On or near Greenfield Drive,E01027877,Selby 003B,Violence and sexual offences,Unable to prosecute suspect,
42f342d0b9eb776488025811c50ccb615247e490ebc8bb39b410041a91625319,2026-01,North Yorkshire Police,North Yorkshire Police,-1.042229,53.808374,On or near Orchard Drive,E01027877,Selby 003B,Violence and sexual offences,Unable to prosecute suspect,
71650f99a569627899c9556c6832d2516bf999d94701e3040108afebbf214274,2026-01,North Yorkshire Police,North Yorkshire Police,-0.963739,53.825905,On or near Kings Lea,E01027900,Selby 003C,Other theft,Under investigation,
b0df65cd3a4dd3e6e69e46adc2e28db66aa20beaa19a0f34df91ebc0e1ade1ea,2026-01,North Yorkshire Police,North Yorkshire Police,-0.962045,53.824973,On or near Broadmanor,E01027900,Selby 003C,Violence and sexual offences,Under investigation,
,2026-01,North Yorkshire Police,North Yorkshire Police,-1.052931,53.830120,On or near Mount Close,E01027901,Selby 003D,Anti-social behaviour,,
42963e9e1e0819ae36f13a85c58eff715dd9e1ec0231785cd17cf961903137cc,2026-01,North Yorkshire Police,North Yorkshire Police,-1.052931,53.830120,On or near Mount Close,E01027901,Selby 003D,Violence and sexual offences,Awaiting court outcome,
7028657f5a42c4ac5d1fa80d7e088515e7b3d9b510ef80e1a746ba8b537d085e,2026-01,North Yorkshire Police,North Yorkshire Police,-1.097963,53.859958,On or near Church Hill,E01027902,Selby 003E,Burglary,Investigation complete; no suspect identified,
d12ab7654cc5d0afd7aba3b5505ef7603231991217e506a0c954fc9027d1950e,2026-01,North Yorkshire Police,North Yorkshire Police,-1.050337,53.853943,On or near ,E01027903,Selby 003F,Criminal damage and arson,Investigation complete; no suspect identified,
ede6dffbd584725dd316f67d4c023e64f4030b55656a16ccffcfc74838442865,2026-01,North Yorkshire Police,North Yorkshire Police,-1.050546,53.858173,On or near Parking Area,E01027903,Selby 003F,Drugs,Awaiting court outcome,
ec5b35c4b0b28f8750a7b4228113d69cdbce710796c6ef0f31d3a571a2644a2f,2026-01,North Yorkshire Police,North Yorkshire Police,-1.043692,53.880867,On or near Dower Chase,E01027903,Selby 003F,Other theft,Investigation complete; no suspect identified,
,2026-01,North Yorkshire Police,North Yorkshire Police,-1.252725,53.797653,On or near ,E01027914,Selby 004B,Anti-social behaviour,,
,2026-01,North Yorkshire Police,North Yorkshire Police,-1.255267,53.793320,On or near Elmete Avenue,E01027914,Selby 004B,Anti-social behaviour,,
e2460f8ca24d42c0a8ec77538143dcb3816e9e503363323259b0e3de39911253,2026-01,North Yorkshire Police,North Yorkshire Police,-1.258892,53.794367,On or near Garden Close,E01027914,Selby 004B,Criminal damage and arson,Under investigation,
d72f7579e887dc5cd9ee38a4da0651917fda4d25e0b771afca2e637ef6c57ac2,2026-01,North Yorkshire Police,North Yorkshire Police,-1.251085,53.803935,On or near Sports/Recreation Area,E01027914,Selby 004B,Criminal damage and arson,Investigation complete; no suspect identified,
be70b57b8780a7c8923d7a8fa230e12c93c773f255ddf3634f3c29a24b39b1c5,2026-01,North Yorkshire Police,North Yorkshire Police,-1.281372,53.808750,On or near Coldhill Lane,E01027914,Selby 004B,Other theft,Investigation complete; no suspect identified,
4f63a513abd2e71750797d3763bdee0df7fbfc5b93a8e8a48dc723d164ae6fc0,2026-01,North Yorkshire Police,North Yorkshire Police,-1.261990,53.794314,On or near Church Hill Rise,E01027914,Selby 004B,Violence and sexual offences,Under investigation,
ba357659cf07c26c4c05cb6f4b30cc21ab1079f40d500baaed90037c5b592466,2026-01,North Yorkshire Police,North Yorkshire Police,-1.261990,53.794314,On or near Church Hill Rise,E01027914,Selby 004B,Violence and sexual offences,Under investigation,
,2026-01,North Yorkshire Police,North Yorkshire Police,-1.254246,53.786502,On or near Sports/Recreation Area,E01027915,Selby 004C,Anti-social behaviour,,
59ea8c6387cb375e2550178fd64d22d39751d2e73adf70ec05f1cbc1049c9106,2026-01,North Yorkshire Police,North Yorkshire Police,-1.251975,53.788922,On or near Rose Avenue,E01027915,Selby 004C,Burglary,Investigation complete; no suspect identified,
5bc607e5c7201a0cdad2a08032bd2cc4de5a580188a46834ae3c9db622cbc15a,2026-01,North Yorkshire Police,North Yorkshire Police,-1.251059,53.796886,On or near ,E01027915,Selby 004C,Criminal damage and arson,Investigation complete; no suspect identified,
b89798ca65b405d0f03a21d3662ab7a0cef590ea187fa26f9b0d93514702e627,2026-01,North Yorkshire Police,North Yorkshire Police,-1.253680,53.796330,On or near Church Mews,E01027915,Selby 004C,Vehicle crime,Unable to prosecute suspect,
0f89ce84e6faaf47b71f9eaef01047f30b215cf0d69870cb9668e0bf56a7a85d,2026-01,North Yorkshire Police,North Yorkshire Police,-1.255075,53.790537,On or near ,E01027915,Selby 004C,Violence and sexual offences,Under investigation,
f0707752950da9e107c7dd7447dbb85944ee7e8a2da061e2fded8029a22933c1,2026-01,North Yorkshire Police,North Yorkshire Police,-1.252783,53.790464,On or near Beechwood Glade,E01027915,Selby 004C,Violence and sexual offences,Under investigation,
f0707752950da9e107c7dd7447dbb85944ee7e8a2da061e2fded8029a22933c1,2026-01,North Yorkshire Police,North Yorkshire Police,-1.252783,53.790464,On or near Beechwood Glade,E01027915,Selby 004C,Violence and sexual offences,Under investigation,
4173f9380dc9436f574676442f79007c35c97721a681ae79b5da49dede32e8b7,2026-01,North Yorkshire Police,North Yorkshire Police,-1.255304,53.787819,On or near West View,E01027915,Selby 004C,Violence and sexual offences,Unable to prosecute suspect,
49dde0f839f876d07501c76406d8c9026c66d17b07c2a863cef26e9ecf8a0603,2026-01,North Yorkshire Police,North Yorkshire Police,-1.250931,53.796385,On or near Orchard Cottages,E01027915,Selby 004C,Violence and sexual offences,Under investigation,
21f13b445fcf66729ba350fd855091217ff8244aba346dc0fe9e4f392151dbfd,2026-01,North Yorkshire Police,North Yorkshire Police,-1.248575,53.791463,On or near Orchard Drive,E01027915,Selby 004C,Violence and sexual offences,Investigation complete; no suspect identified,
,2026-01,North Yorkshire Police,North Yorkshire Police,-1.244745,53.801056,On or near Springfield Court,E01027916,Selby 004D,Anti-social behaviour,,
,2026-01,North Yorkshire Police,North Yorkshire Police,-1.249979,53.800406,On or near North Crescent,E01027916,Selby 004D,Anti-social behaviour,,
,2026-01,North Yorkshire Police,North Yorkshire Police,-1.243561,53.797651,On or near Moor Lane,E01027916,Selby 004D,Anti-social behaviour,,
cebb4981185ec857c08eeed6ceaa104fc2726dd51476f2b320f55bad2534ebb0,2026-01,North Yorkshire Police,North Yorkshire Police,-1.246302,53.798900,On or near East Bank,E01027916,Selby 004D,Violence and sexual offences,Unable to prosecute suspect,
c43619d20a3a2f68da1ad1234467d25db556bd67f6f9d10993c5876da5aa8c16,2026-01,North Yorkshire Police,North Yorkshire Police,-1.247384,53.800354,On or near Springfield Road,E01027916,Selby 004D,Violence and sexual offences,Unable to prosecute suspect,
afda8634dc6abb65fca4af28662d151bdb85c904649957b55377a0f6f844db79,2026-01,North Yorkshire Police,North Yorkshire Police,-1.247384,53.800354,On or near Springfield Road,E01027916,Selby 004D,Violence and sexual offences,Unable to prosecute suspect,
8dea18a0092944d33c1b4247895f05f6fee4eb4ee0d05b442f152485125c3278,2026-01,North Yorkshire Police,North Yorkshire Police,-1.247368,53.797873,On or near Moor Road,E01027916,Selby 004D,Violence and sexual offences,Unable to prosecute suspect,
fd4382e09ed5f8b5c3769892d5464b1730b39920fcffd70d5228ed8b8f434467,2026-01,North Yorkshire Police,North Yorkshire Police,-1.249979,53.800406,On or near North Crescent,E01027916,Selby 004D,Violence and sexual offences,Under investigation,
,2026-01,North Yorkshire Police,North Yorkshire Police,-1.247290,53.791158,On or near Orchard Way,E01034975,Selby 004F,Anti-social behaviour,,
,2026-01,North Yorkshire Police,North Yorkshire Police,-1.205229,53.790285,On or near Lennerton Lane,E01034975,Selby 004F,Anti-social behaviour,,
3446a7904ad8f603861b82171c8c74e05349e8a7991a0b8d97661444b6e25bdd,2026-01,North Yorkshire Police,North Yorkshire Police,-1.228829,53.810986,On or near Park/Open Space,E01034975,Selby 004F,Drugs,Local resolution,
d1d2b7bae50efd6aded0350297cae32eb1837f786f813b8f11213b7186e9b3a8,2026-01,North Yorkshire Police,North Yorkshire Police,-1.220516,53.793773,On or near ,E01034975,Selby 004F,Public order,Unable to prosecute suspect,
cebf913e6ab8b060989c7c79eb18d33dd386cbf532b0a8945f2d16e4075b31d8,2026-01,North Yorkshire Police,North Yorkshire Police,-1.230633,53.787224,On or near ,E01034975,Selby 004F,Vehicle crime,Under investigation,
8aa7f806c2d7dde19a0fa7d98ddec3bcda867debc9243f172b120e2a7b37bd32,2026-01,North Yorkshire Police,North Yorkshire Police,-1.244312,53.792200,On or near Bedford Drive,E01034975,Selby 004F,Violence and sexual offences,Under investigation,
c9ffc8f4af0a26f88272055e5c4712c8b28d3b421453083b6b627b45e880f19d,2026-01,North Yorkshire Police,North Yorkshire Police,-1.244312,53.792200,On or near Bedford Drive,E01034975,Selby 004F,Violence and sexual offences,Under investigation,
5897fbc33105baffe7d438d4011818c247e369285ad13db8af071b40d388b5b1,2026-01,North Yorkshire Police,North Yorkshire Police,-1.233002,53.797206,On or near Sherburn-In-Elmet,E01034975,Selby 004F,Violence and sexual offences,Unable to prosecute suspect,
f30087893fee2e4062386c5737539f5eb5c5066638becf6c2613b19c0b82c0dd,2026-01,North Yorkshire Police,North Yorkshire Police,-1.205229,53.790285,On or near Lennerton Lane,E01034975,Selby 004F,Violence and sexual offences,Unable to prosecute suspect,
6d0a3fa9c2fa9a519a2649d6060834368034034bb23939f9755f123404b47b57,2026-01,North Yorkshire Police,North Yorkshire Police,-1.241632,53.791814,On or near Blenheim Garth,E01034975,Selby 004F,Violence and sexual offences,Investigation complete; no suspect identified,
,2026-01,North Yorkshire Police,North Yorkshire Police,-1.239486,53.798848,On or near Peacock Way,E01034976,Selby 004G,Anti-social behaviour,,
,2026-01,North Yorkshire Police,North Yorkshire Police,-1.238665,53.798113,On or near ,E01034976,Selby 004G,Anti-social behaviour,,
1143c482669b694118c85b8e711ee1b61b0341ce9e4a4071ae454ba849ea0b48,2026-01,North Yorkshire Police,North Yorkshire Police,-1.239161,53.795799,On or near Heather Drive,E01034976,Selby 004G,Criminal damage and arson,Under investigation,
77b1c69db838be2e15f4dde1bd11f77c7cde5719af8fba729549f377b76c8d75,2026-01,North Yorkshire Police,North Yorkshire Police,-1.239902,53.797637,On or near Hodgson'S Lane,E01034976,Selby 004G,Violence and sexual offences,Awaiting court outcome,
f355314deec8aa415414b18eee18d2459b9d5365773c044a410c554b0163608f,2026-01,North Yorkshire Police,North Yorkshire Police,-1.247553,53.796013,On or near Pasture View,E01034976,Selby 004G,Violence and sexual offences,Unable to prosecute suspect,
48d7c79320f8f3572abd6cb498c5c3e62076560de59f0dc4a87c63ff484d1af8,2026-01,North Yorkshire Police,North Yorkshire Police,-1.238665,53.798113,On or near ,E01034976,Selby 004G,Violence and sexual offences,Unable to prosecute suspect,
d7db4dd9ccb1b51e3ce575fb93f96032d1abbf7ad81c3efa2afbb77d8cca7eb6,2026-01,North Yorkshire Police,North Yorkshire Police,-1.291132,53.784684,On or near Hall Lane,E01034977,Selby 004H,Vehicle crime,Investigation complete; no suspect identified,
,2026-01,North Yorkshire Police,North Yorkshire Police,-1.248368,53.775022,On or near Petrol Station,E01034978,Selby 004I,Anti-social behaviour,,
157c24f82ad06190d86c72ab34fd4d62765734e40b40d269bdeb9613140c18cf,2026-01,North Yorkshire Police,North Yorkshire Police,-1.243714,53.775613,On or near Fryston View,E01034978,Selby 004I,Violence and sexual offences,Under investigation,
d3e90a8f9b10c47d1b4dedf67429f8df9bcdf1c5e245533ac26d2b7994a040be,2026-01,North Yorkshire Police,North Yorkshire Police,-1.248007,53.777393,On or near Low Street,E01034978,Selby 004I,Violence and sexual offences,Under investigation,
d3e90a8f9b10c47d1b4dedf67429f8df9bcdf1c5e245533ac26d2b7994a040be,2026-01,North Yorkshire Police,North Yorkshire Police,-1.248007,53.777393,On or near Low Street,E01034978,Selby 004I,Violence and sexual offences,Under investigation,
,2026-01,North Yorkshire Police,North Yorkshire Police,-1.059618,53.787281,On or near Olympia Crescent,E01027878,Selby 005A,Anti-social behaviour,,
72bd66dc008da9bec1ab71ac8dcbf8b5da8dce25a349f3642a015287111af2c8,2026-01,North Yorkshire Police,North Yorkshire Police,-1.043433,53.789499,On or near Carr Lane,E01027878,Selby 005A,Burglary,Investigation complete; no suspect identified,
9e88a6ff304b4524bc5f27c01e9f99b04cc5b71a9e8279e144b20df3c2227486,2026-01,North Yorkshire Police,North Yorkshire Police,-1.064266,53.785744,On or near Bridge Court,E01027878,Selby 005A,Public order,Under investigation,
20691054a544dee9725cf505cebe520eef22dca71be0865130c0a7dd1a3159e9,2026-01,North Yorkshire Police,North Yorkshire Police,-1.078471,53.788623,On or near Normandy Close,E01027907,Selby 005C,Other theft,Investigation complete; no suspect identified,
64168f9492906134c33b5ed66e0603becbc5b18b48f751c2e7f7f28f3830a447,2026-01,North Yorkshire Police,North Yorkshire Police,-1.082211,53.786251,On or near Tennant Street,E01027907,Selby 005C,Violence and sexual offences,Unable to prosecute suspect,
182d90af7b70a8b6835723c86b2d04ffb47c9d14416b1a63bec57b9e1c1ca07d,2026-01,North Yorkshire Police,North Yorkshire Police,-1.082153,53.787527,On or near Mirkhill Road,E01027907,Selby 005C,Violence and sexual offences,Unable to prosecute suspect,
9e280b517909bee06d07b3bcb9e97cad6e36d199a62c118c250a22efb0ee4568,2026-01,North Yorkshire Police,North Yorkshire Police,-1.083213,53.786915,On or near Hutchinson Street,E01027907,Selby 005C,Violence and sexual offences,Unable to prosecute suspect,
e8765c2379056a79499c98ba014fda7a0565414c249b5605aee480ca427b7357,2026-01,North Yorkshire Police,North Yorkshire Police,-1.075588,53.788565,On or near Elizabeth Court,E01027907,Selby 005C,Violence and sexual offences,Under investigation,
ed7673249fa26b7f0523c7e32e690eb2510e878e5015b21467f4751b8b1288d7,2026-01,North Yorkshire Police,North Yorkshire Police,-1.078012,53.788790,On or near Charles Street,E01027907,Selby 005C,Violence and sexual offences,Under investigation,
,2026-01,North Yorkshire Police,North Yorkshire Police,-1.075664,53.785096,On or near Richard Street,E01027908,Selby 005D,Anti-social behaviour,,
,2026-01,North Yorkshire Police,North Yorkshire Police,-1.072270,53.783461,On or near Turner'S Square,E01027908,Selby 005D,Anti-social behaviour,,
bbb49f1a89e963c23e0f8540a874a39f3267a5ecfdbc3d7426ee749106856579,2026-01,North Yorkshire Police,North Yorkshire Police,-1.075664,53.785096,On or near Richard Street,E01027908,Selby 005D,Criminal damage and arson,Unable to prosecute suspect,
33227783184fb3c4f21457f3867e9a4b2f142eb350f4213de3642dc01d56354a,2026-01,North Yorkshire Police,North Yorkshire Police,-1.071110,53.783083,On or near St James Terrace,E01027908,Selby 005D,Other theft,Unable to prosecute suspect,
3b692cd6a392afd6e38c7173e0765317e68e0187fd7e4b89e1f997efc1314aa1,2026-01,North Yorkshire Police,North Yorkshire Police,-1.070371,53.784929,On or near Shopping Area,E01027908,Selby 005D,Public order,Unable to prosecute suspect,
bb3ffb96531951bb401364433273ae331da8d294a3dcb54899be4d6c19465424,2026-01,North Yorkshire Police,North Yorkshire Police,-1.072270,53.783461,On or near Turner'S Square,E01027908,Selby 005D,Public order,Unable to prosecute suspect,
9dceae43e8d857e0697c0616531e81f429cd3da12755e230a09128d72b1c179e,2026-01,North Yorkshire Police,North Yorkshire Police,-1.070371,53.784929,On or near Shopping Area,E01027908,Selby 005D,Shoplifting,Awaiting court outcome,
5e5a0130d757f7d3978b6b33d48147bba592c13d2822086ab0e451d1547dcaa5,2026-01,North Yorkshire Police,North Yorkshire Police,-1.070371,53.784929,On or near Shopping Area,E01027908,Selby 005D,Shoplifting,Investigation complete; no suspect identified,
c59b9db63d3893efb8104634b319a712f29bf2326c00b250aecbcc57c4efe569,2026-01,North Yorkshire Police,North Yorkshire Police,-1.070371,53.784929,On or near Shopping Area,E01027908,Selby 005D,Shoplifting,Under investigation,
0fbe507616dfc671b6629af5cab7d3fadeffcc40e2e44f96cb2681514bd81f5f,2026-01,North Yorkshire Police,North Yorkshire Police,-1.075664,53.785096,On or near Richard Street,E01027908,Selby 005D,Violence and sexual offences,Under investigation,
3379008f92c2ebeb5d408d327e9d3ddd8f697c4f3d10934b6c7d49e18cd1c4b2,2026-01,North Yorkshire Police,North Yorkshire Police,-1.075664,53.785096,On or near Richard Street,E01027908,Selby 005D,Violence and sexual offences,Under investigation,
43fabd1f29876275600c9624aa18d58a12ad20f3c125762db668bdf48fd2424a,2026-01,North Yorkshire Police,North Yorkshire Police,-1.075664,53.785096,On or near Richard Street,E01027908,Selby 005D,Violence and sexual offences,Under investigation,
1f97ee871f0aa0935e6179766e27b9b8282b441f8fc6fc6a340274878699fbd3,2026-01,North Yorkshire Police,North Yorkshire Police,-1.073596,53.783210,On or near Gowthorpe,E01027908,Selby 005D,Violence and sexual offences,Under investigation,
43fabd1f29876275600c9624aa18d58a12ad20f3c125762db668bdf48fd2424a,2026-01,North Yorkshire Police,North Yorkshire Police,-1.075664,53.785096,On or near Richard Street,E01027908,Selby 005D,Violence and sexual offences,Unable to prosecute suspect,
ecb0b0a4c61f597b8f9a259116e2c98e270644ef7aeb6df296c98db5b2f46ea3,2026-01,North Yorkshire Police,North Yorkshire Police,-1.076475,53.785506,On or near Buttermere Court,E01027908,Selby 005D,Violence and sexual offences,Under investigation,
415f17f250357a149437e6896a4217ad5bda1c3bccc61468324fd2b4f0918659,2026-01,North Yorkshire Police,North Yorkshire Police,-1.070371,53.784929,On or near Shopping Area,E01027908,Selby 005D,Violence and sexual offences,Local resolution,
a568f27c745f92774871ef6fc0373d31c98560f71d62a509e4f0d674dd74cd66,2026-01,North Yorkshire Police,North Yorkshire Police,-1.077463,53.788201,On or near Carentan Close,E01027908,Selby 005D,Violence and sexual offences,Unable to prosecute suspect,
0d472fcdef84bdfa5b358b28bc9647fb6842efb33aac9e2324644fe115af798a,2026-01,North Yorkshire Police,North Yorkshire Police,-1.075664,53.785096,On or near Richard Street,E01027908,Selby 005D,Violence and sexual offences,Unable to prosecute suspect,
6c53c3cca1e9934678acad083e908a8a50f91514586364b4201f10ae76a38141,2026-01,North Yorkshire Police,North Yorkshire Police,-1.075664,53.785096,On or near Richard Street,E01027908,Selby 005D,Violence and sexual offences,Under investigation,
0df6a933ff1cd4287100c7719f7ab54a986c03f80a14a99c74036592846ed17b,2026-01,North Yorkshire Police,North Yorkshire Police,-1.075664,53.785096,On or near Richard Street,E01027908,Selby 005D,Violence and sexual offences,Under investigation,
0d1f373dfb5b26a040e952910702973bf262a690c494470c5acaf51b1fa4798c,2026-01,North Yorkshire Police,North Yorkshire Police,-1.074501,53.781410,On or near Londesborough Street,E01027908,Selby 005D,Violence and sexual offences,Under investigation,
1f97ee871f0aa0935e6179766e27b9b8282b441f8fc6fc6a340274878699fbd3,2026-01,North Yorkshire Police,North Yorkshire Police,-1.073596,53.783210,On or near Gowthorpe,E01027908,Selby 005D,Violence and sexual offences,Under investigation,
0d1f373dfb5b26a040e952910702973bf262a690c494470c5acaf51b1fa4798c,2026-01,North Yorkshire Police,North Yorkshire Police,-1.074501,53.781410,On or near Londesborough Street,E01027908,Selby 005D,Violence and sexual offences,Under investigation,
cf8180777cbfe834b02e7348e90b30d53393aa99722ead8a4b363fae32b1291a,2026-01,North Yorkshire Police,North Yorkshire Police,-1.075664,53.785096,On or near Richard Street,E01027908,Selby 005D,Violence and sexual offences,Under investigation,
f697aefedc51a27e9c5adcef6f4c166e6e45fea6e2dc79620269d1ed01018c6c,2026-01,North Yorkshire Police,North Yorkshire Police,-1.077463,53.788201,On or near Carentan Close,E01027908,Selby 005D,Violence and sexual offences,Unable to prosecute suspect,
345febb0b0fd5e6bcdfe8138602f25e0301afc4360779d484efa05b42807d239,2026-01,North Yorkshire Police,North Yorkshire Police,-1.078379,53.785890,On or near Supermarket,E01027908,Selby 005D,Violence and sexual offences,Unable to prosecute suspect,
93374301fdeefcef40aeb7ece15a7c72c3262a1f13e70f03b90eef0eb29e5acb,2026-01,North Yorkshire Police,North Yorkshire Police,-1.073596,53.783210,On or near Gowthorpe,E01027908,Selby 005D,Violence and sexual offences,Awaiting court outcome,
b23c0f71aaed6dde2515c13ef18825ade6181cb75a87d9cdecfbb6462a912339,2026-01,North Yorkshire Police,North Yorkshire Police,-1.070371,53.784929,On or near Shopping Area,E01027908,Selby 005D,Violence and sexual offences,Investigation complete; no suspect identified,
328c9e3c693fafb0c9c78e9e3e734301470a04a7dbdd4e2258b274da0d9ebf0a,2026-01,North Yorkshire Police,North Yorkshire Police,-1.074501,53.781410,On or near Londesborough Street,E01027908,Selby 005D,Violence and sexual offences,Under investigation,
,2026-01,North Yorkshire Police,North Yorkshire Police,-1.066561,53.784926,On or near Church Lane,E01027909,Selby 005E,Anti-social behaviour,,
,2026-01,North Yorkshire Police,North Yorkshire Police,-1.067675,53.785339,On or near Parking Area,E01027909,Selby 005E,Anti-social behaviour,,
,2026-01,North Yorkshire Police,North Yorkshire Police,-1.068026,53.785261,On or near Micklegate,E01027909,Selby 005E,Anti-social behaviour,,
,2026-01,North Yorkshire Police,North Yorkshire Police,-1.066085,53.781750,On or near Hawdon Avenue,E01027909,Selby 005E,Anti-social behaviour,,
,2026-01,North Yorkshire Police,North Yorkshire Police,-1.069263,53.784246,On or near Finkle Street,E01027909,Selby 005E,Anti-social behaviour,,
,2026-01,North Yorkshire Police,North Yorkshire Police,-1.068026,53.785261,On or near Micklegate,E01027909,Selby 005E,Anti-social behaviour,,
,2026-01,North Yorkshire Police,North Yorkshire Police,-1.066904,53.785190,On or near Wren Lane,E01027909,Selby 005E,Anti-social behaviour,,
,2026-01,North Yorkshire Police,North Yorkshire Police,-1.068026,53.785261,On or near Micklegate,E01027909,Selby 005E,Anti-social behaviour,,
,2026-01,North Yorkshire Police,North Yorkshire Police,-1.071873,53.781525,On or near Massey Street,E01027909,Selby 005E,Anti-social behaviour,,
,2026-01,North Yorkshire Police,North Yorkshire Police,-1.068026,53.785261,On or near Micklegate,E01027909,Selby 005E,Anti-social behaviour,,
,2026-01,North Yorkshire Police,North Yorkshire Police,-1.068026,53.785261,On or near Micklegate,E01027909,Selby 005E,Anti-social behaviour,,
,2026-01,North Yorkshire Police,North Yorkshire Police,-1.066513,53.782292,On or near Park Street,E01027909,Selby 005E,Anti-social behaviour,,
,2026-01,North Yorkshire Police,North Yorkshire Police,-1.068427,53.783610,On or near Shopping Area,E01027909,Selby 005E,Anti-social behaviour,,
,2026-01,North Yorkshire Police,North Yorkshire Police,-1.071873,53.781525,On or near Massey Street,E01027909,Selby 005E,Anti-social behaviour,,
,2026-01,North Yorkshire Police,North Yorkshire Police,-1.058894,53.781666,On or near The Waterfront,E01027909,Selby 005E,Anti-social behaviour,,
,2026-01,North Yorkshire Police,North Yorkshire Police,-1.068495,53.782568,On or near Supermarket,E01027909,Selby 005E,Anti-social behaviour,,
,2026-01,North Yorkshire Police,North Yorkshire Police,-1.059282,53.781939,On or near Shipyard Road,E01027909,Selby 005E,Anti-social behaviour,,
664f230751b499c672307e3d00724d2ab290e7e4e261b76ad1a3d25eca611b05,2026-01,North Yorkshire Police,North Yorkshire Police,-1.066085,53.781750,On or near Hawdon Avenue,E01027909,Selby 005E,Bicycle theft,Investigation complete; no suspect identified,
673124d31f55213066d48f8e34b40938412513fe7fb516d30e48113ce37eb8c4,2026-01,North Yorkshire Police,North Yorkshire Police,-1.068026,53.785261,On or near Micklegate,E01027909,Selby 005E,Criminal damage and arson,Investigation complete; no suspect identified,
b5f34ab4ca14a5833b940b270aaf436ce423dbbb8a8f28822979c87c035e751e,2026-01,North Yorkshire Police,North Yorkshire Police,-1.066561,53.784926,On or near Church Lane,E01027909,Selby 005E,Criminal damage and arson,Unable to prosecute suspect,
9cccd55f734b497202c4f9c637a686cb92cfe3b78de6247173d8b12d6a6ac0b7,2026-01,North Yorkshire Police,North Yorkshire Police,-1.070007,53.783524,On or near Market Lane,E01027909,Selby 005E,Criminal damage and arson,Under investigation,
10f6f825a5c1111e3df5011fcb6fa485e36d734d4a2f63cd2b67560f82ef8333,2026-01,North Yorkshire Police,North Yorkshire Police,-1.069263,53.784246,On or near Finkle Street,E01027909,Selby 005E,Criminal damage and arson,Investigation complete; no suspect identified,
4e4b4f34ac33ad65dcd45da3eb974c19355cbf1d2528bbfa67f926b0ae7f2436,2026-01,North Yorkshire Police,North Yorkshire Police,-1.069263,53.784246,On or near Finkle Street,E01027909,Selby 005E,Criminal damage and arson,Unable to prosecute suspect,
fbf284027d6d046439e1f2066d9f9b4cbab49c14c6270a65714a59ed879f7c37,2026-01,North Yorkshire Police,North Yorkshire Police,-1.068155,53.782880,On or near Parking Area,E01027909,Selby 005E,Criminal damage and arson,Under investigation,
b2c5a7071611e826d7eb8f06eb74c41c671ff3244a40f33191c30a93abd70bd8,2026-01,North Yorkshire Police,North Yorkshire Police,-1.067638,53.783595,On or near The Crescent,E01027909,Selby 005E,Drugs,Under investigation,
f3342072e8130e863d94beb36d79efe91fc6a8b62d558538349f16b4c6b8777b,2026-01,North Yorkshire Police,North Yorkshire Police,-1.066513,53.782292,On or near Park Street,E01027909,Selby 005E,Drugs,Under investigation,
6f268a587b4d0d3fb442ce4df04b5d7130be34430033a991d891eb5df2e9f1eb,2026-01,North Yorkshire Police,North Yorkshire Police,-1.066085,53.781750,On or near Hawdon Avenue,E01027909,Selby 005E,Other theft,Investigation complete; no suspect identified,
42ab1c13455ef61620734003e647db3ebe1df2d253e01ab87b6bb6c7305dc7aa,2026-01,North Yorkshire Police,North Yorkshire Police,-1.065374,53.784414,On or near New Street,E01027909,Selby 005E,Other theft,Investigation complete; no suspect identified,
0217ca472057cec0d50c83c3d381e9e996831d17517e350e47cec28c64466b83,2026-01,North Yorkshire Police,North Yorkshire Police,-1.069263,53.784246,On or near Finkle Street,E01027909,Selby 005E,Public order,Unable to prosecute suspect,
cf33aa3c2cef31fb5cb45de8ae2e17cd75d998b3389d77c318d8eb16ae30afc5,2026-01,North Yorkshire Police,North Yorkshire Police,-1.068026,53.785261,On or near Micklegate,E01027909,Selby 005E,Public order,Awaiting court outcome,
f0cb480c2ec0b64c65d34fc1673b80f3dcd42bb5b909031462a1f0991b29131d,2026-01,North Yorkshire Police,North Yorkshire Police,-1.070007,53.783524,On or near Market Lane,E01027909,Selby 005E,Public order,Unable to prosecute suspect,
b4904af211bf5400ab02441659795fafbb6ab4184687463c35fc41f73c754958,2026-01,North Yorkshire Police,North Yorkshire Police,-1.064505,53.778430,On or near Prospect Way,E01027909,Selby 005E,Shoplifting,Local resolution,
3f151c3f8434048a8cf1f7563e7df7816f26d2548cfa9294c75b77a30da48d33,2026-01,North Yorkshire Police,North Yorkshire Police,-1.064505,53.778430,On or near Prospect Way,E01027909,Selby 005E,Shoplifting,Under investigation,
a1a4812c7e793d7a28d623fb73c4ba5f7fd89661158bbb446e6f13480b48595b,2026-01,North Yorkshire Police,North Yorkshire Police,-1.068427,53.783610,On or near Shopping Area,E01027909,Selby 005E,Shoplifting,Investigation complete; no suspect identified,
17f48262aab3fb929b5e9abb9ccc81232beb3485add3bfef68f99a7cdf97423f,2026-01,North Yorkshire Police,North Yorkshire Police,-1.070007,53.783524,On or near Market Lane,E01027909,Selby 005E,Shoplifting,Investigation complete; no suspect identified,
8c881cf82349744d0de5c67448255fffac2c47a203cd9c1624bd2fa0ac4f48bd,2026-01,North Yorkshire Police,North Yorkshire Police,-1.065775,53.784120,On or near A19,E01027909,Selby 005E,Violence and sexual offences,Awaiting court outcome,
52b908980f7a065235b83f7664bbc6967c738f71622a63cdb0ce387ace66bbff,2026-01,North Yorkshire Police,North Yorkshire Police,-1.069263,53.784246,On or near Finkle Street,E01027909,Selby 005E,Violence and sexual offences,Local resolution,
13fc3adf0185b20a9d732439f8e79fb5e24291868a451537c094e751a9c4408c,2026-01,North Yorkshire Police,North Yorkshire Police,-1.070007,53.783524,On or near Market Lane,E01027909,Selby 005E,Violence and sexual offences,Unable to prosecute suspect,
7ded024bbb0c1f6d875f7350d419b72046be2ccea4899248433763d9963eb46e,2026-01,North Yorkshire Police,North Yorkshire Police,-1.066561,53.784926,On or near Church Lane,E01027909,Selby 005E,Violence and sexual offences,Under investigation,
23dcc1956e11833fb44bd193b69e65cdcdb2fdd795e981517ba82085e87d8b1e,2026-01,North Yorkshire Police,North Yorkshire Police,-1.058633,53.778384,On or near Volta Street,E01027909,Selby 005E,Violence and sexual offences,Unable to prosecute suspect,
6c7ae7d205d2bd492fee2adad5f6ab8f0193bc177333accdd4a3d077b80eaecf,2026-01,North Yorkshire Police,North Yorkshire Police,-1.066513,53.782292,On or near Park Street,E01027909,Selby 005E,Violence and sexual offences,Under investigation,
891f73d3f76ee4d2d8981975298de5f1241a360df5c5a4d04f42abbd66967b9c,2026-01,North Yorkshire Police,North Yorkshire Police,-1.058633,53.778384,On or near Volta Street,E01027909,Selby 005E,Violence and sexual offences,Unable to prosecute suspect,
1c5324601f9c6ed90003f499e22d7fc818a2da908caaecca2fa3de2220cc0482,2026-01,North Yorkshire Police,North Yorkshire Police,-1.068427,53.783610,On or near Shopping Area,E01027909,Selby 005E,Violence and sexual offences,Under investigation,
c60a91019cb28c8313744ac7113f0bffc760bc5e892687316cee213d5ea17e74,2026-01,North Yorkshire Police,North Yorkshire Police,-1.066130,53.785202,On or near Parking Area,E01027909,Selby 005E,Violence and sexual offences,Unable to prosecute suspect,
00a707d3565a21cb56701e9e1a138d6653be33c7e95a4be0cff4d7af4b1c253b,2026-01,North Yorkshire Police,North Yorkshire Police,-1.060639,53.779622,On or near Kitchen Drive,E01027909,Selby 005E,Violence and sexual offences,Under investigation,
638210d5c797c2a083dac86691527952e03caaa0a2733ca99f9ecfc86b337038,2026-01,North Yorkshire Police,North Yorkshire Police,-1.070007,53.783524,On or near Market Lane,E01027909,Selby 005E,Violence and sexual offences,Unable to prosecute suspect,
0fd3482bbb573248bb7ee5d19f162ca45a53d26d0280456d5332b3d1a5d55a85,2026-01,North Yorkshire Police,North Yorkshire Police,-1.070007,53.783524,On or near Market Lane,E01027909,Selby 005E,Violence and sexual offences,Under investigation,
817c3498a7cacaf1c9f11fc6d86ced14ad56a4b8ed5885ef6247c1efb3285c64,2026-01,North Yorkshire Police,North Yorkshire Police,-1.066561,53.784926,On or near Church Lane,E01027909,Selby 005E,Violence and sexual offences,Under investigation,
e367d48a218094a1c6541011f3b467ef4ed73f1d8647301c879df6c8e07f2086,2026-01,North Yorkshire Police,North Yorkshire Police,-1.065374,53.784414,On or near New Street,E01027909,Selby 005E,Violence and sexual offences,Unable to prosecute suspect,
4337bc545e8b6fd848cb8cd46d996ea2d11946abb602c9a262564b386c8402ca,2026-01,North Yorkshire Police,North Yorkshire Police,-1.069263,53.784246,On or near Finkle Street,E01027909,Selby 005E,Violence and sexual offences,Unable to prosecute suspect,
58f336abc01a48264df5ea68b2c80b6ad9165871d78c70869e315735c469425d,2026-01,North Yorkshire Police,North Yorkshire Police,-1.066513,53.782292,On or near Park Street,E01027909,Selby 005E,Violence and sexual offences,Under investigation,
292ae07a71d21fe5edc05387cb49f3bf6f3cbb87f3eca6de777acf344ca8e7b2,2026-01,North Yorkshire Police,North Yorkshire Police,-1.069263,53.784246,On or near Finkle Street,E01027909,Selby 005E,Violence and sexual offences,Under investigation,
22d92c70eb8d74548e85ff514fefad12e6a1f90478a78e9e7371817dfaa48a22,2026-01,North Yorkshire Police,North Yorkshire Police,-1.068026,53.785261,On or near Micklegate,E01027909,Selby 005E,Violence and sexual offences,Under investigation,
e3747920a3812b22a5c42e917cb76182546005302411eeade1315f34ad8dcad8,2026-01,North Yorkshire Police,North Yorkshire Police,-1.058633,53.778384,On or near Volta Street,E01027909,Selby 005E,Violence and sexual offences,Unable to prosecute suspect,
1a19453a39ee19601cfb28fa7a2bf4bb9fc8336c4f4532a3178c0869d8ae0540,2026-01,North Yorkshire Police,North Yorkshire Police,-1.059282,53.781939,On or near Shipyard Road,E01027909,Selby 005E,Violence and sexual offences,Under investigation,
9babdd6ddf69134984a7d6a8d567977f4a7fad109bd2805ada9eb0b14520ca36,2026-01,North Yorkshire Police,North Yorkshire Police,-1.070306,53.783059,On or near New Lane,E01027909,Selby 005E,Other crime,Unable to prosecute suspect,
ce230f94c80115d94c3ad80c95561eee479dde4cc97cbff474cf8ddda531805c,2026-01,North Yorkshire Police,North Yorkshire Police,-1.068026,53.785261,On or near Micklegate,E01027909,Selby 005E,Other crime,Under investigation,
ebd990b38460511bd005c59479f19c96117064bcd17e26b3a7d57dc529d8b803,2026-01,North Yorkshire Police,North Yorkshire Police,-1.072791,53.786691,On or near Dam Bank,E01034979,Selby 005G,Criminal damage and arson,Formal action is not in the public interest,
fa8c1ea7978694d6234a40dde631b733973ff3c2f03c0a8668c3e8d23a9033ac,2026-01,North Yorkshire Police,North Yorkshire Police,-1.072670,53.788057,On or near Petrol Station,E01034979,Selby 005G,Criminal damage and arson,Unable to prosecute suspect,
786597097dad57939b6135b64763b1b22d9bd056baef50a051e36dec6985826a,2026-01,North Yorkshire Police,North Yorkshire Police,-1.074869,53.788119,On or near Low Meadow,E01034979,Selby 005G,Criminal damage and arson,Awaiting court outcome,
844207dd39a5203276a85924f7184b48ed70cb19506aa896654d435f555c934d,2026-01,North Yorkshire Police,North Yorkshire Police,-1.080126,53.794837,On or near Wistow Road,E01034979,Selby 005G,Drugs,Awaiting court outcome,
d4a9e5deb4a96f46c24279079682e2c6fbb38b5a70ec2670b4ade5b5857cbb83,2026-01,North Yorkshire Police,North Yorkshire Police,-1.072791,53.786691,On or near Dam Bank,E01034979,Selby 005G,Drugs,Local resolution,
130b67613cf07d24155575a3e44ce93682ffe8c9a77bd2ef982f5c07bf34e443,2026-01,North Yorkshire Police,North Yorkshire Police,-1.072670,53.788057,On or near Petrol Station,E01034979,Selby 005G,Public order,Under investigation,
9c5fb9e53333e6873dbaed6f5eb9ca4c02552a1264e5c62505231d80857775c1,2026-01,North Yorkshire Police,North Yorkshire Police,-1.080126,53.794837,On or near Wistow Road,E01034979,Selby 005G,Violence and sexual offences,Awaiting court outcome,
7814c671bd6183be68cd106e3ba3df4212a8cfff88e5945a98e8e6df724341cb,2026-01,North Yorkshire Police,North Yorkshire Police,-1.072791,53.786691,On or near Dam Bank,E01034979,Selby 005G,Violence and sexual offences,Unable to prosecute suspect,
a314629e268d9383e600cfc79cc7b68cf6c9fc9901d9f7d94de114cacfb602c7,2026-01,North Yorkshire Police,North Yorkshire Police,-1.075902,53.786688,On or near White Street,E01034979,Selby 005G,Violence and sexual offences,Unable to prosecute suspect,
,2026-01,North Yorkshire Police,North Yorkshire Police,-1.068685,53.786336,On or near Alma Terrace,E01034980,Selby 005H,Anti-social behaviour,,
,2026-01,North Yorkshire Police,North Yorkshire Police,-1.068612,53.789652,On or near Coupland Square,E01034980,Selby 005H,Anti-social behaviour,,
a0b464f670b3e5cb1966663b4dcc4a4ed7d73e2015a83b421a4ac639d5805345,2026-01,North Yorkshire Police,North Yorkshire Police,-1.069270,53.787356,On or near Newmillgate,E01034980,Selby 005H,Drugs,Under investigation,
f0149a8448125f37358479f2a9982540cb7be874d3f42c48923f3e9f8e734b5d,2026-01,North Yorkshire Police,North Yorkshire Police,-1.066664,53.788495,On or near Holme Lane,E01034980,Selby 005H,Violence and sexual offences,Under investigation,
760e2b517ec03ca7a0875cc00946486bbc1f9a4fc87f318f88adbf077da0992d,2026-01,North Yorkshire Police,North Yorkshire Police,-1.066664,53.788495,On or near Holme Lane,E01034980,Selby 005H,Violence and sexual offences,Under investigation,
b2721fb62d330bbaa2651d39319bf98f08b96558f2e03dda32dcc3f5b654a9a2,2026-01,North Yorkshire Police,North Yorkshire Police,-1.069270,53.787356,On or near Newmillgate,E01034980,Selby 005H,Violence and sexual offences,Under investigation,
e2e852fab6d7d1e8f2848550c1158992d1d20383d6927f5686dff4133b5887c6,2026-01,North Yorkshire Police,North Yorkshire Police,-1.069270,53.787356,On or near Newmillgate,E01034980,Selby 005H,Violence and sexual offences,Under investigation,
760e2b517ec03ca7a0875cc00946486bbc1f9a4fc87f318f88adbf077da0992d,2026-01,North Yorkshire Police,North Yorkshire Police,-1.066664,53.788495,On or near Holme Lane,E01034980,Selby 005H,Violence and sexual offences,Under investigation,
,2026-01,North Yorkshire Police,North Yorkshire Police,-1.054995,53.778885,On or near Denison Road,E01034981,Selby 005I,Anti-social behaviour,,
,2026-01,North Yorkshire Police,North Yorkshire Police,-1.054076,53.777925,On or near Benedict Avenue,E01034981,Selby 005I,Anti-social behaviour,,
79d91a93435084160702194f6b882633c1ca5382b55c503ee4fc626012c70f2c,2026-01,North Yorkshire Police,North Yorkshire Police,-1.039615,53.775231,On or near A63,E01034981,Selby 005I,Other theft,Under investigation,
5bbbaf0813a6e79db8c033d516fa59028657cb5b21d27f83c9bc2167759890a0,2026-01,North Yorkshire Police,North Yorkshire Police,-1.056838,53.774532,On or near Abbot'S Road,E01034981,Selby 005I,Violence and sexual offences,Unable to prosecute suspect,
8a515292426801e1593467eea9bcd6f48e81fded95ea419b6efc4db1ce93e365,2026-01,North Yorkshire Police,North Yorkshire Police,-1.057911,53.776068,On or near Barwic Close,E01034981,Selby 005I,Violence and sexual offences,Awaiting court outcome,
a790648558174330876a75335e843aafdbf43f5fdb4379b809ce3ff795ff99ec,2026-01,North Yorkshire Police,North Yorkshire Police,-1.057911,53.776068,On or near Barwic Close,E01034981,Selby 005I,Violence and sexual offences,Unable to prosecute suspect,
002d6b0139c4216077bf5c55be132ae17707ec646038cf40e57c910a844b7ce5,2026-01,North Yorkshire Police,North Yorkshire Police,-1.055603,53.777488,On or near Germain Road,E01034981,Selby 005I,Other crime,Under investigation,
,2026-01,North Yorkshire Police,North Yorkshire Police,-1.062518,53.770909,On or near Oak Way,E01034982,Selby 005J,Anti-social behaviour,,
,2026-01,North Yorkshire Police,North Yorkshire Police,-1.064542,53.774017,On or near Bawtry Road,E01034982,Selby 005J,Anti-social behaviour,,
,2026-01,North Yorkshire Police,North Yorkshire Police,-1.064542,53.774017,On or near Bawtry Road,E01034982,Selby 005J,Anti-social behaviour,,
,2026-01,North Yorkshire Police,North Yorkshire Police,-1.064555,53.772767,On or near Bawtry Road,E01034982,Selby 005J,Anti-social behaviour,,
fa58b982fd9dcc8da5c172632cfe01ad80036381f7a73e17e07755c5dbc795e9,2026-01,North Yorkshire Police,North Yorkshire Police,-1.064542,53.774017,On or near Bawtry Road,E01034982,Selby 005J,Other theft,Unable to prosecute suspect,
88fbb2f3440ab8d184bcbd7843abb33ebdd2bf932c60217fe8998b8f4f546aaa,2026-01,North Yorkshire Police,North Yorkshire Police,-1.064542,53.774017,On or near Bawtry Road,E01034982,Selby 005J,Shoplifting,Investigation complete; no suspect identified,
94bc3da432d209b246e02022e0b862ce407acb86d0467b06eeba99ce0c309452,2026-01,North Yorkshire Police,North Yorkshire Police,-1.063647,53.774684,On or near Bawtry Close,E01034982,Selby 005J,Vehicle crime,Investigation complete; no suspect identified,
65d1cd6f42458602804af284207e7fb116227e1bb92c7e9d99488b56aa71e665,2026-01,North Yorkshire Police,North Yorkshire Police,-1.059602,53.779732,On or near ,E01034982,Selby 005J,Violence and sexual offences,Unable to prosecute suspect,
bda07905fa094863c4cfd68949ecd275c8d9ad7f05d15a08d2a8c81f3e15cc05,2026-01,North Yorkshire Police,North Yorkshire Police,-1.059329,53.772394,On or near Hornbeam Close,E01034982,Selby 005J,Violence and sexual offences,Investigation complete; no suspect identified,
,2026-01,North Yorkshire Police,North Yorkshire Police,-1.050701,53.772110,On or near Far Moss,E01034983,Selby 005K,Anti-social behaviour,,
,2026-01,North Yorkshire Police,North Yorkshire Police,-1.051403,53.775334,On or near Further/Higher Educational Building,E01034983,Selby 005K,Anti-social behaviour,,
,2026-01,North Yorkshire Police,North Yorkshire Police,-1.050701,53.772110,On or near Far Moss,E01034983,Selby 005K,Anti-social behaviour,,
cd77c0dab54fb254cae3a8e24c59c4e3d740ffae4176afb557b33832b1b15c88,2026-01,North Yorkshire Police,North Yorkshire Police,-1.058324,53.769150,On or near Cedar Court,E01034983,Selby 005K,Drugs,Under investigation,
4b93ac95e255930dc8dd90a14fdc25e6491ef589b91af99f49ed3f8634f399d2,2026-01,North Yorkshire Police,North Yorkshire Police,-1.051403,53.775334,On or near Further/Higher Educational Building,E01034983,Selby 005K,Other theft,Under investigation,
83235c77f42e03169bcf7c0948a30ad7efff9d480c56a24d7591b095c0ee584b,2026-01,North Yorkshire Police,North Yorkshire Police,-1.054499,53.771259,On or near Staynor Link,E01034983,Selby 005K,Public order,Unable to prosecute suspect,
80acb6195c4c8056cf79bbdd95d7f7a46c290279c1b0515652376eb272c66e97,2026-01,North Yorkshire Police,North Yorkshire Police,-1.051403,53.775334,On or near Further/Higher Educational Building,E01034983,Selby 005K,Violence and sexual offences,Under investigation,
ea7f3f1ce88b1c318a78e19a834748dcb71c3b8b1d8c17bbf36e74bb5110e830,2026-01,North Yorkshire Police,North Yorkshire Police,-1.051403,53.775334,On or near Further/Higher Educational Building,E01034983,Selby 005K,Violence and sexual offences,Awaiting court outcome,
6ff07f6e045141fcec03364bdb675326464254254294644b3c4905d7b9d72c36,2026-01,North Yorkshire Police,North Yorkshire Police,-1.050701,53.772110,On or near Far Moss,E01034983,Selby 005K,Violence and sexual offences,Unable to prosecute suspect,
536f039522ff8b3958692309bdaf7262ca9ca44fa2ab27e5989a5221c8b8dd3a,2026-01,North Yorkshire Police,North Yorkshire Police,-1.054499,53.771259,On or near Staynor Link,E01034983,Selby 005K,Violence and sexual offences,Under investigation,
bf2e0d6c11300f06c84127ec1fecc12da29af879bceb48833ac6f84b6236d6b7,2026-01,North Yorkshire Police,North Yorkshire Police,-1.055461,53.770305,On or near Spruce Way,E01034983,Selby 005K,Violence and sexual offences,Under investigation,
61095bdaecf744ed735735d7097a91d48da9f346e1dce4a21647116b0ec9e1f5,2026-01,North Yorkshire Police,North Yorkshire Police,-1.050701,53.772110,On or near Far Moss,E01034983,Selby 005K,Violence and sexual offences,Unable to prosecute suspect,
c0e0787374c30239d81d8fa38bca1c238fd8e899b94baa5ce86f0412e7d5a2aa,2026-01,North Yorkshire Police,North Yorkshire Police,-1.051403,53.775334,On or near Further/Higher Educational Building,E01034983,Selby 005K,Other crime,Further investigation is not in the public interest,
,2026-01,North Yorkshire Police,North Yorkshire Police,-1.095808,53.763785,On or near Mill Lane,E01027881,Selby 006A,Anti-social behaviour,,
4f27e87e292815f8528a38782a0b01a98f3f86f91d63906632205e3055af8668,2026-01,North Yorkshire Police,North Yorkshire Police,-1.094918,53.763545,On or near Millcroft,E01027881,Selby 006A,Burglary,Investigation complete; no suspect identified,
f537f7587f2c96afee5856893eb9d3af766923ad99462795ece47f1acd052ca6,2026-01,North Yorkshire Police,North Yorkshire Police,-1.095118,53.765533,On or near Willow Bank,E01027881,Selby 006A,Violence and sexual offences,Unable to prosecute suspect,
df365d8cb7d37b9827e922bd123abd5854f27e10783c78d3fa1d98aad67eceb7,2026-01,North Yorkshire Police,North Yorkshire Police,-1.085342,53.785332,On or near Hempbridge Road,E01027906,Selby 006B,Burglary,Unable to prosecute suspect,
898bf1ca60987f10a1bf8e9f04f2792a7bb401291aab5798cdd8410c4b4e717e,2026-01,North Yorkshire Police,North Yorkshire Police,-1.080569,53.790553,On or near Hollywood,E01027906,Selby 006B,Drugs,Under investigation,
b11b085e90116aadc5abcd5cbac3446a51c511f62e01a55bd8f6f5f50d5a3ec3,2026-01,North Yorkshire Police,North Yorkshire Police,-1.085342,53.785332,On or near Hempbridge Road,E01027906,Selby 006B,Drugs,Local resolution,
ca9c4ce3bd8713a0ad4f63b6d5e097c73025683ae2be995618fc82a20ec29a1b,2026-01,North Yorkshire Police,North Yorkshire Police,-1.080569,53.790553,On or near Hollywood,E01027906,Selby 006B,Possession of weapons,Under investigation,
196751b56ad1e6fb837fa1113e03167d5f0ec780a90c7f3106dbdc88c66bb731,2026-01,North Yorkshire Police,North Yorkshire Police,-1.083834,53.785608,On or near Flaxley Court,E01027906,Selby 006B,Violence and sexual offences,Action to be taken by another organisation,
ffe867ff96f575017e460d07ff6ac449b174262ee1096a627ad050db7b973db4,2026-01,North Yorkshire Police,North Yorkshire Police,-1.080127,53.777454,On or near Hospital,E01027913,Selby 006E,Criminal damage and arson,Awaiting court outcome,
0002565004ddae9cad24ba542530ddbe8ace6129c0ba12ef32285479a879886b,2026-01,North Yorkshire Police,North Yorkshire Police,-1.080127,53.777454,On or near Hospital,E01027913,Selby 006E,Violence and sexual offences,Awaiting court outcome,
9f787eb6f979b4594620fc36f3715c226d52a108907a43ae54862c5f83531a37,2026-01,North Yorkshire Police,North Yorkshire Police,-1.077719,53.779988,On or near Fairfax Avenue,E01034984,Selby 006F,Public order,Under investigation,
6d72f6d2e1df4118044235211eac97afc2c5dc55cdbbf78d1fabca8961d37b79,2026-01,North Yorkshire Police,North Yorkshire Police,-1.076701,53.777958,On or near Westfield Avenue,E01034984,Selby 006F,Violence and sexual offences,Under investigation,
99db765ce1b68e74c665fc60890523a06a9902eea3c210f8cb44af3f307f7a9d,2026-01,North Yorkshire Police,North Yorkshire Police,-1.072489,53.774231,On or near Westbourne Road,E01034984,Selby 006F,Violence and sexual offences,Under investigation,
adf436ed40c915e828c0121cb4f2cdbc67ec365113d58e3d996c8d4a31827167,2026-01,North Yorkshire Police,North Yorkshire Police,-1.074013,53.771843,On or near Bassett Close,E01027879,Selby 007A,Other theft,Unable to prosecute suspect,
796bfc830a63fe92376d0fa27b585931cf39d344d4f63e674753429518d8f8c4,2026-01,North Yorkshire Police,North Yorkshire Police,-1.095348,53.766092,On or near Hollytree Way,E01027880,Selby 007B,Violence and sexual offences,Unable to prosecute suspect,
,2026-01,North Yorkshire Police,North Yorkshire Police,-1.083142,53.767221,On or near Charles Wesley Drive,E01027882,Selby 007C,Anti-social behaviour,,
1c9d5fb637c869c98c10d3906301c65877f9360f18b6f990f57d7a4fb3767b0b,2026-01,North Yorkshire Police,North Yorkshire Police,-1.073287,53.764161,On or near Middle Lane,E01027882,Selby 007C,Possession of weapons,Unable to prosecute suspect,
7edb4ec0310c8146b71ce76d6df73250d804f17c5da9464d7fa13be580c1ce6e,2026-01,North Yorkshire Police,North Yorkshire Police,-1.080359,53.773060,On or near Holly Grove,E01027882,Selby 007C,Public order,Unable to prosecute suspect,
c40d6093257c482085dbe60b7cc72c97312f5e71711b04c197f1e8b31103f5f6,2026-01,North Yorkshire Police,North Yorkshire Police,-1.028692,53.751682,On or near Sports/Recreation Area,E01027882,Selby 007C,Violence and sexual offences,Under investigation,
63fff0f1beb798efc7d60406bb5d3294f7c338aa96d61b274705b148a025cc57,2026-01,North Yorkshire Police,North Yorkshire Police,-1.030309,53.750384,On or near Barlow Common Road,E01027882,Selby 007C,Other crime,Action to be taken by another organisation,
,2026-01,North Yorkshire Police,North Yorkshire Police,-1.119889,53.773618,On or near Sherwood Drive,E01027894,Selby 007D,Anti-social behaviour,,
,2026-01,North Yorkshire Police,North Yorkshire Police,-1.133381,53.772026,On or near Pond Lane,E01027894,Selby 007D,Anti-social behaviour,,
,2026-01,North Yorkshire Police,North Yorkshire Police,-1.122068,53.773894,On or near Chestnut Drive,E01027894,Selby 007D,Anti-social behaviour,,
2a0fe5d2e3b3edcf0576e344402cbf5cc9a9ddd4591fb696cd256997e24392ae,2026-01,North Yorkshire Police,North Yorkshire Police,-1.123159,53.774140,On or near ,E01027894,Selby 007D,Criminal damage and arson,Under investigation,
68f7b07f4a86f160c8b72d29ff0a1eb37458b2c9b33388f3bf56b509c926db32,2026-01,North Yorkshire Police,North Yorkshire Police,-1.131527,53.772165,On or near Privet Drive,E01027894,Selby 007D,Public order,Unable to prosecute suspect,
0818c263ee088327a1abe35198b8d1ea346699e8d2b7521d035ccb076032b098,2026-01,North Yorkshire Police,North Yorkshire Police,-1.128691,53.774284,On or near The Causeway,E01027894,Selby 007D,Vehicle crime,Under investigation,
3991cd52115c9f5fad01d263fbbbd9c0f89dcf00bd975aa222aec8420cb09c7a,2026-01,North Yorkshire Police,North Yorkshire Police,-1.119377,53.774162,On or near Barley Close,E01027894,Selby 007D,Violence and sexual offences,Unable to prosecute suspect,
5472615360f3260f6c6d1932ed068f6e2e47320fec8807d87f072c774f524b9e,2026-01,North Yorkshire Police,North Yorkshire Police,-1.119877,53.773492,On or near Grazier Close,E01027894,Selby 007D,Violence and sexual offences,Unable to prosecute suspect,
2d42affb9b0c918fa5122ada4073e7acd7c5561a295b514bd2f922c4d25f22d2,2026-01,North Yorkshire Police,North Yorkshire Police,-1.119377,53.774162,On or near Barley Close,E01027894,Selby 007D,Violence and sexual offences,Unable to prosecute suspect,
d1cdd2c6d931cb6bf4e026d5eef9eadb39d78978bdb75d67ce6efc54b9ea5b18,2026-01,North Yorkshire Police,North Yorkshire Police,-1.130986,53.772629,On or near Howard Close,E01027894,Selby 007D,Violence and sexual offences,Under investigation,
d1cdd2c6d931cb6bf4e026d5eef9eadb39d78978bdb75d67ce6efc54b9ea5b18,2026-01,North Yorkshire Police,North Yorkshire Police,-1.130986,53.772629,On or near Howard Close,E01027894,Selby 007D,Violence and sexual offences,Unable to prosecute suspect,
26d1261130be0c835fc3281b33826aa3e3337a9f2541221cba38190a95e509d4,2026-01,North Yorkshire Police,North Yorkshire Police,-1.119877,53.773492,On or near Grazier Close,E01027894,Selby 007D,Violence and sexual offences,Under investigation,
,2026-01,North Yorkshire Police,North Yorkshire Police,-1.127930,53.773242,On or near Sports/Recreation Area,E01027895,Selby 007E,Anti-social behaviour,,
845459689e800d19a793a51d9f85c379cee4dcae44dd9d6ef74d46cabe1783f4,2026-01,North Yorkshire Police,North Yorkshire Police,-1.098172,53.752549,On or near Barff View,E01027895,Selby 007E,Vehicle crime,Investigation complete; no suspect identified,
a19638b8a77e5414528f0623b4f54ad1220304b930ac4950f760d00a8f55d17d,2026-01,North Yorkshire Police,North Yorkshire Police,-1.125210,53.770960,On or near Fox Lane,E01027895,Selby 007E,Vehicle crime,Investigation complete; no suspect identified,
ef24b647f348c6f3a9681a013cf43e17cc03f243737ecf5c2f62034dc644fe43,2026-01,North Yorkshire Police,North Yorkshire Police,-1.019802,53.724205,On or near Ashley Court,E01027883,Selby 008A,Burglary,Under investigation,
a2c4109e3ec67b3554fbc65e51ec8344bdbeec29c06d91aee7b117bd1a525d55,2026-01,North Yorkshire Police,North Yorkshire Police,-1.049883,53.729696,On or near Jowland Winn Lane,E01027883,Selby 008A,Other theft,Investigation complete; no suspect identified,
6c01b2767265e456caeb5aa6e0564f9f0e8dd7c3cf2a7b6ebc090977a43a028b,2026-01,North Yorkshire Police,North Yorkshire Police,-1.022170,53.726651,On or near Beech Tree Lane,E01027883,Selby 008A,Public order,Unable to prosecute suspect,
a43fd0c5826a33d8607d80ceddeb8953ce97a4673ed5ff334670ba5d34947285,2026-01,North Yorkshire Police,North Yorkshire Police,-1.023654,53.726699,On or near Beech Grove,E01027883,Selby 008A,Vehicle crime,Investigation complete; no suspect identified,
8166ccbb13f17f052a45a6ec0277a2b479edcbe2e491d48d79cad296632f4ca5,2026-01,North Yorkshire Police,North Yorkshire Police,-1.032277,53.728738,On or near A1041,E01027883,Selby 008A,Violence and sexual offences,Under investigation,
732ea22125a19e6f028a1241ad4a7790f0e335f5c7fd67d620cfc070cd42d0e9,2026-01,North Yorkshire Police,North Yorkshire Police,-1.019802,53.724205,On or near Ashley Court,E01027883,Selby 008A,Other crime,Further investigation is not in the public interest,
,2026-01,North Yorkshire Police,North Yorkshire Police,-1.013704,53.727031,On or near Brigg Farm Court,E01027884,Selby 008B,Anti-social behaviour,,
,2026-01,North Yorkshire Police,North Yorkshire Police,-1.013704,53.727031,On or near Brigg Farm Court,E01027884,Selby 008B,Anti-social behaviour,,
,2026-01,North Yorkshire Police,North Yorkshire Police,-1.013704,53.727031,On or near Brigg Farm Court,E01027884,Selby 008B,Anti-social behaviour,,
df599aea8e226dcc1a10949f069c0ce78f831e01586135e6024bfd36ad769b4c,2026-01,North Yorkshire Police,North Yorkshire Police,-1.015801,53.724828,On or near Lingcroft Close,E01027884,Selby 008B,Other theft,Investigation complete; no suspect identified,
4dc69612c9fc8558d5ddd304328a42cd5c35f159a447a2756a926ed1f415323c,2026-01,North Yorkshire Police,North Yorkshire Police,-0.982025,53.728933,On or near Poplar Court,E01027884,Selby 008B,Vehicle crime,Investigation complete; no suspect identified,
da393858b8fac7538f4e0741e4f33ca8863cfa3f492ab97e0423fb3fe00a0de6,2026-01,North Yorkshire Police,North Yorkshire Police,-1.013704,53.727031,On or near Brigg Farm Court,E01027884,Selby 008B,Violence and sexual offences,Under investigation,
1d49aaf6dcd357e4fc4da6fda1831ba94d73dce832dc2a92921a24ca9f8b562a,2026-01,North Yorkshire Police,North Yorkshire Police,-1.011643,53.726367,On or near Grange Road,E01027884,Selby 008B,Violence and sexual offences,Unable to prosecute suspect,
cea7154e8842b7d110e002ef5db1c2c0e7de4d6ce1a154d4f3fa9e3259d29496,2026-01,North Yorkshire Police,North Yorkshire Police,-1.016602,53.726246,On or near Underwit Road,E01027884,Selby 008B,Violence and sexual offences,Unable to prosecute suspect,
e54778c083e08b0706544c7e5a874518fdcd508e3490d20d219c15d421e3f278,2026-01,North Yorkshire Police,North Yorkshire Police,-1.016602,53.726246,On or near Underwit Road,E01027884,Selby 008B,Violence and sexual offences,Unable to prosecute suspect,
,2026-01,North Yorkshire Police,North Yorkshire Police,-1.023274,53.711056,On or near Himsworth Close,E01027885,Selby 008C,Anti-social behaviour,,
,2026-01,North Yorkshire Police,North Yorkshire Police,-1.023709,53.709271,On or near Bus/Coach Station,E01027885,Selby 008C,Anti-social behaviour,,
c40426c15d8134ee813ccd2aa6e1bbc3b518744bd15c84141fb30d73413e9bb0,2026-01,North Yorkshire Police,North Yorkshire Police,-1.021613,53.712112,On or near Park View,E01027885,Selby 008C,Violence and sexual offences,Under investigation,
75c22dd1ad8a875b527356120fdd4601c9b0212c2fa84b7cbf6704e72925bcb3,2026-01,North Yorkshire Police,North Yorkshire Police,-1.022142,53.709573,On or near Camm Lane,E01027885,Selby 008C,Violence and sexual offences,Under investigation,
939e217d2bec513d2f9fb4408cbdcbe1f741e287de777d166950ab840b0bcbe4,2026-01,North Yorkshire Police,North Yorkshire Police,-1.022543,53.708605,On or near Church Lane,E01027885,Selby 008C,Violence and sexual offences,Unable to prosecute suspect,
efae54653e25e7dc62635096df50d2638e141a8fcc69ad210914db242e51c273,2026-01,North Yorkshire Police,North Yorkshire Police,-0.964426,53.765976,On or near Novey Lane,E01027896,Selby 008D,Violence and sexual offences,Under investigation,
6b9a2adcc2add9ee38027bb76a20f3e75a4a6136639e4a4e923732e3028027e3,2026-01,North Yorkshire Police,North Yorkshire Police,-0.975474,53.765226,On or near St Mary'S Avenue,E01027896,Selby 008D,Violence and sexual offences,Unable to prosecute suspect,
de472d6af52083b621a8235414cdaae4dee94c5de6ac5b2a05debeb41121cac1,2026-01,North Yorkshire Police,North Yorkshire Police,-0.971335,53.765748,On or near Chapel Balk Road,E01027896,Selby 008D,Violence and sexual offences,Unable to prosecute suspect,
,2026-01,North Yorkshire Police,North Yorkshire Police,-0.969353,53.789676,On or near Hagg Lane,E01027897,Selby 008E,Anti-social behaviour,,
d43435f554068901358a9b24fc28e553248850d2f6876b1b4e27b54e1896389a,2026-01,North Yorkshire Police,North Yorkshire Police,-1.030555,53.796973,On or near Tune Street,E01027897,Selby 008E,Criminal damage and arson,Investigation complete; no suspect identified,
96a3d0296adcd437ae89100388448ee8e09f108affeefcfe3a16f829dabc238f,2026-01,North Yorkshire Police,North Yorkshire Police,-0.997312,53.778264,On or near Main Street,E01027897,Selby 008E,Public order,Unable to prosecute suspect,
507c7b01d519fec84e190f02a21e63ed64bec5298c0a0276b5f172a05ebc7e2c,2026-01,North Yorkshire Police,North Yorkshire Police,-1.035080,53.796290,On or near St Leonards Avenue,E01027897,Selby 008E,Violence and sexual offences,Under investigation,
507c7b01d519fec84e190f02a21e63ed64bec5298c0a0276b5f172a05ebc7e2c,2026-01,North Yorkshire Police,North Yorkshire Police,-1.035080,53.796290,On or near St Leonards Avenue,E01027897,Selby 008E,Violence and sexual offences,Under investigation,
,2026-01,North Yorkshire Police,North Yorkshire Police,-1.263613,53.744044,On or near Lunnfields Lane,E01027891,Selby 009A,Anti-social behaviour,,
908308bd697d265db09d21e91791f444ccde4e80cfe3c091024290f7f0e07cfe,2026-01,North Yorkshire Police,North Yorkshire Police,-1.284620,53.744585,On or near Old Garth Croft,E01027891,Selby 009A,Burglary,Investigation complete; no suspect identified,
b90d6ac3ad24cf29fece242721d096f60147f903ebbb6d5143356f7752d14713,2026-01,North Yorkshire Police,North Yorkshire Police,-1.252476,53.720588,On or near Marsh Lane,E01027891,Selby 009A,Other theft,Investigation complete; no suspect identified,
08cb43a2e46c30a9a34348bd71e851afc3800446c1a404b5641ac95544abe7a6,2026-01,North Yorkshire Police,North Yorkshire Police,-1.285527,53.745606,On or near Top House Farm Mews,E01027891,Selby 009A,Shoplifting,Investigation complete; no suspect identified,
3d8d8b51e06936d734fa82d871553ae06e67ba122397958a67fb990e2f758246,2026-01,North Yorkshire Police,North Yorkshire Police,-1.288089,53.745675,On or near Roberts Close,E01027891,Selby 009A,Vehicle crime,Investigation complete; no suspect identified,
,2026-01,North Yorkshire Police,North Yorkshire Police,-1.262989,53.725129,On or near Crawford Close,E01027892,Selby 009B,Anti-social behaviour,,
4120c940107c10ae49403d3aa8835e9a74b3409bd58e160a2eb49fdca8b88777,2026-01,North Yorkshire Police,North Yorkshire Police,-1.264444,53.725138,On or near Old Great North Road,E01027892,Selby 009B,Criminal damage and arson,Awaiting court outcome,
1b3444689827e0bf902af6797cca65da6543d017a8f37d9416203921a578a27d,2026-01,North Yorkshire Police,North Yorkshire Police,-1.261849,53.725347,On or near Wood Lea,E01027892,Selby 009B,Vehicle crime,Investigation complete; no suspect identified,
bfe71ce5ae867b4235fb1fe2df184eb36bfae199776c584cf16cd460b6833fe6,2026-01,North Yorkshire Police,North Yorkshire Police,-1.284371,53.743190,On or near Top Fold,E01027892,Selby 009B,Vehicle crime,Under investigation,
50ad4905d423074536b39479f3d703e0c287f5d7b518ccea3bc2590d7ccfa74e,2026-01,North Yorkshire Police,North Yorkshire Police,-1.264444,53.725138,On or near Old Great North Road,E01027892,Selby 009B,Violence and sexual offences,Awaiting court outcome,
c6d60477afc27c561c236cdd13cf4eff25f07cb248db26c64a8ed6f5fc7421f6,2026-01,North Yorkshire Police,North Yorkshire Police,-1.265051,53.729456,On or near Foxcliff,E01027892,Selby 009B,Violence and sexual offences,Under investigation,
8f7274c97f31318fa25070a1049513c8ac9b32e3092fc0ab5067599d70e28344,2026-01,North Yorkshire Police,North Yorkshire Police,-1.264444,53.725138,On or near Old Great North Road,E01027892,Selby 009B,Violence and sexual offences,Awaiting court outcome,
5974aec821d2196f0470b0759534177206c0019cbfb93acc543a2e3bb47821d7,2026-01,North Yorkshire Police,North Yorkshire Police,-1.264444,53.725138,On or near Old Great North Road,E01027892,Selby 009B,Violence and sexual offences,Awaiting court outcome,
2c4872c14696e82475579c93a9ea41f589024a0b870ef4047f7becbc53b010bd,2026-01,North Yorkshire Police,North Yorkshire Police,-1.270854,53.726957,On or near Ramsden Close,E01027892,Selby 009B,Violence and sexual offences,Unable to prosecute suspect,
40aa9d503100b7a422d9f276e4fcf1d20f849efd806b083e81a99c7cd3362fdc,2026-01,North Yorkshire Police,North Yorkshire Police,-1.264444,53.725138,On or near Old Great North Road,E01027892,Selby 009B,Violence and sexual offences,Awaiting court outcome,
372a650f4ab654f25599ea7790a5b0ff054550051fdc83a46874f667b2af0d14,2026-01,North Yorkshire Police,North Yorkshire Police,-1.265051,53.729456,On or near Foxcliff,E01027892,Selby 009B,Violence and sexual offences,Under investigation,
4141d4ed95da078d980e867dc3c5e3af57a7a69c2ad466e443ea11a679293ec4,2026-01,North Yorkshire Police,North Yorkshire Police,-1.156911,53.771412,On or near Bramble Garth,E01027893,Selby 009C,Drugs,Awaiting court outcome,
6e8c2573cf2251ecc94c9fd70c797dfe1c1f0d5a5755008c3e4b87d3b14c3753,2026-01,North Yorkshire Police,North Yorkshire Police,-1.133379,53.766849,On or near ,E01027893,Selby 009C,Drugs,Investigation complete; no suspect identified,
0ae20a59bf222782b75f44b1193b77736959f27ec610e4353a9391737adbed6c,2026-01,North Yorkshire Police,North Yorkshire Police,-1.186252,53.769982,On or near Park/Open Space,E01027893,Selby 009C,Violence and sexual offences,Unable to prosecute suspect,
91224852c4d62f5f124ed4ea9c68a645df6f45b5d564e31ef0e12bae8a69796c,2026-01,North Yorkshire Police,North Yorkshire Police,-1.168692,53.768007,On or near Garth View,E01027893,Selby 009C,Violence and sexual offences,Unable to prosecute suspect,
da8b53c57bc629ab991ac98839a96885ceaea6ec6dff5e627d42dbb48dcb6c4c,2026-01,North Yorkshire Police,North Yorkshire Police,-1.249997,53.761082,On or near Parking Area,E01027899,Selby 009D,Drugs,Under investigation,
fd5b0eb664ccbbbbbfab7026ebfb6c9c49f8510c8fa6b028d7e51f36b49e05ff,2026-01,North Yorkshire Police,North Yorkshire Police,-1.229514,53.752234,On or near Hillam Hall Lane,E01027899,Selby 009D,Vehicle crime,Under investigation,
00ec9536774c0c7b6df6f103cececa8eb815d02af27f895b2f32279592f9dde3,2026-01,North Yorkshire Police,North Yorkshire Police,-1.231937,53.759117,On or near Hillcrest,E01027899,Selby 009D,Vehicle crime,Under investigation,
cb11e4c390af712517ac77f7852575c3c6b795877150424c94ccf83676474d8f,2026-01,North Yorkshire Police,North Yorkshire Police,-1.231560,53.752337,On or near Hillam Lane,E01027899,Selby 009D,Vehicle crime,Under investigation,
ef2912e9bf60c5c2412ff70de8573cd24e76e152d2b5120cb6c5d332573e69e5,2026-01,North Yorkshire Police,North Yorkshire Police,-1.232665,53.761602,On or near Main Street,E01027899,Selby 009D,Violence and sexual offences,Unable to prosecute suspect,
9cc5d20096a56c83e7cd70f5081881e80128fe6340d347c0729d1f1eb08070df,2026-01,North Yorkshire Police,North Yorkshire Police,-1.223527,53.758658,On or near Austfield Lane,E01027899,Selby 009D,Violence and sexual offences,Unable to prosecute suspect,
,2026-01,North Yorkshire Police,North Yorkshire Police,-1.165167,53.718501,On or near Bakersfield Drive,E01027889,Selby 010A,Anti-social behaviour,,
0d9428205fe609a65c15b1677c306b6bd5342c76c6010aa2916986bfdbe82475,2026-01,North Yorkshire Police,North Yorkshire Police,-1.152832,53.701157,On or near Mill Croft,E01027889,Selby 010A,Burglary,Under investigation,
1482c6e75670c5132dbc9cb74282cefdea5507fbcb2e54ca2f207e494fa74b78,2026-01,North Yorkshire Police,North Yorkshire Police,-1.164700,53.717599,On or near Manor Garth,E01027889,Selby 010A,Burglary,Investigation complete; no suspect identified,
5556cb5070081c5a2af5b7c23d60b7ffcb72fd3d1117c87075e718c70d85d481,2026-01,North Yorkshire Police,North Yorkshire Police,-1.165305,53.716129,On or near Tithe Barn Way,E01027889,Selby 010A,Burglary,Investigation complete; no suspect identified,
06dd830bed78d9156e0adde3dbe83c8891662ed2e9bc769491f8aafe9d2c6cf4,2026-01,North Yorkshire Police,North Yorkshire Police,-1.155421,53.704987,On or near Westfield Grove,E01027889,Selby 010A,Public order,Unable to prosecute suspect,
95933080d886e07bbd70c96ae9a7d7a28fbdd4332aac0b2a7ceafed564ce8d1d,2026-01,North Yorkshire Police,North Yorkshire Police,-1.150433,53.706704,On or near Chestnut Drive,E01027889,Selby 010A,Vehicle crime,Investigation complete; no suspect identified,
3fab5077c063e133296da3f1d78aa4566772c5ca138fef4e80f7e824561e8382,2026-01,North Yorkshire Police,North Yorkshire Police,-1.155775,53.706229,On or near Westfield Garth,E01027889,Selby 010A,Vehicle crime,Investigation complete; no suspect identified,
9717c769d83552126e4412256c30571ebdf6d8cb73b314137c0915a4ea11a273,2026-01,North Yorkshire Police,North Yorkshire Police,-1.165436,53.718719,On or near Eastfield Lane,E01027889,Selby 010A,Vehicle crime,Investigation complete; no suspect identified,
e673ede778bdc8e41f937a35e1a5dd384228cc81b70864113bb8e3eef6d69945,2026-01,North Yorkshire Police,North Yorkshire Police,-1.163090,53.719323,On or near Water Garth,E01027889,Selby 010A,Violence and sexual offences,Unable to prosecute suspect,
8c1deae80535969d510ce33ae48e87930e3fe9e1c69b87bd01e77effc06c06c5,2026-01,North Yorkshire Police,North Yorkshire Police,-1.155775,53.706229,On or near Westfield Garth,E01027889,Selby 010A,Violence and sexual offences,Under investigation,
8c1deae80535969d510ce33ae48e87930e3fe9e1c69b87bd01e77effc06c06c5,2026-01,North Yorkshire Police,North Yorkshire Police,-1.155775,53.706229,On or near Westfield Garth,E01027889,Selby 010A,Violence and sexual offences,Under investigation,
83c829c5001f129bd1ccc44693f8dfba7a77cca22b0ef1587c8d9bd38a1cd52e,2026-01,North Yorkshire Police,North Yorkshire Police,-1.165167,53.718501,On or near Bakersfield Drive,E01027889,Selby 010A,Violence and sexual offences,Unable to prosecute suspect,
1e87e2fc697284a5239d00f145a25261c1d29b7be222ffcc082ad01e70877028,2026-01,North Yorkshire Police,North Yorkshire Police,-1.164700,53.717599,On or near Manor Garth,E01027889,Selby 010A,Violence and sexual offences,Unable to prosecute suspect,
ddf14834ed02baed5f4a81f8a3caa53410014bf98c2cfe6b888ff059f349dcb3,2026-01,North Yorkshire Police,North Yorkshire Police,-1.139519,53.708523,On or near Tranmore Lane,E01027890,Selby 010B,Burglary,Investigation complete; no suspect identified,
b918c5f4cd1029fb4a98c18d4e2205b9b792c53cf3acf29a860600abfa34b8e4,2026-01,North Yorkshire Police,North Yorkshire Police,-1.148753,53.706638,On or near Stuart Grove,E01027890,Selby 010B,Vehicle crime,Investigation complete; no suspect identified,
20e998e510cd1d4af51b65ce4ff2f8f09625fde11b8bb566615910d5c22d6902,2026-01,North Yorkshire Police,North Yorkshire Police,-1.156601,53.699782,On or near Cannon Hall Lane,E01027890,Selby 010B,Violence and sexual offences,Unable to prosecute suspect,
793c6ab2506761300cb20ddeb564e20e931322f6752bee378eee1f77f620c1b1,2026-01,North Yorkshire Police,North Yorkshire Police,-1.073757,53.713129,On or near Back Lane,E01027890,Selby 010B,Violence and sexual offences,Under investigation,
27205efe97ac2a726229b133d03f320506412c7267d8e06a7b62efe0f1018b51,2026-01,North Yorkshire Police,North Yorkshire Police,-1.139519,53.708523,On or near Tranmore Lane,E01027890,Selby 010B,Violence and sexual offences,Under investigation,
d1569c1cb48d8050d73c20c383d80d527bb12f44d57bf85aa23738574d38ea6f,2026-01,North Yorkshire Police,North Yorkshire Police,-1.149593,53.705530,On or near Weeland Road,E01027890,Selby 010B,Violence and sexual offences,Unable to prosecute suspect,
06147d889ffc5661078bd281d7f386391e778a8d2deefab462fc6967d8cd9494,2026-01,North Yorkshire Police,North Yorkshire Police,-1.229789,53.670846,On or near Bank Wood Road,E01027923,Selby 010C,Criminal damage and arson,Investigation complete; no suspect identified,
2afcd21d87192e2a4d87dfecf058ae00897fa772ec4fc2bf8136edc4113d1813,2026-01,North Yorkshire Police,North Yorkshire Police,-1.237479,53.626587,On or near Petrol Station,E01027923,Selby 010C,Other theft,Under investigation,
f943ebfca221a2f2b6e0b7c38c2ac4166a7b6f4a4d24d92bd6b0268feee27b14,2026-01,North Yorkshire Police,North Yorkshire Police,-1.164108,53.647315,On or near Common Lane,E01027923,Selby 010C,Other theft,Under investigation,
ee709b14d967ea6b5a93d1d5b3d1b5c5b393059a3b37e007ea27895abed3cdad,2026-01,North Yorkshire Police,North Yorkshire Police,-1.204507,53.709601,On or near Weeland Road,E01027923,Selby 010C,Other theft,Investigation complete; no suspect identified,
05fd4c980f0e8b84d0974a74c0e587b35b9d4097c7e448fe50d618094cfd0b94,2026-01,North Yorkshire Police,North Yorkshire Police,-1.196514,53.721232,On or near Common Lane,E01027923,Selby 010C,Other theft,Investigation complete; no suspect identified,
5ddb07c57853f503826fa5cbf4488e645a5c387db5c1191714ed13fd153b9ea9,2026-01,North Yorkshire Police,North Yorkshire Police,-1.194232,53.723257,On or near Mill Garth,E01027923,Selby 010C,Public order,Investigation complete; no suspect identified,
de68952ea6d49d47f4a7153d691e5b481112982d339997a1c8b6c5fe77c64430,2026-01,North Yorkshire Police,North Yorkshire Police,-1.189447,53.721490,On or near Village Farm Court,E01027923,Selby 010C,Vehicle crime,Investigation complete; no suspect identified,
ec4a798e1475b9d789859556de50637a7603c5644c373ccc23cc53f06b10dcd9,2026-01,North Yorkshire Police,North Yorkshire Police,-1.188413,53.722436,On or near Village Farm Close,E01027923,Selby 010C,Vehicle crime,Under investigation,
919f7c86d8d60f9abb482a7b7e7947f9723e9fc1ec0b264bf069378486704afc,2026-01,North Yorkshire Police,North Yorkshire Police,-1.192896,53.722592,On or near Craven Garth,E01027923,Selby 010C,Vehicle crime,Unable to prosecute suspect,
87b2620671597b96304d686c0454b87a5c841e6df24441e9615580ccc793307e,2026-01,North Yorkshire Police,North Yorkshire Police,-1.153633,53.681622,On or near Cathcart Close,E01027923,Selby 010C,Violence and sexual offences,Under investigation,
,2026-01,North Yorkshire Police,North Yorkshire Police,-1.154171,53.691792,On or near All Saints Court,E01027924,Selby 010D,Anti-social behaviour,,
7b5234447493f6e7c860062c4999448af7fcbee95e815987c1942648ebcf1abd,2026-01,North Yorkshire Police,North Yorkshire Police,-1.151770,53.686921,On or near Copper Beech Drive,E01027924,Selby 010D,Criminal damage and arson,Unable to prosecute suspect,
9e9a6fe847f96272c9a8c101ad601b2ceba272a3e35bc5316adf9bf84d5d1c07,2026-01,North Yorkshire Police,North Yorkshire Police,-1.115955,53.697730,On or near Sports/Recreation Area,E01027924,Selby 010D,Other theft,Under investigation,
064645062bb5174a8fe19dd691d591cc532cb3235e761ca191c530df3bd67495,2026-01,North Yorkshire Police,North Yorkshire Police,-1.102275,53.703791,On or near Myrtle Farm Drive,E01027924,Selby 010D,Other theft,Unable to prosecute suspect,
bed8afe07724c1ae673732fc2187ab140dafaaaef2efc8227559c3eb74ee2189,2026-01,North Yorkshire Police,North Yorkshire Police,-1.154171,53.691792,On or near All Saints Court,E01027924,Selby 010D,Other theft,Investigation complete; no suspect identified,
f05873201de6efab950b35aa1dda6fea7bf7e30a17ec24b696860c2439818dfb,2026-01,North Yorkshire Police,North Yorkshire Police,-1.150995,53.681783,On or near Larth Close,E01027924,Selby 010D,Other theft,Under investigation,
65c9f2144a919f33ba7e7712d09199028ad028d35677c606591318f436e8934e,2026-01,North Yorkshire Police,North Yorkshire Police,-1.121527,53.698011,On or near Parking Area,E01027924,Selby 010D,Violence and sexual offences,Under investigation,
,2026-01,North Yorkshire Police,North Yorkshire Police,-1.058459,54.009034,On or near ,E01013436,York 001A,Anti-social behaviour,,
,2026-01,North Yorkshire Police,North Yorkshire Police,-1.055951,54.009844,On or near Earswick Chase,E01013436,York 001A,Anti-social behaviour,,
70fdb0239a60c7e6ad0fd5b0ba72545f5b50d08ea920c8e657f261a8dcce4371,2026-01,North Yorkshire Police,North Yorkshire Police,-1.046470,54.018721,On or near Strensall Road,E01013436,York 001A,Possession of weapons,Under investigation,
89768a5eac8c374d5edaa77864d522bd8cfb3ce151563794e8fe8dd080c0a9ef,2026-01,North Yorkshire Police,North Yorkshire Police,-1.046470,54.018721,On or near Strensall Road,E01013436,York 001A,Possession of weapons,Under investigation,
8eea3f0753d98caae5b78d558aa795a88938c8073f764fec9c1a6f7297bc1c0f,2026-01,North Yorkshire Police,North Yorkshire Police,-1.046470,54.018721,On or near Strensall Road,E01013436,York 001A,Public order,Under investigation,
fe6f2542d31ddb2d4a1f0024197859576b8abcd4328ab6e6310df9bef8149867,2026-01,North Yorkshire Police,North Yorkshire Police,-1.041910,54.021894,On or near Strensall Park,E01013436,York 001A,Vehicle crime,Investigation complete; no suspect identified,
95a600d978ad098b7bdbb3828a807887b7a3338b476a6e5f30596bfb91624b80,2026-01,North Yorkshire Police,North Yorkshire Police,-1.046470,54.018721,On or near Strensall Road,E01013436,York 001A,Violence and sexual offences,Unable to prosecute suspect,
5682ad513b0273d4d4050f8e9449ec74773b90fbea4af961c8dd166c97ad23fe,2026-01,North Yorkshire Police,North Yorkshire Police,-1.046470,54.018721,On or near Strensall Road,E01013436,York 001A,Violence and sexual offences,Unable to prosecute suspect,
4169f7a6dcf77d8521736b1276960d0fcd1a454b61495ab3cf1ac9e98aa3a8fb,2026-01,North Yorkshire Police,North Yorkshire Police,-1.046470,54.018721,On or near Strensall Road,E01013436,York 001A,Violence and sexual offences,Unable to prosecute suspect,
407a08757e5aa07bed52faf6d4885622474b0d3e502891853599fd843a2a5e32,2026-01,North Yorkshire Police,North Yorkshire Police,-1.055390,54.007683,On or near High Garth,E01013436,York 001A,Violence and sexual offences,Unable to prosecute suspect,
f06c3bc1941864c45c0135e2ecc2c8a648a4a9c87c13167a8087eaa94354e99e,2026-01,North Yorkshire Police,North Yorkshire Police,-1.035079,54.040048,On or near ,E01013438,York 001B,Other theft,Investigation complete; no suspect identified,
cf3c7aaf59061a5eee9c158fbc78da4c9258843a8e6331bdb8a2cefc584bbb00,2026-01,North Yorkshire Police,North Yorkshire Police,-1.032348,54.042607,On or near Terrington Court,E01013438,York 001B,Public order,Under investigation,
256dc9c1bfeb67644735d179a57dff53006d661861f3ebec52960246ab415117,2026-01,North Yorkshire Police,North Yorkshire Police,-1.030318,54.043192,On or near Royston Close,E01013438,York 001B,Vehicle crime,Investigation complete; no suspect identified,
626013479661ca603aa1ddddd7648b9aedcc3a7f0cd8c232671b9c77443692b2,2026-01,North Yorkshire Police,North Yorkshire Police,-1.029854,54.042775,On or near Chatsworth Avenue,E01013438,York 001B,Violence and sexual offences,Under investigation,
7f7aacdaeb099cde2778317410b50af96535d9058bf423f4f4884d8c0e3fcd6b,2026-01,North Yorkshire Police,North Yorkshire Police,-1.029854,54.042775,On or near Chatsworth Avenue,E01013438,York 001B,Violence and sexual offences,Unable to prosecute suspect,
,2026-01,North Yorkshire Police,North Yorkshire Police,-1.024257,54.041795,On or near Littlethorpe Close,E01013439,York 001C,Anti-social behaviour,,
5c19f1c08bff4edb09361890a07b45b122b8afa9aba8f9bc6a0ee3d5fa71e42f,2026-01,North Yorkshire Police,North Yorkshire Police,-1.032965,54.032763,On or near ,E01013439,York 001C,Public order,Investigation complete; no suspect identified,
cf74f302dd2714e8082bbf8abae042afb8b6ce0d8b60bcce895f96738a03b382,2026-01,North Yorkshire Police,North Yorkshire Police,-1.041635,54.027240,On or near Farriers Chase,E01013440,York 001D,Criminal damage and arson,Investigation complete; no suspect identified,
606f7d57b445a87aee7771549723513a968e8d5d6e112f6c2383d44638bd5f0e,2026-01,North Yorkshire Police,North Yorkshire Police,-1.043759,54.034465,On or near Wood Close,E01013440,York 001D,Violence and sexual offences,Under investigation,
,2026-01,North Yorkshire Police,North Yorkshire Police,-1.078298,54.015734,On or near Headland Close,E01013370,York 002A,Anti-social behaviour,,
0908bcbba7c78f6114bc4e6ef1c60710ce6642c342b0d9dad676b7dbb73ed4ad,2026-01,North Yorkshire Police,North Yorkshire Police,-1.078510,54.011655,On or near Cornwood Way,E01013370,York 002A,Criminal damage and arson,Investigation complete; no suspect identified,
0b6af6f140f4da7a6ae09e7e8a9538c85bbd5194f05559f47494fc45e230248e,2026-01,North Yorkshire Police,North Yorkshire Police,-1.078207,54.015023,On or near Wandhill,E01013370,York 002A,Criminal damage and arson,Investigation complete; no suspect identified,
954d3e2ff6c5c1cb6b91d60284ee51e4afe0d8e4841dfa85f2773a0b970ddf2d,2026-01,North Yorkshire Police,North Yorkshire Police,-1.076270,54.016330,On or near Supermarket,E01013370,York 002A,Criminal damage and arson,Under investigation,
855e62810af64c558be85ac68383304bb42dc19a49131cfbd3de59cdea6f0872,2026-01,North Yorkshire Police,North Yorkshire Police,-1.073667,54.016040,On or near Supermarket,E01013370,York 002A,Public order,Awaiting court outcome,
5b8148f75b3b1df67cd3885b15536ecc4b3b01b065277202d6dc4aefafa6f446,2026-01,North Yorkshire Police,North Yorkshire Police,-1.076270,54.016330,On or near Supermarket,E01013370,York 002A,Shoplifting,Awaiting court outcome,
a8484b8f2eac9d333e8b6689f1c61cb1bbfd8c3ad8a116a18ed84b4d66977737,2026-01,North Yorkshire Police,North Yorkshire Police,-1.073667,54.016040,On or near Supermarket,E01013370,York 002A,Shoplifting,Under investigation,
eaccb614a96fedd6a7181f55826eb0bd4b200e13fa1347d62757cd10da916be1,2026-01,North Yorkshire Police,North Yorkshire Police,-1.076270,54.016330,On or near Supermarket,E01013370,York 002A,Violence and sexual offences,Unable to prosecute suspect,
0fd3c86c8fb497ccfc22551171c393f891451e5c6e7213ed90cdb812849fdd29,2026-01,North Yorkshire Police,North Yorkshire Police,-1.073667,54.016040,On or near Supermarket,E01013370,York 002A,Violence and sexual offences,Unable to prosecute suspect,
28ad2eb95f4c7057e356484fbc5a35eb034b80a9beaa2e32a6587234d2b54363,2026-01,North Yorkshire Police,North Yorkshire Police,-1.073667,54.016040,On or near Supermarket,E01013370,York 002A,Violence and sexual offences,Unable to prosecute suspect,
7e0283ef0a2f8c435473fb788d6d4eaa441b2828803f6090f7310a7cd5796c48,2026-01,North Yorkshire Police,North Yorkshire Police,-1.076213,54.014100,On or near Parkland Way,E01013370,York 002A,Violence and sexual offences,Further investigation is not in the public interest,
dfa10ec167955396ea98d1e4a6ef51e693cb39b211adc79e13692fb3efd51d67,2026-01,North Yorkshire Police,North Yorkshire Police,-1.073667,54.016040,On or near Supermarket,E01013370,York 002A,Violence and sexual offences,Unable to prosecute suspect,
,2026-01,North Yorkshire Police,North Yorkshire Police,-1.074889,54.013254,On or near Cherry Orchard,E01013373,York 002B,Anti-social behaviour,,
,2026-01,North Yorkshire Police,North Yorkshire Police,-1.074889,54.013254,On or near Cherry Orchard,E01013373,York 002B,Anti-social behaviour,,
,2026-01,North Yorkshire Police,North Yorkshire Police,-1.074889,54.013254,On or near Cherry Orchard,E01013373,York 002B,Anti-social behaviour,,
78d884fc8037e30be99a9ca6b5ab60c5bd2ad97942ee3b1e226e1bcc0840587e,2026-01,North Yorkshire Police,North Yorkshire Police,-1.065933,54.015854,On or near Petrol Station,E01013373,York 002B,Other theft,Unable to prosecute suspect,
be8ae1963baa8cf4a2f16a1796a9a04ca1cb7de1987f173a0d5c79a7c617f44f,2026-01,North Yorkshire Police,North Yorkshire Police,-1.075733,54.015085,On or near Abelton Grove,E01013373,York 002B,Violence and sexual offences,Unable to prosecute suspect,
,2026-01,North Yorkshire Police,North Yorkshire Police,-1.071595,54.017929,On or near Reid Park,E01013376,York 002D,Anti-social behaviour,,
,2026-01,North Yorkshire Police,North Yorkshire Police,-1.083134,54.032489,On or near Moor Lane,E01013376,York 002D,Anti-social behaviour,,
,2026-01,North Yorkshire Police,North Yorkshire Police,-1.075380,54.019316,On or near Oaken Grove,E01013376,York 002D,Anti-social behaviour,,
,2026-01,North Yorkshire Police,North Yorkshire Police,-1.071595,54.017929,On or near Reid Park,E01013376,York 002D,Anti-social behaviour,,
4101e154cb7b97274630abf4852dfce98f4604251b219f3bfbc70ef1345c4450,2026-01,North Yorkshire Police,North Yorkshire Police,-1.080295,54.017933,On or near The Village,E01013376,York 002D,Criminal damage and arson,Investigation complete; no suspect identified,
710de86f878cdff5a3ce35287d1d4b4f5ef6c298f0f79926e83e04e02887aba0,2026-01,North Yorkshire Police,North Yorkshire Police,-1.074373,54.018598,On or near Birch Lane,E01013376,York 002D,Criminal damage and arson,Investigation complete; no suspect identified,
465578eeb67935d7e7f6933d291acb3689a3537f0d992f291b4e79347c1a7263,2026-01,North Yorkshire Police,North Yorkshire Police,-1.080295,54.017933,On or near The Village,E01013376,York 002D,Other theft,Unable to prosecute suspect,
1302a626d68c7733bc741ae34927c15c42a7789388b7f4bfecd1d9c478f5c0fe,2026-01,North Yorkshire Police,North Yorkshire Police,-1.082838,54.010556,On or near Mancroft,E01013371,York 003A,Violence and sexual offences,Under investigation,
,2026-01,North Yorkshire Police,North Yorkshire Police,-1.083162,54.015951,On or near Hornsey Garth,E01013372,York 003B,Anti-social behaviour,,
856ae5b1e82ac3935662e0de387aae27e1e49e240a60de6a350f804bad3c8a51,2026-01,North Yorkshire Police,North Yorkshire Police,-1.085124,54.014842,On or near Forest Close,E01013372,York 003B,Violence and sexual offences,Further investigation is not in the public interest,
054bf18e0a5c26e881cdbaf3d09cb927b016b878092af4f47abc73e730ad4c41,2026-01,North Yorkshire Police,North Yorkshire Police,-1.085124,54.014842,On or near Forest Close,E01013372,York 003B,Violence and sexual offences,Further investigation is not in the public interest,
30c13253a7f37625a908998c5355c075c8b8db106cc8d1287d96e2310d17873d,2026-01,North Yorkshire Police,North Yorkshire Police,-1.093515,54.017773,On or near Stabler Close,E01013377,York 003D,Other theft,Unable to prosecute suspect,
dae0632e6215fc72531ee04cb8044d9c1b20eed189133918378909cde5ea56f8,2026-01,North Yorkshire Police,North Yorkshire Police,-1.104407,54.033728,On or near Sports/Recreation Area,E01013377,York 003D,Possession of weapons,Unable to prosecute suspect,
9696b4298aa939ca1a4d83d6b96a8884638496dcf19bdefe3a7a2be9d8299f68,2026-01,North Yorkshire Police,North Yorkshire Police,-1.104407,54.033728,On or near Sports/Recreation Area,E01013377,York 003D,Possession of weapons,Unable to prosecute suspect,
fb8b7319ff690fdd65863fcb31dc8ea2732606208db28554f016b3e9dbbcd169,2026-01,North Yorkshire Police,North Yorkshire Police,-1.104407,54.033728,On or near Sports/Recreation Area,E01013377,York 003D,Possession of weapons,Unable to prosecute suspect,
,2026-01,North Yorkshire Police,North Yorkshire Police,-1.066283,53.989333,On or near Alderley Court,E01013404,York 004A,Anti-social behaviour,,
,2026-01,North Yorkshire Police,North Yorkshire Police,-1.076633,53.988209,On or near Garthway,E01013404,York 004A,Anti-social behaviour,,
708c6214333292352f4b10c438b5623b1dc93472eae7296ea76bd31797db6027,2026-01,North Yorkshire Police,North Yorkshire Police,-1.075460,53.987490,On or near Oak Tree Grove,E01013404,York 004A,Burglary,Investigation complete; no suspect identified,
3bd6b5ee058d4069116d4c4c468b741e994f7c3614cdcae528ffb2e909d87ccc,2026-01,North Yorkshire Police,North Yorkshire Police,-1.068810,53.987483,On or near Huntington Road,E01013404,York 004A,Possession of weapons,Awaiting court outcome,
6dc1c812de464ac8185f2c3e36868648ebab30bb6f18fd7ea1efc6aed598bdce,2026-01,North Yorkshire Police,North Yorkshire Police,-1.066283,53.989333,On or near Alderley Court,E01013404,York 004A,Vehicle crime,Unable to prosecute suspect,
a63e2b9766358a8daa17af27e9231d321809f0feb94197e5e730812741e2daf0,2026-01,North Yorkshire Police,North Yorkshire Police,-1.074196,53.988747,On or near Parking Area,E01013404,York 004A,Violence and sexual offences,Unable to prosecute suspect,
853fef46a30eb9b3a03d34fb48db7a8d8981775eb0fbed3563bc16f1606bd4dc,2026-01,North Yorkshire Police,North Yorkshire Police,-1.074196,53.988747,On or near Parking Area,E01013404,York 004A,Violence and sexual offences,Under investigation,
d04ebdd785be24048b197457ce01ec4fa2e524bf3d227d4de24a68c2da7861fa,2026-01,North Yorkshire Police,North Yorkshire Police,-1.066283,53.989333,On or near Alderley Court,E01013404,York 004A,Violence and sexual offences,Under investigation,
d04ebdd785be24048b197457ce01ec4fa2e524bf3d227d4de24a68c2da7861fa,2026-01,North Yorkshire Police,North Yorkshire Police,-1.066283,53.989333,On or near Alderley Court,E01013404,York 004A,Violence and sexual offences,Under investigation,
,2026-01,North Yorkshire Police,North Yorkshire Police,-1.072439,53.996455,On or near Ryehill Close,E01013407,York 004B,Anti-social behaviour,,
f60477341a2a72223325db2db00ca4c5ddc416304a125a23e6f1223315daeda5,2026-01,North Yorkshire Police,North Yorkshire Police,-1.057841,53.997105,On or near White Horse Close,E01013407,York 004B,Shoplifting,Investigation complete; no suspect identified,
9b9df6174d2db353149c30184467344b69d10699f1a8c0aca4554b8b8f08c4a3,2026-01,North Yorkshire Police,North Yorkshire Police,-1.063551,53.992615,On or near ,E01013407,York 004B,Violence and sexual offences,Unable to prosecute suspect,
63314bc213da3bb849ba7cdae32d6b0caffd594f2035cd2475044bc9eb73d141,2026-01,North Yorkshire Police,North Yorkshire Police,-1.072439,53.996455,On or near Ryehill Close,E01013407,York 004B,Violence and sexual offences,Under investigation,
dfd3cd183f18684abb1eefc3a0d80e55805a22f4178c97f4f501f2a1c408396c,2026-01,North Yorkshire Police,North Yorkshire Police,-1.072439,53.996455,On or near Ryehill Close,E01013407,York 004B,Violence and sexual offences,Unable to prosecute suspect,
19d0f87419cdcb0c690e000af07ab98c70fe95fc67cda60cabef367b2aca8b8b,2026-01,North Yorkshire Police,North Yorkshire Police,-1.060116,54.001734,On or near Kingsclere,E01013408,York 004C,Burglary,Under investigation,
7fd215437985a916a6c44a2afb6119cd2c0b9ecdb63b61154a8f06201bf5831e,2026-01,North Yorkshire Police,North Yorkshire Police,-1.055956,54.002213,On or near Crinan Court,E01013408,York 004C,Burglary,Under investigation,
9a5dc1fd417dd32c6349ebfa0bc96dd576f54887142f037c943d66c8525a02f2,2026-01,North Yorkshire Police,North Yorkshire Police,-1.056787,53.999173,On or near Chiltern Way,E01013408,York 004C,Criminal damage and arson,Investigation complete; no suspect identified,
,2026-01,North Yorkshire Police,North Yorkshire Police,-1.071946,53.990492,On or near Hawthorn Terrace South,E01013410,York 004D,Anti-social behaviour,,
,2026-01,North Yorkshire Police,North Yorkshire Police,-1.075644,53.992920,On or near Almond Grove,E01013410,York 004D,Anti-social behaviour,,
b8125e36c82d7d2d555a1614f01069c9be00b0a0bbb7eaea2e4f4a21ef79894e,2026-01,North Yorkshire Police,North Yorkshire Police,-1.075232,53.994319,On or near Rowan Place,E01013410,York 004D,Violence and sexual offences,Under investigation,
94b222841645d0aa15cfa019990d9c0f490a903754902cea12a08e084912bc8e,2026-01,North Yorkshire Police,North Yorkshire Police,-1.071416,53.991701,On or near Hawthorn Terrace Central,E01013410,York 004D,Violence and sexual offences,Action to be taken by another organisation,
9ed37ce3d9257880287086f821cea21cd107589a9c244311d6d9c83def2631d4,2026-01,North Yorkshire Police,North Yorkshire Police,-1.075232,53.994319,On or near Rowan Place,E01013410,York 004D,Violence and sexual offences,Under investigation,
39b93f7184c743ee6367cfcc609db6bbac57c9ab7b967922a024036260165c0b,2026-01,North Yorkshire Police,North Yorkshire Police,-1.075232,53.994319,On or near Rowan Place,E01013410,York 004D,Violence and sexual offences,Unable to prosecute suspect,
d29ffe8109a6c07d0452934bf9a008e92cfca5327e6c41338e610ca78e61cc0d,2026-01,North Yorkshire Police,North Yorkshire Police,-1.071416,53.991701,On or near Hawthorn Terrace Central,E01013410,York 004D,Violence and sexual offences,Investigation complete; no suspect identified,
310a87262acad057d0fd41f41eff08674ecf3f31757353ec3497ab14330971c8,2026-01,North Yorkshire Police,North Yorkshire Police,-1.075232,53.994319,On or near Rowan Place,E01013410,York 004D,Violence and sexual offences,Unable to prosecute suspect,
482a9c423b623dac8695f01eacac81e3087e2758873cb9da7c162f1dba78fc43,2026-01,North Yorkshire Police,North Yorkshire Police,-1.075232,53.994319,On or near Rowan Place,E01013410,York 004D,Violence and sexual offences,Under investigation,
0394984c5a6d2e46f00271d1da8dca0356dab7e578234e846f09fe49bcdd9fe9,2026-01,North Yorkshire Police,North Yorkshire Police,-1.066840,53.982812,On or near Pinewood Grove,E01013405,York 005A,Drugs,Investigation complete; no suspect identified,
88143ddf7e046025cc16a71b6ac8d3e97f33265cdddba787b637325d65be5fcc,2026-01,North Yorkshire Police,North Yorkshire Police,-1.069983,53.979349,On or near Foss Court,E01013406,York 005B,Criminal damage and arson,Under investigation,
f281c226fbbdc25a5a26d4f72f16c7c41b45c21766f1f9994a0763ea3563a33b,2026-01,North Yorkshire Police,North Yorkshire Police,-1.069983,53.979349,On or near Foss Court,E01013406,York 005B,Public order,Under investigation,
96d20a9cdb7092b58f88393831524a1082c7312e77c72ab9777894ce811c9a5f,2026-01,North Yorkshire Police,North Yorkshire Police,-1.069983,53.979349,On or near Foss Court,E01013406,York 005B,Public order,Unable to prosecute suspect,
3d37d260c47bfd8b8a61ead80a1443dd6f6ccb708616e0f8dab5b6a16e214998,2026-01,North Yorkshire Police,North Yorkshire Police,-1.064591,53.978373,On or near Birch Close,E01013406,York 005B,Violence and sexual offences,Under investigation,
37f4c5176a1206910e5a6b211b71c803502239aef9c326d2983797bfde99d79c,2026-01,North Yorkshire Police,North Yorkshire Police,-1.069983,53.979349,On or near Foss Court,E01013406,York 005B,Violence and sexual offences,Under investigation,
40921898767acddb0560bc947ddd92fc8550f0a3826278eac0f0001ef5e27fd5,2026-01,North Yorkshire Police,North Yorkshire Police,-1.062010,53.979242,On or near Carrnock Court,E01013406,York 005B,Violence and sexual offences,Unable to prosecute suspect,
912d09f176b6213c8b6ff553422a2d5515b21bdd5585e27a8f0dc4cae1bbd4cf,2026-01,North Yorkshire Police,North Yorkshire Police,-1.069983,53.979349,On or near Foss Court,E01013406,York 005B,Violence and sexual offences,Unable to prosecute suspect,
12373e825ee4d115407df73c3a003132e3da9062120fff64284d01c27a1ad0e0,2026-01,North Yorkshire Police,North Yorkshire Police,-1.069983,53.979349,On or near Foss Court,E01013406,York 005B,Violence and sexual offences,Under investigation,
7735378a8ca29ef599cf60eaebd807c810a1fea988dc4b0b8a51d8e476807659,2026-01,North Yorkshire Police,North Yorkshire Police,-1.069983,53.979349,On or near Foss Court,E01013406,York 005B,Violence and sexual offences,Under investigation,
00f02b133539cafa089173c79c9fc2e2fe95e5ae82413e02ff2303a7ed328273,2026-01,North Yorkshire Police,North Yorkshire Police,-1.069983,53.979349,On or near Foss Court,E01013406,York 005B,Violence and sexual offences,Under investigation,
d2aeee322dcdd2fdef2610c6659d9d2ed8ad08d03da214e4dc7c29ac715c8b01,2026-01,North Yorkshire Police,North Yorkshire Police,-1.060413,53.982475,On or near Sherwood Grove,E01013406,York 005B,Other crime,Further investigation is not in the public interest,
,2026-01,North Yorkshire Police,North Yorkshire Police,-1.047792,53.990296,On or near ,E01013409,York 005C,Anti-social behaviour,,
,2026-01,North Yorkshire Police,North Yorkshire Police,-1.043502,53.986451,On or near ,E01013409,York 005C,Anti-social behaviour,,
,2026-01,North Yorkshire Police,North Yorkshire Police,-1.051993,53.982568,On or near ,E01013409,York 005C,Anti-social behaviour,,
,2026-01,North Yorkshire Police,North Yorkshire Police,-1.051993,53.982568,On or near ,E01013409,York 005C,Anti-social behaviour,,
,2026-01,North Yorkshire Police,North Yorkshire Police,-1.047792,53.990296,On or near ,E01013409,York 005C,Anti-social behaviour,,
,2026-01,North Yorkshire Police,North Yorkshire Police,-1.049637,53.986927,On or near ,E01013409,York 005C,Anti-social behaviour,,
,2026-01,North Yorkshire Police,North Yorkshire Police,-1.051993,53.982568,On or near ,E01013409,York 005C,Anti-social behaviour,,
,2026-01,North Yorkshire Police,North Yorkshire Police,-1.049362,53.983500,On or near ,E01013409,York 005C,Anti-social behaviour,,
1478425d0726dd2a58115f37bb20c7f29a604e1632e0a17bd402563bae8cdac4,2026-01,North Yorkshire Police,North Yorkshire Police,-1.046768,53.989425,On or near ,E01013409,York 005C,Criminal damage and arson,Unable to prosecute suspect,
0c3965e4bddc024df8cf11419e5be327a5d9df4b488ceaa8fe29c08af7ca2460,2026-01,North Yorkshire Police,North Yorkshire Police,-1.058631,53.991835,On or near Brecks Court,E01013409,York 005C,Drugs,Under investigation,
6f8346e27ff6aa0f405e242a601c2665c40d3a89b5bb893c51ae397d234aaa64,2026-01,North Yorkshire Police,North Yorkshire Police,-1.049637,53.986927,On or near ,E01013409,York 005C,Other theft,Under investigation,
ce05bb7d148c993d2e2faf9660208d6df58797d015662b114b9e774c0efcc154,2026-01,North Yorkshire Police,North Yorkshire Police,-1.051993,53.982568,On or near ,E01013409,York 005C,Other theft,Investigation complete; no suspect identified,
a52e61180485906e7ea656a8d5dbde151ef21e6acc1db6623102a5862d7a9f11,2026-01,North Yorkshire Police,North Yorkshire Police,-1.049637,53.986927,On or near ,E01013409,York 005C,Other theft,Awaiting court outcome,
1f6e9ba4aa7ac6535bc1223f5c1bb71749c2b2939849c2f6f691c131717cbec0,2026-01,North Yorkshire Police,North Yorkshire Police,-1.058631,53.991835,On or near Brecks Court,E01013409,York 005C,Public order,Unable to prosecute suspect,
c71ba6f9b2aac1ac6673436335be50ce9577dd236801039697f52e645de0c0f0,2026-01,North Yorkshire Police,North Yorkshire Police,-1.051993,53.982568,On or near ,E01013409,York 005C,Public order,Under investigation,
cf493df672c38aac4097563658148a8fe1f75d8b70d29166f1820107cff3e5dc,2026-01,North Yorkshire Police,North Yorkshire Police,-1.049362,53.983500,On or near ,E01013409,York 005C,Shoplifting,Investigation complete; no suspect identified,
48d69c976bd7fffeef582fa5116aa0fb59b9b9d4c9552a23bce50fafa79b22e3,2026-01,North Yorkshire Police,North Yorkshire Police,-1.044167,53.989037,On or near ,E01013409,York 005C,Shoplifting,Under investigation,
15b662e4c34528a12c7a702527a270de489b2d80a9272ea1507c14e3e94137b8,2026-01,North Yorkshire Police,North Yorkshire Police,-1.048311,53.988236,On or near ,E01013409,York 005C,Shoplifting,Investigation complete; no suspect identified,
c9ce91eed9b752ace5e6a55f43c9f27269b1c3719a5dec88103b9229d11cb2c1,2026-01,North Yorkshire Police,North Yorkshire Police,-1.043502,53.986451,On or near ,E01013409,York 005C,Shoplifting,Investigation complete; no suspect identified,
14a5bdf3cbfa66dc0d9959767c4ef10f5ee79e8c86eafb0a816bd21770d39685,2026-01,North Yorkshire Police,North Yorkshire Police,-1.049637,53.986927,On or near ,E01013409,York 005C,Shoplifting,Local resolution,
6f92dbb4ce185730edc1517ea15f4c4eb000d4a0f6c19d80b5dc1f40f955442d,2026-01,North Yorkshire Police,North Yorkshire Police,-1.051993,53.982568,On or near ,E01013409,York 005C,Shoplifting,Investigation complete; no suspect identified,
cf2bac3104b40b49c9b40add4f5c4f934ce9d28df593a4472a3ef4b6cee78302,2026-01,North Yorkshire Police,North Yorkshire Police,-1.044167,53.989037,On or near ,E01013409,York 005C,Shoplifting,Investigation complete; no suspect identified,
3c690bb93ac12b379a6cf756d4fb52ca67026cecd1977930cded46d8435932b2,2026-01,North Yorkshire Police,North Yorkshire Police,-1.049637,53.986927,On or near ,E01013409,York 005C,Shoplifting,Under investigation,
cdbdd492e2aee5541f39609edb1e11d01b27f2fd14baaa15c831ec6756b2c2fa,2026-01,North Yorkshire Police,North Yorkshire Police,-1.044167,53.989037,On or near ,E01013409,York 005C,Shoplifting,Local resolution,
19209129779f338a4f1a33e69836a82006bc1e00e0d4e4c17757f6fa70be74c0,2026-01,North Yorkshire Police,North Yorkshire Police,-1.044167,53.989037,On or near ,E01013409,York 005C,Shoplifting,Awaiting court outcome,
4011d3c7b03c90f6393a94a9586d1fb5d93cb5c936e84d3801e8981a45db7132,2026-01,North Yorkshire Police,North Yorkshire Police,-1.049637,53.986927,On or near ,E01013409,York 005C,Shoplifting,Unable to prosecute suspect,
f453361a409b0c4a0de2015382ee43be7a917b5b49686e111a01adc82ebcc958,2026-01,North Yorkshire Police,North Yorkshire Police,-1.049637,53.986927,On or near ,E01013409,York 005C,Shoplifting,Local resolution,
e2abf208e14ae580ea808885cea6f81d6e0302758b254a832c0e4497ba5e1ac9,2026-01,North Yorkshire Police,North Yorkshire Police,-1.049362,53.983500,On or near ,E01013409,York 005C,Violence and sexual offences,Investigation complete; no suspect identified,
238d4d36282f6cfae0a9ec198f51bf725663b2185cae143dec08e9f42f537243,2026-01,North Yorkshire Police,North Yorkshire Police,-1.051993,53.982568,On or near ,E01013409,York 005C,Violence and sexual offences,Under investigation,
635de2538453231e0e2936c680b2eeba906c9654d26a2d8b5795b8b954946749,2026-01,North Yorkshire Police,North Yorkshire Police,-1.054128,53.996402,On or near ,E01013409,York 005C,Violence and sexual offences,Unable to prosecute suspect,
eb9fc3ad371074feb04e1ed74e4ac36fb20c5640a413de92ce829bdfc55d86de,2026-01,North Yorkshire Police,North Yorkshire Police,-1.047792,53.990296,On or near ,E01013409,York 005C,Violence and sexual offences,Unable to prosecute suspect,
4c9066930a23affc61ad9cacfbeb273ceca47f7c7fac2cf1f463850f2e3dedb0,2026-01,North Yorkshire Police,North Yorkshire Police,-1.054219,53.992699,On or near Heather Close,E01013409,York 005C,Violence and sexual offences,Unable to prosecute suspect,
ce7a7bcecc1c29408c0637f65d18ff92ea9623c7cecc8e7206f4d28a6eb276d5,2026-01,North Yorkshire Police,North Yorkshire Police,-1.061318,53.988342,On or near Willow Glade,E01013411,York 005D,Violence and sexual offences,Under investigation,
b8469c26427eec8816cac2d889ec5ab1168a34098d9acfbe0bf6433fb6b537aa,2026-01,North Yorkshire Police,North Yorkshire Police,-1.097861,53.974178,On or near Elston Close,E01013428,York 006A,Criminal damage and arson,Investigation complete; no suspect identified,
,2026-01,North Yorkshire Police,North Yorkshire Police,-1.104071,53.991923,On or near ,E01013429,York 006B,Anti-social behaviour,,
,2026-01,North Yorkshire Police,North Yorkshire Police,-1.111055,53.985394,On or near Bilsdale Close,E01013429,York 006B,Anti-social behaviour,,
43a51fd287611abd88ff845f88f74e84dc4195997d5713ab9b29a5c823b6c32e,2026-01,North Yorkshire Police,North Yorkshire Police,-1.104071,53.991923,On or near ,E01013429,York 006B,Public order,Unable to prosecute suspect,
8b73307dd834f6742e0a2c245fb1903d34f8470bd12533c7fbcd275680d578ac,2026-01,North Yorkshire Police,North Yorkshire Police,-1.104071,53.991923,On or near ,E01013429,York 006B,Public order,Unable to prosecute suspect,
979364b7b936d920c004ecfcb015202b8e1f15489ab757ef1833587407d48c0d,2026-01,North Yorkshire Police,North Yorkshire Police,-1.104071,53.991923,On or near ,E01013429,York 006B,Robbery,Under investigation,
15ee203f59669597b7bc740ce82657407d1e954d6d4615ead12d494855911632,2026-01,North Yorkshire Police,North Yorkshire Police,-1.104071,53.991923,On or near ,E01013429,York 006B,Shoplifting,Under investigation,
c773c6b3d45473f88e1ab51f9f66485fde367b118b9ba31ca884ead68c18825f,2026-01,North Yorkshire Police,North Yorkshire Police,-1.104071,53.991923,On or near ,E01013429,York 006B,Shoplifting,Investigation complete; no suspect identified,
47c526fea55f3dddb8cc2582b1def10ee3c9b2000a8240bdd3dcb91528b813a6,2026-01,North Yorkshire Police,North Yorkshire Police,-1.113215,53.989976,On or near Osbourne Drive,E01013429,York 006B,Violence and sexual offences,Unable to prosecute suspect,
94b21fdbedc29585f827f85bcd844f193d6b77759c090e436e76fb8ebc94db68,2026-01,North Yorkshire Police,North Yorkshire Police,-1.112661,53.990170,On or near St James Close,E01013429,York 006B,Violence and sexual offences,Unable to prosecute suspect,
f35a25e3015fefe8361df0b0b0e59140afd3437f537a4d21cfdd88e3633f239c,2026-01,North Yorkshire Police,North Yorkshire Police,-1.109275,53.990172,On or near Hurricane Way,E01013429,York 006B,Violence and sexual offences,Unable to prosecute suspect,
0ffc2058dd06bee83f57f47958d2ab9756051d9bdfc2659ac221579bbad931d9,2026-01,North Yorkshire Police,North Yorkshire Police,-1.112661,53.990170,On or near St James Close,E01013429,York 006B,Violence and sexual offences,Unable to prosecute suspect,
,2026-01,North Yorkshire Police,North Yorkshire Police,-1.109223,53.991906,On or near A1237,E01013430,York 006C,Anti-social behaviour,,
dbd7f0f5dcbef05c023d14829c77bf585dbc42d1100f3f60819a0da992c960b4,2026-01,North Yorkshire Police,North Yorkshire Police,-1.109223,53.991906,On or near A1237,E01013430,York 006C,Drugs,Local resolution,
c6cc78669199ed10debbdc29ec345cc6e339f7dde379ceaa10e33f2e953c78c7,2026-01,North Yorkshire Police,North Yorkshire Police,-1.109223,53.991906,On or near A1237,E01013430,York 006C,Shoplifting,Investigation complete; no suspect identified,
ced4d8b2f32dbf46702cbba9110e3f7e5e7cc0cfcd254a82bef32f000b87d905,2026-01,North Yorkshire Police,North Yorkshire Police,-1.109223,53.991906,On or near A1237,E01013430,York 006C,Shoplifting,Investigation complete; no suspect identified,
3ae38079c8cb2d3a666baa115f97b778f5c23b8fcaf31ab87cb2707503a3e307,2026-01,North Yorkshire Police,North Yorkshire Police,-1.131857,53.999316,On or near Pasture Close,E01013430,York 006C,Violence and sexual offences,Under investigation,
,2026-01,North Yorkshire Police,North Yorkshire Police,-1.098309,53.993459,On or near ,E01013431,York 006D,Anti-social behaviour,,
,2026-01,North Yorkshire Police,North Yorkshire Police,-1.101258,53.989914,On or near Concorde Park,E01013431,York 006D,Anti-social behaviour,,
,2026-01,North Yorkshire Police,North Yorkshire Police,-1.101258,53.989914,On or near Concorde Park,E01013431,York 006D,Anti-social behaviour,,
,2026-01,North Yorkshire Police,North Yorkshire Police,-1.103791,53.990155,On or near ,E01013431,York 006D,Anti-social behaviour,,
,2026-01,North Yorkshire Police,North Yorkshire Police,-1.095509,53.983763,On or near Supermarket,E01013431,York 006D,Anti-social behaviour,,
,2026-01,North Yorkshire Police,North Yorkshire Police,-1.098309,53.993459,On or near ,E01013431,York 006D,Anti-social behaviour,,
e39732c9a99a9dd803d84e325dcae651b83feb60f335980602e27b54880b99b1,2026-01,North Yorkshire Police,North Yorkshire Police,-1.095509,53.983763,On or near Supermarket,E01013431,York 006D,Bicycle theft,Investigation complete; no suspect identified,
b2cfba5146cea673921b93aa424341e62f98f6f71a35f2bdaad9625245cd5710,2026-01,North Yorkshire Police,North Yorkshire Police,-1.096360,53.991569,On or near ,E01013431,York 006D,Burglary,Investigation complete; no suspect identified,
11b657a807e19954a88b24c52255b399849ed5208b6a5236025efeeb597b76df,2026-01,North Yorkshire Police,North Yorkshire Police,-1.095101,53.986875,On or near Clifton Moor Gate,E01013431,York 006D,Burglary,Under investigation,
2b15ba19e652458f633e57bd78e42e719ed1d2c2ff5b28bdab8149b63ec73832,2026-01,North Yorkshire Police,North Yorkshire Police,-1.093986,53.986247,On or near Tribune Way,E01013431,York 006D,Burglary,Under investigation,
4717f0ccd896ad2e5d48a748ef925b76c2a8ca89ead856a75407ffd6570dacd7,2026-01,North Yorkshire Police,North Yorkshire Police,-1.092840,53.988449,On or near Auster Road,E01013431,York 006D,Burglary,Under investigation,
584488987dfaa53f5c8367bf9a77d245da9bec440435bb2734d219376f20a3c5,2026-01,North Yorkshire Police,North Yorkshire Police,-1.082812,53.979640,On or near Sports/Recreation Area,E01013431,York 006D,Criminal damage and arson,Investigation complete; no suspect identified,
9e02514ad2e1ada3b3a26c729ab470fc1e5c05b325a815b24afcd2c63858d53f,2026-01,North Yorkshire Police,North Yorkshire Police,-1.098309,53.993459,On or near ,E01013431,York 006D,Criminal damage and arson,Investigation complete; no suspect identified,
d1da03d0460204ced7774a1e50b62a45110bb1fb9a31685b2d4a3d98c818ffd5,2026-01,North Yorkshire Police,North Yorkshire Police,-1.100025,53.982032,On or near Green Lane,E01013431,York 006D,Criminal damage and arson,Under investigation,
9fceff7a6ed5fe328ee0a66f4f47898961ec88cda940bdca39a237c6ce5b5836,2026-01,North Yorkshire Police,North Yorkshire Police,-1.095211,53.989497,On or near ,E01013431,York 006D,Other theft,Investigation complete; no suspect identified,
51277dbb2d960707879e25151985505b048c3737844327fd14a13e67a63d38fc,2026-01,North Yorkshire Police,North Yorkshire Police,-1.095101,53.986875,On or near Clifton Moor Gate,E01013431,York 006D,Other theft,Awaiting court outcome,
256400f7a3f48ed5a39f90d500ac2e366ff4be52633fab038a27e25e3ad37411,2026-01,North Yorkshire Police,North Yorkshire Police,-1.098309,53.993459,On or near ,E01013431,York 006D,Vehicle crime,Investigation complete; no suspect identified,
68cf8ba47dd949dc41bd42cbda1733cc9f0742ef5b1300c48b8e45ed0abeca41,2026-01,North Yorkshire Police,North Yorkshire Police,-1.096360,53.991569,On or near ,E01013431,York 006D,Vehicle crime,Unable to prosecute suspect,
3b535269971e9e17910a7ebaee7c248d4d09e53ac327caf47baaf43e2079c6b5,2026-01,North Yorkshire Police,North Yorkshire Police,-1.099121,53.986474,On or near Marsden Park,E01013431,York 006D,Vehicle crime,Under investigation,
871ce574792b7ecc6ef1256ffdda91f35d126b1caf32e7d8fec4a2f2695e1b33,2026-01,North Yorkshire Police,North Yorkshire Police,-1.100350,53.984659,On or near Ilton Garth,E01013431,York 006D,Violence and sexual offences,Unable to prosecute suspect,
d1d0ea8a308d9025afa32bfd5adefc9606d8f4ca06c146882a9f69fa89285584,2026-01,North Yorkshire Police,North Yorkshire Police,-1.101258,53.989914,On or near Concorde Park,E01013431,York 006D,Violence and sexual offences,Under investigation,
4a785706d862a8968f4dfd21fe322d929d652a94115f57afb87ef9344178f767,2026-01,North Yorkshire Police,North Yorkshire Police,-1.100350,53.984659,On or near Ilton Garth,E01013431,York 006D,Violence and sexual offences,Unable to prosecute suspect,
5a2584d7da122c48664dbde4a0120c0031fed55ba48e2a630a2b39a6059d66aa,2026-01,North Yorkshire Police,North Yorkshire Police,-1.098309,53.993459,On or near ,E01013431,York 006D,Violence and sexual offences,Under investigation,
8271ab3f0ae74228f59560b803e10844d9169b87a1ea7fcb4cfe574cf96b63f3,2026-01,North Yorkshire Police,North Yorkshire Police,-1.082812,53.979640,On or near Sports/Recreation Area,E01013431,York 006D,Violence and sexual offences,Unable to prosecute suspect,
c9936a538148b178503b6ce56b936444ee2b8f0af4824ce45d8fe738464ccc48,2026-01,North Yorkshire Police,North Yorkshire Police,-1.098191,53.983627,On or near Hayforth Close,E01013431,York 006D,Violence and sexual offences,Unable to prosecute suspect,
872163133f79f8b632274ed5dc0391734cc28b9125e16a49feda6cb6ff0ef38a,2026-01,North Yorkshire Police,North Yorkshire Police,-1.100350,53.984659,On or near Ilton Garth,E01013431,York 006D,Violence and sexual offences,Unable to prosecute suspect,
8ca70a4ac84a9140d4f8a4b4e01ff91e83ee8864f948a6d9ad9108e90e5a5012,2026-01,North Yorkshire Police,North Yorkshire Police,-1.100350,53.984659,On or near Ilton Garth,E01013431,York 006D,Violence and sexual offences,Unable to prosecute suspect,
4a550aeedfffec8fcf88397be427bf2b9de1c1839e89edfbf0fd53684f40001b,2026-01,North Yorkshire Police,North Yorkshire Police,-1.082812,53.979640,On or near Sports/Recreation Area,E01013431,York 006D,Violence and sexual offences,Awaiting court outcome,
43ff8c102c32c1a1b5d4033eacf9f1902a77f9a693d1572ded2029df3302cd05,2026-01,North Yorkshire Police,North Yorkshire Police,-1.098191,53.983627,On or near Hayforth Close,E01013431,York 006D,Other crime,Investigation complete; no suspect identified,
203afc4ebf76af25eb1dc15f59226b0c12a5d4fc7f0d37c4720bb74446cda992,2026-01,North Yorkshire Police,North Yorkshire Police,-1.101739,53.981757,On or near Lindley Road,E01013435,York 006E,Violence and sexual offences,Awaiting court outcome,
bb6775eb8829c71e47b3b9ad775f76451cecc4be9112d56519f8058e6d443539,2026-01,North Yorkshire Police,North Yorkshire Police,-1.091458,53.965061,On or near Queen Anne'S Road,E01013344,York 007A,Vehicle crime,Investigation complete; no suspect identified,
dfc17a6b8c19e9388803c08feadcea7c6c6c2e03fa59f5c34bc3796b95203981,2026-01,North Yorkshire Police,North Yorkshire Police,-1.091458,53.965061,On or near Queen Anne'S Road,E01013344,York 007A,Violence and sexual offences,Unable to prosecute suspect,
4c16b995d9c347a8479ee3643c929eca0e4d2e51221bf977ce837fa725e4f952,2026-01,North Yorkshire Police,North Yorkshire Police,-1.091458,53.965061,On or near Queen Anne'S Road,E01013344,York 007A,Violence and sexual offences,Under investigation,
35a1595e3788137497deba01cb87c9c4721a0272646ee48017f70660d74ccd13,2026-01,North Yorkshire Police,North Yorkshire Police,-1.090586,53.964506,On or near Bootham Terrace,E01013344,York 007A,Violence and sexual offences,Unable to prosecute suspect,
,2026-01,North Yorkshire Police,North Yorkshire Police,-1.097088,53.969049,On or near Clifton Dale,E01013346,York 007B,Anti-social behaviour,,
,2026-01,North Yorkshire Police,North Yorkshire Police,-1.101649,53.967519,On or near Government House Road,E01013346,York 007B,Anti-social behaviour,,
,2026-01,North Yorkshire Police,North Yorkshire Police,-1.098560,53.967244,On or near Westminster Road,E01013346,York 007B,Anti-social behaviour,,
d131804262fe309b4389feb8073b0b6a67a5ab9ffb00b2afdc20e391999f68c2,2026-01,North Yorkshire Police,North Yorkshire Police,-1.098560,53.967244,On or near Westminster Road,E01013346,York 007B,Criminal damage and arson,Investigation complete; no suspect identified,
9efc3b666cf0bd304902f1a149a0ed68a37ec36eddc757e5e94c4eb115cca818,2026-01,North Yorkshire Police,North Yorkshire Police,-1.098372,53.970991,On or near Clifton Place,E01013346,York 007B,Criminal damage and arson,Investigation complete; no suspect identified,
2fc75e14486a011ea210dcb514a5b2e5777b36a5803aa0e2e1ea675f7638de63,2026-01,North Yorkshire Police,North Yorkshire Police,-1.097064,53.972276,On or near Lister Way,E01013346,York 007B,Criminal damage and arson,Investigation complete; no suspect identified,
1625e8dd0592d7db1bd110a6b23f00a0b1bd2d8eaac214391aa1fc1813bb3b63,2026-01,North Yorkshire Police,North Yorkshire Police,-1.095757,53.971403,On or near Church Gardens,E01013346,York 007B,Violence and sexual offences,Under investigation,
fe47ceddaa541eebdd7859611b003286bd62e3b1d5981c9ab6f054c80909e3ed,2026-01,North Yorkshire Police,North Yorkshire Police,-1.094890,53.970587,On or near Pinfold Court,E01013346,York 007B,Violence and sexual offences,Unable to prosecute suspect,
02c84939853314772dce08993c1464b1703dce41f726d3752a313fd0d6f22e25,2026-01,North Yorkshire Police,North Yorkshire Police,-1.096027,53.967342,On or near The Avenue,E01013346,York 007B,Violence and sexual offences,Under investigation,
02c84939853314772dce08993c1464b1703dce41f726d3752a313fd0d6f22e25,2026-01,North Yorkshire Police,North Yorkshire Police,-1.096027,53.967342,On or near The Avenue,E01013346,York 007B,Violence and sexual offences,Under investigation,
9e1458b6c046d8629445a90116e23a7473d7aa5075bb08fad428d29446123fdd,2026-01,North Yorkshire Police,North Yorkshire Police,-1.116131,53.985513,On or near Rawcliffe Way,E01013432,York 007C,Violence and sexual offences,Under investigation,
cf4ccac3db5aa8c5f7442e82c4cf4d2f54ac265b122a5dd74573204bbe12ca81,2026-01,North Yorkshire Police,North Yorkshire Police,-1.116131,53.985513,On or near Rawcliffe Way,E01013432,York 007C,Violence and sexual offences,Under investigation,
ec69c51c0659892b36743f1004597ee2ea58d3411fb6cd094635a4c7130bb25e,2026-01,North Yorkshire Police,North Yorkshire Police,-1.114441,53.987523,On or near Armstrong Way,E01013432,York 007C,Violence and sexual offences,Under investigation,
170269190f380538ee277839b58f8714eceda875f68c4529d131c4172b6041ef,2026-01,North Yorkshire Police,North Yorkshire Police,-1.114001,53.986693,On or near Cheshire Close,E01013432,York 007C,Violence and sexual offences,Under investigation,
0e3d9f17403fcabefa17e69a78dea78b76960db62ab70068576981b9dded75d1,2026-01,North Yorkshire Police,North Yorkshire Police,-1.114441,53.987523,On or near Armstrong Way,E01013432,York 007C,Other crime,Under investigation,
,2026-01,North Yorkshire Police,North Yorkshire Police,-1.102582,53.984361,On or near Ryburn Close,E01013433,York 007D,Anti-social behaviour,,
fc9186c612d49223e914decae82f5cde1b2653a52b8cbdb5e9ad8a5f4a537056,2026-01,North Yorkshire Police,North Yorkshire Police,-1.103992,53.986879,On or near Gouthwaith Close,E01013433,York 007D,Burglary,Investigation complete; no suspect identified,
74abb4b854ede6fe645adc2c8171fcab093d584ab385d1f05784b487d5137798,2026-01,North Yorkshire Police,North Yorkshire Police,-1.115133,53.980787,On or near Loweswater Road,E01013433,York 007D,Violence and sexual offences,Action to be taken by another organisation,
5c4685fc318e415fa170635276df0ae74206c513de799e381b126d07ec728ce3,2026-01,North Yorkshire Police,North Yorkshire Police,-1.104014,53.973802,On or near Galtres Grove,E01013434,York 007E,Burglary,Investigation complete; no suspect identified,
6f0867af92694e575686e864c8d5dfcd2dca17e8a25c0b4f0051f5cd77b9405d,2026-01,North Yorkshire Police,North Yorkshire Police,-1.115382,53.976915,On or near Eades Close,E01013434,York 007E,Other theft,Unable to prosecute suspect,
0b6ae35c7bdcd6adae7461909e68208adba88c5124c7ccd2c6609d234022fb37,2026-01,North Yorkshire Police,North Yorkshire Police,-1.107576,53.981171,On or near Borrowdale Drive,E01013434,York 007E,Other theft,Investigation complete; no suspect identified,
6d2c8f3a0c843d739d03aff2e59b8d87d47a76d8d2c78c497154970759da7a3d,2026-01,North Yorkshire Police,North Yorkshire Police,-1.113456,53.977862,On or near Kerrside,E01013434,York 007E,Violence and sexual offences,Further investigation is not in the public interest,
91ef444d655bb85e23ad8834fd3ecaadcb9a1f5c38ee8cf933ce0c05072b288a,2026-01,North Yorkshire Police,North Yorkshire Police,-1.115382,53.976915,On or near Eades Close,E01013434,York 007E,Violence and sexual offences,Unable to prosecute suspect,
9fd57ebf650809a1d45b5f98945a54285f49d7e76d494c8101258c8b2468f9e5,2026-01,North Yorkshire Police,North Yorkshire Police,-1.113456,53.977862,On or near Kerrside,E01013434,York 007E,Violence and sexual offences,Unable to prosecute suspect,
9beea83b5a71a8477bb534f3f385e4c97087f83d877256d5385645562e9786f8,2026-01,North Yorkshire Police,North Yorkshire Police,-1.113456,53.977862,On or near Kerrside,E01013434,York 007E,Violence and sexual offences,Unable to prosecute suspect,
e1ec689e4d92cb2b7f0de04f9126ddcb527dccb816b4bcbcb2d33351a5142bab,2026-01,North Yorkshire Police,North Yorkshire Police,-1.110406,53.979341,On or near Northolme Drive,E01013434,York 007E,Violence and sexual offences,Under investigation,
,2026-01,North Yorkshire Police,North Yorkshire Police,-1.066869,53.965825,On or near John Street,E01013380,York 008B,Anti-social behaviour,,
0ba282c1a064515cb4ef1598207ee0059f6d0bafd7382756879b425aa8fdf552,2026-01,North Yorkshire Police,North Yorkshire Police,-1.059330,53.966289,On or near ,E01013380,York 008B,Burglary,Awaiting court outcome,
a513743de5654a7ab1073cd83301f5c0aefa0638c061e0de56a9a4020450a225,2026-01,North Yorkshire Police,North Yorkshire Police,-1.065812,53.966060,On or near Cinder Lane,E01013380,York 008B,Robbery,Unable to prosecute suspect,
410bad91a0c2cb853af6e5ae8eb4a808775f9400e7a86469653364064b761790,2026-01,North Yorkshire Police,North Yorkshire Police,-1.063993,53.965632,On or near Supermarket,E01013380,York 008B,Shoplifting,Awaiting court outcome,
f1f7e4740f8cd66b67bbc6d0622fdc1a2bdc47dae6ebc3c0777bad604c3d4df2,2026-01,North Yorkshire Police,North Yorkshire Police,-1.063993,53.965632,On or near Supermarket,E01013380,York 008B,Shoplifting,Awaiting court outcome,
bb78f95cd703170f081fbeab46754b48ecb089d74eaeae086cbf8c8403a2f368,2026-01,North Yorkshire Police,North Yorkshire Police,-1.063993,53.965632,On or near Supermarket,E01013380,York 008B,Shoplifting,Investigation complete; no suspect identified,
fee5a8cf9599ebf92740c58f53557cf5d5b71fc237a5f4e9dc4bc2bfc719e322,2026-01,North Yorkshire Police,North Yorkshire Police,-1.063993,53.965632,On or near Supermarket,E01013380,York 008B,Shoplifting,Investigation complete; no suspect identified,
bf9bd0f6fa6517b88384239344da12be243065ebae9be2d7377e25319c798c69,2026-01,North Yorkshire Police,North Yorkshire Police,-1.063993,53.965632,On or near Supermarket,E01013380,York 008B,Shoplifting,Awaiting court outcome,
252431b934d07c648936b22637230b5fc76fb403d8c54d3299373b0b6b7448ba,2026-01,North Yorkshire Police,North Yorkshire Police,-1.063993,53.965632,On or near Supermarket,E01013380,York 008B,Shoplifting,Awaiting court outcome,
506a97aa92a28b7df5b6f1626232162834cd3a4857104a53180de973806f7c86,2026-01,North Yorkshire Police,North Yorkshire Police,-1.063993,53.965632,On or near Supermarket,E01013380,York 008B,Shoplifting,Awaiting court outcome,
dc1ec960701201db56f73934298f3d07246633b0c4a502e13468bf713c898456,2026-01,North Yorkshire Police,North Yorkshire Police,-1.063993,53.965632,On or near Supermarket,E01013380,York 008B,Shoplifting,Investigation complete; no suspect identified,
7c21d42fe5541b2af12a0b53d39161ecfa0051376329acceac65ff4050f8b294,2026-01,North Yorkshire Police,North Yorkshire Police,-1.065812,53.966060,On or near Cinder Lane,E01013380,York 008B,Violence and sexual offences,Unable to prosecute suspect,
4b5eeff155b9d2b0fc884f6b8f525b826cd74e56d6c1323f926500077a94ba5c,2026-01,North Yorkshire Police,North Yorkshire Police,-1.064939,53.966233,On or near Wood Street,E01013380,York 008B,Violence and sexual offences,Further investigation is not in the public interest,
7c21d42fe5541b2af12a0b53d39161ecfa0051376329acceac65ff4050f8b294,2026-01,North Yorkshire Police,North Yorkshire Police,-1.065812,53.966060,On or near Cinder Lane,E01013380,York 008B,Violence and sexual offences,Under investigation,
0f98211275a6a4a79e7beb16efc8e1f984fad883554a954226768f49e8332120,2026-01,North Yorkshire Police,North Yorkshire Police,-1.061551,53.967105,On or near Heworth Road,E01013380,York 008B,Violence and sexual offences,Unable to prosecute suspect,
cdd4e7ff4723a4cb42533c250e1fad111a7a2a9fab9670a7d4f1c235fbf3b8e3,2026-01,North Yorkshire Police,North Yorkshire Police,-1.061551,53.967105,On or near Heworth Road,E01013380,York 008B,Violence and sexual offences,Unable to prosecute suspect,
07af6425c50d79fe91f61e628a4caed2158373979ce5f855beed6dcf3d08a748,2026-01,North Yorkshire Police,North Yorkshire Police,-1.064297,53.966353,On or near Eastern Terrace,E01013380,York 008B,Violence and sexual offences,Under investigation,
904e38f2bbbe1f2583cb0f71ac71dc19213c464243b46929aac50758173e4a57,2026-01,North Yorkshire Police,North Yorkshire Police,-1.061551,53.967105,On or near Heworth Road,E01013380,York 008B,Violence and sexual offences,Unable to prosecute suspect,
,2026-01,North Yorkshire Police,North Yorkshire Police,-1.063808,53.976596,On or near Lilling Avenue,E01013385,York 008C,Anti-social behaviour,,
,2026-01,North Yorkshire Police,North Yorkshire Police,-1.062263,53.976827,On or near Foston Grove,E01013385,York 008C,Anti-social behaviour,,
,2026-01,North Yorkshire Police,North Yorkshire Police,-1.060811,53.977651,On or near Healey Grove,E01013385,York 008C,Anti-social behaviour,,
38f31537cf42edc028a18e4ebe262be8156411387804b9105235c38ad810e062,2026-01,North Yorkshire Police,North Yorkshire Police,-1.065136,53.973784,On or near Muncastergate,E01013385,York 008C,Burglary,Awaiting court outcome,
a01d3fb67d59401b99aae7ef5051c63a4aec1e7229200353c0b3d3b7c94d14c0,2026-01,North Yorkshire Police,North Yorkshire Police,-1.062263,53.976827,On or near Foston Grove,E01013385,York 008C,Drugs,Unable to prosecute suspect,
73b35325dbbbadd598ff104b9c1640dcb54e3ee988f2e25fd00e473c64ae1f60,2026-01,North Yorkshire Police,North Yorkshire Police,-1.064153,53.976841,On or near Monkton Road,E01013385,York 008C,Public order,Unable to prosecute suspect,
ac85b4351befe79d0bde47794f659e0f3d91f6be1b21ac7eaec7b3aa425806ac,2026-01,North Yorkshire Police,North Yorkshire Police,-1.063808,53.976596,On or near Lilling Avenue,E01013385,York 008C,Public order,Unable to prosecute suspect,
95dcb965c77c65e753fab7f097ad464c39516b33bdc644010a433b771b41f731,2026-01,North Yorkshire Police,North Yorkshire Police,-1.065136,53.973784,On or near Muncastergate,E01013385,York 008C,Violence and sexual offences,Unable to prosecute suspect,
99a9aaf8dda00b3e8badab5fba78474012c45cffec1371179b0943eb720e4e66,2026-01,North Yorkshire Police,North Yorkshire Police,-1.064153,53.976841,On or near Monkton Road,E01013385,York 008C,Violence and sexual offences,Unable to prosecute suspect,
8b97e530a78418d5ecd3dc3538c77da1648531f4565c7fe86c3d866d0e689247,2026-01,North Yorkshire Police,North Yorkshire Police,-1.065240,53.974585,On or near Templemead,E01013385,York 008C,Violence and sexual offences,Under investigation,
,2026-01,North Yorkshire Police,North Yorkshire Police,-1.045220,53.967735,On or near ,E01013389,York 008F,Anti-social behaviour,,
,2026-01,North Yorkshire Police,North Yorkshire Police,-0.997700,53.997374,On or near Cleveland Gardens,E01013437,York 008G,Anti-social behaviour,,
4be3b096f9c097cdc8ca262b705cdc91b36ebee7c76d5bd5bb65e77cdd0c12f5,2026-01,North Yorkshire Police,North Yorkshire Police,-1.024021,53.989937,On or near ,E01013437,York 008G,Public order,Unable to prosecute suspect,
413c6edd24eaa5e2624dfaee91e12d2d44fd45a85ecacf48ed4e59e93c8942a1,2026-01,North Yorkshire Police,North Yorkshire Police,-1.003416,53.995140,On or near Hospital,E01013437,York 008G,Violence and sexual offences,Under investigation,
,2026-01,North Yorkshire Police,North Yorkshire Police,-1.083514,53.969333,On or near Hospital,E01013343,York 009A,Anti-social behaviour,,
,2026-01,North Yorkshire Police,North Yorkshire Police,-1.084285,53.968952,On or near Hospital,E01013343,York 009A,Anti-social behaviour,,
,2026-01,North Yorkshire Police,North Yorkshire Police,-1.084285,53.968952,On or near Hospital,E01013343,York 009A,Anti-social behaviour,,
,2026-01,North Yorkshire Police,North Yorkshire Police,-1.083514,53.969333,On or near Hospital,E01013343,York 009A,Anti-social behaviour,,
f2065a3cc235f1eb7e7df10911fc9e8f8d9bda9d5db68327e7743ce0fe8d8b1a,2026-01,North Yorkshire Police,North Yorkshire Police,-1.080848,53.972719,On or near Belgrave Street,E01013343,York 009A,Burglary,Under investigation,
45fa8ba1cee39cbbb78e7210344d27d7e3cde3efa0b16af512c543225ee620e5,2026-01,North Yorkshire Police,North Yorkshire Police,-1.080058,53.971230,On or near Fountayne Street,E01013343,York 009A,Criminal damage and arson,Investigation complete; no suspect identified,
adb87dc8c26c6dbed41f70461b3845cf69627184d159ab4e26062c8dd826a3ff,2026-01,North Yorkshire Police,North Yorkshire Police,-1.080058,53.971230,On or near Fountayne Street,E01013343,York 009A,Criminal damage and arson,Under investigation,
ad9d50059569f96092aaa828645a0050ef7a8688ccb7df8ac1cfe8ad3386ac36,2026-01,North Yorkshire Police,North Yorkshire Police,-1.083514,53.969333,On or near Hospital,E01013343,York 009A,Drugs,Under investigation,
21ab082aba117725772acef95dbbced259470b6167280d716e026635b5880199,2026-01,North Yorkshire Police,North Yorkshire Police,-1.084285,53.968952,On or near Hospital,E01013343,York 009A,Other theft,Under investigation,
c808aff95fdd160f629dcc8700496a0e995ed8eac693db9f252f7737a9f8721b,2026-01,North Yorkshire Police,North Yorkshire Police,-1.084285,53.968952,On or near Hospital,E01013343,York 009A,Other theft,Investigation complete; no suspect identified,
ade7a1feadc44e8e9d3a1f81571ffd685cb5568e200fba2c3fa17bd1029432b5,2026-01,North Yorkshire Police,North Yorkshire Police,-1.084285,53.968952,On or near Hospital,E01013343,York 009A,Vehicle crime,Unable to prosecute suspect,
fffbb2f7a2beacc7b3b56ba4779a3fe987ca8caf1bf8be334c4f767afd76030c,2026-01,North Yorkshire Police,North Yorkshire Police,-1.084285,53.968952,On or near Hospital,E01013343,York 009A,Vehicle crime,Under investigation,
a79c798d268682bff361b6efaa518e78486dc257568ae4c293fec357686e3996,2026-01,North Yorkshire Police,North Yorkshire Police,-1.081498,53.972301,On or near Newby Terrace,E01013343,York 009A,Vehicle crime,Investigation complete; no suspect identified,
7c00b086bfe8e0f4a328f9087579cb60560da653fbaf8cd5e67cf00c53822dbd,2026-01,North Yorkshire Police,North Yorkshire Police,-1.080180,53.971887,On or near Vyner Street,E01013343,York 009A,Violence and sexual offences,Under investigation,
d48dc3b75bfe2335b8b02fd6e013a8fe77b351c17aa01d2f09a4fa2be26e0eab,2026-01,North Yorkshire Police,North Yorkshire Police,-1.080180,53.971887,On or near Vyner Street,E01013343,York 009A,Violence and sexual offences,Under investigation,
19fe6536f5c3f3cc2222aff9f21a97a45257590d733f83e2a5a9b36d069f8be5,2026-01,North Yorkshire Police,North Yorkshire Police,-1.080514,53.970595,On or near Briggs Street,E01013343,York 009A,Violence and sexual offences,Investigation complete; no suspect identified,
63dd283f701b9dc12cd83c8b9dd12904424b3040f90f7ea1cc852987a9b1e28d,2026-01,North Yorkshire Police,North Yorkshire Police,-1.083514,53.969333,On or near Hospital,E01013343,York 009A,Violence and sexual offences,Unable to prosecute suspect,
b3cacca540852fa4b49ccee70d9545a5ea830476d2877a048ceeaf11f77e3e87,2026-01,North Yorkshire Police,North Yorkshire Police,-1.084285,53.968952,On or near Hospital,E01013343,York 009A,Violence and sexual offences,Under investigation,
dab03869bb73e98995a645b25bebf56671e7ecc655ba0a4280f4b51d5e25030a,2026-01,North Yorkshire Police,North Yorkshire Police,-1.083514,53.969333,On or near Hospital,E01013343,York 009A,Violence and sexual offences,Under investigation,
5fc9e4a7f82a4b4fe343037a4542301e9669bec08320a0c9aa79411c63816f60,2026-01,North Yorkshire Police,North Yorkshire Police,-1.084285,53.968952,On or near Hospital,E01013343,York 009A,Violence and sexual offences,Unable to prosecute suspect,
5364f11804192d3000279258e6b830e220f33478ad0be8190bddd8bd9f1dc43d,2026-01,North Yorkshire Police,North Yorkshire Police,-1.084285,53.968952,On or near Hospital,E01013343,York 009A,Violence and sexual offences,Under investigation,
6c55ec4895ef6fce688d460196ba2b6bb293499050d31be603360dd041d54a3a,2026-01,North Yorkshire Police,North Yorkshire Police,-1.083514,53.969333,On or near Hospital,E01013343,York 009A,Violence and sexual offences,Under investigation,
e94f6356b0fe2c73e490b555e062d31326f57f775f7bb5eba5bd0da82dbe56a2,2026-01,North Yorkshire Police,North Yorkshire Police,-1.080058,53.971230,On or near Fountayne Street,E01013343,York 009A,Violence and sexual offences,Under investigation,
6b028f47e9152b5f9c12db8259d7b61d37009303a267b19fdb47932c35fdf896,2026-01,North Yorkshire Police,North Yorkshire Police,-1.084285,53.968952,On or near Hospital,E01013343,York 009A,Violence and sexual offences,Under investigation,
81e5dd105b17faacab5b312828e4786af537d179fedf526b120e222f105c70bf,2026-01,North Yorkshire Police,North Yorkshire Police,-1.084285,53.968952,On or near Hospital,E01013343,York 009A,Violence and sexual offences,Unable to prosecute suspect,
,2026-01,North Yorkshire Police,North Yorkshire Police,-1.086470,53.974308,On or near Crichton Avenue,E01013345,York 009B,Anti-social behaviour,,
157b71ec3bb940883f993c51bb53018d930f65bce7ca17bf307def58e913968a,2026-01,North Yorkshire Police,North Yorkshire Police,-1.086976,53.972766,On or near Burton Stone Lane,E01013345,York 009B,Bicycle theft,Under investigation,
493d2346df7f4708c2b3b6b658a8753ac64ace0fbc4c42cb806dc7ab32c15feb,2026-01,North Yorkshire Police,North Yorkshire Police,-1.088329,53.972255,On or near Surtees Street,E01013345,York 009B,Robbery,Under investigation,
84cadfc0a5533d53d194e7c504bec204ddbd99bb680cd63c65baf2a4b4a46fa9,2026-01,North Yorkshire Police,North Yorkshire Police,-1.088329,53.972255,On or near Surtees Street,E01013345,York 009B,Shoplifting,Investigation complete; no suspect identified,
42cd35269032bb0d5c7fec525709b7cb12e866ff47ab57ddd79e60573f9fcf9d,2026-01,North Yorkshire Police,North Yorkshire Police,-1.086976,53.972766,On or near Burton Stone Lane,E01013345,York 009B,Shoplifting,Investigation complete; no suspect identified,
a6d0153a3193860d86686c6e71c1b1edd1af30246e8821f5256f71285a36b670,2026-01,North Yorkshire Police,North Yorkshire Police,-1.086976,53.972766,On or near Burton Stone Lane,E01013345,York 009B,Shoplifting,Under investigation,
d101166aaf76d5fecd5a723ead5e0dc5cc48aec79ca9581957b1a831c7e4977b,2026-01,North Yorkshire Police,North Yorkshire Police,-1.086976,53.972766,On or near Burton Stone Lane,E01013345,York 009B,Shoplifting,Under investigation,
a29c54c786a8b41812de9d86d272c925d5414544653cf656fa96d92bbf0a0753,2026-01,North Yorkshire Police,North Yorkshire Police,-1.086976,53.972766,On or near Burton Stone Lane,E01013345,York 009B,Shoplifting,Awaiting court outcome,
01c9b75228b12ed550e15fd6822ab2611f3a50fa72512bc3a6d0561ea6a581e7,2026-01,North Yorkshire Police,North Yorkshire Police,-1.086976,53.972766,On or near Burton Stone Lane,E01013345,York 009B,Shoplifting,Awaiting court outcome,
27ea455a8e5081799bbd75d4142e24091342495a6d4af115498faac374be4926,2026-01,North Yorkshire Police,North Yorkshire Police,-1.088329,53.972255,On or near Surtees Street,E01013345,York 009B,Shoplifting,Investigation complete; no suspect identified,
cb486579bac5b8931adc50e559f905e4c8c6f25865769813123f2b3858fd4dc9,2026-01,North Yorkshire Police,North Yorkshire Police,-1.088329,53.972255,On or near Surtees Street,E01013345,York 009B,Shoplifting,Investigation complete; no suspect identified,
04cc6a5f93458d4fb2f4db9c7bd00a5a7f40c0744174c25b5a07c5e3ac981fed,2026-01,North Yorkshire Police,North Yorkshire Police,-1.088329,53.972255,On or near Surtees Street,E01013345,York 009B,Shoplifting,Investigation complete; no suspect identified,
e0fd5678d9cd3f6e324930563ce9409bdae88e37efcc9bdd0c8b29ec330b8c91,2026-01,North Yorkshire Police,North Yorkshire Police,-1.086976,53.972766,On or near Burton Stone Lane,E01013345,York 009B,Shoplifting,Investigation complete; no suspect identified,
8d599ecc0971d09768f8b4eb0669a4cf57e3eeab6a9642f2912f1c2c2f6a7d6d,2026-01,North Yorkshire Police,North Yorkshire Police,-1.086976,53.972766,On or near Burton Stone Lane,E01013345,York 009B,Shoplifting,Investigation complete; no suspect identified,
016ad24ac920700eaef2f81fe97db6c18fbbd6ff1c7db26c29d8e60088434ba4,2026-01,North Yorkshire Police,North Yorkshire Police,-1.086976,53.972766,On or near Burton Stone Lane,E01013345,York 009B,Shoplifting,Under investigation,
db91f7d8e816d73266bfe0c52ea3a8ab437ee6d923b07bc7fa5c4f3a3f2478a1,2026-01,North Yorkshire Police,North Yorkshire Police,-1.086921,53.969691,On or near Bootham Green,E01013345,York 009B,Violence and sexual offences,Unable to prosecute suspect,
3507a9c470643011ec7ab84ae0a3bb617b4498a5b3da7e136f18737b2e6ee48f,2026-01,North Yorkshire Police,North Yorkshire Police,-1.086603,53.969599,On or near Newborough Street,E01013345,York 009B,Violence and sexual offences,Under investigation,
083f47c6fdb25379c47db319746bfdbee900fb56efcec8ea588ce458f4032353,2026-01,North Yorkshire Police,North Yorkshire Police,-1.088000,53.972648,On or near Garth Terrace,E01013345,York 009B,Violence and sexual offences,Under investigation,
,2026-01,North Yorkshire Police,North Yorkshire Police,-1.087942,53.976710,On or near Ashton Avenue,E01013347,York 009C,Anti-social behaviour,,
,2026-01,North Yorkshire Police,North Yorkshire Police,-1.089752,53.974117,On or near Evelyn Crescent,E01013347,York 009C,Anti-social behaviour,,
,2026-01,North Yorkshire Police,North Yorkshire Police,-1.089432,53.973404,On or near Primrose Villas,E01013347,York 009C,Anti-social behaviour,,
7024fcf79d1a3d9595528ccb572c45672c395328d8a95a65d4187f90ecde5c91,2026-01,North Yorkshire Police,North Yorkshire Police,-1.089752,53.974117,On or near Evelyn Crescent,E01013347,York 009C,Criminal damage and arson,Investigation complete; no suspect identified,
57cf5b73f4864cf3f03da96dfc3d3b5baa7917a4b5c50048671c014a14e2c09d,2026-01,North Yorkshire Police,North Yorkshire Police,-1.086888,53.975407,On or near Burrill Avenue,E01013347,York 009C,Criminal damage and arson,Local resolution,
33955c4b6b4da7cf11e4fadf7b67c4476b988aa86c8575c2f4b343a688ae41ba,2026-01,North Yorkshire Police,North Yorkshire Police,-1.089752,53.974117,On or near Evelyn Crescent,E01013347,York 009C,Other theft,Unable to prosecute suspect,
a9ab962177750fa1d05cd35878d2940ffa3c630ec968b78b3ee285335bd20d10,2026-01,North Yorkshire Police,North Yorkshire Police,-1.086671,53.976961,On or near Ingram Avenue,E01013347,York 009C,Vehicle crime,Under investigation,
f08deaea7d0233d27b097f15ba56777402266edcbe46c582f251843f8269d50a,2026-01,North Yorkshire Police,North Yorkshire Police,-1.086888,53.975407,On or near Burrill Avenue,E01013347,York 009C,Violence and sexual offences,Unable to prosecute suspect,
24494c8564836887b84b0652e721f1454a52e2ca570124c8b7c7346285dd7b40,2026-01,North Yorkshire Police,North Yorkshire Police,-1.089752,53.974117,On or near Evelyn Crescent,E01013347,York 009C,Violence and sexual offences,Under investigation,
8aefe8afbf9fe35c0eaadd8b640d9c62057c4cb9cd97da2d12efbde29d0af0f4,2026-01,North Yorkshire Police,North Yorkshire Police,-1.089752,53.974117,On or near Evelyn Crescent,E01013347,York 009C,Violence and sexual offences,Under investigation,
8aefe8afbf9fe35c0eaadd8b640d9c62057c4cb9cd97da2d12efbde29d0af0f4,2026-01,North Yorkshire Police,North Yorkshire Police,-1.089752,53.974117,On or near Evelyn Crescent,E01013347,York 009C,Violence and sexual offences,Under investigation,
42909ba077153b20081bc7fb854c7b159e6d064173216f1a336c066dbc2261c2,2026-01,North Yorkshire Police,North Yorkshire Police,-1.089752,53.974117,On or near Evelyn Crescent,E01013347,York 009C,Violence and sexual offences,Further investigation is not in the public interest,
e0f016eb02ecd0dfc9c2e66937426c633f6dc9ba2a56725c63b0bbf623ad5c91,2026-01,North Yorkshire Police,North Yorkshire Police,-1.089752,53.974117,On or near Evelyn Crescent,E01013347,York 009C,Other crime,Under investigation,
,2026-01,North Yorkshire Police,North Yorkshire Police,-1.093127,53.973855,On or near Kingsway North,E01013349,York 009D,Anti-social behaviour,,
,2026-01,North Yorkshire Police,North Yorkshire Police,-1.094573,53.974675,On or near Peter Hill Drive,E01013349,York 009D,Anti-social behaviour,,
d223ff36fb5b2ea263be13e43338b6e85f0030a7f0e9de45d1b72e851b441790,2026-01,North Yorkshire Police,North Yorkshire Police,-1.093127,53.973855,On or near Kingsway North,E01013349,York 009D,Criminal damage and arson,Under investigation,
3ebe42f536c52bfe4bf19b07ebcdf1932c8ba2d96be6de4e81f5b7e07cdebf7b,2026-01,North Yorkshire Police,North Yorkshire Police,-1.092294,53.977102,On or near Archer Close,E01013349,York 009D,Drugs,Formal action is not in the public interest,
818535f928bae6d3c0e80470a146fa7ee6694d3347c452a22b613170d5276be3,2026-01,North Yorkshire Police,North Yorkshire Police,-1.093127,53.973855,On or near Kingsway North,E01013349,York 009D,Public order,Under investigation,
4527eb955f7e978b3cb462737f6fb8d18ce1680daa5abad259cfda45ccbff614,2026-01,North Yorkshire Police,North Yorkshire Police,-1.094005,53.974149,On or near Spalding Avenue,E01013349,York 009D,Violence and sexual offences,Unable to prosecute suspect,
e84e0c5880bf06063115d6f793035624ac54ccecf292f8f1801512af0826934f,2026-01,North Yorkshire Police,North Yorkshire Police,-1.094316,53.975967,On or near Burdyke Avenue,E01013349,York 009D,Violence and sexual offences,Unable to prosecute suspect,
c0f9ce888dd739946ceeb4f9acbedfd1c92f06b3e78ccd267919bff635e5d198,2026-01,North Yorkshire Police,North Yorkshire Police,-1.094573,53.974675,On or near Peter Hill Drive,E01013349,York 009D,Violence and sexual offences,Under investigation,
45c22e1ae18574f717d7154dda93e39dae235a530b1c02af11afe0a1a8510775,2026-01,North Yorkshire Police,North Yorkshire Police,-1.093127,53.973855,On or near Kingsway North,E01013349,York 009D,Other crime,Unable to prosecute suspect,
c82dcb7219113e1081e2ee2df8edc8fce68eedc4c42fda270cc1bcaae37520b4,2026-01,North Yorkshire Police,North Yorkshire Police,-1.094005,53.974149,On or near Spalding Avenue,E01013349,York 009D,Other crime,Under investigation,
,2026-01,North Yorkshire Police,North Yorkshire Police,-1.088251,53.976532,On or near Waveney Grove,E01013350,York 009E,Anti-social behaviour,,
,2026-01,North Yorkshire Police,North Yorkshire Police,-1.088251,53.976532,On or near Waveney Grove,E01013350,York 009E,Anti-social behaviour,,
48b785cc186d5fca335c8079942babb8a3cf945e1e2cbd761a0da3c0d1ead24c,2026-01,North Yorkshire Police,North Yorkshire Police,-1.084446,53.976189,On or near Link Avenue,E01013350,York 009E,Criminal damage and arson,Investigation complete; no suspect identified,
bc8e26a1c90e4bff9176db357876c59bcda17ebe65bb03a70495ce5b456a45f8,2026-01,North Yorkshire Police,North Yorkshire Police,-1.083276,53.972558,On or near Murrough Wilson Place,E01013350,York 009E,Criminal damage and arson,Investigation complete; no suspect identified,
bc428d6ccfa31bb8c88e4e589dfbc821e8405a60bd2e67769e5d986087cae1c4,2026-01,North Yorkshire Police,North Yorkshire Police,-1.087461,53.977794,On or near Burton Green,E01013350,York 009E,Criminal damage and arson,Investigation complete; no suspect identified,
ca7fece0531cb61fee3780a928b2c879d1a35944228b98a919501cc33a0f5321,2026-01,North Yorkshire Police,North Yorkshire Police,-1.083366,53.976082,On or near Rowntree Avenue,E01013350,York 009E,Criminal damage and arson,Unable to prosecute suspect,
1dd67ada0631a32c8920cdb20c9fc4fc01e05c76c5c46d51d83cdca1b1298321,2026-01,North Yorkshire Police,North Yorkshire Police,-1.084446,53.976189,On or near Link Avenue,E01013350,York 009E,Drugs,Local resolution,
d5de7a6b68055f47dfa7fcbf7932247dc28401fd70ae7329fde94762fdadcb33,2026-01,North Yorkshire Police,North Yorkshire Police,-1.085271,53.972636,On or near Field View,E01013350,York 009E,Public order,Local resolution,
550150a23d47026c16bc7e495afabac9579a792afd29c2689d97490415370060,2026-01,North Yorkshire Police,North Yorkshire Police,-1.087461,53.977794,On or near Burton Green,E01013350,York 009E,Violence and sexual offences,Under investigation,
561556d74d45df1f136f7168bea8a5bb425da6d9342206f82bb240a24fa1a03f,2026-01,North Yorkshire Police,North Yorkshire Police,-1.085007,53.979806,On or near St Josephs Court,E01013350,York 009E,Violence and sexual offences,Under investigation,
550150a23d47026c16bc7e495afabac9579a792afd29c2689d97490415370060,2026-01,North Yorkshire Police,North Yorkshire Police,-1.087461,53.977794,On or near Burton Green,E01013350,York 009E,Violence and sexual offences,Under investigation,
ead369876902595d71e77735af5ed98468b39360ab1a2f2237f5ceac884dee5e,2026-01,North Yorkshire Police,North Yorkshire Police,-1.082976,53.974407,On or near Parking Area,E01013350,York 009E,Violence and sexual offences,Unable to prosecute suspect,
dbf78d36343cd8096775005ca1538490b38a54bfa3276513525a14f6561070a0,2026-01,North Yorkshire Police,North Yorkshire Police,-1.088251,53.976532,On or near Waveney Grove,E01013350,York 009E,Other crime,Investigation complete; no suspect identified,
,2026-01,North Yorkshire Police,North Yorkshire Police,-1.081759,53.977759,On or near B1363,E01013348,York 010A,Anti-social behaviour,,
,2026-01,North Yorkshire Police,North Yorkshire Police,-1.075350,53.973171,On or near Kitchener Street,E01013348,York 010A,Anti-social behaviour,,
,2026-01,North Yorkshire Police,North Yorkshire Police,-1.081468,53.972975,On or near Wigginton Terrace,E01013348,York 010A,Anti-social behaviour,,
2a1c6111fbb2806d1b2f235f8ca7319a55317b75c8a5b28aafec30e63e1f38a5,2026-01,North Yorkshire Police,North Yorkshire Police,-1.081468,53.972975,On or near Wigginton Terrace,E01013348,York 010A,Other theft,Investigation complete; no suspect identified,
8b0ea0ca56ff6595c1b3c0d487e92b0225be8d9f65668b9f7f975714ae317c6d,2026-01,North Yorkshire Police,North Yorkshire Police,-1.081468,53.972975,On or near Wigginton Terrace,E01013348,York 010A,Public order,Under investigation,
9c701391dd78c8548eeaf72c1f7e9232531ce64e7d6457f86c6ee62e4e1d7c49,2026-01,North Yorkshire Police,North Yorkshire Police,-1.077362,53.973160,On or near Haxby Road,E01013348,York 010A,Violence and sexual offences,Unable to prosecute suspect,
732b24d514bc6af4ef47f272ff40b8243c1a9ca902b75a54a1d376029277f2ea,2026-01,North Yorkshire Police,North Yorkshire Police,-1.075735,53.970918,On or near Huntington Mews Avenue,E01013348,York 010A,Violence and sexual offences,Unable to prosecute suspect,
c34888e09dffa086530afce54eba9d02f972ecb954697521a62edbbe86cc7f91,2026-01,North Yorkshire Police,North Yorkshire Police,-1.079127,53.973344,On or near Hambleton Terrace,E01013348,York 010A,Violence and sexual offences,Unable to prosecute suspect,
c2a127ae32e7e2702daf17aa3f226db78651992c527ee339e21770d525662b38,2026-01,North Yorkshire Police,North Yorkshire Police,-1.074671,53.967315,On or near Park Grove,E01013368,York 010B,Burglary,Under investigation,
76d1013abd62bdb0c17849b2b5e099b306f1eaa4c35e600f25f4ad6b52a20a70,2026-01,North Yorkshire Police,North Yorkshire Police,-1.076079,53.969132,On or near Eldon Terrace,E01013368,York 010B,Public order,Unable to prosecute suspect,
,2026-01,North Yorkshire Police,North Yorkshire Police,-1.069829,53.970504,On or near Pottery Lane,E01013382,York 010C,Anti-social behaviour,,
e20cff75ee3df3d00e26956ce86b1cbf8a3b6067c2bcf6129b4e5bda38b2d799,2026-01,North Yorkshire Police,North Yorkshire Police,-1.071925,53.970844,On or near Arran Place,E01013382,York 010C,Burglary,Under investigation,
788b27f25da7a06340154d3f5d4253b68cbf3b6d4c897946d66930a7c529307f,2026-01,North Yorkshire Police,North Yorkshire Police,-1.072042,53.965587,On or near Dalguise Grove,E01013382,York 010C,Burglary,Unable to prosecute suspect,
e971dfad710e9e7bfe1356db3ed5bc03858fa5a37e89cba96300bd495fcbe2cb,2026-01,North Yorkshire Police,North Yorkshire Police,-1.069829,53.970504,On or near Pottery Lane,E01013382,York 010C,Criminal damage and arson,Investigation complete; no suspect identified,
a7b8702935b4bd97d86589cdbdff7c55067c439468adfca5008c9069a62d4f79,2026-01,North Yorkshire Police,North Yorkshire Police,-1.070454,53.970500,On or near Saxon Place,E01013382,York 010C,Public order,Unable to prosecute suspect,
e9e952d8ebce1d12047ef49cad56785602c9b8b5e43af9141a2c3982e094edbe,2026-01,North Yorkshire Police,North Yorkshire Police,-1.069829,53.970504,On or near Pottery Lane,E01013382,York 010C,Violence and sexual offences,Awaiting court outcome,
f7a9d49749b360e553a0a3a9b6f8bba05599a44dc22484198015372fc871f636,2026-01,North Yorkshire Police,North Yorkshire Police,-1.068474,53.966341,On or near Heworth Green,E01013382,York 010C,Violence and sexual offences,Under investigation,
cbf80e666ac9a1d2d9ddf1b164acdfe10990fe394c20375a7cabe401073919cb,2026-01,North Yorkshire Police,North Yorkshire Police,-1.072042,53.965587,On or near Dalguise Grove,E01013382,York 010C,Violence and sexual offences,Investigation complete; no suspect identified,
dea0382597f5a6f734229566f3ee1c107088ee5e90172a6b40054e9c2ad03a0d,2026-01,North Yorkshire Police,North Yorkshire Police,-1.069829,53.970504,On or near Pottery Lane,E01013382,York 010C,Violence and sexual offences,Under investigation,
0768fa75f95945ef04ff539a85a91d42c14aaaf67495a66000bcb55fee0e84ee,2026-01,North Yorkshire Police,North Yorkshire Police,-1.069829,53.970504,On or near Pottery Lane,E01013382,York 010C,Violence and sexual offences,Further investigation is not in the public interest,
c75e6d064f81cdfdd6996cc85da239dce9ce7f1632c192afc88304a29cd7225b,2026-01,North Yorkshire Police,North Yorkshire Police,-1.070385,53.969475,On or near Dodsworth Avenue,E01013382,York 010C,Violence and sexual offences,Unable to prosecute suspect,
,2026-01,North Yorkshire Police,North Yorkshire Police,-1.071388,53.962786,On or near Layerthorpe,E01013383,York 010D,Anti-social behaviour,,
,2026-01,North Yorkshire Police,North Yorkshire Police,-1.066385,53.963628,On or near Fleming Avenue,E01013383,York 010D,Anti-social behaviour,,
,2026-01,North Yorkshire Police,North Yorkshire Police,-1.064414,53.961770,On or near Bowes Avenue,E01013383,York 010D,Anti-social behaviour,,
,2026-01,North Yorkshire Police,North Yorkshire Police,-1.066385,53.963628,On or near Fleming Avenue,E01013383,York 010D,Anti-social behaviour,,
,2026-01,North Yorkshire Police,North Yorkshire Police,-1.072425,53.962740,On or near Supermarket,E01013383,York 010D,Anti-social behaviour,,
,2026-01,North Yorkshire Police,North Yorkshire Police,-1.071373,53.964125,On or near Parking Area,E01013383,York 010D,Anti-social behaviour,,
,2026-01,North Yorkshire Police,North Yorkshire Police,-1.070836,53.960859,On or near Supermarket,E01013383,York 010D,Anti-social behaviour,,
,2026-01,North Yorkshire Police,North Yorkshire Police,-1.071388,53.962786,On or near Layerthorpe,E01013383,York 010D,Anti-social behaviour,,
e845de276b07a317272b7710026ce90fc0fc2ea8ce0270421bd74e694f506b0d,2026-01,North Yorkshire Police,North Yorkshire Police,-1.070588,53.959688,On or near Shopping Area,E01013383,York 010D,Bicycle theft,Under investigation,
5b81e90a1369ad348f96f851e8b91bccab00ccfe13a2bfc74c7b2cd541f46582,2026-01,North Yorkshire Police,North Yorkshire Police,-1.070588,53.959688,On or near Shopping Area,E01013383,York 010D,Bicycle theft,Investigation complete; no suspect identified,
989ad0622de4247b4a8d652e80117949f1c84534ea73eede6c05dfd12f6a481a,2026-01,North Yorkshire Police,North Yorkshire Police,-1.063377,53.962508,On or near Sixth Avenue,E01013383,York 010D,Burglary,Unable to prosecute suspect,
2828eae5bf7ba2ea2768042423d901159fb7ea99c56fb7fe836d09b56124ad65,2026-01,North Yorkshire Police,North Yorkshire Police,-1.068316,53.962448,On or near Faber Street,E01013383,York 010D,Criminal damage and arson,Investigation complete; no suspect identified,
22e0302f4e4ed821b46f35652fb563c6ea2666fa392d6ca72a747c68d71ead66,2026-01,North Yorkshire Police,North Yorkshire Police,-1.060472,53.962207,On or near Seventh Avenue,E01013383,York 010D,Drugs,Investigation complete; no suspect identified,
5cdd94badd2d219605d621559b2bfdd2dacabac7087fac49bc8d2d5a375561f1,2026-01,North Yorkshire Police,North Yorkshire Police,-1.072425,53.962740,On or near Supermarket,E01013383,York 010D,Public order,Unable to prosecute suspect,
d00649e3a8f61e755f2ae011f3f9892368a80a6970c1a941004abb58b1105c36,2026-01,North Yorkshire Police,North Yorkshire Police,-1.072425,53.962740,On or near Supermarket,E01013383,York 010D,Shoplifting,Unable to prosecute suspect,
da028b2ac1e532a998437e6024e5a64b67a3c20ca10b7a97d9259a25c07191e0,2026-01,North Yorkshire Police,North Yorkshire Police,-1.070836,53.960859,On or near Supermarket,E01013383,York 010D,Shoplifting,Investigation complete; no suspect identified,
4344836ca375e81ec6cf949fe3dedf3df435f9495658f546da583c7ab2e91def,2026-01,North Yorkshire Police,North Yorkshire Police,-1.068422,53.963860,On or near Hawthorn Street,E01013383,York 010D,Vehicle crime,Unable to prosecute suspect,
4249d7ab359348107ff77c07398a36ace536d7ac91a529627c0568bce25c7ff7,2026-01,North Yorkshire Police,North Yorkshire Police,-1.063377,53.962508,On or near Sixth Avenue,E01013383,York 010D,Violence and sexual offences,Unable to prosecute suspect,
da4c92b9dd09abde00d96830d5df17f0777763dbc952b67d76ab504b288095a6,2026-01,North Yorkshire Police,North Yorkshire Police,-1.059310,53.962387,On or near Fourth Avenue,E01013383,York 010D,Violence and sexual offences,Under investigation,
290546555077824a5961d6e63f753b5614edb5bc4c7f07615f0f811ba8c9cc76,2026-01,North Yorkshire Police,North Yorkshire Police,-1.059310,53.962387,On or near Fourth Avenue,E01013383,York 010D,Violence and sexual offences,Unable to prosecute suspect,
cd0d907a77bec08af847dd287c52505cd0ab349ceb001f630c1ecaf833fbf4ed,2026-01,North Yorkshire Police,North Yorkshire Police,-1.059310,53.962387,On or near Fourth Avenue,E01013383,York 010D,Violence and sexual offences,Under investigation,
a28bf772b55878303ce13aa2667df4a0b6c955c57ac6fd28ae05980b59c46e1e,2026-01,North Yorkshire Police,North Yorkshire Police,-1.063544,53.964473,On or near ,E01013383,York 010D,Violence and sexual offences,Under investigation,
,2026-01,North Yorkshire Police,North Yorkshire Police,-1.070736,53.973612,On or near Sturdee Grove,E01013386,York 010E,Anti-social behaviour,,
,2026-01,North Yorkshire Police,North Yorkshire Police,-1.068012,53.972665,On or near St Wulstan Close,E01013386,York 010E,Anti-social behaviour,,
,2026-01,North Yorkshire Police,North Yorkshire Police,-1.069141,53.973348,On or near Fossway,E01013386,York 010E,Anti-social behaviour,,
57f589b06286b8345c8769fb82f3f1dec665a638f10a8b1dce077655a73f5dfc,2026-01,North Yorkshire Police,North Yorkshire Police,-1.068012,53.972665,On or near St Wulstan Close,E01013386,York 010E,Criminal damage and arson,Under investigation,
9e36470a2579484c0de31e4ff1eef3bdc3d9c75d8fe3d1dd359bb46e90b00ae9,2026-01,North Yorkshire Police,North Yorkshire Police,-1.073219,53.976417,On or near Mallard Landings,E01013386,York 010E,Other theft,Unable to prosecute suspect,
482d9bf3885387efade326b2e973a12e2112b951af0b1b9994d5282ce1783316,2026-01,North Yorkshire Police,North Yorkshire Police,-1.073219,53.976417,On or near Mallard Landings,E01013386,York 010E,Shoplifting,Investigation complete; no suspect identified,
ba48e2b02737a4341336c0b88f29bcd46a1ebcf1802e517d0d8a575628a9dd1d,2026-01,North Yorkshire Police,North Yorkshire Police,-1.068718,53.977928,On or near Roche Avenue,E01013386,York 010E,Violence and sexual offences,Under investigation,
ba48e2b02737a4341336c0b88f29bcd46a1ebcf1802e517d0d8a575628a9dd1d,2026-01,North Yorkshire Police,North Yorkshire Police,-1.068718,53.977928,On or near Roche Avenue,E01013386,York 010E,Violence and sexual offences,Under investigation,
38e78373b316e0b9d10aebb5a756ba44462f0340fccfbbdc6b15c40c2cd1c5ff,2026-01,North Yorkshire Police,North Yorkshire Police,-1.068689,53.975807,On or near Byland Avenue,E01013386,York 010E,Violence and sexual offences,Under investigation,
92deab939b06f9964547ef6d8cd089f0813be41cfcb37ea10ad543000a9d41be,2026-01,North Yorkshire Police,North Yorkshire Police,-1.196450,53.955643,On or near Victoria Farm Close,E01013421,York 011A,Other theft,Investigation complete; no suspect identified,
6887f042a7ff0bbfb23742b477cce0528ac37b9f9a197c795481c49ff9d94cbf,2026-01,North Yorkshire Police,North Yorkshire Police,-1.139684,53.945220,On or near Askham Lane,E01013421,York 011A,Violence and sexual offences,Unable to prosecute suspect,
7f4d1448bf121e6c65ecce16002190fcb988d4c5f919cada3150e45f34662413,2026-01,North Yorkshire Police,North Yorkshire Police,-1.191251,53.953397,On or near Southfield Close,E01013421,York 011A,Violence and sexual offences,Unable to prosecute suspect,
c2adef9863d825bda99fa41613ad8fb0a57505cbb314939d36a8575e5c2bc9c6,2026-01,North Yorkshire Police,North Yorkshire Police,-1.183924,53.925116,On or near Jackson'S Walk,E01013421,York 011A,Other crime,Under investigation,
,2026-01,North Yorkshire Police,North Yorkshire Police,-1.146811,53.980450,On or near Long Ridge Lane,E01013422,York 011B,Anti-social behaviour,,
bbb155ce5f7b27d65660618d76ac5f90bf6c7974c216e3d963f7e83cde892983,2026-01,North Yorkshire Police,North Yorkshire Police,-1.142739,53.971999,On or near Petrol Station,E01013422,York 011B,Other theft,Awaiting court outcome,
accf0a8e9408710a1b76a8af001c5a41b6cdc101bfbb4c8cc3e252a87e65e215,2026-01,North Yorkshire Police,North Yorkshire Police,-1.142739,53.971999,On or near Petrol Station,E01013422,York 011B,Other theft,Awaiting court outcome,
d1f10a677647ce481be8ea397fa1215526b111420d2a28bf82b7e9ae040136ee,2026-01,North Yorkshire Police,North Yorkshire Police,-1.132432,53.978908,On or near ,E01013422,York 011B,Other theft,Awaiting court outcome,
09123c8345967dc2be865d53180485890eb9f7954e66d145d95cce7b02893ab9,2026-01,North Yorkshire Police,North Yorkshire Police,-1.149363,53.975695,On or near Parking Area,E01013422,York 011B,Public order,Under investigation,
e7e00e0366bb737eae41d10486674b910e5c22b2d479e4d23736c311a5fed553,2026-01,North Yorkshire Police,North Yorkshire Police,-1.136388,53.977930,On or near Kyle Way,E01013422,York 011B,Shoplifting,Investigation complete; no suspect identified,
a28567576d609343a37cb9b61de1ee613b3e75e8251bceb26c4333f495fcfbed,2026-01,North Yorkshire Police,North Yorkshire Police,-1.132432,53.978908,On or near ,E01013422,York 011B,Shoplifting,Investigation complete; no suspect identified,
30c030358a4890edef65acb5c2185cf591e7c3b646120c01a5219ad1beb05ed4,2026-01,North Yorkshire Police,North Yorkshire Police,-1.151956,53.979989,On or near Supermarket,E01013422,York 011B,Shoplifting,Unable to prosecute suspect,
054fef8c3183781b67abd3cf2ce55a338a23dc46fc4b779838b5a08a1f78b5cc,2026-01,North Yorkshire Police,North Yorkshire Police,-1.132432,53.978908,On or near ,E01013422,York 011B,Violence and sexual offences,Unable to prosecute suspect,
bf2bb04152335c6dcded6088e2f6254109b45f08474214c1a5ade4a76726aef0,2026-01,North Yorkshire Police,North Yorkshire Police,-1.145650,53.961180,On or near St Peters Close,E01013422,York 011B,Violence and sexual offences,Unable to prosecute suspect,
054fef8c3183781b67abd3cf2ce55a338a23dc46fc4b779838b5a08a1f78b5cc,2026-01,North Yorkshire Police,North Yorkshire Police,-1.132432,53.978908,On or near ,E01013422,York 011B,Violence and sexual offences,Under investigation,
c5870406c0151b67d4c2152712420cd61e4093a4611a8aa7b4ed66806c9243ee,2026-01,North Yorkshire Police,North Yorkshire Police,-1.133002,53.977223,On or near Foss Walk,E01013422,York 011B,Violence and sexual offences,Unable to prosecute suspect,
125559b7a534f91b3789b980b0187418b73dc285f96fa18895ed07c05bb8a870,2026-01,North Yorkshire Police,North Yorkshire Police,-1.135612,53.975179,On or near ,E01013422,York 011B,Violence and sexual offences,Unable to prosecute suspect,
2d57d12bb37266191ef85b0e389857f4cf9811c1fc23469478a2d428599ee119,2026-01,North Yorkshire Police,North Yorkshire Police,-1.132580,53.971845,On or near Millfield Lane,E01013422,York 011B,Violence and sexual offences,Unable to prosecute suspect,
9d6d872a940724fec008a5e060e127251c1a855c2fe84e552b983b7bf0c4230d,2026-01,North Yorkshire Police,North Yorkshire Police,-1.146811,53.980450,On or near Long Ridge Lane,E01013422,York 011B,Violence and sexual offences,Investigation complete; no suspect identified,
5332edf2d29ff0e78deeb70e2dfb0607b314c10067a2604f59043a47fb24fe14,2026-01,North Yorkshire Police,North Yorkshire Police,-1.153823,53.982836,On or near Main Street,E01013426,York 011C,Other theft,Under investigation,
8c2089d967980cabab3524272db5ca213554b991a2a0b1fd71a9abcf5d09af84,2026-01,North Yorkshire Police,North Yorkshire Police,-1.182547,53.976914,On or near Parking Area,E01013426,York 011C,Violence and sexual offences,Awaiting court outcome,
0ca910bdbdc381353aa4191840bebe7c2265bbae3732b3f4afda0b6ed87cbbc3,2026-01,North Yorkshire Police,North Yorkshire Police,-1.126557,53.961663,On or near Garden Court,E01013335,York 012A,Burglary,Under investigation,
7f36816e95b399f19f1a1680a4fb34bdf7647901f10ce9a96ffe8b4088723d82,2026-01,North Yorkshire Police,North Yorkshire Police,-1.126557,53.961663,On or near Garden Court,E01013335,York 012A,Burglary,Under investigation,
04476e953c8ef811782f38a2f3a203f9bfd49daafccb6488948754a387928c2a,2026-01,North Yorkshire Police,North Yorkshire Police,-1.126304,53.962838,On or near Iver Close,E01013335,York 012A,Criminal damage and arson,Investigation complete; no suspect identified,
5492010f479bf3281b0544cd71fee694ca4a803474063cd623359f508e0af587,2026-01,North Yorkshire Police,North Yorkshire Police,-1.132722,53.962076,On or near Kenrick Place,E01013335,York 012A,Violence and sexual offences,Under investigation,
21c0cbf8d16827f8dfbd15dfd26da7ebe2f9aef671ab216c2bb5e63f5568774e,2026-01,North Yorkshire Police,North Yorkshire Police,-1.128119,53.964272,On or near Almsford Road,E01013335,York 012A,Violence and sexual offences,Under investigation,
,2026-01,North Yorkshire Police,North Yorkshire Police,-1.134147,53.957305,On or near Apple Tree Lane,E01013336,York 012B,Anti-social behaviour,,
ef2e2a3f11e6ea0f04b60063d773dec646b4b74c44b1bfba3e7f0aa46621d949,2026-01,North Yorkshire Police,North Yorkshire Police,-1.134147,53.957305,On or near Apple Tree Lane,E01013336,York 012B,Criminal damage and arson,Investigation complete; no suspect identified,
f66adc85087293fd263bd04edc701e8ccc8cad6409195378ee7464ed112a8778,2026-01,North Yorkshire Police,North Yorkshire Police,-1.131490,53.958292,On or near Millbrook Rise,E01013336,York 012B,Other theft,Under investigation,
f053ee12b0b284c36bf4bf840153a3ab673099dd73a00fb5c31c4dbb2f7f69c4,2026-01,North Yorkshire Police,North Yorkshire Police,-1.125477,53.957952,On or near Beech Grove,E01013336,York 012B,Public order,Unable to prosecute suspect,
9f072bbda409842fb4b42ac981340a773ab0adb97106c7b0cb645280b7b77d8d,2026-01,North Yorkshire Police,North Yorkshire Police,-1.125477,53.957952,On or near Beech Grove,E01013336,York 012B,Public order,Unable to prosecute suspect,
550e062c2c5394e85453afac505cfc717279c67f2348e26cf9801da33618c6f9,2026-01,North Yorkshire Police,North Yorkshire Police,-1.131490,53.958292,On or near Millbrook Rise,E01013336,York 012B,Violence and sexual offences,Unable to prosecute suspect,
6f8bb3035d731a882ae3f160ce566c1afc720e62d9aa4e46c2499cd98d72e939,2026-01,North Yorkshire Police,North Yorkshire Police,-1.131490,53.958292,On or near Millbrook Rise,E01013336,York 012B,Violence and sexual offences,Unable to prosecute suspect,
0d95af06ec00f5059a938996d3dc8d6ac2c742d9db28bee43146edf2e7225bc8,2026-01,North Yorkshire Police,North Yorkshire Police,-1.125477,53.957952,On or near Beech Grove,E01013336,York 012B,Violence and sexual offences,Unable to prosecute suspect,
,2026-01,North Yorkshire Police,North Yorkshire Police,-1.136615,53.963228,On or near Old School Walk,E01013337,York 012C,Anti-social behaviour,,
5754147ce03f237d652e8c01ec3798d1d106918d63a8c4e69806c1150f277862,2026-01,North Yorkshire Police,North Yorkshire Police,-1.134662,53.963339,On or near Beckfield Lane,E01013337,York 012C,Burglary,Investigation complete; no suspect identified,
761a8f1a426daf93645777978ff5f614cbe8352af10f4fd93c574b7c5e585d8a,2026-01,North Yorkshire Police,North Yorkshire Police,-1.134340,53.962708,On or near Supermarket,E01013337,York 012C,Shoplifting,Awaiting court outcome,
b57dadfd675d3b68d79c372bf20ac549a0ddae6809cf9c45f6c41e7ab18b6717,2026-01,North Yorkshire Police,North Yorkshire Police,-1.134340,53.962708,On or near Supermarket,E01013337,York 012C,Shoplifting,Awaiting court outcome,
0bcb937ee9d351cf62a49b6dffbe36c4db8549973b58d733776058e0869b13d8,2026-01,North Yorkshire Police,North Yorkshire Police,-1.134340,53.962708,On or near Supermarket,E01013337,York 012C,Shoplifting,Under investigation,
472a396a83717c89b3f42059ea9d856600a8dfafcdb5572b466341e3281ddc58,2026-01,North Yorkshire Police,North Yorkshire Police,-1.134340,53.962708,On or near Supermarket,E01013337,York 012C,Shoplifting,Investigation complete; no suspect identified,
3d45cc001127ea5776ea8777425a1447a5101dc8990b7b3410e66a39457f313c,2026-01,North Yorkshire Police,North Yorkshire Police,-1.124574,53.965405,On or near Petrol Station,E01013338,York 012D,Shoplifting,Investigation complete; no suspect identified,
6c0713ae9e5d823cb2a61421df81a27d85e0600740dfb9998174483fdcf76f3f,2026-01,North Yorkshire Police,North Yorkshire Police,-1.124574,53.965405,On or near Petrol Station,E01013338,York 012D,Shoplifting,Investigation complete; no suspect identified,
8d1f0ad47f226ae4995e5983820354918b0c7e17b412de3fafda4d19a4427ce7,2026-01,North Yorkshire Police,North Yorkshire Police,-1.124574,53.965405,On or near Petrol Station,E01013338,York 012D,Shoplifting,Investigation complete; no suspect identified,
2ada5fa0e459eb3e176329049f925f86da791aba97b01c59635c3d6c11c82bb1,2026-01,North Yorkshire Police,North Yorkshire Police,-1.126080,53.966288,On or near Boroughbridge Road,E01013338,York 012D,Violence and sexual offences,Unable to prosecute suspect,
bf04114a49b829191ad56551aceab1a5e295701e7aacf57af2c1ec63d2b51237,2026-01,North Yorkshire Police,North Yorkshire Police,-1.121620,53.965959,On or near Monarch Way,E01013338,York 012D,Violence and sexual offences,Unable to prosecute suspect,
,2026-01,North Yorkshire Police,North Yorkshire Police,-1.132557,53.966353,On or near Church Gate,E01013339,York 012E,Anti-social behaviour,,
,2026-01,North Yorkshire Police,North Yorkshire Police,-1.135885,53.966836,On or near Norman Drive,E01013339,York 012E,Anti-social behaviour,,
,2026-01,North Yorkshire Police,North Yorkshire Police,-1.118261,53.964065,On or near Sandacre Court,E01013392,York 012F,Anti-social behaviour,,
,2026-01,North Yorkshire Police,North Yorkshire Police,-1.122751,53.960035,On or near Inman Terrace,E01013392,York 012F,Anti-social behaviour,,
,2026-01,North Yorkshire Police,North Yorkshire Police,-1.118261,53.964065,On or near Sandacre Court,E01013392,York 012F,Anti-social behaviour,,
a687b26b9119d6afa4338079fca4bfbbe0a42c4334b4ed1e8b06fd2fe8308d86,2026-01,North Yorkshire Police,North Yorkshire Police,-1.116366,53.964294,On or near Lavender Grove,E01013392,York 012F,Burglary,Unable to prosecute suspect,
,2026-01,North Yorkshire Police,North Yorkshire Police,-1.084041,53.964079,On or near Gillygate,E01013366,York 013A,Anti-social behaviour,,
,2026-01,North Yorkshire Police,North Yorkshire Police,-1.083246,53.958528,On or near ,E01013366,York 013A,Anti-social behaviour,,
,2026-01,North Yorkshire Police,North Yorkshire Police,-1.084601,53.960793,On or near Blake Street,E01013366,York 013A,Anti-social behaviour,,
,2026-01,North Yorkshire Police,North Yorkshire Police,-1.084601,53.960793,On or near Blake Street,E01013366,York 013A,Anti-social behaviour,,
,2026-01,North Yorkshire Police,North Yorkshire Police,-1.084601,53.960793,On or near Blake Street,E01013366,York 013A,Anti-social behaviour,,
,2026-01,North Yorkshire Police,North Yorkshire Police,-1.084962,53.961677,On or near Theatre/Concert Hall,E01013366,York 013A,Anti-social behaviour,,
,2026-01,North Yorkshire Police,North Yorkshire Police,-1.083246,53.958528,On or near ,E01013366,York 013A,Anti-social behaviour,,
,2026-01,North Yorkshire Police,North Yorkshire Police,-1.082505,53.966683,On or near Clarence Street,E01013366,York 013A,Anti-social behaviour,,
,2026-01,North Yorkshire Police,North Yorkshire Police,-1.081996,53.959662,On or near ,E01013366,York 013A,Anti-social behaviour,,
,2026-01,North Yorkshire Police,North Yorkshire Police,-1.084601,53.960793,On or near Blake Street,E01013366,York 013A,Anti-social behaviour,,
,2026-01,North Yorkshire Police,North Yorkshire Police,-1.084517,53.960122,On or near ,E01013366,York 013A,Anti-social behaviour,,
,2026-01,North Yorkshire Police,North Yorkshire Police,-1.084517,53.960122,On or near ,E01013366,York 013A,Anti-social behaviour,,
,2026-01,North Yorkshire Police,North Yorkshire Police,-1.081082,53.960722,On or near Low Petergate,E01013366,York 013A,Anti-social behaviour,,
,2026-01,North Yorkshire Police,North Yorkshire Police,-1.084601,53.960793,On or near Blake Street,E01013366,York 013A,Anti-social behaviour,,
,2026-01,North Yorkshire Police,North Yorkshire Police,-1.084962,53.961677,On or near Theatre/Concert Hall,E01013366,York 013A,Anti-social behaviour,,
,2026-01,North Yorkshire Police,North Yorkshire Police,-1.081996,53.959662,On or near ,E01013366,York 013A,Anti-social behaviour,,
,2026-01,North Yorkshire Police,North Yorkshire Police,-1.081996,53.959662,On or near ,E01013366,York 013A,Anti-social behaviour,,
,2026-01,North Yorkshire Police,North Yorkshire Police,-1.082827,53.961067,On or near Shopping Area,E01013366,York 013A,Anti-social behaviour,,
,2026-01,North Yorkshire Police,North Yorkshire Police,-1.083087,53.957537,On or near Low Ousegate,E01013366,York 013A,Anti-social behaviour,,
,2026-01,North Yorkshire Police,North Yorkshire Police,-1.084601,53.960793,On or near Blake Street,E01013366,York 013A,Anti-social behaviour,,
,2026-01,North Yorkshire Police,North Yorkshire Police,-1.081758,53.961140,On or near Grape Lane,E01013366,York 013A,Anti-social behaviour,,
,2026-01,North Yorkshire Police,North Yorkshire Police,-1.081996,53.959662,On or near ,E01013366,York 013A,Anti-social behaviour,,
,2026-01,North Yorkshire Police,North Yorkshire Police,-1.083246,53.958528,On or near ,E01013366,York 013A,Anti-social behaviour,,
,2026-01,North Yorkshire Police,North Yorkshire Police,-1.087895,53.964189,On or near Bootham,E01013366,York 013A,Anti-social behaviour,,
,2026-01,North Yorkshire Police,North Yorkshire Police,-1.079446,53.967163,On or near St Thomas' Place,E01013366,York 013A,Anti-social behaviour,,
,2026-01,North Yorkshire Police,North Yorkshire Police,-1.083087,53.957537,On or near Low Ousegate,E01013366,York 013A,Anti-social behaviour,,
,2026-01,North Yorkshire Police,North Yorkshire Police,-1.085884,53.961369,On or near St Leonards Mews,E01013366,York 013A,Anti-social behaviour,,
,2026-01,North Yorkshire Police,North Yorkshire Police,-1.082827,53.961067,On or near Shopping Area,E01013366,York 013A,Anti-social behaviour,,
,2026-01,North Yorkshire Police,North Yorkshire Police,-1.082827,53.961067,On or near Shopping Area,E01013366,York 013A,Anti-social behaviour,,
,2026-01,North Yorkshire Police,North Yorkshire Police,-1.084601,53.960793,On or near Blake Street,E01013366,York 013A,Anti-social behaviour,,
,2026-01,North Yorkshire Police,North Yorkshire Police,-1.085422,53.962948,On or near A19,E01013366,York 013A,Anti-social behaviour,,
,2026-01,North Yorkshire Police,North Yorkshire Police,-1.084517,53.960122,On or near ,E01013366,York 013A,Anti-social behaviour,,
,2026-01,North Yorkshire Police,North Yorkshire Police,-1.084601,53.960793,On or near Blake Street,E01013366,York 013A,Anti-social behaviour,,
,2026-01,North Yorkshire Police,North Yorkshire Police,-1.081757,53.968124,On or near Supermarket,E01013366,York 013A,Anti-social behaviour,,
,2026-01,North Yorkshire Police,North Yorkshire Police,-1.090506,53.962582,On or near Marygate Lane,E01013366,York 013A,Anti-social behaviour,,
,2026-01,North Yorkshire Police,North Yorkshire Police,-1.081996,53.959662,On or near ,E01013366,York 013A,Anti-social behaviour,,
14cfc2409c3ce02b45998c8380ee84379c7d3c559faa1021130c2da51a56b157,2026-01,North Yorkshire Police,North Yorkshire Police,-1.080997,53.966635,On or near Brook Street,E01013366,York 013A,Bicycle theft,Under investigation,
49d143e909feb5bfd6eae9d114658a814692708af85e5439be1c8d51f95e8103,2026-01,North Yorkshire Police,North Yorkshire Police,-1.082866,53.957868,On or near Church Lane,E01013366,York 013A,Burglary,Investigation complete; no suspect identified,
4a2555942d56fe38afc375f731af4767a0c27fca48b198330f5b78797fbdf3c0,2026-01,North Yorkshire Police,North Yorkshire Police,-1.085585,53.960387,On or near Lendal,E01013366,York 013A,Burglary,Under investigation,
a18d78a512a025eba45866bca70e3b10544db22e0428394a2d0ce410c2288f26,2026-01,North Yorkshire Police,North Yorkshire Police,-1.082827,53.961067,On or near Shopping Area,E01013366,York 013A,Criminal damage and arson,Unable to prosecute suspect,
cece18d35acc7bc28541f622e6a81a7b533b585d0f7670145ff412fecccacb07,2026-01,North Yorkshire Police,North Yorkshire Police,-1.081996,53.959662,On or near ,E01013366,York 013A,Criminal damage and arson,Unable to prosecute suspect,
ede3addd0ec613e831addec034a1b95f69941d81b3c5f17076c4cd5b20410427,2026-01,North Yorkshire Police,North Yorkshire Police,-1.079095,53.966468,On or near Del Pyke,E01013366,York 013A,Drugs,Investigation complete; no suspect identified,
5dc3704b2b4109e97c2c7c09b8a27a4efe8b8022af5451d1c00da910208156f1,2026-01,North Yorkshire Police,North Yorkshire Police,-1.083087,53.957537,On or near Low Ousegate,E01013366,York 013A,Drugs,Further investigation is not in the public interest,
300723afbc8cc5aee62527cb93d3c9ca52657d4b292cd95a2299db2c2df86bcf,2026-01,North Yorkshire Police,North Yorkshire Police,-1.085585,53.960387,On or near Lendal,E01013366,York 013A,Drugs,Local resolution,
94783827ae5c231acad99913549a8d89da6078d4c786df6c67639bceb1a23258,2026-01,North Yorkshire Police,North Yorkshire Police,-1.084041,53.964079,On or near Gillygate,E01013366,York 013A,Other theft,Investigation complete; no suspect identified,
28b3f2a153a3fdcc545f54b6385c81800e7800935ac10b0edb5871e9ca7c1149,2026-01,North Yorkshire Police,North Yorkshire Police,-1.083212,53.959782,On or near ,E01013366,York 013A,Other theft,Under investigation,
5ec7901db38db8ddf4d09af93869b09b335ef7c48d57119be3ba5ad32f47cd59,2026-01,North Yorkshire Police,North Yorkshire Police,-1.082505,53.966683,On or near Clarence Street,E01013366,York 013A,Other theft,Unable to prosecute suspect,
076d487852a748cc94942320f58d406709dd90b986d8dcf9eceeeb0ade627dae,2026-01,North Yorkshire Police,North Yorkshire Police,-1.078821,53.965783,On or near Abbot Street,E01013366,York 013A,Other theft,Investigation complete; no suspect identified,
607c6ca95dfa89d339d431c7cbc869e7a47e296917764540369bd5bef065a722,2026-01,North Yorkshire Police,North Yorkshire Police,-1.079446,53.967163,On or near St Thomas' Place,E01013366,York 013A,Other theft,Unable to prosecute suspect,
e2e3a1622e647e7197fddc69bf90fa2ba342125ed4e41d723122c0dbef17ed33,2026-01,North Yorkshire Police,North Yorkshire Police,-1.081996,53.959662,On or near ,E01013366,York 013A,Other theft,Investigation complete; no suspect identified,
acb78b370608e2cf2fff9526c0d75c225b88204a9802a1829773136e868e7c17,2026-01,North Yorkshire Police,North Yorkshire Police,-1.087895,53.964189,On or near Bootham,E01013366,York 013A,Other theft,Investigation complete; no suspect identified,
3e65fd84bb6c6db13a8ead404813234626d96bc768c7beb38c355b66ed18ca4d,2026-01,North Yorkshire Police,North Yorkshire Police,-1.085884,53.961369,On or near St Leonards Mews,E01013366,York 013A,Other theft,Investigation complete; no suspect identified,
c1729909ca52cf6672f3d600ae301d2437de73e22afd288ac620c56d8dcccbe3,2026-01,North Yorkshire Police,North Yorkshire Police,-1.084517,53.960122,On or near ,E01013366,York 013A,Public order,Under investigation,
2bfbb28a1da225f3876f874f61d10b1d476f23451d4f9fdcb207ed781df69e61,2026-01,North Yorkshire Police,North Yorkshire Police,-1.085422,53.962948,On or near A19,E01013366,York 013A,Public order,Unable to prosecute suspect,
b7f2ee849ea0064a7ad00a4c91c01113a0048d3dbd5bf578f62d180546da34f4,2026-01,North Yorkshire Police,North Yorkshire Police,-1.081996,53.959662,On or near ,E01013366,York 013A,Public order,Unable to prosecute suspect,
7db83fd4db1ef7c20ab3e5107980be0970f5158435dc89ea1796974109d04aba,2026-01,North Yorkshire Police,North Yorkshire Police,-1.085693,53.963813,On or near Bootham Row,E01013366,York 013A,Public order,Unable to prosecute suspect,
3a90e0e202f587f8e8a4064e8b434f1e0d1b4f3573400b78a0e183b7b12f374f,2026-01,North Yorkshire Police,North Yorkshire Police,-1.081082,53.960722,On or near Low Petergate,E01013366,York 013A,Public order,Unable to prosecute suspect,
8d136012f8b0e54ee0016bdef4bbd2aaa58a19d50c05423c826c97f69e565add,2026-01,North Yorkshire Police,North Yorkshire Police,-1.082505,53.966683,On or near Clarence Street,E01013366,York 013A,Robbery,Under investigation,
6f9a9b79ad117d7acddf0aea1cc2240d6ffe5a146560178323879e49f9687e58,2026-01,North Yorkshire Police,North Yorkshire Police,-1.084041,53.964079,On or near Gillygate,E01013366,York 013A,Shoplifting,Awaiting court outcome,
9e20d5aadc289997450fe989232c06d35ccb5ebac32c4ca82d51b499f6569a21,2026-01,North Yorkshire Police,North Yorkshire Police,-1.083212,53.959782,On or near ,E01013366,York 013A,Shoplifting,Awaiting court outcome,
63807a618828bfb1b023413b5dac251a1c755be5bd6600b08f4abb3b3c99dfbf,2026-01,North Yorkshire Police,North Yorkshire Police,-1.083246,53.958528,On or near ,E01013366,York 013A,Shoplifting,Investigation complete; no suspect identified,
0f7b538060aab4ebabdaf003b3a555286fc30f4d8150d3937add156a6c2e8da4,2026-01,North Yorkshire Police,North Yorkshire Police,-1.081996,53.959662,On or near ,E01013366,York 013A,Shoplifting,Awaiting court outcome,
d5587bd5b23d0c5f1f736ae1290b7ac56b3a3d197e39eefc003ff7cc20031fdb,2026-01,North Yorkshire Police,North Yorkshire Police,-1.082827,53.961067,On or near Shopping Area,E01013366,York 013A,Shoplifting,Awaiting court outcome,
802c81b4a13979291742367fd7424579a8542ea89653de106fec90a595b878f2,2026-01,North Yorkshire Police,North Yorkshire Police,-1.081757,53.968124,On or near Supermarket,E01013366,York 013A,Shoplifting,Awaiting court outcome,
1878662d014bbd055a0ae278bad5135faf8d7ebe47bef7102f05caf5bd7b3ec5,2026-01,North Yorkshire Police,North Yorkshire Police,-1.084041,53.964079,On or near Gillygate,E01013366,York 013A,Shoplifting,Awaiting court outcome,
ab902b79840b04acc3b130585bfe67dc630d9951b1c650bdf839fd67d84803ae,2026-01,North Yorkshire Police,North Yorkshire Police,-1.084041,53.964079,On or near Gillygate,E01013366,York 013A,Shoplifting,Awaiting court outcome,
2c20938b2f40262fd33d77310e1eba60ebcf45800fded64d73eedd693a16fe62,2026-01,North Yorkshire Police,North Yorkshire Police,-1.081082,53.960722,On or near Low Petergate,E01013366,York 013A,Shoplifting,Under investigation,
5c43d4b564e7554b00ea66a99eef29e10b8c1ca371436592ff7691e6449508e5,2026-01,North Yorkshire Police,North Yorkshire Police,-1.083246,53.958528,On or near ,E01013366,York 013A,Shoplifting,Investigation complete; no suspect identified,
6a052c58c6b04fb5d02ce8ed0e726c547303677615307ce34d0d344fd4481117,2026-01,North Yorkshire Police,North Yorkshire Police,-1.084041,53.964079,On or near Gillygate,E01013366,York 013A,Shoplifting,Awaiting court outcome,
14ebce4407a06a613ba834bb41886698ea86722c019c4e0024fdc28f5afe086a,2026-01,North Yorkshire Police,North Yorkshire Police,-1.083212,53.959782,On or near ,E01013366,York 013A,Shoplifting,Investigation complete; no suspect identified,
e33abfbff62db7304fea63dc6da292a7aa1ae68ffa6a5d2cfe2e2e3b9d8b067d,2026-01,North Yorkshire Police,North Yorkshire Police,-1.082827,53.961067,On or near Shopping Area,E01013366,York 013A,Shoplifting,Investigation complete; no suspect identified,
e8f542fbc8772163abef938a8ed10c68d641a81c3b19e4aff4f38739cbf2ae57,2026-01,North Yorkshire Police,North Yorkshire Police,-1.084041,53.964079,On or near Gillygate,E01013366,York 013A,Shoplifting,Local resolution,
108e048d6f7171b91c2738981cf7cb7d1f7caadfd0589bca92659059f65cc802,2026-01,North Yorkshire Police,North Yorkshire Police,-1.081996,53.959662,On or near ,E01013366,York 013A,Shoplifting,Awaiting court outcome,
bfe544287449d63deb274d16838fa9acb50bdd6a49f7cb12320dfa474b40242f,2026-01,North Yorkshire Police,North Yorkshire Police,-1.084041,53.964079,On or near Gillygate,E01013366,York 013A,Shoplifting,Awaiting court outcome,
914910b35dd7e359820fceca7fec00ff7a439841bf094fd4ea52e19de0462e1a,2026-01,North Yorkshire Police,North Yorkshire Police,-1.083246,53.958528,On or near ,E01013366,York 013A,Shoplifting,Under investigation,
cba304dd4a8f0358081e7c26a3e6f137f0b5effcdb2abf3e69218f5a1a66e243,2026-01,North Yorkshire Police,North Yorkshire Police,-1.081757,53.968124,On or near Supermarket,E01013366,York 013A,Shoplifting,Investigation complete; no suspect identified,
f7c8db235efc0863bbf4f4e4c14e18a488b546f8a34716a3dc8f0b4feed22136,2026-01,North Yorkshire Police,North Yorkshire Police,-1.084041,53.964079,On or near Gillygate,E01013366,York 013A,Shoplifting,Awaiting court outcome,
6adb6312ef831126fa57f690402fd16c3d858ac0912ccabe034d381754988030,2026-01,North Yorkshire Police,North Yorkshire Police,-1.081996,53.959662,On or near ,E01013366,York 013A,Violence and sexual offences,Unable to prosecute suspect,
56aef7763231afbedd242796209a5bf75d2090c3865e5a442855adb2396ce1cf,2026-01,North Yorkshire Police,North Yorkshire Police,-1.081996,53.959662,On or near ,E01013366,York 013A,Violence and sexual offences,Unable to prosecute suspect,
6cff499dbea0dfbefdd944ffc2acf0d1977c949e4d633c77079c7544508744e6,2026-01,North Yorkshire Police,North Yorkshire Police,-1.085422,53.962948,On or near A19,E01013366,York 013A,Violence and sexual offences,Unable to prosecute suspect,
c2f72d44bd76a76601446fd0d673d1cb5724bc6fc571848859965b3585d1b851,2026-01,North Yorkshire Police,North Yorkshire Police,-1.081996,53.959662,On or near ,E01013366,York 013A,Violence and sexual offences,Under investigation,
519d2dd38830e1be419366da32dd694dd4ea23f88c40560a94bda6f423d8f310,2026-01,North Yorkshire Police,North Yorkshire Police,-1.085120,53.964249,On or near Bootham Square,E01013366,York 013A,Violence and sexual offences,Unable to prosecute suspect,
d14068d406829fcea7cb2feabad8ade3bab6360a847880ec4fb67b7ba62d147a,2026-01,North Yorkshire Police,North Yorkshire Police,-1.080997,53.966635,On or near Brook Street,E01013366,York 013A,Violence and sexual offences,Under investigation,
233119d1ef7e86e43b542a7229e5e55b2f7b3c2f9f2f1f7add81e04d166eb96a,2026-01,North Yorkshire Police,North Yorkshire Police,-1.084962,53.961677,On or near Theatre/Concert Hall,E01013366,York 013A,Violence and sexual offences,Under investigation,
beac781333c37fa308b911ba6c0a311dc80b69ffdf45914bbb4fe12d8e044ba8,2026-01,North Yorkshire Police,North Yorkshire Police,-1.080749,53.962669,On or near Chapter House Street,E01013366,York 013A,Violence and sexual offences,Under investigation,
c134a00e2ffc0565fdb19bd2ab0c482bfbf89b65a6c17d2ba2b2d97fc8fa1425,2026-01,North Yorkshire Police,North Yorkshire Police,-1.080997,53.966635,On or near Brook Street,E01013366,York 013A,Violence and sexual offences,Under investigation,
4d1d1269bb69d76ac9f27f93d5334ab67bdd2b7027bb576ceefb5b54a43aebe2,2026-01,North Yorkshire Police,North Yorkshire Police,-1.081082,53.960722,On or near Low Petergate,E01013366,York 013A,Violence and sexual offences,Unable to prosecute suspect,
233119d1ef7e86e43b542a7229e5e55b2f7b3c2f9f2f1f7add81e04d166eb96a,2026-01,North Yorkshire Police,North Yorkshire Police,-1.084962,53.961677,On or near Theatre/Concert Hall,E01013366,York 013A,Violence and sexual offences,Under investigation,
58b80e1192ea1e9b1b4e469518958cb405288c46d714de13af50df8c440547c1,2026-01,North Yorkshire Police,North Yorkshire Police,-1.083246,53.958528,On or near ,E01013366,York 013A,Violence and sexual offences,Under investigation,
06cfb77e4638a203e53ce32326c975481ca49733f549c5af5318452f7630528e,2026-01,North Yorkshire Police,North Yorkshire Police,-1.083246,53.958528,On or near ,E01013366,York 013A,Violence and sexual offences,Under investigation,
5228f3ef14d1ae7ca06cc9e1da9415d039bd270a5110eeca7461e20382e2846c,2026-01,North Yorkshire Police,North Yorkshire Police,-1.081996,53.959662,On or near ,E01013366,York 013A,Violence and sexual offences,Under investigation,
6bb316aa3440b352d53a4931331257a2cc2cd9cafbe057e0d64b6cc9bfa29e67,2026-01,North Yorkshire Police,North Yorkshire Police,-1.082827,53.961067,On or near Shopping Area,E01013366,York 013A,Violence and sexual offences,Under investigation,
a8186ef6c3893fab9b228cd1458858f19383e1776326f5c35dce8723adb09d0f,2026-01,North Yorkshire Police,North Yorkshire Police,-1.082827,53.961067,On or near Shopping Area,E01013366,York 013A,Violence and sexual offences,Investigation complete; no suspect identified,
b2bf757ab54e0779661348dcd522b0af383a6568e713423900dde4cc0c6089d9,2026-01,North Yorkshire Police,North Yorkshire Police,-1.084962,53.961677,On or near Theatre/Concert Hall,E01013366,York 013A,Violence and sexual offences,Unable to prosecute suspect,
7bcd940122d002de216e640189c3e5434cb3c0d88947f0e243280fc2dd5d6c12,2026-01,North Yorkshire Police,North Yorkshire Police,-1.081996,53.959662,On or near ,E01013366,York 013A,Violence and sexual offences,Under investigation,
25f53b3f061633013a7ce64cc0e632b46603510a677acc62b739fbc814db718f,2026-01,North Yorkshire Police,North Yorkshire Police,-1.085422,53.962948,On or near A19,E01013366,York 013A,Violence and sexual offences,Local resolution,
8dee8d0791d06fe2ce700de54f01a315ee71d9b6c1f39f764935c4432993f570,2026-01,North Yorkshire Police,North Yorkshire Police,-1.083087,53.957537,On or near Low Ousegate,E01013366,York 013A,Violence and sexual offences,Under investigation,
7ee982ce5696f831532695003eda3e3440ebff0b5fbc23661f3b69ba386901e5,2026-01,North Yorkshire Police,North Yorkshire Police,-1.080749,53.962669,On or near Chapter House Street,E01013366,York 013A,Violence and sexual offences,Unable to prosecute suspect,
00202ec06bb99f7a7b18cb75f0fa97ce34fd9694e3172676a2edf7fc77a66c40,2026-01,North Yorkshire Police,North Yorkshire Police,-1.081758,53.961140,On or near Grape Lane,E01013366,York 013A,Violence and sexual offences,Unable to prosecute suspect,
c2f72d44bd76a76601446fd0d673d1cb5724bc6fc571848859965b3585d1b851,2026-01,North Yorkshire Police,North Yorkshire Police,-1.081996,53.959662,On or near ,E01013366,York 013A,Violence and sexual offences,Unable to prosecute suspect,
398e01efe2212a9941ee21c09cbeb87449ab8ddfef9078effb3dbfaf9e48b0ae,2026-01,North Yorkshire Police,North Yorkshire Police,-1.081996,53.959662,On or near ,E01013366,York 013A,Violence and sexual offences,Unable to prosecute suspect,
58b80e1192ea1e9b1b4e469518958cb405288c46d714de13af50df8c440547c1,2026-01,North Yorkshire Police,North Yorkshire Police,-1.083246,53.958528,On or near ,E01013366,York 013A,Violence and sexual offences,Under investigation,
c1036b73706fbedcacde5064066103fad968f0e7dba4f362546a6bd716e663a4,2026-01,North Yorkshire Police,North Yorkshire Police,-1.083246,53.958528,On or near ,E01013366,York 013A,Violence and sexual offences,Under investigation,
f26b636b1e93c69ddfc717c25709f48ab0e7a33949b33378c53f0281a7e0a136,2026-01,North Yorkshire Police,North Yorkshire Police,-1.083726,53.965236,On or near Claremont Terrace,E01013366,York 013A,Violence and sexual offences,Investigation complete; no suspect identified,
325f5a3d57f4d6c3235229c9dfe854126dfa29fb8edec25bb32e1f32a0d95b82,2026-01,North Yorkshire Police,North Yorkshire Police,-1.084517,53.960122,On or near ,E01013366,York 013A,Violence and sexual offences,Unable to prosecute suspect,
25f53b3f061633013a7ce64cc0e632b46603510a677acc62b739fbc814db718f,2026-01,North Yorkshire Police,North Yorkshire Police,-1.085422,53.962948,On or near A19,E01013366,York 013A,Violence and sexual offences,Under investigation,
b7626205f8b75225e524fa1107a01f716042494990bdae2468caf58abfbcce3c,2026-01,North Yorkshire Police,North Yorkshire Police,-1.081757,53.968124,On or near Supermarket,E01013366,York 013A,Violence and sexual offences,Unable to prosecute suspect,
79508372f3732f5e21e5cc720226f14df7c7e4f4c1605b55466c7a1c458a9ef4,2026-01,North Yorkshire Police,North Yorkshire Police,-1.082827,53.961067,On or near Shopping Area,E01013366,York 013A,Violence and sexual offences,Unable to prosecute suspect,
beac781333c37fa308b911ba6c0a311dc80b69ffdf45914bbb4fe12d8e044ba8,2026-01,North Yorkshire Police,North Yorkshire Police,-1.080749,53.962669,On or near Chapter House Street,E01013366,York 013A,Violence and sexual offences,Under investigation,
f1ebde8a956e39e6526e62f035a31053b9a6475f2ce45c571c2b91ff6b6dbabf,2026-01,North Yorkshire Police,North Yorkshire Police,-1.081082,53.960722,On or near Low Petergate,E01013366,York 013A,Violence and sexual offences,Unable to prosecute suspect,
,2026-01,North Yorkshire Police,North Yorkshire Police,-1.075255,53.965027,On or near George Court,E01013369,York 013C,Anti-social behaviour,,
,2026-01,North Yorkshire Police,North Yorkshire Police,-1.078856,53.960714,On or near St Andrewgate,E01013369,York 013C,Anti-social behaviour,,
,2026-01,North Yorkshire Police,North Yorkshire Police,-1.077169,53.961914,On or near Conference/Exhibition Centre,E01013369,York 013C,Anti-social behaviour,,
,2026-01,North Yorkshire Police,North Yorkshire Police,-1.075255,53.965027,On or near George Court,E01013369,York 013C,Anti-social behaviour,,
,2026-01,North Yorkshire Police,North Yorkshire Police,-1.074713,53.965454,On or near Park Crescent,E01013369,York 013C,Anti-social behaviour,,
,2026-01,North Yorkshire Police,North Yorkshire Police,-1.078216,53.962102,On or near Margaret Philipson Court,E01013369,York 013C,Anti-social behaviour,,
,2026-01,North Yorkshire Police,North Yorkshire Police,-1.078856,53.960714,On or near St Andrewgate,E01013369,York 013C,Anti-social behaviour,,
8eaca0f9a59558857a1d211c05611a7f2d2ca1bf45cba1b24c00034c0d96f98f,2026-01,North Yorkshire Police,North Yorkshire Police,-1.077488,53.961242,On or near Aldwark,E01013369,York 013C,Bicycle theft,Investigation complete; no suspect identified,
3544e86faa4edf424291bf97f0c204dc8f43716c2c0a3e787d2ef89773aa5484,2026-01,North Yorkshire Police,North Yorkshire Police,-1.076680,53.962638,On or near Cloister Walk,E01013369,York 013C,Drugs,Under investigation,
8aa514e7714b72f446080e21a14187af6b6fb9f4771eec3c8e9dc5e1348eb650,2026-01,North Yorkshire Police,North Yorkshire Police,-1.075297,53.965926,On or near Bowling Green Lane,E01013369,York 013C,Other theft,Unable to prosecute suspect,
ddc2be1f8e077bcea999ebefbd2aa869ba03e20930ba921e4d97c2ff67741916,2026-01,North Yorkshire Police,North Yorkshire Police,-1.078996,53.961290,On or near Bartle Garth,E01013369,York 013C,Shoplifting,Investigation complete; no suspect identified,
a54a4e972acd92b619fd2530023c11cbb312a0cca1f3fb890ec4cf19ab8cb58a,2026-01,North Yorkshire Police,North Yorkshire Police,-1.078996,53.961290,On or near Bartle Garth,E01013369,York 013C,Shoplifting,Awaiting court outcome,
5de692bcb3cf818262c042395ccc896bba9fe62d1a3c5c48da4c394b2f563b2c,2026-01,North Yorkshire Police,North Yorkshire Police,-1.078902,53.962781,On or near Monk Bar Court,E01013369,York 013C,Shoplifting,Under investigation,
1183d04e73f11865b8b8e33d7e35c7e142befdc1b8feaf60c49702b287782517,2026-01,North Yorkshire Police,North Yorkshire Police,-1.078902,53.962781,On or near Monk Bar Court,E01013369,York 013C,Violence and sexual offences,Under investigation,
8417c9d0ee570d0661cd23b6410988bbf8cf5cf516186bbd22baf609959757f3,2026-01,North Yorkshire Police,North Yorkshire Police,-1.079364,53.962560,On or near Ogleforth,E01013369,York 013C,Violence and sexual offences,Under investigation,
cc5c0960a80d2cd9e3614cd3498e1e75116ce36b33db4e0c96cfb56ed45f62f0,2026-01,North Yorkshire Police,North Yorkshire Police,-1.077782,53.966575,On or near March Street,E01013369,York 013C,Violence and sexual offences,Unable to prosecute suspect,
b64cd451feaa3e14afe21765b6ae6e32e88ab3d1320806a86cc84a83e42d1530,2026-01,North Yorkshire Police,North Yorkshire Police,-1.079364,53.962560,On or near Ogleforth,E01013369,York 013C,Violence and sexual offences,Under investigation,
00d07779ca67e8fb4b484d80bc929d15dae4d8dcacf7db6975889f2517072005,2026-01,North Yorkshire Police,North Yorkshire Police,-1.077782,53.966575,On or near March Street,E01013369,York 013C,Violence and sexual offences,Unable to prosecute suspect,
9943e160312d401e3440f73f5ee697ad3f9692e2b04070db3f7b59dfa79fcf07,2026-01,North Yorkshire Police,North Yorkshire Police,-1.074713,53.965454,On or near Park Crescent,E01013369,York 013C,Violence and sexual offences,Unable to prosecute suspect,
,2026-01,North Yorkshire Police,North Yorkshire Police,-1.092428,53.954804,On or near Blossom Street,E01013416,York 013E,Anti-social behaviour,,
,2026-01,North Yorkshire Police,North Yorkshire Police,-1.092428,53.954804,On or near Blossom Street,E01013416,York 013E,Anti-social behaviour,,
,2026-01,North Yorkshire Police,North Yorkshire Police,-1.092378,53.954264,On or near South Parade,E01013416,York 013E,Anti-social behaviour,,
,2026-01,North Yorkshire Police,North Yorkshire Police,-1.092428,53.954804,On or near Blossom Street,E01013416,York 013E,Anti-social behaviour,,
,2026-01,North Yorkshire Police,North Yorkshire Police,-1.093194,53.954621,On or near Conference/Exhibition Centre,E01013416,York 013E,Anti-social behaviour,,
,2026-01,North Yorkshire Police,North Yorkshire Police,-1.090173,53.951281,On or near Scarcroft Road,E01013416,York 013E,Anti-social behaviour,,
,2026-01,North Yorkshire Police,North Yorkshire Police,-1.092428,53.954804,On or near Blossom Street,E01013416,York 013E,Anti-social behaviour,,
,2026-01,North Yorkshire Police,North Yorkshire Police,-1.093194,53.954621,On or near Conference/Exhibition Centre,E01013416,York 013E,Anti-social behaviour,,
,2026-01,North Yorkshire Police,North Yorkshire Police,-1.093194,53.954621,On or near Conference/Exhibition Centre,E01013416,York 013E,Anti-social behaviour,,
,2026-01,North Yorkshire Police,North Yorkshire Police,-1.093194,53.954621,On or near Conference/Exhibition Centre,E01013416,York 013E,Anti-social behaviour,,
,2026-01,North Yorkshire Police,North Yorkshire Police,-1.088313,53.951995,On or near Nunthorpe Road,E01013416,York 013E,Anti-social behaviour,,
,2026-01,North Yorkshire Police,North Yorkshire Police,-1.093194,53.954621,On or near Conference/Exhibition Centre,E01013416,York 013E,Anti-social behaviour,,
,2026-01,North Yorkshire Police,North Yorkshire Police,-1.087195,53.953677,On or near St Benidict Road,E01013416,York 013E,Anti-social behaviour,,
,2026-01,North Yorkshire Police,North Yorkshire Police,-1.093194,53.954621,On or near Conference/Exhibition Centre,E01013416,York 013E,Anti-social behaviour,,
,2026-01,North Yorkshire Police,North Yorkshire Police,-1.093194,53.954621,On or near Conference/Exhibition Centre,E01013416,York 013E,Anti-social behaviour,,
,2026-01,North Yorkshire Police,North Yorkshire Police,-1.093194,53.954621,On or near Conference/Exhibition Centre,E01013416,York 013E,Anti-social behaviour,,
,2026-01,North Yorkshire Police,North Yorkshire Police,-1.093194,53.954621,On or near Conference/Exhibition Centre,E01013416,York 013E,Anti-social behaviour,,
,2026-01,North Yorkshire Police,North Yorkshire Police,-1.093194,53.954621,On or near Conference/Exhibition Centre,E01013416,York 013E,Anti-social behaviour,,
,2026-01,North Yorkshire Police,North Yorkshire Police,-1.093194,53.954621,On or near Conference/Exhibition Centre,E01013416,York 013E,Anti-social behaviour,,
b500dd783d5ace307b5f3e221417819a35ed8832bf25809f57cae090dca411ea,2026-01,North Yorkshire Police,North Yorkshire Police,-1.092428,53.954804,On or near Blossom Street,E01013416,York 013E,Criminal damage and arson,Investigation complete; no suspect identified,
f39b3ae0ac4ecbd477b774dfe5c8bf1c2e5053add88842a3d3cd7637f1172e37,2026-01,North Yorkshire Police,North Yorkshire Police,-1.093194,53.954621,On or near Conference/Exhibition Centre,E01013416,York 013E,Criminal damage and arson,Unable to prosecute suspect,
fddd3874ae0392872dc5c37c59d4f26293aab64257788f34d4cdce76e33ffee8,2026-01,North Yorkshire Police,North Yorkshire Police,-1.088374,53.952733,On or near Cygnet Street,E01013416,York 013E,Drugs,Under investigation,
729581141994eaa39a99bf6d68249ce948448acaf7ea6fc9e54358fcb2cca430,2026-01,North Yorkshire Police,North Yorkshire Police,-1.090765,53.953497,On or near Caesar Court,E01013416,York 013E,Drugs,Investigation complete; no suspect identified,
6ed36ee01bc2a978281eb5d3d9102c609235f29742e996562e9d2507ca8f8d5b,2026-01,North Yorkshire Police,North Yorkshire Police,-1.097014,53.954128,On or near Cambridge Street,E01013416,York 013E,Other theft,Unable to prosecute suspect,
b5e9fc2b92c53a2bb35fa6dfab713106da84faaaa6c22ff01020a6b3eb8c79f2,2026-01,North Yorkshire Police,North Yorkshire Police,-1.089634,53.955025,On or near Parking Area,E01013416,York 013E,Other theft,Investigation complete; no suspect identified,
7a6ec45fd544dadf6f9d220baa1a5453d3c4e7c370023c99dad7094533d304a0,2026-01,North Yorkshire Police,North Yorkshire Police,-1.088313,53.951995,On or near Nunthorpe Road,E01013416,York 013E,Shoplifting,Investigation complete; no suspect identified,
7ab9e10dab6a8d78ed08b65474328ef83a407c053cacfafc7b4863195b4d0a48,2026-01,North Yorkshire Police,North Yorkshire Police,-1.088374,53.952733,On or near Cygnet Street,E01013416,York 013E,Violence and sexual offences,Unable to prosecute suspect,
e25b0f16d554860ba3e0521fb24d0e02cbd7c58d99641e5ce66456ca4545446c,2026-01,North Yorkshire Police,North Yorkshire Police,-1.095692,53.954685,On or near Lowther Terrace,E01013416,York 013E,Violence and sexual offences,Under investigation,
91c00214f7356518366dac8791ab3a335e8c4658d4e883b40249d2db6a6255bb,2026-01,North Yorkshire Police,North Yorkshire Police,-1.092335,53.956259,On or near Queen Street,E01013416,York 013E,Violence and sexual offences,Under investigation,
9a1b74927f5c564e3668ce479e9e7d41dedc9de10900ab6d1558bbdb231b17f1,2026-01,North Yorkshire Police,North Yorkshire Police,-1.089634,53.955025,On or near Parking Area,E01013416,York 013E,Violence and sexual offences,Under investigation,
cba7a73c8ae462ede0887d74c57937da4327f5f167b04abb0bb7591d196fa2c4,2026-01,North Yorkshire Police,North Yorkshire Police,-1.089634,53.955025,On or near Parking Area,E01013416,York 013E,Violence and sexual offences,Under investigation,
ca2c1d046d4a6805533d7f3aa20b239f0b94831cd1554e1d00e276a24c8182bd,2026-01,North Yorkshire Police,North Yorkshire Police,-1.097014,53.954128,On or near Cambridge Street,E01013416,York 013E,Violence and sexual offences,Unable to prosecute suspect,
c5e746fb3eada3a7b7d430e7d2c1f092c0b45bce03d9c9645e3efdb50a8aba10,2026-01,North Yorkshire Police,North Yorkshire Police,-1.086550,53.951793,On or near Alcelina Court,E01013416,York 013E,Violence and sexual offences,Unable to prosecute suspect,
a1162f9f23a4f3fbe47871640d888f5c96bde16108dfab08080c275d18fbf0bf,2026-01,North Yorkshire Police,North Yorkshire Police,-1.086550,53.951793,On or near Alcelina Court,E01013416,York 013E,Violence and sexual offences,Under investigation,
6fbef80e1507f2ee33dc3e50c40afdc755e7e885a980550689952ae6aeb8035a,2026-01,North Yorkshire Police,North Yorkshire Police,-1.085002,53.952204,On or near Clement Street,E01013416,York 013E,Violence and sexual offences,Investigation complete; no suspect identified,
,2026-01,North Yorkshire Police,North Yorkshire Police,-1.079183,53.959053,On or near Whip-Ma-Whop-Ma-Gate,E01033067,York 013F,Anti-social behaviour,,
,2026-01,North Yorkshire Police,North Yorkshire Police,-1.068879,53.958399,On or near Supermarket,E01033067,York 013F,Anti-social behaviour,,
,2026-01,North Yorkshire Police,North Yorkshire Police,-1.073538,53.954489,On or near Long Close Lane,E01033067,York 013F,Anti-social behaviour,,
,2026-01,North Yorkshire Police,North Yorkshire Police,-1.068879,53.958399,On or near Supermarket,E01033067,York 013F,Anti-social behaviour,,
,2026-01,North Yorkshire Police,North Yorkshire Police,-1.069846,53.956725,On or near Supermarket,E01033067,York 013F,Anti-social behaviour,,
,2026-01,North Yorkshire Police,North Yorkshire Police,-1.074092,53.959068,On or near Palmer Street,E01033067,York 013F,Anti-social behaviour,,
f487f99995d3cde51a6f918e8467c3afea648dca9bb41175438f02b6a950aa51,2026-01,North Yorkshire Police,North Yorkshire Police,-1.073084,53.959851,On or near Park/Open Space,E01033067,York 013F,Bicycle theft,Investigation complete; no suspect identified,
abe229ba0c3253f7202b6e853b9f1d19036680f010885c5e18cda511ec54e0c1,2026-01,North Yorkshire Police,North Yorkshire Police,-1.068398,53.956067,On or near Elvington Terrace,E01033067,York 013F,Bicycle theft,Investigation complete; no suspect identified,
606095a680a81cab24efb03e93b7f8cddf3a6ba8c1da4755958c87dd3c1e04b7,2026-01,North Yorkshire Police,North Yorkshire Police,-1.075240,53.954390,On or near ,E01033067,York 013F,Burglary,Investigation complete; no suspect identified,
2d050318d62243a820d61e15a397510306683f6f98ac108a9daf85f0f9d32dc9,2026-01,North Yorkshire Police,North Yorkshire Police,-1.068788,53.954973,On or near Leake Street,E01033067,York 013F,Burglary,Awaiting court outcome,
cded57fc6932509bf29aa7ba811cc65f6839b3af41cafe1eb4d911dbbaaed70e,2026-01,North Yorkshire Police,North Yorkshire Police,-1.072431,53.955400,On or near ,E01033067,York 013F,Other theft,Unable to prosecute suspect,
f51568df8f8e859d3b60a4801e2c6f33af9ea9f02a1469d364aae2ac911802b2,2026-01,North Yorkshire Police,North Yorkshire Police,-1.075123,53.960694,On or near Peasholme Green,E01033067,York 013F,Possession of weapons,Awaiting court outcome,
6a641b0bcca159704f9c53fddc7083b1f9f58658c8b1197e937dc4a793c6fcf4,2026-01,North Yorkshire Police,North Yorkshire Police,-1.072414,53.957761,On or near Rosemary Place,E01033067,York 013F,Possession of weapons,Unable to prosecute suspect,
a0a1a1b51e6fd41656f9cf25f99ce79d75cfcfa70155c23be7b8392f3faa80ac,2026-01,North Yorkshire Police,North Yorkshire Police,-1.079183,53.959053,On or near Whip-Ma-Whop-Ma-Gate,E01033067,York 013F,Public order,Unable to prosecute suspect,
019765f808da395190535861fb4e9d6a32a30f17ed3131ee4085d9629ed7f03b,2026-01,North Yorkshire Police,North Yorkshire Police,-1.068879,53.958399,On or near Supermarket,E01033067,York 013F,Shoplifting,Under investigation,
6931582e2fa9487ad496c58ea94474851cc7b9209e23f19ac26bf296166f6292,2026-01,North Yorkshire Police,North Yorkshire Police,-1.068879,53.958399,On or near Supermarket,E01033067,York 013F,Shoplifting,Investigation complete; no suspect identified,
8407dbbbec84acf1446592b22e4ddde39bbdbe34ef3857a978f557bf37ac3020,2026-01,North Yorkshire Police,North Yorkshire Police,-1.068879,53.958399,On or near Supermarket,E01033067,York 013F,Shoplifting,Investigation complete; no suspect identified,
f6df121f15dc91876cfd224dfdfb3fb282d4c5786259198975d9a5b1c45539cb,2026-01,North Yorkshire Police,North Yorkshire Police,-1.068879,53.958399,On or near Supermarket,E01033067,York 013F,Shoplifting,Under investigation,
069e1be931d065447a2fd79fbaab277b404e5269135b47a0788d64ab2d417afe,2026-01,North Yorkshire Police,North Yorkshire Police,-1.071873,53.956741,On or near St Margaret'S Terrace,E01033067,York 013F,Vehicle crime,Investigation complete; no suspect identified,
a4935962cfcca6b9757881a95dc1667588a80ee68c40ba4f80c40d49cf1568f0,2026-01,North Yorkshire Police,North Yorkshire Police,-1.073882,53.955489,On or near Albert Street,E01033067,York 013F,Violence and sexual offences,Unable to prosecute suspect,
863a0a6eb4c07a5ebbfb3c28f851e7ab50cef316fab501cecc4b40500bb6744a,2026-01,North Yorkshire Police,North Yorkshire Police,-1.072414,53.957761,On or near Rosemary Place,E01033067,York 013F,Violence and sexual offences,Unable to prosecute suspect,
fad6e576c09ec6233703d6fcddc1bced9fd3230bd1c07ee97e422654d1b19a31,2026-01,North Yorkshire Police,North Yorkshire Police,-1.073084,53.959851,On or near Park/Open Space,E01033067,York 013F,Violence and sexual offences,Under investigation,
5db0e0a5f668509bdd093e48b9e6525374e742074e077db160c85fb0dbe2c830,2026-01,North Yorkshire Police,North Yorkshire Police,-1.067162,53.956120,On or near Charlotte Street,E01033067,York 013F,Violence and sexual offences,Under investigation,
230680f0c6620fde90dd42ad7034883db85c6597c27d5fd88f862eb19864d12f,2026-01,North Yorkshire Police,North Yorkshire Police,-1.071167,53.958317,On or near Foss Islands Road,E01033067,York 013F,Violence and sexual offences,Under investigation,
,2026-01,North Yorkshire Police,North Yorkshire Police,-1.090996,53.956150,On or near Bar Lane,E01033068,York 013G,Anti-social behaviour,,
,2026-01,North Yorkshire Police,North Yorkshire Police,-1.091223,53.960430,On or near Parking Area,E01033068,York 013G,Anti-social behaviour,,
,2026-01,North Yorkshire Police,North Yorkshire Police,-1.087409,53.957831,On or near Parking Area,E01033068,York 013G,Anti-social behaviour,,
,2026-01,North Yorkshire Police,North Yorkshire Police,-1.087626,53.959055,On or near Parking Area,E01033068,York 013G,Anti-social behaviour,,
,2026-01,North Yorkshire Police,North Yorkshire Police,-1.084983,53.957273,On or near Bridge Street,E01033068,York 013G,Anti-social behaviour,,
,2026-01,North Yorkshire Police,North Yorkshire Police,-1.085481,53.958167,On or near North Street,E01033068,York 013G,Anti-social behaviour,,
,2026-01,North Yorkshire Police,North Yorkshire Police,-1.087694,53.958732,On or near Rougier Street,E01033068,York 013G,Anti-social behaviour,,
,2026-01,North Yorkshire Police,North Yorkshire Police,-1.084983,53.957273,On or near Bridge Street,E01033068,York 013G,Anti-social behaviour,,
,2026-01,North Yorkshire Police,North Yorkshire Police,-1.090996,53.956150,On or near Bar Lane,E01033068,York 013G,Anti-social behaviour,,
,2026-01,North Yorkshire Police,North Yorkshire Police,-1.090996,53.956150,On or near Bar Lane,E01033068,York 013G,Anti-social behaviour,,
,2026-01,North Yorkshire Police,North Yorkshire Police,-1.087626,53.959055,On or near Parking Area,E01033068,York 013G,Anti-social behaviour,,
,2026-01,North Yorkshire Police,North Yorkshire Police,-1.086785,53.957808,On or near George Hudson Street,E01033068,York 013G,Anti-social behaviour,,
,2026-01,North Yorkshire Police,North Yorkshire Police,-1.090996,53.956150,On or near Bar Lane,E01033068,York 013G,Anti-social behaviour,,
e3bbeae850c5e143015eacee17ad24ccdaf8ce875d7447d3ba6334520bad8a56,2026-01,North Yorkshire Police,North Yorkshire Police,-1.091289,53.956692,On or near Nightclub,E01033068,York 013G,Bicycle theft,Investigation complete; no suspect identified,
35d39ba817bc899e42ea9acde1b9930b244a2058b13d6235c300ea5a6af04d77,2026-01,North Yorkshire Police,North Yorkshire Police,-1.087626,53.959055,On or near Parking Area,E01033068,York 013G,Bicycle theft,Under investigation,
495c39f0a107828dcd0c6ac3199104cde0586e35904511109de9fde80cc283bf,2026-01,North Yorkshire Police,North Yorkshire Police,-1.084983,53.957273,On or near Bridge Street,E01033068,York 013G,Bicycle theft,Investigation complete; no suspect identified,
987cba80694714f5882a32f1277f13e5ad4c4b3e622260f52b1e65cdf53c99dd,2026-01,North Yorkshire Police,North Yorkshire Police,-1.087694,53.958732,On or near Rougier Street,E01033068,York 013G,Burglary,Under investigation,
a37166347810d59be68864fcad504944182e81390085d5d5fec413f561e60ed7,2026-01,North Yorkshire Police,North Yorkshire Police,-1.091289,53.956692,On or near Nightclub,E01033068,York 013G,Burglary,Investigation complete; no suspect identified,
5264204629957fdf389dac4e2acfc3c19af057c9dcd55c6e2e023d2229883bc1,2026-01,North Yorkshire Police,North Yorkshire Police,-1.084983,53.957273,On or near Bridge Street,E01033068,York 013G,Burglary,Unable to prosecute suspect,
8e150231b6b6f4f6dde3ee21aa6945094814cff992bfc32a13471f2ab954e940,2026-01,North Yorkshire Police,North Yorkshire Police,-1.084983,53.957273,On or near Bridge Street,E01033068,York 013G,Burglary,Under investigation,
4707d1a5391989775c306445dc689fb9874bcb48ca8699f118e2b2dee13ccc6f,2026-01,North Yorkshire Police,North Yorkshire Police,-1.084983,53.957273,On or near Bridge Street,E01033068,York 013G,Burglary,Under investigation,
1f13f9f0ce8b570ef841346253dd193b486ce0b7d987a410e828ec923ea291ff,2026-01,North Yorkshire Police,North Yorkshire Police,-1.084983,53.957273,On or near Bridge Street,E01033068,York 013G,Burglary,Unable to prosecute suspect,
bfb9f922bf27aaa7fefab0a5f2f06715126c05dbe2b3db4b5a12a1b35fe923bc,2026-01,North Yorkshire Police,North Yorkshire Police,-1.084983,53.957273,On or near Bridge Street,E01033068,York 013G,Burglary,Investigation complete; no suspect identified,
9e34ca2c0c0a5eccd6d54e2142d9797e74c4a891f7cae0bcb19f683bbc16843e,2026-01,North Yorkshire Police,North Yorkshire Police,-1.087066,53.958880,On or near Tanner Street,E01033068,York 013G,Criminal damage and arson,Investigation complete; no suspect identified,
eb4f540fde96aa7d377f5df0dfc1ee0a290c0c7aa8668144a334b491ab90b7a2,2026-01,North Yorkshire Police,North Yorkshire Police,-1.089426,53.957585,On or near Bus/Coach Station,E01033068,York 013G,Criminal damage and arson,Unable to prosecute suspect,
a415d089657d8f580584a35f58c726bea3b8dfe22674393eb645791d9f3ee44c,2026-01,North Yorkshire Police,North Yorkshire Police,-1.085481,53.958167,On or near North Street,E01033068,York 013G,Drugs,Local resolution,
042ac2a29ffdd9b3e96e5f9b4cd068c0295697349cdbaba278336679c7ae7649,2026-01,North Yorkshire Police,North Yorkshire Police,-1.089263,53.957377,On or near Barker Lane,E01033068,York 013G,Other theft,Under investigation,
cdaf1d8019230086f503ee3ed2dd3057320c84bcfedace136eab438f28bcd1aa,2026-01,North Yorkshire Police,North Yorkshire Police,-1.084983,53.957273,On or near Bridge Street,E01033068,York 013G,Other theft,Unable to prosecute suspect,
9c74f6433398a4a3bccf260b9a8902cc0b5a19fbdeccff4939ae5d86dfd71bfb,2026-01,North Yorkshire Police,North Yorkshire Police,-1.092228,53.958398,On or near Parking Area,E01033068,York 013G,Other theft,Investigation complete; no suspect identified,
9f1260802843315f5dc6073daab47e9a3a0a130ea8d53caec6bed0d9a763ed3e,2026-01,North Yorkshire Police,North Yorkshire Police,-1.091223,53.960430,On or near Parking Area,E01033068,York 013G,Other theft,Investigation complete; no suspect identified,
1a6c5ab5a6fc1730be5866afc6f0786a853a749e6e64f50aab2c34b8e2750759,2026-01,North Yorkshire Police,North Yorkshire Police,-1.089552,53.958791,On or near Station Road,E01033068,York 013G,Other theft,Investigation complete; no suspect identified,
d91d5d77315c35f19da55061a0d1d4904f41a659fdfb28e014668963614d0eec,2026-01,North Yorkshire Police,North Yorkshire Police,-1.089426,53.957585,On or near Bus/Coach Station,E01033068,York 013G,Public order,Under investigation,
c562d3bda37138c9b8dd772e7f14fd992e65ca7db073b2aebd920a7e31f4f5e2,2026-01,North Yorkshire Police,North Yorkshire Police,-1.084983,53.957273,On or near Bridge Street,E01033068,York 013G,Robbery,Unable to prosecute suspect,
ebc7c0d80d9922fd64e5a2e8daa3f03df041408b29142d1529ae794ab5c7a961,2026-01,North Yorkshire Police,North Yorkshire Police,-1.084983,53.957273,On or near Bridge Street,E01033068,York 013G,Shoplifting,Awaiting court outcome,
51927a4a2d83256756c0f17bb62d4ec0a06f26e6139e753fc76b42ba837ae832,2026-01,North Yorkshire Police,North Yorkshire Police,-1.084983,53.957273,On or near Bridge Street,E01033068,York 013G,Shoplifting,Awaiting court outcome,
dca1e54a745556a58cd2ea4aa8625b3eee2ad7c1741457f71979ceeab8e2723c,2026-01,North Yorkshire Police,North Yorkshire Police,-1.088164,53.958160,On or near Tanner Row,E01033068,York 013G,Violence and sexual offences,Unable to prosecute suspect,
22f5bfc545c686fe1075210e9f55619cee8d9328d6417dadcdcf1cdf48d85e6a,2026-01,North Yorkshire Police,North Yorkshire Police,-1.092228,53.958398,On or near Parking Area,E01033068,York 013G,Violence and sexual offences,Unable to prosecute suspect,
63118e2c061ffba01e0330e595683b12e72471e5f283492e8d4c27d91399033a,2026-01,North Yorkshire Police,North Yorkshire Police,-1.091223,53.960430,On or near Parking Area,E01033068,York 013G,Violence and sexual offences,Unable to prosecute suspect,
89b6650116b1e2a0baf0b71d91e0fb8bf9f0cd96fa8e1561fc4111e0340f2a52,2026-01,North Yorkshire Police,North Yorkshire Police,-1.091223,53.960430,On or near Parking Area,E01033068,York 013G,Violence and sexual offences,Under investigation,
429fdd6b2465e61ef822cfca8f98b93aea21ea655af09115ef7a9935e3613c88,2026-01,North Yorkshire Police,North Yorkshire Police,-1.086732,53.958796,On or near Nightclub,E01033068,York 013G,Violence and sexual offences,Investigation complete; no suspect identified,
c0e85e7fc39c7fbfd455bf89b08a824bd876d4aacd07e7e9f564444bf55ea753,2026-01,North Yorkshire Police,North Yorkshire Police,-1.086785,53.957808,On or near George Hudson Street,E01033068,York 013G,Violence and sexual offences,Under investigation,
8a7c0344dbb4a1dbbe541f7224af3d1e5024f76afb5bb4c9aceec524b2bc2b4b,2026-01,North Yorkshire Police,North Yorkshire Police,-1.091223,53.960430,On or near Parking Area,E01033068,York 013G,Violence and sexual offences,Unable to prosecute suspect,
2763aca2f732a969721af855f66b067a47361b6f8c2e8a59e9fa892a6de7c103,2026-01,North Yorkshire Police,North Yorkshire Police,-1.091223,53.960430,On or near Parking Area,E01033068,York 013G,Violence and sexual offences,Under investigation,
85ee42c7115c9aa12d4a2f23931082ab0ac876c50df423e5baae2b8012f0cb40,2026-01,North Yorkshire Police,North Yorkshire Police,-1.091223,53.960430,On or near Parking Area,E01033068,York 013G,Violence and sexual offences,Under investigation,
3e5ad0911f1363abb4c1a0047671cf28435a6a9e3dabfb1bb0cd81a2d5dfdd84,2026-01,North Yorkshire Police,North Yorkshire Police,-1.092228,53.958398,On or near Parking Area,E01033068,York 013G,Violence and sexual offences,Unable to prosecute suspect,
f9152d6b2bb1363d5029926b8ebac63cc5ddebb9e66cd029a1ac7d36973fe630,2026-01,North Yorkshire Police,North Yorkshire Police,-1.091223,53.960430,On or near Parking Area,E01033068,York 013G,Violence and sexual offences,Under investigation,
2a5bc75799c1ead76591d3eddd5edde1131876d0368a0eacc9cbbbcd6a98795a,2026-01,North Yorkshire Police,North Yorkshire Police,-1.090230,53.959155,On or near Station Avenue,E01033068,York 013G,Violence and sexual offences,Under investigation,
d2d43ab313b1216ad15c5488da97070ca6d197e40c2e8f23d502ab6e4723ec08,2026-01,North Yorkshire Police,North Yorkshire Police,-1.087626,53.959055,On or near Parking Area,E01033068,York 013G,Violence and sexual offences,Under investigation,
1b8dccf2d9298ba46efcc9a2e9c06aa03627814dd8caf30e5e62d0471a1dd73a,2026-01,North Yorkshire Police,North Yorkshire Police,-1.087694,53.958732,On or near Rougier Street,E01033068,York 013G,Violence and sexual offences,Under investigation,
3403c93ae363ca5ef2e15a58527ed21951b61f1c2f010f249f26ef7f51341c05,2026-01,North Yorkshire Police,North Yorkshire Police,-1.093125,53.957775,On or near York,E01033068,York 013G,Violence and sexual offences,Under investigation,
a8337073f646386c0fe3ec4707e258ac30e4be12e2170dde73cfd1953468b598,2026-01,North Yorkshire Police,North Yorkshire Police,-1.089263,53.957377,On or near Barker Lane,E01033068,York 013G,Violence and sexual offences,Under investigation,
572484ea5a07190c0df695668fb02c5b59d94e51f74ddf449c43af882fa8db4f,2026-01,North Yorkshire Police,North Yorkshire Police,-1.087694,53.958732,On or near Rougier Street,E01033068,York 013G,Violence and sexual offences,Investigation complete; no suspect identified,
99906f7a1597e387a3b90604e075ff7c90783bd82123d968a66d0dcbf69d2746,2026-01,North Yorkshire Police,North Yorkshire Police,-1.086785,53.957808,On or near George Hudson Street,E01033068,York 013G,Violence and sexual offences,Unable to prosecute suspect,
0cd9ba3c3e8fdbad8a844640dbac12d3a69b22df334cbb1be334d3efde4c76f7,2026-01,North Yorkshire Police,North Yorkshire Police,-1.084983,53.957273,On or near Bridge Street,E01033068,York 013G,Violence and sexual offences,Unable to prosecute suspect,
91561f1e2d7156e90ab5271992a8fe7b3b66476bd87e21549d0a6d105e12e6f3,2026-01,North Yorkshire Police,North Yorkshire Police,-1.087626,53.959055,On or near Parking Area,E01033068,York 013G,Violence and sexual offences,Under investigation,
2c221311701d9b3efe192f714b752070d0b4174c109048b5df2f9d7f543016ce,2026-01,North Yorkshire Police,North Yorkshire Police,-1.087626,53.959055,On or near Parking Area,E01033068,York 013G,Violence and sexual offences,Under investigation,
157e1eff78585dbb7c62be66c318a30428e7e1e138358887015d786055e24385,2026-01,North Yorkshire Police,North Yorkshire Police,-1.091223,53.960430,On or near Parking Area,E01033068,York 013G,Violence and sexual offences,Unable to prosecute suspect,
5923aaf4c52c8f645d89000d0eb537f0f44be9db358cbd34fcda17569cef0153,2026-01,North Yorkshire Police,North Yorkshire Police,-1.087409,53.957831,On or near Parking Area,E01033068,York 013G,Violence and sexual offences,Under investigation,
9800698bf838de672496dd746d2e8d96d4c9dbac7fc167a47a949190868d1424,2026-01,North Yorkshire Police,North Yorkshire Police,-1.091223,53.960430,On or near Parking Area,E01033068,York 013G,Violence and sexual offences,Unable to prosecute suspect,
736b5d607931e39f872a720e38f40360d3bbde6f16e7444e5301c51d599a4ba2,2026-01,North Yorkshire Police,North Yorkshire Police,-1.087409,53.957831,On or near Parking Area,E01033068,York 013G,Violence and sexual offences,Unable to prosecute suspect,
aa8cba724f54859a70e62784a5aeb44a3de8ac9e73019f0a9cd04df7d57ff8d2,2026-01,North Yorkshire Police,North Yorkshire Police,-1.091223,53.960430,On or near Parking Area,E01033068,York 013G,Violence and sexual offences,Action to be taken by another organisation,
c7b2c506b7f1aa4e5cd203518b16bf0c29d8e279a16dc6c59da199706b8e1bee,2026-01,North Yorkshire Police,North Yorkshire Police,-1.084983,53.957273,On or near Bridge Street,E01033068,York 013G,Violence and sexual offences,Under investigation,
0d6fe2bd93eba8edb69842e1f4e602adc73631bc30bdea3877c2f89f1aff2f88,2026-01,North Yorkshire Police,North Yorkshire Police,-1.088164,53.958160,On or near Tanner Row,E01033068,York 013G,Violence and sexual offences,Under investigation,
a2045c94ed850dffde510daffce719ab64f8aef386d7fad6586cc665745f28ac,2026-01,North Yorkshire Police,North Yorkshire Police,-1.089426,53.957585,On or near Bus/Coach Station,E01033068,York 013G,Violence and sexual offences,Unable to prosecute suspect,
1b8dccf2d9298ba46efcc9a2e9c06aa03627814dd8caf30e5e62d0471a1dd73a,2026-01,North Yorkshire Police,North Yorkshire Police,-1.087694,53.958732,On or near Rougier Street,E01033068,York 013G,Violence and sexual offences,Unable to prosecute suspect,
,2026-01,North Yorkshire Police,North Yorkshire Police,-1.083485,53.955365,On or near Skeldergate,E01033069,York 013H,Anti-social behaviour,,
37ca9a2fe87f1e6aa3d4a9d2bbedd717f2ccdb6ee4426b344c46366eab66c7af,2026-01,North Yorkshire Police,North Yorkshire Police,-1.087880,53.956495,On or near Trinity Lane,E01033069,York 013H,Criminal damage and arson,Unable to prosecute suspect,
81ce238e93c4ca0965e367a81f57d79bc3984268fa8555685b6e9a26d39f65df,2026-01,North Yorkshire Police,North Yorkshire Police,-1.087880,53.956495,On or near Trinity Lane,E01033069,York 013H,Possession of weapons,Awaiting court outcome,
82912daafafeeae2806128e52bfc8122571590a24857f038953ea3d8d8a6e58e,2026-01,North Yorkshire Police,North Yorkshire Police,-1.087157,53.956813,On or near St Martin'S Lane,E01033069,York 013H,Violence and sexual offences,Under investigation,
,2026-01,North Yorkshire Police,North Yorkshire Police,-1.080451,53.958919,On or near Shopping Area,E01033070,York 013I,Anti-social behaviour,,
,2026-01,North Yorkshire Police,North Yorkshire Police,-1.081430,53.958064,On or near High Ousegate,E01033070,York 013I,Anti-social behaviour,,
,2026-01,North Yorkshire Police,North Yorkshire Police,-1.079324,53.957819,On or near ,E01033070,York 013I,Anti-social behaviour,,
,2026-01,North Yorkshire Police,North Yorkshire Police,-1.082269,53.958690,On or near Market Street,E01033070,York 013I,Anti-social behaviour,,
,2026-01,North Yorkshire Police,North Yorkshire Police,-1.082376,53.957280,On or near King Street,E01033070,York 013I,Anti-social behaviour,,
,2026-01,North Yorkshire Police,North Yorkshire Police,-1.078249,53.957159,On or near Merchantgate,E01033070,York 013I,Anti-social behaviour,,
,2026-01,North Yorkshire Police,North Yorkshire Police,-1.079324,53.957819,On or near ,E01033070,York 013I,Anti-social behaviour,,
,2026-01,North Yorkshire Police,North Yorkshire Police,-1.084118,53.959281,On or near ,E01033070,York 013I,Anti-social behaviour,,
,2026-01,North Yorkshire Police,North Yorkshire Police,-1.080659,53.957060,On or near Castlegate,E01033070,York 013I,Anti-social behaviour,,
,2026-01,North Yorkshire Police,North Yorkshire Police,-1.081139,53.958790,On or near Parliament Street,E01033070,York 013I,Anti-social behaviour,,
,2026-01,North Yorkshire Police,North Yorkshire Police,-1.081430,53.958064,On or near High Ousegate,E01033070,York 013I,Anti-social behaviour,,
,2026-01,North Yorkshire Police,North Yorkshire Police,-1.080659,53.957060,On or near Castlegate,E01033070,York 013I,Anti-social behaviour,,
,2026-01,North Yorkshire Police,North Yorkshire Police,-1.080451,53.958919,On or near Shopping Area,E01033070,York 013I,Anti-social behaviour,,
,2026-01,North Yorkshire Police,North Yorkshire Police,-1.073400,53.956609,On or near Paver Lane,E01033070,York 013I,Anti-social behaviour,,
,2026-01,North Yorkshire Police,North Yorkshire Police,-1.073400,53.956609,On or near Paver Lane,E01033070,York 013I,Anti-social behaviour,,
,2026-01,North Yorkshire Police,North Yorkshire Police,-1.082507,53.956904,On or near Theatre/Concert Hall,E01033070,York 013I,Anti-social behaviour,,
,2026-01,North Yorkshire Police,North Yorkshire Police,-1.079175,53.957319,On or near Parking Area,E01033070,York 013I,Anti-social behaviour,,
,2026-01,North Yorkshire Police,North Yorkshire Police,-1.081139,53.958790,On or near Parliament Street,E01033070,York 013I,Anti-social behaviour,,
,2026-01,North Yorkshire Police,North Yorkshire Police,-1.080058,53.960121,On or near King'S Square,E01033070,York 013I,Anti-social behaviour,,
,2026-01,North Yorkshire Police,North Yorkshire Police,-1.084118,53.959281,On or near ,E01033070,York 013I,Anti-social behaviour,,
,2026-01,North Yorkshire Police,North Yorkshire Police,-1.082269,53.958690,On or near Market Street,E01033070,York 013I,Anti-social behaviour,,
,2026-01,North Yorkshire Police,North Yorkshire Police,-1.073400,53.956609,On or near Paver Lane,E01033070,York 013I,Anti-social behaviour,,
,2026-01,North Yorkshire Police,North Yorkshire Police,-1.082269,53.958690,On or near Market Street,E01033070,York 013I,Anti-social behaviour,,
,2026-01,North Yorkshire Police,North Yorkshire Police,-1.079800,53.958689,On or near Pavement,E01033070,York 013I,Anti-social behaviour,,
,2026-01,North Yorkshire Police,North Yorkshire Police,-1.079800,53.958689,On or near Pavement,E01033070,York 013I,Anti-social behaviour,,
,2026-01,North Yorkshire Police,North Yorkshire Police,-1.081896,53.956944,On or near Nightclub,E01033070,York 013I,Anti-social behaviour,,
,2026-01,North Yorkshire Police,North Yorkshire Police,-1.082339,53.957862,On or near ,E01033070,York 013I,Anti-social behaviour,,
,2026-01,North Yorkshire Police,North Yorkshire Police,-1.079324,53.957819,On or near ,E01033070,York 013I,Anti-social behaviour,,
,2026-01,North Yorkshire Police,North Yorkshire Police,-1.084118,53.959281,On or near ,E01033070,York 013I,Anti-social behaviour,,
00b190ff4a45a7543c88afd1fab282fe4c8339a5d7046fee1871290f729ad554,2026-01,North Yorkshire Police,North Yorkshire Police,-1.077608,53.954439,On or near A1036,E01033070,York 013I,Bicycle theft,Investigation complete; no suspect identified,
edc3d11b04a15cca422c2903271a66a6e6603b271d5389e6f6baf91a946d2f68,2026-01,North Yorkshire Police,North Yorkshire Police,-1.080438,53.959476,On or near Little Shambles,E01033070,York 013I,Burglary,Awaiting court outcome,
cfb6da2a330a2952c5c430c43b447f7fff0b1de15fd0785b98c86701d341415e,2026-01,North Yorkshire Police,North Yorkshire Police,-1.076817,53.957139,On or near Barleycorn Yard,E01033070,York 013I,Burglary,Under investigation,
dae573fe505bbb448f6ff698a132fad654c22f235aa9f0014053b62eca507c63,2026-01,North Yorkshire Police,North Yorkshire Police,-1.078993,53.955888,On or near Parking Area,E01033070,York 013I,Criminal damage and arson,Unable to prosecute suspect,
8c655d2f6bea2c6e1e0f77fca62a0605741062e5d4fe4a49f5bd8dfeaa7105ba,2026-01,North Yorkshire Police,North Yorkshire Police,-1.080126,53.957588,On or near Shopping Area,E01033070,York 013I,Criminal damage and arson,Under investigation,
7985973ce3a0e58cbdf40270f958c707a4afbce10599126fd665d472e5dc2219,2026-01,North Yorkshire Police,North Yorkshire Police,-1.081896,53.956944,On or near Nightclub,E01033070,York 013I,Criminal damage and arson,Investigation complete; no suspect identified,
1d4790f1edac23c924dffe7515826223e8d521c3e4496e169664eff503b3c6bf,2026-01,North Yorkshire Police,North Yorkshire Police,-1.080242,53.958346,On or near ,E01033070,York 013I,Drugs,Local resolution,
2eb0f7d06c14f59844c9ab30ea3d355189be375d66dc9c3bc17e76ec6a766a09,2026-01,North Yorkshire Police,North Yorkshire Police,-1.077529,53.956623,On or near Piccadilly,E01033070,York 013I,Drugs,Local resolution,
d9f5e2a530e69405193ec6ca541f45ab7fdf8c98ade5d42f5b6540dba83d153f,2026-01,North Yorkshire Police,North Yorkshire Police,-1.080242,53.958346,On or near ,E01033070,York 013I,Drugs,Awaiting court outcome,
708b840ed7cf71de83a9d6cc67d5d1ecb6d7a6c2f79e04c86f976f929f1d4416,2026-01,North Yorkshire Police,North Yorkshire Police,-1.080242,53.958346,On or near ,E01033070,York 013I,Other theft,Investigation complete; no suspect identified,
48cec1e65e81de4a45a8757fd7378c473369745e7f17e3ca75e6387e9020f0e1,2026-01,North Yorkshire Police,North Yorkshire Police,-1.084118,53.959281,On or near ,E01033070,York 013I,Other theft,Investigation complete; no suspect identified,
bc8d3f7210a34d6d5b848031edbb7303ae70c829a6b20e31b67b149cc54f8315,2026-01,North Yorkshire Police,North Yorkshire Police,-1.080242,53.958346,On or near ,E01033070,York 013I,Other theft,Unable to prosecute suspect,
1ef5ba963adb65cc300938aeb916967ff6c735bb00e8b99aaf46acbd72c80bb4,2026-01,North Yorkshire Police,North Yorkshire Police,-1.076092,53.958230,On or near Parking Area,E01033070,York 013I,Other theft,Investigation complete; no suspect identified,
265bed7a27dde57d1c721cce7d5529fa57fe2cea44baff6c596b914eb63a2193,2026-01,North Yorkshire Police,North Yorkshire Police,-1.077608,53.954439,On or near A1036,E01033070,York 013I,Other theft,Under investigation,
117f793a640c0dcaa7cc0d69c22e412de15d870558601bf2bda115a82c460d25,2026-01,North Yorkshire Police,North Yorkshire Police,-1.080242,53.958346,On or near ,E01033070,York 013I,Possession of weapons,Awaiting court outcome,
af20daa18a28549b889bd7ef0c152dfec399a668af1ef97a6f3f858a0a5e556a,2026-01,North Yorkshire Police,North Yorkshire Police,-1.080242,53.958346,On or near ,E01033070,York 013I,Possession of weapons,Awaiting court outcome,
96fe19f543103936ddcf7c6d5db9ddfccc1f39aa42f372dd2f85305b2afb9150,2026-01,North Yorkshire Police,North Yorkshire Police,-1.084118,53.959281,On or near ,E01033070,York 013I,Public order,Under investigation,
be1d0b949a707192acbc6c3e345e3e7aeb2eee3c290f6deeb5b9164103d9cac1,2026-01,North Yorkshire Police,North Yorkshire Police,-1.076092,53.958230,On or near Parking Area,E01033070,York 013I,Public order,Under investigation,
e6d617adc0061fd9f595f6c0b1278560b5126800c2f6ad0437c5325433a86903,2026-01,North Yorkshire Police,North Yorkshire Police,-1.077529,53.956623,On or near Piccadilly,E01033070,York 013I,Public order,Awaiting court outcome,
62b716052dd9d75ce9da5cc38604108208e34096c3d753aa6a9ddb5788f2ca95,2026-01,North Yorkshire Police,North Yorkshire Police,-1.077529,53.956623,On or near Piccadilly,E01033070,York 013I,Public order,Awaiting court outcome,
7a025c9867a433e05f714a124f9856b132594663176ae0f9021c278e8be457b4,2026-01,North Yorkshire Police,North Yorkshire Police,-1.082339,53.957862,On or near ,E01033070,York 013I,Public order,Under investigation,
d91e95148344a60d5e7e7502c84e64458e223997202cb03a5a7730dd1e4d2125,2026-01,North Yorkshire Police,North Yorkshire Police,-1.080242,53.958346,On or near ,E01033070,York 013I,Public order,Under investigation,
7741e9be53a400cb39d773083e3330e978f85c93922e1bc15c6c49c45ded4f37,2026-01,North Yorkshire Police,North Yorkshire Police,-1.081139,53.958790,On or near Parliament Street,E01033070,York 013I,Robbery,Under investigation,
aecaaae01fcd2ed0a61f13cf956f229f90cb2fc7c2d715f2d620a16fb53ccb29,2026-01,North Yorkshire Police,North Yorkshire Police,-1.084118,53.959281,On or near ,E01033070,York 013I,Robbery,Awaiting court outcome,
cbf434e05beb31851f338a42da83cfd5742dc4ce4d14de777eb4e3f7dfe0eb8f,2026-01,North Yorkshire Police,North Yorkshire Police,-1.080451,53.958919,On or near Shopping Area,E01033070,York 013I,Shoplifting,Investigation complete; no suspect identified,
18c20760cc514f66afba873f38bf4435325b4bfcd1fe27fcb42d6f6381a89c2e,2026-01,North Yorkshire Police,North Yorkshire Police,-1.082269,53.958690,On or near Market Street,E01033070,York 013I,Shoplifting,Unable to prosecute suspect,
c5554119b7a0f6ad01ad88c2f2ae03aa23f9050270b6953e3d6bd7ae42ba0060,2026-01,North Yorkshire Police,North Yorkshire Police,-1.084118,53.959281,On or near ,E01033070,York 013I,Shoplifting,Investigation complete; no suspect identified,
3ad91a45e3411adea9caa4c860e60092c5adeba74bd9ffada7758ab823099d9e,2026-01,North Yorkshire Police,North Yorkshire Police,-1.081139,53.958790,On or near Parliament Street,E01033070,York 013I,Shoplifting,Investigation complete; no suspect identified,
7523cbf7923dfb6620c58a7e77be1ae3deffbcf179191153224bb6aace216a80,2026-01,North Yorkshire Police,North Yorkshire Police,-1.078605,53.958303,On or near Fossgate,E01033070,York 013I,Shoplifting,Investigation complete; no suspect identified,
ecd7f9289dbb8fbae11cdf7daa936a5b42766242ae09f58cb45a6f034f45b5e5,2026-01,North Yorkshire Police,North Yorkshire Police,-1.082269,53.958690,On or near Market Street,E01033070,York 013I,Shoplifting,Investigation complete; no suspect identified,
68e801cea4c151dc1cae01eb6146878da50a7b5cb87faf3a620fa839e6081e14,2026-01,North Yorkshire Police,North Yorkshire Police,-1.080242,53.958346,On or near ,E01033070,York 013I,Shoplifting,Awaiting court outcome,
6dbc2d832e740b4028722249fad420ca886e6d2775909c8a45ac63f83892c9de,2026-01,North Yorkshire Police,North Yorkshire Police,-1.079597,53.956836,On or near Shopping Area,E01033070,York 013I,Shoplifting,Under investigation,
6346f60bea36545979b09df1e75820fffd74231a208140f1a8fc0cebb8e0fda4,2026-01,North Yorkshire Police,North Yorkshire Police,-1.082376,53.957280,On or near King Street,E01033070,York 013I,Shoplifting,Local resolution,
1977cae7dd7b31495d63db0249396fd036de7f3cee6231c53cff6086bf0ba43b,2026-01,North Yorkshire Police,North Yorkshire Police,-1.080451,53.958919,On or near Shopping Area,E01033070,York 013I,Shoplifting,Local resolution,
18e47f170b3feb5e080639bd5720b87feb1eaf10a5c224674e6b3ec7c5d20a55,2026-01,North Yorkshire Police,North Yorkshire Police,-1.079597,53.956836,On or near Shopping Area,E01033070,York 013I,Shoplifting,Investigation complete; no suspect identified,
0e2220a323e906fcceaeedae6f71cce172784402a905491eff33fb77cb16a0ec,2026-01,North Yorkshire Police,North Yorkshire Police,-1.079175,53.957319,On or near Parking Area,E01033070,York 013I,Shoplifting,Investigation complete; no suspect identified,
7f1cd3864757e1350a358a9181e6b1cc9f983a5eca1ee4089afcf3818e8e43f3,2026-01,North Yorkshire Police,North Yorkshire Police,-1.080451,53.958919,On or near Shopping Area,E01033070,York 013I,Shoplifting,Awaiting court outcome,
1bcb69bccf1d2922684f535b7ecb952b72e5b56747cc62ee5aaf98f7d97ce217,2026-01,North Yorkshire Police,North Yorkshire Police,-1.079597,53.956836,On or near Shopping Area,E01033070,York 013I,Shoplifting,Investigation complete; no suspect identified,
54fc400cc334f1b9eeb2432e4ba1a7d599f782c0e2e735d26e83e3f66eb6d081,2026-01,North Yorkshire Police,North Yorkshire Police,-1.080451,53.958919,On or near Shopping Area,E01033070,York 013I,Shoplifting,Local resolution,
f5f2523f2b288983e626efa3b3a97439707477ed28b15b9b376dda140c5138ef,2026-01,North Yorkshire Police,North Yorkshire Police,-1.080451,53.958919,On or near Shopping Area,E01033070,York 013I,Shoplifting,Unable to prosecute suspect,
6f16390bcdbf4f35dee2aa9ef21f6034d8372f9c0e58cf665dd4099742bdef73,2026-01,North Yorkshire Police,North Yorkshire Police,-1.084118,53.959281,On or near ,E01033070,York 013I,Shoplifting,Investigation complete; no suspect identified,
2bf285851b4767bf65b210390d518d85afe7828c2ab00c5f0c54ca3fff5d2317,2026-01,North Yorkshire Police,North Yorkshire Police,-1.080451,53.958919,On or near Shopping Area,E01033070,York 013I,Shoplifting,Unable to prosecute suspect,
c84871bacffc58bfad21f4a29e6097b38d068306996330821bc2dad680438ad8,2026-01,North Yorkshire Police,North Yorkshire Police,-1.079597,53.956836,On or near Shopping Area,E01033070,York 013I,Shoplifting,Investigation complete; no suspect identified,
2d59d671f90876b7e62f8f1b00198bb237ce4873546ae9566cdf1a71f4391680,2026-01,North Yorkshire Police,North Yorkshire Police,-1.078249,53.957159,On or near Merchantgate,E01033070,York 013I,Vehicle crime,Under investigation,
662dea6c177b55f8543b5320c3733ee5979e756247b57cdce8ee7a0a5c90991d,2026-01,North Yorkshire Police,North Yorkshire Police,-1.080242,53.958346,On or near ,E01033070,York 013I,Violence and sexual offences,Under investigation,
3b5a4cfa51d7639436b92d0c460d50b58619622d99ee3edca1790b00f3236186,2026-01,North Yorkshire Police,North Yorkshire Police,-1.072492,53.957006,On or near Navigation Road,E01033070,York 013I,Violence and sexual offences,Unable to prosecute suspect,
75d0a458e4eb9f964719d5713b6ab26972b9bea633580a7029c910b6be611aa0,2026-01,North Yorkshire Police,North Yorkshire Police,-1.078249,53.957159,On or near Merchantgate,E01033070,York 013I,Violence and sexual offences,Under investigation,
e03b89eb20a6b7e50b9033ea998bbf231466c956db10fef031e26068cc17eb60,2026-01,North Yorkshire Police,North Yorkshire Police,-1.077608,53.954439,On or near A1036,E01033070,York 013I,Violence and sexual offences,Under investigation,
e7dbf9fccc5b661ec606d181617f302f1fdd8a963b27ac5986af88ead9cdce77,2026-01,North Yorkshire Police,North Yorkshire Police,-1.078249,53.957159,On or near Merchantgate,E01033070,York 013I,Violence and sexual offences,Unable to prosecute suspect,
4c8c417017124d1daa1a0dda9f694aae5ec0b1654cf49461f08697b3f89f5c91,2026-01,North Yorkshire Police,North Yorkshire Police,-1.080242,53.958346,On or near ,E01033070,York 013I,Violence and sexual offences,Local resolution,
39f646b3cbd5ade05be46d6e79d7ecb5abee64744b644dbed0fe616381d9f2e2,2026-01,North Yorkshire Police,North Yorkshire Police,-1.084118,53.959281,On or near ,E01033070,York 013I,Violence and sexual offences,Unable to prosecute suspect,
c5212d594ecebac6d188133d540982344e614b3fc39a3fc59113329611977fa5,2026-01,North Yorkshire Police,North Yorkshire Police,-1.082339,53.957862,On or near ,E01033070,York 013I,Violence and sexual offences,Under investigation,
2325f21846a82b5fa05049a42f3251e0b5c377f87b89ac6f9f915807d84f69de,2026-01,North Yorkshire Police,North Yorkshire Police,-1.080242,53.958346,On or near ,E01033070,York 013I,Violence and sexual offences,Under investigation,
59abdd92f4860d7d2fe6f71e6fcd13b9174bc583dd4e8948de8cfdcd2024dfe5,2026-01,North Yorkshire Police,North Yorkshire Police,-1.082340,53.956866,On or near Cumberland Street,E01033070,York 013I,Violence and sexual offences,Unable to prosecute suspect,
c56985e67677dfbe05d6e81bfc5e85eeb70a79cc0c77c5a1103d8fd0382ba3fd,2026-01,North Yorkshire Police,North Yorkshire Police,-1.084118,53.959281,On or near ,E01033070,York 013I,Violence and sexual offences,Under investigation,
90e583171c85a81bd83d9758bca7b11c00f1d57f900f207c38d3b915b32c1b7a,2026-01,North Yorkshire Police,North Yorkshire Police,-1.082340,53.956866,On or near Cumberland Street,E01033070,York 013I,Violence and sexual offences,Under investigation,
a6f5bc9c4afccd9cc1bc87e2140d86530dd5b8199ffa187b69d2d8b2d0967c6c,2026-01,North Yorkshire Police,North Yorkshire Police,-1.082340,53.956866,On or near Cumberland Street,E01033070,York 013I,Violence and sexual offences,Under investigation,
0be6254d1388f263a7cee9da6234f832bd6fab59b71a2f2d2033c9f46ece91b5,2026-01,North Yorkshire Police,North Yorkshire Police,-1.084118,53.959281,On or near ,E01033070,York 013I,Violence and sexual offences,Unable to prosecute suspect,
53b423f3afff433a04c336a15b87b3dd08b929b4d0c526a26436bf9645e3f60d,2026-01,North Yorkshire Police,North Yorkshire Police,-1.084118,53.959281,On or near ,E01033070,York 013I,Violence and sexual offences,Unable to prosecute suspect,
85b78965c4894b4dbc35793b67aa1758338f2664df23f8a70eea09192ae40c2a,2026-01,North Yorkshire Police,North Yorkshire Police,-1.080729,53.954869,On or near ,E01033070,York 013I,Violence and sexual offences,Unable to prosecute suspect,
9bf90098917c4541426cb6ad8804bc945412d9846a3dd6418e4885e93c834ac9,2026-01,North Yorkshire Police,North Yorkshire Police,-1.084118,53.959281,On or near ,E01033070,York 013I,Violence and sexual offences,Unable to prosecute suspect,
ed9890e200010ec7555c11a5660d936586674ea6bf01bd0bca55ae593173a665,2026-01,North Yorkshire Police,North Yorkshire Police,-1.081430,53.958064,On or near High Ousegate,E01033070,York 013I,Violence and sexual offences,Unable to prosecute suspect,
2bb98b8c5e92eb6669e485e45707c6c160eb60d56568f39d2a8b31d853c493d2,2026-01,North Yorkshire Police,North Yorkshire Police,-1.082340,53.956866,On or near Cumberland Street,E01033070,York 013I,Violence and sexual offences,Unable to prosecute suspect,
ac18e3c9a3823ce0ac270b46364de3c291d17e73bfa5bcca3aecb98cdd29e13e,2026-01,North Yorkshire Police,North Yorkshire Police,-1.072492,53.957006,On or near Navigation Road,E01033070,York 013I,Violence and sexual offences,Under investigation,
65db1acde316e522c48b2038039b3cf22988131cf097afc0ca4df6995632e315,2026-01,North Yorkshire Police,North Yorkshire Police,-1.082340,53.956866,On or near Cumberland Street,E01033070,York 013I,Violence and sexual offences,Unable to prosecute suspect,
b650219a50fddf697f9110a087ff5c175215b1db359d3ccdea1d5c2278bcb663,2026-01,North Yorkshire Police,North Yorkshire Police,-1.084118,53.959281,On or near ,E01033070,York 013I,Violence and sexual offences,Unable to prosecute suspect,
dca8a66df5e01d99859b804df451e0c1b57a3616acca1ac1733551046decf92b,2026-01,North Yorkshire Police,North Yorkshire Police,-1.084118,53.959281,On or near ,E01033070,York 013I,Violence and sexual offences,Unable to prosecute suspect,
3325d0a39bea9b41d2d619b4b3b952b02b674890cb269a95edd47c40c1974b48,2026-01,North Yorkshire Police,North Yorkshire Police,-1.082340,53.956866,On or near Cumberland Street,E01033070,York 013I,Violence and sexual offences,Under investigation,
d45f859c4cf18410a3d8b937a1dd37992660eac132b2bb8d0659de187b16da18,2026-01,North Yorkshire Police,North Yorkshire Police,-1.081139,53.958790,On or near Parliament Street,E01033070,York 013I,Violence and sexual offences,Under investigation,
3af654f56a0d3326a44ef6fc854e0f9a02b5266a975e4f84b9169be0f57c7e40,2026-01,North Yorkshire Police,North Yorkshire Police,-1.084118,53.959281,On or near ,E01033070,York 013I,Violence and sexual offences,Investigation complete; no suspect identified,
e2227878ea535bf43a61e57f8ff5d8e4e6325ed65ac85230ae8a64f787a60d7b,2026-01,North Yorkshire Police,North Yorkshire Police,-1.082339,53.957862,On or near ,E01033070,York 013I,Violence and sexual offences,Unable to prosecute suspect,
0ce2cfc8afc906d2595371f72fc6aea862ba26d7b1e5b1d99f919a5ef93f1329,2026-01,North Yorkshire Police,North Yorkshire Police,-1.080058,53.960121,On or near King'S Square,E01033070,York 013I,Violence and sexual offences,Unable to prosecute suspect,
65bb6309052276281a50a3ca094b0dca210dfeb57af476bb4105fd66b55be890,2026-01,North Yorkshire Police,North Yorkshire Police,-1.072492,53.957006,On or near Navigation Road,E01033070,York 013I,Violence and sexual offences,Unable to prosecute suspect,
fdaf35a6f0bc5683aee70a8ecaf19693081c5c48080b2cd782689e2a234ab461,2026-01,North Yorkshire Police,North Yorkshire Police,-1.080451,53.958919,On or near Shopping Area,E01033070,York 013I,Violence and sexual offences,Awaiting court outcome,
9f0d96b12d332b094e5d3219f2a5677689f3f1f671a3240bc3d74183cd51b26f,2026-01,North Yorkshire Police,North Yorkshire Police,-1.084118,53.959281,On or near ,E01033070,York 013I,Violence and sexual offences,Under investigation,
0ca421ce24d6119f93b15a5cd838f1a9e61f0bcbf2e7adbb21ae357618076fbf,2026-01,North Yorkshire Police,North Yorkshire Police,-1.073348,53.956851,On or near Percy'S Lane,E01033070,York 013I,Violence and sexual offences,Under investigation,
63397206a171fd007ceb50a8c486b6a04c6bb59706b890b1384fa540f0ac0697,2026-01,North Yorkshire Police,North Yorkshire Police,-1.082340,53.956866,On or near Cumberland Street,E01033070,York 013I,Violence and sexual offences,Under investigation,
78305695c8e57f85b171d8bdbf9016c6afe9c6bdbb38baec333807e72c78d2e3,2026-01,North Yorkshire Police,North Yorkshire Police,-1.082339,53.957862,On or near ,E01033070,York 013I,Violence and sexual offences,Under investigation,
7daa07a5ca8a13de2f9f760234b80f0c7c67ad2dc4f02025edb528b86933089c,2026-01,North Yorkshire Police,North Yorkshire Police,-1.082340,53.956866,On or near Cumberland Street,E01033070,York 013I,Violence and sexual offences,Unable to prosecute suspect,
0c324490cdf997cabf312c91cf5bfbf13124c196814c53ce76647bd6f6e94ee9,2026-01,North Yorkshire Police,North Yorkshire Police,-1.084118,53.959281,On or near ,E01033070,York 013I,Violence and sexual offences,Unable to prosecute suspect,
bb3f87ae8923283427fa445e4facc1586ded91efa87d17c9c71ab2f2bbcf6699,2026-01,North Yorkshire Police,North Yorkshire Police,-1.082339,53.957862,On or near ,E01033070,York 013I,Violence and sexual offences,Unable to prosecute suspect,
f99fcb6b9366a1b2e215a74de65ecb3ab5de01551ccfd9cae1e4d7a2e11699b5,2026-01,North Yorkshire Police,North Yorkshire Police,-1.082340,53.956866,On or near Cumberland Street,E01033070,York 013I,Violence and sexual offences,Under investigation,
0a1ffbca2b88d1d2a5d99928860d0ad565dae52013bded08ca114f6833aa847a,2026-01,North Yorkshire Police,North Yorkshire Police,-1.077608,53.954439,On or near A1036,E01033070,York 013I,Violence and sexual offences,Unable to prosecute suspect,
078db194bf25bfbbcba81d52227d53257ca75b426307ea25077a26359b546907,2026-01,North Yorkshire Police,North Yorkshire Police,-1.082376,53.957280,On or near King Street,E01033070,York 013I,Violence and sexual offences,Under investigation,
6b1d59b752ca96e4cb8a3ddb01c203a68bc8c88cac2c26d79c6cfb640d8d2e28,2026-01,North Yorkshire Police,North Yorkshire Police,-1.082376,53.957280,On or near King Street,E01033070,York 013I,Violence and sexual offences,Under investigation,
256e814f87480876adaf15c8f451ca67d20019b738b1d597bc16c817982ce3b8,2026-01,North Yorkshire Police,North Yorkshire Police,-1.080451,53.958919,On or near Shopping Area,E01033070,York 013I,Violence and sexual offences,Awaiting court outcome,
a2886e1f52a549edf3f0439afafd4499ede9ab53d24bfa7b910ec9fd355ae7c0,2026-01,North Yorkshire Police,North Yorkshire Police,-1.084118,53.959281,On or near ,E01033070,York 013I,Violence and sexual offences,Unable to prosecute suspect,
add8b36b0e1ad0e06be78c6d3b93b6aa9f41a0dad8d1d0c494cb0e84089e3c1f,2026-01,North Yorkshire Police,North Yorkshire Police,-1.084118,53.959281,On or near ,E01033070,York 013I,Violence and sexual offences,Unable to prosecute suspect,
03b376835a7608762d68d7591889dfa3b0ea04a277d7c35406bf16992e0b76fe,2026-01,North Yorkshire Police,North Yorkshire Police,-1.080451,53.958919,On or near Shopping Area,E01033070,York 013I,Violence and sexual offences,Under investigation,
8205bd29ad2f1505ed044dd8e8c80642e38ca07a828c05c3ba5a5deffea5236e,2026-01,North Yorkshire Police,North Yorkshire Police,-1.076272,53.954222,On or near Ancroft Close,E01033070,York 013I,Violence and sexual offences,Unable to prosecute suspect,
ac18e3c9a3823ce0ac270b46364de3c291d17e73bfa5bcca3aecb98cdd29e13e,2026-01,North Yorkshire Police,North Yorkshire Police,-1.072492,53.957006,On or near Navigation Road,E01033070,York 013I,Violence and sexual offences,Unable to prosecute suspect,
03b9d09db5f810b8f41d82102235a606824ca95614c97cbb8cbe885865e332bd,2026-01,North Yorkshire Police,North Yorkshire Police,-1.079324,53.957819,On or near ,E01033070,York 013I,Violence and sexual offences,Unable to prosecute suspect,
777412bcc477eeef1857ce267aeb56612535aabb4c4c606e1204e0171c46ee98,2026-01,North Yorkshire Police,North Yorkshire Police,-1.078249,53.957159,On or near Merchantgate,E01033070,York 013I,Violence and sexual offences,Under investigation,
b4d4430a5f81edd366cbb60df53983ba5d0b426ebb497ee1c64c96edfdccc064,2026-01,North Yorkshire Police,North Yorkshire Police,-1.073400,53.956609,On or near Paver Lane,E01033070,York 013I,Violence and sexual offences,Unable to prosecute suspect,
ac12ee0453137a0338a7c2dc7009fd72991ce9112c6321d3064d1fd6a27b4a91,2026-01,North Yorkshire Police,North Yorkshire Police,-1.082340,53.956866,On or near Cumberland Street,E01033070,York 013I,Violence and sexual offences,Unable to prosecute suspect,
4d14ae4c37d1554dbaf50ab92582bfebd33d6ab069236ad7e915740cb0b9f2f1,2026-01,North Yorkshire Police,North Yorkshire Police,-1.084118,53.959281,On or near ,E01033070,York 013I,Violence and sexual offences,Unable to prosecute suspect,
0ab0c5cbff12bca2892ef5d61dae4e8e469a44fbd890b17f297b0d8d1ed72337,2026-01,North Yorkshire Police,North Yorkshire Police,-1.082269,53.958690,On or near Market Street,E01033070,York 013I,Violence and sexual offences,Unable to prosecute suspect,
077299efa6841b14f57688eb66ab5cdd82be496a6d01f3dd93e3bc4745b6889d,2026-01,North Yorkshire Police,North Yorkshire Police,-1.082340,53.956866,On or near Cumberland Street,E01033070,York 013I,Violence and sexual offences,Unable to prosecute suspect,
406135eea554f90a555bebc59c1603dc937e02ebecf2851ed61953eb3ab11f1c,2026-01,North Yorkshire Police,North Yorkshire Police,-1.082340,53.956866,On or near Cumberland Street,E01033070,York 013I,Violence and sexual offences,Under investigation,
31b530e3e84cd17d1aac3ea8974b7567105faabe181588ef96e91ac757174374,2026-01,North Yorkshire Police,North Yorkshire Police,-1.082340,53.956866,On or near Cumberland Street,E01033070,York 013I,Violence and sexual offences,Under investigation,
34f68534fc2aeb8c2edad593fb4de284f98e6b4da30304813fed6b76c6d89071,2026-01,North Yorkshire Police,North Yorkshire Police,-1.078993,53.955888,On or near Parking Area,E01033070,York 013I,Violence and sexual offences,Investigation complete; no suspect identified,
e302e7ca6c5a023cabfc6c1e79c6f559ba90efd8e32896c08d87882fb4f5c64d,2026-01,North Yorkshire Police,North Yorkshire Police,-1.078605,53.958303,On or near Fossgate,E01033070,York 013I,Other crime,Unable to prosecute suspect,
,2026-01,North Yorkshire Police,North Yorkshire Police,-1.051953,53.964837,On or near Leyland Road,E01013381,York 014A,Anti-social behaviour,,
,2026-01,North Yorkshire Police,North Yorkshire Police,-1.048400,53.964242,On or near Mossdale Avenue,E01013381,York 014A,Anti-social behaviour,,
,2026-01,North Yorkshire Police,North Yorkshire Police,-1.048400,53.964242,On or near Mossdale Avenue,E01013381,York 014A,Anti-social behaviour,,
,2026-01,North Yorkshire Police,North Yorkshire Police,-1.048400,53.964242,On or near Mossdale Avenue,E01013381,York 014A,Anti-social behaviour,,
8cc838845ee10c0aa3b358efd624826c69e7db651aee803f036fce652bca64dd,2026-01,North Yorkshire Police,North Yorkshire Police,-1.048400,53.964242,On or near Mossdale Avenue,E01013381,York 014A,Violence and sexual offences,Unable to prosecute suspect,
3d6e411e708c980a85b13be9978b752f1e01247d714f48ffca04f7cce3c4d4f6,2026-01,North Yorkshire Police,North Yorkshire Police,-1.049018,53.961630,On or near ,E01013381,York 014A,Violence and sexual offences,Under investigation,
ffea05734b3aeb8965ec45d5b678319bc932395dab63ff5b5e3f5b58345b62ea,2026-01,North Yorkshire Police,North Yorkshire Police,-1.050640,53.962238,On or near Whernside Avenue,E01013381,York 014A,Violence and sexual offences,Under investigation,
278ebcdab634ced4627f5b02f97abf8a935b925e8cb6f87d5a5ac8ad35e561dd,2026-01,North Yorkshire Police,North Yorkshire Police,-1.048400,53.964242,On or near Mossdale Avenue,E01013381,York 014A,Violence and sexual offences,Unable to prosecute suspect,
,2026-01,North Yorkshire Police,North Yorkshire Police,-1.039908,53.951034,On or near Bishopsway,E01013402,York 014B,Anti-social behaviour,,
,2026-01,North Yorkshire Police,North Yorkshire Police,-1.037723,53.950621,On or near Brentwood Crescent,E01013402,York 014B,Anti-social behaviour,,
,2026-01,North Yorkshire Police,North Yorkshire Police,-1.035499,53.952599,On or near Kimberlows Wood Hill,E01013402,York 014B,Anti-social behaviour,,
,2026-01,North Yorkshire Police,North Yorkshire Police,-1.037723,53.950621,On or near Brentwood Crescent,E01013402,York 014B,Anti-social behaviour,,
,2026-01,North Yorkshire Police,North Yorkshire Police,-1.037723,53.950621,On or near Brentwood Crescent,E01013402,York 014B,Anti-social behaviour,,
060b39ae964579a15cd67ddd55beaee16db38fe6be2873546a8a41e98c5f7fc7,2026-01,North Yorkshire Police,North Yorkshire Police,-1.039908,53.951034,On or near Bishopsway,E01013402,York 014B,Public order,Action to be taken by another organisation,
ca050975ca4b6157805df6fc4a0666d7bb098e3307b16e9d06e549b7f3c84b26,2026-01,North Yorkshire Police,North Yorkshire Police,-1.039908,53.951034,On or near Bishopsway,E01013402,York 014B,Violence and sexual offences,Under investigation,
ca050975ca4b6157805df6fc4a0666d7bb098e3307b16e9d06e549b7f3c84b26,2026-01,North Yorkshire Police,North Yorkshire Police,-1.039908,53.951034,On or near Bishopsway,E01013402,York 014B,Violence and sexual offences,Unable to prosecute suspect,
55606091f1d3aaf0493722929dd56ef8f59f84069fcee2b3346f02578de645b1,2026-01,North Yorkshire Police,North Yorkshire Police,-1.037723,53.950621,On or near Brentwood Crescent,E01013402,York 014B,Violence and sexual offences,Unable to prosecute suspect,
73a6d8660e6887c0e060d97f11262a6d327e5f853d02b2a86adcde39053c2bd9,2026-01,North Yorkshire Police,North Yorkshire Police,-1.038270,53.950050,On or near Eastfield Court,E01013402,York 014B,Violence and sexual offences,Under investigation,
,2026-01,North Yorkshire Police,North Yorkshire Police,-1.039733,53.957998,On or near Hambleton Avenue,E01013419,York 014C,Anti-social behaviour,,
,2026-01,North Yorkshire Police,North Yorkshire Police,-1.043938,53.959398,On or near Lotherington Mews,E01013419,York 014C,Anti-social behaviour,,
a037e4926e2bcb9501fc0815fab62b1ed0d3a32e94895adc48243392beeb981f,2026-01,North Yorkshire Police,North Yorkshire Police,-1.043088,53.961890,On or near St Aelreds Mews,E01013419,York 014C,Criminal damage and arson,Unable to prosecute suspect,
340f43c3093d354d59f4f473888558bda935bc34c21ea3ca4a1d8ef628681ad3,2026-01,North Yorkshire Police,North Yorkshire Police,-1.045382,53.961826,On or near ,E01013419,York 014C,Criminal damage and arson,Investigation complete; no suspect identified,
e9a77c9bc41d9bfb8a524323eaad4b1978d319552d882db34a99e361bf71e68a,2026-01,North Yorkshire Police,North Yorkshire Police,-1.009307,53.965311,On or near Smary Lane,E01013419,York 014C,Public order,Unable to prosecute suspect,
885173b9911d366418188afe2c3ad33dd36754e6935c8a066c5f0b35a373ab25,2026-01,North Yorkshire Police,North Yorkshire Police,-1.040458,53.960287,On or near Derwent Mews,E01013419,York 014C,Violence and sexual offences,Under investigation,
0a6d646c48309d2e864f3ac174efa0a0636b5756032332b4ca223414c3c8d1ca,2026-01,North Yorkshire Police,North Yorkshire Police,-1.036489,53.956588,On or near The Leyes,E01013419,York 014C,Violence and sexual offences,Under investigation,
f23b14fe1b8e4120480416ad6a09941ec2ff825509edce88a04463bd21f78603,2026-01,North Yorkshire Police,North Yorkshire Police,-1.043088,53.961890,On or near St Aelreds Mews,E01013419,York 014C,Violence and sexual offences,Unable to prosecute suspect,
885173b9911d366418188afe2c3ad33dd36754e6935c8a066c5f0b35a373ab25,2026-01,North Yorkshire Police,North Yorkshire Police,-1.040458,53.960287,On or near Derwent Mews,E01013419,York 014C,Violence and sexual offences,Under investigation,
,2026-01,North Yorkshire Police,North Yorkshire Police,-1.031207,53.954344,On or near Cavendish Grove,E01013420,York 014D,Anti-social behaviour,,
,2026-01,North Yorkshire Police,North Yorkshire Police,-1.029101,53.953885,On or near Petrol Station,E01013420,York 014D,Anti-social behaviour,,
3af5934a2dc9203e5e617effba9785c8eafe7a2744e83f65bdeb20278ec410d1,2026-01,North Yorkshire Police,North Yorkshire Police,-1.029101,53.953885,On or near Petrol Station,E01013420,York 014D,Drugs,Under investigation,
09391888b90f5182d92a989a88f71127603707758298af4c665307e47c823ee9,2026-01,North Yorkshire Police,North Yorkshire Police,-1.029101,53.953885,On or near Petrol Station,E01013420,York 014D,Shoplifting,Awaiting court outcome,
f8da3773993ce0e0f5a708319bd8600b7b6ea5fb2b19679bd6b3ab295dc8de1a,2026-01,North Yorkshire Police,North Yorkshire Police,-1.029101,53.953885,On or near Petrol Station,E01013420,York 014D,Shoplifting,Investigation complete; no suspect identified,
e94bf935dd9d8cccf5b600f9930cafecfb4342c89edd615ff23a9c4afc7aeb9c,2026-01,North Yorkshire Police,North Yorkshire Police,-1.029101,53.953885,On or near Petrol Station,E01013420,York 014D,Shoplifting,Investigation complete; no suspect identified,
acddb0a7759979a9181b66e82c356da39533313eb84ffc34c117c34a758c63b0,2026-01,North Yorkshire Police,North Yorkshire Police,-1.029101,53.953885,On or near Petrol Station,E01013420,York 014D,Violence and sexual offences,Under investigation,
,2026-01,North Yorkshire Police,North Yorkshire Police,-1.051288,53.961236,On or near Appleby Place,E01013384,York 015A,Anti-social behaviour,,
,2026-01,North Yorkshire Police,North Yorkshire Police,-1.058980,53.960119,On or near St Aelreds Close,E01013384,York 015A,Anti-social behaviour,,
99759367d8226477c05b37ad5cf1bc1f11778b25e16c4203b5edb46c5ba94c28,2026-01,North Yorkshire Police,North Yorkshire Police,-1.052198,53.962789,On or near Asquith Avenue,E01013384,York 015A,Other theft,Investigation complete; no suspect identified,
4356d0e0ff32265db3925785cebba230469cad33e7ad0f40075fbddccf2a1522,2026-01,North Yorkshire Police,North Yorkshire Police,-1.052217,53.964641,On or near Gerard Avenue,E01013384,York 015A,Public order,Unable to prosecute suspect,
,2026-01,North Yorkshire Police,North Yorkshire Police,-1.045181,53.956999,On or near Osbaldwick Lane,E01013398,York 015B,Anti-social behaviour,,
63d31ab24bdb601cd4a5525cf091e5df0f7605ff66b502826b6422ba42b04bbc,2026-01,North Yorkshire Police,North Yorkshire Police,-1.046969,53.957454,On or near Tuke Avenue,E01013398,York 015B,Criminal damage and arson,Unable to prosecute suspect,
a70c1857c1df717065d6134f2e219338807bc25638b44179365c7d8fdee74a50,2026-01,North Yorkshire Police,North Yorkshire Police,-1.045181,53.956999,On or near Osbaldwick Lane,E01013398,York 015B,Criminal damage and arson,Further investigation is not in the public interest,
2e66fae49b99bc1cceff04abd0d32cb6791cd29fcf2d56a9e0320e687e566441,2026-01,North Yorkshire Police,North Yorkshire Police,-1.045375,53.957882,On or near Moore Avenue,E01013398,York 015B,Other theft,Unable to prosecute suspect,
a704e5d0e21b24fdc06229fbfcae2b100d151a700881f15eb62c76845dadc0a8,2026-01,North Yorkshire Police,North Yorkshire Police,-1.045345,53.955176,On or near Hadrian Avenue,E01013398,York 015B,Violence and sexual offences,Under investigation,
b8ec824f268be98a78c2bf8237b41718cb1e41f409e60b9d404fea12bf6ec091,2026-01,North Yorkshire Police,North Yorkshire Police,-1.045345,53.955176,On or near Hadrian Avenue,E01013398,York 015B,Violence and sexual offences,Awaiting court outcome,
5f70d230894174e553bddf8c98f6d6442fb04c8840562b5143ff8e299d7e35c3,2026-01,North Yorkshire Police,North Yorkshire Police,-1.045181,53.956999,On or near Osbaldwick Lane,E01013398,York 015B,Violence and sexual offences,Unable to prosecute suspect,
ac6aac51d43eea95318ae74c566028b2c4c8ed6dccbcc5fdad671bf51e28d89e,2026-01,North Yorkshire Police,North Yorkshire Police,-1.045181,53.956999,On or near Osbaldwick Lane,E01013398,York 015B,Violence and sexual offences,Unable to prosecute suspect,
,2026-01,North Yorkshire Police,North Yorkshire Police,-1.055820,53.957632,On or near Burlington Avenue,E01013399,York 015C,Anti-social behaviour,,
,2026-01,North Yorkshire Police,North Yorkshire Police,-1.057091,53.956238,On or near ,E01013399,York 015C,Anti-social behaviour,,
,2026-01,North Yorkshire Police,North Yorkshire Police,-1.057824,53.958459,On or near ,E01013399,York 015C,Anti-social behaviour,,
be6c6b68b252f7ec6884cd43c1db0e564b08383925822985c6ae25eb61a93beb,2026-01,North Yorkshire Police,North Yorkshire Police,-1.054312,53.956937,On or near Alcuin Avenue,E01013399,York 015C,Criminal damage and arson,Under investigation,
2a971518e5f307274e17fe085556cee716a6d37802ec66bb615e9eea8e3fd828,2026-01,North Yorkshire Police,North Yorkshire Police,-1.055820,53.957632,On or near Burlington Avenue,E01013399,York 015C,Criminal damage and arson,Under investigation,
2a622212085e52dbb34cd9e799b65c92d3fca1c41e516526b89f436e907aa9d3,2026-01,North Yorkshire Police,North Yorkshire Police,-1.052824,53.957424,On or near ,E01013399,York 015C,Criminal damage and arson,Investigation complete; no suspect identified,
185eb006ff2f0657d6f87a25b679d37a17eb1b7f606ce675c466d867394985f1,2026-01,North Yorkshire Police,North Yorkshire Police,-1.054312,53.956937,On or near Alcuin Avenue,E01013399,York 015C,Criminal damage and arson,Under investigation,
6f4350264e13defa2cfb0559a0d88ac9caa0cd345e539b132cb8e7592b5c1a32,2026-01,North Yorkshire Police,North Yorkshire Police,-1.052827,53.957905,On or near Welborn Close,E01013399,York 015C,Possession of weapons,Unable to prosecute suspect,
f37687fde6730d7a242b28f9421645d53105e9efbd3abc740b2a0872eb46c724,2026-01,North Yorkshire Police,North Yorkshire Police,-1.056815,53.958134,On or near Hewley Avenue,E01013399,York 015C,Public order,Under investigation,
3b95803dfd0adada1c09b3008d808e2609bc4a5018d38c99db3331a0d77e43ba,2026-01,North Yorkshire Police,North Yorkshire Police,-1.054202,53.959111,On or near Constantine Avenue,E01013399,York 015C,Violence and sexual offences,Under investigation,
3861581de3446eccd721f41f84dfdd6372dd316064b48a029bbc31f90d3da3b1,2026-01,North Yorkshire Police,North Yorkshire Police,-1.056815,53.958134,On or near Hewley Avenue,E01013399,York 015C,Violence and sexual offences,Unable to prosecute suspect,
,2026-01,North Yorkshire Police,North Yorkshire Police,-1.061322,53.955589,On or near Olympian Court,E01013400,York 015D,Anti-social behaviour,,
,2026-01,North Yorkshire Police,North Yorkshire Police,-1.061922,53.954668,On or near Manor Court,E01013400,York 015D,Anti-social behaviour,,
,2026-01,North Yorkshire Police,North Yorkshire Police,-1.064273,53.955819,On or near Arthur Street,E01013400,York 015D,Anti-social behaviour,,
6a9b2e1428c1dbe70f03dcc35c910539ff32fcda47d656f483af964847fb2f65,2026-01,North Yorkshire Police,North Yorkshire Police,-1.059438,53.955988,On or near Beckside Gardens,E01013400,York 015D,Burglary,Investigation complete; no suspect identified,
37043fa8426dae432ee42ab71b6ff25e73ef80ac2e796e4c992fc82d04613911,2026-01,North Yorkshire Police,North Yorkshire Police,-1.060135,53.954825,On or near Abbotsford Road,E01013400,York 015D,Criminal damage and arson,Unable to prosecute suspect,
b7f6649b7ff68277655f50cff0a8b99e3fcbed6792a1b101beecad8dd8f8fed5,2026-01,North Yorkshire Police,North Yorkshire Police,-1.062951,53.956321,On or near Bull Lane,E01013400,York 015D,Criminal damage and arson,Investigation complete; no suspect identified,
4aed1650250810d0c36527731159eaf7b1325de34b3c77a6ad9e84df57b43e6d,2026-01,North Yorkshire Police,North Yorkshire Police,-1.062951,53.956321,On or near Bull Lane,E01013400,York 015D,Other theft,Investigation complete; no suspect identified,
a7fb07af8347e6371dd5a7790a39f7d3e99915789e44a928d071c6edd1662251,2026-01,North Yorkshire Police,North Yorkshire Police,-1.066175,53.955304,On or near Granville Terrace,E01013400,York 015D,Other theft,Investigation complete; no suspect identified,
0c474c4369d4aa27705b78f9260a45a024991213cfcce69b1fd38eae36cb6fb6,2026-01,North Yorkshire Police,North Yorkshire Police,-1.064380,53.955128,On or near Nicholas Street,E01013400,York 015D,Other theft,Investigation complete; no suspect identified,
127cf724b580806bf5c52c05cfc170a70980223b35b85584296568ae30e0ed06,2026-01,North Yorkshire Police,North Yorkshire Police,-1.062951,53.956321,On or near Bull Lane,E01013400,York 015D,Violence and sexual offences,Unable to prosecute suspect,
aead30382ec81bd3fd6e211991b3d40979907c2c2f6d59c33b6c98f0d90eca60,2026-01,North Yorkshire Police,North Yorkshire Police,-1.060135,53.954825,On or near Abbotsford Road,E01013400,York 015D,Violence and sexual offences,Unable to prosecute suspect,
b8aeaedaf284433b82b307df1d62438c9804c9dd152fec0c97494b61a6cbf771,2026-01,North Yorkshire Police,North Yorkshire Police,-1.061922,53.954668,On or near Manor Court,E01013400,York 015D,Violence and sexual offences,Unable to prosecute suspect,
d67b5eb6525cde7beec62bf5d19091aeab4e0d706fff3f7554226ded29006184,2026-01,North Yorkshire Police,North Yorkshire Police,-1.060135,53.954825,On or near Abbotsford Road,E01013400,York 015D,Violence and sexual offences,Awaiting court outcome,
,2026-01,North Yorkshire Police,North Yorkshire Police,-1.050744,53.958105,On or near ,E01013401,York 015E,Anti-social behaviour,,
,2026-01,North Yorkshire Police,North Yorkshire Police,-1.050744,53.958105,On or near ,E01013401,York 015E,Anti-social behaviour,,
,2026-01,North Yorkshire Police,North Yorkshire Police,-1.048952,53.959402,On or near Lang Avenue,E01013401,York 015E,Anti-social behaviour,,
9814499da216c10de79b84da175901eec3c58f0275ddc8d53a6a03a61efdca84,2026-01,North Yorkshire Police,North Yorkshire Police,-1.051466,53.959202,On or near ,E01013401,York 015E,Criminal damage and arson,Investigation complete; no suspect identified,
eba0ae75f0983b5fee456ba8b528fe1911914beee6aac75f404e8b9424073504,2026-01,North Yorkshire Police,North Yorkshire Police,-1.049464,53.959091,On or near Supermarket,E01013401,York 015E,Violence and sexual offences,Under investigation,
,2026-01,North Yorkshire Police,North Yorkshire Police,-1.054460,53.954403,On or near Heathfield Road,E01013403,York 015F,Anti-social behaviour,,
,2026-01,North Yorkshire Police,North Yorkshire Police,-1.059144,53.953478,On or near Green Dykes Lane,E01013403,York 015F,Anti-social behaviour,,
51ba4680529e0770872fc08953d0737b02da5fce7c862ea6c039c36020a6ab02,2026-01,North Yorkshire Police,North Yorkshire Police,-1.047134,53.952826,On or near ,E01013403,York 015F,Other theft,Investigation complete; no suspect identified,
c1a304bbba7060b8fd3d80eacb1be9d10ad5fb1d8ce1c9df97c233f35b5f2489,2026-01,North Yorkshire Police,North Yorkshire Police,-1.053237,53.953270,On or near Supermarket,E01013403,York 015F,Shoplifting,Investigation complete; no suspect identified,
ce7ff60816cfda1c97df20b031440319741e1b1db589ac82142f6ef27c14f03b,2026-01,North Yorkshire Police,North Yorkshire Police,-1.047134,53.952826,On or near ,E01013403,York 015F,Violence and sexual offences,Under investigation,
4fe306f040030c3230326121f163e5ab6cd464d0bc754570882c6ba4ac2e182a,2026-01,North Yorkshire Police,North Yorkshire Police,-1.053496,53.954611,On or near Owston Avenue,E01013403,York 015F,Violence and sexual offences,Unable to prosecute suspect,
ad3cf35bb04f3430ebd93f9a0dddb800e72438f1fadde5c8758c62105181d89b,2026-01,North Yorkshire Police,North Yorkshire Police,-1.047134,53.952826,On or near ,E01013403,York 015F,Violence and sexual offences,Under investigation,
4101b75898e191db1dd397b92386976cfd0e23796a1871ba2cc1ff4d3febaa7d,2026-01,North Yorkshire Police,North Yorkshire Police,-1.055313,53.953089,On or near Garrow Hill Avenue,E01013403,York 015F,Violence and sexual offences,Under investigation,
c7b5f905d464a33a9ab93d617fd3996c5dadc695fe43c141317fae3d25cee9d1,2026-01,North Yorkshire Police,North Yorkshire Police,-1.050775,53.952647,On or near ,E01013403,York 015F,Violence and sexual offences,Under investigation,
,2026-01,North Yorkshire Police,North Yorkshire Police,-1.113746,53.961335,On or near Yarburgh Grove,E01013393,York 016A,Anti-social behaviour,,
,2026-01,North Yorkshire Police,North Yorkshire Police,-1.113746,53.961335,On or near Yarburgh Grove,E01013393,York 016A,Anti-social behaviour,,
f6e672a86690e3d86340ca3bf844e3c0bcea3eafe57a7a9b8d6728ccf825d7d4,2026-01,North Yorkshire Police,North Yorkshire Police,-1.112934,53.960808,On or near Ash Street,E01013393,York 016A,Other theft,Investigation complete; no suspect identified,
2edc05f809765b31ef181c69a4cd2f5d4a00c0b1828106fd5d7741bdfc71d0fa,2026-01,North Yorkshire Police,North Yorkshire Police,-1.114747,53.962287,On or near Carrington Avenue,E01013393,York 016A,Public order,Under investigation,
,2026-01,North Yorkshire Police,North Yorkshire Police,-1.115873,53.958070,On or near Birstwith Drive,E01013394,York 016B,Anti-social behaviour,,
,2026-01,North Yorkshire Police,North Yorkshire Police,-1.122277,53.958630,On or near Severus Avenue,E01013394,York 016B,Anti-social behaviour,,
,2026-01,North Yorkshire Police,North Yorkshire Police,-1.118502,53.956966,On or near Baildon Close,E01013394,York 016B,Anti-social behaviour,,
,2026-01,North Yorkshire Police,North Yorkshire Police,-1.115873,53.958070,On or near Birstwith Drive,E01013394,York 016B,Anti-social behaviour,,
6be76a0f1a1fcfb7c79411a789e1aa33301d5f7622ef11594f2b8d5ae73e802b,2026-01,North Yorkshire Police,North Yorkshire Police,-1.115873,53.958070,On or near Birstwith Drive,E01013394,York 016B,Other theft,Under investigation,
695e1aa8bf0368e7c0301bb8d43bc88f2c09f13de0c6c4250971213166ebf06a,2026-01,North Yorkshire Police,North Yorkshire Police,-1.118507,53.958162,On or near Sowerby Road,E01013394,York 016B,Other theft,Unable to prosecute suspect,
a4144e00435834ab22f16284ef2cc93d55794da75243c6448592b12feaa55d73,2026-01,North Yorkshire Police,North Yorkshire Police,-1.118212,53.960586,On or near Lindsey Avenue,E01013394,York 016B,Violence and sexual offences,Unable to prosecute suspect,
97e3d28fd13ecb99ea3fad7696f2808fa36b05eae5f77dc9ab5fb3559c0bedcc,2026-01,North Yorkshire Police,North Yorkshire Police,-1.119258,53.957259,On or near Pately Place,E01013394,York 016B,Violence and sexual offences,Under investigation,
a3e27de525536573f63668d4838944744f204fb8831ae119cafab2d54b9aa5ff,2026-01,North Yorkshire Police,North Yorkshire Police,-1.119532,53.960911,On or near Manor Drive North,E01013394,York 016B,Violence and sexual offences,Unable to prosecute suspect,
d5d02f4ca0344ab99191b72634e29db4fb14fba6ba67c1549b259455347e11e3,2026-01,North Yorkshire Police,North Yorkshire Police,-1.119532,53.960911,On or near Manor Drive North,E01013394,York 016B,Violence and sexual offences,Unable to prosecute suspect,
fc981540ec23891aa4cb019a7ec4f7cb48f4bfd3b49887dd4b23149d14439663,2026-01,North Yorkshire Police,North Yorkshire Police,-1.122277,53.958630,On or near Severus Avenue,E01013394,York 016B,Violence and sexual offences,Unable to prosecute suspect,
669cf61dfab3071f48d1e9feafdefea8af8c8ab91d097c0dfe346fba9e189bd2,2026-01,North Yorkshire Police,North Yorkshire Police,-1.115873,53.958070,On or near Birstwith Drive,E01013394,York 016B,Violence and sexual offences,Under investigation,
669cf61dfab3071f48d1e9feafdefea8af8c8ab91d097c0dfe346fba9e189bd2,2026-01,North Yorkshire Police,North Yorkshire Police,-1.115873,53.958070,On or near Birstwith Drive,E01013394,York 016B,Violence and sexual offences,Under investigation,
48cf01c2763752b3ea995d5897db359cc33ab6777da4f45f6652289319130584,2026-01,North Yorkshire Police,North Yorkshire Police,-1.118507,53.958162,On or near Sowerby Road,E01013394,York 016B,Violence and sexual offences,Unable to prosecute suspect,
c6f30b2438b896f8b5f0b4f0ab1c3236726ae27f136ed7a85e57c9fcc9a6f07f,2026-01,North Yorkshire Police,North Yorkshire Police,-1.107127,53.955130,On or near Falconer Street,E01013395,York 016C,Burglary,Unable to prosecute suspect,
e8fb85b7cee90498019b39c903d1a06ebecad53578f8949f3f3f02251ead0270,2026-01,North Yorkshire Police,North Yorkshire Police,-1.107127,53.955130,On or near Falconer Street,E01013395,York 016C,Drugs,Under investigation,
5197e0a28dcc6bad6d7f14100913d31b3ac0f5e4678cc462c00ef88ed285233e,2026-01,North Yorkshire Police,North Yorkshire Police,-1.108239,53.952999,On or near Beech Avenue,E01013395,York 016C,Other theft,Under investigation,
a5f32ad3b027a8c7d8c3db7b98c8fa49e5417f464b3e67bf3c39525d3c0485fa,2026-01,North Yorkshire Police,North Yorkshire Police,-1.107127,53.955130,On or near Falconer Street,E01013395,York 016C,Public order,Under investigation,
93d87861903bc166fb0445ad6d3e148dc34071bdd18e0f43cf693beb9661ec1b,2026-01,North Yorkshire Police,North Yorkshire Police,-1.107127,53.955130,On or near Falconer Street,E01013395,York 016C,Shoplifting,Awaiting court outcome,
e38a1ac26f2c9c5897fd7f821160ba7dbbc395bb61bfa97a518b8a1d0631d92e,2026-01,North Yorkshire Police,North Yorkshire Police,-1.107127,53.955130,On or near Falconer Street,E01013395,York 016C,Violence and sexual offences,Unable to prosecute suspect,
3f575247b700c5276edac8c480039162b1a83d0ae7e2ba4b1cf84ba840db0213,2026-01,North Yorkshire Police,North Yorkshire Police,-1.107127,53.955130,On or near Falconer Street,E01013395,York 016C,Violence and sexual offences,Unable to prosecute suspect,
,2026-01,North Yorkshire Police,North Yorkshire Police,-1.120136,53.956402,On or near Supermarket,E01013396,York 016D,Anti-social behaviour,,
,2026-01,North Yorkshire Police,North Yorkshire Police,-1.120136,53.956402,On or near Supermarket,E01013396,York 016D,Anti-social behaviour,,
,2026-01,North Yorkshire Police,North Yorkshire Police,-1.120334,53.954634,On or near Lynden Way,E01013396,York 016D,Anti-social behaviour,,
258bb4394be3dd4eb4c1e0582b978552602d6b794fafbcddf42112dd261dc0fd,2026-01,North Yorkshire Police,North Yorkshire Police,-1.120136,53.956402,On or near Supermarket,E01013396,York 016D,Other theft,Further investigation is not in the public interest,
29673f770169a73456685d2dd9c842337190a632ee93f96fb8e4f9ed99d567a1,2026-01,North Yorkshire Police,North Yorkshire Police,-1.120136,53.956402,On or near Supermarket,E01013396,York 016D,Shoplifting,Unable to prosecute suspect,
48c159478ad92551cd4d3f453144483b4675d5c540d528e49d610e72e0766ba5,2026-01,North Yorkshire Police,North Yorkshire Police,-1.120136,53.956402,On or near Supermarket,E01013396,York 016D,Shoplifting,Under investigation,
fc29caf2b897379092232e6c4767e8765af76df90705022b405c022a0ba62b88,2026-01,North Yorkshire Police,North Yorkshire Police,-1.116964,53.956182,On or near Monument Close,E01013396,York 016D,Violence and sexual offences,Under investigation,
a5fde09bd489d14833c5a1e8900413345176b1e923576fff94f190eab7e94df1,2026-01,North Yorkshire Police,North Yorkshire Police,-1.116964,53.956182,On or near Monument Close,E01013396,York 016D,Violence and sexual offences,Under investigation,
0562d5dfda7263344852f3f25002c0980fb147681ad366f912b1a106cff4c7a0,2026-01,North Yorkshire Police,North Yorkshire Police,-1.116964,53.956182,On or near Monument Close,E01013396,York 016D,Violence and sexual offences,Under investigation,
a487cd63e9b45fcf9bc816d3b6de5cbca5f742798d0d12bb80c5755b932b75a2,2026-01,North Yorkshire Police,North Yorkshire Police,-1.115901,53.952426,On or near Carrick Gardens,E01013396,York 016D,Violence and sexual offences,Unable to prosecute suspect,
3ffc5e6fa4ab83853825444b23ae6d76975b2628cda5d5042d3ebd6c73c79fbe,2026-01,North Yorkshire Police,North Yorkshire Police,-1.116964,53.956182,On or near Monument Close,E01013396,York 016D,Violence and sexual offences,Unable to prosecute suspect,
,2026-01,North Yorkshire Police,North Yorkshire Police,-1.124486,53.955788,On or near York Road,E01013441,York 016E,Anti-social behaviour,,
,2026-01,North Yorkshire Police,North Yorkshire Police,-1.121983,53.954484,On or near Milner Street,E01013441,York 016E,Anti-social behaviour,,
,2026-01,North Yorkshire Police,North Yorkshire Police,-1.125394,53.955363,On or near Cross Street,E01013441,York 016E,Anti-social behaviour,,
,2026-01,North Yorkshire Police,North Yorkshire Police,-1.120971,53.951879,On or near Kingsthorpe,E01013441,York 016E,Anti-social behaviour,,
,2026-01,North Yorkshire Police,North Yorkshire Police,-1.125051,53.955702,On or near B1224,E01013441,York 016E,Anti-social behaviour,,
,2026-01,North Yorkshire Police,North Yorkshire Police,-1.126861,53.952246,On or near Dijon Avenue,E01013441,York 016E,Anti-social behaviour,,
,2026-01,North Yorkshire Police,North Yorkshire Police,-1.120971,53.951879,On or near Kingsthorpe,E01013441,York 016E,Anti-social behaviour,,
,2026-01,North Yorkshire Police,North Yorkshire Police,-1.120971,53.951879,On or near Kingsthorpe,E01013441,York 016E,Anti-social behaviour,,
,2026-01,North Yorkshire Police,North Yorkshire Police,-1.125394,53.955363,On or near Cross Street,E01013441,York 016E,Anti-social behaviour,,
,2026-01,North Yorkshire Police,North Yorkshire Police,-1.120971,53.951879,On or near Kingsthorpe,E01013441,York 016E,Anti-social behaviour,,
,2026-01,North Yorkshire Police,North Yorkshire Police,-1.121859,53.955337,On or near School Street,E01013441,York 016E,Anti-social behaviour,,
a5e31c307ea7f455c29ed3610a3b5674ab550636365ee078dca209899887d1fa,2026-01,North Yorkshire Police,North Yorkshire Police,-1.120971,53.951879,On or near Kingsthorpe,E01013441,York 016E,Bicycle theft,Investigation complete; no suspect identified,
bc428843142a8382e17b0dbaed7bb8bce3959cf736b30d9ada4a3bc1421deab4,2026-01,North Yorkshire Police,North Yorkshire Police,-1.121983,53.954484,On or near Milner Street,E01013441,York 016E,Burglary,Investigation complete; no suspect identified,
8484228f7e5ab62b2a893a25d84b21f7008a4352434a3704c69154bb4900f4f9,2026-01,North Yorkshire Police,North Yorkshire Police,-1.121859,53.955337,On or near School Street,E01013441,York 016E,Criminal damage and arson,Investigation complete; no suspect identified,
93b9d8076f8a1f43bb7270e3e58f2af25edc236e8018c6097427ecd7d2fba9b7,2026-01,North Yorkshire Police,North Yorkshire Police,-1.122997,53.953404,On or near Harold Court,E01013441,York 016E,Criminal damage and arson,Investigation complete; no suspect identified,
859b464ab3e2a697755ba63f6de4bf0a5010ed3abc00782b0c47432127ada270,2026-01,North Yorkshire Police,North Yorkshire Police,-1.121983,53.954484,On or near Milner Street,E01013441,York 016E,Criminal damage and arson,Investigation complete; no suspect identified,
a4a49e471e9fd311a85dc1d4689c549e68db2fe31716d0042adc66c2f5d16510,2026-01,North Yorkshire Police,North Yorkshire Police,-1.124486,53.955788,On or near York Road,E01013441,York 016E,Public order,Unable to prosecute suspect,
7efd82b9f0f37d7a3b60fda33dc1712624ffbd25b25469dd26a6725102673422,2026-01,North Yorkshire Police,North Yorkshire Police,-1.125394,53.955363,On or near Cross Street,E01013441,York 016E,Shoplifting,Under investigation,
d492165c5ea85f5acf94a1222f7b04dddb6d863abee16d8af4ba174d99d59762,2026-01,North Yorkshire Police,North Yorkshire Police,-1.124472,53.955006,On or near Beaconsfield Mews,E01013441,York 016E,Shoplifting,Investigation complete; no suspect identified,
ce0adaf1ec9ffd087d761b0eff31e9ba150b533c2357a021d9571837d8700388,2026-01,North Yorkshire Police,North Yorkshire Police,-1.125394,53.955363,On or near Cross Street,E01013441,York 016E,Shoplifting,Unable to prosecute suspect,
dedfae63195d67f95e4903f74baa20e3e5d60d92f038bbd2987f5b5600f7c691,2026-01,North Yorkshire Police,North Yorkshire Police,-1.125394,53.955363,On or near Cross Street,E01013441,York 016E,Vehicle crime,Under investigation,
43e8555a4a2e52b5e88a471d269da23b5ed68481151bb84fb39bc0fbcc3e3f7c,2026-01,North Yorkshire Police,North Yorkshire Police,-1.125394,53.955363,On or near Cross Street,E01013441,York 016E,Violence and sexual offences,Under investigation,
a13a559d68b04a55dc7aedb4d8a3678ebb87ee56f487ec746c29207723db2a36,2026-01,North Yorkshire Police,North Yorkshire Police,-1.124486,53.955788,On or near York Road,E01013441,York 016E,Violence and sexual offences,Under investigation,
b5d072b3b0e51e09f10de818f4f5c84bf15361a4340b2b9aaf5927cdc52f2614,2026-01,North Yorkshire Police,North Yorkshire Police,-1.125975,53.953794,On or near Parking Area,E01013441,York 016E,Violence and sexual offences,Under investigation,
8674bd7e9a0b747a4ac6e71ea36685d78bfc4ee0336901e5b2a035fc6555bfb8,2026-01,North Yorkshire Police,North Yorkshire Police,-1.125975,53.953794,On or near Parking Area,E01013441,York 016E,Violence and sexual offences,Under investigation,
26bfcc28b078772c5d7b0b3fa0553e5886bdecd94882a37e32fb8c7e6691880e,2026-01,North Yorkshire Police,North Yorkshire Police,-1.125394,53.955363,On or near Cross Street,E01013441,York 016E,Violence and sexual offences,Under investigation,
43b00811c6a8cfa55f47c0644f9187fd32097dbbf01a386e927d73ceedfb0d33,2026-01,North Yorkshire Police,North Yorkshire Police,-1.125975,53.953794,On or near Parking Area,E01013441,York 016E,Violence and sexual offences,Under investigation,
a93715b06607f6d14acd24180f453ac5704c87d0fc22d38b3857bdb5cdb1b2e9,2026-01,North Yorkshire Police,North Yorkshire Police,-1.125394,53.955363,On or near Cross Street,E01013441,York 016E,Violence and sexual offences,Unable to prosecute suspect,
b08a7a4472bb52112d2d94291f99dbffc18e9c81bf2e1d1392014b3e126ff5af,2026-01,North Yorkshire Police,North Yorkshire Police,-1.121983,53.954484,On or near Milner Street,E01013441,York 016E,Violence and sexual offences,Under investigation,
5b6f15c0662b5f54c977971e0d8141e114c9606393119f19b7e60bf6daaf2b38,2026-01,North Yorkshire Police,North Yorkshire Police,-1.125975,53.953794,On or near Parking Area,E01013441,York 016E,Violence and sexual offences,Under investigation,
f887b69df43ee3206cdefcbfd1b1740dc85e9ee61270e54dc54a17918036d9ab,2026-01,North Yorkshire Police,North Yorkshire Police,-1.121859,53.955337,On or near School Street,E01013441,York 016E,Violence and sexual offences,Unable to prosecute suspect,
,2026-01,North Yorkshire Police,North Yorkshire Police,-1.131397,53.952485,On or near Gale Farm Court,E01013445,York 016F,Anti-social behaviour,,
,2026-01,North Yorkshire Police,North Yorkshire Police,-1.131397,53.952485,On or near Gale Farm Court,E01013445,York 016F,Anti-social behaviour,,
bc78e2e1cea8e8f7474ee1de087eba87b1e7b0f9343acd305a11341c9fb379e1,2026-01,North Yorkshire Police,North Yorkshire Police,-1.130733,53.954368,On or near Meeting House Lane,E01013445,York 016F,Criminal damage and arson,Investigation complete; no suspect identified,
4fe0b7b4c00e755a9db2f179b5ae82026dc13451842330eeef7f845b04a3ac1a,2026-01,North Yorkshire Police,North Yorkshire Police,-1.130543,53.954699,On or near The Green,E01013445,York 016F,Drugs,Under investigation,
fe9d6f46a594a3313f8f591da0882c977752844cf594ef198f64bc458caad30a,2026-01,North Yorkshire Police,North Yorkshire Police,-1.130733,53.954368,On or near Meeting House Lane,E01013445,York 016F,Public order,Under investigation,
d7c7b6c3248ba937120fb94821827e219d699c08eb1ff3c7b918eda1a5e9eeec,2026-01,North Yorkshire Police,North Yorkshire Police,-1.131397,53.952485,On or near Gale Farm Court,E01013445,York 016F,Violence and sexual offences,Unable to prosecute suspect,
,2026-01,North Yorkshire Police,North Yorkshire Police,-1.104513,53.964026,On or near Jubilee Terrace,E01013390,York 017A,Anti-social behaviour,,
4a49645f1a1042f8ae35e82edd11861802982faf04ce0ae79dd1b0e0eab3458d,2026-01,North Yorkshire Police,North Yorkshire Police,-1.102429,53.963112,On or near Aldborough Way,E01013390,York 017A,Criminal damage and arson,Investigation complete; no suspect identified,
7c4e1aa1cfdd022cd7e81f9faec0e749139a7e18832bc50b531353f5ab037c83,2026-01,North Yorkshire Police,North Yorkshire Police,-1.106311,53.964049,On or near Bromley Street,E01013390,York 017A,Other theft,Investigation complete; no suspect identified,
b78d2193431d977c373ee48bfd5d09943687c6f2f519eb6f4a8ecb79a016a1fb,2026-01,North Yorkshire Police,North Yorkshire Police,-1.104435,53.964808,On or near Balfour Street,E01013390,York 017A,Vehicle crime,Under investigation,
118a6ba581d57e072ae0cac71d1b746272274d5a16fe733c8f3f0986769d5b88,2026-01,North Yorkshire Police,North Yorkshire Police,-1.105659,53.966021,On or near Swinerton Avenue,E01013390,York 017A,Violence and sexual offences,Under investigation,
9721705b0977541a3671499f7fae030575ca850edc69376de1d8fd5b6e22897d,2026-01,North Yorkshire Police,North Yorkshire Police,-1.104472,53.965239,On or near Rosebery Street,E01013390,York 017A,Violence and sexual offences,Investigation complete; no suspect identified,
ef8708ed8dfa63efcdafaf6bdabf36c49ccf2b48b5c5cf604046ba1d5f93ca59,2026-01,North Yorkshire Police,North Yorkshire Police,-1.106327,53.965424,On or near Lincoln Street,E01013390,York 017A,Violence and sexual offences,Unable to prosecute suspect,
ef8708ed8dfa63efcdafaf6bdabf36c49ccf2b48b5c5cf604046ba1d5f93ca59,2026-01,North Yorkshire Police,North Yorkshire Police,-1.106327,53.965424,On or near Lincoln Street,E01013390,York 017A,Violence and sexual offences,Under investigation,
1022ec33f3fb7a1fcd9523e1b2b119e456875924781211ddca56cb35beab154f,2026-01,North Yorkshire Police,North Yorkshire Police,-1.106521,53.963484,On or near Hanover Street East,E01013390,York 017A,Violence and sexual offences,Under investigation,
,2026-01,North Yorkshire Police,North Yorkshire Police,-1.109243,53.963091,On or near Stamford Street West,E01013391,York 017B,Anti-social behaviour,,
,2026-01,North Yorkshire Police,North Yorkshire Police,-1.109243,53.963091,On or near Stamford Street West,E01013391,York 017B,Anti-social behaviour,,
,2026-01,North Yorkshire Police,North Yorkshire Police,-1.108743,53.962934,On or near Walworth Street South,E01013391,York 017B,Anti-social behaviour,,
,2026-01,North Yorkshire Police,North Yorkshire Police,-1.097685,53.961153,On or near Parking Area,E01013391,York 017B,Anti-social behaviour,,
819cd61a868fdf3864b4abf5a601c65c1b0b3d08b0b35db2bc8a3a8bed656d96,2026-01,North Yorkshire Police,North Yorkshire Police,-1.108743,53.962934,On or near Walworth Street South,E01013391,York 017B,Vehicle crime,Investigation complete; no suspect identified,
8fe91c7b1ade09671133d2cbb5c7b6539242f85e7bb5122a7d9c8029005dd8ea,2026-01,North Yorkshire Police,North Yorkshire Police,-1.102133,53.954922,On or near Enfield Crescent,E01013391,York 017B,Vehicle crime,Unable to prosecute suspect,
d3e7694166c02f9abd5c4afa349f44ebb92cdeae4580fb595aecdd38a07a8a70,2026-01,North Yorkshire Police,North Yorkshire Police,-1.107269,53.962726,On or near Garfield Terrace,E01013391,York 017B,Violence and sexual offences,Unable to prosecute suspect,
8a180a000aa6cd2837749ca006c7ede6bc13ace07f968abcee3bcb5db02313f6,2026-01,North Yorkshire Police,North Yorkshire Police,-1.108743,53.962934,On or near Walworth Street South,E01013391,York 017B,Violence and sexual offences,Under investigation,
e5bcf1134e9e4add423f966ddc8a10f362fbf267062a28f0a1a255b05cf10c1f,2026-01,North Yorkshire Police,North Yorkshire Police,-1.101688,53.961435,On or near Martins Court,E01013391,York 017B,Violence and sexual offences,Under investigation,
1821e1e754f9bde48152c922bec3afdb527e3c10369f851e58ac3f540381a3b1,2026-01,North Yorkshire Police,North Yorkshire Police,-1.105979,53.951085,On or near Clive Grove,E01013397,York 017C,Bicycle theft,Unable to prosecute suspect,
c093837e123b676d643c545f05163632dc668caeaaee68df34102ef6191380bc,2026-01,North Yorkshire Police,North Yorkshire Police,-1.100694,53.953787,On or near Holgate Road,E01013397,York 017C,Other theft,Unable to prosecute suspect,
84172594b128f4664643c77033a0ae071bebca0b0eb7f62731e13d23c5f56092,2026-01,North Yorkshire Police,North Yorkshire Police,-1.100253,53.954449,On or near Cecilia Place,E01013397,York 017C,Violence and sexual offences,Unable to prosecute suspect,
81e3c99ef5042287d469cfff6cecf744064173766dfa2482669150aecddca9ca,2026-01,North Yorkshire Police,North Yorkshire Police,-1.088920,53.949339,On or near Millfield Road,E01013413,York 017D,Violence and sexual offences,Unable to prosecute suspect,
,2026-01,North Yorkshire Police,North Yorkshire Police,-1.095287,53.952273,On or near Mill Mount Court,E01013417,York 017E,Anti-social behaviour,,
,2026-01,North Yorkshire Police,North Yorkshire Police,-1.098639,53.950150,On or near Mount Vale,E01013417,York 017E,Anti-social behaviour,,
,2026-01,North Yorkshire Police,North Yorkshire Police,-1.092512,53.953735,On or near Shaw'S Terrace,E01013417,York 017E,Anti-social behaviour,,
,2026-01,North Yorkshire Police,North Yorkshire Police,-1.098639,53.950150,On or near Mount Vale,E01013417,York 017E,Anti-social behaviour,,
,2026-01,North Yorkshire Police,North Yorkshire Police,-1.094676,53.949482,On or near Telford Terrace,E01013417,York 017E,Anti-social behaviour,,
1a5103ed86c856d2a2e9d3190bdfd854294198fe7874e22af334af3a21a07278,2026-01,North Yorkshire Police,North Yorkshire Police,-1.094676,53.949482,On or near Telford Terrace,E01013417,York 017E,Criminal damage and arson,Investigation complete; no suspect identified,
a8f4f7af3c38f1d0e9e93f52457155707b6d184207a402bf192b4ae2c5409e1d,2026-01,North Yorkshire Police,North Yorkshire Police,-1.098639,53.950150,On or near Mount Vale,E01013417,York 017E,Criminal damage and arson,Investigation complete; no suspect identified,
70ced2b68e61ab6c0926af9878e219da199b55eaebe1941b210c4d3f3cbe3a82,2026-01,North Yorkshire Police,North Yorkshire Police,-1.095977,53.953473,On or near St Catherines Place,E01013417,York 017E,Criminal damage and arson,Investigation complete; no suspect identified,
db2908dfac919ef21fa2f81cf3aac9897dec12478def1fe2692075ddd2fc96bb,2026-01,North Yorkshire Police,North Yorkshire Police,-1.092761,53.952811,On or near Park Street,E01013417,York 017E,Drugs,Under investigation,
221eff2bafa7fa58c51d87dcd77a211f8e9e83560ecd1ab21e56e7fa8d22a843,2026-01,North Yorkshire Police,North Yorkshire Police,-1.092761,53.952811,On or near Park Street,E01013417,York 017E,Public order,Under investigation,
0f2fca1a4e16cdf213505a42458ad5ef7da216597616ccbc22839a5fc929091f,2026-01,North Yorkshire Police,North Yorkshire Police,-1.092761,53.952811,On or near Park Street,E01013417,York 017E,Violence and sexual offences,Under investigation,
ede1ab55f21f56d8c9bdc846068d0261cd824efc7fa57ca9568db85b6b75cbee,2026-01,North Yorkshire Police,North Yorkshire Police,-1.092761,53.952811,On or near Park Street,E01013417,York 017E,Violence and sexual offences,Under investigation,
c1eb9ea8cd3cb3e7ea9e219e567d471adac7f1c5d612f413052a47e88b596455,2026-01,North Yorkshire Police,North Yorkshire Police,-1.098072,53.951709,On or near Driffield Terrace,E01013417,York 017E,Violence and sexual offences,Unable to prosecute suspect,
408f6bd596df1893ca598c44220868f30a68d9bbdb0f31f2cd3ddca67dd3cf33,2026-01,North Yorkshire Police,North Yorkshire Police,-1.139139,53.951678,On or near Parker Avenue,E01013442,York 018A,Burglary,Investigation complete; no suspect identified,
5fbea9817c3ccf7d4c5a8d7c6d42506bf9c6a5eac6f8726ac940d2b8e7c20c43,2026-01,North Yorkshire Police,North Yorkshire Police,-1.136134,53.948879,On or near Robinson Drive,E01013442,York 018A,Violence and sexual offences,Unable to prosecute suspect,
,2026-01,North Yorkshire Police,North Yorkshire Police,-1.120861,53.944104,On or near Supermarket,E01013443,York 018B,Anti-social behaviour,,
,2026-01,North Yorkshire Police,North Yorkshire Police,-1.124898,53.946290,On or near Clay Place,E01013443,York 018B,Anti-social behaviour,,
c541ade4548fc2d9a39da34a2a70873cb6195fba70f898bf44caa7b79eb2a2ab,2026-01,North Yorkshire Police,North Yorkshire Police,-1.122964,53.948397,On or near Stuart Road,E01013443,York 018B,Criminal damage and arson,Unable to prosecute suspect,
bcca6f0468c4245d589bd167c2a2cd70c946293d38f4f34ae5ded1eb344a7783,2026-01,North Yorkshire Police,North Yorkshire Police,-1.124898,53.946290,On or near Clay Place,E01013443,York 018B,Criminal damage and arson,Under investigation,
6a07bb45c836c9a4e2d168e50f5a356ff482fdf3edf14c0e510d5702b3dc4443,2026-01,North Yorkshire Police,North Yorkshire Police,-1.121907,53.947949,On or near Kingsway West,E01013443,York 018B,Criminal damage and arson,Unable to prosecute suspect,
eccda444ff4f68ae46e8ca517e7dd290de64896b866fabc92008270c89a50d6c,2026-01,North Yorkshire Police,North Yorkshire Police,-1.126400,53.942931,On or near Herman Walk,E01013443,York 018B,Criminal damage and arson,Investigation complete; no suspect identified,
c8415824d0738a967f15acb3f52b8d7b5ace23443bf9cc6a96d864e166761393,2026-01,North Yorkshire Police,North Yorkshire Police,-1.124431,53.945307,On or near Chesney Fields,E01013443,York 018B,Drugs,Local resolution,
69b730e202127a9bd15a3a8362e8fd9766a8623f836dd8d4e5d5e0113c7291bf,2026-01,North Yorkshire Police,North Yorkshire Police,-1.118970,53.946346,On or near Kempton Close,E01013443,York 018B,Possession of weapons,Under investigation,
0e906c640fdf577772789c44a574e2d6a7baa48f3df6c40959a4c698ce7064df,2026-01,North Yorkshire Police,North Yorkshire Police,-1.124898,53.946290,On or near Clay Place,E01013443,York 018B,Public order,Awaiting court outcome,
82ed2f5a9da6f8f8c64584bec860bb969d9f9b4c6c71ac4c0f81054b1f6a2583,2026-01,North Yorkshire Police,North Yorkshire Police,-1.126400,53.942931,On or near Herman Walk,E01013443,York 018B,Public order,Investigation complete; no suspect identified,
ae3ded527f701dc497ad3ab6bc632d08bc57d656eeb5cbf06ab5093d776b3ba4,2026-01,North Yorkshire Police,North Yorkshire Police,-1.124898,53.946290,On or near Clay Place,E01013443,York 018B,Shoplifting,Investigation complete; no suspect identified,
0f1c58ed5457d594adfbee4f96832a39e8ff25093e76ca54bdfdacc92ff665e3,2026-01,North Yorkshire Police,North Yorkshire Police,-1.124898,53.946290,On or near Clay Place,E01013443,York 018B,Vehicle crime,Investigation complete; no suspect identified,
98cfdc34fb6d13c2975e0860e83ceb75ce5a93bd55f9fc39afdb28a59ff718ec,2026-01,North Yorkshire Police,North Yorkshire Police,-1.117783,53.946265,On or near Hob Stone Court,E01013443,York 018B,Violence and sexual offences,Unable to prosecute suspect,
0a0fd0b9894a06508276ff39cefdd3da571ccb521f09724a138cbbd76da60f3b,2026-01,North Yorkshire Police,North Yorkshire Police,-1.124898,53.946290,On or near Clay Place,E01013443,York 018B,Violence and sexual offences,Unable to prosecute suspect,
8f9c0ad8c9b9347a7d56efe1505b0c899d5311ec79b97e3823ce2f3f4f6bb5dd,2026-01,North Yorkshire Police,North Yorkshire Police,-1.120861,53.944104,On or near Supermarket,E01013443,York 018B,Violence and sexual offences,Unable to prosecute suspect,
acc1c389ec661af9824b8eb785e23ea356403b5d3f9e2f0cf77148086d2233c3,2026-01,North Yorkshire Police,North Yorkshire Police,-1.117783,53.946265,On or near Hob Stone Court,E01013443,York 018B,Violence and sexual offences,Unable to prosecute suspect,
48c43c43ad10600dcd65640c7c40e41e7fc79f1c2df5277644387713d3611b89,2026-01,North Yorkshire Police,North Yorkshire Police,-1.118970,53.946346,On or near Kempton Close,E01013443,York 018B,Violence and sexual offences,Unable to prosecute suspect,
d37c763242328d8fc6389f33ceec6672a9f0a1a4deee2eb1bc6f6fd3241bbdbe,2026-01,North Yorkshire Police,North Yorkshire Police,-1.118574,53.947772,On or near Sandown Close,E01013443,York 018B,Violence and sexual offences,Under investigation,
f3ce78bb85e5c04ce1018a0e6984df56627d884d136d35ace0a323b387f991b3,2026-01,North Yorkshire Police,North Yorkshire Police,-1.124898,53.946290,On or near Clay Place,E01013443,York 018B,Violence and sexual offences,Unable to prosecute suspect,
3e9319b7e0e06d607c73471d9b3d40ec53a9fa491ae1dd2753d10fad3b608ed4,2026-01,North Yorkshire Police,North Yorkshire Police,-1.124431,53.945307,On or near Chesney Fields,E01013443,York 018B,Violence and sexual offences,Under investigation,
f549cef655e767e44bb5ccd4fa26ba70a82db8ac3bb378e7309b8d3ab9b2f9f3,2026-01,North Yorkshire Police,North Yorkshire Police,-1.122964,53.948397,On or near Stuart Road,E01013443,York 018B,Violence and sexual offences,Unable to prosecute suspect,
a36dd3686cf39b83430d24f1b5d4e30c1322276228fb04c1ef7da434056b5d64,2026-01,North Yorkshire Police,North Yorkshire Police,-1.124431,53.945307,On or near Chesney Fields,E01013443,York 018B,Other crime,Under investigation,
28068a543d62dec8c63fab76aa0174d15539d700a52a2771fbcb8cbf669c4424,2026-01,North Yorkshire Police,North Yorkshire Police,-1.140524,53.953252,On or near Barkston Avenue,E01013444,York 018C,Criminal damage and arson,Investigation complete; no suspect identified,
5f9f4553b3674100e86e521c35f7bd98a27437b88663ad2fd6937c34be6e83ba,2026-01,North Yorkshire Police,North Yorkshire Police,-1.145575,53.952901,On or near The Burn,E01013444,York 018C,Violence and sexual offences,Under investigation,
,2026-01,North Yorkshire Police,North Yorkshire Police,-1.132381,53.943271,On or near Supermarket,E01013446,York 018D,Anti-social behaviour,,
,2026-01,North Yorkshire Police,North Yorkshire Police,-1.138257,53.945686,On or near St Josephs Court,E01013446,York 018D,Anti-social behaviour,,
,2026-01,North Yorkshire Police,North Yorkshire Police,-1.133456,53.947979,On or near Cornlands Road,E01013446,York 018D,Anti-social behaviour,,
3bde336db4eb88ca4bfb2f0b134704aa1e7683d135da6514fc39fa59090915df,2026-01,North Yorkshire Police,North Yorkshire Police,-1.137083,53.945758,On or near St Michaels Court,E01013446,York 018D,Criminal damage and arson,Under investigation,
655e3ec7933b5c40243f5f57ce693fc1741577b9ccd9f42d539ab4d1b0dce339,2026-01,North Yorkshire Police,North Yorkshire Police,-1.133456,53.947979,On or near Cornlands Road,E01013446,York 018D,Criminal damage and arson,Investigation complete; no suspect identified,
a015520f5cc23b4960344556c30153226e183d6992bbcec42c709791f2e84936,2026-01,North Yorkshire Police,North Yorkshire Police,-1.139581,53.947268,On or near Westfield Place,E01013446,York 018D,Other theft,Under investigation,
752bbc4e422010688e108c86876ea8bf81eccb610f802a68991d34dc3bc1bac0,2026-01,North Yorkshire Police,North Yorkshire Police,-1.138257,53.945686,On or near St Josephs Court,E01013446,York 018D,Other theft,Investigation complete; no suspect identified,
2cffb4aa06b9e1b54c1256d486845eb02db6e7ed4aa1747032fd10356d7af03b,2026-01,North Yorkshire Police,North Yorkshire Police,-1.132381,53.943271,On or near Supermarket,E01013446,York 018D,Public order,Unable to prosecute suspect,
94e99d44d6d6af7227123209a5f67ae31eef4bffda4bbf318181c94cf8439b6a,2026-01,North Yorkshire Police,North Yorkshire Police,-1.132381,53.943271,On or near Supermarket,E01013446,York 018D,Public order,Further investigation is not in the public interest,
2a7acb949082cc9604667e37e25f111424c996c49e0605809317c8bd211f40af,2026-01,North Yorkshire Police,North Yorkshire Police,-1.132381,53.943271,On or near Supermarket,E01013446,York 018D,Shoplifting,Unable to prosecute suspect,
c06b0919148f1ad49145870a3d0216ac86279b7fba9d6f69e4fde05f44983c1e,2026-01,North Yorkshire Police,North Yorkshire Police,-1.133456,53.947979,On or near Cornlands Road,E01013446,York 018D,Shoplifting,Investigation complete; no suspect identified,
6bef648b23d3c233bfa12e93bfef5f8645615a246de64ffc8c940e7511c9f506,2026-01,North Yorkshire Police,North Yorkshire Police,-1.132381,53.943271,On or near Supermarket,E01013446,York 018D,Shoplifting,Awaiting court outcome,
5746bbb2bc87c225454709f6adcbbcdb43ac3eaa80ba6d062059c2c01fae1213,2026-01,North Yorkshire Police,North Yorkshire Police,-1.134130,53.945584,On or near Tithe Close,E01013446,York 018D,Violence and sexual offences,Under investigation,
442d08fce61b5c0322a8ad72b5e4a9856ca92d66eae5956496637ca3f80a10b2,2026-01,North Yorkshire Police,North Yorkshire Police,-1.135662,53.947411,On or near The Knoll,E01013446,York 018D,Violence and sexual offences,Under investigation,
83ee21248151b575aebc489ac9849f9ec5814a6ce9eca2a6d6d3176610dbc350,2026-01,North Yorkshire Police,North Yorkshire Police,-1.134130,53.945584,On or near Tithe Close,E01013446,York 018D,Violence and sexual offences,Under investigation,
,2026-01,North Yorkshire Police,North Yorkshire Police,-1.128645,53.948547,On or near Parking Area,E01013447,York 018E,Anti-social behaviour,,
b0316b93a50b52a79fa9ffd1cd7c87a5900bc20bdf36d520e657ef2a6c7100c7,2026-01,North Yorkshire Police,North Yorkshire Police,-1.127266,53.948905,On or near Gale Lane,E01013447,York 018E,Burglary,Under investigation,
0849be6e22a3e1011c5ebbccea1fe6e58b547b5438b14c8a416df137772faa9f,2026-01,North Yorkshire Police,North Yorkshire Police,-1.125231,53.948567,On or near Middleton Road,E01013447,York 018E,Burglary,Investigation complete; no suspect identified,
4be51a43d69b476df2ed6dec75ed583642730ca2fe78d14e9c296a56ac98f601,2026-01,North Yorkshire Police,North Yorkshire Police,-1.128645,53.948547,On or near Parking Area,E01013447,York 018E,Violence and sexual offences,Unable to prosecute suspect,
0969d8f5a55be974a009641bc50380904ef6a0deafe3c79d8cfd4a0723796c10,2026-01,North Yorkshire Police,North Yorkshire Police,-1.125231,53.948567,On or near Middleton Road,E01013447,York 018E,Violence and sexual offences,Under investigation,
803cf01914bbf89a19bd49c6506488f0475f0c62c9dbbb90914ef735f04ca7b0,2026-01,North Yorkshire Police,North Yorkshire Police,-1.125231,53.948567,On or near Middleton Road,E01013447,York 018E,Violence and sexual offences,Under investigation,
abdc82d533cae364037bf548747257920a2a8580fc31aa06eed23e4692a65a60,2026-01,North Yorkshire Police,North Yorkshire Police,-1.125231,53.948567,On or near Middleton Road,E01013447,York 018E,Violence and sexual offences,Under investigation,
e935ec37e4c475ff2332267acdfda9fcbf2e4efe8794475ab2fe7562e0d02e52,2026-01,North Yorkshire Police,North Yorkshire Police,-1.125231,53.948567,On or near Middleton Road,E01013447,York 018E,Violence and sexual offences,Under investigation,
b5bcd2b45f9480ed83c0e2a90cdf513bbeb992ac4b8bd5ecf016af1a34c051fb,2026-01,North Yorkshire Police,North Yorkshire Police,-1.125231,53.948567,On or near Middleton Road,E01013447,York 018E,Violence and sexual offences,Under investigation,
81aca6a238987d2dae878bf6cf856a98a96e44e85f6bb75e804bfa80111ced99,2026-01,North Yorkshire Police,North Yorkshire Police,-1.129004,53.945179,On or near St Stephen'S Square,E01013447,York 018E,Violence and sexual offences,Further action is not in the public interest,
67189b2e6c882f31f81782a88cf85a192f6256c4d3e5ab06aa72e8ee56fc5c58,2026-01,North Yorkshire Police,North Yorkshire Police,-1.127266,53.948905,On or near Gale Lane,E01013447,York 018E,Violence and sexual offences,Under investigation,
,2026-01,North Yorkshire Police,North Yorkshire Police,-1.133928,53.941385,On or near Eaton Court,E01013448,York 018F,Anti-social behaviour,,
,2026-01,North Yorkshire Police,North Yorkshire Police,-1.130993,53.941876,On or near Rogers Court,E01013448,York 018F,Anti-social behaviour,,
d43defd07181de98fc586e262b5f2c9f0e82c6622cc810f8b2e2ac59c466ca5c,2026-01,North Yorkshire Police,North Yorkshire Police,-1.130745,53.942818,On or near Foxwood Lane,E01013448,York 018F,Bicycle theft,Under investigation,
c1a53503143c8deb90c22f12e0e53a2302297c97649accb7a34d04e8d9caa7e6,2026-01,North Yorkshire Police,North Yorkshire Police,-1.134173,53.942052,On or near Morrell Court,E01013448,York 018F,Other theft,Under investigation,
47cdbdcc168202c94b439b5ee46d1744bd857da01636cb3fd45c25c5cf7fd7fa,2026-01,North Yorkshire Police,North Yorkshire Police,-1.133928,53.941385,On or near Eaton Court,E01013448,York 018F,Violence and sexual offences,Under investigation,
0a5b439a6c31f88ea7702f7b108945f61135f829de9ddfa131a7f3ba3d36f134,2026-01,North Yorkshire Police,North Yorkshire Police,-1.129216,53.941603,On or near Lydham Court,E01013448,York 018F,Violence and sexual offences,Unable to prosecute suspect,
6d3bb26048016b9eb2a162c1852e605d369d281f95aea15fca5a87afb548e4b8,2026-01,North Yorkshire Police,North Yorkshire Police,-1.130745,53.942818,On or near Foxwood Lane,E01013448,York 018F,Violence and sexual offences,Unable to prosecute suspect,
a29af039bcf7e251c427253f55f30a760548c8309a227357c2ee5f79d1522816,2026-01,North Yorkshire Police,North Yorkshire Police,-1.127596,53.940396,On or near Wenham Road,E01013448,York 018F,Violence and sexual offences,Unable to prosecute suspect,
17f3c4e3a93a244c6dd7fdf48dc13ce4b27364b881a83d4b5e8636f09b53cf22,2026-01,North Yorkshire Police,North Yorkshire Police,-1.069985,53.940907,On or near Supermarket,E01013360,York 019A,Public order,Investigation complete; no suspect identified,
e3d3318312ed15c4ddf60399b5df8a10189f82eb0f77713510c838784198e847,2026-01,North Yorkshire Police,North Yorkshire Police,-1.072964,53.940784,On or near ,E01013360,York 019A,Violence and sexual offences,Unable to prosecute suspect,
62c8c78be4ea38f093462051e5c721085b03b5476a840ab6b8eedc22c4815ad3,2026-01,North Yorkshire Police,North Yorkshire Police,-1.067895,53.939669,On or near Endfields Road,E01013360,York 019A,Violence and sexual offences,Unable to prosecute suspect,
,2026-01,North Yorkshire Police,North Yorkshire Police,-1.076553,53.950476,On or near Sandringham Street,E01013361,York 019B,Anti-social behaviour,,
,2026-01,North Yorkshire Police,North Yorkshire Police,-1.076553,53.950476,On or near Sandringham Street,E01013361,York 019B,Anti-social behaviour,,
6e5c96d43f3e6e54b61d2799cb9e204adc33130ded634fd4774856a1d5ba75bc,2026-01,North Yorkshire Police,North Yorkshire Police,-1.078366,53.947021,On or near Frances Street,E01013361,York 019B,Violence and sexual offences,Unable to prosecute suspect,
71306608bdf9f29044fee1d939e88f0c43baad76087bb66e485e3b68e654147d,2026-01,North Yorkshire Police,North Yorkshire Police,-1.078366,53.947021,On or near Frances Street,E01013361,York 019B,Violence and sexual offences,Under investigation,
71306608bdf9f29044fee1d939e88f0c43baad76087bb66e485e3b68e654147d,2026-01,North Yorkshire Police,North Yorkshire Police,-1.078366,53.947021,On or near Frances Street,E01013361,York 019B,Violence and sexual offences,Under investigation,
64c9704eca2ecac002089f0d9abbcbd1aa9dd25ea34319700da6c823b1b9c27f,2026-01,North Yorkshire Police,North Yorkshire Police,-1.074925,53.947321,On or near ,E01013361,York 019B,Violence and sexual offences,Investigation complete; no suspect identified,
,2026-01,North Yorkshire Police,North Yorkshire Police,-1.073584,53.948305,On or near Maida Grove,E01013362,York 019C,Anti-social behaviour,,
28e8e61916792fa6437f48a7180c51c581f1c7110ddb47751b0edb1e08c35e87,2026-01,North Yorkshire Police,North Yorkshire Police,-1.074596,53.946614,On or near Wenlock Terrace,E01013362,York 019C,Criminal damage and arson,Under investigation,
83d8cffb2ddcfdf3c86a2f44806d7776fcd41b28fbf4eb4dee47136ab79bfbc3,2026-01,North Yorkshire Police,North Yorkshire Police,-1.072405,53.946490,On or near Police Station,E01013362,York 019C,Drugs,Under investigation,
a3f27e5f04b4fa9eb5064b1b1f6ec1002fbe27848aab28d472dad11b07fe9ab9,2026-01,North Yorkshire Police,North Yorkshire Police,-1.072405,53.946490,On or near Police Station,E01013362,York 019C,Drugs,Awaiting court outcome,
fcf27c7b1673d0d132ad1c3ac6378b18c1ff81b0e3c0472cd3c5eed032a2f615,2026-01,North Yorkshire Police,North Yorkshire Police,-1.072405,53.946490,On or near Police Station,E01013362,York 019C,Drugs,Local resolution,
864da8cb10263f911b0eef425c54c3df6bc3c012b68efbeaf77fe44f8ce9fb1e,2026-01,North Yorkshire Police,North Yorkshire Police,-1.074596,53.946614,On or near Wenlock Terrace,E01013362,York 019C,Other theft,Unable to prosecute suspect,
60806f938aa85e39d055e4e4eefba3dd9154394c0be2d8912a9e99f995727b6f,2026-01,North Yorkshire Police,North Yorkshire Police,-1.073654,53.947209,On or near Sports/Recreation Area,E01013362,York 019C,Other theft,Investigation complete; no suspect identified,
4357bf45fdbb4f31dc42c67af7479982a4d7d1141e95884c60bd376bb3a82ce0,2026-01,North Yorkshire Police,North Yorkshire Police,-1.072405,53.946490,On or near Police Station,E01013362,York 019C,Public order,Under investigation,
db3984677a15f5fea37c90d8a245dfbf137ee1855f096a1da6edb8c0ffcefffe,2026-01,North Yorkshire Police,North Yorkshire Police,-1.072405,53.946490,On or near Police Station,E01013362,York 019C,Public order,Awaiting court outcome,
88c215b24ed9d3f4ba1d5768bbe612251d248ff137a08c95a8b777cca86b7bda,2026-01,North Yorkshire Police,North Yorkshire Police,-1.072405,53.946490,On or near Police Station,E01013362,York 019C,Public order,Awaiting court outcome,
1c0c0f91a7122459748f3321515ebdd775464ec44c3d0adcd4175241b05b7717,2026-01,North Yorkshire Police,North Yorkshire Police,-1.072405,53.946490,On or near Police Station,E01013362,York 019C,Public order,Awaiting court outcome,
95aa807c39019ec10fc902f8debb1194fc87fc7c8f059976ea4756ed54f4c346,2026-01,North Yorkshire Police,North Yorkshire Police,-1.072405,53.946490,On or near Police Station,E01013362,York 019C,Public order,Awaiting court outcome,
b860f58c01fd74a45f186ee0fd6f4b6473f62242ebb047c5e24b8f8e9d9bb6cc,2026-01,North Yorkshire Police,North Yorkshire Police,-1.072405,53.946490,On or near Police Station,E01013362,York 019C,Public order,Awaiting court outcome,
c153d4b0c886b97d69c1e490afd0b376b879ad37fb6e65ccf5d59dc7332927ea,2026-01,North Yorkshire Police,North Yorkshire Police,-1.072405,53.946490,On or near Police Station,E01013362,York 019C,Public order,Awaiting court outcome,
280fd0fdff35536a1e6bc2fe0e1488bad1e8040503c3f8989757c122ebd852e5,2026-01,North Yorkshire Police,North Yorkshire Police,-1.072405,53.946490,On or near Police Station,E01013362,York 019C,Public order,Under investigation,
a97000e222a4e5b00a059a0c0a26caac73900980007b8ee9871b15a7dbe87471,2026-01,North Yorkshire Police,North Yorkshire Police,-1.072405,53.946490,On or near Police Station,E01013362,York 019C,Public order,Awaiting court outcome,
d480e8a0b55b586d025892356dae3433a1f009e9bbeadb07c31ca7fc8ffb44e7,2026-01,North Yorkshire Police,North Yorkshire Police,-1.074596,53.946614,On or near Wenlock Terrace,E01013362,York 019C,Shoplifting,Investigation complete; no suspect identified,
fa4f702c46f5b693301552a864300212db5aba06551cd6d9684293d77e3500fe,2026-01,North Yorkshire Police,North Yorkshire Police,-1.075316,53.943681,On or near Supermarket,E01013362,York 019C,Shoplifting,Investigation complete; no suspect identified,
53bd04985a1daaa297eb540b7cbf821623b8a74ccfa48fcbe4442dd632e63c29,2026-01,North Yorkshire Police,North Yorkshire Police,-1.074596,53.946614,On or near Wenlock Terrace,E01013362,York 019C,Violence and sexual offences,Under investigation,
e682bcc5f0069724ae71ad463ab53c92f2ad3c9c67267be48e86633e80725acc,2026-01,North Yorkshire Police,North Yorkshire Police,-1.074596,53.946614,On or near Wenlock Terrace,E01013362,York 019C,Violence and sexual offences,Under investigation,
4a7f03375045fce7ccaffaf3cb3b1b251e067af3318b0a06632a3d7ecfcd1489,2026-01,North Yorkshire Police,North Yorkshire Police,-1.074596,53.946614,On or near Wenlock Terrace,E01013362,York 019C,Violence and sexual offences,Under investigation,
4fe667fa478eef9c120b9dd75888ce0e98bf1c892eded0f7a23d64b8ad47fa92,2026-01,North Yorkshire Police,North Yorkshire Police,-1.072405,53.946490,On or near Police Station,E01013362,York 019C,Violence and sexual offences,Under investigation,
62161ad408f4760e2de1706fca3a32442dcf749d2170902f3c555a016bb3b971,2026-01,North Yorkshire Police,North Yorkshire Police,-1.072405,53.946490,On or near Police Station,E01013362,York 019C,Violence and sexual offences,Under investigation,
0a377886fa37fa3417a1a71c2dc4d63f6bd5c7f36ce26fbb58b928044199ca80,2026-01,North Yorkshire Police,North Yorkshire Police,-1.074596,53.946614,On or near Wenlock Terrace,E01013362,York 019C,Violence and sexual offences,Unable to prosecute suspect,
0ab6d5377f1f85eb0920f4b5489cdc7f13484a8e92fc97e006206e9645504a31,2026-01,North Yorkshire Police,North Yorkshire Police,-1.074596,53.946614,On or near Wenlock Terrace,E01013362,York 019C,Violence and sexual offences,Under investigation,
381b343fb21bb3211766bae97896df659d069119940f972162abae4084f7c1aa,2026-01,North Yorkshire Police,North Yorkshire Police,-1.076034,53.944298,On or near Maple Grove,E01013362,York 019C,Violence and sexual offences,Under investigation,
f0424d2970d50679048409e86bb6522c4c3a95d44b03e142fd2a759c85d7358f,2026-01,North Yorkshire Police,North Yorkshire Police,-1.074596,53.946614,On or near Wenlock Terrace,E01013362,York 019C,Violence and sexual offences,Unable to prosecute suspect,
580c5d77badd07e69e000f72ce22de006ac65e62a009ebf71796b665b271a3c5,2026-01,North Yorkshire Police,North Yorkshire Police,-1.074596,53.946614,On or near Wenlock Terrace,E01013362,York 019C,Violence and sexual offences,Unable to prosecute suspect,
fc98b856b5cb5017b800c27da3a45dcc5371fea98aaeed823ee14ddfc8755446,2026-01,North Yorkshire Police,North Yorkshire Police,-1.074596,53.946614,On or near Wenlock Terrace,E01013362,York 019C,Violence and sexual offences,Unable to prosecute suspect,
4ab609441554f58a1860efb58265551dc6568fa30434fc25a7057bf82533bd67,2026-01,North Yorkshire Police,North Yorkshire Police,-1.076046,53.946518,On or near Ambrose Street,E01013362,York 019C,Violence and sexual offences,Under investigation,
fba98fd4bfd9c6e77ee63c55397df5bf2c7924abc910c2c8258cf295178d40d1,2026-01,North Yorkshire Police,North Yorkshire Police,-1.072405,53.946490,On or near Police Station,E01013362,York 019C,Other crime,Unable to prosecute suspect,
,2026-01,North Yorkshire Police,North Yorkshire Police,-1.059787,53.954050,On or near Petrol Station,E01013363,York 019D,Anti-social behaviour,,
,2026-01,North Yorkshire Police,North Yorkshire Police,-1.073541,53.953680,On or near Supermarket,E01013363,York 019D,Anti-social behaviour,,
,2026-01,North Yorkshire Police,North Yorkshire Police,-1.063649,53.954421,On or near Milton Street,E01013363,York 019D,Anti-social behaviour,,
,2026-01,North Yorkshire Police,North Yorkshire Police,-1.064411,53.954454,On or near Lawrence Street,E01013363,York 019D,Anti-social behaviour,,
f59dd2991294247f3bea55cb8e0518c3359552991963cb048b486a9e5d6043c9,2026-01,North Yorkshire Police,North Yorkshire Police,-1.063042,53.952286,On or near Blakeney Place,E01013363,York 019D,Burglary,Under investigation,
142e84fb624b1a5e71db83d2889a8761999abceb5b098a8849469d70f5bee1b0,2026-01,North Yorkshire Police,North Yorkshire Police,-1.070904,53.954388,On or near Lawrence Court,E01013363,York 019D,Criminal damage and arson,Investigation complete; no suspect identified,
aaeb4b4e16f916e78f629a128ab5f53aef8eb6421991112ce0f7c8ffed018ca5,2026-01,North Yorkshire Police,North Yorkshire Police,-1.059787,53.954050,On or near Petrol Station,E01013363,York 019D,Criminal damage and arson,Unable to prosecute suspect,
b2e6ce8e3fd849b00b38b4dd97f772e2907c39fdf8e94bdf25e3cef3d5115595,2026-01,North Yorkshire Police,North Yorkshire Police,-1.059787,53.954050,On or near Petrol Station,E01013363,York 019D,Drugs,Formal action is not in the public interest,
f5e0780a526e0611d143b0620a56f239644283280dac104055833441fd05b832,2026-01,North Yorkshire Police,North Yorkshire Police,-1.067527,53.952753,On or near Daysfoot Court,E01013363,York 019D,Violence and sexual offences,Unable to prosecute suspect,
8035b1ef1dad57b5f90dce91d5e2911d6a9ea56c3dd13653d01ae4c670261c2f,2026-01,North Yorkshire Police,North Yorkshire Police,-1.063649,53.954421,On or near Milton Street,E01013363,York 019D,Violence and sexual offences,Under investigation,
57a169cdd303f1dcba2aa2b37342453db9fcd4c246429aa459aed664d6bfa8ed,2026-01,North Yorkshire Police,North Yorkshire Police,-1.067527,53.952753,On or near Daysfoot Court,E01013363,York 019D,Violence and sexual offences,Under investigation,
e0d467ed91fe746288ff686373c16b7e5dd265e71627c9ad0cf7f2de1da0881b,2026-01,North Yorkshire Police,North Yorkshire Police,-1.073541,53.953680,On or near Supermarket,E01013363,York 019D,Violence and sexual offences,Unable to prosecute suspect,
e78a27ce054437b7e8476bb255fc85b5623a86dc6fb6932c4d0186ecdda23222,2026-01,North Yorkshire Police,North Yorkshire Police,-1.060531,53.952815,On or near Kexby Avenue,E01013363,York 019D,Violence and sexual offences,Unable to prosecute suspect,
96b30a5883a1b15b838ba7fbcaeff47f16645602052d2dfd827e10a117b695bb,2026-01,North Yorkshire Police,North Yorkshire Police,-1.073541,53.953680,On or near Supermarket,E01013363,York 019D,Violence and sexual offences,Under investigation,
d50ca81e083ac2785931ccb61aeca852a4e83b6c604e9004c8038239b18571e4,2026-01,North Yorkshire Police,North Yorkshire Police,-1.067527,53.952753,On or near Daysfoot Court,E01013363,York 019D,Violence and sexual offences,Under investigation,
8035b1ef1dad57b5f90dce91d5e2911d6a9ea56c3dd13653d01ae4c670261c2f,2026-01,North Yorkshire Police,North Yorkshire Police,-1.063649,53.954421,On or near Milton Street,E01013363,York 019D,Violence and sexual offences,Under investigation,
57a169cdd303f1dcba2aa2b37342453db9fcd4c246429aa459aed664d6bfa8ed,2026-01,North Yorkshire Police,North Yorkshire Police,-1.067527,53.952753,On or near Daysfoot Court,E01013363,York 019D,Violence and sexual offences,Under investigation,
,2026-01,North Yorkshire Police,North Yorkshire Police,-1.072585,53.950742,On or near Cemetery Road,E01013364,York 019E,Anti-social behaviour,,
,2026-01,North Yorkshire Police,North Yorkshire Police,-1.075841,53.951639,On or near Fishergate,E01013364,York 019E,Anti-social behaviour,,
fa82254b538c1c5c52cf83ca6dd50b106e48736bef8f8a85e28381d7c12fe432,2026-01,North Yorkshire Police,North Yorkshire Police,-1.075841,53.951639,On or near Fishergate,E01013364,York 019E,Criminal damage and arson,Under investigation,
40f956fb6777d567b8f187be044062b4af4ef329a287164236bbc817367bd015,2026-01,North Yorkshire Police,North Yorkshire Police,-1.071696,53.951661,On or near Horsman Avenue,E01013364,York 019E,Criminal damage and arson,Unable to prosecute suspect,
2633537083da747dcd31d4f9c8cd4e17f989463f132c95aa23d34a25b06d5a30,2026-01,North Yorkshire Police,North Yorkshire Police,-1.071696,53.951661,On or near Horsman Avenue,E01013364,York 019E,Other theft,Under investigation,
76108c481219c95b9678ba5f4f448c477194060ca11f8ccfc3923b14074bf07e,2026-01,North Yorkshire Police,North Yorkshire Police,-1.070036,53.951631,On or near Apollo Street,E01013364,York 019E,Possession of weapons,Unable to prosecute suspect,
ec96b457243c2a75f917cebe8c60abd4353efce38d6fbce41402744a1abc4790,2026-01,North Yorkshire Police,North Yorkshire Police,-1.073340,53.952438,On or near Parking Area,E01013364,York 019E,Theft from the person,Under investigation,
a4dd1aaebc3a23ab71f6189fce206321414863dd1b6f04a1f215464ce6546990,2026-01,North Yorkshire Police,North Yorkshire Police,-1.075841,53.951639,On or near Fishergate,E01013364,York 019E,Violence and sexual offences,Under investigation,
439505036ee88729d41ce92f43739028260e846227c85274cfec6f1a76d81388,2026-01,North Yorkshire Police,North Yorkshire Police,-1.072830,53.951365,On or near St Ann'S Court,E01013364,York 019E,Violence and sexual offences,Under investigation,
439505036ee88729d41ce92f43739028260e846227c85274cfec6f1a76d81388,2026-01,North Yorkshire Police,North Yorkshire Police,-1.072830,53.951365,On or near St Ann'S Court,E01013364,York 019E,Violence and sexual offences,Under investigation,
afc38f97b481c83c3450f5efdfde4db9d971db4430aa3cbd244a981d59d343f2,2026-01,North Yorkshire Police,North Yorkshire Police,-1.072830,53.951365,On or near St Ann'S Court,E01013364,York 019E,Violence and sexual offences,Under investigation,
a3068c3f225e1fa6c30356621dd723a685bcf1f64a3af67a9d42c91e9910fb5d,2026-01,North Yorkshire Police,North Yorkshire Police,-1.069671,53.951565,On or near Apollo Court,E01013364,York 019E,Violence and sexual offences,Unable to prosecute suspect,
a2a593f6d35c6675ab6883d6a986e00ba8baf21bfba9db8bfc47792365e1a18d,2026-01,North Yorkshire Police,North Yorkshire Police,-1.069671,53.951565,On or near Apollo Court,E01013364,York 019E,Violence and sexual offences,Under investigation,
a4dd1aaebc3a23ab71f6189fce206321414863dd1b6f04a1f215464ce6546990,2026-01,North Yorkshire Police,North Yorkshire Police,-1.075841,53.951639,On or near Fishergate,E01013364,York 019E,Violence and sexual offences,Under investigation,
,2026-01,North Yorkshire Police,North Yorkshire Police,-1.082403,53.950521,On or near Anne Street,E01013418,York 019F,Anti-social behaviour,,
,2026-01,North Yorkshire Police,North Yorkshire Police,-1.081744,53.948497,On or near ,E01013418,York 019F,Anti-social behaviour,,
,2026-01,North Yorkshire Police,North Yorkshire Police,-1.085536,53.951480,On or near Parking Area,E01013418,York 019F,Anti-social behaviour,,
,2026-01,North Yorkshire Police,North Yorkshire Police,-1.082403,53.950521,On or near Anne Street,E01013418,York 019F,Anti-social behaviour,,
,2026-01,North Yorkshire Police,North Yorkshire Police,-1.084199,53.950625,On or near Charlton Street,E01013418,York 019F,Anti-social behaviour,,
,2026-01,North Yorkshire Police,North Yorkshire Police,-1.081744,53.948497,On or near ,E01013418,York 019F,Anti-social behaviour,,
ac431fde14bebe8e9dc0d6aa2a449d0631a8b2c2486aa5093d4e8489d65ee9f1,2026-01,North Yorkshire Police,North Yorkshire Police,-1.085536,53.951480,On or near Parking Area,E01013418,York 019F,Bicycle theft,Investigation complete; no suspect identified,
1ae532c355b9cab1e1dd5391fffe35d9ad64fc11fbee5af77931a2729a07a8ce,2026-01,North Yorkshire Police,North Yorkshire Police,-1.081744,53.948497,On or near ,E01013418,York 019F,Drugs,Local resolution,
fa2186f5938a7eb71fc2cb9ab21488a0051d2b8251b262d4e550463da9a9efc3,2026-01,North Yorkshire Police,North Yorkshire Police,-1.082403,53.950521,On or near Anne Street,E01013418,York 019F,Public order,Under investigation,
c4060edf724ed017d5a5b167d5f64f2c571ccb83262f5a74a32acda76bc760bb,2026-01,North Yorkshire Police,North Yorkshire Police,-1.083618,53.952103,On or near Darnborough Street,E01013418,York 019F,Public order,Unable to prosecute suspect,
5b85307c03d1271242c832a3963e3733e644f5454ef5c05d9ab012c5f7ea93db,2026-01,North Yorkshire Police,North Yorkshire Police,-1.082403,53.950521,On or near Anne Street,E01013418,York 019F,Violence and sexual offences,Unable to prosecute suspect,
08a36be502b2c29c9aa3ca6ad78293d04cfbb397d473252a9ba5c1e4caf96bc7,2026-01,North Yorkshire Police,North Yorkshire Police,-1.085536,53.951480,On or near Parking Area,E01013418,York 019F,Violence and sexual offences,Under investigation,
65fb16046c91092cb93310709e9c9163f0161ebf966a0dee55e56f6ab05061aa,2026-01,North Yorkshire Police,North Yorkshire Police,-1.084210,53.949412,On or near Bewlay Street,E01013418,York 019F,Violence and sexual offences,Investigation complete; no suspect identified,
dcc5d29cbe7179f688cddb924be2ccca9ec11012ba5613c2d88808346068b64f,2026-01,North Yorkshire Police,North Yorkshire Police,-1.084210,53.949412,On or near Bewlay Street,E01013418,York 019F,Violence and sexual offences,Under investigation,
8e1e8de84c596c639265fbf8e2c428f3c85e4214d9e289e1985ede7d59a486ae,2026-01,North Yorkshire Police,North Yorkshire Police,-0.979322,53.955397,On or near Hull Road,E01013351,York 020A,Drugs,Under investigation,
333d5702d497169debbd098dd142006361cb269d1eb95351d1eff179f2bf1fac,2026-01,North Yorkshire Police,North Yorkshire Police,-1.005166,53.959362,On or near Stamford Bridge Road,E01013351,York 020A,Violence and sexual offences,Unable to prosecute suspect,
4558cd873ee1d0e4ee176f39169f66f1ba599fe573f0f5be510f31658a593d7d,2026-01,North Yorkshire Police,North Yorkshire Police,-1.005166,53.959362,On or near Stamford Bridge Road,E01013351,York 020A,Violence and sexual offences,Unable to prosecute suspect,
e7c583d5f37c9a2dc23a28f4196499821c8d9c8067c32b29054d5f632dc34227,2026-01,North Yorkshire Police,North Yorkshire Police,-1.005166,53.959362,On or near Stamford Bridge Road,E01013351,York 020A,Violence and sexual offences,Unable to prosecute suspect,
f298c27732a5f80fea7c384f63880b2884fb9997efc53ac3b5e3f5cbef4a2748,2026-01,North Yorkshire Police,North Yorkshire Police,-0.973112,53.978669,On or near Hill Crest,E01013351,York 020A,Violence and sexual offences,Under investigation,
b7f1746d74e10918f25c8378f723b325abf174a8c5586075561750df71caeaec,2026-01,North Yorkshire Police,North Yorkshire Police,-1.005166,53.959362,On or near Stamford Bridge Road,E01013351,York 020A,Violence and sexual offences,Unable to prosecute suspect,
5f1ecad010a0fc0cafe9bb9b8ec7bd5187cbe84a8f5151194102393be0762d82,2026-01,North Yorkshire Police,North Yorkshire Police,-1.005166,53.959362,On or near Stamford Bridge Road,E01013351,York 020A,Violence and sexual offences,Unable to prosecute suspect,
6d1a583ec8284e0ba2d8eab7ff14af4f409ec5c69fbd21ce93653b42cb58b57f,2026-01,North Yorkshire Police,North Yorkshire Police,-1.005166,53.959362,On or near Stamford Bridge Road,E01013351,York 020A,Violence and sexual offences,Unable to prosecute suspect,
2a2141544b1454fe39f245e033e950960aef76501506108ed63ae2b495ca7d1f,2026-01,North Yorkshire Police,North Yorkshire Police,-0.979322,53.955397,On or near Hull Road,E01013351,York 020A,Violence and sexual offences,Under investigation,
,2026-01,North Yorkshire Police,North Yorkshire Police,-0.981354,53.962695,On or near Curlew Glebe,E01013352,York 020B,Anti-social behaviour,,
c0b50baae2ae699b510dbe7389eb5b6ab8014765124bea103cb06900976413d7,2026-01,North Yorkshire Police,North Yorkshire Police,-0.989413,53.961586,On or near Pit Lane,E01013352,York 020B,Other theft,Investigation complete; no suspect identified,
1685100b58fb7cda58e53d030c22e2555b5801eafc2f7fc1bf48be4741d472a7,2026-01,North Yorkshire Police,North Yorkshire Police,-0.980141,53.962415,On or near Hunters Wood Way,E01013352,York 020B,Violence and sexual offences,Unable to prosecute suspect,
2bbb25ccbde482ab97c3b6fd19fd4ced4212f1a4eb36fff5354d594665e49a01,2026-01,North Yorkshire Police,North Yorkshire Police,-0.937008,53.919761,On or near Belvoir Avenue,E01013451,York 020C,Violence and sexual offences,Under investigation,
2bbb25ccbde482ab97c3b6fd19fd4ced4212f1a4eb36fff5354d594665e49a01,2026-01,North Yorkshire Police,North Yorkshire Police,-0.937008,53.919761,On or near Belvoir Avenue,E01013451,York 020C,Violence and sexual offences,Unable to prosecute suspect,
,2026-01,North Yorkshire Police,North Yorkshire Police,-1.108273,53.932111,On or near Teachers Close,E01013357,York 021A,Anti-social behaviour,,
9a19834d8a8ae51e23e5b0f120b59f97e8c28586bd745fe75165e132a6ffed3f,2026-01,North Yorkshire Police,North Yorkshire Police,-1.104747,53.939590,On or near St Edward'S Close,E01013357,York 021A,Criminal damage and arson,Awaiting court outcome,
10c7e4cac93763f7bc3c824acf74a3733073525e7c9dc45077d0cc6c837362a5,2026-01,North Yorkshire Police,North Yorkshire Police,-1.104747,53.939590,On or near St Edward'S Close,E01013357,York 021A,Public order,Awaiting court outcome,
1859d2e0189de80272ceb4ffd5e35e8e7e86f215feb8b3caf59dbd88f1fcf41b,2026-01,North Yorkshire Police,North Yorkshire Police,-1.104747,53.939590,On or near St Edward'S Close,E01013357,York 021A,Public order,Awaiting court outcome,
dbe085265d1759b4b9de0d4c143c5efd01ac39048f1d814062c058a8b1188ed5,2026-01,North Yorkshire Police,North Yorkshire Police,-1.108434,53.933146,On or near Academy Drive,E01013357,York 021A,Violence and sexual offences,Under investigation,
,2026-01,North Yorkshire Police,North Yorkshire Police,-1.106167,53.942288,On or near Ainsty Grove,E01013358,York 021B,Anti-social behaviour,,
,2026-01,North Yorkshire Police,North Yorkshire Police,-1.113866,53.940592,On or near Eason Road,E01013358,York 021B,Anti-social behaviour,,
,2026-01,North Yorkshire Police,North Yorkshire Police,-1.106406,53.941067,On or near Petrol Station,E01013358,York 021B,Anti-social behaviour,,
,2026-01,North Yorkshire Police,North Yorkshire Police,-1.106406,53.941067,On or near Petrol Station,E01013358,York 021B,Anti-social behaviour,,
,2026-01,North Yorkshire Police,North Yorkshire Police,-1.112429,53.942262,On or near Meadow Court,E01013358,York 021B,Anti-social behaviour,,
,2026-01,North Yorkshire Police,North Yorkshire Police,-1.106167,53.942288,On or near Ainsty Grove,E01013358,York 021B,Anti-social behaviour,,
eb1b0f61adefd070a02f62326d072da7cf242870645c8ee9ab5073dd66d967df,2026-01,North Yorkshire Police,North Yorkshire Police,-1.106057,53.947410,On or near White House Dale,E01013358,York 021B,Criminal damage and arson,Investigation complete; no suspect identified,
f5a5f456f770a05225f7f43000efa0cde4b500459976e0982974d6ac683c0a2b,2026-01,North Yorkshire Police,North Yorkshire Police,-1.112429,53.942262,On or near Meadow Court,E01013358,York 021B,Violence and sexual offences,Awaiting court outcome,
3ce20a6019e1799f7a01046c4662b0cd4d13ee9de282d4f15211a19c5b04fe95,2026-01,North Yorkshire Police,North Yorkshire Police,-1.108103,53.941511,On or near Mayfield Grove,E01013358,York 021B,Other crime,Under investigation,
,2026-01,North Yorkshire Police,North Yorkshire Police,-1.093194,53.944051,On or near Curzon Terrace,E01013412,York 021C,Anti-social behaviour,,
,2026-01,North Yorkshire Police,North Yorkshire Police,-1.091705,53.945999,On or near Ruby Street,E01013412,York 021C,Anti-social behaviour,,
,2026-01,North Yorkshire Police,North Yorkshire Police,-1.094366,53.944833,On or near Knavesmire Crescent,E01013412,York 021C,Anti-social behaviour,,
5437e7ce76856994c2690ad8bb99270d6fcbc658c509008114ea8a3989520c85,2026-01,North Yorkshire Police,North Yorkshire Police,-1.089812,53.942659,On or near Clock Tower Way,E01013412,York 021C,Robbery,Under investigation,
469067014de586706bad74bd58fe4f5e5ccfec9cf97879aa8f2dd0df4dfc1749,2026-01,North Yorkshire Police,North Yorkshire Police,-1.093374,53.947692,On or near Philadelphia Terrace,E01013412,York 021C,Vehicle crime,Investigation complete; no suspect identified,
7a716751bb334d0e4944a7acc64ee270f53336b3a09fa9e2a89d2f64a86f6d0a,2026-01,North Yorkshire Police,North Yorkshire Police,-1.093194,53.944051,On or near Curzon Terrace,E01013412,York 021C,Violence and sexual offences,Unable to prosecute suspect,
0d545f324d926aa80eb7541b7b74841f070f8d9f2800b6512d80b18c3727872a,2026-01,North Yorkshire Police,North Yorkshire Police,-1.092573,53.948118,On or near Coggan Close,E01013412,York 021C,Violence and sexual offences,Investigation complete; no suspect identified,
,2026-01,North Yorkshire Police,North Yorkshire Police,-1.088755,53.942202,On or near Banks Drive,E01013414,York 021D,Anti-social behaviour,,
,2026-01,North Yorkshire Police,North Yorkshire Police,-1.082553,53.945119,On or near ,E01013414,York 021D,Anti-social behaviour,,
c826154880178bb222022f3007a7c90657c9bf63675287f2c746aca7879bb132,2026-01,North Yorkshire Police,North Yorkshire Police,-1.088755,53.942202,On or near Banks Drive,E01013414,York 021D,Drugs,Further investigation is not in the public interest,
6274374933fdf36d5484fc86b4052d9c8f1d3ceac59727b127485ded4860ded3,2026-01,North Yorkshire Police,North Yorkshire Police,-1.084778,53.947807,On or near St Clement'S Grove,E01013414,York 021D,Vehicle crime,Investigation complete; no suspect identified,
12fdd67c2c59f33b57724142481e9ceb008c80d1c483580be9f818ec11e516b1,2026-01,North Yorkshire Police,North Yorkshire Police,-1.088755,53.942202,On or near Banks Drive,E01013414,York 021D,Violence and sexual offences,Awaiting court outcome,
5b0eb1f32e93f2dd29a50de8f9814586d60199aa61d1bab1fb5b835f76a385e4,2026-01,North Yorkshire Police,North Yorkshire Police,-1.088755,53.942202,On or near Banks Drive,E01013414,York 021D,Violence and sexual offences,Awaiting court outcome,
019a9336d68ccb29bffebd8c5620c17f01ac1162c5418989065348000480a506,2026-01,North Yorkshire Police,North Yorkshire Police,-1.087534,53.942336,On or near Joseph Terry Grove,E01013414,York 021D,Violence and sexual offences,Unable to prosecute suspect,
fde460ea44586601327f17521e2e5b27fce36cda14e09891a3c97a2d6a88b545,2026-01,North Yorkshire Police,North Yorkshire Police,-1.082553,53.945119,On or near ,E01013414,York 021D,Violence and sexual offences,Further investigation is not in the public interest,
d6cc9bf4145bdf43e8401c82c6bd156824c91b5a4d21460a3c83ad15e93c7962,2026-01,North Yorkshire Police,North Yorkshire Police,-1.111820,53.941512,On or near Moor Grove,E01013353,York 022A,Other theft,Investigation complete; no suspect identified,
00e7d942b005ef18fd0a682415d61428517873fca858f16a6121de7e3a72e041,2026-01,North Yorkshire Police,North Yorkshire Police,-1.115833,53.939033,On or near Don Avenue,E01013353,York 022A,Violence and sexual offences,Further investigation is not in the public interest,
,2026-01,North Yorkshire Police,North Yorkshire Police,-1.133584,53.930750,On or near Bog Lane,E01013354,York 022B,Anti-social behaviour,,
,2026-01,North Yorkshire Police,North Yorkshire Police,-1.120915,53.933561,On or near Chapmans Court,E01013355,York 022C,Anti-social behaviour,,
,2026-01,North Yorkshire Police,North Yorkshire Police,-1.110697,53.933423,On or near College Court,E01013355,York 022C,Anti-social behaviour,,
,2026-01,North Yorkshire Police,North Yorkshire Police,-1.115953,53.931172,On or near ,E01013355,York 022C,Anti-social behaviour,,
,2026-01,North Yorkshire Police,North Yorkshire Police,-1.112590,53.931792,On or near The Square,E01013355,York 022C,Anti-social behaviour,,
5d02cbc056190798c5cc69e45b5602ed0091a16e5f74749bbbf5e491f082f803,2026-01,North Yorkshire Police,North Yorkshire Police,-1.117720,53.928743,On or near ,E01013355,York 022C,Criminal damage and arson,Under investigation,
0791cd42e8c18ce27d549589d100aa7bd88e876f84042e900a5cfb4979f8fc01,2026-01,North Yorkshire Police,North Yorkshire Police,-1.121478,53.935012,On or near Bramble Dene,E01013355,York 022C,Other theft,Under investigation,
af226737ad927260682d9748203771f2c46f94bd2df23afe7df2781621af1c0e,2026-01,North Yorkshire Police,North Yorkshire Police,-1.112869,53.930868,On or near The Grove,E01013355,York 022C,Violence and sexual offences,Under investigation,
b70504030098886a51343fb1839ac9ef01fda79e8a9c45dfa1823b3d561ffe11,2026-01,North Yorkshire Police,North Yorkshire Police,-1.109950,53.932734,On or near Principal Rise,E01013355,York 022C,Violence and sexual offences,Unable to prosecute suspect,
ed427c94bacc01d90808d9e6e445bb13609200d479e0f3d665da6e6141d680da,2026-01,North Yorkshire Police,North Yorkshire Police,-1.121478,53.935012,On or near Bramble Dene,E01013355,York 022C,Other crime,Under investigation,
,2026-01,North Yorkshire Police,North Yorkshire Police,-1.124996,53.936210,On or near Sports/Recreation Area,E01013356,York 022D,Anti-social behaviour,,
cc539fc7652b3a0d1eb733c9d3d147f520456333e624610925a2f71c5b9a5816,2026-01,North Yorkshire Police,North Yorkshire Police,-1.124340,53.940920,On or near Sandmartin Court,E01013356,York 022D,Burglary,Investigation complete; no suspect identified,
4fa87408cf3b7c85ac7b665fcd329f31e52deedf178c6e14f79957a989b4dc37,2026-01,North Yorkshire Police,North Yorkshire Police,-1.123872,53.937061,On or near Silverdale Court,E01013356,York 022D,Shoplifting,Investigation complete; no suspect identified,
684b3b14517a4e69ac97ff8f8f87d7e6a4e848afc411f1935526bd8344d77d64,2026-01,North Yorkshire Police,North Yorkshire Police,-1.123872,53.937061,On or near Silverdale Court,E01013356,York 022D,Shoplifting,Investigation complete; no suspect identified,
,2026-01,North Yorkshire Police,North Yorkshire Police,-1.121864,53.941316,On or near Highmoor Close,E01013359,York 022E,Anti-social behaviour,,
c1f5c0cd8293facdc5405ab87b53543676ef1804c797e3865a8436088b4ea8b1,2026-01,North Yorkshire Police,North Yorkshire Police,-1.122010,53.941595,On or near Highmoor Road,E01013359,York 022E,Other theft,Unable to prosecute suspect,
d25ba26f577a6a5b58f4b026ab4b2831b6e1e5eb3a0e20061b0b6a580f55298b,2026-01,North Yorkshire Police,North Yorkshire Police,-1.122010,53.941595,On or near Highmoor Road,E01013359,York 022E,Violence and sexual offences,Under investigation,
,2026-01,North Yorkshire Police,North Yorkshire Police,-1.134650,53.944788,On or near Salmond Road,E01013449,York 022F,Anti-social behaviour,,
,2026-01,North Yorkshire Police,North Yorkshire Police,-1.134650,53.944788,On or near Salmond Road,E01013449,York 022F,Anti-social behaviour,,
f8a9605651627327ccbdb8199c36222be78e023e9394f98b0b6df78da9ec4e7c,2026-01,North Yorkshire Police,North Yorkshire Police,-1.138885,53.943299,On or near Forester'S Walk,E01013449,York 022F,Burglary,Under investigation,
5682c4182cc766ccee9a9b3969e2d4c65b131304349deb4a806da947586e1b06,2026-01,North Yorkshire Police,North Yorkshire Police,-1.134650,53.944788,On or near Salmond Road,E01013449,York 022F,Criminal damage and arson,Investigation complete; no suspect identified,
c9693fdb46c614eb74aff84b1ffa35b19cdee980eb3fd402eeba6c3dff53a633,2026-01,North Yorkshire Police,North Yorkshire Police,-1.134698,53.938748,On or near Pheasant Drive,E01013449,York 022F,Shoplifting,Awaiting court outcome,
125a29678a554689dcc4ad4944b28b880f0a500c2b25c6112092c33d1e081752,2026-01,North Yorkshire Police,North Yorkshire Police,-1.134698,53.938748,On or near Pheasant Drive,E01013449,York 022F,Shoplifting,Under investigation,
98b09eed513471e4f0b49ba8a845b4c623c7ead317e391ef186892957cfe7488,2026-01,North Yorkshire Police,North Yorkshire Police,-1.132276,53.939477,On or near Greenwood Grove,E01013449,York 022F,Violence and sexual offences,Further investigation is not in the public interest,
23853c320ec1b17398edd3b9072a240cdba0495c14bcd40dccee180556f21ec2,2026-01,North Yorkshire Police,North Yorkshire Police,-1.131206,53.938921,On or near Spindle Close,E01013449,York 022F,Violence and sexual offences,Under investigation,
,2026-01,North Yorkshire Police,North Yorkshire Police,-1.041655,53.944631,On or near Bateson Close,E01013378,York 023B,Anti-social behaviour,,
,2026-01,North Yorkshire Police,North Yorkshire Police,-1.032378,53.953796,On or near Canham Grove,E01013378,York 023B,Anti-social behaviour,,
,2026-01,North Yorkshire Police,North Yorkshire Police,-1.052454,53.948815,On or near University Road,E01013378,York 023B,Anti-social behaviour,,
,2026-01,North Yorkshire Police,North Yorkshire Police,-1.051019,53.948902,On or near Morrell Way,E01013378,York 023B,Anti-social behaviour,,
14d11b50bffd6580684e39271e20e07a44ac81f324ed972f05324de8a2cae435,2026-01,North Yorkshire Police,North Yorkshire Police,-1.046834,53.948707,On or near Innovation Way,E01013378,York 023B,Burglary,Investigation complete; no suspect identified,
40f189c27cd084bfac96b2d42a4317e37f200e0a50906d87b2cf29c6e1aabd79,2026-01,North Yorkshire Police,North Yorkshire Police,-1.028468,53.948911,On or near Further/Higher Educational Building,E01013378,York 023B,Drugs,Unable to prosecute suspect,
835468c81cfff9258d0c8f39639d185cd6d1ead14431d9d5c43af96c78d5de95,2026-01,North Yorkshire Police,North Yorkshire Police,-1.032378,53.953796,On or near Canham Grove,E01013378,York 023B,Drugs,Under investigation,
3e5da6861bc984e5bf7bb8574f1a9e86572bee858b61d48130674dafdc45f5b1,2026-01,North Yorkshire Police,North Yorkshire Police,-1.048285,53.941861,On or near West Moor Lane,E01013378,York 023B,Other theft,Unable to prosecute suspect,
520156f050fc232ad719e0e3d01943d7d1212498d91d3f28cecf0120594c4935,2026-01,North Yorkshire Police,North Yorkshire Police,-1.052199,53.946611,On or near Park/Open Space,E01013378,York 023B,Public order,Investigation complete; no suspect identified,
86eda69c3ece6a4ed9bc6e05c9d450e2947234e0988f42e26c608624b049e1d8,2026-01,North Yorkshire Police,North Yorkshire Police,-1.054140,53.947696,On or near Further/Higher Educational Building,E01013378,York 023B,Shoplifting,Under investigation,
f19df054331deefe208c0c4dd5e88a0d4768a6141193019e5efdd5994c8e9787,2026-01,North Yorkshire Police,North Yorkshire Police,-1.051190,53.944068,On or near Barn Grove,E01013378,York 023B,Violence and sexual offences,Under investigation,
69d60c061b9446eb4da414aa33030e24e7a38e8c0c49be05d771a636576b5c14,2026-01,North Yorkshire Police,North Yorkshire Police,-1.052454,53.948815,On or near University Road,E01013378,York 023B,Violence and sexual offences,Unable to prosecute suspect,
efe2ffc7bef25ffffe399c845fbe8647ba1f682133cb89f988f59374693983d1,2026-01,North Yorkshire Police,North Yorkshire Police,-1.052454,53.948815,On or near University Road,E01013378,York 023B,Violence and sexual offences,Unable to prosecute suspect,
,2026-01,North Yorkshire Police,North Yorkshire Police,-0.974342,53.895008,On or near Derwent Drive,E01013450,York 023C,Anti-social behaviour,,
b693f64b038b3b0aecd3284338a5f4e9771d6bbb14ae52b83e1c5921d447fc3a,2026-01,North Yorkshire Police,North Yorkshire Police,-1.088251,53.903819,On or near Naburn Park Mews,E01013450,York 023C,Public order,Unable to prosecute suspect,
55de17dda343e37046a41a5204a909e01bb125409ec640b78576034984ef448e,2026-01,North Yorkshire Police,North Yorkshire Police,-0.968989,53.894863,On or near Main Street,E01013450,York 023C,Violence and sexual offences,Unable to prosecute suspect,
,2026-01,North Yorkshire Police,North Yorkshire Police,-1.065065,53.933364,On or near Harden Way,E01034761,York 023D,Anti-social behaviour,,
23c984e232e0551ca02a089fab1bf340fd03ee04cecfd35c589c3f121f4fc054,2026-01,North Yorkshire Police,North Yorkshire Police,-1.065065,53.933364,On or near Harden Way,E01034761,York 023D,Criminal damage and arson,Investigation complete; no suspect identified,
78bb5e6584a805426602622207c235d15ebbbe6498809d3615e4481c56d24153,2026-01,North Yorkshire Police,North Yorkshire Police,-1.064969,53.928123,On or near Fordlands Road,E01034761,York 023D,Drugs,Local resolution,
673c300fa2f441b033436defdf8b26361d877eaeeeabbb88416653bd9efe7f9b,2026-01,North Yorkshire Police,North Yorkshire Police,-1.062119,53.934797,On or near ,E01034761,York 023D,Vehicle crime,Investigation complete; no suspect identified,
8ad83ab0f2f18c548024ec4007728f761ae977c0ae1d58bd331c5b21fb55539e,2026-01,North Yorkshire Police,North Yorkshire Police,-1.066965,53.932840,On or near Thornton Road,E01034761,York 023D,Violence and sexual offences,Unable to prosecute suspect,
0dec6480a12df3a66010e26b5fda02ee2231b346cc20518b9107ff401bdfe6b6,2026-01,North Yorkshire Police,North Yorkshire Police,-1.062119,53.934797,On or near ,E01034761,York 023D,Violence and sexual offences,Under investigation,
844bc7c3c6cc71531f6044056bae160a27322962051b57e2b41ddce685ca80f3,2026-01,North Yorkshire Police,North Yorkshire Police,-1.062119,53.934797,On or near ,E01034761,York 023D,Violence and sexual offences,Unable to prosecute suspect,
3a3c7df19d7bdce81801822779d569d3c5e229e755fc5ddcf2c911f07e79223a,2026-01,North Yorkshire Police,North Yorkshire Police,-1.066965,53.932840,On or near Thornton Road,E01034761,York 023D,Violence and sexual offences,Unable to prosecute suspect,
bacee28d0627c62eb677d71f188ac254c8eeb21259eb467e9a8686bee6459dce,2026-01,North Yorkshire Police,North Yorkshire Police,-1.066965,53.932840,On or near Thornton Road,E01034761,York 023D,Violence and sexual offences,Action to be taken by another organisation,
,2026-01,North Yorkshire Police,North Yorkshire Police,-1.070486,53.933415,On or near Glen Close,E01034762,York 023E,Anti-social behaviour,,
,2026-01,North Yorkshire Police,North Yorkshire Police,-1.068429,53.929346,On or near Fordlands Crescent,E01034762,York 023E,Anti-social behaviour,,
,2026-01,North Yorkshire Police,North Yorkshire Police,-1.070236,53.933027,On or near Maple Court,E01034762,York 023E,Anti-social behaviour,,
2cba3ff0d5f76d38bd253ae30ee9ea94b8f1025c93c286833fb34769657a0ede,2026-01,North Yorkshire Police,North Yorkshire Police,-1.072642,53.935796,On or near Elliot Court,E01034762,York 023E,Burglary,Awaiting court outcome,
8576e0aaa549a8e2f488bdf53920571bdef707940e7b197324d2d35d11034f18,2026-01,North Yorkshire Police,North Yorkshire Police,-1.077481,53.922228,On or near Shopping Mall,E01034762,York 023E,Burglary,Under investigation,
c34f7c0897ba2d66a722b9ed3eb118717fe06526bdc048e968cd12c6eec92487,2026-01,North Yorkshire Police,North Yorkshire Police,-1.077481,53.922228,On or near Shopping Mall,E01034762,York 023E,Criminal damage and arson,Investigation complete; no suspect identified,
c3ed7b122c3b85f0a7f6121600b5260d78a2e171b12260b3196cdbd843bed180,2026-01,North Yorkshire Police,North Yorkshire Police,-1.077481,53.922228,On or near Shopping Mall,E01034762,York 023E,Shoplifting,Unable to prosecute suspect,
614ece47698ce9e3f0295c135b09c30babd885dda328b9d67e598f3f2fbf5572,2026-01,North Yorkshire Police,North Yorkshire Police,-1.077481,53.922228,On or near Shopping Mall,E01034762,York 023E,Shoplifting,Unable to prosecute suspect,
6c5c6c16fa51b34704e36a2c069d89ed1172489bc7fde0d7260929b4db7c9247,2026-01,North Yorkshire Police,North Yorkshire Police,-1.077481,53.922228,On or near Shopping Mall,E01034762,York 023E,Shoplifting,Local resolution,
032ec15f944faa59d5712b26a39d479d50969c9d049cc5417865462d1176c8e8,2026-01,North Yorkshire Police,North Yorkshire Police,-1.077481,53.922228,On or near Shopping Mall,E01034762,York 023E,Shoplifting,Under investigation,
5ac4e03cc5f1eabfe7ec038e1f1d4cd9d2c9ab8b29d2fee233ffb76608975d6e,2026-01,North Yorkshire Police,North Yorkshire Police,-1.077481,53.922228,On or near Shopping Mall,E01034762,York 023E,Shoplifting,Investigation complete; no suspect identified,
5ced6e7053bee517d9ba89ec67a09277004d7073402820d0b103d1b223764856,2026-01,North Yorkshire Police,North Yorkshire Police,-1.077481,53.922228,On or near Shopping Mall,E01034762,York 023E,Shoplifting,Local resolution,
98508326d97043b1077be7d8ad66a6add5ed48ecdf7feeabe31756b9b11876e9,2026-01,North Yorkshire Police,North Yorkshire Police,-1.077481,53.922228,On or near Shopping Mall,E01034762,York 023E,Shoplifting,Unable to prosecute suspect,
19bddd78de0e0c194e1733945936d847faff717d54ab2bd0b1c2104d3d03711e,2026-01,North Yorkshire Police,North Yorkshire Police,-1.077481,53.922228,On or near Shopping Mall,E01034762,York 023E,Shoplifting,Unable to prosecute suspect,
8f8d2a7909c9377c7fa35526c6fbc8e588f40b03e503345195771ca6c55b4f70,2026-01,North Yorkshire Police,North Yorkshire Police,-1.077481,53.922228,On or near Shopping Mall,E01034762,York 023E,Shoplifting,Local resolution,
bb23653e5eb40cac26dea8941f201fba367fc6fa99866bbbfd728c6f02bb259a,2026-01,North Yorkshire Police,North Yorkshire Police,-1.077481,53.922228,On or near Shopping Mall,E01034762,York 023E,Shoplifting,Local resolution,
a03efec232a1138f7398bf02ffb97074101a7a9998cdbe532f9ed1f66ad5f12c,2026-01,North Yorkshire Police,North Yorkshire Police,-1.077481,53.922228,On or near Shopping Mall,E01034762,York 023E,Shoplifting,Unable to prosecute suspect,
35777cb735682d276268168f25d82e3a71ddd3a3313bb058805e06bb5ffdc85a,2026-01,North Yorkshire Police,North Yorkshire Police,-1.077481,53.922228,On or near Shopping Mall,E01034762,York 023E,Shoplifting,Under investigation,
9283581e2e4c65a058283d4d82956a3f8468315363c9efcabb52cd90b0be2bf8,2026-01,North Yorkshire Police,North Yorkshire Police,-1.077481,53.922228,On or near Shopping Mall,E01034762,York 023E,Shoplifting,Investigation complete; no suspect identified,
a0e58a0500fac5a29271a5f8421bc4ab4dec07948154ef4c1370037ace7be8c3,2026-01,North Yorkshire Police,North Yorkshire Police,-1.077481,53.922228,On or near Shopping Mall,E01034762,York 023E,Shoplifting,Unable to prosecute suspect,
eeedf4e9136b6959cbc7416ffd35cfca878d5b89ce43fa5f176ea011e160b1ee,2026-01,North Yorkshire Police,North Yorkshire Police,-1.077481,53.922228,On or near Shopping Mall,E01034762,York 023E,Shoplifting,Investigation complete; no suspect identified,
6e159e4f517849662ce1fcf9102df0dc9da61b43dae46adbc08e14a59da76922,2026-01,North Yorkshire Police,North Yorkshire Police,-1.077481,53.922228,On or near Shopping Mall,E01034762,York 023E,Shoplifting,Under investigation,
95e159d016ec880a789b5775792295cccc439bacb0bc65882068649d32ff7903,2026-01,North Yorkshire Police,North Yorkshire Police,-1.077481,53.922228,On or near Shopping Mall,E01034762,York 023E,Shoplifting,Under investigation,
970aa446b97075e24baa0768efdbc495d59eb15f92d18909f2a31f0d20954065,2026-01,North Yorkshire Police,North Yorkshire Police,-1.077481,53.922228,On or near Shopping Mall,E01034762,York 023E,Shoplifting,Under investigation,
39d9664e9a225b67351ade640a3bbd7b3e5a822aec4d8a170076a4fbfaec7c19,2026-01,North Yorkshire Police,North Yorkshire Police,-1.077481,53.922228,On or near Shopping Mall,E01034762,York 023E,Shoplifting,Under investigation,
026c7faabd60ff62e6c2e988b44a32f873410a8215b34ba001b0534c727b81df,2026-01,North Yorkshire Police,North Yorkshire Police,-1.077481,53.922228,On or near Shopping Mall,E01034762,York 023E,Shoplifting,Local resolution,
4d1f30113de85076b57cb647bff81be195c95d13f39d1c89c3f6d81fd6d8c1d2,2026-01,North Yorkshire Police,North Yorkshire Police,-1.077481,53.922228,On or near Shopping Mall,E01034762,York 023E,Shoplifting,Investigation complete; no suspect identified,
b318a2b7e80bd1973b956d50f43133f6b71a0ea8f03234297e968c12e2ffbeff,2026-01,North Yorkshire Police,North Yorkshire Police,-1.077481,53.922228,On or near Shopping Mall,E01034762,York 023E,Shoplifting,Unable to prosecute suspect,
9c78026bd2618ca1835fca26f261f9a53ee7e769884fbdf9578d248a4936e24b,2026-01,North Yorkshire Police,North Yorkshire Police,-1.077481,53.922228,On or near Shopping Mall,E01034762,York 023E,Shoplifting,Under investigation,
10b0de66218c3c34762f550a5fd781bd74022f983f64833bc1bd118b9d380cb8,2026-01,North Yorkshire Police,North Yorkshire Police,-1.077481,53.922228,On or near Shopping Mall,E01034762,York 023E,Shoplifting,Local resolution,
72867f01c5ce68959199788b80afeb862fcc9c72e4b01d36739aa9f4a25bf214,2026-01,North Yorkshire Police,North Yorkshire Police,-1.077481,53.922228,On or near Shopping Mall,E01034762,York 023E,Shoplifting,Local resolution,
5209d46162bd4e0dd49cd8ddbadcab26761efd9ae990ccdd0216be94f44644e3,2026-01,North Yorkshire Police,North Yorkshire Police,-1.077481,53.922228,On or near Shopping Mall,E01034762,York 023E,Shoplifting,Unable to prosecute suspect,
ca69397fbae61f4b9af77a780b1a16555ac7f072beb9dc14fb6ae1767948eb1e,2026-01,North Yorkshire Police,North Yorkshire Police,-1.068429,53.929346,On or near Fordlands Crescent,E01034762,York 023E,Violence and sexual offences,Unable to prosecute suspect,
f4abb181d0177a50d49053bdb6def1d242ef9e57d977b649578eb7e5c82c7730,2026-01,North Yorkshire Police,North Yorkshire Police,-1.072642,53.935796,On or near Elliot Court,E01034762,York 023E,Violence and sexual offences,Awaiting court outcome,
40106f8501d4a2a6efc026d534227f88b95f91965c4e5a1ac730249f7348a718,2026-01,North Yorkshire Police,North Yorkshire Police,-1.077481,53.922228,On or near Shopping Mall,E01034762,York 023E,Violence and sexual offences,Unable to prosecute suspect,
f0b3607561e63cb5db56f4094accf3f06e5376877b23d3108e798001547e3e5c,2026-01,North Yorkshire Police,North Yorkshire Police,-1.077481,53.922228,On or near Shopping Mall,E01034762,York 023E,Violence and sexual offences,Investigation complete; no suspect identified,
7bce2a9beab663bbfd8f77c402602e640ff3b2342e804ff6f5ab400a99b72f56,2026-01,North Yorkshire Police,North Yorkshire Police,-1.072642,53.935796,On or near Elliot Court,E01034762,York 023E,Violence and sexual offences,Awaiting court outcome,
017e4f4b2fda974b91b6c3ca9c6d94dbd597aa069bd270e62b67d49567dfe427,2026-01,North Yorkshire Police,North Yorkshire Police,-1.074069,53.939796,On or near ,E01034762,York 023E,Violence and sexual offences,Under investigation,
3afdd576d8aa9ce8c909a9e76c1326f7b2b7c6f43576513a9a87d137fedaef01,2026-01,North Yorkshire Police,North Yorkshire Police,-1.096675,53.921722,On or near Supermarket,E01013340,York 024A,Criminal damage and arson,Investigation complete; no suspect identified,
38c1cd7b56bcce7c86ec8b7560173b3cf028a6ae48d79ddbe5dfa2411d0f75e4,2026-01,North Yorkshire Police,North Yorkshire Police,-1.104359,53.922860,On or near Lang Road,E01013340,York 024A,Violence and sexual offences,Unable to prosecute suspect,
,2026-01,North Yorkshire Police,North Yorkshire Police,-1.097780,53.918622,On or near Vernon Close,E01013341,York 024B,Anti-social behaviour,,
,2026-01,North Yorkshire Police,North Yorkshire Police,-1.097780,53.918622,On or near Vernon Close,E01013341,York 024B,Anti-social behaviour,,
c4be0a27cb4996cc8b6f0ba206733e5d16c63e26d7b79ffc893f62f94238f743,2026-01,North Yorkshire Police,North Yorkshire Police,-1.097780,53.918622,On or near Vernon Close,E01013341,York 024B,Violence and sexual offences,Under investigation,
5bfbccd7cc89137b84f4a531abd28c84c7c9d9d305a6b150c1c122f12bc566f7,2026-01,North Yorkshire Police,North Yorkshire Police,-1.142279,53.910068,On or near Leadley Croft,E01013424,York 024E,Possession of weapons,Awaiting court outcome,
4d9ddb9e6bf3d342f69cbb9d4d1efa372f445fa713795a70f9079468f09cae27,2026-01,North Yorkshire Police,North Yorkshire Police,-1.142279,53.910068,On or near Leadley Croft,E01013424,York 024E,Violence and sexual offences,Unable to prosecute suspect,
de687852b97bb5b29dd1eb596901422ef01e53d22a910d11d16738495e1d9bb3,2026-01,North Yorkshire Police,North Yorkshire Police,-1.142279,53.910068,On or near Leadley Croft,E01013424,York 024E,Violence and sexual offences,Unable to prosecute suspect,
,2026-01,North Yorkshire Police,North Yorkshire Police,,,No Location,,,Anti-social behaviour,,
,2026-01,North Yorkshire Police,North Yorkshire Police,,,No Location,,,Anti-social behaviour,,
,2026-01,North Yorkshire Police,North Yorkshire Police,,,No Location,,,Anti-social behaviour,,
,2026-01,North Yorkshire Police,North Yorkshire Police,,,No Location,,,Anti-social behaviour,,
,2026-01,North Yorkshire Police,North Yorkshire Police,,,No Location,,,Anti-social behaviour,,
,2026-01,North Yorkshire Police,North Yorkshire Police,,,No Location,,,Anti-social behaviour,,
,2026-01,North Yorkshire Police,North Yorkshire Police,,,No Location,,,Anti-social behaviour,,
,2026-01,North Yorkshire Police,North Yorkshire Police,,,No Location,,,Anti-social behaviour,,
,2026-01,North Yorkshire Police,North Yorkshire Police,,,No Location,,,Anti-social behaviour,,
,2026-01,North Yorkshire Police,North Yorkshire Police,,,No Location,,,Anti-social behaviour,,
,2026-01,North Yorkshire Police,North Yorkshire Police,,,No Location,,,Anti-social behaviour,,
7608e731d9e590cf23592d23818f68ca1111094c3a9017d7b38eb551582f3616,2026-01,North Yorkshire Police,North Yorkshire Police,,,No Location,,,Criminal damage and arson,Awaiting court outcome,
7aa9598670479ae45766d5eaae99e2047a802689bd76a4424dff5205457f8763,2026-01,North Yorkshire Police,North Yorkshire Police,,,No Location,,,Criminal damage and arson,Under investigation,
7b618cf895a43c87eda95ae0761646ddd975de32604160ef215c68ae343394b3,2026-01,North Yorkshire Police,North Yorkshire Police,,,No Location,,,Drugs,Awaiting court outcome,
8bf81b6cfe4eab725331c3d994d714d9f6720efe6c3f4214817b34fb40999f3d,2026-01,North Yorkshire Police,North Yorkshire Police,,,No Location,,,Drugs,Awaiting court outcome,
2a89375cc667651bba067060892fd3fb8b4ec0f8cc8c3ed0ff55adef275624d1,2026-01,North Yorkshire Police,North Yorkshire Police,,,No Location,,,Drugs,Investigation complete; no suspect identified,
ee4181f9303b7f878f75bd4989b3ba17654efa676372bcf808c9071e49c026c1,2026-01,North Yorkshire Police,North Yorkshire Police,,,No Location,,,Other theft,Investigation complete; no suspect identified,
9b36cf0ab23bcec992833c53a5b7f6ca1e160c1e9ef8823c9c49c9b0add1b983,2026-01,North Yorkshire Police,North Yorkshire Police,,,No Location,,,Other theft,Under investigation,
f2cd9258433ee3167334e195725c18f187f58f1562a82994fae6014c97b4f927,2026-01,North Yorkshire Police,North Yorkshire Police,,,No Location,,,Other theft,Unable to prosecute suspect,
bd2a26180a0f54670b4902ad1f181165ee057a1d772066cfdf220d7a74295ffc,2026-01,North Yorkshire Police,North Yorkshire Police,,,No Location,,,Possession of weapons,Awaiting court outcome,
0bf9620cfec4b344c0a3481232b85dc3244025fb088a52c6a6c510287a7ab748,2026-01,North Yorkshire Police,North Yorkshire Police,,,No Location,,,Public order,Unable to prosecute suspect,
b14489b0e87e3539257a6d012dcdd1fa7d377597d49a6354f3c24123d44275b1,2026-01,North Yorkshire Police,North Yorkshire Police,,,No Location,,,Public order,Under investigation,
056466f847aadbbe9ba49a144b6a3a8b18f523fc316ef412056a23558c0b3fc1,2026-01,North Yorkshire Police,North Yorkshire Police,,,No Location,,,Violence and sexual offences,Under investigation,
5a59d83b89f46640879936a3df55d6744f7d043be96fb178eb77092342a0305a,2026-01,North Yorkshire Police,North Yorkshire Police,,,No Location,,,Violence and sexual offences,Unable to prosecute suspect,
f01f15cbefc2be89e135ece6b5c36a692c55664dd7f87d30f27ae885949faf9e,2026-01,North Yorkshire Police,North Yorkshire Police,,,No Location,,,Violence and sexual offences,Unable to prosecute suspect,
58b25e59c496d1bdf486a8c91589598ff527d2cf7df184785904e43f9522471e,2026-01,North Yorkshire Police,North Yorkshire Police,,,No Location,,,Violence and sexual offences,Unable to prosecute suspect,
7c47e4dd8d98c2c9962f38ff59f5a45388db6155711ae0e406138f65c527c627,2026-01,North Yorkshire Police,North Yorkshire Police,,,No Location,,,Violence and sexual offences,Further investigation is not in the public interest,
